msoa11cd,cumulative_newbuilds_per_1000,log_price_growth
E02000056,14.454277286135692,0.15164880623816757
E02000080,28.363047001620743,0.18206016125386704
E02000090,42.90762241292277,0.15833865945451286
E02000159,25.463805020007275,0.22124724163588994
E02000163,14.322916666666668,0.22648766063935355
E02000185,55.3580497714576,-0.13425466830256738
E02000232,48.19277108433735,0.21124352140268599
E02000233,32.20409870347135,0.11803560260937296
E02000243,151.89048239895698,0.01484223889107028
E02000259,25.405168637757335,0.07191375106133613
E02000285,32.035685320356855,0.06032798237065151
E02000301,3.568697425439715,0.06501023085851543
E02000372,419.43385955362004,0.1233414058391169
E02000385,6.464124111182935,0.0003960060018375344
E02000390,29.401346085724406,0.04012102097559378
E02000394,413.96789636722053,-0.07903515091323676
E02000425,11.342155009451794,0.33418076987812917
E02000431,19.47015639961698,-0.047155238115580644
E02000433,55.60592323964944,0.0005327636236902578
E02000442,3.1595576619273302,0.08337049776621086
E02000452,280.68443566962816,0.07437202898344708
E02000455,498.7900786448881,0.055276255411040864
E02000464,11.551790527531768,0.3034022625146964
E02000478,24.58256029684601,0.2477193048630113
E02000516,5.426917510853835,0.228148691749821
E02000579,8.47246449040618,0.11226327941322545
E02000608,40.226272784412316,-0.12663144371087576
E02000615,8.573388203017831,0.1183030076331093
E02000647,34.84320557491289,0.0780870035908574
E02000679,25.180897250361795,0.10865045611645563
E02000693,123.080795368739,-0.024240284750618457
E02000696,34.53689167974882,0.08184666470083535
E02000716,8.189655172413794,0.13927591103991332
E02000723,13.518450858604313,0.11281505576935125
E02000737,63.5593220338983,0.23718408066709173
E02000748,0.8968609865470852,0.18323558483045588
E02000755,5.578800557880056,0.20564151926919116
E02000768,10.267857142857142,0.16455686243005196
E02000790,16.481410502108087,0.03382045803313183
E02000803,5.139500734214391,0.2314075524576804
E02000806,15.333013895543843,0.11112449902686627
E02000879,24.86865148861646,0.07857319969417631
E02000890,23.92499191723246,-0.14539835582426797
E02000894,46.784922394678496,-0.01388457589090919
E02000895,10.088657902782025,0.1793468301335963
E02000897,8.968609865470851,0.14959119760896655
E02000907,136.67953667953665,0.22521446212845397
E02000919,6.821705426356589,0.20461512149450556
E02000921,36.81290973272819,0.1444030438258821
E02000936,53.487798866157256,-0.008223730557613607
E02000978,6.9551777434312205,0.04918176917830763
E02000986,1.0863661053775122,0.30898819862660964
E02000999,66.20111731843575,0.5698888058568059
E02001001,13.137316233969347,0.3668193930105046
E02001028,1.6087516087516087,0.4385302076352424
E02001030,77.57885763000853,0.44271163382256784
E02001044,2.508960573476702,0.42744401482694006
E02001053,17.356475300400533,0.7974825808025265
E02001087,9.541117673784642,0.3129461680560883
E02001115,2.3631350925561243,0.3215878469955804
E02001143,33.09929789368104,0.5440654385831962
E02001153,173.4052111410602,0.7889578186619781
E02001160,113.50293542074364,0.15675013391381754
E02001171,2.996575342465753,0.46752394757839344
E02001227,10.521885521885523,0.31537216341586927
E02001233,24.554941682013506,0.44810884578139376
E02001279,5.884174667079591,0.410110443102889
E02001320,23.597122302158276,0.4391735251029045
E02001356,253.80710659898477,0.19683950596569844
E02001378,0.8434073657576611,0.3359040158227593
E02001396,16.33486472690148,0.4097089648936958
E02001413,0.24479804161566707,0.36629201910509845
E02001425,33.60601370771612,0.4318123853854887
E02001427,85.36014967259122,0.4401506660960548
E02001435,24.33304016417473,0.3846942425371829
E02001437,12.067765142724529,0.2325358378834279
E02001466,2.795638803466592,0.49930980191948393
E02001482,61.81645268663814,0.29887442055435187
E02001510,13.007489160425699,0.43091018717855967
E02001540,124.53222453222453,0.24020040088704508
E02001548,31.498380924345007,0.1858272112804471
E02001560,139.41639647985178,0.20278711582929443
E02001564,54.672600127145586,0.3844060864979211
E02001681,5.402160864345738,0.3949865218980353
E02001685,20.210409745293468,0.21445311935896783
E02001692,13.743218806509946,0.2655902415614664
E02001707,25.284801333703808,0.3309286563363747
E02001737,78.84097035040432,0.2407680904244467
E02001751,114.13843888070693,0.27445307034412547
E02001797,23.330651649235723,0.18332640308560677
E02001808,0.0,0.2337900975130971
E02001864,2.6690391459074734,0.4959673071073105
E02001895,14.421601718318502,0.30850969365979086
E02001922,97.1943887775551,0.2895865211513353
E02001979,0.0,0.35153308587580767
E02001982,0.651890482398957,0.2977077462198894
E02002014,98.75141884222475,0.5083069907534936
E02002033,6.8965517241379315,0.3486940556077194
E02002041,5.058365758754864,0.32345402901014353
E02002062,65.37940379403794,0.48089820322451704
E02002116,21.762021762021764,0.4228125972525172
E02002183,54.28460643660333,0.3572524100531158
E02002218,35.820895522388064,0.30609543752347346
E02002221,201.16911912920784,0.1842693084227056
E02002234,0.3132832080200501,0.4915693999073776
E02002260,16.0427807486631,0.2811994298767253
E02002274,29.176797499131645,0.3584013036192646
E02002279,26.978417266187048,0.22176742803677918
E02002290,30.774935113088617,0.3513821498792593
E02002334,55.76679340937897,0.30218563677868104
E02002345,71.97943444730078,0.24633405600726554
E02002360,19.97291807718348,0.38180776998221155
E02002382,3.040834057341442,0.48268350267627813
E02002406,73.33333333333333,0.325875104257328
E02002428,3.5369774919614145,0.4252745225547354
E02002434,34.16149068322982,0.40765638178944297
E02002516,39.473684210526315,0.17322824257120129
E02002520,51.10880110880111,0.30927935484249325
E02002540,35.61253561253561,0.18151543018842986
E02002545,0.0,0.22223270578676235
E02002554,32.696390658174096,0.3948610013230027
E02002615,59.21052631578948,0.26456802637167964
E02002626,32.02846975088968,0.4203795213957635
E02002636,0.0,0.2551679975968959
E02002638,4.815961472308222,0.3215676321838128
E02002674,0.6151953245155337,0.26878162708109876
E02002676,0.0,0.22188172149378715
E02002702,36.05669028761984,0.24584755588667662
E02002705,205.06329113924053,0.2666286632539485
E02002712,9.824992324224748,0.2307687266194307
E02002714,12.254901960784313,0.30221845496542077
E02002724,5.247966413014957,0.2659850900139
E02002729,5.04266873545384,0.22993449259726972
E02002732,97.9631425800194,0.2914483554492744
E02002746,87.58930934109553,0.21710606850822334
E02002780,5.439450329229889,0.30735366071490144
E02002781,16.582552271088684,0.2285179692140984
E02002797,10.086027884900624,0.3073018593214334
E02002809,50.53003533568905,0.35635971439499237
E02002861,1.4414414414414414,0.5469591325320451
E02002863,41.85351270553064,0.3214392384359943
E02002866,25.582901554404145,0.33636609809671647
E02002891,7.997630331753554,0.46397872172121346
E02002894,69.17069542580884,0.46278436476481755
E02002919,22.308690012970168,0.2772431044139845
E02002923,78.79490150637312,0.3308762511170915
E02002930,261.3065326633166,0.33078581504626037
E02002984,5.699254712845243,0.31417252595182266
E02002999,7.30554361839278,0.14074938279583193
E02003019,21.526908635794744,0.3586903301920401
E02003063,28.84289107567017,0.256607696511999
E02003078,48.25834542815675,0.32547174816813396
E02003092,224.56265619421634,0.3142023309798754
E02003106,557.007786429366,0.2814278032547559
E02003115,48.5728592889334,0.36618513393972485
E02003164,10.468463752944254,0.3352865874479978
E02003165,13.166556945358789,0.4508840544660151
E02003215,0.0,0.30118354539721803
E02003221,18.105849582172702,0.32764133547721563
E02003276,109.51812027080844,0.29053218806028
E02003299,67.0886075949367,0.1789826518590285
E02003339,10.770505385252694,0.2836981070169866
E02003402,60.134228187919454,0.0268806213351116
E02003409,1.4292520247737017,0.12702082410236848
E02003425,208.54591836734693,-0.06058873526361275
E02003429,11.463250168577208,0.09394342871611272
E02003449,5.089058524173028,0.11763564266355075
E02003456,454.43786982248525,0.14467613447333427
E02003460,138.46558066211247,0.2526407098796444
E02003464,3.114052160373686,0.2622965734094542
E02003479,17.998560115190784,0.1459197729829338
E02003492,3.231763619575254,0.2629537868037346
E02003495,44.10774410774411,0.27496861917879656
E02003514,13.797364085667216,0.09274205169861638
E02003570,122.97111416781293,0.26181466291477307
E02003583,108.18405338953283,0.37649785037323813
E02003593,47.234042553191486,0.31020185908311504
E02003597,37.743506493506494,0.48705934046995125
E02003604,366.43459142543054,0.24703787151364587
E02003623,411.56773211567736,0.2558278535643108
E02003671,12.943632567849686,0.1811355970966222
E02003685,25.745682888540028,0.20220167676883882
E02003701,84.83972041455773,0.1789516687040642
E02003708,80.65040650406505,0.14959486329139793
E02003729,29.107725788900982,0.17291051003799218
E02003767,57.120802778849864,0.3043014876743939
E02003801,4.501385041551247,0.34523557703835905
E02003805,27.613412228796847,0.34854425765320496
E02003808,9.365994236311238,0.2855964366620505
E02003809,185.23358379614507,0.433991532874054
E02003823,99.42703067071115,0.2876820724517808
E02003839,22.18170768763294,0.2665028459035703
E02003842,91.25475285171103,0.3543277600007997
E02003847,163.37148803329865,0.39165450184280104
E02003853,57.84789644012945,0.39985870425524794
E02003867,13.05732484076433,0.2571365532786478
E02003876,42.20643543669034,0.4388720510092954
E02003909,66.68369954011241,0.38011551568470026
E02003922,109.1354996934396,0.34000873885518423
E02003926,62.56015399422521,0.4029936028313008
E02003927,169.56995100707678,0.2885536775157611
E02003964,87.46697974757852,0.3969494333756698
E02003980,15.992474129821257,0.20369069735272483
E02003991,24.397873005943072,0.23275742641568797
E02004024,127.77598970067591,0.28051408946731016
E02004035,56.10561056105611,0.366834011497021
E02004069,10.325911584382059,0.27371949412556873
E02004081,16.194331983805668,0.2939275887895123
E02004105,17.16514954486346,0.2623895428456322
E02004137,14.736842105263156,0.3781413620292575
E02004160,4.62046204620462,0.3438735188087767
E02004175,20.473705339221198,0.4262082774924911
E02004176,9.50020652622883,0.39349258374884677
E02004189,65.78402978899462,0.3379390551669541
E02004194,80.97928436911486,0.36562121867267905
E02004205,170.71402682131207,0.32775357987070564
E02004208,24.539877300613494,0.3197788978615268
E02004222,35.481535119478636,0.3196867572429163
E02004231,61.62361623616236,0.4222913442463172
E02004255,25.00735510444248,0.24891349942452567
E02004263,56.84125050751116,0.34893708644321997
E02004266,21.73256866888017,0.3466859483704834
E02004309,19.140483929216323,0.2324405612848519
E02004311,64.59446333171442,0.1379611709609474
E02004315,222.88686605981795,0.21459803084172346
E02004341,113.12607944732295,0.2300148673582596
E02004355,3.6957191253464736,0.41138135880529614
E02004361,5.405405405405405,0.26404256953566296
E02004411,31.624863685932386,0.23009318658445643
E02004428,24.4988864142539,0.2901528050537454
E02004432,31.87403993855607,0.16721667276239138
E02004458,36.15819209039548,0.28227401706659805
E02004462,135.7679914070891,0.2333308187767411
E02004498,7.127583749109052,0.16601003155749616
E02004521,85.80942622950819,0.29448660014611505
E02004563,97.27207465900933,0.33029965956545304
E02004579,169.45187165775403,0.2640901186479514
E02004594,85.23695874531198,0.2878680624381982
E02004613,13.067150635208712,0.2860462046122141
E02004622,76.12580414581845,0.24489440417527142
E02004626,50.75445816186557,0.494107437589661
E02004631,24.88262910798122,0.4699127813085111
E02004644,75.83873696081194,0.3569997774644076
E02004647,113.90837804374742,0.3571593227324117
E02004683,222.69807280513922,0.20064943847581418
E02004686,60.66591422121896,0.16844158323341674
E02004689,75.97716293368467,0.2786999761359521
E02004692,7.009345794392523,0.2144837379065212
E02004704,200.0,0.11084898152487632
E02004721,338.47015970860184,0.1277158517902368
E02004733,49.82320797171327,0.2980584270141815
E02004741,0.9490667510281556,0.36666799130615413
E02004743,4.427577482605946,0.3371142096184796
E02004746,52.85961871750433,0.27372185004827987
E02004776,67.16417910447761,0.2851460326515678
E02004786,1.3858093126385809,0.20943382770032493
E02004826,351.5267175572519,0.3401306472440222
E02004859,42.03643157403082,0.23553314820027538
E02004916,42.61847937265598,0.2572178486397849
E02004939,48.8441461595824,0.14300147445972655
E02004957,88.80090497737555,0.17791043362897874
E02004969,32.23495702005731,0.09372891834218322
E02004973,71.18000632711167,0.0702186216688947
E02004993,6.159260888693356,0.11391476808053369
E02005007,109.61648540354895,0.2607276602361388
E02005025,64.37768240343347,0.2100602057269505
E02005030,265.08673344734916,0.22276252635246507
E02005036,45.38341158059468,0.27494018458358127
E02005056,77.8021978021978,0.15215488169766367
E02005065,22.727272727272727,0.22627344432313734
E02005067,7.853403141361256,0.2725025439204316
E02005072,45.826513911620296,0.17754074164540334
E02005102,31.168831168831172,0.3889319276961132
E02005158,18.823529411764707,0.22834454962296213
E02005165,55.248618784530386,0.18954841912920628
E02005195,39.49511400651466,0.40443275054765326
E02005208,38.00195886385897,0.09741323000110391
E02005214,48.76373626373626,0.4846392889656226
E02005217,27.95698924731183,0.30433120998406427
E02005266,77.99696509863429,0.3165021887495909
E02005274,172.76565798733287,0.29462915312064464
E02005288,58.166409861325114,0.2277671596698001
E02005317,44.23273222184417,0.2831574275312514
E02005330,41.927083333333336,0.2242919616534289
E02005370,163.93921683226185,0.36414415802449707
E02005390,107.31319554848966,0.30860109565851346
E02005394,46.20045443069932,0.32616286518511206
E02005405,95.12022630834512,0.4390768962667311
E02005409,132.49651324965134,0.39125195699188
E02005438,103.44827586206897,0.31005437020631454
E02005444,9.511128019783147,0.25694974592529096
E02005452,5.333902282910177,0.2954616136042221
E02005456,173.00521998508574,0.321752894317739
E02005468,104.08560311284046,0.3249960242179286
E02005508,75.33759772565743,0.3262317085204254
E02005510,66.87137495735244,0.3082300221466845
E02005514,29.22535211267606,0.2528611845354707
E02005527,121.40287769784172,0.291725436199485
E02005577,39.68871595330739,0.36230884377975414
E02005597,129.00861279091077,0.24512245803298516
E02005612,13.119533527696793,0.4500108093327686
E02005615,81.91403081914031,0.41270457831955554
E02005637,50.14215559576118,0.32550785903390445
E02005644,40.603566529492454,0.33935963953277426
E02005645,117.69336744735287,0.3328463395059096
E02005655,32.03125,0.2577481726941766
E02005743,29.25764192139738,0.3504904893515697
E02005781,52.242054854157594,0.3358772366128857
E02005817,83.19577418289863,0.31166869032312494
E02005824,30.021967293141323,0.3194372889869763
E02005843,138.6175807663411,0.4265078205672319
E02005850,24.13324269204623,0.4605326022635152
E02005856,18.363402061855666,0.41774621818701796
E02005885,110.14816885658374,0.454274029641935
E02005898,61.03183315038418,0.4373648912860393
E02005920,191.044776119403,0.3381677650228232
E02005922,103.99529964747357,0.22460679238209202
E02005932,0.37271710771524413,0.18153646834692339
E02005933,24.067796610169488,0.1443104654634091
E02005947,43.62292051756007,0.06743435601138259
E02005950,21.07843137254902,0.07215548271460115
E02005964,116.22358554873892,0.21025363238216066
E02005982,4.081632653061225,0.1494119254800843
E02005999,191.23505976095618,0.16961490552484015
E02006007,187.3854052071874,0.14145144970778212
E02006018,62.986003110419915,0.34731994351582873
E02006025,73.2461355529132,0.2876358093535325
E02006027,34.27787934186472,0.3522330430910605
E02006056,73.01173402868318,0.2633892000735125
E02006073,29.391891891891895,0.36304142765104697
E02006076,128.96174863387978,0.3283665943739207
E02006100,171.2351945854484,0.31414359234537415
E02006102,3.5679532922478105,0.38896566127491017
E02006103,78.92172783371224,0.3643771653110779
E02006110,196.4545190351642,0.38858621222019174
E02006111,84.45164275798241,0.3279339874876239
E02006114,20.782819535850358,0.32929501852794374
E02006121,238.98822503270827,0.45645117608938435
E02006134,142.2424702606935,0.30862984375508873
E02006139,59.024223814397814,0.35297527284530794
E02006147,249.66666666666666,0.28904454304232985
E02006179,29.422317904556866,0.464196584222047
E02006195,100.19757267852104,0.3258941158260482
E02006209,7.400957771005658,0.38919078120158357
E02006210,19.772822885990742,0.41340438651840916
E02006249,10.578900969732588,0.27945772110170086
E02006265,162.08053691275165,0.23857540250347586
E02006304,124.9243799153055,0.3379646520126709
E02006322,13.578274760383385,0.11505511645694888
E02006325,24.178549287042777,0.1351384711703183
E02006334,61.696658097686374,0.24085426731008042
E02006385,117.41363211951449,0.12428102816150854
E02006387,33.65570599613153,0.16530687096989816
E02006397,154.11106328024104,0.1135304943443689
E02006403,10.297482837528605,0.18497995446056414
E02006417,52.744425385934825,0.11613176713735918
E02006421,183.7891927951968,0.144316309448282
E02006426,4.41306266548985,0.25558131354335245
E02006459,95.08015478164731,0.15216410102630995
E02006476,139.5121951219512,0.2814363986525086
E02006489,29.332535169111047,0.3927202838006618
E02006496,36.26772172766238,0.31402038992046233
E02006505,40.07884362680684,0.2164639944294624
E02006519,53.054201319185545,0.18938615961845606
E02006562,77.08420611646417,0.29320419346616866
E02006575,7.4779061862678455,0.22211819333503513
E02006580,3.047851264858275,0.2433377072590197
E02006583,0.0,0.14491149847869522
E02006592,93.82716049382715,0.22032821570665995
E02006593,102.61869278262719,0.11302280809351473
E02006607,106.34015431063402,0.25206086015762175
E02006612,165.3780068728522,0.18601615319181164
E02006613,35.99735799207398,0.1713003755446163
E02006627,96.06173496540713,0.29694292911275966
E02006634,22.077554486272287,0.20086564623769831
E02006639,16.219404305514598,0.2299635874098538
E02006640,32.98197891873512,0.2022037465792419
E02006658,137.5711574952562,0.2863933819416591
E02006673,24.640657084188913,0.1956944145192132
E02006677,42.48672289909403,0.22658459382777707
E02006683,21.331609566903687,0.2948612692507995
E02006699,6.228104320747373,0.3104233921559221
E02006706,45.721750489875895,0.3957519690443325
E02006718,83.15018315018315,0.3065397681851838
E02006723,97.93664632374309,0.3507951561608813
E02006765,70.47477744807122,0.40835597015228586
E02006776,0.0,0.39500039893539274
E02006786,7.695267410542517,0.1902480171982699
E02006800,11.750599520383696,0.2222889020182226
E02006802,405.3017091035926,-0.05883068600987684
E02006808,188.46636021730046,0.36208074916911404
E02006810,2.8728752693320567,0.38143313629142295
E02006819,6.760909649661955,0.5967137692361675
E02006833,191.8784136784612,0.24061114750958268
E02006840,8.886914019106866,0.35499563871358575
E02006843,717.4311926605504,0.1400517554477574
E02006850,212.75272161741836,0.26322109076847244
E02006859,0.0,0.17426174866821853
E02006869,8.506224066390041,0.3614929027840468
E02006871,5.816207832493214,0.37463537156840765
E02006872,61.51856641418806,0.4241964234550437
E02006879,36.17907339927122,0.45051131838584624
E02006884,34.92239467849224,0.4784056952753115
E02006890,37.83485225075946,0.29836953926008825
E02006896,648.9361702127659,0.03322107244880712
E02006901,4.791566842357451,0.42972957082138574
E02006911,6.683915480810693,0.31908966585220977
E02006912,900.3861003861005,0.26420590156209656
E02006913,57.162300102075534,-0.033155431751001
E02006914,282.73162244454113,0.21884858649413896
E02006918,35.65692258271764,-0.015750419740362176
E02000018,38.18400481058329,0.24461321526595725
E02000023,148.90991361579597,0.07732696173544262
E02000041,75.0,0.14706038560223433
E02000070,0.3147623544224111,0.16815323253150005
E02000123,43.167912984364385,0.013367808317990892
E02000136,32.17036701404622,0.15197123835432613
E02000166,14.418999151823579,0.06872136502132875
E02000172,51.60057333970377,-0.019830263056855202
E02000173,57.15886803026057,0.14315014078396082
E02000186,49.693449499838664,0.15237356859119267
E02000198,53.32534451767527,0.14793620140864938
E02000214,20.24989228780698,0.0575467752522254
E02000230,172.82717282717286,0.10559642655306689
E02000246,11.396939107782481,0.0782690972016642
E02000250,7.477371113734749,0.034542980084390607
E02000256,81.96721311475409,0.007484549877272428
E02000257,166.3545036608207,-0.013793769999915995
E02000262,112.96738265712013,-0.0623527324919948
E02000263,216.16481774960383,0.3728275024232133
E02000300,4.66977985323549,0.210110854924066
E02000308,161.27922971114168,0.08103966965889953
E02000312,47.39558892538713,-0.010092160099235414
E02000340,75.74133619149697,0.1406488603933873
E02000358,45.445026178010465,0.010443959161083427
E02000374,13.127413127413128,-0.005581045931727147
E02000379,20.376175548589345,-0.11294656360605337
E02000380,30.871434153966394,-0.020295651606330622
E02000389,126.59327925840093,0.012694919481248235
E02000415,17.797552836484986,-0.023249555775523234
E02000508,300.1626016260163,0.05555716245700992
E02000520,325.1028806584362,0.24023247273879278
E02000549,72.64414528829057,0.17145659225680276
E02000577,89.15586468542523,0.1627901053719416
E02000583,4.2906178489702524,0.12734368874457047
E02000607,20.424509411293556,0.12466304415607254
E02000616,8.887008040626323,0.18011762856191105
E02000624,98.57142857142857,-0.029171964168345
E02000650,16.393442622950822,0.1446211064126519
E02000673,39.25501432664756,0.08229524272683086
E02000689,279.25696594427245,0.07749416356077887
E02000691,33.692722371967655,0.019646079956102014
E02000697,73.24573665082471,0.04437576719859493
E02000698,47.361729179910995,0.10074013739177445
E02000715,5.371530886302597,0.07921703890836795
E02000717,6.666666666666666,0.09625957715654998
E02000760,7.271335629544584,0.19315165051163774
E02000777,2.9598308668076108,0.23581129478778173
E02000784,9.776536312849164,-0.0026836456566456945
E02000792,5.920847616079777,-0.04299514329318477
E02000835,7.167235494880546,0.12124540868278721
E02000848,9.355509355509357,0.1827330455661187
E02000857,24.975024975024976,0.0744265670370563
E02000872,40.80310880829015,-0.10911073114188241
E02000881,378.7305590584279,0.0401536805712297
E02000898,30.668841761827082,0.15710896401274432
E02000903,97.51494180559922,0.19401090255753495
E02000914,26.294388723231222,0.06732672265211903
E02000925,17.878077373974207,-0.050003591965912975
E02000967,29.838488913222008,-0.01615244084180567
E02001029,28.125,0.3799934056143437
E02001076,30.35413153456998,0.31668694620664883
E02001078,29.204693611473274,0.4528877866597716
E02001082,19.171516603902774,0.37479657549478596
E02001101,1.628001628001628,0.4506284301242802
E02001164,76.951811729548,0.43569136694562616
E02001173,231.20837297811607,0.6733278864582086
E02001180,78.49714860784972,0.3903911216218541
E02001215,6.394884092725819,0.46259991038832116
E02001229,32.148517093049584,0.4105430100405876
E02001230,38.46153846153846,0.38079316215007086
E02001235,54.726368159203986,0.44565481668621576
E02001245,5.59753708368318,0.46734255393283775
E02001256,22.166874221668746,0.3465225724747141
E02001269,9.371554575523705,0.4924461296189726
E02001271,0.0,0.4925134075465385
E02001274,3.1367628607277296,0.36898139422109644
E02001282,82.92557301055886,0.3704428683367764
E02001297,16.903313049357674,0.372537301322879
E02001309,58.345021037868165,0.37958311700439484
E02001328,46.9437652811736,0.38354394873673403
E02001341,58.02835476425981,0.4523450567077676
E02001403,46.462513199577614,0.4034546416733171
E02001408,5.0675675675675675,0.39960029148422915
E02001423,68.49830636055702,0.311084164878352
E02001447,51.2720156555773,0.3008715438562435
E02001458,30.520087200249144,0.33219045017973503
E02001461,68.78306878306879,0.36722166210705254
E02001485,15.708812260536398,0.29519619178630574
E02001511,5.985783763561542,0.24400540653358238
E02001514,66.35545181727242,0.5042819415816435
E02001521,71.7891194615816,0.28799384395119
E02001523,21.360499507065395,0.29169243925440735
E02001525,39.93231810490693,0.31600664085035657
E02001532,59.74920088517335,0.3567134310530369
E02001539,90.00000000000001,0.4671804453551536
E02001549,27.370091233637446,0.3746961469107797
E02001561,24.720623095157467,0.38517523982406665
E02001577,9.057363300905738,0.3608003543992835
E02001579,57.41260525644297,0.3528714234203303
E02001584,46.09218436873747,0.3119946103086395
E02001590,41.537933401991076,0.5116184759406011
E02001596,14.917276918904259,0.3283341867371927
E02001600,20.11633543383422,0.3834731072690625
E02001611,58.402860548271754,0.4867527891592722
E02001649,145.7635232168502,0.537818699682612
E02001650,155.70628133294014,0.28866465612993153
E02001729,0.0,0.3087594931431159
E02001744,253.0413625304136,0.1783849320751596
E02001755,130.85714285714286,0.24581091180688208
E02001816,26.511766458147154,0.18255827119913182
E02001836,3.8126361655773424,0.38470209809598366
E02001847,10.00416840350146,0.4043567308955405
E02001850,23.21019941157241,0.48704232348580323
E02001863,20.0,0.40247128326656245
E02001896,2.0644095788604457,0.42235584500882073
E02001901,31.819418003807453,0.21194764321226778
E02001903,9.424603174603176,0.3319054465845248
E02001928,23.643023643023646,0.3620080028143029
E02001949,58.799838904550946,0.30862401579730925
E02001950,0.8314855875831486,0.3978203332794248
E02001967,47.96072507552871,0.3024815453337393
E02002017,25.633802816901408,0.31608310556392105
E02002037,13.163143199042679,0.4495746708572872
E02002078,2.4164317358034633,0.3703745969543819
E02002082,10.651372388365424,0.48799736725327314
E02002104,2.501042100875365,0.27118634551931997
E02002120,0.0,0.41979603039532964
E02002153,23.93617021276596,0.4731689043279861
E02002181,44.645854313528034,0.4845707222728013
E02002182,9.542743538767397,0.4929802634459799
E02002224,0.0,0.3035455027879923
E02002231,6.978838361098604,0.273475045807432
E02002243,24.709661477637756,0.41421459822861717
E02002253,10.145417653026715,0.3319699871973283
E02002271,58.223684210526315,0.32757291476900985
E02002277,32.449544914918874,0.2756330406253227
E02002302,7.547169811320754,0.38543813331653
E02002306,20.802377414561665,0.32388094358999364
E02002339,6.1609549480169425,0.3219805900746362
E02002384,86.62331630283326,0.1958482398207373
E02002425,55.08819538670284,0.3567076544226486
E02002427,5.9582919563058585,0.3619439736445198
E02002436,113.74072765807135,0.5318809406735214
E02002477,28.529084846239346,0.2680588794254648
E02002539,218.08359397213533,0.2646039225335608
E02002559,228.74382885353816,0.19698185049985195
E02002571,0.0,0.20487922952276527
E02002579,32.571249608518634,0.24571969161921992
E02002611,38.426068244697206,0.2816471238520011
E02002614,27.15121136173768,0.2557304086159622
E02002619,0.9813542688910697,0.21426480860403263
E02002639,6.9216757741347905,0.19804329492551265
E02002645,41.844246416117784,0.17096701469102804
E02002672,48.28504828504828,0.4114877917639186
E02002677,2.5743037678446057,0.5182689631728996
E02002686,19.042285074208905,0.3305499972172914
E02002692,137.7068557919622,0.29649557817236527
E02002735,14.905743095133714,0.03173311003781443
E02002736,33.04773561811505,0.28608079108480666
E02002745,19.083969465648853,0.30906963558701683
E02002750,28.452200303490137,0.3831677062437473
E02002752,56.218057921635435,0.2925372023997044
E02002761,13.761467889908257,0.3343273049874744
E02002772,9.726898615787503,0.287642560814354
E02002779,12.927938711994253,0.35965818758908785
E02002783,7.9479768786127165,0.29941023899715713
E02002789,16.449086161879897,0.37325232196235714
E02002790,13.0718954248366,0.2940699452035709
E02002825,4.779308405960078,0.31212577402655484
E02002831,7.264957264957264,0.49527882570035064
E02002874,31.127129750982963,0.4054651081081637
E02002875,18.196856906534325,0.49738235475442316
E02002884,70.16788635385278,0.5270124778889427
E02002890,41.04082927861223,0.2211368425021778
E02002899,3.6832412523020257,0.4885704411546712
E02002904,0.0,0.578311335962371
E02002929,200.46838407494144,0.42620100658734206
E02002960,0.406669377795852,0.18337407289925256
E02002961,100.45502275113755,0.2614464267860388
E02002965,116.21919823464508,0.30958333640488167
E02002972,5.977496483825598,0.4396644359395898
E02002990,5.657708628005658,0.26429077653499355
E02002992,3.624647603705195,0.24527122449437044
E02003001,10.267857142857142,0.32342414446389967
E02003076,174.15580962509972,0.2823332541148913
E02003084,41.80064308681672,0.24113294148620845
E02003089,23.301737756714058,0.41971528002740666
E02003091,90.71117561683599,0.16604414702577763
E02003095,486.22842453176645,0.2491276486269438
E02003104,10.32540675844806,0.3275672575253701
E02003108,459.4807238394965,0.3614619270974009
E02003111,18.22238750464857,0.30452849740160204
E02003123,61.2884834663626,0.353327182168254
E02003130,5.919854280510019,0.3554504696506715
E02003157,20.574671869457255,0.22524614042109636
E02003171,15.760197775030903,0.40952373903919437
E02003195,164.0625,0.32402840218363593
E02003198,43.823326432022085,0.24761539491887596
E02003230,59.75197294250282,0.24772885788373866
E02003238,0.40551500405515006,0.3605730403537146
E02003243,129.94350282485877,0.43217405937268616
E02003262,12.913223140495866,0.19433075713278836
E02003263,28.67052023121387,0.2629948739146677
E02003275,267.1323390598452,0.16278230076140865
E02003284,2.3676280671545418,0.2946619665611978
E02003291,22.58469259723965,0.3060240517363937
E02003311,53.0120481927711,0.3152644652581422
E02003320,312.1202430444515,0.26973718289056325
E02003322,194.02985074626866,0.3094530401960922
E02003356,58.5865983156353,0.14269630005223632
E02003361,4.149377593360996,0.1291325272415058
E02003378,58.857472590882864,0.09435409003094364
E02003398,63.11881188118811,0.057894107117562044
E02003418,12.481857764876635,0.20047087529963115
E02003422,23.526918185671892,0.1504890296322028
E02003440,24.215740231150246,0.09321528544675672
E02003468,50.4544030084613,0.21424394381221568
E02003483,12.345679012345679,0.20240741284642638
E02003498,34.82014388489209,0.2374954915598515
E02003504,26.836894215737363,0.17259591626229742
E02003505,12.678288431061809,0.153200279908571
E02003507,9.174311926605505,0.29683418328549216
E02003509,10.436634717784877,0.23764917264231222
E02003510,38.47102342786683,0.1473204331414273
E02003538,7.979936160510716,0.2969667983620372
E02003546,3.3986928104575163,0.26051956503710016
E02003562,26.12761276127613,0.229751525774752
E02003566,31.45377828922133,0.274943046674351
E02003567,1.6716817118020728,0.2924506741000341
E02003571,130.5921052631579,0.13135376294628998
E02003585,21.86878727634195,0.30400988155620556
E02003590,30.14933784164553,0.42021296474272063
E02003608,169.66242875931607,0.18401665681875912
E02003631,15.137614678899082,0.22628062561077922
E02003636,7.733691997310021,0.2731288643692551
E02003645,3.3987915407854987,0.2420137704815808
E02003672,467.03153505342715,0.2064949482974825
E02003681,47.71471622300352,0.19245500633178203
E02003695,59.508736388959235,0.1358217613570183
E02003699,27.510917030567686,0.18161369502536395
E02003714,26.157652880876636,0.18112352142842525
E02003720,38.34276891405044,0.15637730038398168
E02003735,39.26414058209775,0.23018871941646424
E02003745,66.41975308641976,0.382202931174918
E02003758,38.67549668874173,0.2814359559548292
E02003765,120.83049693669163,0.26887001685913603
E02003806,193.16843345111897,0.29127781675656994
E02003811,283.6004932182491,0.25372634372548486
E02003832,18.890675241157556,0.29010088829182745
E02003846,19.4672131147541,0.3012624074337662
E02003863,28.86529528865296,0.3546299124661463
E02003879,393.5714285714286,0.34202693592684597
E02003897,48.473967684021545,0.24659928033680512
E02003905,117.76212832550863,0.42648447533223965
E02003908,56.98258045467965,0.29182962971638204
E02003911,112.40957150806899,0.269339420153484
E02003915,17.835550181378476,0.3030812806418304
E02003925,41.49377593360996,0.3455237133100244
E02003928,68.34825061025224,0.3816762461441492
E02003942,130.87674714104193,0.22292406315970226
E02003946,105.81583198707592,0.4200686752120575
E02003957,74.66603053435114,0.37474763801534383
E02003958,70.75471698113206,0.38066162903395373
E02003966,56.36672325976231,0.515488647993636
E02003985,25.906735751295333,0.3653754415446393
E02003995,62.3463687150838,0.21127019640459732
E02004007,8.0,0.32422688089103513
E02004028,58.46422338568935,0.35105959819928145
E02004062,21.467391304347824,0.3179317287054708
E02004075,40.8745247148289,0.2903955995094156
E02004076,232.4749642346209,0.31689338752643703
E02004082,9.803921568627452,0.38910287887383443
E02004092,2.6227944682880304,0.49173985885969085
E02004108,11.809861234130498,0.3099253848679737
E02004139,18.139841688654354,0.40699418660507014
E02004178,103.53982300884957,0.3966141960153191
E02004186,327.78750729713954,0.3265343453183247
E02004215,27.196652719665273,0.3357039489702176
E02004243,26.487523992322455,0.3007574478213515
E02004247,25.70585756426464,0.2295546220157405
E02004248,5.441008018327605,0.3457790128739955
E02004268,46.18117229129663,0.30356490226504285
E02004289,37.9746835443038,0.24668450072099635
E02004297,41.40845070422535,0.19565539906051477
E02004321,5.188421627525942,0.20088067194606918
E02004327,2.059732234809475,0.23329322254148188
E02004331,65.1750972762646,0.10948423284168829
E02004393,57.908070937386896,0.33561347233790073
E02004401,17.363851617995266,0.3339065652553854
E02004402,22.920203735144312,0.3622145515069306
E02004415,80.06672226855714,0.2412336164165758
E02004430,5.6144728633811605,0.1778753499004715
E02004441,15.269554378310998,0.2724291651412969
E02004443,202.0497803806735,0.2925369835916154
E02004466,12.975256487628243,0.2018291844086164
E02004487,69.24643584521384,0.2873857187400617
E02004512,59.06067325136062,0.18026276465232716
E02004520,53.114132153019284,0.2744528660147054
E02004576,35.599571734475376,0.31701540500730463
E02004583,48.06913313529571,0.25959422149134515
E02004617,168.61143523920651,0.2843542823591072
E02004669,86.41523251556205,0.3233818703685509
E02004678,25.583626479053407,0.18989881007606968
E02004713,26.463262764632628,0.2845940143205983
E02004729,20.901371652514698,0.22964644544273227
E02004757,9.810126582278482,0.2143992985855192
E02004764,35.07746273019584,0.25368011800644297
E02004765,0.7575757575757576,0.24581417104909775
E02004766,100.6838905775076,0.24421421411974098
E02004798,26.61169415292354,0.23499228854640464
E02004829,57.69230769230769,0.2113103040450266
E02004833,164.23570595099181,0.1574119244898764
E02004850,10.770234986945171,0.21260056782144332
E02004854,27.179317202519055,0.15211939739003988
E02004860,18.680445151033386,0.08809421412846241
E02004870,219.75856122197584,0.13342109121836465
E02004878,354.3158688277422,0.19747502911926595
E02004887,18.87439945092656,0.1380209428783985
E02004896,44.437634079068346,0.11055196145107793
E02004898,52.30263157894737,0.15133383834895575
E02004906,84.53718566078116,0.1410510060389658
E02004910,122.54570074475286,0.17057895992846817
E02004922,115.05571391552215,0.19582523622911907
E02004932,38.19444444444444,0.20024313185555265
E02004985,33.70036703370037,0.1350303140706952
E02004995,36.311514572384134,0.18790249820681204
E02005003,85.69566634082764,0.28316602254091006
E02005016,55.170334639734705,0.317189723839288
E02005032,7.63164589163063,0.18612555936548425
E02005033,79.04729030031066,0.17871595033610888
E02005034,3.1656700668308124,0.22188854644850053
E02005037,5.470459518599563,0.3008529699081297
E02005070,180.54794520547944,0.19286340303865934
E02005125,20.833333333333332,0.31931915739496386
E02005150,74.6268656716418,0.26928470731206566
E02005155,165.5612244897959,0.24793948929296583
E02005156,22.984562607204115,0.1676924636142232
E02005250,0.0,0.43028728262429894
E02005255,47.03367183324425,0.2502225811969412
E02005259,18.297145645279336,0.22587048029341705
E02005272,176.3277693474962,0.3089384679098677
E02005281,60.805024264915794,0.4821117970354081
E02005321,30.05259203606311,0.39102442395337
E02005323,32.02227636616777,0.2907863788351852
E02005365,21.8052738336714,0.449920430671094
E02005404,172.65500794912558,0.2754999081808567
E02005417,40.54514480408859,0.308988532640738
E02005420,64.58735854264422,0.33471598335248487
E02005429,8.014796547472256,0.43971358086278034
E02005463,79.03682719546742,0.3833933547930979
E02005475,317.4791914387634,0.3843168650166273
E02005478,21.663977875086424,0.3130307841831641
E02005489,66.66666666666666,0.25616213419084666
E02005551,130.402104472003,0.3168791194079157
E02005552,107.5075075075075,0.39170107034000345
E02005555,23.40655383507382,0.3914018874809715
E02005571,69.62911126662001,0.2836336021841692
E02005604,78.52796290930165,0.29400434203347015
E02005628,100.15847860538827,0.24629685628892606
E02005631,193.89763779527559,0.3226705810819812
E02005641,80.21390374331551,0.36093050167311436
E02005692,232.8077826232808,0.3172942179840854
E02005704,136.89179375453887,0.32314338152591926
E02005712,316.060398078243,0.21010723675915344
E02005717,29.73874374652585,0.3219274444969935
E02005734,12.267788293024886,0.5345797097740981
E02005737,66.52227722772278,0.15595230177388597
E02005812,286.28816282806633,0.24924586293574613
E02005816,56.379821958456965,0.35677550203625774
E02005851,70.00765110941086,0.36702821993221146
E02005865,73.22788517867605,0.28251257912871974
E02005882,29.80625931445604,0.405417472596973
E02005888,50.45625335480408,0.34484019882882677
E02005893,121.34673836801495,0.5362593196376917
E02005897,108.15991237677984,0.3990416802127461
E02005902,22.48750694058856,0.3113580721193534
E02005913,378.0752532561506,0.33368664629870626
E02005918,78.76106194690264,0.2837447124448884
E02005921,399.9110320284697,0.20514320930110053
E02005938,26.52396463471382,0.0548688245196125
E02005961,33.87978142076503,0.18439467561430156
E02005978,56.955093099671416,0.23867803557193135
E02006004,240.801308258381,0.2945101966552155
E02006011,9.690644800596349,0.2791818306209102
E02006054,64.0713706407137,0.30303918952017206
E02006094,60.670343657191346,0.29364362282930134
E02006118,6.926121372031663,0.39461892752718786
E02006150,41.81966544267646,0.3022035006701884
E02006152,121.13402061855672,0.316355356516155
E02006191,59.669522643818844,0.33056325156932775
E02006201,25.169796244506593,0.30003363597793076
E02006218,198.34923910239877,0.299952165043595
E02006234,91.75084175084176,0.3322261838593148
E02006277,7.941550190597204,0.1661886430986783
E02006287,77.9125321572951,0.2764946373657704
E02006289,115.25885558583107,0.2963942830030897
E02006336,14.981273408239701,0.17957240731237967
E02006378,23.7593984962406,0.1895192239597403
E02006379,156.80825724493846,0.15348080136785391
E02006409,5.899705014749262,0.1735467086194209
E02006422,44.795221843003404,0.19999781679657858
E02006429,157.82788186725944,0.0902070284672547
E02006431,63.071512309495894,0.15752232791457033
E02006467,118.29717560376585,0.16003196860483015
E02006469,26.80353578557171,0.3630493953833174
E02006494,144.71544715447152,0.28164706734069345
E02006528,60.941828254847636,0.17695060699769627
E02006535,1.4139271827500883,0.18815916104329844
E02006540,66.04866743916571,0.2964313470840416
E02006559,2.87131297311407,0.303295382848507
E02006586,0.0,0.2193071157597828
E02006588,419.01188242651665,0.14418945656459314
E02006649,34.239677744209466,0.24466945102815618
E02006651,38.768115942028984,0.3496982642732682
E02006654,67.11722209275227,0.16446613120837306
E02006661,84.40170940170941,0.30818851062842967
E02006678,50.77481041872734,0.28398205399981613
E02006685,86.58008658008656,0.31333126491610663
E02006707,4.169825625473844,0.39938240495134014
E02006712,212.5263898662913,0.326548559552001
E02006736,2.1208907741251326,0.29674240981012634
E02006742,33.013544018058695,0.3377655970679747
E02006747,2.4174053182917,0.3320379747250177
E02006750,18.554310011596442,0.21424121715773747
E02006767,129.07465825446897,0.3182293058018759
E02006783,2.4196335983408224,0.19021497620056316
E02006789,37.56574004507889,0.20299443297648523
E02006807,1.9913707268503154,0.3276850226896615
E02006821,47.148288973384034,0.24894306536192712
E02006841,50.39250443150165,0.15400124330014542
E02006851,393.4481594056063,-0.10907278174912349
E02006873,191.33435582822085,0.13855705572684407
E02006915,14.44043321299639,0.5130952299483864
E02006917,886.6213151927439,0.22594125245582575
E02006922,26.880781986385056,0.33437644592621485
E02000045,11.276391554702494,0.06486377727964765
E02000088,5.026809651474531,0.2722188500163423
E02000091,65.20215003505491,0.16634860154983677
E02000096,3.971405877680699,0.08384988418162642
E02000131,85.85748529091306,0.10026579487388254
E02000151,5.01002004008016,0.23471273313698227
E02000160,40.76819407008087,0.1819952068729993
E02000201,29.365495542737285,0.029549667429995097
E02000206,67.59790471439261,0.10547597167909117
E02000272,5.428460643660333,0.07762902464683918
E02000277,18.860807242549978,0.16506492498645642
E02000339,4.796163069544365,0.18554367729639942
E02000343,12.226750648388292,0.1964796669387585
E02000362,188.68640850417617,0.05781847029511056
E02000387,21.823301654347063,0.03506664490318201
E02000388,139.29040735873852,-0.009158898440691843
E02000400,16.007840574975496,0.10395106019830003
E02000405,7.058823529411765,0.09678156525522752
E02000443,24.35216984077427,0.06258450380330416
E02000451,5.553182400683468,0.10167333895962294
E02000459,61.7283950617284,0.0645797304306015
E02000476,108.1282624906786,0.18464302419112677
E02000477,8.322147651006711,0.18504606358047937
E02000481,11.063306699446835,0.13624767099024027
E02000485,26.666666666666668,0.22105423292086535
E02000495,27.046607099734363,0.07273234415548302
E02000515,214.03671856844062,0.04818529495395296
E02000534,68.56359273225917,0.030787126311572877
E02000542,107.07517372078333,0.2571131215099136
E02000614,57.94270833333332,0.17168729758465417
E02000622,41.06835152211373,-0.019052044002405566
E02000646,11.972930765226446,0.0024306009752663726
E02000651,14.318442153493702,0.014722075839101123
E02000654,143.28537170263792,0.17077122402930378
E02000680,34.814323607427056,0.049908234555825715
E02000701,17.298735861610112,0.07016351468807436
E02000705,3.5260930888575457,0.1548109309125394
E02000707,8.199776369735371,0.24299940155683508
E02000709,2.4356297842727903,0.21598399551220915
E02000752,224.51117318435755,0.19152804794036804
E02000753,4.958677685950414,0.18283703874017476
E02000770,3.7113402061855667,0.17571300666081768
E02000827,109.43308550185871,0.08926881104682849
E02000834,25.48832777513102,0.08352097204986109
E02000845,10.944700460829493,0.09532267988245025
E02000849,36.78606001936109,0.10126516428957189
E02000886,128.41444270015697,0.0767857915502006
E02000918,39.43171933893883,0.1328398873808716
E02000938,40.426587301587304,-0.046250741759660485
E02000950,0.9279307145066501,-0.02692194584446561
E02000957,19.820670127418598,0.04303523196049852
E02000973,12.801204819277109,0.1993827437409763
E02000976,19.043840507835746,0.05950917273256806
E02000982,38.61935795317403,-0.013621218149678427
E02001005,122.68370607028754,0.5618103353679924
E02001008,10.200492437565952,0.560339160748951
E02001010,40.113452188006484,0.4250610345180865
E02001027,4.952129415648729,0.35434418485276886
E02001035,9.057363300905736,0.45697036165231797
E02001056,8.663008951775918,0.6528943193423915
E02001123,3.9985459832788077,0.38686283692374435
E02001162,0.0,0.5450121659136347
E02001191,8.403361344537815,0.4250905369900604
E02001194,43.72242278379462,0.257908789495616
E02001204,4.73310544307126,0.48348379080242765
E02001214,15.903927296332359,0.2935051811113061
E02001240,44.666923373122835,0.5157170390001751
E02001251,2.1818181818181817,0.40116587534684367
E02001283,90.44823906083244,0.37086669229278435
E02001285,34.14334051061212,0.2981288740166388
E02001292,31.179138321995463,0.18547157161206052
E02001295,10.711343037627024,0.4797573628331806
E02001296,4.806408544726302,0.5275298813675571
E02001301,75.33350771645304,0.3621815174257339
E02001322,4.431782209559987,0.48088757981007646
E02001334,240.27552674230145,0.09124741759240163
E02001359,0.0,0.3547716786168529
E02001362,11.70515659601392,0.4136505531049659
E02001375,0.0,0.40569856732436804
E02001377,127.73812453851835,0.28299328549481473
E02001417,28.705492685619653,0.2590785706950305
E02001430,27.897708402524078,0.2800666987138305
E02001441,26.041666666666668,0.33204889450452146
E02001448,25.815704553603442,0.32560219850125094
E02001476,18.426440479672422,0.3305750916508794
E02001481,22.898550724637683,0.25152373840050757
E02001492,23.735518508053122,0.3082542423475756
E02001499,6.460387623257396,0.34824650094918574
E02001506,15.702695629416386,0.2788670367904684
E02001512,105.41989279332935,0.41153553007505916
E02001535,62.813102119460495,0.22034271477799727
E02001551,11.671686746987952,0.30548983254298534
E02001603,82.67716535433071,0.47339528425794697
E02001618,30.81094404732561,0.3399196344653159
E02001623,0.0,0.4271275591280963
E02001646,68.89050036258158,0.3908568420881373
E02001659,10.080645161290322,0.3411858316055305
E02001665,44.544016868740115,0.3580031753727386
E02001679,5.645964795748921,0.39939383206973833
E02001690,0.6015037593984962,0.18658224168717386
E02001724,26.293706293706293,0.09532914272233928
E02001728,3.2956685499058382,0.2495180695060233
E02001732,203.83036935704513,0.27311444539467367
E02001749,47.25829725829727,0.042789721440534834
E02001765,43.78019323671498,0.13656860598319387
E02001776,100.02681684097614,0.22151535693681268
E02001815,0.706880301602262,0.16985774775143891
E02001826,97.36030167980802,0.2006927195083117
E02001867,31.791907514450866,0.3253598639357502
E02001883,34.57814661134163,0.38801174454480414
E02001884,0.0,0.45133167588662904
E02001904,96.2566844919786,0.4120941048924829
E02001913,10.337488598358163,0.2589889953954527
E02001914,10.478359908883828,0.2669978066265424
E02001953,26.662166722915963,0.38487521894625587
E02001976,8.957133717210493,0.26195551310619525
E02001987,141.43349942506708,0.2864052075853989
E02001989,60.975609756097555,0.3685057251083883
E02002003,9.824747742963357,0.494953483723072
E02002007,15.54267650158061,0.39035996046438104
E02002018,12.408956029134071,0.36145256945440885
E02002020,33.91959798994975,0.40978476925268037
E02002025,81.9523952997891,0.378802250288901
E02002027,1.349527665317139,0.36282625512753697
E02002028,5.4116737533822965,0.4384782544337815
E02002031,59.42710560068406,0.4596170787322773
E02002064,3.4364261168384878,0.4982223657905678
E02002077,28.491359177954227,0.35823990625956537
E02002103,0.7766990291262136,0.21724207958177644
E02002105,67.72009029345371,0.2510723268392212
E02002119,8.97592819257446,0.35328836489841464
E02002124,36.06453653906992,0.2884331051570035
E02002151,0.7849293563579278,0.42990241693344444
E02002167,9.741350352704064,0.3930626044698986
E02002191,44.564291796764124,0.4769081789910734
E02002206,20.13422818791946,0.35559601345351766
E02002207,2.167316861725184,0.2522469458875598
E02002213,149.81145011998632,0.2815458870605694
E02002227,27.00490998363339,0.2955140811585135
E02002228,37.18130311614731,0.20017806704385954
E02002273,19.24500370096225,0.3818577059636157
E02002276,25.537634408602152,0.30356511862478364
E02002278,45.5223880597015,0.43401714796417945
E02002282,1.971608832807571,0.3179674873201055
E02002296,58.445728965960186,0.2980962370194975
E02002338,9.349030470914128,0.27961551472712287
E02002349,14.56692913385827,0.30973135995329404
E02002353,18.876404494382022,0.3485917905799445
E02002418,14.154048716260698,0.329582060884265
E02002422,14.274981217129978,0.3361875182124665
E02002424,6.725771935188016,0.3842629004575615
E02002448,110.0835322195704,0.3850741774438555
E02002464,158.87050770108385,0.26458883207406636
E02002519,42.182048842372346,0.2319773114838961
E02002525,14.581124072110287,0.2650028776826998
E02002532,94.10160245482439,0.3403411408537256
E02002535,1.7232890201870998,0.21617488199811596
E02002537,0.0,0.23500016447073424
E02002548,196.95146409947856,0.39869904863244443
E02002549,0.2975304968759298,0.2289234338078101
E02002575,10.182207931404072,0.34204756587630136
E02002594,26.699029126213592,0.2846148129109958
E02002606,30.8316430020284,0.38511438542966925
E02002608,12.478729438457174,0.4160473456198037
E02002630,46.97482149567832,0.29597970813363705
E02002650,65.37396121883656,0.32114404987943423
E02002675,4.141291108404385,0.25891630368696017
E02002682,161.07000569151964,0.2084170257860558
E02002725,48.540145985401466,0.3956353551729075
E02002773,8.003048780487806,0.2600301714111657
E02002795,10.106843777071903,0.30235592863464333
E02002817,2.103491796381994,0.3522456640009235
E02002835,42.572671091783015,0.4053562993157298
E02002844,4.768211920529801,0.5269910660720436
E02002847,7.358093903293622,0.4464880146364818
E02002854,2.1725636250775917,0.44757659345829115
E02002860,32.83582089552239,0.4487811899160006
E02002869,33.36366393691234,0.565996446899911
E02002880,0.0,0.6667417614708517
E02002892,8.966861598440545,0.461595268959047
E02002901,25.19685039370079,0.3636810205283245
E02002902,12.327981651376145,0.5363872195168256
E02002940,9.654660230226513,0.3903844916005701
E02002944,109.43869551583568,0.35959898093839815
E02002952,59.56996827634825,0.200771309997136
E02002981,7.4119827053736875,0.28033815768795645
E02003006,19.003743161531816,0.30129766429376037
E02003023,9.125475285171103,0.3461976615640969
E02003026,12.650416538105526,0.23503100658870046
E02003041,6.042296072507553,0.15818835417331378
E02003045,13.721552878179384,0.1351687648932618
E02003046,75.96785975164353,0.40940975121295153
E02003071,43.45356432831582,0.32318560114636874
E02003110,126.06303151575787,0.2805661530570873
E02003120,32.00226564712546,0.3098580049113453
E02003124,53.70537053705371,0.34627623671783425
E02003133,0.9960159362549801,0.3875099650782987
E02003152,140.51876101737597,0.27256017429425583
E02003156,43.6105476673428,0.29911082308746284
E02003163,27.50060842054028,0.4036869612974101
E02003184,17.660044150110373,0.28648819862171315
E02003185,6.589785831960461,0.32436237388238176
E02003210,101.0031919744642,0.2403099976351868
E02003214,9.836065573770492,0.29709897569000887
E02003228,10.378057820607857,0.2438550531054986
E02003239,40.0,0.37608605632255543
E02003269,34.15841584158416,0.27566842165301075
E02003278,132.5475599669148,0.14004607364571608
E02003282,39.686311787072235,0.28171190546527747
E02003292,31.452722626302336,0.2629765345374677
E02003293,37.31486824389306,0.2565334781719333
E02003313,76.20402357244463,0.31396768445839474
E02003326,17.37967914438503,0.3026077226684558
E02003329,17.064846416382252,0.3260009367539176
E02003330,27.42692168892097,0.29889379528913373
E02003336,69.27465362673186,0.23880413383943377
E02003344,3.302752293577982,0.35077522181154386
E02003405,296.1215932914046,0.16266347229606737
E02003493,6.571087216248507,0.17851720447591113
E02003518,77.44107744107744,0.18678642215729013
E02003520,85.28784648187633,0.13385552504883513
E02003554,13.98337112622827,0.1059139341821842
E02003581,16.080675933496863,0.3384533644262673
E02003586,27.539779681762546,0.3647256863612842
E02003587,66.20498614958449,0.2838339833800747
E02003591,25.866666666666667,0.27111904504394335
E02003633,103.9570757880617,0.2238428403988335
E02003635,733.3952624245239,0.26139092185146673
E02003653,58.103975535168196,0.21882485639729587
E02003658,601.6033461136284,0.1942922600153949
E02003713,8.368200836820083,0.25211333819075143
E02003738,168.5082872928177,0.2804487678582612
E02003748,13.646922183507549,0.33071610769073523
E02003771,36.62477558348294,0.13654551633205259
E02003794,17.841971112999154,0.27786664557714325
E02003807,22.703549060542798,0.3333793813352095
E02003815,110.80428028995513,0.35313198186238814
E02003841,26.8630849220104,0.3062935346749711
E02003848,0.0,0.299036421885285
E02003849,101.23210123210124,0.34472474468874914
E02003860,24.575977847005884,0.29035584949659743
E02003861,14.848066298342541,0.3498838455056168
E02003869,51.470588235294116,0.3218902437815183
E02003874,9.937888198757763,0.3007669490239646
E02003886,60.407849172758745,0.3141189187132669
E02003888,90.21697754092118,0.23217928812909427
E02003889,201.13191118850676,0.33647989487725916
E02003931,109.94647636039251,0.4048749635056126
E02003943,68.50507982583454,0.2573892013786505
E02003962,90.06571318129109,0.43457319226623436
E02003992,21.899547726731733,0.28654146089659793
E02004009,56.15724027276373,0.3255260939527487
E02004052,72.14665878178593,0.3148237664120703
E02004067,8.02139037433155,0.2101333145781954
E02004096,74.04479578392622,0.43955393214503946
E02004135,27.74694783573807,0.40191631507836423
E02004156,68.8208140998741,0.19912628165811697
E02004171,124.36386768447836,0.31128646508398905
E02004177,9.838646202282566,0.29444541012921466
E02004182,45.58011049723757,0.2993275902653618
E02004191,105.76923076923077,0.39910016953330896
E02004193,37.75574773254588,0.2700782103166688
E02004201,25.10085163603765,0.3236976445407347
E02004224,46.21212121212121,0.34356253084623756
E02004272,37.157360406091364,0.28902358893847957
E02004280,147.41275571600482,0.2507265318078309
E02004290,26.211278792692614,0.22175771754044238
E02004316,118.38124054462935,0.18332503006447975
E02004318,108.02700675168792,0.14854389900808052
E02004332,63.60424028268553,0.025603052440315466
E02004348,8.378378378378379,0.3474778504578149
E02004363,44.8170731707317,0.2644674201762829
E02004372,65.33380935380221,0.25476270755982267
E02004398,131.5574884479478,0.242573907486352
E02004408,95.32949456174023,0.2706431374932503
E02004410,37.741833174754206,0.22919342104646212
E02004412,64.56456456456456,0.24195590005273182
E02004435,26.774969915764142,0.309696227728975
E02004454,74.42521924626688,0.18535871156502015
E02004455,96.74063800277393,0.20258482429317226
E02004459,89.88246139663516,0.21005341415368406
E02004461,8.41452612931798,0.36098802832886445
E02004489,78.44827586206895,0.25285546975734263
E02004495,32.15434083601286,0.16902810418580216
E02004505,270.82318558207504,0.390309508311649
E02004514,19.9048031155344,0.2998209949297337
E02004532,38.35021707670044,0.11234216614599646
E02004541,15.120555782590927,0.11494904500004566
E02004555,28.765481422293252,0.2565280268546761
E02004556,54.60164835164836,0.19100782204991518
E02004560,62.37067691398167,0.3367218598141051
E02004586,35.25199669512531,0.3128501669774648
E02004587,1.1983223487118035,0.3800627574648301
E02004588,30.142431268632,0.2912621280241936
E02004600,18.35985312117503,0.39777717760875486
E02004605,26.606631191158414,0.3561705996901745
E02004609,18.880000000000003,0.3619626738071853
E02004618,29.76588628762542,0.2829773466758265
E02004657,19.580419580419584,0.3581252509496897
E02004675,22.87581699346405,0.21752946571217002
E02004679,346.93877551020404,0.21141699161074
E02004783,0.6839945280437757,0.22172365172203712
E02004790,77.21335268505078,0.3085887572710959
E02004799,23.447565060551405,0.2118916745167745
E02004811,27.414330218068535,0.19239088285175754
E02004817,4.602638846271862,0.1705182974998447
E02004819,10.027347310847768,0.17466364666260858
E02004862,3.8338658146964857,0.17601566548383651
E02004894,127.55905511811025,0.12971984802615388
E02004931,143.13050133945654,0.19403157230921586
E02005013,23.60876897133221,0.3847843078543072
E02005015,121.4200477326969,0.30759362877711105
E02005041,109.78603998596984,0.33100201848236566
E02005069,21.645021645021647,0.2076393647782453
E02005128,239.7796462742824,0.29652744370593886
E02005192,88.8382687927107,0.25901999739068504
E02005194,32.31292517006803,0.4457041114054414
E02005198,61.38243928476114,0.3619050908816339
E02005200,34.34572807266534,0.2367851451600167
E02005304,100.77297452046952,0.32119765203857575
E02005318,52.18800648298217,0.25163505671537933
E02005350,106.29221471738357,0.37688580554701634
E02005383,25.076765609007165,0.39176825743202404
E02005388,114.66458658346336,0.44200481418089055
E02005395,30.753192598384157,0.29054989632701655
E02005419,47.61904761904762,0.3241388373638001
E02005431,59.01729343947296,0.3184537311185345
E02005474,141.59941305942775,0.39829291092872054
E02005515,55.84783488466208,0.31551708261468026
E02005547,11.500261369576583,0.39477277977432035
E02005564,22.362536174690867,0.2975154746041424
E02005572,61.77813591189901,0.31899694301080395
E02005578,17.877963466770307,0.41096273558722984
E02005613,4.040948275862069,0.4305593884055243
E02005705,82.18373936014089,0.3335276357262247
E02005801,2.5380710659898478,0.30759943161533165
E02005827,69.79438169707501,0.40257702207448176
E02005828,44.28754813863928,0.38405963216217476
E02005837,61.23893805309735,0.31694892472962444
E02005861,112.51528740317977,0.45754035548060124
E02005883,42.12727815954587,0.3788797100344432
E02005906,72.65774378585085,0.30944063200417204
E02005952,39.68403234906902,0.12010565353800651
E02005958,26.075619295958276,0.13911149738873974
E02005963,83.69497830130193,0.08454439418065007
E02005991,189.00343642611685,0.15712318112876744
E02006015,93.64782811770202,0.30712275650503873
E02006030,116.04683195592288,0.21975170367627328
E02006032,31.39377537212449,0.3134882840213322
E02006057,76.24633431085044,0.3107270365382293
E02006062,34.36581505765318,0.3232739678232761
E02006083,77.47603833865816,0.2758475856351641
E02006093,55.51107552708834,0.32319204832606907
E02006097,33.41288782816229,0.36647827472737404
E02006098,27.865737808739713,0.3603316164917807
E02006165,4.060324825986079,0.18220884780177649
E02006181,82.97623685235683,0.40054660991190616
E02006184,0.0,0.4481955521599499
E02006206,11.098130841121495,0.18989753574540913
E02006214,46.92737430167598,0.26778926548441095
E02006233,57.9822187862389,0.3206627326524121
E02006263,58.899676375404525,0.31253977888042783
E02006274,17.80767708745548,0.25659148538174925
E02006288,163.62646338143205,0.1962612968457238
E02006292,76.46622123236821,0.2279675606941005
E02006320,48.080373161105136,0.22314355131420882
E02006353,49.77029096477794,0.18244739836267243
E02006360,28.57142857142857,0.14454107939275396
E02006383,58.3941605839416,0.09474934758827658
E02006395,12.894736842105264,0.1689662351329293
E02006410,60.38570976920646,0.08908155618498093
E02006432,36.479708162334695,0.15955054116347256
E02006437,47.202250703344795,0.1843150725340017
E02006440,41.13924050632911,0.14231622218025564
E02006460,1.7743979721166034,0.1282708416433227
E02006475,384.41558441558436,0.3410251132774196
E02006481,9.01213171577123,0.5117316826535303
E02006499,73.0816077953715,0.35734925437392384
E02006543,24.67105263157895,0.2573120291487978
E02006553,143.03918445364766,0.2510554522418298
E02006566,151.96662693682956,0.26028612124413186
E02006571,172.8985940771762,0.2403967994617684
E02006573,90.53582426606448,0.294994792619244
E02006581,143.013698630137,0.1408030080759577
E02006584,0.0,0.19196893906296353
E02006599,20.006559527714003,0.2400215421660299
E02006600,47.87234042553193,0.19899779651034422
E02006603,13.21353065539112,0.20331970363372776
E02006614,259.58062183658717,0.22138143632080975
E02006616,238.66421568627453,0.18575663196508962
E02006623,37.125748502994014,0.2679902852473859
E02006647,51.34788189987164,0.33733066430727376
E02006660,121.14577631819012,0.31268728901573084
E02006668,9.137862534763608,0.15787854994127137
E02006670,70.73011734028684,0.2609837285111931
E02006675,40.260142458965625,0.24963278539308753
E02006696,101.43769968051117,0.30551685522122174
E02006739,13.295346628679962,0.34858247428818334
E02006818,2.1361000915471466,0.4388705538430475
E02006834,11.472275334608032,0.6013210090728061
E02006839,33.01742586365026,0.12291089108669873
E02006883,11.235955056179774,0.17985198418586545
E02006888,9.800490024501226,0.37600453419161806
E02006891,161.20745022479124,0.3370017311848681
E02006899,425.2840081561316,0.12876986979538074
E02006919,101.52990264255911,0.34540885636883445
E02006927,402.03714799281005,0.07891936496416818
E02000026,21.233974358974358,0.10797248610647792
E02000051,87.64489680520214,0.038448810374699605
E02000053,1080.1479654747227,0.06227772873860182
E02000059,205.26315789473685,0.17821075274985887
E02000073,2.7721774193548385,0.1836898137847207
E02000099,3.9539899352983463,-0.0120357864759697
E02000102,34.85576923076923,0.06727318060742427
E02000114,14.17233560090703,-0.10758806601579884
E02000132,95.32990574121682,0.057276600987277604
E02000153,15.384615384615387,0.19452290020350915
E02000162,47.421253028729666,0.11040443931872801
E02000171,28.840662478583667,0.03080406779965017
E02000177,51.48771021992238,-0.04724183012884531
E02000181,5.195515449822259,0.0028205052811411946
E02000208,38.99502747971735,0.05916093392328037
E02000209,54.813292223364165,0.13264573142058467
E02000237,33.65695792880259,0.16955948394397957
E02000241,18.174133558748945,0.16512867443744383
E02000244,51.918735891647856,0.05667200657006255
E02000254,7.639726578206675,0.1401818640442194
E02000261,171.28953771289537,-0.07301530551842816
E02000278,9.151921903599757,0.1787906577914029
E02000295,5.975500448162533,0.07182339728561615
E02000319,2.586652871184687,0.12954395344434388
E02000327,218.9223589308443,0.34941613920705805
E02000329,6.768189509306261,0.18777643967913882
E02000357,24.331870761866774,0.08687775126700004
E02000364,59.502436522185185,0.07353672743937345
E02000378,5.197187404463467,-0.13194797321075669
E02000422,1.367053998632946,0.19941403611827901
E02000428,15.953589557650472,0.12445757600171348
E02000463,5.380200860832137,0.10784360871968879
E02000474,19.066590779738192,0.27156919421357806
E02000479,49.30575233777275,0.1853586196324386
E02000502,60.70390700678075,0.10870973945070972
E02000507,14.513788098693757,0.14571446244770492
E02000509,169.02313624678663,0.1157401753470193
E02000537,7.391763463569166,0.08869745476128621
E02000544,2.5062656641604013,0.1592317929674465
E02000554,12.541410317084715,0.08720007277954167
E02000573,221.4557564224548,0.008321532168166001
E02000585,10.717019647869353,0.001181335045831844
E02000640,5.019815059445179,0.04993558407655385
E02000676,8.302583025830259,0.12455189569515213
E02000687,19.79045401629802,0.1141880250776417
E02000690,30.434782608695652,0.03834490887322772
E02000721,72.34198027036902,0.2638596003020659
E02000730,3.274662300450266,0.21463583951632614
E02000732,299.65606190885643,0.1339648717668549
E02000740,8.607198748043817,0.1497475829782875
E02000743,134.80815762184585,0.2875960736679968
E02000773,39.37566512947854,0.1602932441810463
E02000788,11.72940534642662,0.07236239445508375
E02000789,14.160485502360082,0.018953191685385562
E02000815,734.1017488076311,0.1675224167931475
E02000817,39.515841936632256,0.17907122967908506
E02000847,37.54657494984235,0.1504610262153232
E02000889,431.05244876693297,0.021987614524016763
E02000906,5.132591958939264,0.18246439631399802
E02000910,64.66916354556804,0.08727573064119021
E02000945,18.451519536903035,0.08800991841906303
E02000954,29.578077424967375,0.08479237804206896
E02000971,34.68075333027102,0.09610976028213614
E02000972,182.7670441927604,0.4726738578016132
E02000989,26.94528457519934,0.3990342177778743
E02000990,62.0815581253804,0.45359988737687384
E02001000,22.798932815910746,0.5328219495080813
E02001018,20.279255319148938,0.4128795801714409
E02001021,17.977528089887638,0.33192390444469133
E02001026,25.878507218741486,0.5451989521643004
E02001034,33.41164186896371,0.5351286388624024
E02001046,46.00606673407482,0.7819459999289888
E02001064,127.48344370860926,0.6282318800547753
E02001067,36.92957003429174,0.5664804419381282
E02001069,28.824833702882486,0.5345579622962893
E02001085,26.440037771482526,0.6018085776373798
E02001103,19.549511262218445,0.2924839774950536
E02001104,77.40278796771828,0.3100303692704047
E02001113,1.1261261261261262,0.46292321109137724
E02001142,9.599332220367279,0.2905846447034284
E02001154,37.383177570093466,0.5524040285644176
E02001169,54.327375352775164,0.40812111081434477
E02001198,20.951810835079318,0.4245662936579606
E02001246,10.262989095574087,0.37958020551763827
E02001272,12.956419316843345,0.38049045444840335
E02001303,67.91443850267379,0.46415859115374225
E02001305,50.65165876777251,0.3159927074197375
E02001318,32.67589049161025,0.4041282640991284
E02001348,4.7649301143583225,0.27349304010274
E02001376,39.85220374769068,0.41710886349351206
E02001400,51.426558647411056,0.4606935911072121
E02001405,77.75637939335579,0.6189974015122601
E02001439,42.078302231979514,0.3051787480591601
E02001455,31.925849639546858,0.3145293478719582
E02001463,52.07187385405208,0.4585629153577404
E02001473,8.949880668257759,0.3614976815858171
E02001478,43.05674365554604,0.38043978617112995
E02001500,15.151515151515152,0.3549493687852223
E02001528,31.645569620253163,0.44460950838387436
E02001531,143.87271496276236,0.3609052375077324
E02001534,47.89473684210526,0.2968564487278229
E02001537,23.546099290780138,0.29414381181357196
E02001565,171.32867132867133,0.27054392898218804
E02001567,10.036978341257266,0.3079436017380033
E02001583,15.270326042096574,0.44075656833357435
E02001597,22.167487684729064,0.28009374924068453
E02001598,6.882989183874139,0.29468160106491226
E02001604,436.7583212735167,0.3191496613331104
E02001632,2.5171624713958813,0.7125400521172338
E02001633,63.89675794774945,0.3868973572935861
E02001634,15.00682128240109,0.38317757463637836
E02001647,1.1185682326621924,0.32735306549976073
E02001662,0.8839127872716558,0.3828416044703431
E02001713,20.2779676463887,0.1666444510385663
E02001745,65.32663316582914,0.16540355310164934
E02001760,56.755978104292716,0.12931113954626916
E02001801,22.266401590457257,0.21506077483678254
E02001819,75.31106745252129,0.18687737332981502
E02001824,11.015583019881783,0.265460535251135
E02001860,0.7012622720897616,0.43695800733990087
E02001868,5.688282138794084,0.41685591150837276
E02001872,1.5984654731457801,0.5086788286052872
E02001875,83.02696078431372,0.12212476787712312
E02001900,6.095238095238095,0.08842381631267937
E02001910,11.587982832618025,0.29852710357419543
E02001935,13.279802347127857,0.4009003789560488
E02001938,79.73219720024345,0.4166330825018223
E02001947,1.742767514813524,0.46952117291364814
E02001970,104.28455941794664,0.43505828423225434
E02002034,49.94629430719657,0.3538117775378753
E02002036,2.1637216011539846,0.3629188100665157
E02002040,7.968127490039841,0.3763868270813351
E02002058,35.698831674599745,0.530859764434422
E02002073,0.0,0.44641710616531327
E02002089,32.4254215304799,0.2606435235694242
E02002112,3.1545741324921135,0.4469809380562193
E02002114,3.785011355034066,0.28515068710458635
E02002130,70.07874015748031,0.3820958460769299
E02002138,3.4587116299178557,0.36262086820714146
E02002147,123.9857189224278,0.5060193663913628
E02002156,8.800234672924612,0.4973097292527102
E02002174,28.571428571428573,0.3526055025100545
E02002186,124.77064220183485,0.32942720047426377
E02002194,43.12841969745735,0.3050619892534394
E02002203,31.050228310502284,0.4074074415274911
E02002212,183.1858407079646,0.37043172661690527
E02002222,13.247282608695652,0.19630919210174547
E02002233,13.729128014842301,0.3848268013628484
E02002245,58.99221630479312,0.5427397617368337
E02002249,3.3542976939203353,0.25322818100183486
E02002259,56.85733976567884,0.32288832617359375
E02002281,8.294930875576036,0.3749635868640544
E02002284,44.184290030211486,0.3151163232830472
E02002324,65.81287797936676,0.3517375236350979
E02002336,102.61854210898797,0.22202555467128082
E02002348,57.2057205720572,0.4190101573762952
E02002351,37.96909492273731,0.3369807703024996
E02002408,19.277845777233782,0.31210443042866576
E02002420,10.003031221582297,0.46291591054349635
E02002437,8.997955010224949,0.32091424867501406
E02002452,179.69379532634971,0.3622318970989937
E02002454,129.74404236540158,0.3165593497799408
E02002462,46.14923584057537,0.30867556175326705
E02002472,8.200082000820009,0.27895889198511536
E02002488,9.952229299363058,0.2165524790168627
E02002494,6.472491909385114,0.46701522744554147
E02002556,56.85986793837124,0.22442477119916404
E02002567,314.4281707697102,0.39789945484099576
E02002570,8.5952189094816,0.2166166883579308
E02002580,62.75539988324577,0.3551423279083794
E02002583,87.61720012932427,0.18537875539521664
E02002585,62.078823769654896,0.34127319429413916
E02002637,0.0,0.33134777445547936
E02002644,1.4236902050113895,0.22172117959954463
E02002666,5.474952094169176,0.23104873082132293
E02002679,3.408738766656337,0.21341521097701932
E02002684,52.938634399308555,0.37064044102463356
E02002707,37.13988198542173,0.280456326968328
E02002723,56.19556055071649,0.06703848114071409
E02002727,21.231422505307854,0.300602092270811
E02002737,0.0,0.20982005563192363
E02002747,231.15283074215316,0.27202605585029893
E02002770,60.02069679199725,0.3066586104002216
E02002801,3.7974683544303796,0.32376207223499787
E02002812,151.35929463629685,0.21737235409910038
E02002820,1.9787286668315607,0.40802656375364244
E02002836,19.16320664324497,0.4583996551783258
E02002855,22.613065326633162,0.38497255333536096
E02002886,116.05584642233858,0.5332668585647493
E02002896,61.75663311985361,0.5631127746205733
E02002903,4.197271773347325,0.5707118612475206
E02002946,39.91781626063985,0.39796667768912375
E02002955,16.93227091633466,0.2701875459208578
E02002958,5.885650224215246,0.3037344712205172
E02002969,58.42424242424242,0.4039718188880048
E02002985,337.3161764705882,0.34285200902266944
E02003011,116.4319248826291,0.27848374868604786
E02003013,16.082474226804123,0.3656723355034748
E02003015,11.083743842364528,0.2514432345722728
E02003040,43.71584699453552,0.38025476418768633
E02003043,274.37056165267916,0.20966704380337653
E02003051,52.27834687389615,0.3067144024074011
E02003058,66.99687174139729,0.2932223695695395
E02003082,36.155400853357285,0.32260733277537934
E02003086,6.761565836298932,0.4227776086802182
E02003125,21.525679758308158,0.32007340158238407
E02003127,10.457516339869281,0.3930551706035841
E02003141,5.9620596205962055,0.28486491813483905
E02003143,4.552352048558421,0.28603054441330844
E02003172,26.041666666666668,0.28635593023537886
E02003176,0.33602150537634407,0.2921174562865412
E02003177,14.115432873274782,0.27403892344262637
E02003216,66.2234722577346,0.25114294581456864
E02003217,2.5225225225225225,0.14619343301768684
E02003219,1053.627760252366,0.14971324703815903
E02003227,17.569021154535672,0.373011363258426
E02003255,265.28991262907067,0.3322857900111691
E02003271,8.093070308548306,0.2004320302238387
E02003283,34.35382098621173,0.2870504302488719
E02003290,26.092927443350874,0.22399013780729682
E02003294,6.375924509053813,0.2741765650082968
E02003315,72.9995320542817,0.2439783425546871
E02003333,26.896551724137932,0.3270744741624414
E02003343,8.140531276778063,0.3030868684812553
E02003352,54.6843586650583,0.20424775302933718
E02003363,120.80536912751678,0.10328543709781002
E02003371,9.619588981198076,0.1822103166282627
E02003391,18.867924528301888,0.18147753409263778
E02003396,14.017521902377975,0.11285038343443254
E02003399,377.1855372602275,-0.07363164688336532
E02003467,72.69076305220884,0.2660982276463484
E02003515,24.323585679147303,0.21118562925566664
E02003524,1.9505851755526658,0.4004915631732304
E02003549,3.159003159003159,0.2202788576747423
E02003556,2.0234722784297854,0.24378392284277517
E02003572,17.713365539452496,0.32584514404692744
E02003582,34.98293515358362,0.3085398230153915
E02003589,31.927710843373493,0.23123216165260807
E02003600,9.780907668231611,0.30866543980085837
E02003641,0.8956560680698612,0.25196209780056655
E02003647,183.8425686172967,0.2540560165970467
E02003648,15.865820489573888,0.26600432519921924
E02003673,224.38736344847948,0.12366002967066692
E02003687,42.62144821264894,0.229410740082443
E02003690,103.70634354953673,0.12660306803761223
E02003705,13.64913689281413,0.1862588476629874
E02003733,68.24838898652608,0.26435671948801165
E02003739,60.053211706575446,0.226326942306601
E02003757,179.0050920485703,0.3948839699234421
E02003769,85.81106511102746,0.3273689279670915
E02003787,106.65783371977477,0.2358911451484591
E02003793,40.05572971090212,0.20629308764025112
E02003798,7.234726688102894,0.31007117036423626
E02003822,194.5898778359511,0.29652117756453045
E02003827,82.68933539412674,0.31077329377752694
E02003845,270.6708268330733,0.4926298918561134
E02003900,11.974110032362459,0.3011050927839225
E02003912,86.67048054919908,0.3939546372688971
E02003979,38.2089552238806,0.27410141235043817
E02004001,5.484460694698354,0.2876468712637621
E02004002,3.9306358381502884,0.1754258270605158
E02004012,64.6326776395022,0.34050001429761245
E02004016,26.75227394328518,0.35481513795043895
E02004019,11.480718280836033,0.24733077692821315
E02004054,47.44036451353524,0.4034876342193314
E02004068,24.530587522713507,0.3761791355327917
E02004072,125.73885008060182,0.3371961828175616
E02004073,10.898522644708162,0.2649869776955329
E02004110,7.653061224489797,0.35383736624742745
E02004113,139.80630742488202,0.3680799932813441
E02004133,128.53678253839936,0.3174314335996513
E02004136,154.79693937610358,0.35575677102869285
E02004149,4.102946661693398,0.2505323520232565
E02004163,256.9974554707379,0.2907899131006939
E02004204,78.00891530460625,0.36902696726894035
E02004225,44.29860541427399,0.364982939662017
E02004228,43.1095406360424,0.34414763497279655
E02004242,16.494178525226392,0.2492780736522313
E02004259,42.04421891989852,0.37139898690136786
E02004262,55.05161088520488,0.23223215576106426
E02004303,17.513801637159716,0.3339114157595393
E02004340,39.69243557772236,0.2031678048881762
E02004347,119.18990703851262,0.17839578548390822
E02004351,17.22488038277512,0.28027322910909813
E02004367,10.585122022934431,0.24718566147695142
E02004386,96.62356321839081,0.17933574516243755
E02004433,9.753454348415064,0.2358828609809951
E02004436,25.46148949713558,0.2766127004364849
E02004472,19.140625,0.1467568081451187
E02004477,8.825786646201076,0.2977073899069609
E02004501,7.651363938789089,0.19707012247305045
E02004506,38.57566765578635,0.27427061735789593
E02004509,370.2696578291411,0.2857508610367834
E02004517,116.94238448374216,0.2546528228836795
E02004518,78.20363917924894,0.3039757119378814
E02004534,11.419249592169658,0.16548532633110646
E02004557,75.78008915304606,0.3207238796530749
E02004561,69.48332909137184,0.26643401006896283
E02004570,23.391812865497073,0.2353612307168813
E02004578,137.30645632486124,0.35556770115211567
E02004590,25.984049395420627,0.20186458968850296
E02004615,161.04764558372804,0.3562080826094558
E02004621,52.207541089268446,0.28921935177066693
E02004625,164.17538614848033,0.29184306561367634
E02004634,202.90874970677925,0.48184889998306524
E02004636,1.5281173594132031,0.2701930366813885
E02004646,23.268112109994714,0.38552069860946414
E02004666,106.30434782608695,0.3458520271384762
E02004671,312.09677419354836,0.3046978888407814
E02004702,4.011107682813947,0.18132090950286184
E02004714,7.712844853159299,0.26261708005190876
E02004715,157.77194517351998,0.2882793109813244
E02004731,8.972772277227723,0.2437333433306179
E02004749,6.213211249182472,0.3112848312046612
E02004753,136.3282264346923,0.21379787186475596
E02004769,16.949152542372882,0.37884331004606775
E02004782,19.26550270921132,0.19126687620287441
E02004796,17.84456445174924,0.31971560672315036
E02004810,159.9320882852292,0.12782846138613024
E02004848,11.22334455667789,0.16043717250069456
E02004863,11.58422041327489,0.12767879491124035
E02004866,33.61654968599925,0.20611914170152978
E02004875,54.2219711945778,0.14161208290089178
E02004882,44.988422097254386,0.21813100949066566
E02004907,119.76682564917859,0.09029746900096214
E02004909,84.13793103448276,0.15580685286553297
E02004935,131.93116634799236,0.06547792937950625
E02004937,17.73180642777983,0.11942903929767468
E02004940,61.512605042016816,0.1688382064566678
E02004941,34.01541323412171,0.2055520311064214
E02004958,9.087731562390774,0.12422506488314333
E02004960,20.604395604395606,0.13054813272039034
E02004963,13.888888888888886,0.1170487686720385
E02004998,7.868115399025853,0.300218614523466
E02005027,29.051293690422153,0.34295018231127905
E02005057,68.01736613603472,0.2559185427331858
E02005084,256.30089181853435,0.16884458992279328
E02005099,37.97856049004594,0.20835784747119135
E02005114,12.793176972281449,0.3334150651786638
E02005123,140.9426987060998,0.2670627852490446
E02005148,50.77781039037276,0.3971347839140904
E02005166,30.2923564635435,0.17101547614276846
E02005196,265.1630600426699,0.23128910106816747
E02005234,60.11252591057151,0.20986319341705162
E02005243,60.113728675873276,0.2970853074178743
E02005248,14.687882496940023,0.2436220826577502
E02005252,62.480950929594634,0.40200176228570417
E02005254,914.9525316455697,0.1989086334945771
E02005275,167.61239633347884,-0.013686390171199214
E02005280,28.498014482597522,0.46983799966734097
E02005293,8.330027766759223,0.24380423894658154
E02005295,86.08000000000001,0.24177041842649416
E02005298,241.62436548223351,0.36774679284622547
E02005328,103.50928929519316,0.25708163200306444
E02005332,32.36514522821577,0.2178519645908148
E02005339,17.418617932609937,0.35116304929233877
E02005354,65.7820440429136,0.30115110668359435
E02005360,38.4917517674784,0.392713586626134
E02005362,59.38332698896079,0.43765281045179893
E02005381,116.63706335109532,0.391120535308759
E02005392,81.78243774574051,0.3323297240045191
E02005448,4.478566858605246,0.3015972322533713
E02005453,63.47121908513898,0.32601296847192796
E02005467,106.26363353069492,0.3411022781984041
E02005479,141.9336706014615,0.3502304614327665
E02005487,30.294759825327514,0.35799767011302297
E02005493,87.60628703942282,0.3610840646887299
E02005513,182.89237092216803,0.3104320841036401
E02005528,57.09624796084829,0.28130084843351266
E02005530,60.008956560680694,0.28335583437346834
E02005531,5.922165820642978,0.26155238020328486
E02005544,28.69832593098736,0.39362957715321656
E02005566,59.71277399848829,0.36074095556124863
E02005590,97.75753328661527,0.1977405325989965
E02005635,78.61008259755056,0.306879301306072
E02005640,48.9749430523918,0.44475991699464323
E02005650,156.76359039190896,0.3787050002444854
E02005687,113.3276740237691,0.26276969391797866
E02005703,57.14285714285713,0.19973836844540926
E02005748,66.2519440124417,0.33903916472764273
E02005751,57.20283390186303,0.23780822471845653
E02005756,65.63106796116506,0.26146219894237177
E02005759,140.63734527258362,0.2614173445166781
E02005760,58.16733067729084,0.3071180828323401
E02005771,56.05515587529977,0.2698150706233555
E02005784,24.34928631402183,0.2686625666184028
E02005805,107.16530483972345,0.31753943249001626
E02005810,70.05104934770279,0.3152449778308517
E02005839,108.12746151092014,0.315185126016563
E02005859,50.869452374772905,0.43298217732317923
E02005874,6.74217907227616,0.3597876508324864
E02005934,4.814500141602945,0.21897904763796916
E02005944,151.439744045503,0.17035834862930876
E02005949,20.97348634744757,0.09970136376261252
E02005951,1.1574074074074074,0.18950058610045062
E02005979,79.13090128755364,0.13157635778872034
E02006002,103.42465753424656,0.1181177593418603
E02006010,56.47009793707023,0.38752396472755457
E02006026,117.77378815080789,0.43479093748999365
E02006041,42.88025889967637,0.39334689190276517
E02006053,146.8295218295218,0.3535195283692465
E02006146,94.26795580110497,0.2960851192550171
E02006162,13.866231647634583,0.29153127906106047
E02006171,6.25,0.330156156176586
E02006223,5.079825834542815,0.3663246987915887
E02006228,55.37325676784249,0.24514268691370678
E02006282,39.30933137398972,0.3016938546587733
E02006293,38.151137197358764,0.3456313127465478
E02006313,22.56637168141593,0.4178478305721143
E02006324,8.654886404615938,0.1455473521203281
E02006339,67.77153003847292,0.08375571645322388
E02006345,9.539610120282042,0.1287338668431346
E02006350,18.75,0.17205189015649935
E02006398,152.92712066905617,0.1161136681552346
E02006399,121.9938784433756,0.12292870654251331
E02006405,131.16395494367958,0.11740201069464007
E02006414,4.726270185112249,0.15769465473429278
E02006415,37.742041352149656,0.13066195019657023
E02006419,41.89671971419292,0.13870140173985135
E02006433,61.70212765957446,0.2084431426059865
E02006473,31.111111111111114,0.22189863104888818
E02006483,13.292117465224111,0.4306960605657766
E02006484,16.0996354799514,0.24487632438117046
E02006485,8.550053437833986,0.32212423075634433
E02006488,20.40085898353615,0.32511797600005643
E02006501,79.33247753530165,0.3086689397781166
E02006506,58.09789096697175,0.37331111426860275
E02006522,102.70734851740437,0.2790170308302429
E02006538,80.80808080808082,0.2039327150485324
E02006544,185.56201550387598,0.24625539556851095
E02006547,210.43478260869566,0.2705907443555535
E02006589,71.66853303471446,0.18073569389423483
E02006596,106.82226211849192,0.21503048367624622
E02006659,138.4718051384718,0.2646626437082471
E02006705,42.213550904576095,0.32427191610401174
E02006708,10.532475131655938,0.3226282522752779
E02006731,10.01155179052753,0.33860019868962166
E02006733,15.63110590074248,0.28766174786818066
E02006737,46.766743648960734,0.2600794707848886
E02006759,169.86301369863014,0.33300692332128
E02006761,41.06628242074928,0.273223556468956
E02006773,35.35620052770449,0.3013248488555673
E02006812,27.429934406678594,0.24337287130733642
E02006836,26.917057902973394,0.18645892305991651
E02006846,285.417388292345,0.3198668978714867
E02006848,23.51313969571231,0.2066913718499226
E02006849,64.30026185627001,0.2533531314706483
E02006868,56.432517758484614,0.3337731796520478
E02000034,61.710255656773434,0.0846000547313519
E02000050,27.251492343628342,-0.002361276185679273
E02000079,163.14661769207223,0.22369542309949253
E02000104,11.74875734297334,-0.10810698051455248
E02000144,123.46645784390498,0.1818473609421858
E02000152,9.149828440716737,0.13051276526244138
E02000158,4.065040650406504,0.2827025424452625
E02000161,5.639655684179282,0.17662353567931532
E02000180,155.86328815556865,-0.02842861317001244
E02000187,129.17933130699086,0.10036301795992841
E02000193,64.67532467532469,0.03222775236173092
E02000197,19.982368498383778,0.01932052410667673
E02000225,6.646971935007386,0.20867940647366012
E02000268,27.4581589958159,-0.005863016248166986
E02000275,192.86719849835757,0.3044519461503423
E02000279,13.544536271808997,0.12600965862759494
E02000287,231.88976377952753,0.10688950990590307
E02000298,13.008130081300813,0.06321388302852071
E02000314,15.061615700593336,0.18508934156668033
E02000347,43.637697103043635,0.14345507434171623
E02000348,89.1583452211127,0.18890715362327626
E02000354,38.46153846153847,0.13090112490702843
E02000369,120.0,0.029789047079942677
E02000391,20.473822755191577,0.03877414624382425
E02000411,618.5528756957328,0.09466589602872766
E02000416,174.70401386081434,-0.022649478274018975
E02000510,15.331664580725908,0.14545583566460962
E02000558,30.158730158730158,-0.02324879976126759
E02000562,1.947690595436839,0.05512649287880578
E02000586,21.98980960042907,0.06322186525282447
E02000610,49.66974900924703,-0.015756583230102095
E02000638,19.980506822612085,-0.06343775938509566
E02000653,296.87059486890325,0.06574875188673346
E02000663,20.323802962452632,0.19717783004104206
E02000706,17.49002761583308,0.25901887743768803
E02000710,25.561097256857852,0.18011820968587955
E02000764,8.647654093836247,0.13473259397015624
E02000765,25.114155251141554,0.18893050004566803
E02000787,59.583333333333336,0.05283569438436153
E02000820,11.87709785695843,-0.07963493871663374
E02000830,10.573618821041501,0.03455923179328657
E02000859,30.69794381697075,0.07920837857353114
E02000861,5.0197203298673365,0.2104440213340748
E02000865,71.29931234165761,0.05019293330444974
E02000871,321.5320244608947,-0.045074152911729115
E02000917,45.64193168433451,0.1255440732566484
E02000920,79.79033197437391,0.05225069034387708
E02000966,7.000424268137462,0.058520330161663026
E02000977,246.21309370988448,0.5636946078436473
E02001024,3.2924274169410355,0.3574795267040054
E02001032,29.807692307692307,0.38815936101057247
E02001049,7.409236848604594,0.4931469189893942
E02001051,17.388741526672565,0.7178965550393679
E02001065,66.54343807763402,0.5647709887040415
E02001072,25.928896017107725,0.3507537346473013
E02001073,12.702366127023659,0.25325105016825233
E02001081,15.850144092219022,0.28309988126149044
E02001093,43.14452091053468,0.39051880164245567
E02001102,52.92929292929293,0.3379761171579112
E02001118,5.764796310530361,0.363078853162909
E02001127,53.04659498207886,0.47106442808674753
E02001132,66.78321678321679,0.3420575456924828
E02001140,13.184584178498984,0.49968299267771243
E02001151,24.56684768554435,0.48736684062069013
E02001176,62.560714979599766,0.358423095477435
E02001178,1216.5808627729452,0.25532043425846673
E02001188,67.37082500713673,0.5437074409857505
E02001201,43.19210201563143,0.3781234278766741
E02001205,67.76406035665295,0.41099109910518017
E02001232,5.993150684931507,0.39057649561441377
E02001243,51.005950694247666,0.2158905868216463
E02001253,2.646669607410675,0.4483376309209808
E02001280,22.765598650927487,0.4389546915712268
E02001302,34.75853583512765,0.1532102321374449
E02001351,0.5689900426742532,0.4699548168777561
E02001353,0.0,0.35156365605660955
E02001366,7.351139426611124,0.49346815271561173
E02001373,13.450721447786744,0.49939692794236823
E02001388,8.633093525179858,0.44169280036417646
E02001390,74.74352711284808,0.7148200484916254
E02001399,0.6978367062107467,0.40633287705403554
E02001428,33.30373001776199,0.39443713358824084
E02001432,7.133303611234954,0.28849631432659084
E02001454,28.159340659340657,0.34412348124242254
E02001459,13.66120218579235,0.31180627178356524
E02001465,48.98595943837754,0.0037836753209496976
E02001468,8.368200836820083,0.44075630406585464
E02001490,0.28977108084613157,0.3528958264710438
E02001491,11.609158336020638,0.38192547189323456
E02001495,50.14836795252226,0.26318711278708395
E02001502,109.41336971350614,0.33151113991769154
E02001504,3.587736464448793,0.3454409066039732
E02001508,41.40669313669881,0.32121801220421453
E02001515,44.15518121490557,0.5122016254365667
E02001517,44.37354988399073,0.35409041032604804
E02001518,41.59049360146252,0.31911195787947033
E02001522,92.53333333333333,0.48842961119210404
E02001536,50.696086157079066,0.33962486865526387
E02001553,118.05389935606962,0.33395791765450067
E02001570,70.00642260757868,0.2748014261816296
E02001575,168.31009860591635,0.4737624176559443
E02001576,197.2346482309882,0.4093269980754286
E02001589,12.470997679814385,0.38762367642302475
E02001599,45.298819946707276,0.2945236042684982
E02001609,21.79988820570151,0.25464630334924454
E02001631,6.553470360440869,0.41806863341067046
E02001635,11.262798634812288,0.32747954232584675
E02001719,1.86219739292365,0.24651166904800892
E02001720,23.63146874065211,0.14611746754357835
E02001778,12.589316093909494,0.0677315449865743
E02001789,13.354917037636584,0.2728716552116186
E02001798,12.481857764876633,0.21994127098074667
E02001804,28.085735402808574,0.2694477455690105
E02001873,2.532286654849329,0.38334207405127696
E02001899,60.32338308457711,0.29975878418931057
E02001907,33.535844471445934,0.364643113587908
E02001925,18.13655761024182,0.3225347287774314
E02001937,8.002462296091105,0.3154095028030328
E02001943,5.399151561897416,0.43129755911222833
E02001945,36.797934151065206,0.4924288649163522
E02001961,18.614586512053705,0.4317681917756424
E02001986,21.18762196821857,0.4576761696975815
E02001995,56.31067961165048,0.2930879136350901
E02002021,107.35294117647058,0.34869361630825324
E02002065,52.729199788023315,0.3862662163483126
E02002075,9.741163373225717,0.450042901630213
E02002076,12.502790801518197,0.39791026622374215
E02002090,16.072980017376192,0.31747859696032865
E02002123,1.8559762435040832,0.47295223061249914
E02002160,55.756698044894996,0.38265070781913213
E02002177,186.33865480240775,0.36298527791294344
E02002185,39.14447134786117,0.37259912403207895
E02002189,7.558915073365941,0.2167450396393651
E02002205,39.320822162645214,0.28435509001476156
E02002215,32.56494694474936,0.15476603900262909
E02002238,3.1421838177533385,0.29734088363523004
E02002287,21.595900439238655,0.16903879708530045
E02002305,13.26259946949602,0.4238738575182346
E02002313,6.289308176100629,0.34886060861029566
E02002322,25.170801869830996,0.33163443737484766
E02002340,78.47003154574132,0.3025866786759899
E02002354,26.442307692307693,0.19136565132527839
E02002359,70.68157230436351,0.31088833501071367
E02002362,20.494104435710277,0.3499554231332995
E02002375,61.411149825783966,0.5274450555966421
E02002392,226.1904761904762,0.23965012386918527
E02002405,90.45848822800495,0.27884312378457654
E02002409,22.787694644891758,0.24990529387203075
E02002421,0.7665772326561902,0.5222901152477393
E02002442,92.23128769067046,0.24318430219765563
E02002459,49.8220640569395,0.23862427716441825
E02002534,13.770757391656542,0.2770327257577003
E02002541,12.195121951219512,0.3059227549053647
E02002620,62.945736434108525,0.347876638947465
E02002661,10.080047435517344,0.27171151240604274
E02002687,16.672707502718378,0.30635773604310756
E02002706,48.504983388704325,0.16773077873100473
E02002711,99.93694829760402,0.3073638714871736
E02002720,49.65517241379311,0.33952279825610177
E02002728,45.91143710948111,0.3257569045354227
E02002743,0.37523452157598497,0.23449093673590315
E02002748,48.185776487663276,0.3182076267254308
E02002872,11.268343815513628,0.5402395089722836
E02002898,40.12841091492777,0.4553317432133275
E02002943,621.5986394557823,0.35581931610121664
E02002954,2.7631942525559543,0.1567016075801959
E02002959,42.56480218281037,0.22586576070305764
E02002973,6.2929061784897025,0.4132218638952665
E02002986,322.06328565236237,0.2734000935284717
E02003002,247.00342465753423,0.2330236599139166
E02003017,15.350877192982459,0.26177996759847133
E02003025,32.6485693323551,0.3322943462100909
E02003027,19.659239842726084,0.22917962367443145
E02003074,22.331786542923435,0.339163659471037
E02003085,3.6286664650740854,0.3573199557990785
E02003093,44.38738077769626,0.19312716291460497
E02003114,36.06766677306096,0.30602437098617585
E02003158,25.306445235270857,0.3186118537383047
E02003168,7.465108730931515,0.2886394684081086
E02003257,9.909399773499434,0.3755774101435234
E02003301,149.20303109485235,0.2770078847089934
E02003338,110.46133853151397,0.2491430742893126
E02003346,119.29133858267716,0.27148009787550187
E02003359,0.7054673721340388,0.14009035898862798
E02003370,48.44814534443603,0.12896434096251497
E02003412,25.817083218895906,0.08325670151903175
E02003420,43.03197789182788,0.09132497669336104
E02003426,16.662187583982803,0.0861184064604057
E02003435,16.877637130801688,0.12168916131546403
E02003438,84.0213695968917,0.10373581993082581
E02003502,18.124006359300477,0.29126995987754434
E02003527,21.003500583430572,0.188007481001911
E02003555,129.29936305732485,0.27301221671642306
E02003598,20.604395604395606,0.22887635361260372
E02003609,146.46338415396153,0.20869366113315024
E02003613,27.230833682446587,0.2686801171313
E02003616,30.329670329670332,0.24349694970382352
E02003654,66.57608695652175,0.25463742603599115
E02003661,49.37076476282671,0.13707511344880352
E02003677,35.72380698480405,0.18696069739490362
E02003678,16.40091116173121,0.13888272319506
E02003689,112.0253164556962,0.08731566449370831
E02003724,45.543107647345344,0.18303497423843496
E02003772,16.106442577030812,0.19286372990184297
E02003773,5.7683433317951085,0.2581396702397569
E02003799,7.089912987431518,0.4537701845341138
E02003803,53.760661669682094,0.24160407368387116
E02003812,152.1289789169078,0.29979860478657994
E02003824,348.82671480144404,0.2840317979449969
E02003830,34.85838779956427,0.43766980121572807
E02003837,401.7779705117086,0.22364975228680084
E02003864,118.92935982339955,0.2218265526834351
E02003903,12.883008356545961,0.3155745613673684
E02003906,202.79424216765457,0.5125996213747346
E02003930,50.27777777777777,0.26388191864442945
E02003951,13.356164383561643,0.38491855399683494
E02003967,17.877094972067038,0.33313617929859785
E02003968,33.82157123834887,0.31824053701888744
E02003975,102.58275736631501,0.2367956404825371
E02004006,20.886398369842077,0.10002371961613576
E02004015,36.59370725034199,0.16426033176631094
E02004038,26.077408729069447,0.35774922413782395
E02004040,97.86768726079828,0.4011661596885112
E02004057,26.19187757504414,0.3639053394772995
E02004059,27.227722772277225,0.35442971705820714
E02004100,115.98258706467661,0.33202639147575486
E02004114,234.2712614606386,0.2701083277235323
E02004118,350.0,0.3279168784496793
E02004120,431.96693076128145,0.30690854851281646
E02004126,107.01229644400132,0.3303885840334937
E02004128,156.4245810055866,0.3633062679741137
E02004155,15.1285930408472,0.29707308312762937
E02004164,53.876956680014565,0.3885342435381043
E02004168,28.16386247256766,0.45508488505632005
E02004190,193.30289193302892,0.3230783441458014
E02004195,18.595825426944973,0.44100861516717593
E02004198,46.644295302013425,0.420732580238953
E02004223,70.93678280826204,0.39643572337669575
E02004226,37.08565802428618,0.3326244755257308
E02004240,44.254658385093165,0.25041067765454983
E02004241,37.02807357212004,0.27853407061990865
E02004254,31.878371750858264,0.2920858091140168
E02004260,119.29086538461539,0.24902025223085822
E02004274,24.325224925024994,0.2838609645659096
E02004276,33.06078919303235,0.31292399496242496
E02004339,82.41574908241574,0.15749616228282015
E02004362,14.22594142259414,0.16888422119672963
E02004395,24.43712246018671,0.4125265276534895
E02004397,61.570493753718026,0.1986405941080438
E02004406,38.152610441767074,0.17118557211455965
E02004566,39.09205548549811,0.2651077504132422
E02004577,329.9711815561959,0.31844504181895505
E02004581,222.50886810706223,0.32541149715219486
E02004638,21.444201312910288,0.2409641676156955
E02004642,22.2707423580786,0.31671111390172424
E02004653,353.0556636823667,0.2728580555978475
E02004667,41.70989831915335,0.2625191669993887
E02004668,63.246471226927255,0.3134347987213282
E02004742,0.9285051067780872,0.29524612158617813
E02004748,33.56408642752255,0.2459864891473762
E02004778,45.27629233511587,0.333813009225957
E02004787,16.954022988505745,0.22885958998487865
E02004792,12.6242277733011,0.2849380288381589
E02004805,50.98980203959208,0.1906132224524697
E02004807,39.36591809775429,0.19598237983024092
E02004813,6.0313630880579,0.21705197860910275
E02004828,150.33986405437827,0.22415407715190483
E02004840,105.61966884094329,0.2225050134239659
E02004867,52.47813411078717,0.2719724419743006
E02004877,48.711943793911004,0.15771547652886753
E02004879,112.51621271076523,0.1758605523025345
E02004892,136.38219681502653,0.10012941000469056
E02004904,108.6082059533387,0.1381462899824033
E02004911,9.880749574105621,0.23513808072202558
E02004925,18.231854145166835,0.22909456240761905
E02004944,122.31340367330989,0.20037258843952266
E02004965,10.167029774872912,0.14992732550413557
E02004970,29.11117993186745,0.10390218761698122
E02004996,35.4247973581507,0.3916325307001003
E02005009,61.77606177606178,0.25822602935341266
E02005063,168.89428918590522,0.2922667401724084
E02005073,58.98578400169743,0.16670516630652088
E02005076,78.33430401863717,0.25432605437309164
E02005136,22.040302267002517,0.410855956743041
E02005151,22.7088402270884,0.3099858318822424
E02005162,166.26965221534064,0.23132130679858953
E02005169,92.44060475161987,0.11933811247609682
E02005173,66.14890198178897,0.13069117636914385
E02005175,99.3201300620751,0.2154409324733777
E02005186,74.8811410459588,0.24097810463105152
E02005205,127.14508580343215,0.2517971702646955
E02005212,39.055973266499585,0.21916135156739802
E02005225,107.79220779220779,0.32513963498668197
E02005244,50.14504765851637,0.561003421402412
E02005286,31.591737545565007,0.5111072742396177
E02005289,5.736137667304016,0.37365102614028256
E02005300,58.625660740028835,0.30467907670060956
E02005324,308.515190415062,0.20496685870972797
E02005326,1.2623074981065388,0.29337402497362053
E02005338,257.25941924646025,0.4583340068863313
E02005353,121.33891213389121,0.3542119590467001
E02005361,6.839452843772499,0.3763727109611308
E02005376,149.746192893401,0.32982456959029705
E02005398,80.44649730561972,0.3518420705015295
E02005407,370.2958919850617,0.4347725706912495
E02005424,71.7122167717823,0.34652915666871653
E02005427,43.20804971885173,0.27044755908511675
E02005432,86.58795034816833,0.46203545959655923
E02005433,8.898435102792266,0.4150493521331393
E02005435,75.94167679222357,0.44727787936497165
E02005439,104.37051532941945,0.3203697147187272
E02005442,54.981549815498155,0.3130930603332409
E02005476,20.218760357971494,0.3438913446208547
E02005477,55.55555555555556,0.2484478377334467
E02005480,13.28206920657113,0.34903958887940867
E02005481,34.704112337011026,0.29450601211562155
E02005495,79.35096688152923,0.42474060163649163
E02005506,30.601477312697853,0.3249552313478068
E02005509,197.9742173112339,0.32820969039562087
E02005559,3.161222339304531,0.34510415251474846
E02005560,0.8878366380585971,0.38184115184857426
E02005588,38.65760407816482,0.24119159139176727
E02005619,68.14310051107324,0.303446384212271
E02005633,206.1884669479606,0.3750543398783561
E02005638,28.85854161298634,0.3627852346030478
E02005656,45.93175853018373,0.5690521560029458
E02005662,16.594516594516595,0.24028997663411733
E02005668,37.72132409545805,0.35208164754828974
E02005696,34.98779495524817,0.4005266644245564
E02005764,49.68124862607167,0.23991069601317339
E02005772,58.444175735590484,0.26432072796597694
E02005794,32.384690873405305,0.3579171887198731
E02005796,14.632524110409044,0.2998130662055871
E02005819,34.48275862068965,0.18441883916309987
E02005870,30.436252959080146,0.40663296498862955
E02005872,150.87579617834396,0.3497714294449139
E02005915,48.81101376720901,0.3038908817678738
E02005919,121.23711340206185,0.2790931696470942
E02005926,200.93457943925233,0.19989976715612023
E02005940,111.83956806787505,0.14904131583312186
E02005942,12.611879576891784,0.039270403828837175
E02005953,7.773205304069501,0.31231612851394
E02005965,115.45293072824155,0.09378407427637114
E02005970,26.845637583892618,0.09326839347105143
E02006008,360.07237635705667,0.3383449038285642
E02006009,50.055207949944794,0.3617413229714206
E02006028,113.3570062824365,0.329708731098318
E02006047,66.70567583382096,0.3279644121409717
E02006061,64.36296491690847,0.24094020012550033
E02006067,48.78869448183042,0.36842383642781495
E02006074,204.21113354485144,0.4051702808511175
E02006113,18.562874251497007,0.37293893426144553
E02006141,132.9677861549006,0.3393915332211348
E02006193,236.3309352517986,0.40693987925926933
E02006205,19.293655984303467,0.31703061254281906
E02006211,13.663220088626293,0.37571856485665567
E02006219,203.8052241212512,0.5551158826125695
E02006307,6.620428751576293,0.40071596405684495
E02006310,11.854103343465045,0.3490289205930601
E02006323,79.00750897812603,0.039448337319011983
E02006332,56.486170627191285,0.08149369936339035
E02006333,80.74369189907038,0.21030741569399325
E02006371,41.32231404958677,0.2051501024786031
E02006380,57.898498927805576,0.2622318009775473
E02006441,135.01213592233012,0.1699831683802202
E02006465,29.095257074531684,0.1553113703766229
E02006466,132.9359165424739,0.10879755799989077
E02006534,2.2573363431151243,0.24034552269995757
E02006572,200.15760441292355,0.18581526916411306
E02006574,46.267735965453426,0.281084604471701
E02006577,61.19357770372614,0.21723797349470253
E02006578,223.1345085728085,0.06411755712377776
E02006597,243.34600760456274,0.18230150550207824
E02006621,6.906906906906906,0.35861022031954626
E02006684,71.63426925845933,0.2529479045342615
E02006687,60.656281073914485,0.2494886628862618
E02006704,24.659550975340448,0.30327622345184313
E02006717,275.762572135202,0.3166696093250332
E02006724,49.59883296863603,0.25353635034392585
E02006754,42.799821667409724,0.2969141109193023
E02006768,2.749140893470791,0.3959754968988545
E02006799,14.348785871964681,0.21275543467722358
E02006832,24.71636952998379,0.18377188337160177
E02006835,48.80952380952381,0.3916825016645822
E02006842,46.16763783056925,0.7315370701115871
E02006894,121.89666741221203,0.6112808433592631
E02006904,282.5455505677317,0.17979795661103104
E02000002,30.59343899741983,0.24620972187028478
E02000013,7.680000000000001,0.2562195680642336
E02000015,60.56782334384859,0.22075780337001127
E02000024,44.28223844282238,0.10653810256379614
E02000126,244.8979591836735,0.0665249330931239
E02000128,8.982035928143715,0.12830562558530723
E02000135,24.079963652885056,0.09514030631183168
E02000138,15.775203352230713,0.10523695321856685
E02000142,28.632348461772768,0.15018205576969912
E02000184,144.1860465116279,-0.05725114781342633
E02000188,38.801261829653,-0.0663937294924537
E02000191,44.630404463040456,0.06638302334828694
E02000195,29.30934416715032,0.13330507811912362
E02000200,39.622146418262915,0.10366778197430371
E02000211,34.46172613601708,0.19314899307649291
E02000224,61.65004533091568,0.06713093654705915
E02000227,3.9167182024324885,0.07709213654920255
E02000240,28.647214854111404,0.0987119568668362
E02000290,125.13144058885383,0.08534225518869754
E02000309,6.07661822985469,0.16787764958093376
E02000315,47.093023255813954,0.21669880280816756
E02000316,402.5080906148867,0.14627587891964566
E02000326,6.480218281036835,0.07962726634948858
E02000345,17.08132194578537,-0.04736464717820965
E02000355,28.395061728395063,0.1327696812762813
E02000398,18.061186877994835,0.2959362177592286
E02000435,9.164222873900293,0.06032439148539481
E02000439,83.36407229804499,0.08441734181258198
E02000440,11.985746679624231,0.07503650585799093
E02000445,48.39601769911505,0.07402554019986596
E02000465,6.142506142506143,0.2700935140342988
E02000480,44.163223140495866,0.16213551430687012
E02000493,21.448806151355726,0.2119548117822152
E02000498,7.0285044904334235,0.0704595636353087
E02000500,40.09052699644358,0.08962267467906848
E02000512,10.107816711590296,0.17762378678146895
E02000522,46.80330376261853,0.1018401483649658
E02000524,59.30138099106417,0.15320415822322708
E02000560,46.27006610009443,0.007914714323471017
E02000567,18.027141989062184,6.281708538935504e-05
E02000576,226.28412771864876,0.08181072311016102
E02000580,8.412663272083241,0.07665896311318754
E02000597,17.346053772766695,0.10535576771087563
E02000611,6.040015100037751,0.13904397285328152
E02000619,70.26449372161368,-0.07552323918932125
E02000635,105.01721593703884,0.03703930961171409
E02000660,14.484831921289972,0.04704564357322738
E02000703,6.079027355623101,0.0620723883215053
E02000720,2.7027027027027026,0.11673165807010832
E02000722,22.426095820591232,0.07991209969320323
E02000739,24.93438320209974,0.022484084804791138
E02000782,291.4766748509295,0.12915880629673815
E02000783,10.666666666666666,0.1153185425483052
E02000814,172.34262125902995,0.031432254170415064
E02000824,98.22685054883199,0.18978605583811614
E02000837,11.212121212121213,0.15342139393444398
E02000844,28.55309592556946,0.19121217377996658
E02000850,19.321278176864006,0.14280128548670667
E02000856,41.021227768215724,0.17636751263019868
E02000864,301.038062283737,0.1357385173898109
E02000866,23.76599634369287,0.07739501482294209
E02000923,48.18281938325991,-0.009223161687959447
E02000928,20.357634112792294,0.08623078019871677
E02000947,9.685863874345552,0.08981225874038046
E02000952,37.443267776096825,0.08154533755807236
E02000962,82.05244122965642,-0.07243437385536744
E02000974,168.03652968036528,-0.006996093248961444
E02001003,4.912280701754386,0.3718508714754023
E02001004,0.0,0.4800866186935844
E02001012,10.620075368276808,0.4467425355778589
E02001057,579.641612742658,0.48028889990590784
E02001063,75.22733535409203,0.2503709856298926
E02001075,23.49397590361446,0.5964672407234941
E02001080,15.741015741015742,0.4185626709680923
E02001112,67.90383804301982,0.4984754896964594
E02001175,24.70830473575841,0.5441116013994574
E02001177,67.06971471755149,0.4568193476614928
E02001181,2.3023791250959325,0.5216229737840807
E02001183,116.46297627606039,0.4859313025221077
E02001185,2.376425855513308,0.4168225362012823
E02001190,92.04061578774974,0.873036641118766
E02001196,11.979634621144056,0.3334425106556447
E02001223,6.435466571326421,0.32096462070317777
E02001224,3.104384943733023,0.2710383260904754
E02001267,14.867677668748142,0.33012701876415296
E02001286,21.33245815556285,0.2984939486169793
E02001330,75.86962476033962,0.3458991264672795
E02001336,18.224772190347622,0.508868842087832
E02001338,119.62692619626927,0.5192754808809994
E02001386,74.74804031354984,0.36992041687721766
E02001393,10.54481546572935,0.28836706019153535
E02001398,27.260083449235047,0.30809990871304027
E02001402,14.619883040935672,0.38036659927435057
E02001421,12.022327179046801,0.3699352380758665
E02001429,16.018306636155607,0.30916922097908106
E02001457,15.100671140939596,0.41501500449496564
E02001471,39.07906694940927,0.5014232710876003
E02001509,119.80712166172104,0.30385493169738176
E02001513,58.34586466165413,0.24675156509977647
E02001524,60.40530007794233,0.49237973119127876
E02001542,81.73233474438294,0.21007475510843587
E02001562,2.277904328018223,0.3954041087072211
E02001572,122.78945612278945,0.4177352006999788
E02001574,5.39291217257319,0.3072677915709585
E02001578,21.79422199695894,0.250995092496618
E02001587,116.10633307271306,0.48356286569498774
E02001594,107.30674196964348,0.3547482156629762
E02001610,46.41947353523918,0.31512415101715163
E02001616,36.585365853658544,0.34830669426821625
E02001620,16.588532275513884,0.5395479746533134
E02001636,43.10344827586207,0.44453416629490317
E02001680,15.320778806255985,0.20977533318495833
E02001688,37.11503027112398,0.033640741777772654
E02001694,6.751954513148544,0.3124023536825167
E02001701,9.410061527325372,0.2809239717674821
E02001721,92.74800946847428,0.2243787636357082
E02001727,27.340727366520504,0.3191019663688497
E02001733,43.17180616740088,0.35150572803045943
E02001747,25.0,0.4096247860511699
E02001757,19.25172539048311,0.35248543452528747
E02001781,3.1164783794312427,0.25586630730507753
E02001813,0.2315886984715146,0.1828696521762696
E02001854,17.22017220172202,0.40073637665411077
E02001857,18.913857677902623,0.3447920065360579
E02001869,0.8220304151253597,0.5840072410595818
E02001871,6.209427039232289,0.3931732297724375
E02001926,74.23117709437963,0.502330364267161
E02001934,6.530256856769699,0.31788571065452587
E02001959,110.17661900756939,0.366708610856171
E02001964,211.15173674588664,0.5367678593094762
E02001974,3.584229390681003,0.28532843379206163
E02001981,18.68943239501615,0.24245046291703698
E02001991,13.129689174705252,0.28013486681639765
E02002012,58.267236119585114,0.5216258239488933
E02002026,2.5,0.39955057827367035
E02002038,31.907350508154103,0.3321814084936605
E02002042,5.3555489437667365,0.30925955628678725
E02002051,47.52572268495835,0.5113262642571028
E02002067,116.89497716894975,0.5175824062288701
E02002084,35.57765876052027,0.50345387211825
E02002094,10.92436974789916,0.27938993792890976
E02002098,37.815126050420176,0.25804706678768596
E02002099,90.43542984741347,0.26303184908777055
E02002107,4.8479506390480385,0.2544090532937453
E02002125,36.05015673981191,0.41369720147103006
E02002140,1.7029972752043598,0.5176498199032782
E02002155,96.28933771723814,0.52615414782146
E02002163,54.16090136390591,0.4251747977898326
E02002165,18.831348656881747,0.3569046080861469
E02002226,0.5750431282346176,0.19735943415849455
E02002270,22.74019329164298,0.26584622046853834
E02002289,8.936970837253057,0.49653597715550113
E02002312,36.673215455140806,0.25014996519944166
E02002335,15.218769816106533,0.32878749737548674
E02002342,78.38571982925882,0.37401187415186055
E02002367,22.281982328082982,0.4346405972420957
E02002368,18.094430308170768,0.320465889286802
E02002414,27.21849366144668,0.37825711395076045
E02002456,83.63769174579986,0.2884774016075813
E02002457,2.7675276752767526,0.2452106453428886
E02002465,31.578947368421055,0.2895157145252911
E02002474,78.88888888888887,0.21977086683557
E02002501,126.57091561938958,0.35326296627170617
E02002505,6.321612011062821,0.26293738062607463
E02002515,7.339449541284403,0.19260479515093287
E02002518,58.75831485587583,0.2820343898637452
E02002577,6.08457560085184,0.39714159129620175
E02002588,76.42526964560864,0.41922771005296244
E02002589,7.681053401609363,0.3832962498264667
E02002591,22.727272727272727,0.35968169714374465
E02002607,95.11092851273622,0.3594594058196172
E02002635,0.5430355688297583,0.21474661051053534
E02002665,2.3640661938534278,0.26781150621909067
E02002689,36.63878932696137,0.42440676602156024
E02002695,23.44180915609487,0.35282980434068456
E02002698,154.0116815247464,0.2851735995627651
E02002699,62.61000754337441,0.3187794182623014
E02002742,30.473135525260624,0.2580647295411804
E02002764,17.911751856705983,0.38147733954001417
E02002769,14.966522252855455,0.38846753173959314
E02002778,11.329096435479414,0.3776137751988644
E02002784,205.95173289784069,0.31858544899863084
E02002785,74.22157856625634,0.3610432690826739
E02002793,4.4204322200392925,0.24543265235005318
E02002799,100.77519379844962,0.4232950949290126
E02002810,177.610645067978,0.3228837171816954
E02002877,39.99999999999999,0.457492113224494
E02002911,75.98944591029024,0.323997726744234
E02002917,37.26912928759894,0.3090117400991286
E02002927,77.95698924731182,0.437739554468477
E02002970,55.16705516705517,0.35067183468807883
E02002988,29.850746268656717,0.2684987089929116
E02003022,19.673503557974048,0.2452776779688577
E02003037,21.297672114908373,0.1534954388174583
E02003039,17.055144968732233,0.3888430109952248
E02003048,18.6799501867995,0.3092232402860393
E02003069,32.21757322175732,0.3524513501957838
E02003118,5.411764705882353,0.31382513360651565
E02003147,95.55741827326068,0.33460138139924034
E02003170,46.666666666666664,0.3783276631588164
E02003186,28.230184581976115,0.2835794771430864
E02003187,46.57534246575344,0.345820795674725
E02003209,74.8324646314222,0.19899286021225038
E02003226,61.88340807174888,0.23272614144978387
E02003245,4.718570947084597,0.3825808142745766
E02003248,9.135200974421437,0.3588413816352105
E02003251,1.0518934081346423,0.33829673339030997
E02003300,129.66476913345983,0.27638806583302156
E02003304,5.279244234509586,0.30881234586900774
E02003314,97.28340675477239,0.3490054395070903
E02003317,32.744506678155965,0.29925723269544235
E02003319,3.772398616787174,0.2820975141405251
E02003324,72.22844344904816,0.28725335147730124
E02003337,12.844729882886286,0.2949989884146378
E02003350,8.330027766759223,0.28714888129012284
E02003353,619.6943972835313,0.13121123628938136
E02003383,3.6927621861152145,0.15241305992871723
E02003400,29.816513761467892,0.10510700202527268
E02003401,27.702335687126563,0.07771392702617241
E02003407,25.49342105263158,0.186682458530413
E02003433,34.62099125364431,0.12273591109366322
E02003439,58.97887323943661,0.20173964265105582
E02003445,105.7877813504823,0.12494111338687652
E02003448,284.29499426824606,0.09976205872649224
E02003451,230.6040268456376,0.1412827020265226
E02003470,8.434864104967199,0.29137702832049506
E02003474,22.235948116121065,0.264721343904915
E02003487,6.143344709897611,0.2124088026817974
E02003517,61.85567010309279,0.1289655460961452
E02003544,7.716590669940372,0.3081805940001212
E02003573,4.944375772558715,0.3066462079445831
E02003602,146.481178396072,0.3030873585015641
E02003637,131.76895306859205,0.2072641059627376
E02003643,220.476431829701,0.2237861014835545
E02003698,36.341238065906985,0.14768487333919822
E02003702,53.94449641409417,0.1630628700478809
E02003717,53.365513542504694,0.2348640705819367
E02003718,40.807740849810685,0.22466826282624552
E02003726,130.1247771836007,0.03306471172379233
E02003760,12.333657903278155,0.33602192727331737
E02003766,273.01146231330324,0.2521326958347663
E02003796,8.912108174554396,0.2815555830833665
E02003797,26.81704260651629,0.3384982876772389
E02003835,154.40508628519527,0.33982615780062986
E02003858,49.46753692889042,0.3661117656485562
E02003882,52.89546252193533,0.3621821009460042
E02003902,2.9374737725556024,0.22526768582585266
E02003933,61.403508771929815,0.36874889147411327
E02003939,78.17258883248732,0.29791423546369167
E02003977,24.25373134328358,0.1842339622145035
E02003982,39.702233250620345,0.22338772174638422
E02003988,65.46811397557666,0.26101168291571675
E02004021,49.91680532445924,0.24382375655174826
E02004027,57.15811965811965,0.3570236144408385
E02004036,76.16592453714553,0.41255426898077285
E02004045,122.852013336753,0.3405956719599832
E02004047,155.56441962504985,0.4511771660582067
E02004051,78.3085356303837,0.5654338760485462
E02004064,82.88457035822992,0.30727122197122014
E02004066,12.09992193598751,0.280817109648277
E02004078,41.1522633744856,0.3503200429668887
E02004087,5.272407732864675,0.46089905983278356
E02004144,18.836192398250926,0.3365867907195117
E02004152,22.103148024112524,0.23961881994105205
E02004154,7.22588752748979,0.25423972695954866
E02004157,15.703307718008686,0.24554448800337703
E02004172,39.6732788798133,0.3950312944178451
E02004174,98.9399293286219,0.31120336415351435
E02004192,72.44582043343652,0.33126409454095906
E02004213,415.81259150805266,0.33529061558678475
E02004256,33.43061820111435,0.2901340556990668
E02004261,26.588553402433533,0.21209371512762498
E02004285,76.08366171567143,0.2763107459356995
E02004287,15.839933305543976,0.290236945517262
E02004292,88.5608856088561,0.11757153420681021
E02004296,67.15783508075943,0.27806502873315964
E02004298,28.482527525131644,0.24089261674858342
E02004301,63.12292358803987,0.3014114866648683
E02004313,8.116334122421373,0.33549843418306313
E02004323,0.5993407252022775,0.3379610961220356
E02004333,7.198748043818466,0.2618066954538829
E02004338,122.81280950808849,0.259084717576199
E02004345,9.904430929626413,0.26900632922499845
E02004350,22.384650525354044,0.35253071919270607
E02004369,9.74797907750832,0.3377158529622051
E02004381,44.69401787760715,0.20827033654846794
E02004383,10.01939237233355,0.25099892562519877
E02004388,179.63224893917962,0.1753887484091745
E02004457,102.2024251422915,0.28749679971189224
E02004483,16.76300578034682,0.3732547498566614
E02004485,548.663101604278,0.15239806141518564
E02004545,67.10743801652893,0.2435248461325017
E02004551,1.2578616352201257,0.21137019228355314
E02004558,79.76462896371363,0.15185363475026925
E02004582,29.799247176913426,0.4227671098019936
E02004597,238.0487804878049,0.22354997277885857
E02004598,110.06535947712419,0.20714858981125417
E02004602,21.652832912306025,0.3719304469527387
E02004604,9.60139656677335,0.40103937456543726
E02004623,138.22080556360476,0.26311360882627177
E02004652,14.85148514851485,0.3129058494666257
E02004662,103.54330708661416,0.2849983096578921
E02004688,11.808755760368662,0.20913988778688264
E02004699,90.9500225123818,0.1626914473969343
E02004706,54.45544554455446,0.24419997633455637
E02004779,46.898315924109994,0.17578896121871423
E02004814,36.700454386578116,0.2412370170182534
E02004827,0.0,0.2885403188211555
E02004834,43.57436059362172,0.2378032615168042
E02004838,45.59023066485753,0.2286534693226283
E02004853,82.29813664596271,0.22792154870620074
E02004873,146.17117117117115,0.16204694244396656
E02004903,104.20686993438827,0.11705655542101745
E02004905,22.037422037422036,0.10918445779117825
E02004915,4.282655246252676,0.3000347039225115
E02004947,16.337386018237083,0.29560992033324496
E02004948,29.107621600919188,0.17275528735650703
E02004950,7.380073800738007,0.23244120474110375
E02004951,210.12824728707665,0.198124812771729
E02004954,60.231949120838,0.21960111800130555
E02004986,306.3032367972743,0.07040320455147508
E02005000,185.8745537990821,0.36058672488172494
E02005005,420.7317073170732,0.25226433356887235
E02005018,28.588269967580317,0.3655702400694558
E02005022,9.462656302805001,0.15223461469747157
E02005055,56.520366277233975,0.22861408185894394
E02005089,89.2222660876431,0.2687561758966748
E02005095,18.983050847457626,0.26768019007572796
E02005100,121.00396301188903,0.20950213032734233
E02005103,64.40866185452526,0.34259470769838973
E02005110,164.73887136347705,0.31340136242940986
E02005111,25.49342105263158,0.3143950785406133
E02005112,39.711191335740075,0.41975968548332254
E02005113,92.49329758713137,0.4145072237962202
E02005141,42.770507500797954,0.38876532888575177
E02005153,92.77456647398844,0.225879531133085
E02005191,150.99797512293895,0.30262333015547327
E02005213,7.769372316499694,0.24091342953616213
E02005215,54.14012738853503,0.23852722369689694
E02005226,9.507829977628635,0.37165702288396396
E02005268,3.9671294984414853,0.24273068458951474
E02005320,6.75390460109751,0.3941150705223482
E02005331,179.42984907769704,0.2648567297822062
E02005340,79.36954686180692,0.4326930796962891
E02005346,110.65989847715736,0.37925035863401746
E02005399,265.98837209302326,0.29612934856819173
E02005406,37.440000000000005,0.4216948058934502
E02005423,89.13784705309304,0.3944321273677085
E02005440,14.524647887323946,0.3199150290866992
E02005462,128.0620907106476,0.2560698873653333
E02005486,39.10614525139665,0.2585194547734728
E02005498,33.629441624365484,0.35227668120521294
E02005507,39.1812865497076,0.3013516306338584
E02005512,185.73692551505545,0.3277586327220874
E02005543,35.875631145362746,0.2872977056912793
E02005586,17.057131113851213,0.29818113563884285
E02005605,74.52671938653246,0.29579155391093526
E02005636,61.923583662714094,0.3640332502186201
E02005660,28.77070619006103,0.349494609353199
E02005661,21.310181531176006,0.3296264315376263
E02005673,22.160664819944596,0.3630523689191252
E02005675,64.52991452991452,0.5089422790385925
E02005699,5.372945638432364,0.44179504346648457
E02005721,186.9158878504673,0.22881509282762824
E02005728,12.610340479192939,0.2336684671304754
E02005739,6.342494714587738,0.2937930954827399
E02005741,88.35005574136008,0.3176348461724068
E02005746,96.41781051221963,0.32774298593022966
E02005775,77.38492328218814,0.14560253666316392
E02005800,20.387359836901123,0.36693991520042957
E02005821,7.513416815742397,0.32338322873110315
E02005826,8.839354342813222,0.5246077632805868
E02005910,59.40853179795865,0.268103990257778
E02005957,1.8573551263001487,0.1674805078570163
E02005973,53.13455657492355,0.17532662880645233
E02005974,58.68989019310867,0.15523234569799804
E02005977,110.6290672451193,0.150617969726504
E02005988,350.58259081562716,0.1808027258662559
E02005992,370.5976520811099,0.14837666868116095
E02006005,122.33445566778899,0.16436848977485496
E02006022,82.19780219780219,0.31340602988031296
E02006045,68.23893292093562,0.29401110739830383
E02006046,42.501353546291284,0.4174482978146372
E02006050,37.64184887904788,0.3012522755766449
E02006060,40.5011655011655,0.24862115851582356
E02006092,95.52463332079729,0.27826197547966824
E02006120,51.379123850730124,0.2640340095868847
E02006128,48.59813084112149,0.30431045064961815
E02006159,9.677419354838708,0.2554252086262059
E02006161,19.762845849802375,0.3261725754833744
E02006164,32.0855614973262,0.4459968908267964
E02006170,22.80858676207513,0.25999212683615447
E02006182,82.1519447473646,0.3103517732559009
E02006190,136.22754491017963,0.2710478708477684
E02006196,73.52941176470588,0.328071783398153
E02006199,111.04495385531406,0.35590113233441034
E02006253,5.9661915810407695,0.283035158506423
E02006259,2.1698698078115313,0.2784085358841768
E02006275,27.740189445196208,0.24089398025781428
E02006301,48.85381435550544,0.2639655458344654
E02006306,12.488292226038087,0.35681667733844513
E02006312,15.894765689229928,0.33738174100405427
E02006342,66.62735849056604,0.06491385899561664
E02006348,62.789351851851855,0.15441460354094616
E02006374,31.380753138075313,0.24954423986634744
E02006393,76.41196013289036,0.00848238555644798
E02006408,55.36431440045898,0.1107989995362555
E02006438,50.777530942557924,0.2469251074240546
E02006442,32.751091703056765,0.2486540540316753
E02006450,63.20717908700742,0.15064804927605735
E02006451,223.01006404391583,0.18467186533111857
E02006457,86.30705394190872,0.1993706732807894
E02006463,200.3186888231277,0.020177214378723107
E02006474,36.916835699797154,0.4829805298602645
E02006477,316.13611416026345,0.33127898177163306
E02006497,18.004722550177092,0.26772318294729835
E02006498,89.5152198421646,0.3306324813930601
E02006504,51.59597726278969,0.24282453863727405
E02006508,241.3265306122449,0.257956076485641
E02006523,78.52412488174078,0.29506845894958467
E02006529,28.064146620847655,0.16509347446378086
E02006556,64.77179557256082,0.2972648620477738
E02006565,9.708737864077671,0.32137721188441226
E02006591,37.339556592765454,0.1439287398461282
E02006611,88.11524609843939,0.27121263741137547
E02006617,46.94351302553521,0.11521760338298392
E02006648,35.446205170975816,0.27817014922077554
E02006688,4.495300367797303,0.37729423114146865
E02006726,21.588280647648418,0.18923437677302068
E02006730,38.47762442492681,0.35477438336398315
E02006760,106.28606134224113,0.3852317820415738
E02006779,37.46068058335717,0.3754828719149268
E02006785,17.919750681729646,0.16885682721695439
E02006790,29.20905808992452,0.22054276961415376
E02006837,113.5593220338983,0.18759436940361596
E02006852,49.21995165897604,0.32536854557215555
E02006874,125.78814627994956,0.2636752785143015
E02006886,259.3356242840779,0.1729298993599233
E02006906,7.178890182382617,0.38293110632134386
E02006908,36.45833333333333,0.15956705046826958
E02006924,42.039800995024876,0.1446760746317004
E02000031,294.6396876109336,0.20019295378651059
E02000032,4.741064916119621,0.11978205537742959
E02000035,79.2664892043774,-0.02272825107755594
E02000036,8.625063419583967,0.07679562618914382
E02000060,34.705882352941174,0.1867721012929291
E02000074,6.279434850863423,0.20905540398702094
E02000082,28.605482717520857,0.1830997323399206
E02000087,15.913430935709737,0.16372366471825117
E02000101,22.34299516908213,0.1313565685013458
E02000106,82.63264714409974,0.00532278576686096
E02000116,40.0390625,-0.02795281862077381
E02000133,28.023226457965162,0.13375477899208477
E02000148,33.04215723509305,0.26789041253946877
E02000150,52.106786748150526,0.16560435091323455
E02000155,4.906771344455348,0.19116813956135204
E02000190,9.116629990569004,-0.02939329869663254
E02000204,40.36872218690401,0.06279299481014178
E02000217,87.99438333723378,0.022078604773927424
E02000245,101.24610591900313,0.0226046265560651
E02000248,138.86974500344587,-0.0013486178712938113
E02000251,6.552006552006552,0.11871980387476988
E02000253,33.65384615384615,0.07181565888606656
E02000255,69.02263942573164,0.056151738411445606
E02000269,11.402157164869031,0.05328751542672627
E02000271,50.15673981191223,0.12960854854221893
E02000274,57.351700871520954,0.19692035621510762
E02000284,36.602802402058906,0.09624694802271172
E02000286,58.76261972560186,0.051150714375051365
E02000306,0.8347245409015025,0.06869348082660132
E02000320,14.659270998415213,0.11625980611586151
E02000346,435.8174014826376,0.042048236243500625
E02000361,59.128929910585526,0.00598486474111759
E02000367,98.24645688205622,0.07370663378812736
E02000404,9.84848484848485,0.06031384171975951
E02000407,13.08089500860585,0.11399986781402305
E02000409,55.88822355289421,-0.005575035480402946
E02000412,25.408980160111383,0.21378000242260597
E02000418,15.212527964205815,0.1246511936526069
E02000438,10.367892976588628,0.019345074554509623
E02000448,32.967032967032964,0.10189505578179947
E02000466,20.710973724884077,0.21222841797474246
E02000487,3.703703703703704,0.21281449004647435
E02000488,112.90866194809573,0.19804363198967678
E02000506,51.37614678899083,0.18842386667528288
E02000521,88.90197232852519,0.06267374402376369
E02000533,19.55671447196871,-0.08447077958658511
E02000538,11.706948640483382,0.29334780998745735
E02000551,72.85974499089254,0.22897326834317155
E02000557,50.39450241791805,0.06617993868538008
E02000581,13.893083660525523,0.2457774644062134
E02000582,10.643689812468326,0.0004981071046383789
E02000604,67.6039485492073,0.15754967271596598
E02000627,7.669470559129143,-0.005265941605287594
E02000630,20.08393285371703,-0.00897386039115844
E02000636,50.39011703511053,0.08196250225892854
E02000649,11.049723756906078,0.005417682316160466
E02000685,39.6187071790289,0.10269361478376737
E02000686,3.8746037337090526,0.06980953139350632
E02000718,0.0,0.12778917915073684
E02000734,19.46107784431138,0.18873928065397827
E02000742,0.400320256204964,0.22768289276073794
E02000758,52.802223251505325,0.10534657125202607
E02000769,10.077519379844961,0.19206788480116366
E02000772,18.71345029239766,0.24218906447813993
E02000801,103.81944444444446,0.08555750350935654
E02000808,214.78281737461003,-0.004376374599798893
E02000819,17.56954612005857,-0.0155198485920085
E02000838,9.83946141895391,0.04095272867297339
E02000875,193.773639802153,-0.10867810981478243
E02000885,4.782781984854524,0.0124439535092975
E02000891,1181.9923371647512,0.01788042527784839
E02000899,11.326860841423949,0.18647580717148138
E02000908,407.083716651334,0.10821358464023234
E02000916,119.22418710781518,0.18199655161209805
E02000924,1004.7214353163362,0.0806514612109357
E02000968,117.80150533870122,0.007491587395803023
E02000984,15.575333757151938,0.3173002044733364
E02001020,29.802658074909388,0.29232486159510174
E02001070,18.214936247723134,0.34294363966671515
E02001108,34.91620111731844,0.5862041356906937
E02001111,56.01092896174863,0.621732329623538
E02001149,58.01755512738172,0.5164055103398857
E02001152,108.18273092369478,0.5603797601131308
E02001159,243.89298177588213,0.4901981486186635
E02001163,89.19177427068388,0.45455930681826207
E02001165,67.1921921921922,0.544243068191399
E02001167,7.380073800738008,0.4553227176178636
E02001193,58.943089430894304,0.4754706379095017
E02001199,35.45268092587167,0.3211285472596188
E02001228,311.5740740740741,0.24249680904832083
E02001248,95.44754783373655,0.4098720491615362
E02001310,54.96548061603824,0.39692842918969795
E02001312,67.77014366021236,0.3596291558361635
E02001327,209.8508498092265,0.6450749093536601
E02001329,82.70017533606078,0.5413853276916818
E02001343,100.76441973592773,0.3000096814769675
E02001414,37.72747447847315,0.3910226267605399
E02001434,16.03905160390516,0.28889431174924773
E02001442,36.79570716749712,0.3112969205402365
E02001452,28.213166144200624,0.30309560182447015
E02001501,13.807916538815586,0.3569571519429813
E02001519,101.49145143688614,0.3908557564652648
E02001520,86.0621326616289,0.3893550445466971
E02001533,45.120000000000005,0.3858711950672733
E02001544,21.27056154282473,0.13778255141904872
E02001547,104.42813165995737,0.42755270972214365
E02001550,49.22197523023182,0.3967926225220779
E02001554,0.38095238095238093,0.36482494830065626
E02001563,32.57529194837124,0.24040239482992298
E02001569,10.697911360163017,0.28316313210593336
E02001592,1.0621348911311737,0.3592882647451283
E02001607,10.918774966711052,0.3601260862940583
E02001621,101.08459869848156,0.3872655021505267
E02001630,25.69593147751606,0.2828627860158326
E02001637,16.595744680851062,0.31239431781176297
E02001652,263.2550778158797,0.24727201133088972
E02001656,33.20184089414859,0.3795726212644741
E02001674,51.22950819672131,0.38841690329697176
E02001684,47.11567502265177,-0.040116103494709066
E02001696,3.690036900369004,0.26744218131626774
E02001698,2.4984384759525295,0.25096705553092313
E02001702,21.01078932424759,0.3409084211205746
E02001731,103.81242169321638,0.08436031614064987
E02001742,0.0,0.36308243652690386
E02001746,26.12562534741523,0.3309220914570661
E02001752,37.28935102187164,0.29589051120350707
E02001754,12.285012285012286,0.41107502048718114
E02001775,0.40816326530612246,0.3420701664987549
E02001794,57.341907824222936,0.33352826345313513
E02001851,33.19838056680162,0.4088606971093025
E02001882,24.491094147582697,0.41004072144226544
E02001888,59.58333333333334,0.518836496535136
E02001932,21.73151069050123,0.30932124755526136
E02001942,19.522046449007068,0.36646464308134075
E02001988,164.2335766423358,0.18695640102782018
E02001992,69.34777004382572,0.4004558095150932
E02002008,15.981735159817351,0.37188279027398075
E02002019,6.447453255963895,0.48582424531031965
E02002023,42.32327780279154,0.3450468247914831
E02002030,29.739776951672862,0.33477592250773647
E02002035,2.4096385542168677,0.38566248081198484
E02002054,1.3192612137203166,0.34808446930156123
E02002057,39.39808481532148,0.43003623746499464
E02002061,124.26900584795322,0.293962886078738
E02002072,60.32210834553441,0.5662571676791792
E02002080,61.08515989938915,0.46864400972969555
E02002087,26.825633383010434,0.2934477420696
E02002101,45.74669187145557,0.2908128212180303
E02002111,51.932367149758456,0.5339008537832903
E02002122,149.05284147557325,0.14424571531201558
E02002127,99.77324263038548,0.6355186069325294
E02002129,29.375764993880047,0.4442438007265146
E02002131,13.827781269641735,0.3001045924503378
E02002135,65.37717601547389,0.581216884655503
E02002144,4.803843074459568,0.42801892430268396
E02002161,21.022258862324815,0.3179972221119609
E02002179,4.651162790697674,0.39647461179483034
E02002192,13.29923273657289,0.21895790563803708
E02002204,22.24489795918367,0.2571587458106279
E02002241,29.201551970594238,0.28932683113447233
E02002283,2.4865312888520514,0.1387411223923154
E02002291,43.18936877076412,0.23940513267000263
E02002297,16.227912008654886,0.31673019860474483
E02002303,3.4722222222222223,0.2801593000089486
E02002317,78.08219178082192,0.3202591522438345
E02002337,51.590106007067135,0.31252772489668423
E02002361,2.843216896831844,0.3572419981075985
E02002366,7.7355836849507735,0.37263683779482815
E02002373,12.734082397003746,0.32816386850179136
E02002380,14.024649383765405,0.40029372617009784
E02002440,26.04651162790698,0.3485995299331863
E02002446,19.342359767891683,0.31159859283700886
E02002460,53.35026992696094,0.3345694962456225
E02002480,11.971567527123083,0.3968576156784236
E02002483,87.86067065245645,0.1769896428981763
E02002485,27.921704087507194,0.24988687628972084
E02002502,58.37320574162679,0.3912804731162076
E02002504,4.033342296316214,0.06274801036378275
E02002512,58.04988662131519,0.19822359872985995
E02002569,32.464212678936605,0.18405583260177139
E02002581,1.287001287001287,0.2949232337083405
E02002629,62.210200927357036,0.4220990221189762
E02002655,0.8347245409015025,0.11442713801015358
E02002680,117.00526711813394,-0.020429404009531638
E02002738,1.6534391534391535,0.33531174908626493
E02002744,6.697215368346845,0.3812420481218375
E02002818,7.713884992987377,0.35703521353022705
E02002821,8.986175115207372,0.4316635732402814
E02002824,36.59849300322928,0.45797358033626256
E02002848,6.87799043062201,0.4542256869164305
E02002857,81.36752136752138,0.4132308690935593
E02002893,32.360984503190515,0.40371733238424845
E02002915,153.24858757062145,0.3165836400160238
E02002921,90.6801007556675,0.14260300033896645
E02002926,72.32441471571906,0.3202769436354531
E02002928,71.8816067653277,0.32444159260263206
E02002951,70.2247191011236,0.239209152678729
E02002957,6.083294337856809,0.29378464164403617
E02002966,104.61538461538461,0.39297141457076545
E02002978,31.865377730039384,0.5866469740672366
E02002979,24.096385542168676,0.4792064660114308
E02003000,42.036553524804184,0.33663874332553334
E02003036,22.489138768208534,0.2865178939537856
E02003044,16.315161161957818,0.3394090962945233
E02003053,22.44165170556553,0.30630831267148295
E02003055,86.91468890314304,0.44478507191906314
E02003077,52.99076676033721,0.2981814428884899
E02003088,159.08432338452621,0.3029279668495555
E02003100,295.5250332299513,0.3537721842807704
E02003126,141.9731866620832,0.37875794811731733
E02003137,15.360000000000001,0.3392042259775314
E02003138,4.780114722753346,0.2906014855692671
E02003166,168.3145550701311,0.3760614457079283
E02003183,24.23146473779385,0.31617343319291713
E02003201,55.40601166442351,0.27883679111092796
E02003205,29.516994633273704,0.23203550027274744
E02003224,0.26219192448872575,0.26271306112257964
E02003237,17.307692307692307,0.2876266139485928
E02003305,62.95817162570074,0.29654058220137713
E02003307,35.32401524777637,0.34863124458938
E02003312,86.55510675129834,0.18829235126102972
E02003340,44.5141065830721,0.3145087485126421
E02003342,7.4016361511492015,0.3526016185510965
E02003345,75.82322357019063,0.3162409115458189
E02003358,254.7642928786359,0.06696502900657819
E02003360,14.424410540915396,0.15134183075538665
E02003366,29.81029810298103,0.14990209833830903
E02003413,223.1958762886598,0.12332665074000992
E02003414,34.64807147526694,0.16792132449072383
E02003416,47.97166773985834,0.13838596638753486
E02003424,131.77842565597666,-0.02599325549392617
E02003431,12.454212454212454,0.16386181242115683
E02003476,4.220779220779221,0.35292960134865403
E02003506,90.56078021595263,0.21360331455906945
E02003522,81.19419642857142,0.09893994785490356
E02003542,1.0902153175252112,0.2954509963755898
E02003553,15.037593984962408,0.29309480555853096
E02003557,10.170722847802399,0.1323685266752772
E02003560,0.986842105263158,0.23132694412223032
E02003564,20.43753598157743,0.28606445432842076
E02003576,9.318578916715202,0.26261429572270156
E02003579,142.68692284778075,0.24737272366321683
E02003595,24.079712150567396,0.4115318108679906
E02003599,19.677996422182467,0.2663077462324974
E02003612,166.91804927099045,0.21957068154169512
E02003615,106.05621558968414,0.2015716045672491
E02003621,1.513317191283293,0.27253114354730457
E02003624,44.330775788576304,0.23340316168686304
E02003656,151.30784708249496,0.22961606581982785
E02003660,116.13915772953177,0.2011736426203683
E02003706,22.20549491908167,0.1946332228009613
E02003716,67.88617886178861,0.25433089229075634
E02003722,69.99195494770717,0.1198762867830947
E02003731,132.00934579439252,0.04239959195492382
E02003749,40.25508170585891,0.33142340716649876
E02003752,34.383954154727796,0.36621981084881394
E02003770,196.43972517176763,0.17192002680237994
E02003802,108.56340664482921,0.2210271484078321
E02003829,74.93134562573559,0.2584677047258266
E02003851,4.631578947368421,0.32256962362882824
E02003854,68.59473489061921,0.4031386403193311
E02003875,24.990675121223425,0.3600619073797491
E02003880,10.163339382940107,0.35426037113539266
E02003907,99.00117508813162,0.3713075174712399
E02003934,56.32772494513533,0.4673082984222514
E02003953,85.30245746691871,0.4115987074251093
E02003961,102.17278841179512,0.4083812869969137
E02003974,15.024559375902918,0.2587534087766237
E02004008,58.10176831468784,0.42370102854810554
E02004023,54.49079293498684,0.2447673915186055
E02004031,11.808576755748913,0.34509919164184577
E02004043,9.637753406447324,0.38837526145335133
E02004055,21.30249543517955,0.3156809109646854
E02004065,4.0849673202614385,0.2887333621415804
E02004084,4.874390701162355,0.4097360194524624
E02004109,14.23611111111111,0.3892313383107453
E02004130,67.52523494604941,0.31047260305255264
E02004140,13.43054489639294,0.3107197405187989
E02004153,11.49425287356322,0.31956161912677317
E02004162,16.01478287650139,0.24953030648740437
E02004184,8.776896942242356,0.30454200621368077
E02004197,290.1878914405011,0.21698335923243128
E02004199,93.72549019607844,0.3766125022578777
E02004229,196.51589242053788,0.24348057372172605
E02004230,17.581739666872302,0.3649827298248294
E02004237,11.916264090177133,0.28179595384108147
E02004253,65.16227180527383,0.27766439019262634
E02004258,64.9064906490649,0.3202954810947025
E02004271,46.73321234119782,0.35502366958644593
E02004275,41.29530600118835,0.2848646744749477
E02004279,52.964188985856154,0.2772236566089399
E02004305,95.91194968553458,0.3137427878914263
E02004344,27.743526510480887,0.28075415625330624
E02004357,5.245901639344263,0.34518874460478255
E02004359,11.48105625717566,0.30758183317483834
E02004392,41.49491618576532,0.2320571588625988
E02004427,30.903090309030908,0.21388632777152594
E02004434,5.211349160393746,0.24448587367404606
E02004447,30.400000000000002,0.26615077326889747
E02004465,66.0741885625966,0.14479442628266703
E02004494,431.8181818181818,0.13348262095525065
E02004500,25.5004112969564,0.22887237293397789
E02004507,0.4793863854266539,0.3052051985779265
E02004515,302.08333333333337,0.2590038832700614
E02004516,67.61325219743071,0.25187565608936513
E02004536,16.26984126984127,0.18073984871270632
E02004559,179.21830314585318,0.20783841246761092
E02004562,198.92014776925262,0.3353159347443331
E02004567,43.72805617618896,0.2262166942356849
E02004584,11.232449297971918,0.3691770626609667
E02004610,49.198452183526804,0.27954654692258174
E02004628,39.675101530771634,0.3508717904464538
E02004643,23.666666666666664,0.27132861295494504
E02004707,19.43033782291897,0.21481692792133167
E02004723,37.73584905660378,0.20695337069530062
E02004734,20.36613272311213,0.18237322871797534
E02004744,52.90679790833589,0.3512145183584163
E02004759,8.6446434084594,0.21460601910026256
E02004788,5.542085209560097,0.2793944833537054
E02004789,24.28506581933727,0.2641336180105611
E02004808,80.86124401913877,0.10463297833944907
E02004836,48.69085898024804,0.026949799727013612
E02004837,76.0025873221216,0.23552284412836322
E02004857,151.48936170212767,0.133706692826566
E02004869,39.68600087221979,0.23984678138322835
E02004872,24.277043912888253,0.11124513102719824
E02004923,57.83758262511804,0.15292883124091183
E02004929,26.0457774269929,0.16564676341607765
E02004945,21.65685449957948,0.24885190802441848
E02004949,73.73271889400922,0.0959639882617438
E02004962,37.81632072789309,0.19679018320225872
E02004966,81.13590263691684,0.22624154362124926
E02004974,74.37756066813742,0.01652930195121094
E02004978,243.64161849710985,0.03779302809699381
E02004982,2.4916943521594686,0.16203644236465564
E02005006,123.5750113999088,0.2046002151713715
E02005008,140.26044492674987,0.194267794628475
E02005020,63.17626527050611,0.23073791049445624
E02005031,35.60466543891959,0.14152707396435993
E02005045,113.4020618556701,0.381882143212664
E02005047,25.641025641025642,0.35354931150954894
E02005051,26.478055857816468,0.3931344956506857
E02005086,295.9757680657724,0.22643453555403248
E02005090,22.45322245322246,0.2717850102012207
E02005104,2.3612750885478158,0.3744566789892563
E02005122,104.83005366726296,0.3505547909501612
E02005127,56.95830886670581,0.35160245435240967
E02005135,32.89882060831781,0.4593044056792417
E02005138,24.843161856963615,0.33522690455775983
E02005177,18.5334407735697,0.34183072946119086
E02005180,82.58774948382656,0.30269817609376126
E02005202,43.45703125,0.31004208965629143
E02005210,4.062563477554336,0.3452949602459592
E02005236,31.930333817126268,0.34914114514808947
E02005245,15.251989389920427,0.1391558973475453
E02005251,34.23354887790035,0.3927630341823134
E02005265,4.887377815554612,0.22125471129618823
E02005267,9.140767824497257,0.2814901022038603
E02005294,141.75357280803397,0.2564727561320801
E02005297,25.85463947141626,0.24934756638296918
E02005345,41.53846153846154,0.31125476328536283
E02005363,71.33152173913044,0.40673817938464385
E02005379,81.75355450236967,0.36166248544977186
E02005385,10.297029702970297,0.41938099926876937
E02005425,66.5922619047619,0.4280164800736648
E02005443,60.11960969468052,0.33756883034409757
E02005491,107.72029102667744,0.3065001474994329
E02005500,170.9103592605511,0.34210023650291266
E02005524,20.119863013698627,0.3221233102461811
E02005534,9.815585960737657,0.28853678784911096
E02005535,7.671781187458305,0.2883639132094524
E02005538,91.18464258651176,0.3495394077755405
E02005575,56.07476635514019,0.30021415964634546
E02005583,25.514189013277793,0.3563623951004322
E02005600,77.59372275501306,0.2950081125438535
E02005657,61.781609195402304,0.32242184211491853
E02005658,56.83145192681977,0.33393999102010596
E02005664,25.671881267549136,0.27287544070402703
E02005666,41.14114114114115,0.39190320944809187
E02005667,41.47982062780269,0.37642056976731286
E02005678,287.255393878575,0.2664685422733104
E02005680,69.51508986096982,0.23922785011896153
E02005685,398.4741784037559,0.3398191106865607
E02005697,85.02024291497976,0.3476012222155376
E02005706,5.313005313005314,0.34586839704610384
E02005709,74.73190348525469,0.3208420950142239
E02005730,53.79912663755458,0.19855646769434543
E02005747,81.52531229454307,0.31333123829190335
E02005768,293.1692829868477,0.22290844098396967
E02005770,3.1769305962854353,0.14522953195094956
E02005790,108.32137733142038,0.2928234719521994
E02005795,115.02069781194558,0.3627255674586376
E02005802,8.362168396770473,0.350663498086754
E02005852,87.27378867483947,0.37525176840012353
E02005863,16.602809706257982,0.4288641949187486
E02005886,37.816119120775234,0.38418770966087923
E02005899,51.86680121089809,0.31768303604849724
E02005928,410.4201680672269,0.16715351677490453
E02005962,203.65296803652967,0.22071881045608244
E02005966,103.0570438071226,0.11946006570302714
E02005993,217.0515097690941,0.31502385045037684
E02006012,35.84102200141945,0.39065127458331883
E02006016,120.9009605829745,0.3146043063655437
E02006021,126.69983416252073,0.3456174945347694
E02006024,37.09126403123476,0.37959378447458025
E02006033,83.56904088454617,0.24272459651331602
E02006049,4.104831070413641,0.31346183915362325
E02006055,13.354700854700853,0.3522384270563226
E02006079,58.124598587026334,0.37602435183491423
E02006119,38.781959207124395,0.42874556434852895
E02006123,20.642201834862384,0.34862180854519664
E02006126,35.883748517200466,0.3920420877760238
E02006136,52.369077306733175,0.2650344930233697
E02006166,14.502094747019013,0.21887921667184784
E02006172,18.221050107887798,0.2828478513816508
E02006175,34.078000757288905,0.4015725569303097
E02006189,16.850291639662995,0.3900601230007812
E02006212,19.05049894163895,0.37704432718307856
E02006226,58.41121495327103,0.3236350898605318
E02006240,200.17980221756068,0.2709282627518901
E02006241,14.380825565912119,0.24934389423455006
E02006255,2.239014833473272,0.24748919034363404
E02006264,208.7218045112782,0.27976112862485714
E02006270,66.84771255483602,0.2275486344781532
E02006276,456.41025641025647,0.24609860182973975
E02006298,105.7385759829968,0.2780133144605852
E02006300,67.58700028760425,0.21946466134181897
E02006302,27.979274611398964,0.445174850301294
E02006308,32.608695652173914,0.4173598957603142
E02006329,44.35178165276725,0.1428637299679476
E02006390,421.1869814932993,0.15824039637350396
E02006424,15.677966101694915,0.18355144274953616
E02006435,43.20203303684879,0.199266947798602
E02006436,27.24224643755239,0.27025243731649695
E02006462,9.284216831386644,0.14751162843092835
E02006464,7.980569049271339,0.15267575920026388
E02006470,46.64179104477612,0.3348859701619462
E02006471,15.712290502793298,0.3365539809015843
E02006510,219.87720644666157,0.27956463793181463
E02006512,108.19999999999999,0.17111563969910293
E02006549,33.86871508379889,0.361847398031669
E02006552,20.79722703639515,0.15085016208996294
E02006579,25.695931477516062,0.14138342696762507
E02006598,42.12454212454212,0.25024567554993027
E02006629,1.7693895606015926,0.29393033894731246
E02006631,73.40748230535894,0.29789121643713123
E02006633,9.62566844919786,0.2805959564269962
E02006669,78.01743919229006,0.3034351700033442
E02006714,99.43305713039686,0.29813524103041367
E02006720,96.67673716012084,0.4300078882821827
E02006755,65.5515370705244,0.30725001113228245
E02006757,68.67554309740714,0.38335661735396087
E02006827,48.882265275707894,0.30604688497833266
E02006838,55.89177643289427,0.2779590984313032
E02006844,136.60855784469098,0.02947467195871667
E02006847,2.5344973246972686,0.24911135002958673
E02006858,20.781637717121587,0.2223374309570989
E02006882,8.060801473975127,-0.012346908159980075
E02006887,414.2011834319527,0.19923275516646655
E02006897,704.7619047619048,0.18341742100901826
E02006905,54.753309265944644,0.49419980552932685
E02006916,409.8961514966402,0.08022019485488308
E02000009,4.35865504358655,0.18857127632418447
E02000021,18.311291963377414,0.20759078453581914
E02000022,683.2260042931616,0.24444192759990457
E02000049,138.0449141347424,-0.001058761348241788
E02000077,12.543554006968641,0.21502030741778988
E02000081,12.556342562781712,0.1739916599188227
E02000092,20.205731080088174,0.2691455960740399
E02000098,5.279034690799397,-0.002589556906732682
E02000105,17.350684017350684,0.07775922479457975
E02000119,616.8656141701963,0.10265467254733629
E02000146,44.46978335233751,0.1566423709499798
E02000174,30.612244897959187,-0.04079039763937509
E02000182,31.38710766115424,0.042478612701984275
E02000192,86.22222222222221,-0.030126705403505483
E02000202,29.52029520295203,0.1361227389826194
E02000203,20.901371652514698,0.13044972608711447
E02000265,148.09353275753105,-0.006045497472840111
E02000280,17.59953837276399,0.12215213554246773
E02000281,36.53355989804588,0.09947468348056532
E02000289,6.195786864931845,0.12717790300041543
E02000304,10.121457489878543,0.1466768368924143
E02000321,2.780674313521029,0.18495967289746496
E02000331,22.558714462299136,0.2208123337213177
E02000360,10.111649462818622,0.02858875402256622
E02000368,51.142005958291946,0.07150314592338525
E02000393,20.000000000000004,-0.023547410586404638
E02000402,9.315512353179425,0.1684307717684188
E02000419,125.18808305747818,0.13307652565147166
E02000421,80.69565217391303,0.010552668936448129
E02000432,10.072941993747829,0.12207795993926496
E02000434,105.79987253027406,0.07623998392142006
E02000437,2.9201817001946786,0.06097888761231296
E02000447,72.9718711781492,0.09669563277210358
E02000453,42.85714285714286,-0.00601554033582552
E02000475,13.729977116704807,0.1696211439102484
E02000484,8.805031446540882,0.19332277894895178
E02000492,35.657686212361334,0.23492346641732453
E02000496,21.60904255319149,0.15951473569082175
E02000519,35.98615916955017,0.20564851331898737
E02000523,301.8033344675059,0.1229959504805187
E02000536,96.06837606837607,0.24415667789475037
E02000543,104.79616306954435,0.06982360901294093
E02000545,83.96483782964533,0.0735372933806655
E02000563,76.39649507119387,0.08962199303832463
E02000587,12.443438914027151,0.0007624090451763266
E02000593,16.96582247356774,0.07263808462637655
E02000603,121.15796997855611,0.15063259197262902
E02000634,27.143330023171135,0.0502739331233677
E02000642,10.812109562710235,0.09566111856911341
E02000652,7.914523149980213,0.1478514463992724
E02000662,3.6177268616219473,0.08013959258468972
E02000682,29.402261712439415,0.19225098794838225
E02000694,32.65412748171369,0.15871914370117146
E02000708,66.42311524410495,0.12156228039691896
E02000713,8.214285714285715,0.19421658436216127
E02000744,135.28212100611827,0.07469305792629477
E02000745,138.74910136592382,0.11514663194720676
E02000750,943.9359267734553,0.12342300330376155
E02000756,47.7245267821184,0.15810927932718322
E02000762,7.187350263536176,0.08492783076210664
E02000780,71.57326130992573,0.1535344557077689
E02000818,373.95088591855773,0.11168013044640901
E02000823,27.892234548335978,0.026544771961724223
E02000846,27.695716395864103,0.2674009368372925
E02000860,69.55414012738854,0.05061248233046456
E02000878,31.282051282051277,-0.03624965776303313
E02000882,78.01664355062412,0.008491836150312793
E02000904,12.758620689655173,0.21810708003470047
E02000949,111.24754420432221,0.06667517713636961
E02000955,15.433320142461419,0.06690524455521718
E02000983,2.487562189054726,-0.06606559090761088
E02001071,22.339027595269386,0.62494466618719
E02001090,15.483870967741934,0.3198272843888619
E02001110,30.63457330415755,0.367016297733465
E02001114,43.7740313516711,0.41665964191513005
E02001125,6.565204416592062,0.5055602548633527
E02001126,15.60012734797835,0.6612201007739413
E02001135,57.01179554390564,0.41773841958766234
E02001208,42.318307267709294,0.4020541285902306
E02001218,10.94736842105263,0.4048275862473272
E02001244,2.6373626373626373,0.4517573476758807
E02001299,77.13052858683926,0.18017503135765445
E02001304,35.71428571428571,0.2964323121673891
E02001321,5.037037037037036,0.38548748282574774
E02001325,302.37580993520515,0.42652028347551063
E02001347,49.93757802746567,0.35357041733453975
E02001350,22.241732513901084,0.3211219080746268
E02001360,20.581113801452787,0.6007805685742964
E02001368,185.05825908156268,0.3786460237572342
E02001371,19.18075422626788,0.45869616465513197
E02001372,0.0,0.410521367294443
E02001449,33.11772315653299,0.299078660791519
E02001556,9.564293304994687,0.3766435078004591
E02001558,35.35911602209945,0.4484244783571043
E02001581,98.54014598540145,0.4222495358434637
E02001585,44.01154401154401,0.28673843648004205
E02001602,5.07343124165554,0.33664091335265844
E02001624,15.67164179104478,0.42745898141403416
E02001655,0.2924831822170225,0.44916621700795467
E02001658,21.542438604049977,0.5962973545700274
E02001660,17.384916748285992,0.36610805930060675
E02001661,11.516314779270633,0.40979739334641874
E02001676,5.171042163882259,0.37617580904937675
E02001703,26.28336755646817,0.2831492731612224
E02001704,0.0,0.036367644170875124
E02001725,5.952380952380952,0.3254822645431199
E02001735,22.191400832177532,0.36014930693416325
E02001756,24.368025506718286,0.17819998841312934
E02001763,28.105482303955586,0.30381955095294
E02001764,47.64357455575586,0.23378194951926545
E02001770,7.248764415156508,0.2610844262027099
E02001772,35.265504661532226,-0.03746726088615926
E02001779,41.68320762207225,0.22755167116067465
E02001788,6.449165402124431,0.28686440908435085
E02001802,131.15996967399545,0.44031772800137414
E02001817,74.06042741341194,0.22656259661537348
E02001848,23.575638506876228,0.4057481280049
E02001852,2.97729810197246,0.4419494588205728
E02001855,32.493524841064286,0.3703518300325275
E02001861,82.59493670886076,0.6744879055633985
E02001876,349.80867346938777,-0.04660733177366083
E02001909,2.175805047867711,0.47957984870335046
E02001948,7.484542792059877,0.4058675816787689
E02001952,7.398273736128237,0.44756471645963813
E02001954,63.8235294117647,0.3828063792761567
E02001980,2.336448598130841,0.2787953413896993
E02002004,27.861698556562608,0.38561908023185687
E02002016,14.687100893997446,0.5660701614236547
E02002079,3.259259259259259,0.4202770348279987
E02002085,39.722329348245275,0.5116317503715146
E02002086,62.14459788789602,0.2802004871039623
E02002106,51.18312757201645,0.28069925700921594
E02002109,455.34331440371705,0.2838407431019627
E02002121,7.9133694294044155,0.515102308637382
E02002128,15.92623637887678,0.32067643443521376
E02002137,4.147812971342383,0.29700390916835406
E02002152,19.683354728284126,0.5486257228256317
E02002157,10.725552050473187,0.33852025608213143
E02002164,13.553578991952563,0.28819189249724175
E02002166,2.344360510549622,0.45986551802208364
E02002168,111.7141564902759,0.39417584695674
E02002197,32.8439910425479,0.20849286623282648
E02002242,19.887206886316413,0.3075331252060858
E02002244,25.34653465346535,0.26440712828645285
E02002257,1.9286403085824493,0.25555690301567413
E02002268,23.677804824076123,0.3853234544490203
E02002293,3.429878048780488,0.29915672496229373
E02002323,44.01993355481728,0.2697162054541806
E02002341,7.625994694960212,0.38543460674939656
E02002347,0.365764447695684,0.3977670318506128
E02002381,14.527845036319613,0.36265804580169636
E02002398,4.606879606879607,0.3186560562272396
E02002426,29.012345679012345,0.4067452710167858
E02002430,34.13987404706662,0.5194751188777005
E02002432,111.33949982870845,0.31681707258528125
E02002455,20.37617554858934,0.41671659235973113
E02002467,94.15674328440875,0.2197390285227545
E02002476,147.78947368421052,0.3963737426331715
E02002491,29.09594735019051,0.26616867516797793
E02002524,16.15015277171541,0.13687956309340432
E02002561,0.0,0.25617680159701983
E02002568,31.51100987091876,0.2124430302409639
E02002587,6.166495375128469,0.169487598813868
E02002604,47.11875198981216,0.461604549788003
E02002605,23.24959914484233,0.4472031648074015
E02002625,57.17916137229987,0.3886115241352597
E02002633,3.8942976356050067,0.2888485919500656
E02002646,107.39856801909308,0.3176093143421621
E02002664,0.6651147322913202,0.2807348132821259
E02002700,5.801305293691081,0.35187308756726665
E02002708,40.54054054054054,0.3601219120496948
E02002739,11.821974965229485,0.28019561843204777
E02002758,50.828729281767956,0.3308131698845109
E02002768,34.24878836833602,0.3535191760864205
E02002788,16.037503084135206,0.2600868279117208
E02002798,34.631000716503465,0.3446463680731249
E02002800,12.117346938775512,0.3503381054390209
E02002805,4.271844660194175,0.3327786788000937
E02002838,1.6165535079211122,0.5437303456131417
E02002845,25.680142384947878,0.5094209546166093
E02002868,9.35720097640358,0.43614576254315907
E02002913,77.11546477699041,0.3099241765969216
E02002938,47.89053591790194,0.21778347199032755
E02002939,170.75699965433805,0.29715677819967024
E02002971,3.094606542882405,-0.001640304995786046
E02002976,2.479338842975207,0.37260096070971827
E02002982,174.7025673137132,0.523992953844977
E02002991,128.65497076023394,0.11852350218410734
E02002994,43.70179948586119,0.2678852143169017
E02003004,167.22408026755852,0.3374859536458077
E02003029,22.875816993464053,0.3752581449148664
E02003072,61.30361037072934,0.32041424124589923
E02003080,21.189685984171557,0.28528430468024446
E02003096,3.677822728944465,0.3006746078194116
E02003129,46.73913043478261,0.2954946461051957
E02003142,1.2896569512509672,0.3501170275853607
E02003159,12.658227848101268,0.3643831322688236
E02003173,27.750247770069375,0.2564577337671654
E02003199,43.151028600100354,0.23654358338708015
E02003200,12.321816863976807,0.36414755012525823
E02003247,34.84107579462103,0.4334158596024533
E02003261,15.789473684210527,0.2684281318088466
E02003285,19.151846785225718,0.3473590395908248
E02003298,7.047216349541931,0.29374954108867435
E02003372,4.747371990505257,0.15981460092654842
E02003377,38.66113129216399,0.1385762976560283
E02003428,5.35966149506347,0.10998834493477183
E02003436,16.989567809239944,0.2821387796552415
E02003443,82.33841086867022,0.10919162792526649
E02003465,0.74487895716946,0.18670615511177857
E02003472,284.14154652686767,0.2272112190092228
E02003499,2.8139289482940555,0.23170900907659409
E02003526,36.471901749162626,0.18341322209061062
E02003529,30.393128510075982,0.30843588480819584
E02003552,31.746031746031747,0.2441610209623617
E02003569,19.27984122483697,0.17011508150747012
E02003620,8.864741206748642,0.3238089210364583
E02003625,102.22103291410222,0.24233043643031582
E02003630,85.84623743547951,0.2900745373978202
E02003634,606.8855084067254,0.3007944855442757
E02003646,83.49732921000842,0.20116464459543515
E02003663,790.6066536203523,0.230493671374429
E02003668,0.576036866359447,0.19314983026280785
E02003676,32.9153605015674,0.18531587576492825
E02003679,82.61802575107296,0.1758722331140472
E02003680,23.065476190476193,0.22772840254308768
E02003683,52.212036667995214,0.17604197261296584
E02003688,56.62370589478132,0.1718879082378706
E02003692,24.15026833631485,0.14694635751477847
E02003730,502.59216589861757,0.08158694887677775
E02003764,97.98931025706287,0.2657769938493546
E02003804,6.216972334473112,0.2528073950525771
E02003810,165.45718432510887,0.3263723496764692
E02003820,350.90252707581226,0.31043272694813684
E02003843,33.307810107197554,0.38226471493772873
E02003857,68.73857404021938,0.3515620911751931
E02003868,34.350166623942584,0.34249030894677635
E02003873,87.42964352720449,0.4035042809310676
E02003881,9.523809523809524,0.23572819654328203
E02003887,164.66346153846155,0.3564013086928055
E02003919,95.73048699132755,0.3153616410602771
E02003929,63.916131214068315,0.3649708488750587
E02003940,54.83744614179396,0.460451083051046
E02003960,83.04229724485836,0.4096627049695041
E02003965,58.873538788522836,0.4013150703758672
E02003978,18.334606569900686,0.20665585281922905
E02003983,10.799766491535317,0.2287020170908729
E02003990,146.78681527152006,0.25818756855457625
E02004011,233.35652980746926,0.29687901557956575
E02004029,186.29173989455188,0.503129255218095
E02004037,5.38998097653773,0.36779423486828833
E02004049,42.26566992524439,0.4104534038612693
E02004053,40.93217806991336,0.5483367367273138
E02004071,10.767160161507404,0.37562372174515346
E02004074,46.08830364058868,0.38402976594837135
E02004077,153.4052596089009,0.3143112107723667
E02004080,78.66479925303453,0.37757209092826205
E02004089,34.36637005216324,0.47181628594219305
E02004111,112.26180613090305,0.42242278327211213
E02004117,122.0820189274448,0.3900370737326897
E02004132,106.001791579576,0.33297365424365566
E02004134,1042.7046263345196,0.24724850287329136
E02004202,106.54261704681872,0.3147840022295725
E02004207,97.47434885556433,0.30374814910647885
E02004214,16.306274370790497,0.2604028584955662
E02004233,88.348271446863,0.29541532487290656
E02004245,52.61382799325464,0.27391765937599644
E02004283,15.63763817740631,0.2863282873946398
E02004286,15.080113100848255,0.2709610847331998
E02004312,38.72103256086829,0.13596349759313497
E02004330,47.410649161196204,0.22201811875299882
E02004346,18.34470989761092,0.48515015488015933
E02004358,24.597116200169637,0.24167349820800688
E02004379,83.11170212765957,0.27417908796030943
E02004414,142.79784142797843,0.15792433878869616
E02004421,66.86763496848452,0.2705921861591687
E02004425,17.671189649731776,0.16856594908219869
E02004445,9.375,0.28994512631092917
E02004446,69.1160421971626,0.23724430803284857
E02004471,160.41666666666666,0.20090778093759099
E02004476,46.4968152866242,0.3224508562937558
E02004484,16.364177328176137,0.22672932319244765
E02004490,7.633587786259541,0.2817127093781817
E02004499,13.343217197924387,0.23116986218843927
E02004529,68.16421378776143,0.16633463075333488
E02004544,613.5458167330677,0.20029828334903854
E02004565,41.490976555911615,0.25100023789301673
E02004592,114.19154711128343,0.13616645012546158
E02004606,63.660477453580896,0.23673714260551382
E02004633,22.78702892199825,0.35918163829447636
E02004661,130.42261404981807,0.3043830547072188
E02004665,60.68303697431556,0.21928998199822036
E02004695,34.31221020092736,0.19982978852686628
E02004696,352.49621785173974,0.16032535471093645
E02004698,192.5689172992409,0.17477399899015644
E02004709,81.78807947019868,0.29082200000384795
E02004726,96.54350417163289,0.25876000158808665
E02004732,76.85269899359562,0.2535319174480932
E02004752,9.171410499683745,0.11975907060143243
E02004768,1.3192612137203166,0.24200903571998467
E02004772,21.806853582554517,0.29788001732332603
E02004801,37.40581270182992,0.40080690070684355
E02004802,7.067137809187279,0.20019832889692069
E02004803,1.1329305135951662,0.16312258058770013
E02004822,43.93241167434715,0.19509108386006702
E02004835,39.83703033046628,0.08981057041399865
E02004843,8.308157099697885,0.18573960110728827
E02004846,56.29691409507923,0.21414076702507856
E02004861,60.150375939849624,0.11548485432346922
E02004891,33.027522935779814,0.16872656554143184
E02004912,22.17142857142857,0.17640196901247407
E02004913,35.02415458937198,0.2248809487972636
E02004928,29.556650246305416,0.23585700458719394
E02004977,81.11746886570178,0.10538582513924588
E02004979,43.212099387828594,0.05559415818797042
E02004981,71.10648629899411,0.17552347084923348
E02004988,13.916500994035786,0.17127464089092825
E02005010,49.40374787052811,0.4067993311213005
E02005014,16.811279826464208,0.33488279121263
E02005039,4.829123328380387,0.16535386820117282
E02005046,366.17029400534557,0.4382686881053903
E02005062,1.5349194167306217,0.2606345752695045
E02005075,98.64864864864866,0.22019811475944628
E02005078,205.57275541795664,0.19552558974775636
E02005079,58.93242826288183,0.2663224284993646
E02005087,32.810271041369475,0.21288499322057852
E02005094,106.71599317017642,0.14684895472124282
E02005096,36.66749812920928,0.17182132216008839
E02005101,59.76243504083148,0.23133726301140456
E02005116,11.68679392286716,0.2912190075016472
E02005131,40.64685314685315,0.306827749993138
E02005144,41.86046511627907,0.44556018580133383
E02005147,79.9102132435466,0.41095460039293563
E02005171,17.032551097653293,0.15840394147174486
E02005174,71.59743329956096,0.2638400933912468
E02005176,2.7166530834012494,0.2501635587368236
E02005185,69.61697722567288,0.3798348060689225
E02005230,31.38280483818241,0.39147030118784887
E02005247,24.669208342677734,0.216610900922519
E02005256,15.780445969125216,0.1772425649723779
E02005260,1.048951048951049,0.2762258719891104
E02005285,12.043795620437956,0.3707863465766019
E02005312,210.3950103950104,0.365091283537037
E02005316,52.8196981731533,0.3810664178356369
E02005342,56.03140613847252,0.35003880013492505
E02005344,166.56071201525748,0.3608870952315053
E02005351,8.161512027491408,0.26835593638873867
E02005355,146.78235719450473,0.27487735236454913
E02005358,187.10581639803786,0.36185285670313405
E02005375,60.54576463899944,0.2642514461842582
E02005393,109.29690103298898,0.3620085484217572
E02005441,43.040804918949135,0.44250637978851337
E02005459,62.86549707602339,0.3969778992521702
E02005470,91.67967878652688,0.24623485120427446
E02005471,43.81643764583873,0.28756984530391616
E02005499,178.7760024118179,0.2788269522011353
E02005504,68.21873308067136,0.3779600078897509
E02005557,66.30750103605472,0.31466207928104684
E02005562,71.10091743119266,0.3910110375452627
E02005582,71.57394843962007,0.3461434500724305
E02005584,5.9121621621621605,0.28624632202567657
E02005585,13.267708110421571,0.24740955005963983
E02005602,239.7924655989172,0.2407441348352508
E02005603,415.625,0.2625137637479442
E02005610,46.973803071364046,0.3310926206771434
E02005617,2.7153789187854853,0.5508687223956272
E02005646,1.1111111111111112,0.43233756906199705
E02005677,58.03943349069702,0.22043718971646697
E02005679,11.220196353436185,0.29876951846843447
E02005689,369.7051846831583,0.2597961434606155
E02005691,30.371203599550057,0.21335554494804754
E02005702,234.2007434944238,0.3891998376270349
E02005718,0.0,0.14716203029158148
E02005720,80.87930319369556,0.3665019830729088
E02005723,25.28809218950064,0.12389993734447824
E02005724,100.0784929356358,0.1707526716549843
E02005731,45.22391352305316,0.24928392887423634
E02005735,28.72134769400718,0.34247954541055137
E02005738,79.06764168190128,0.2873394629153623
E02005761,19.691780821917806,0.31774095428159477
E02005762,70.12448132780084,0.20290456140989033
E02005769,25.527891585250547,0.22531948361877863
E02005778,102.59529602595295,0.34656348879572896
E02005835,238.51713686173937,0.47070613825601004
E02005849,62.53413435281268,0.2381729692151202
E02005857,53.263315828957246,0.4637199954072253
E02005860,64.05880808611184,0.3952751206615286
E02005879,13.329469718922052,0.31763375656066106
E02005894,199.75579975579976,0.3677382049906619
E02005908,79.42708333333334,0.34678753150343145
E02005925,15.610066900286716,0.2166295202316464
E02005941,14.109347442680773,0.05843678990095036
E02005968,266.5103556076593,0.029191697215781076
E02005983,29.51496388028896,0.09863849607030772
E02006000,11.06471816283925,0.07517391131342954
E02006031,86.14232209737828,0.3002881908990007
E02006043,27.155465037338764,0.40608906537377276
E02006044,30.545454545454547,0.30421137440299084
E02006070,211.84433164128598,0.3743455840967096
E02006087,1.893939393939394,0.3182445950331081
E02006101,70.66115702479338,0.32529495304633027
E02006106,176.5295887662989,0.3113638342563725
E02006107,41.931752458068246,0.3992831996748105
E02006115,82.360172095882,0.4225475708130588
E02006116,19.03949985791418,0.3738222377386107
E02006117,36.21807091117042,0.43003686264000507
E02006140,12.244897959183673,0.30932717756386197
E02006151,150.55510425128622,0.3664839716099886
E02006202,53.556715188135136,0.32832908552055784
E02006203,20.7672339198154,0.23633524930354355
E02006207,6.8222621184919205,0.3557355356967964
E02006215,53.51862803075104,0.27966213654687255
E02006238,17.765310892940626,0.3260521224772468
E02006305,14.954645746506497,0.3631785721218339
E02006331,45.19368723098996,0.18778443460804972
E02006338,6.444275966641395,0.14042344246924365
E02006347,10.06820396232543,0.15787252281964115
E02006354,27.22978605168102,0.11527968093701446
E02006355,7.179054054054054,0.17864729126963752
E02006367,87.56137479541735,0.12005327721958281
E02006381,19.15431875677629,0.13683519499890728
E02006384,65.76125804145819,0.14828133919093567
E02006389,30.214779759737894,0.20607210713200175
E02006396,37.09810387469086,0.15285642060988813
E02006423,61.29895402578449,0.05419008532607883
E02006425,93.45794392523364,0.182969504359896
E02006449,42.50172771250863,0.12295985074428373
E02006472,162.84093977855792,0.3625837027897951
E02006490,17.56668835393624,0.39308465860925335
E02006493,106.23808226641242,0.3954919150053531
E02006500,184.0542832909245,0.3611138877689788
E02006502,7.099827882960413,0.2994309649408633
E02006509,79.578488372093,0.2864487247034404
E02006514,39.280643634642686,0.2417689490189474
E02006521,18.8504326328801,0.3093490478988272
E02006531,22.768434670116427,0.16475998515574375
E02006537,28.113382899628252,0.2571047428139934
E02006541,19.862068965517246,0.24578006356628457
E02006548,26.857004597144932,0.24714156984049218
E02006610,289.5114942528736,0.23475111088045075
E02006637,53.71809100998891,0.312356590243434
E02006662,207.8580481622307,0.30351636294570206
E02006691,124.21805183199287,0.3186120795833016
E02006694,25.438910784664998,0.3075963131193573
E02006716,54.37956204379562,0.38296490722662835
E02006719,66.58408175905853,0.23925851852932478
E02006743,59.71306708026367,0.4340256189737879
E02006787,11.865524060646012,0.1722315724698884
E02006814,10.235996588001138,0.31460722327486224
E02006824,24.734042553191486,0.10808178313311068
E02006853,376.2048192771084,-0.050679527443696415
E02006862,20.808323329331728,0.4271012216310224
E02006867,75.04575960951799,0.24507811300309523
E02006892,49.052774018944525,0.3290111347742286
E02006921,19.938123066345824,0.14903397670967244
E02006934,523.0050323508268,0.13660976634378041
E02000001,176.05473204104902,0.0408219945202557
E02000019,123.92026578073089,0.2445527115547499
E02000020,178.32369942196527,0.1812348915175388
E02000027,89.87854251012146,0.12832703595698192
E02000029,57.21605465414176,0.07365908539338228
E02000042,45.238633793259446,-0.024162249279079617
E02000043,3.7133308577794284,0.01825961325377712
E02000054,20.547945205479454,0.1699157881962332
E02000057,77.23577235772358,-0.038946838612034185
E02000062,121.34068731438268,0.02037421919513882
E02000063,80.30363563723532,0.05914196817510664
E02000067,24.30167597765363,0.10969203018036744
E02000078,1.9762845849802373,0.18392283816092814
E02000124,39.68620212275035,0.092392611221495
E02000127,6.530612244897959,0.18477322284718944
E02000134,42.694868781825306,0.09612178994183829
E02000139,54.65334166146159,0.16654243543254132
E02000169,120.66621346023115,0.014033873230379967
E02000176,14.412756823060409,0.02907626408150854
E02000207,27.561247216035635,0.1010089560779246
E02000235,46.399406087602074,0.0955058602451988
E02000334,16.247582205029012,0.0959174563579932
E02000351,94.8771562990068,0.03909958511036393
E02000384,224.20147420147418,-0.03661451868859267
E02000397,19.25355450236967,0.039971560935956774
E02000401,68.90684814972352,0.2522290425734486
E02000413,51.612903225806456,0.06301039480596415
E02000424,5.829015544041451,0.09090349649430252
E02000427,7.7765995051254855,0.028137420841227723
E02000471,4.728132387706856,0.2157672457909392
E02000473,30.721166362926326,0.14705954482557537
E02000503,2.472952086553323,0.061455245935416514
E02000513,6.184291898577612,0.1413632237421325
E02000535,23.842917251051894,0.17395330712343693
E02000556,84.6305634729226,0.025036959820996074
E02000574,11.979166666666666,-0.05721694483576556
E02000588,20.63705697622252,0.6376544214916695
E02000591,88.88269713011978,-0.08532542794592501
E02000605,13.939595087952208,0.18113007778120682
E02000612,9.83284169124877,0.06635068935725741
E02000625,33.1067100206917,-0.11051280981733846
E02000661,33.45014335775725,0.13428427586052472
E02000674,5.298013245033113,0.21265440309339034
E02000683,21.353601158161418,0.20589793266192657
E02000704,33.440891757113526,0.02368291382067156
E02000714,9.879253567508234,0.15455888044241206
E02000729,6.343452650657001,0.10906985133746439
E02000754,6.904487917146145,0.14162557846999668
E02000759,10.206251328938976,0.13570645315632035
E02000791,59.94641661085063,0.01741262847717806
E02000794,84.58646616541353,0.060335865932623634
E02000799,17.783291976840363,0.10430324383704992
E02000807,26.450742240215924,-0.04431989549032522
E02000836,16.954193932183223,0.14392666838520363
E02000841,5.997001499250375,0.21512031745478666
E02000854,23.53342428376535,0.1546957874995183
E02000868,82.50572956455309,0.12329821634449445
E02000922,6.149732620320856,0.20616769416678693
E02000934,105.89595375722543,-0.028693628536089477
E02000992,63.54249404289118,0.4737787366161461
E02000994,23.63146874065211,0.3757325072491229
E02001007,6.1419472247497735,0.4328557587696631
E02001041,22.261798753339267,0.5232556046495267
E02001048,7.584269662921349,0.43929319681239676
E02001059,58.82352941176471,0.31350277207352395
E02001066,61.13784319275403,0.37267207485562803
E02001095,67.31843575418995,0.6233932479142421
E02001096,7.852612503775294,0.35696367724045963
E02001097,8.690614136732329,0.5697536552797526
E02001136,7.362967002999727,0.351256485732792
E02001197,1.5325670498084292,0.37108611308886186
E02001202,49.03268845897266,0.5110226846553321
E02001203,14.243820695433598,0.35487555583985486
E02001254,2.818035426731079,0.5613621632200179
E02001260,20.45529528208512,0.44808928252361024
E02001261,135.03332367429732,0.39364638368272065
E02001273,40.31117397454032,0.3984663146159111
E02001306,17.062562730010036,0.2041090329333377
E02001315,304.2693926638605,0.5799054639385064
E02001344,67.68265351860153,0.3213017758665435
E02001365,2.9563932002956395,0.5659920050746985
E02001374,59.196102314250915,0.5791712700871949
E02001395,2.6799387442572744,0.41061205952570745
E02001487,27.771349224716495,0.40747920747986566
E02001546,156.86274509803923,0.2716120701085041
E02001557,50.94577553593947,0.3496696223528204
E02001573,17.914267434420985,0.34903866654677707
E02001591,3.0609121518212428,0.2896332925830434
E02001617,4.3725404459991255,0.5520880244409483
E02001625,0.9436929852154765,0.4482751072668041
E02001626,8.488278092158449,0.3215943512553494
E02001653,108.02966784908095,0.4240046776012454
E02001670,1.0845986984815617,0.4279779021517687
E02001672,5.120702267739576,0.36026064928402146
E02001686,41.035353535353536,0.2877313396222849
E02001689,0.0,0.24021631847946256
E02001693,2.658564375237372,0.2015257722634498
E02001697,5.906674542232723,0.25132937337214756
E02001706,66.34746922024624,0.21006489406569884
E02001710,26.706231454005934,0.24160317780874863
E02001714,16.918738784926944,0.1942315231811298
E02001715,30.560271646859086,0.12068459209621807
E02001723,66.40776699029126,0.42260139035115163
E02001726,14.081502026882868,0.21732261380305307
E02001741,123.97197685044168,0.27563793606650666
E02001766,17.602427921092566,0.23342164315615754
E02001787,0.814000814000814,0.10372700679572766
E02001791,11.536876802637,0.34470918653793525
E02001796,0.6778129236330773,0.2085343018322856
E02001810,18.383346850500136,0.03568349821988903
E02001812,4.363803399173174,0.13073757758884685
E02001818,133.9943342776204,0.2905130260286395
E02001825,195.2351485148515,0.13672072344864983
E02001834,0.8064516129032258,0.4328640822962786
E02001843,0.0,0.460037385645343
E02001951,26.028547439126786,0.4615110974434904
E02001984,22.759601706970127,0.35381884810994
E02001998,1.6799664006719865,0.26864629980772836
E02002032,20.24691358024691,0.4328739739313372
E02002066,15.445402298850576,0.44015005522493666
E02002134,44.43772672309552,0.2983920129294084
E02002136,0.6466214031684449,0.3064970029335061
E02002143,1.9047619047619047,0.3693075128162224
E02002149,8.434864104967199,0.446069172616097
E02002169,14.726706315491363,0.3971223517880933
E02002180,3.3758439609902475,0.5700296160975524
E02002193,4.95049504950495,0.37990262620249027
E02002196,24.79023646071701,0.30620869067189815
E02002248,21.38364779874214,0.37843643572024543
E02002262,20.601789102737868,0.3302741601600516
E02002266,31.690140845070424,0.30837390189217384
E02002269,18.753044325377495,0.29305554051292404
E02002275,57.83866057838661,0.3397686182459321
E02002304,12.786002691790038,0.29151313324076966
E02002311,13.157894736842104,0.35545431958166684
E02002316,55.83756345177665,0.3392662431767155
E02002352,18.934531450577662,0.22946656096043228
E02002356,142.6795150761579,0.23880866166419423
E02002358,73.75751820196264,0.4411107160801544
E02002394,18.761726078799246,0.3772474682992142
E02002407,61.37566137566138,0.3856022030647628
E02002411,347.23015419760134,0.18039926644647153
E02002479,22.474952613051716,0.46622290640582875
E02002533,160.44316782929835,0.3064476228527626
E02002543,100.41716328963051,0.08182549721074928
E02002574,80.37508372404555,0.34570678003761035
E02002586,22.167487684729064,0.48159785601022786
E02002597,0.5212405525149857,0.5390153534922941
E02002601,79.56924917738559,0.4051194658534216
E02002603,1.0482180293501049,0.5270523895426313
E02002621,14.17624521072797,0.3433340560055296
E02002622,8.711247758134768,0.4017818626918679
E02002642,8.870490833826139,0.2772826850978074
E02002647,3.830369357045144,0.25075750826314724
E02002659,1.2861736334405145,0.21284711842029225
E02002715,90.67763415589502,0.2917781462039555
E02002716,4.716981132075472,0.31927983608084
E02002717,73.98843930635839,0.26480716457292797
E02002721,86.52792990142389,0.3859728803942435
E02002733,7.1377587437544605,0.17532207081065554
E02002751,53.6182977127859,0.3932176899201316
E02002755,19.607843137254903,0.44870853416012313
E02002756,29.60024412572475,0.13264151140912794
E02002774,3.779289493575208,0.27472540589116967
E02002792,149.52076677316293,0.2995309222320035
E02002830,77.51343054489638,0.5303885647345519
E02002834,427.42138364779873,0.43761502902760796
E02002864,240.17467248908295,0.3115537813707041
E02002879,29.97967479674797,0.34338057593215954
E02002881,147.62083177219932,0.6931291252927716
E02002882,27.48414376321353,0.2884741627403802
E02002895,226.28850259225374,0.267984869224013
E02002906,10.41249499399279,0.27901961625754446
E02002909,54.9054905490549,0.3960854644381282
E02002916,57.414104882459306,0.23036148378948784
E02002948,94.94949494949495,0.3248493139903461
E02003014,60.64244971480036,0.38897717919747166
E02003016,7.518796992481203,0.2652899421734993
E02003018,14.208106978687841,0.2814593960377394
E02003024,195.88774659627677,0.2830050112689122
E02003054,44.84803558191252,0.31640279276648453
E02003073,15.465861938890985,0.30058547728768836
E02003105,20.751761942051687,0.21775199377345444
E02003139,74.29245283018868,0.2504375016454121
E02003140,22.71273192578375,0.3526201712546895
E02003146,1.7035775127768313,0.3024769855350833
E02003148,37.020109689213896,0.2121139585394003
E02003151,100.52910052910052,0.3315959862248983
E02003161,21.108922037714606,0.2419787434016527
E02003182,6.322052807735217,0.29488125164064094
E02003191,27.604166666666664,0.3225799505406268
E02003208,84.17910447761196,0.2003288735480382
E02003236,282.30751760163525,0.23546088370433083
E02003242,4.4642857142857135,0.31401362081358286
E02003252,124.66970934422291,0.3492372810279827
E02003259,5.900865460267506,0.2507811753092959
E02003288,240.28197381671703,0.2606089112112633
E02003289,15.84201388888889,0.23327072951354388
E02003296,14.947138169886985,0.24329910439019642
E02003302,4.409603135717785,0.2326132747063827
E02003318,4.399472063352398,0.2549111694937025
E02003331,7.8933043004899295,0.3306192047846892
E02003357,132.62465198683876,0.0650745499428087
E02003367,32.51689189189189,0.17724343782555607
E02003386,6.349206349206348,0.1605680629293147
E02003446,6.260296540362437,0.14290910378217703
E02003453,82.53037285295352,0.22876528659738327
E02003461,6.837606837606837,0.29540411854569193
E02003466,14.113597246127368,0.23431520545908402
E02003481,147.66666666666669,0.11489755564355963
E02003486,139.00293255131965,0.2170071147818451
E02003500,6.887504099704821,0.29297516374562527
E02003539,81.2807881773399,0.2055658296477203
E02003559,5.8727569331158245,0.2771210542018663
E02003632,13.247691690084302,0.2827310975904558
E02003642,181.6541353383459,0.26178063543949825
E02003652,208.5092562520299,0.23767587851793337
E02003655,113.32973556395036,0.2133866178739865
E02003657,183.32642057237658,0.23789140794876573
E02003666,221.25084061869535,0.16536381641421727
E02003750,80.5084745762712,0.3087835133556194
E02003759,64.20878210439105,0.24038502812958562
E02003775,101.09090909090908,0.18752617465939103
E02003814,92.53630530226275,0.2800588002152047
E02003834,29.791816223977026,0.12261951978554908
E02003865,62.84550480069827,0.3549373240401916
E02003891,106.72097759674133,0.33754700218551115
E02003904,16.34117178158629,0.38634043908249893
E02003969,16.563146997929607,0.3682861048664101
E02003973,47.43465634075508,0.22898658976280029
E02003976,23.572377158034527,0.25263043439286115
E02003981,26.421404682274247,0.232667795296301
E02004003,47.17696097006442,0.160765334979466
E02004014,45.70217917675545,0.4386757863786004
E02004020,93.96719488462608,0.3351461050723401
E02004033,48.850574712643684,0.3761877581623141
E02004048,125.72798903734156,0.48896040567485777
E02004085,8.051529790660226,0.37449143644568483
E02004115,55.55555555555556,0.35242349508137405
E02004141,54.207119741100335,0.36066592513033235
E02004143,9.705113848450914,0.3753435733770374
E02004147,33.05288461538461,0.42198287343925855
E02004159,197.51205889819752,0.32884413295746207
E02004169,65.43037088873338,0.3091444989950842
E02004185,194.4223107569721,0.34512747151396095
E02004200,90.04739336492891,0.47733394688737896
E02004218,69.04955320877335,0.32278239853327584
E02004236,10.245901639344261,0.3489376447436019
E02004249,204.2285200179937,0.3671878735866443
E02004281,71.15869017632242,0.34241173405271574
E02004325,56.68995163890382,0.31523819721616064
E02004356,11.299435028248586,0.27763173659827967
E02004371,23.611572996341867,0.3071470209188183
E02004373,21.1654755360088,0.38193563342369163
E02004378,13.320647002854422,0.4515427547255326
E02004385,41.21601870798012,0.23659090182133014
E02004391,41.706462909901305,0.23998326149215643
E02004407,65.25037936267071,0.1749744095716146
E02004449,23.75358914121639,0.29643572639238425
E02004467,9.14435009797518,0.15080554935595103
E02004473,7.124352331606218,0.30657081644374706
E02004478,32.122905027932966,0.3660448359679105
E02004504,1.4956625785222855,0.22293422709250343
E02004519,2.9258777633289985,0.24413277233202635
E02004524,23.212627669452186,0.2769904720720273
E02004525,96.87215305192834,0.2635008468679736
E02004533,34.67822607535845,0.17384692980298233
E02004554,4.014720642355303,0.22163674134081646
E02004630,45.297504798464495,0.35697004106791663
E02004639,268.1067344345616,0.29219336431932685
E02004660,28.26086956521739,0.3716284936057921
E02004672,77.31860597981337,0.2503302761734165
E02004677,36.571850757295906,0.2006007901786706
E02004684,259.25925925925924,0.17264302905694429
E02004687,48.17095255342267,0.15968914357543795
E02004712,13.47863492973903,0.2938822834678092
E02004716,29.46954813359529,0.2190677965136114
E02004756,275.6689483509645,0.11977520640787986
E02004760,308.39850391023464,0.12365124355647161
E02004767,0.8900756564307967,0.3423769887715453
E02004780,15.686274509803921,0.2182267896595267
E02004784,6.989951944080383,0.40671608972819406
E02004800,12.636899747262003,0.3851463267827029
E02004804,14.028776978417264,0.16202898883575756
E02004824,55.16759776536313,0.20008461260920285
E02004830,61.733128834355824,0.19311126421533586
E02004844,38.30863751355259,0.18088007589895128
E02004855,78.40657603540943,0.1561862647372365
E02004881,157.3250869733282,0.12756602757031565
E02004883,126.08318890814559,0.1442238957916011
E02004917,37.79940119760479,0.09417206104868114
E02004927,16.26646010844307,0.18445249515913886
E02004930,49.676025917926566,0.20982912014269495
E02004933,22.355289421157682,0.16405393218179043
E02004942,102.66613609231993,0.208572246350748
E02004955,14.790468364831552,0.24481667962338527
E02004959,73.3124720607957,0.019626522892377096
E02004964,2.592912705272256,0.23021016260633864
E02004983,40.294459511817124,0.1850746090871649
E02004989,66.82328373792744,0.20275176252150473
E02005023,170.0443318556048,0.17034718442106644
E02005028,487.6425855513308,0.28246131047335155
E02005050,136.8647485883302,0.3599880226935417
E02005080,64.67991169977924,0.29993941644829203
E02005098,107.81808891159938,0.16042725038289873
E02005109,47.01002419633598,0.33909962774597524
E02005124,101.30010834236187,0.2247880645685516
E02005134,56.18707372523546,0.5174162564696765
E02005160,158.19477434679337,0.17548707263867414
E02005172,55.39993775287893,0.158888530188662
E02005193,55.90416428978892,0.343584561057134
E02005209,233.38008415147263,0.2621622923128708
E02005219,12.73209549071618,0.2611199008245011
E02005224,21.40077821011673,0.31018441425194876
E02005233,185.46055349029325,0.2224025360894908
E02005237,92.04169844902111,0.2613633848231114
E02005241,26.41056422569028,0.28359110296330314
E02005273,153.71692566148675,0.24946426477281847
E02005291,14.88833746898263,0.334245506292584
E02005327,184.0986394557823,0.289602775470569
E02005337,1.2623074981065388,0.4298346315899604
E02005341,113.6941518343625,0.330435908628953
E02005348,2.362204724409449,0.3376899710985466
E02005364,3.8131553860819833,0.44311369054755456
E02005384,57.82312925170068,0.33950714031636586
E02005412,62.839879154078545,0.31888895506869996
E02005415,42.076167076167074,0.38375072676945354
E02005416,150.84417381677278,0.4260409371802947
E02005465,110.9849560034062,0.326543267355639
E02005488,77.8108711839166,0.32789743287795226
E02005505,46.02368866328256,0.36024652901732335
E02005520,158.05198685389902,0.3047497372378061
E02005523,166.55694535878868,0.3334435232829609
E02005537,131.0847067842085,0.3474292838741446
E02005550,166.44159351789332,0.34083694166784984
E02005570,50.18640665328362,0.29406263945468236
E02005573,140.8193123628383,0.3215858617950911
E02005574,65.05144374377697,0.39544982025290043
E02005580,99.02411021814007,0.24225824534587392
E02005589,5.225752508361205,0.31207620592669016
E02005594,12.637056309236202,0.15398200309581345
E02005601,15.20086862106406,0.2629978957359951
E02005614,676.9865841073272,0.4709479688492557
E02005647,9.856915739268679,0.3730462762580471
E02005694,48.70872834259562,0.3554063933185345
E02005695,225.36945812807886,0.3973312609077597
E02005701,22.013250694592863,0.3754020829894298
E02005753,67.87878787878786,0.11503411677005282
E02005765,286.14800759013286,0.1849297384740316
E02005788,91.70765987350667,0.39445351343761637
E02005803,31.72314347512617,0.28094123094388035
E02005806,166.78058783321939,0.3095360427541056
E02005814,109.42698706099816,0.37889808072344255
E02005829,6.463195691202873,0.2915770900724963
E02005830,18.925056775170326,0.3118689219946642
E02005864,3.8805970149253732,0.46606784223035813
E02005875,106.60408984244049,0.4641541044568438
E02005935,259.7693786034593,0.11542233579208272
E02005981,3.9503386004514676,0.14065770202473793
E02005985,58.10684161199625,0.10142664210345131
E02005997,98.80115750310046,0.13519771862740448
E02005998,213.83114128128977,0.14523366911035573
E02006001,457.13016437139055,0.1313792011711925
E02006035,117.90050920485703,0.36568829135117564
E02006038,125.34905367669873,0.3606625113457156
E02006042,27.57839063090291,0.27268403924722673
E02006064,6.684491978609627,0.28506915667557564
E02006091,48.89515749882464,0.29795968973977516
E02006137,14.429621562755242,0.4488279052801287
E02006157,31.633792333457386,0.3164245413174358
E02006160,59.643255295429206,0.36524311044679614
E02006173,105.94860964449137,0.38102645423946857
E02006176,54.672600127145586,0.2695814556082494
E02006183,4.8543689320388355,0.2960403693110756
E02006197,92.84195605953225,0.24510209330062782
E02006198,219.22211507553843,0.35902512128368613
E02006213,61.533052039381154,0.35972690053980116
E02006220,8.209662140827282,0.3150243887975064
E02006242,219.31713318978774,0.1764936067242635
E02006252,69.88013261922978,0.2623135558140488
E02006278,167.06500956022944,0.24295006211307602
E02006296,32.716650438169424,0.2209200967412741
E02006311,34.48275862068966,0.29719217100330386
E02006326,226.6715650257164,0.07380056257727219
E02006352,5.716798592788038,0.15526673827126913
E02006358,164.6440129449838,0.15282190586341216
E02006364,163.04689959080892,0.1276905600487126
E02006369,30.35589672016748,0.25166219230428943
E02006453,86.24420401854714,0.1554496363136142
E02006456,4.725897920604915,0.17023269153370357
E02006461,7.047477744807121,0.10441015697441536
E02006530,502.00892857142856,0.1863055955871218
E02006576,371.43742255266415,0.19733468260839793
E02006585,0.0,0.2039143045775198
E02006590,50.46626439934174,0.21970365704980033
E02006608,90.48228766538627,0.20254573544841215
E02006615,36.42638036809816,0.24087839347185103
E02006625,27.617602427921096,0.29052260337795666
E02006650,45.817187143834055,0.22381538361393893
E02006679,252.8409090909091,0.277684898396223
E02006690,118.67364746945898,0.24450463841104053
E02006693,115.75954508529651,0.2879590563452288
E02006701,213.59630717582877,0.3789660067129166
E02006734,27.189467658843732,0.24513356920582563
E02006778,37.66413268832066,0.45819527321999765
E02006780,4.585403133358808,0.3769919884926072
E02006782,23.61695244257522,0.20999472404370678
E02006805,18.76759461995621,0.40687455161139763
E02006815,114.73656057769455,0.599334357528523
E02006845,96.95704057279237,0.32407143013305095
E02006857,10.632780082987553,0.2805484002477625
E02006863,126.55233589591958,0.38817543500990315
E02006866,159.02578796561605,0.35025844255672833
E02006878,387.4888823006226,0.3591864074554616
E02006885,83.88917393535147,0.20987632114419874
E02006893,62.03840472673559,0.21082061134970598
E02006895,313.30607109153823,0.1326051420299459
E02006931,44.9793338195964,-0.014491967521045979
E02000016,192.22903885480574,-0.08978530387235573
E02000033,18.993066023515226,0.10816792845787404
E02000038,6.915287725364287,0.010725975119630249
E02000040,677.6141940354851,0.07639178845719208
E02000046,62.58741258741259,0.039966024433342184
E02000052,30.506846024501563,0.02029602594370772
E02000055,67.24096673845418,-0.08399262577040822
E02000061,78.1841109709962,0.0007554901450248508
E02000066,128.85375494071147,0.17470585545595618
E02000068,73.9888194672805,0.15701039365183256
E02000071,6.8296189791516895,0.132668704540702
E02000083,46.67503136762861,0.16819671883491338
E02000115,11.50600869342879,0.0018522965279785808
E02000117,21.28593372833004,0.042452056177184616
E02000121,196.3400686237133,0.016048294656091144
E02000154,107.80443364713028,0.15032081383333384
E02000189,33.28894806924101,-0.02961365236359903
E02000210,32.03797092850786,0.11690409155211157
E02000215,82.14786615908633,0.006610600996602045
E02000228,58.48153214774282,0.09487033499502573
E02000231,144.71097129374755,0.163359618912569
E02000234,254.03353369186965,0.12461918783269965
E02000270,552.6868808165716,-0.09019070954901665
E02000317,52.1875,0.19206320303241142
E02000328,2.6058631921824107,0.014706147389695445
E02000359,14.486754966887418,0.17001430509857052
E02000392,24.5026686074721,0.0688912712836629
E02000436,12.98076923076923,0.18391462947869996
E02000470,116.1456839690278,0.2006777996611575
E02000486,5.923000987166831,0.22937410106484535
E02000499,26.657780739753417,0.07127231275795509
E02000504,23.52127291594604,0.10609179065443008
E02000529,76.36887608069163,0.18346119315773102
E02000539,80.01860897883228,0.028797423459685945
E02000548,27.40887256287087,0.1969435878341308
E02000592,11.16382919341334,0.11190879623535643
E02000600,27.72808586762075,0.08820838270021447
E02000601,97.05535924617196,0.08192677490021083
E02000609,15.322874863188616,0.11208874013587078
E02000613,28.04032766225583,0.0706212412659255
E02000620,119.59981809913597,-0.07938070256643925
E02000621,406.2561479441275,0.15228883305183416
E02000626,9.584664536741215,-0.01578988534240544
E02000628,103.72608257804633,0.12731154673532252
E02000643,85.26051825020897,0.034479478543783415
E02000658,39.853024307518375,0.10697022971421077
E02000669,23.853211009174313,0.06287490405117069
E02000671,17.448200654307527,0.06755647064609249
E02000726,1176.4866339334424,0.08977503583897395
E02000736,5.050505050505051,0.21284027440163023
E02000776,17.725258493353028,0.16460489155505265
E02000804,19.69504447268107,0.08578081295734918
E02000851,253.0502684236213,0.03529295304110924
E02000876,68.36363636363636,-0.008772747690924732
E02000880,299.52153110047846,-0.0487244247009464
E02000902,99.00032247662044,0.1852684596998877
E02000913,5.053908355795149,0.272387930443557
E02000929,72.4773508278663,-0.054003348031722354
E02000935,15.39708265802269,0.10749498818645975
E02000941,16.96969696969697,0.013926674441911757
E02000943,60.679611650485434,0.05160138155641825
E02000944,51.12044817927171,-0.09085582945494508
E02000946,10.718789407313999,0.06183749383570536
E02000961,76.7716535433071,0.14059443719267328
E02000985,17.160686427457097,0.3372738609523074
E02001042,5.91304347826087,0.3411563927856909
E02001047,0.9155413138017853,0.6052353082370656
E02001083,57.40645822655049,0.233090216484948
E02001099,1.4684287812041117,0.4047578044413287
E02001100,1.5467904098994587,0.2784735736395856
E02001105,33.44735841885215,0.467089623866376
E02001117,24.120205614867533,0.3278743836819151
E02001139,99.79353062629043,0.5826163755292555
E02001217,45.662100456621005,0.31375757768548596
E02001219,1.7857142857142856,0.3045264745558729
E02001236,22.718214428058985,0.49077503734684846
E02001241,39.74600188146754,0.4859550959312351
E02001250,31.35498320268757,0.4226140483386578
E02001263,24.597631339204373,0.4157178818290497
E02001265,14.54437518551499,0.40379445170083184
E02001293,62.717770034843205,0.37462400258558937
E02001311,14.301133297355639,0.6586145437896027
E02001326,134.42822384428223,0.411918392512697
E02001355,7.722007722007723,0.4144756728177237
E02001361,18.004722550177096,0.47440698737797504
E02001367,30.464584920030468,0.33664050111575783
E02001380,9.624639076034649,0.35618680028974037
E02001381,31.076066790352503,0.43416868224564276
E02001407,1.146350783339702,0.29162270852404504
E02001410,2.00160128102482,0.4324937804960838
E02001424,98.7719298245614,0.36204394837733833
E02001426,4.349717268377556,0.4741994347079075
E02001444,101.37672090112642,0.22496821952091306
E02001479,26.671974522292995,0.3078183316255325
E02001498,0.9652509652509652,0.3210956785051611
E02001505,85.54787040407717,0.2692967730976008
E02001507,1.6616816218012627,0.32439479513143965
E02001543,4.969630038652678,0.39935280615525404
E02001555,2.43605359317905,0.35509474871921487
E02001568,80.06099885627145,0.3817345923103357
E02001640,49.80842911877396,0.3747263044510527
E02001651,12.704174228675136,0.34023645786774814
E02001671,8.6174597227426,0.3503285771002007
E02001675,0.24102193299590263,0.363217579258297
E02001699,20.166453265044815,0.32087061569054054
E02001711,125.93848389440542,0.2277839308707117
E02001738,56.25252934034803,0.3132419670190085
E02001753,18.575851393188856,0.2410138119967229
E02001800,12.276045122760452,0.20592558333351452
E02001833,0.4370629370629371,0.39102986876110446
E02001839,0.0,0.4395463105652242
E02001849,137.34039240112114,0.29377302719445453
E02001865,15.643802647412757,0.482619399061611
E02001870,24.615384615384613,0.4472520991131379
E02001877,6.627136379490758,0.3195177461175893
E02001881,6.7957866123003745,0.5191907604724122
E02001906,2.632964718272775,0.36005325507829156
E02001908,3.2139577594123048,0.525002215032254
E02001911,29.243292131444075,0.39157991008037385
E02001916,82.98217179902755,0.48045890688045834
E02001931,31.95304858167591,0.26379087738100715
E02001958,44.36964504283966,0.3467195067888422
E02001963,4.916018025399428,0.36212293379816085
E02001969,2.2413149047441165,0.33814092921852623
E02001971,38.73386089129529,0.3456968389761892
E02002002,3.35345405767941,0.3756929497744945
E02002009,16.862745098039216,0.51905650194157
E02002044,10.58574453069866,0.4396788610303721
E02002059,24.740810556079172,0.5115152695115626
E02002083,2.5651988029072252,0.2844200358478659
E02002092,6.213211249182471,0.2711215558752311
E02002095,18.267367838361473,0.1904879730322353
E02002115,1.4109347442680775,0.46595654797278385
E02002126,25.978915662650603,0.5954682669200695
E02002133,25.978296612956267,0.3726502023576508
E02002145,74.79022254651586,0.4941585860639055
E02002176,9.286998202516479,0.3700143694456539
E02002202,54.870892018779344,0.32958953378330325
E02002210,1.7705382436260622,0.3636175441888989
E02002219,4.646840148698884,0.1846377130117851
E02002232,6.359300476947536,0.24962304991278472
E02002254,32.038446135362435,0.3453075489181696
E02002309,8.456659619450317,0.352489174539536
E02002315,30.052840158520475,0.3128912031531552
E02002320,8.072328059412335,0.23480758394985468
E02002371,36.153289949385396,0.33853529516341485
E02002388,11.576971214017522,0.3608444529500394
E02002391,11.412268188302425,0.28699666542719804
E02002395,80.73770491803279,0.3689694625300106
E02002435,115.63169164882227,0.46025870989621964
E02002470,25.171624713958813,0.3643758478144976
E02002484,66.11025697342411,0.31987103398982875
E02002503,78.69107908063889,0.2589637002619911
E02002510,255.0362610797744,0.21590629095633496
E02002514,3.1356153645152864,0.25731853370857927
E02002523,66.6421207658321,0.2641090252218552
E02002542,6.551518761167362,0.2792495564541859
E02002552,6.7905646890636175,0.07593010455218696
E02002555,71.54943195552333,0.1745921125897496
E02002562,1.7047391749062393,0.22318813247421865
E02002563,34.99786598378148,0.21574622536848764
E02002565,7.874015748031496,0.21015212752391577
E02002584,65.39333117513759,0.35131473393564416
E02002596,2.2611644997173546,0.4085234416903516
E02002598,423.582295988935,0.4055147987837202
E02002618,0.0,0.2107268657745509
E02002631,89.93630573248407,0.34172059122842136
E02002648,14.080195898377717,0.2558525892574659
E02002656,5.074160811865729,0.3317504297814473
E02002681,21.25480153649168,0.1819361650321456
E02002718,76.4544623819677,0.3174012580872354
E02002719,322.0482437579348,0.2646579819803003
E02002731,0.0,0.17776568833257045
E02002734,4.926108374384237,0.1995198859127436
E02002741,50.90712158137016,0.23261707442513035
E02002754,33.18903318903319,0.36100948663345456
E02002771,35.05224132119987,0.43565892929377537
E02002782,26.09393817743878,0.2910134580565362
E02002787,45.837231057062674,0.3572621974463557
E02002828,14.26533523537803,0.4487381765495373
E02002842,88.64833235810416,0.4139141625946916
E02002865,55.45722713864307,0.24243557621256162
E02002907,71.45515444733904,0.25986944115454413
E02002912,157.43756786102063,0.3446796533162093
E02002914,31.421446384039896,0.3155743899379493
E02002932,59.701492537313435,0.4054651081081646
E02002935,87.00440528634361,0.4405709224586172
E02002953,0.32362459546925565,0.3565200549857419
E02003005,47.59983864461476,0.2613184551929528
E02003021,25.468164794007492,0.31970195134183577
E02003038,28.264758497316638,0.34796089287003795
E02003049,29.468289557975655,0.34399057493309737
E02003056,13.375571981696586,0.41290324388135424
E02003103,25.77873254564984,0.29857903914150175
E02003109,8.588957055214724,0.26866981703076753
E02003113,57.19778899303052,0.25953646843292333
E02003121,27.441860465116278,0.28196243711180635
E02003135,12.300531914893616,0.31592814339781494
E02003144,25.483573840957934,0.2539531354574063
E02003153,7.990529742527375,0.24194609775335962
E02003155,56.464174454828665,0.3153720942811562
E02003175,10.933333333333334,0.2337025348151922
E02003181,7.782101167315176,0.2391310290457227
E02003253,129.1330382712835,0.3934889170614486
E02003254,24.651661307609864,0.3726435591108457
E02003260,54.47714464621164,0.3735277483459907
E02003265,6.6512434933487565,0.18740950052076855
E02003280,70.15457788347207,0.31081528494799926
E02003295,8.074690890739339,0.3042668887566844
E02003327,21.60318362706083,0.260007634500111
E02003382,50.495365931607544,0.14804982608450423
E02003387,15.231237884242594,0.17624302150797355
E02003390,7.378777231201687,0.15768185285680403
E02003394,29.72326614280834,0.09043183177711178
E02003411,30.593242883745678,0.1794989495324586
E02003415,129.4506012732846,0.09253345268599134
E02003455,583.7392281753465,0.11867197553802988
E02003477,730.4326689353428,0.18598260002789857
E02003482,1104.0669856459328,0.13670207507450804
E02003496,9.218054672600127,0.34146531218187626
E02003512,9.36830835117773,0.2384265751841319
E02003519,16.825019794140935,0.11111779778762099
E02003523,19.72517730496454,0.2689821883707264
E02003533,4.568106312292359,0.3242765942828578
E02003565,25.75107296137339,0.1498122782286595
E02003606,372.88135593220335,0.2604219143389912
E02003607,230.92312089168334,0.207604116352325
E02003617,45.50350026925148,0.26577484623599723
E02003619,65.07271382795169,0.19583806256580694
E02003626,1.3280212483399736,0.30627196560662195
E02003662,0.0,0.11796480478575866
E02003667,21.353228711088246,0.16873439124764644
E02003670,6.301369863013699,0.2176172173189599
E02003682,18.666666666666668,0.2563122556376971
E02003691,51.51964418087472,0.157721101361739
E02003696,95.14285714285715,0.21131946389738765
E02003703,56.08396195473926,0.12098872460160237
E02003710,331.53409090909093,0.1425488041179115
E02003743,59.27201180521396,0.37824062808930226
E02003744,22.65724125430487,0.294140505377845
E02003768,63.66381479617514,0.2161283801031555
E02003786,56.86494575383464,0.23211222129696907
E02003788,382.716049382716,0.23710922285667557
E02003825,17.952635599694425,0.2678213039305488
E02003855,10.672358591248667,0.34392077685506095
E02003856,88.32147341984093,0.3207085979560329
E02003871,16.67756703727927,0.28137356661789337
E02003872,84.28844317096465,0.34761046747491253
E02003885,132.47508305647838,0.4137329943194983
E02003901,81.92341941228852,0.26532516535050377
E02003923,188.67313915857608,0.352706219010126
E02003948,41.7910447761194,0.3601639957433882
E02003954,84.11517308314461,0.44772095971319104
E02003959,35.19887363604364,0.38790501173878145
E02003989,65.06746626686656,0.17238880357749053
E02003996,11.984861227922625,0.15953728418176283
E02003997,30.373831775700936,0.22239966388096732
E02003998,5.320917858330562,0.2182898171819856
E02004000,27.28453876136856,0.21622310846963622
E02004017,34.92884864165589,0.2788412055751781
E02004018,49.16732751784298,0.2547379167324273
E02004056,66.29491945477075,0.23426200898366112
E02004058,95.10720175920837,0.35205293609713806
E02004061,42.85714285714286,0.30181932995383676
E02004083,117.22054380664652,0.45438274133100265
E02004112,10.711817553559086,0.2089767183053599
E02004124,27.06144539955428,0.468671472433261
E02004131,11.565468814539448,0.28903806057893267
E02004148,145.97014925373134,0.32129849576293523
E02004167,4.643449419568823,0.3040635809169574
E02004183,59.15599095704597,0.33976643841693743
E02004188,95.15129420342691,0.23633267725280227
E02004211,19.008825526137137,0.33329695529808845
E02004251,16.32208922742111,0.33561155063347137
E02004257,133.23029366306028,0.3268660928794276
E02004270,119.65282083075016,0.3846906634371514
E02004294,1.6415868673050615,0.03363379244845177
E02004310,3.4032898468519566,0.2646846195942496
E02004314,74.48159119763014,0.16667590272207367
E02004322,72.69832846908994,0.27915706481486247
E02004334,5.9523809523809526,0.29707953963398825
E02004337,190.24027743373793,0.25625892525159966
E02004377,36.38392857142858,0.3543689163131507
E02004403,15.630956919557757,0.1514589461262723
E02004422,163.39393939393938,0.31431746557668916
E02004442,3.880597014925373,0.2937611185281632
E02004452,50.53946621237933,0.31179561776129994
E02004456,43.055920189025976,0.2527922452363409
E02004486,47.062350119904075,0.22583421388183567
E02004491,6.022080963532955,0.27376043204688294
E02004527,41.72347968366512,0.13205268710013662
E02004542,89.73288814691153,0.3450020180491755
E02004640,4.017408771342484,0.3402504555053909
E02004641,15.644171779141104,0.2861526303998829
E02004645,0.2537427048972342,0.28423703302826997
E02004648,1.569242840329541,0.4304139523361563
E02004655,59.505167554024425,0.32532527116702337
E02004658,19.395747855277882,0.40425149545788486
E02004676,21.422195775066946,0.18817595081315908
E02004693,0.0,0.16945214144294063
E02004694,131.26740947075209,0.1902241656487611
E02004710,41.65044764499805,0.27017929270528107
E02004730,36.11738148984199,0.23418073094520686
E02004738,10.896637608966376,0.2431011693112577
E02004761,94.14870215574132,0.1900721798277054
E02004797,51.412429378531066,0.3466570172181278
E02004806,42.80768020144791,0.19939689387116388
E02004812,28.81002087682672,0.2271305274756763
E02004831,165.6423763535265,0.2155701886289929
E02004858,9.183180280328662,0.12964957189267956
E02004868,328.4457478005865,0.16984650337099438
E02004880,303.26460481099656,0.175325271009239
E02004885,44.38237119801366,0.1612282070554265
E02004890,78.23222618720833,0.16400582248917495
E02004899,33.79343169919086,0.13627633318739818
E02005042,93.77344336084022,0.3972104400570675
E02005048,49.663928304705,0.2877035485576229
E02005058,2.0174848688634834,0.1604642749841112
E02005066,13.032422123331212,0.2568054795957977
E02005088,40.602655771195096,0.21240681879104706
E02005091,12.085635359116022,0.12914542068126877
E02005093,24.35129740518962,0.23124509875618138
E02005118,72.78138528138528,0.35019013050647096
E02005121,28.04929876753081,0.29140936403743467
E02005139,7.119126720455624,0.38667098111356957
E02005154,65.08192937918301,0.20076553873371594
E02005157,2.614867388868136,0.2149170350434062
E02005159,3.8155802861685206,0.3018792450369272
E02005167,28.407169428474806,0.26035573250590005
E02005178,119.90725405763497,0.343290157901218
E02005181,46.0456942003515,0.29767021871803845
E02005184,39.80099502487562,0.2774597647889667
E02005218,46.64895187481547,0.29782565274565087
E02005278,30.360531309297915,0.4514236369953979
E02005296,40.467250730079265,0.36654758309839863
E02005306,57.55637832379671,0.25415218062156075
E02005309,68.22781150621567,0.35061802678834386
E02005313,45.74223245109321,0.3503627310407387
E02005314,2.117148906139732,0.08309747766849362
E02005315,19.024240564590364,0.249456069549014
E02005343,53.27136217375759,0.3763760352779739
E02005359,273.22175732217573,0.3518541393428736
E02005386,43.66925064599483,0.340802795567563
E02005387,55.98755832037325,0.36707054603121225
E02005437,17.43970315398887,0.3738568041649373
E02005446,59.15492957746479,0.20454807688913235
E02005449,96.1604980975441,0.25243726693469437
E02005455,96.0297281439468,0.34860830790343833
E02005497,30.862126803086213,0.3633281210797623
E02005516,67.10430342815462,0.28300714533079585
E02005517,11.086474501108647,0.27853988557741793
E02005536,117.97752808988764,0.31845373111853537
E02005558,58.678847505270554,0.3655735160246074
E02005595,38.901601830663616,0.3297557137259881
E02005607,74.26404995539697,0.2601937356108124
E02005627,91.3705583756345,0.2730904158622609
E02005642,23.497101007018614,0.35285106295524216
E02005643,27.192982456140353,0.38704528709776476
E02005651,66.3265306122449,0.2904695780810522
E02005665,8.658008658008658,0.28212341444795275
E02005693,11.5995115995116,0.44461417298646655
E02005708,72.41172950329144,0.3547617604277802
E02005725,92.04871060171918,0.29263730743851557
E02005726,57.84574468085106,0.25893585409942066
E02005799,95.44303797468353,0.3714414188574269
E02005825,9.25640234495526,0.3453107201022343
E02005842,36.74121405750798,0.32316516503985415
E02005848,10.178117048346056,0.2875368397160676
E02005868,15.725518227305217,0.41600785186650224
E02005871,32.984459245163336,0.3593816314193168
E02005876,26.216216216216218,0.45684705679245674
E02005877,8.835594824865888,0.4619637467348259
E02005878,19.576599134987475,0.43173455159580776
E02005895,36.650774731823596,0.25363630884960653
E02005923,9.561060408518037,0.09958991176426668
E02005924,161.17065127782357,0.1443540773138583
E02005971,64.47425356988316,0.17193339914586936
E02005980,205.2434456928839,0.21224408610819445
E02005995,70.88809239346875,0.31843952497868067
E02006003,66.1896243291592,0.1314773334364734
E02006006,31.45196036191297,0.10496858933495723
E02006014,51.931106471816285,0.3051129326726514
E02006071,62.206572769953056,0.3974337971962374
E02006112,95.99224305106657,0.3689799914301961
E02006135,44.444444444444436,0.24048850707657365
E02006145,74.63312368972746,0.2550781364225436
E02006155,55.291576673866096,0.3889894019031246
E02006177,5.292338709677419,0.41803978697967104
E02006224,31.907671418873047,0.3269352694849399
E02006266,189.96881496881494,0.29657180380725734
E02006268,52.26608187134504,0.0749433595594704
E02006272,81.58062460165712,0.2754154443892505
E02006285,19.262703420790434,0.25958097626443344
E02006309,6.022080963532955,0.3280291974074627
E02006330,41.10301768990635,0.16667469013804137
E02006346,33.40238218539617,0.19458518987732099
E02006357,409.33232169954476,0.18279022038238857
E02006361,29.81753449043169,0.17804243882134863
E02006368,30.884808013355592,0.17840037481464854
E02006376,31.054045983875785,0.20047607672667844
E02006411,4.61589185624794,0.11409932328738037
E02006434,64.46140797285835,0.16861780663934844
E02006455,46.21676891615542,0.17374081202832947
E02006517,377.9145077720207,0.21950510974699178
E02006525,47.219846022241235,0.20808930854286523
E02006558,25.15463917525773,0.1736155416181857
E02006567,70.8161321054303,0.301179154417774
E02006594,293.222683264177,0.2173246705127081
E02006605,164.26512968299713,0.19115053723005992
E02006622,12.406231967686095,0.2738488877973051
E02006642,24.461028192371476,0.2500969296888389
E02006656,1.3951866062085805,0.2724541274460899
E02006663,225.609756097561,0.21070648018529603
E02006674,6.1855670103092795,0.2493608321035996
E02006682,61.595893607092854,0.2607288277938373
E02006702,12.77297074577668,0.2628694441312849
E02006729,72.76580713528787,0.4051046828024054
E02006732,2.327901563019621,0.3312621646831806
E02006735,26.48171500630517,0.2731628086832165
E02006738,31.515483694162782,0.3394129806798434
E02006751,9.3713393205779,0.23912318074940853
E02006758,129.33458294283037,0.3610351501473632
E02006791,46.9361147327249,0.036367644170875124
E02006792,62.70136307311029,-0.055262678675049415
E02006801,215.10416666666666,0.043180671833333406
E02006804,34.383126264085526,0.3251422276271265
E02006813,21.102611448166712,0.21907953963193538
E02006816,270.2029191883232,0.4039050152674406
E02006855,35.65365025466893,0.13314109458992718
E02006860,28.30188679245283,0.5589945320911678
E02006870,144.2254558850617,0.3601966099203686
E02006875,423.08769963575224,0.17463408493304655
E02006902,560.8669833729216,0.41494385206270845
E02006925,3.4129692832764507,0.07523928554865122
E02006928,231.77695666778638,-0.014906083486435406
E02000014,1.1328235627301049,0.24599697192383196
E02000037,145.4224315572564,0.05863457140842421
E02000064,117.55102040816327,0.024312432633948333
E02000065,0.36656891495601174,0.3431634909941934
E02000075,1.2610340479192939,0.17909647676250273
E02000107,31.166301436571707,0.006131962547364367
E02000108,65.67303213786678,0.15193133845927598
E02000109,1859.6813725490194,0.2779305764271758
E02000113,16.938898971566847,0.13984669172899444
E02000137,21.17129502337091,0.05347194617512052
E02000156,19.133725820016824,0.19962340863863126
E02000179,6.968641114982578,0.0006616772172893803
E02000196,47.786917352134736,0.09698970632477533
E02000213,137.98076923076925,-0.06927333636460276
E02000226,35.407725321888414,0.1412035075139162
E02000229,22.37878159966846,0.2178663511927823
E02000247,41.01198402130492,0.12064162162728564
E02000249,26.286966046002192,0.10219094089654668
E02000260,71.31280388978931,0.1909098690399027
E02000291,36.018009004502254,0.012800630261699197
E02000302,5.123278898495037,0.0935627362800524
E02000335,1.5168752370117558,0.15817336742214572
E02000344,9.693053311793214,0.18288372258153274
E02000350,24.96532593619972,0.04304240535650372
E02000370,37.15498938428875,0.14961971438071586
E02000381,21.490371197320684,0.003921002029855458
E02000395,36.778227289444644,0.05695163097949241
E02000467,19.574259848299487,0.1864510135547004
E02000572,37.82234957020057,-0.14716292144713883
E02000584,36.71596124426313,0.17466894627014184
E02000589,6.558118498417006,0.03522413346879638
E02000629,71.98590485779008,0.014763342743263408
E02000631,5.9092130002686005,0.01463821939925758
E02000645,32.55813953488372,0.03880244361436169
E02000670,15.283842794759824,0.11152281942354669
E02000712,27.94471153846154,0.1833126820835922
E02000796,16.079632465543646,0.12448884077374167
E02000802,40.49295774647888,0.07762655713906064
E02000828,134.27672955974842,0.10008345855698231
E02000839,14.196983141082521,0.08246514244669712
E02000858,36.954444090474674,0.11809954143525658
E02000905,41.26984126984127,0.18204531914889976
E02000915,6.05143721633888,0.16751995467496705
E02000931,16.421291053227634,0.08866517008998365
E02000942,22.403795466526095,0.11518225395632697
E02000960,21.27659574468085,0.01721398073468805
E02000969,44.366765259478356,-0.00796816964917646
E02000987,22.201946472019465,0.3593176801107507
E02000993,114.19457735247208,0.5099571912320364
E02000997,88.95446880269816,0.2686128353816777
E02000998,16.42036124794745,0.48204989434426526
E02001011,48.72727272727272,0.3347806244059637
E02001015,14.354066985645936,0.5022119569457226
E02001022,30.36680697534576,0.412125087809212
E02001037,3.315649867374005,0.3743979633496126
E02001043,74.98916341569137,0.3957508339608369
E02001094,55.7161629434954,0.5287433382201581
E02001109,23.109243697478988,0.5694638066620898
E02001134,48.3933410762679,0.4538707308385179
E02001161,0.373134328358209,0.6143731721861325
E02001195,23.37905236907731,0.47748920349839885
E02001211,91.58723580605057,0.3414390769843729
E02001213,75.41969431220245,0.43681849187480193
E02001242,119.06779661016948,0.442774825570055
E02001255,190.86826347305387,0.42790829433153643
E02001287,299.8707453683757,0.34506837615233454
E02001289,20.480225988700564,0.3297281235211518
E02001308,11.976047904191615,0.48025682872621367
E02001319,135.16935739157964,0.3920608173490834
E02001370,49.79384712971773,0.3681422359059461
E02001387,6.008855154965213,0.3646327428872125
E02001392,97.41784037558685,0.35085061559972175
E02001406,16.54571843251089,0.32155368440391996
E02001409,25.895953757225435,0.3088819107186289
E02001420,94.52621895124194,0.4222722264245453
E02001433,5.414012738853504,0.27066206927869274
E02001467,11.52197213290461,0.41270847560689283
E02001470,4.340277777777778,0.2708639721448556
E02001475,20.52574720921858,0.42944502872618795
E02001477,78.27669902912622,0.1621188494764354
E02001480,15.033072760072159,0.30460028017912677
E02001494,20.066889632107024,0.3232453632936174
E02001527,3.4978624174115818,0.2886581584248358
E02001529,33.97129186602871,0.3121005997999271
E02001538,16.642335766423358,0.3579034233432612
E02001580,39.934800325998374,0.4495729454419637
E02001586,3.75751503006012,0.4552922231260066
E02001627,13.629842180774748,0.3506695840527181
E02001648,22.029613578909352,0.3434550333239512
E02001678,44.4290976058932,0.32019969644603385
E02001695,0.0,0.10962912889630427
E02001722,38.14064362336114,0.2044664705571302
E02001736,32.46622302883647,0.15763594896354327
E02001761,22.46732026143791,0.17974411001379575
E02001786,0.0,0.3644296737515331
E02001793,37.67660910518053,0.2183824873463278
E02001814,1.448225923244026,0.14209092353398578
E02001821,75.41785568691398,0.32760184190756014
E02001838,36.01557430240104,0.2261302463432866
E02001862,13.185495954450106,0.4447236183021106
E02001898,0.0,0.4202495076699888
E02001923,38.16568047337278,0.33676613816631207
E02001944,2.638522427440633,0.2617258688856374
E02002022,42.71503803393797,0.4993184127298962
E02002055,83.54646206308612,0.5334847145306494
E02002060,64.16209371042635,0.46067103814822197
E02002068,98.12057603124238,0.48397708752329915
E02002069,54.50805622214604,0.26411577914975837
E02002088,29.154518950437318,0.41099094775385403
E02002102,40.01151410477835,0.2741161984497076
E02002113,3.3544539694371966,0.35024405360844124
E02002141,1.8754688672168043,0.334924613259461
E02002159,18.961625282167045,0.33060044241833175
E02002178,18.73622336517267,0.4286856974280919
E02002195,6.507592190889371,0.3742193031196175
E02002198,28.94317578332448,0.36467539609717115
E02002256,10.105871029836381,0.35020845336620177
E02002295,3.049813622500847,0.27388386332204284
E02002300,195.49641760491298,0.3090121139231803
E02002328,50.64581917063222,0.3918907129873892
E02002403,21.268515001898972,0.42727447229660775
E02002404,108.07761732851985,-0.011888933553841241
E02002438,65.99450045829514,0.23562571049572778
E02002487,40.86799276672694,0.37104041154048417
E02002492,46.853625170998626,0.29295120890519044
E02002497,0.7104795737122558,0.5215372793609188
E02002508,121.34088762983949,0.3054995431662295
E02002517,128.66722548197822,0.32079440506364687
E02002547,0.3616636528028933,0.22054276961415287
E02002592,9.385999217833398,0.3594539638566383
E02002593,30.84072665821715,0.4309008884122516
E02002599,21.797045289416324,0.38081353131690143
E02002624,136.28212791392707,0.308843647042921
E02002627,12.462108454024923,0.2644250018600838
E02002641,0.2801120448179272,0.2580485239190109
E02002658,65.50802139037432,0.305374443668299
E02002660,1.2682308180088777,0.32364733085908615
E02002685,17.384327360256755,0.35284829234583537
E02002730,8.117389946924758,0.18011971222069967
E02002763,80.27812895069532,0.31508104663989567
E02002776,31.07541899441341,0.30222305336521327
E02002786,22.27227227227227,0.2731290683279104
E02002804,78.93925377736664,0.41887507934525914
E02002815,2.7777777777777777,0.4116379672152455
E02002837,29.34451219512195,0.5263907647111861
E02002839,12.366884232222604,0.4862845148498742
E02002843,9.888108248763986,0.4649523968477798
E02002852,9.674922600619196,0.39312053758166865
E02002858,6.147540983606557,0.28529973481900317
E02002888,44.3864229765013,0.5513429420691596
E02002933,27.794204612655236,0.4330404465191702
E02002937,191.69719169719173,0.3646928042634636
E02002987,113.1669535283993,0.24975865677774145
E02003009,66.80244399185337,0.33961696103415573
E02003032,70.38598767434316,0.3071451988110727
E02003034,149.39845573711617,0.25585178912348994
E02003057,40.26294165981923,0.37736789818167793
E02003070,53.62201537838932,0.29730974057112114
E02003081,5.089675230247212,0.3542138172909235
E02003094,94.30551370894848,0.29528376823231994
E02003116,29.41176470588236,0.3379689216914592
E02003122,43.615898698557864,0.2997064859821803
E02003145,2.951787471302066,0.3515670007324241
E02003167,29.001798561151084,0.23037848376816328
E02003196,22.63521563021206,0.2855611808826435
E02003197,24.56390174439302,0.26592007009002216
E02003244,25.780189959294436,0.4189202499369413
E02003266,7.18629076838032,0.3384528727647247
E02003274,33.248081841432224,0.12239844049978199
E02003281,16.77450275581117,0.30989567753709935
E02003286,13.28125,0.24927529019975658
E02003308,141.39762975071517,0.26766650382491797
E02003335,20.595807282089,0.32296858643583626
E02003341,97.24106739032112,0.20873975406516188
E02003368,15.72847682119205,0.1635740758813995
E02003381,40.05281690140845,0.16809851651037455
E02003384,33.629686896018555,0.3063570529523769
E02003392,10.693720866465588,0.14741506755160927
E02003393,8.78844946641557,0.0850720560785394
E02003406,65.15679442508711,0.2195203589447896
E02003430,54.42698351858949,0.06078353811607329
E02003437,28.759528759528763,0.15070373471691845
E02003441,5.4163845633039935,0.11150612242524005
E02003450,278.4117926771279,0.17079115657027444
E02003473,1.284796573875803,0.23224891905223188
E02003478,2.608047690014903,0.1805658466795066
E02003531,1.8105009052504526,0.32912648945210066
E02003545,6.188466947960618,0.21201334660135807
E02003558,37.961696306429545,0.2618480195134403
E02003584,15.560495395363606,0.3233938893700712
E02003605,237.76908023483367,0.15706968643903352
E02003650,31.914893617021274,0.26545854087768816
E02003665,85.55907650520598,0.17520772481361213
E02003704,22.317596566523605,0.1582919059336234
E02003712,24.95378927911276,0.1444928338850584
E02003715,17.94771751853297,0.20429166639356033
E02003831,210.9289617486339,0.33527103527557856
E02003838,301.37481910274965,0.3279730379702013
E02003866,84.09658617818485,0.3581473408799196
E02003883,219.30042173158026,0.3535440373092067
E02003894,77.32106927277954,0.3800185540529917
E02003910,133.5776149233844,0.31534469019533784
E02003920,88.58713223407696,0.40410430144618203
E02003936,81.42940831868776,0.3480942883266538
E02003938,157.2953736654804,0.25537135699183366
E02003949,39.45852534562212,0.4259539236556815
E02003950,66.6941128036229,0.4151480129231393
E02003986,0.0,0.2641598497413318
E02003999,263.43026121241996,0.25293236570861577
E02004010,56.350626118067986,0.25925325871642535
E02004022,24.067388688327316,0.1967932187157313
E02004044,226.9120913995557,0.2280544086489904
E02004046,29.583637691745796,0.25247970322340674
E02004060,21.316614420062695,0.18272170678558286
E02004063,6.292749658002736,0.26843201882804024
E02004070,31.48751357220413,0.23355795379592426
E02004088,7.042253521126759,0.4505253948216561
E02004091,22.279129321382843,0.3758561052941811
E02004094,13.026052104208418,0.4247823289170274
E02004097,4.8076923076923075,0.37901258946161764
E02004150,2.821869488536155,0.2807624412530263
E02004161,61.273769996981585,0.386925620243046
E02004180,131.54421469423667,0.41970289077093614
E02004206,41.97761194029851,0.2731366291169568
E02004217,26.611472501478417,0.319556035974748
E02004227,78.2183595871809,0.3733740445080125
E02004246,106.90789473684211,0.339106672799268
E02004250,19.33314653964696,0.22709422767132637
E02004252,153.12682641729984,0.21484864068510134
E02004267,35.698348951361,0.423007238067477
E02004269,91.38381201044388,0.29099287649876615
E02004368,14.755610205963725,0.2780787616658058
E02004370,24.51132485262178,0.397343597209737
E02004399,19.036954087346025,0.3542533294854806
E02004413,115.46685673556665,0.20642797759194842
E02004420,206.75944333996023,0.21554346231764754
E02004431,26.743576297850026,0.18986964622211744
E02004503,9.517961314092723,0.2857258045205775
E02004528,57.06354102405922,0.18869157668506809
E02004543,25.17985611510791,0.22477567120707498
E02004585,45.591787439613526,0.341123019501266
E02004637,64.81715006305171,0.2941846499393481
E02004659,124.24242424242424,0.2579851095492227
E02004663,33.6045277679519,0.2492686443498764
E02004664,105.53454795462359,0.3760535260815603
E02004685,194.71445929526124,0.07883065920976406
E02004690,40.26423403586033,0.1986148234113969
E02004703,137.24550898203591,0.19331347379457853
E02004718,61.38040042149632,0.18933924029671267
E02004735,3.1191515907673115,0.27156828518540266
E02004737,45.149481391092124,0.2563046520932861
E02004740,2.5657472738935216,0.2924303274133191
E02004751,79.86638323716976,0.24112782796121657
E02004785,12.386457473162675,0.326637684087995
E02004821,21.28644146228598,0.2242690652609074
E02004852,109.09669211195927,0.17805783443164636
E02004876,92.57616089914227,0.152936139901783
E02004919,53.36804425642694,0.13684253899884347
E02004920,60.08583690987125,0.156686239481159
E02004938,33.74233128834355,0.19492458417059488
E02004953,8.107012565869477,0.3210673751329365
E02004971,104.18168709444845,0.0784181278324283
E02004980,55.29953917050691,0.22190684021169282
E02005019,142.01680672268907,0.3464708934481351
E02005029,713.2554091022134,0.13398613863929754
E02005082,358.1151832460733,0.24681487440262906
E02005129,83.33333333333334,0.25091971613579034
E02005137,5.92823712948518,0.349018636012401
E02005145,198.10040705563094,0.3291936364240984
E02005201,56.37254901960785,0.3488293854767779
E02005216,22.13541666666667,0.19210326907758546
E02005222,50.682261208576996,0.36006442506151526
E02005223,35.39823008849557,0.299141070872774
E02005228,0.0,0.3715635564324833
E02005239,104.23959548813693,0.3442150931372643
E02005253,467.0737025730484,0.2242794787030089
E02005258,5.759321006365565,0.2785727092356556
E02005279,6.0989913206661965,0.26738525191599116
E02005287,24.096385542168676,0.3508609740733126
E02005310,13.83399209486166,0.09475426079426263
E02005336,8.61178091629349,0.4344212226495623
E02005347,61.17715279791245,0.3144012191852905
E02005352,39.653035935563814,0.3630949693686256
E02005356,88.06126000696136,0.3525033535625095
E02005374,45.545212765957444,0.2612805796018627
E02005382,74.48747152619589,0.3895917589518749
E02005414,28.351309707241914,0.36373993171713526
E02005418,69.9198834668609,0.198606118751961
E02005436,50.37637521713955,0.3506155672204416
E02005458,78.5094066570188,0.2464909153112007
E02005482,10.019550342130985,0.3174303782853354
E02005549,15.497201894102453,0.3317564551431591
E02005579,81.65088440235841,0.3192784482415041
E02005581,20.35541195476575,0.39506801456991525
E02005592,13.18359375,0.23801314390363082
E02005598,266.87211093990754,0.22946501843628297
E02005606,57.37704918032787,0.38637873388590993
E02005620,68.19650937297996,0.32742374573040856
E02005649,102.45753523671847,0.34703063982175664
E02005654,40.58240396530359,0.3529889980983816
E02005659,27.147307521139297,0.2857035994282864
E02005663,4.258943781942079,0.2517433367155322
E02005670,66.5680473372781,0.19783807659953112
E02005681,31.64942178940962,0.2715047417524836
E02005688,70.08398494063134,0.24783670445214234
E02005713,15.716374269005849,0.280157802564835
E02005754,59.62145110410095,0.27038899997018984
E02005758,254.54545454545456,0.3077358767170324
E02005777,19.247594050743658,0.2648156901326679
E02005787,49.193548387096776,0.37317667033291446
E02005789,114.73982146745047,0.2830452202383613
E02005808,70.8502024291498,0.2968315231992573
E02005813,87.54418798086921,0.33138310719011965
E02005862,5.959475566150179,0.4032280795042089
E02005866,26.336173508907823,0.3285993625315671
E02005873,3.9794007490636707,0.3223570484850784
E02005889,17.93009532455742,0.38299225225610556
E02005890,7.885304659498209,0.3804867788291544
E02005891,10.21486438886932,0.3658773551269414
E02005930,212.93627921869998,0.16697122824736965
E02005931,341.95488721804514,0.12640839021121053
E02005972,352.33644859813086,0.09134136385885938
E02005984,364.15362731152203,0.12408923428340657
E02006080,91.12709832134293,0.3422809180389548
E02006084,46.12954186413902,0.33539754549144707
E02006109,45.007451564828614,0.2996393957942969
E02006124,6.684491978609627,0.41933624952598425
E02006127,0.0,0.38748986665593144
E02006131,62.81725888324873,0.40668213433381784
E02006142,37.539574853007686,0.3225677876528188
E02006143,513.353115727003,0.38496662968670936
E02006156,17.07156927117531,0.3574320631815713
E02006200,22.560631697687533,0.29939904889216784
E02006216,29.411764705882348,0.413762194926413
E02006239,16.170212765957448,0.3369092891594567
E02006247,31.771247021445593,0.2968869227452693
E02006248,0.9101941747572815,0.18116014261131408
E02006260,2.5083612040133776,0.38476776681894265
E02006284,86.272040302267,0.27522310218333157
E02006294,35.60126582278482,0.3160764210984315
E02006317,14.746911119968114,0.20276074181396098
E02006327,23.29075882794891,0.10290405311105744
E02006328,53.72313843078461,0.09917752455833373
E02006337,3.6330608537693005,0.14775806464853147
E02006343,46.6193269527632,0.20671686003175616
E02006349,11.268512556342563,0.1537514444262964
E02006366,27.31362467866324,0.16912327051726628
E02006382,50.505050505050505,0.20642126221730095
E02006400,88.87952822240943,0.2036847402361257
E02006401,86.6599292572006,0.15908930336078697
E02006412,103.49699752737548,0.16825137927808953
E02006413,25.641025641025642,0.08325806144747894
E02006447,69.23714759535655,0.24629238711994006
E02006487,8.040201005025125,0.4495289429838545
E02006515,261.07720880870255,0.2876112087622209
E02006516,161.76470588235293,0.24113701061764292
E02006527,72.66099635479952,0.18196754625652112
E02006532,345.413994981879,0.27913657022722305
E02006630,39.14505283381364,0.20519652623270446
E02006664,40.62616474096161,0.26902838784750394
E02006667,313.67078517337586,0.20235101323272264
E02006676,18.434913468773516,0.20822161314279342
E02006695,34.757422157856624,0.35208564130188336
E02006713,43.73481430059007,0.19073312369823991
E02006721,93.7109537692628,0.34819356569747395
E02006722,0.8650519031141869,0.402530899931425
E02006740,61.62070906021385,0.2313733899701269
E02006756,345.8033573141487,0.31669642850432567
E02006796,116.83227943390546,0.056580286704262406
E02006811,184.1100076394194,0.2006004878732428
E02006817,60.188298587760585,0.38792071352372304
E02006829,79.72582972582973,0.2424299348309411
E02006864,144.00476048795,0.3475977715522971
E02006865,174.75728155339806,0.28161654016741267
E02006898,437.55562147730643,0.21230317965826284
E02000003,15.127803860198227,0.23261816938257418
E02000004,6.471095772217429,0.1931141049105669
E02000008,2.613809627532128,0.2380568351649277
E02000039,46.68008048289738,0.006389798098771493
E02000047,35.678889990089196,0.12664551529477563
E02000086,10.756543564001435,0.174972506799012
E02000095,3.2082130253448833,0.15446266052994595
E02000097,6.493506493506494,0.1231747519329538
E02000149,19.69836872883964,0.14027964733194231
E02000242,81.82240818224082,0.02448557520056127
E02000266,310.9673942333603,0.1602202483444568
E02000311,3.829321663019693,0.06195496284952817
E02000333,3.327787021630616,0.0240034520522876
E02000353,37.907268170426065,0.06175966464752847
E02000373,0.0,0.1652670672470311
E02000376,20.304568527918786,-0.08437727811867823
E02000403,17.495711835334475,-0.06611263934493117
E02000444,16.778523489932887,0.07449644474573347
E02000454,7.0588235294117645,0.09890592672778098
E02000461,40.68857589984351,-0.0334593880576346
E02000468,9.35785737334624,0.19643182441614293
E02000469,14.63963963963964,0.2537641625974185
E02000501,20.550110654441987,0.10363082772385646
E02000511,24.914356898162566,0.2355413759639866
E02000525,52.51432208784214,0.10745966015852026
E02000553,6.90978886756238,0.17217836810855403
E02000564,10.391686650679457,-0.06179569662238116
E02000570,9.953872299101722,0.053042123470740776
E02000623,11.146963919037841,-0.002563574530437762
E02000632,25.554484088717455,-0.007317243952481789
E02000664,155.884995507637,0.027216057224869417
E02000677,24.14561664190193,0.051888582107675774
E02000681,21.725826193390454,0.14261027351933286
E02000692,38.25284861638632,0.02221358705254417
E02000695,40.881621045147526,0.13604369731868005
E02000727,16.437139049311416,0.12266506325369164
E02000731,129.55752212389382,0.25993821315973875
E02000735,40.339702760084926,0.18458506128898122
E02000738,138.8997268825595,0.27009625637010615
E02000746,531.0800310800311,0.05461263747236522
E02000749,19.52349437458637,0.11603805204022244
E02000793,7.315521628498728,0.08881183851891805
E02000798,8.177570093457945,0.09155469344188916
E02000809,63.510781671159016,-0.10913515038775756
E02000810,50.76142131979695,0.01542971996439313
E02000826,70.35885843458604,0.10856917414882261
E02000831,38.029606942317514,0.0891585410815452
E02000869,43.05835010060362,-0.06689058442703733
E02000873,25.07163323782235,0.08589614743198482
E02000884,342.05557054221737,0.04000533461369926
E02000888,45.97701149425288,-0.07078856498637087
E02000932,236.9688088758635,-0.05059402491952447
E02000948,16.692632984642778,0.013925458054885098
E02000953,14.776742691937036,0.10840005534368302
E02000975,4.328067517853278,-0.013457129005765012
E02000988,24.027459954233407,0.3652763087196078
E02001002,10.701841712294673,0.4493158782905802
E02001009,53.445378151260506,0.4174412991548806
E02001013,15.230460921843687,0.3411693724300111
E02001050,4.381846635367762,0.6364827158532798
E02001068,139.06926406926405,0.5128484726924079
E02001084,9.924812030075188,0.3733032742814437
E02001089,65.32180595581173,0.4186919355496128
E02001098,1.8142235123367199,0.5237987724429525
E02001121,17.53597122302158,0.5881473502081027
E02001141,21.03840957344142,0.5142269875894812
E02001186,22.572301904537973,0.48615590468645387
E02001192,25.07947721653126,0.3037532841771533
E02001222,2.1052631578947367,0.3294792011302423
E02001226,44.0852314474651,0.3436930392352524
E02001239,16.67949704901206,0.5587544183414312
E02001252,0.0,0.43212435522182524
E02001262,41.542040545031576,0.4023697936129915
E02001281,11.046133853151396,0.40837805090131063
E02001284,5.110188438198658,0.30904939864890757
E02001300,30.178728391444473,0.298538191964278
E02001342,137.0911621433542,0.3027102179455792
E02001357,0.0,0.45470128657183473
E02001369,60.098013928295074,0.2169665476533833
E02001391,15.719467956469167,0.41578655551035215
E02001422,56.582421727649944,0.5711616228423182
E02001460,30.57359307359307,0.2554944383944049
E02001472,2.357696194004715,0.27889232050705903
E02001483,28.732042473454094,0.3621399833697909
E02001486,15.831134564643799,0.22431051379134015
E02001488,4.4236273744470465,0.3720462766660759
E02001489,6.133258990800111,0.364099238608496
E02001496,27.93522267206478,0.409908506049395
E02001530,147.01601164483262,0.47182076033135534
E02001593,10.515247108307047,0.2722980805814972
E02001601,1.3711151736745886,0.32377320698744416
E02001669,36.0,0.35429143667279206
E02001700,33.80588876772083,0.26787734221453263
E02001740,1.7436791630340018,0.41884110576307165
E02001758,35.91836734693877,0.2260877690741241
E02001759,65.01073290401717,0.34686113218420633
E02001768,2.623294858342078,0.31668547801619784
E02001782,105.34550195567144,0.2858591127728527
E02001790,1.139384732244588,0.11751390170810705
E02001811,17.86151211157328,0.18211605024252098
E02001820,140.4090657822001,0.21347408569072002
E02001822,54.97630331753555,0.15215553430336115
E02001827,2.3273855702094646,0.36840017316062124
E02001842,52.579365079365076,0.4207273754610128
E02001874,5.845816587504567,0.4752608700437069
E02001878,1.4776505356483192,0.33040861978195224
E02001880,2.2995113538373095,0.4701087674281519
E02001893,5.366161616161616,0.38516431582546673
E02001897,68.13342796309439,0.31392736171518454
E02001902,34.17772416566144,0.3746934494414118
E02001936,8.560311284046692,0.2659114351924732
E02001939,45.80152671755725,0.29069394148360406
E02001962,157.56207674943565,0.42716605328594337
E02001965,27.198549410698096,0.3157650411946058
E02001973,5.565319273579379,0.3895112365551059
E02001985,58.93845652881798,0.3228846613890699
E02001990,0.27314941272876264,0.35986580183896066
E02001994,2.64861683343143,0.2946996451104278
E02002005,73.74338624338625,0.474692969609122
E02002093,16.22002820874471,0.23179740048294661
E02002110,31.238378579397548,0.3273171559752228
E02002170,18.285249898415277,0.5990562571603499
E02002188,15.75795776867318,0.30849484529899485
E02002201,40.16913319238901,0.2977352821545942
E02002214,71.54742096505824,0.2535674536743766
E02002223,14.440433212996389,0.3617828020171334
E02002225,13.921113689095126,0.23477498250485418
E02002240,70.08817544652949,0.37257724126332903
E02002263,16.660881638320028,0.310932941539094
E02002267,36.46723646723647,0.3308029542042261
E02002307,14.487228364468166,0.22301219186829968
E02002318,3.121748178980229,0.3707912082605498
E02002332,107.34017363851618,0.312928059414026
E02002370,28.125,0.33527006097328904
E02002393,44.44444444444444,0.45522661766722816
E02002399,15.203344735841885,0.4522314594999379
E02002412,75.05735824319895,0.32341409441567404
E02002415,11.542901115813773,0.4651710344075273
E02002431,101.36452241715402,0.4370078886849065
E02002433,58.13953488372093,0.2536524994345708
E02002458,39.39313281873835,0.4577492137353296
E02002489,9.060022650056625,0.35045037608090723
E02002496,33.800873764083704,0.11439061298730557
E02002527,36.379769299023955,0.27684102154786494
E02002530,30.19784796945505,0.23670502359989776
E02002544,127.1011501032144,0.24403578716976426
E02002572,29.336266960029334,0.22472505853231795
E02002578,70.15902712815716,0.36797187396607534
E02002628,8.301404853128991,0.2743681281719006
E02002671,69.31608133086876,0.3509995213265107
E02002704,39.171252832631914,0.3420725386247847
E02002749,55.647840531561464,0.32687061815580076
E02002753,20.980788675429725,0.3044572444579643
E02002765,55.69900405754334,0.3720636814741658
E02002808,137.56708407871199,0.3274097258537889
E02002811,19.001085776330076,0.4342352962578335
E02002819,4.055619930475087,0.23938791926917613
E02002871,5.477082732776016,0.47474483671927903
E02002878,19.337016574585633,0.7611966867958859
E02002883,29.96890019790783,0.4013145647302432
E02002908,66.85006877579092,0.37145751155123197
E02002931,89.40129449838187,0.4253892440052933
E02002934,68.07610993657505,0.4502545730974763
E02002963,6.181511660578814,0.35807115348734886
E02002977,2.8429282160625444,0.20519820831144475
E02002996,97.14285714285715,0.22989973881290737
E02002998,4.391743522178305,0.17921624041431805
E02003010,38.71248368856025,0.3236575861556643
E02003028,8.746355685131196,0.23784598990737216
E02003030,38.86010362694301,0.38205827153552896
E02003062,7.392197125256673,0.44693788479226715
E02003079,0.0,0.3905183343292098
E02003099,46.446164672765654,0.3287009483713179
E02003117,78.00829875518671,0.31416167891119695
E02003119,19.69733365361518,0.2811180157246591
E02003128,59.11587758304996,0.3040008006409227
E02003180,35.388443461432125,0.2860963190511985
E02003203,8.194138039710053,0.28665920394731437
E02003204,85.42713567839196,0.26029451176926877
E02003211,97.89259007477905,0.2431576567519489
E02003231,33.09143686502177,0.37635418370177476
E02003249,60.8974358974359,0.37373617226662414
E02003347,8.247422680412372,0.27509933330434855
E02003354,66.11570247933885,0.13716570449998144
E02003404,6.878761822871883,0.07232929064636195
E02003417,312.53420908593324,0.04889368515254411
E02003423,45.871559633027516,0.14771978949696773
E02003447,141.90558934260062,0.16049397098340457
E02003463,2.2480329711502436,0.3037264784608382
E02003475,408.25688073394497,0.19764946296459485
E02003484,0.0,0.2965513550483809
E02003485,4.6253469010175765,0.33241032193910236
E02003488,61.089899340506754,0.2681718607462651
E02003513,18.91984864121087,0.28785568760670266
E02003516,9.251810136765888,0.12309533122630612
E02003532,7.621467132422992,0.2807616296072073
E02003535,6.036745406824147,0.3127540699324598
E02003574,10.550996483001171,0.34791325844210785
E02003575,2.1367521367521367,0.200262694978373
E02003588,201.91978059650324,0.2859438330243407
E02003601,168.70254209310002,0.1798875192322562
E02003644,428.7359631442557,0.2414203546357072
E02003649,5.74300071787509,0.2893501767133895
E02003664,217.21311475409837,0.12502540059823453
E02003669,25.538707102952912,0.056417647051207
E02003693,176.1904761904762,0.0320403202204691
E02003697,117.03020134228188,0.1402369010785094
E02003728,55.96620908130939,0.14610975845609175
E02003732,115.51339285714286,0.31291059073557825
E02003761,7.963118189438392,0.29939484702791397
E02003777,552.8545119705341,0.1702874637705154
E02003784,130.78055964653902,0.20639477605502243
E02003790,58.20934481858523,0.19229811152989384
E02003791,114.46345256609642,0.15101164742893225
E02003792,72.86497780099242,0.21375955752385778
E02003818,12.971220105391165,0.2890247115722726
E02003821,116.20553359683794,0.30671296025415007
E02003826,247.16477651767843,0.3328944152733291
E02003828,1.4265335235378032,0.3149356245755701
E02003840,130.19323671497585,0.38137593868581376
E02003862,60.67845198279981,0.35231417614850535
E02003878,112.76144286147318,0.38716834818640145
E02003895,232.909144717372,0.37704305705861874
E02003896,40.26073619631902,0.2718289012985382
E02003916,62.953197099538556,0.23033461743921357
E02003924,35.54274735830932,0.2847870133648174
E02003935,101.37544574630667,0.35808929438937565
E02003956,48.54368932038835,0.35617737147309114
E02003963,52.44338498212157,0.378771455928792
E02003971,100.48391688015941,0.23842081174207852
E02003987,73.41194370483075,0.38288423270824623
E02003993,89.24731182795698,0.27204735830437876
E02004004,96.9118754707507,0.29794335943077677
E02004013,70.8497337346608,0.2419859173159873
E02004034,19.70597435095402,0.2582850442893623
E02004086,10.393700787401576,0.40568494000172795
E02004102,43.745203376822715,0.3226693141349761
E02004103,15.997277059223961,0.3141153295199368
E02004106,9.321761491481839,0.2879647964322176
E02004116,106.82574916759157,0.38478463376554384
E02004165,145.06262743955725,0.3056000238546277
E02004179,60.53268765133172,0.4112023584983069
E02004212,72.57417802726543,0.3093069909487216
E02004219,21.767522855899,0.32039743307565605
E02004235,33.634719710669074,0.37149513591998673
E02004244,45.865633074935396,0.32492624562415173
E02004264,46.26334519572953,0.33120262473326534
E02004277,258.0363000218675,0.20095933740382943
E02004282,62.11656441717791,0.2949010245458634
E02004284,24.45709466582332,0.26858190107836144
E02004288,63.99235912129895,0.2798851124624582
E02004307,37.178596247394026,0.2618875844204034
E02004319,133.9204372912238,0.10880613696952235
E02004324,84.23493044822257,0.054975033052470756
E02004329,33.48770929818311,0.44892584793447465
E02004335,155.68453397063843,0.16141847128907116
E02004354,30.069390902081725,0.22661281231877162
E02004364,10.747185261003072,0.20803997538675123
E02004374,4.53257790368272,0.3656489796351199
E02004396,55.83224115334207,0.2947895884242566
E02004404,44.74708171206226,0.24284742282300797
E02004419,100.68742418115649,0.18796939592990114
E02004424,8.348457350272232,0.21172404485550267
E02004429,10.92896174863388,0.2471968238467106
E02004444,4.719600222098834,0.2368411237858954
E02004450,46.7032967032967,0.20846414153497506
E02004468,51.15830115830116,0.18817889977778002
E02004470,132.04603081724204,0.10301563412421189
E02004474,67.80227120908484,0.2829946628430662
E02004492,3.580562659846547,0.18746723377513774
E02004508,55.72519083969465,0.28840331301676336
E02004523,12.933406714364336,0.3074869974336396
E02004526,25.15151515151515,0.31264880334435396
E02004553,124.10986775178026,0.2682831761452773
E02004589,13.371537726838586,0.3436777263277939
E02004593,148.27586206896552,0.1941852498220502
E02004607,61.74384647476012,0.26174933670212397
E02004616,159.30949445129468,0.3549579383014745
E02004627,199.8262380538662,0.34579168763606116
E02004632,76.11187528656579,0.3869776877440163
E02004670,228.02296376031575,0.23200647349425552
E02004680,10.53001053001053,0.1621010235602025
E02004681,219.07273126785324,0.15470486505580183
E02004682,37.059913526868435,0.10788645195527202
E02004745,13.589743589743591,0.2727599699799024
E02004750,11.275964391691394,0.33097174766351767
E02004755,104.90693739424705,0.029261935638277947
E02004795,70.25819265143993,0.31003359168732025
E02004809,491.5966386554622,0.08075918573057983
E02004815,7.402185407120197,0.23247217866824954
E02004816,809.4758064516129,0.25049572738415815
E02004818,12.218963831867057,0.274518954132013
E02004893,54.48567402536401,0.14543456698689283
E02004967,174.0680713128039,0.08515279325560421
E02004990,58.93608878683506,0.15521377726822827
E02004994,51.2589928057554,0.2290857383268623
E02005017,45.11050560096881,0.2469936692396857
E02005035,39.17050691244239,0.18517181166545882
E02005038,6.858122588941278,0.2290086707666088
E02005071,316.30115306353156,0.2026535519891164
E02005081,88.0810905277875,0.2946615314222143
E02005097,23.200475907198093,0.20016918837942654
E02005107,108.72138910812943,0.3649596340036414
E02005126,43.027638190954775,0.3054950773886089
E02005130,159.32102441929717,0.2774914014877252
E02005140,20.41411490230388,0.43703369149623494
E02005142,32.4967824967825,0.33029618121789284
E02005161,12.304921968787514,0.24765051370037483
E02005170,43.942403177755715,0.18216840784237753
E02005189,27.966101694915253,0.3712325863802928
E02005203,165.76819407008085,0.1872705307056286
E02005231,0.5547850208044383,0.2924637307030524
E02005261,5.920078934385792,0.41942319281834184
E02005263,13.988522238163558,0.3119789241323776
E02005271,197.79546846295162,0.2970724386328145
E02005276,164.46578631452581,0.2394434563222667
E02005302,9.164969450101832,0.2914265725318854
E02005307,86.3502279431483,0.29728062559457147
E02005308,10.484454085321765,0.3368475248233018
E02005311,55.013309671694756,0.24155577549483986
E02005335,71.88385269121812,0.38673062756897636
E02005368,83.68849283223557,0.29537441807493625
E02005369,194.7674418604651,0.31835310725046817
E02005371,124.93702770780857,0.3178889189035754
E02005372,122.6993865030675,0.3518888569851706
E02005377,44.562780269058294,0.41404995491814933
E02005380,58.95564289724874,0.32837372992711344
E02005402,137.30984787830263,0.2230567042951792
E02005403,9.777478084962913,0.4060676992683083
E02005430,36.61327231121282,0.3416340079804998
E02005445,22.888056595921768,0.2711934498456392
E02005457,85.55399719495091,0.3380067467131642
E02005461,47.923322683706076,0.3446596896290579
E02005483,26.98511166253102,0.32972528316520666
E02005521,32.77777777777778,0.21576970675752882
E02005529,9.101251422070536,0.3502275449345227
E02005533,83.21499573984664,0.250287446088719
E02005541,7.050528789659225,0.46046191135914505
E02005542,25.758069775024452,0.35273183002953346
E02005587,12.088172552737614,0.34465594612052186
E02005608,47.21862871927555,0.29407218903828536
E02005622,133.48352576738947,0.28032483973900657
E02005624,229.60561858454892,0.3042235250321985
E02005632,96.5909090909091,0.3506963785663979
E02005634,58.015695067264566,0.3345598409226449
E02005652,98.88846301264854,0.34460332276636674
E02005674,77.82101167315174,0.25244148776972164
E02005686,23.707606190319396,0.240732925691443
E02005698,58.69932432432433,0.408151461502543
E02005700,162.1761658031088,0.27532930448478066
E02005722,448.4949832775919,0.22493086188830524
E02005727,22.5431489961254,0.2771888458296967
E02005729,30.897703549060548,0.11399611171663793
E02005732,56.33802816901408,0.2138886307811383
E02005755,84.62929475587703,0.2536873629431726
E02005757,47.720042417815485,0.29654310902511405
E02005763,123.05900621118012,0.26250149515248733
E02005773,81.19970738844185,0.19027554371822308
E02005782,30.075187969924812,0.3220059511556297
E02005785,93.23452067893857,0.22389861849330117
E02005786,24.805102763997162,0.3365550489271696
E02005833,23.67642222952976,0.4561609807458451
E02005853,26.315789473684212,0.31535597363509993
E02005869,11.038430089942764,0.4128399255357005
E02005901,77.60648027175333,0.3194888421748532
E02005911,2.570694087403599,0.3715437514337969
E02005917,108.0740117746005,0.310719740518798
E02005936,366.1169415292354,0.10379572464827902
E02005939,26.356589147286822,0.05227877209998866
E02005954,28.68421052631579,0.1846480113392701
E02005956,7.112970711297071,0.08847324307993176
E02005996,132.89132314788125,0.21918724846716664
E02006023,109.16688430399583,0.2991369865815612
E02006029,11.158021712907118,0.3399313694184505
E02006058,28.84927066450567,0.3315734658001501
E02006072,45.502927088877065,0.3498325079632929
E02006108,80.91337800943163,0.24746038613781618
E02006125,72.96798029556652,0.4040163332457345
E02006129,61.831840508523555,0.31368860077716043
E02006130,222.6537216828479,0.4487667842957608
E02006132,205.12820512820514,0.3667183142264241
E02006133,99.9320190346703,0.35231611914891925
E02006138,148.28137490007992,0.30765298426976084
E02006148,14.26146010186757,0.30857387346066467
E02006168,166.6268799236094,0.13743323554582076
E02006180,74.13127413127413,0.41155766555535944
E02006185,41.7603597815612,0.33639343751948214
E02006208,40.14318588596267,0.336509274344138
E02006231,90.6547285954113,0.23857471384543327
E02006237,60.3144048764838,0.27840461182569776
E02006251,93.75694290157743,0.24788921408781928
E02006254,11.800923550538737,0.2140672190600128
E02006279,15.636822194199244,0.14794335591304453
E02006281,22.21654749744637,0.1708341227867134
E02006283,134.48682658277625,0.2292584996810838
E02006314,19.122257053291538,0.34326081111298024
E02006319,12.039660056657224,0.13987785295722865
E02006363,26.923076923076923,0.09078240588866571
E02006372,9.988901220865706,0.1756917501500208
E02006407,8.370535714285715,0.1165582957604876
E02006418,4.319654427645788,0.11291080787244923
E02006446,39.92673992673992,0.21948823011159924
E02006479,49.47262682069312,0.37330217613698213
E02006486,25.623735670937293,0.3809044477512762
E02006507,277.2013833466347,0.2375383807367868
E02006513,151.83080808080805,0.2799395720222062
E02006533,55.613305613305606,0.20214283685235834
E02006542,33.092430581970326,0.20374185629217045
E02006555,7.9013906447534765,0.1660610359221737
E02006582,3.6569148936170213,0.1870335679017039
E02006595,60.87507926442613,0.2104256980974064
E02006601,88.62586605080831,0.23297932526243414
E02006632,13.745704467353951,0.2916121586826641
E02006636,31.70970905524682,0.19267497232121578
E02006646,249.77698483496877,0.3026422751711495
E02006680,19.68625038449707,0.24929834980114673
E02006681,13.396375098502759,0.29058520700346335
E02006689,30.572755417956653,0.3333166460556978
E02006697,22.77227722772277,0.4644875720116408
E02006711,86.24420401854714,0.23535822331204237
E02006752,277.2893772893773,0.30673724776234756
E02006764,9.049773755656108,0.2950401546995929
E02006770,93.2415519399249,0.2763467316117776
E02006772,29.840142095914743,0.34321718779141364
E02006822,98.00111049416991,0.2932429492749451
E02006830,109.34680620714543,0.3364881454530009
E02006831,12.518968133535662,0.29470558344791975
E02006854,933.801404212638,0.02171638001710896
E02006880,26.880260657073038,0.3571790449340728
E02006903,17.14746822675005,0.38029185266174625
E02000005,83.56896010053408,0.24408006297260343
E02000010,2.12636695018226,0.2702676085380151
E02000011,20.96985583224115,0.2875852482843939
E02000069,147.4949899799599,0.19021730526299585
E02000072,207.32740364252433,0.20633500519349646
E02000084,8.07792824899026,0.19881750125853692
E02000089,25.870989996550538,0.23630904226953575
E02000103,56.78022712090848,0.021153978853178046
E02000120,32.499415478138886,-0.05660560173214968
E02000130,32.043879907621246,0.12811031195880673
E02000140,17.87337170554378,0.21449724829807337
E02000141,18.985270049099835,0.10509377560721234
E02000147,4.7125353440150795,0.12223536514919964
E02000168,31.683168316831683,0.017656912341889708
E02000170,13.839891451831749,-0.06305808364335874
E02000178,61.68224299065421,0.036455392885054394
E02000194,69.04122956818736,0.0880613999328208
E02000199,10.08827238335435,0.10788896201118625
E02000216,31.043593130779392,-0.0027974169115410064
E02000218,2.532714225411566,0.1614134572983641
E02000220,728.6981638126675,-0.03175132424878413
E02000252,307.5060532687652,-0.03974032864951482
E02000283,14.421385860007035,0.1662423761642451
E02000294,20.60485211033566,0.1495035858275493
E02000305,28.440103418557886,0.04061933842142018
E02000332,7.775524002704531,0.157392173751429
E02000341,0.0,0.16035847774352519
E02000363,51.113130395274865,0.05474003297566554
E02000371,209.6262341325811,0.05532096438077616
E02000456,7.165605095541402,0.041652106516167464
E02000460,106.44129739607128,0.11251483536963924
E02000482,18.460329929300862,0.19602040115211672
E02000483,21.034180543383,0.1464382914167608
E02000489,12.044374009508715,0.26384383858277793
E02000528,253.03983228511532,-0.032617304923830304
E02000530,1.296456352636128,0.3356209658629048
E02000541,68.51721714687281,0.3129255613843469
E02000547,91.06287003101212,0.16006650633820207
E02000559,8.758371973209686,0.006225544758155621
E02000561,12.305889246996777,0.03238403297339332
E02000598,16.994335221592802,0.1538902827888311
E02000606,109.39779120650137,0.004235648643827972
E02000644,27.489481065918653,0.03976118230854908
E02000648,7.425742574257426,0.08267382844382176
E02000655,40.106951871657756,-0.00544168782615273
E02000675,11.406844106463879,0.15963934551680659
E02000700,60.88506088506088,0.025458738944733383
E02000702,30.701754385964914,0.14529259288165441
E02000719,21.450459652706847,0.16740581551414913
E02000724,0.8216926869350862,0.20695780337845449
E02000728,0.0,0.1215884221457717
E02000733,12.6984126984127,0.17174242640215986
E02000741,17.34730755330683,0.07656589862697949
E02000795,27.44948532215021,0.17564695273506103
E02000840,69.55708047411105,0.20397270342356677
E02000852,16.90051020408163,0.19625885388443187
E02000853,10.745891276864727,0.17504088567486242
E02000870,4.296875,0.044402419099771606
E02000874,72.57417802726543,0.17251755669733448
E02000877,329.95079950799504,-0.006766733617503462
E02000883,241.66666666666663,0.07694285703666637
E02000887,96.36650868878355,0.02247586790124778
E02000893,121.56593406593404,0.04826701094360786
E02000900,10.381781647689216,0.18300748133797384
E02000901,30.396847734309038,0.14743456907950048
E02000909,37.872217403873954,0.22745641871392586
E02000939,6.8610634648370485,0.11684188584792388
E02000940,98.74069834001143,0.08688707826396502
E02000951,11.20162932790224,0.03962051157011359
E02000959,8.389261744966444,0.11765484298676121
E02000970,74.88715633976202,0.8112811436497527
E02001017,7.9348059189363065,0.4561465945843093
E02001019,35.66047212456053,0.37202451708890294
E02001025,12.242460435951031,0.5036958582987863
E02001038,12.514220705346984,0.41731630365755024
E02001039,28.173104850421147,0.4776752770128594
E02001074,7.21097929751105,0.4778714335613099
E02001077,20.211742059672762,0.384210647673223
E02001086,14.920311970159378,0.35689092666095323
E02001088,29.629629629629633,0.530168586609121
E02001106,62.21889055472264,0.2798016582363507
E02001119,0.352112676056338,0.4961629193474977
E02001124,91.34423613881133,0.5413223935319431
E02001128,1.8343014368694588,0.5181469485562014
E02001130,24.6031746031746,0.44463248932212185
E02001144,31.45817912657291,0.48706352374114736
E02001148,28.893587033121918,0.43650841011194164
E02001155,30.876784153801342,0.4469056746181206
E02001156,3.6310820624546114,0.38018970498079163
E02001200,204.29483459082996,0.4851707783785164
E02001209,35.77764636309876,0.4513351855120593
E02001225,18.32371903630811,0.3296015037835982
E02001231,1.4054813773717498,0.5601427183895238
E02001249,37.70900035574528,0.604039035221196
E02001259,355.8385391638636,0.4803524215500321
E02001275,94.52595936794582,0.6909801752545333
E02001276,6.365565322825099,0.40374458857336126
E02001288,226.28427355814688,0.3809450991636769
E02001339,24.90075784915193,0.45579963317071925
E02001346,0.9724473257698542,0.34979802237711155
E02001349,0.5844535359438925,0.31900604760370754
E02001352,84.0446487196323,0.5162256653094577
E02001385,51.50096392178464,0.5091257340098281
E02001394,24.475524475524473,0.38920267099344663
E02001401,0.29455081001472755,0.2535205583781135
E02001411,10.317460317460318,0.2505432288215719
E02001418,206.27261761158022,0.44463892410255745
E02001436,201.23664980326026,0.23603997914853458
E02001440,1.9230769230769234,0.3666866690082369
E02001451,28.593213877239798,0.4580490537905204
E02001453,22.58433390508862,0.3726161085459374
E02001464,1.2894906511927788,0.5112545973164435
E02001516,109.21366163621923,0.3079137323409915
E02001541,47.16981132075471,0.21534281749760176
E02001552,50.14281180577594,0.32006969035396704
E02001566,162.46246246246247,0.1357723407437268
E02001588,9.265387160820648,0.32457579679007953
E02001606,43.254688445251055,0.31777030204178924
E02001614,12.478849407783418,0.385060909756314
E02001619,76.82682682682683,0.4865476820980188
E02001639,2.5188916876574305,0.32329027098144625
E02001666,1.5479876160990713,0.4049075246344964
E02001682,34.97522588166715,0.14501878784003086
E02001691,62.9514963880289,0.3256913984187655
E02001708,506.55021834061137,0.22328666269434816
E02001712,1.6611295681063123,0.29681045656011307
E02001718,225.7931602801813,0.40224488477067233
E02001785,34.88045007032349,0.3814968570159678
E02001795,29.354207436399218,0.1899754063454031
E02001799,20.34358047016275,0.259194589092937
E02001823,232.04960835509138,0.3978305951071457
E02001829,5.513639001741149,0.32927742358774204
E02001832,3.782368344486471,0.3203225412307331
E02001837,9.028794533918985,0.5211222143907985
E02001840,56.88789737869492,0.44933121582559643
E02001859,4.4085231447465105,0.4382263075716297
E02001889,0.0,0.42029765038323585
E02001890,33.48314606741573,0.26640236853696475
E02001905,48.487199379363844,0.17460070693522223
E02001918,35.77554520950747,0.255678531815442
E02001946,9.082367679298464,0.4372877390208929
E02001956,23.84500745156483,0.4281025594671375
E02001957,9.442583003350595,0.4132190797640769
E02001966,38.1508078994614,0.4871331276971542
E02001972,160.53787047200876,0.3887443223126228
E02001978,2.7580772261623325,0.37659233840608675
E02001993,177.39189649302008,0.16593978540222842
E02002001,15.14547628537266,0.3759392842231364
E02002006,14.154281670205238,0.328379356380907
E02002011,78.95807895807897,0.4500535854238956
E02002013,5.030542579949694,0.41079108317087876
E02002039,11.709601873536302,0.36822409936282785
E02002046,25.110782865583456,0.7197244954334394
E02002118,1.6561775422325273,0.5466915625794755
E02002146,6.64599025254763,0.42304734515340314
E02002154,293.83259911894277,0.49601053798085015
E02002187,70.7070707070707,0.30950052068894696
E02002190,17.764092846991947,0.26298945986140954
E02002200,12.400793650793648,0.3872358545683614
E02002229,42.51269035532995,0.33389491560691287
E02002235,9.844134536505333,0.3085378857326191
E02002237,23.32719459791283,0.36844535693657754
E02002252,32.68482490272373,0.3394008548985399
E02002285,6.2574493444576875,0.33615198437284377
E02002286,5.902192242833053,0.1958954496558727
E02002292,4.182350480970306,0.25520470081083513
E02002298,11.466296038915914,0.19712176582812546
E02002321,50.992604126119105,0.31178503808409985
E02002329,60.03566475133743,0.30362926612740626
E02002330,98.02513464991023,0.2417586782921468
E02002377,5.696757230499562,0.5735598616164967
E02002383,14.150943396226413,0.4276995059357347
E02002396,30.35060177917321,0.27354792083818236
E02002400,36.52842625652294,0.45165449057753904
E02002429,25.546409310246947,0.42793902184373867
E02002445,161.26921818776577,0.36928252798787664
E02002453,51.306641093263,0.47120423754847973
E02002466,27.66699900299103,0.3237372225779893
E02002468,32.330827067669176,0.26533862019000853
E02002471,85.79684374305401,0.36723145815803804
E02002473,60.24981631153564,0.3070717119968096
E02002475,70.34589972794404,0.2602902416875539
E02002481,84.95508982035928,0.44753077339367664
E02002493,52.63157894736842,0.22617617903442433
E02002500,3.420265070542967,0.1848754220756028
E02002526,27.908435246158668,0.34546621391410426
E02002546,0.6445375443119562,0.23392632290851356
E02002551,46.367287331142755,0.17993561776542943
E02002617,4.872563718140929,0.37687126287404915
E02002623,71.0682167141917,0.3264593751540783
E02002634,24.504950495049506,0.2710194993602384
E02002640,54.68079015173203,0.2901787254486674
E02002667,22.458270106221548,0.3591636478232836
E02002669,16.49094349824277,0.168370090775122
E02002670,7.321041214750542,0.22746321245872636
E02002694,263.03567658855815,0.3280926289905066
E02002701,66.26157407407408,0.3468019606165047
E02002703,233.41523341523342,0.2783596137748674
E02002766,29.442691903259725,0.3152325132609022
E02002807,4.816697886004817,0.26027476489561074
E02002813,103.43021733438071,0.5657293365461245
E02002816,4.14569144210838,0.3057357291926657
E02002822,12.008733624454148,0.3236140816778441
E02002826,101.66288737717309,0.26402853597652776
E02002833,9.582215408202376,0.48794520351311554
E02002862,1.973498731322244,0.5226131743052953
E02002941,32.24218557715973,0.30309441962809647
E02002983,0.0,0.38045224481679085
E02002995,20.23757149142103,0.32730482719726783
E02003033,30.722391364517023,0.22484958356004547
E02003060,5.881071661947288,0.3310183251770189
E02003066,11.09835438193647,0.3011050927839225
E02003075,69.05594405594407,0.34281414314649794
E02003090,410.06423982869376,0.2243031743656836
E02003097,69.75009324878778,0.24473874403747864
E02003107,31.45768719539211,0.29248153315591185
E02003131,1.8791105543376134,0.3007132066322429
E02003134,206.58135283363802,0.3985575682783411
E02003149,12.506012506012507,0.27486382459261893
E02003154,3.6208031599736668,0.4946925243708975
E02003174,13.195639701663799,0.2314800153764338
E02003178,21.949078138718175,0.26896224918171185
E02003189,27.445997458703935,0.3256938189984613
E02003194,26.639344262295083,0.27744818009559147
E02003218,2.696456086286595,0.2797197575521233
E02003225,88.94984326018808,0.28890424436950024
E02003241,107.90806388780678,0.3846975652093727
E02003258,6.065857885615251,0.2432342522281239
E02003264,7.749535027898327,0.23360858556269548
E02003273,258.37951966218,0.21142170225972023
E02003316,180.73844564936743,0.27516054655564837
E02003321,13.704151551793633,0.29267460530789613
E02003348,23.574386747371776,0.22539934654445481
E02003364,191.7098445595855,0.16229835107835022
E02003388,56.319862424763535,0.16821149177233963
E02003427,71.65548888104482,0.08448226501409195
E02003444,17.685386286068876,0.148869510892764
E02003452,369.85172981878094,0.10421754760170998
E02003491,3.8860103626942997,0.2732648883202824
E02003501,27.679782903663504,0.19078696661447836
E02003525,28.466856445709638,0.27805544048650077
E02003540,20.624151967435548,0.22559729251759197
E02003550,18.034825870646767,0.19497341123705159
E02003563,41.91788687912719,0.2274201080814695
E02003568,18.848167539267013,0.16481526361271115
E02003594,25.831202046035806,0.33401929960819743
E02003603,162.6851409460105,0.2271400525979832
E02003611,290.78437220399644,0.21970660619953186
E02003651,153.66614664586584,0.19626316240220198
E02003675,18.557318168213108,0.2368993818252818
E02003709,38.44492440604752,0.14233155556640398
E02003719,39.05053598774886,0.15457049888297902
E02003734,79.84480294057587,0.19829426695207353
E02003754,26.03947921041579,0.277670175221413
E02003756,117.7584248390761,0.30092864266574804
E02003763,4.666011787819254,0.2071432099677697
E02003785,22.20988339811216,0.21953468652555586
E02003789,25.0668449197861,0.2586467880673595
E02003795,79.14970601537766,0.3354780032021649
E02003800,77.60276603918557,0.27870027858665214
E02003819,217.7165354330709,0.3764684441910253
E02003859,71.2351593418038,0.34992738842763593
E02003870,44.10316991533766,0.3249453379088889
E02003918,109.46446615021893,0.3443073445677154
E02003970,100.1737116386798,0.14664380571701763
E02004030,74.90196078431372,0.359127669941552
E02004032,56.821301125446055,0.35329662881361124
E02004041,59.22396187882913,0.36600804173154344
E02004090,12.806439809732895,0.370052344662132
E02004142,89.47841726618704,0.30860019752559253
E02004146,27.275714755175812,0.3040741491864045
E02004158,9.345794392523363,0.3266188963199754
E02004196,65.57377049180327,0.2673526675077236
E02004210,13.157894736842103,0.3225260152799203
E02004234,10.64638783269962,0.30147380243106703
E02004238,97.05966314587496,0.2821877010228029
E02004239,57.86067757898744,0.23090365650011968
E02004291,101.24560843181092,0.2189844961112284
E02004306,27.60164117866468,0.1910326791613608
E02004326,63.76704754883892,0.24038111183381616
E02004343,36.115569823434996,0.2067384498227005
E02004349,24.25876010781671,0.26315469245767265
E02004365,36.211699164345404,0.2832106629265754
E02004366,97.39222990952634,0.17901786867176117
E02004375,17.870626730430406,0.462512029436855
E02004380,141.79318246920653,0.21973664162580064
E02004382,69.70025279884435,0.2721657533820281
E02004390,39.735099337748345,0.27003657348411103
E02004405,39.282664389410755,0.23190455854054015
E02004416,69.75881261595546,0.22880216433836154
E02004448,181.54761904761904,0.2939896892977174
E02004451,175.51831865947176,0.27799354122821285
E02004453,56.921522398113844,0.2737586496771227
E02004475,20.713463751438432,0.27174473101614893
E02004479,31.192660550458715,0.2598058369129337
E02004482,6.037496027963139,0.29821524626572593
E02004493,19.48206224756474,0.21032707072002488
E02004496,55.67153792623522,0.2032836212165332
E02004535,96.67067789811473,0.17748254778005013
E02004537,35.74244415243101,0.16593853222765098
E02004539,5.3324968632371395,0.12565772250268736
E02004550,73.55148604022816,0.23406151067356085
E02004552,0.363901018922853,0.2134398450786854
E02004572,113.16319677635998,0.2892840494706874
E02004580,88.88888888888889,0.3734657019493346
E02004595,131.18233920611334,0.19385600243822765
E02004596,139.91213247718824,0.23714705110593925
E02004612,4.572803850782189,0.2792289367407239
E02004624,146.70418006430867,0.3484512071522996
E02004649,22.04836415362731,0.33086947748357076
E02004691,31.249999999999996,0.17369692885697496
E02004708,97.49872383869322,0.17279430453059952
E02004720,80.24431339511374,0.22021019948356013
E02004722,15.493867010974824,0.2389413459934442
E02004724,201.25,0.2579868049459879
E02004728,77.1889400921659,0.2315118009847268
E02004747,13.040494166094716,0.3201935980812065
E02004770,36.11111111111111,0.3391771584528236
E02004775,164.02116402116403,0.2652983822832553
E02004777,32.5920245398773,0.333933090102537
E02004794,47.787610619469035,0.28110651666011677
E02004820,35.01400560224089,0.12804457308383554
E02004823,31.200839014158362,0.23583046371559568
E02004841,281.6028337392074,0.23619109377400171
E02004849,144.40868865647627,0.09522911910181264
E02004871,10.174418604651162,0.15667912618061663
E02004884,69.21804866524923,0.1705586169895792
E02004886,118.87477313974591,0.22901196127194368
E02004897,6.568778979907265,0.22961045788274426
E02004902,27.418846517491335,0.1295134792355288
E02004952,7.423904974016333,0.2278667160040193
E02004992,87.65652951699462,0.1996977375666802
E02005001,151.32867132867133,0.2925554797027621
E02005021,27.32447817836812,0.16593897698040116
E02005040,25.783419278064258,0.21043278533001697
E02005043,35.49060542797495,0.3371202197963239
E02005054,17.037552155771905,0.3133851356699351
E02005059,10.997643362136685,0.1931958834709615
E02005061,39.611091105509544,0.3044128785934177
E02005074,13.189448441247002,0.28484049556935354
E02005085,239.46957878315132,0.15871695806885633
E02005132,24.35693148190303,0.5068375825880356
E02005146,47.60383386581469,0.3607570443485395
E02005168,63.28705198579271,0.23876286769890775
E02005179,36.460865337870686,0.3439289936684231
E02005190,22.29054573405073,0.2718756814533627
E02005220,11.569052783803325,0.33647223662121295
E02005229,32.24582701062216,0.24822987977497846
E02005238,0.813338755591704,0.3288474427326511
E02005284,4.98960498960499,0.3915826024676825
E02005299,71.1963589076723,0.2704354697276843
E02005357,183.4650856389987,0.4008452542138716
E02005401,170.14925373134326,0.3682903253063534
E02005422,130.79019073569484,0.39117967747619
E02005460,38.542103058232094,0.36524581998331307
E02005492,55.56921563806246,0.3426122601664394
E02005503,69.06077348066299,0.3199025243707583
E02005540,8.458192363460608,0.36012946988221195
E02005554,11.699507389162559,0.36710488265655083
E02005561,93.84683488269147,0.3011973990572603
E02005596,25.011473152822397,0.2856329262663282
E02005609,59.88593155893536,0.3216301524119016
E02005621,111.68921262573707,0.23675154611775895
E02005669,17.76988005330964,0.24385745957515237
E02005672,41.919805589307416,0.284842836799303
E02005682,154.50804339693227,0.2700200096547114
E02005683,83.84497313891022,0.2190974594564432
E02005690,55.861193398222596,0.19384227369967455
E02005711,1.9021739130434783,0.25765392847326396
E02005740,23.305537737866153,0.3128838781497256
E02005749,57.69230769230769,0.32480945096349334
E02005766,56.332703213610586,0.398157466740372
E02005779,36.64036076662909,0.23741014292594365
E02005807,125.04652028284332,0.27460600128294477
E02005809,39.88693467336683,0.23232424848012556
E02005818,77.50529821374508,0.3583975972501783
E02005832,33.21764997521071,0.4272451463060465
E02005836,57.75794171698609,0.3319846252557248
E02005900,70.0553926360378,0.23826139014101777
E02005905,41.46341463414634,0.3520202530096981
E02005909,10.839269123567664,0.34468261985418014
E02005955,110.51829268292683,0.14567657681051926
E02005959,74.52574525745256,0.26880382247471424
E02005976,124.23178226514486,0.2639770011786702
E02006020,71.42857142857144,0.39987272367067916
E02006048,40.530582166543844,0.40122536385012886
E02006051,217.81219748305904,0.2199026343749333
E02006052,14.119861939127706,0.3063063327366402
E02006059,59.483726150392826,0.31751498561407576
E02006068,68.24062095730919,0.37995281102895095
E02006069,55.46786922209696,0.3169168359491872
E02006105,82.90598290598291,0.3355687854608469
E02006144,45.92959295929593,0.4216869857601866
E02006158,6.209427039232289,0.3856803016642738
E02006178,3.4396497811131956,0.32900909107033005
E02006225,6.969797543976103,0.2876820724517808
E02006229,104.62854920264488,0.268989265063845
E02006245,54.0708514605345,0.33904553712141183
E02006303,20.683171419617675,0.35838386891450913
E02006318,110.98696461824953,0.12021358332096099
E02006344,70.19143117593435,0.14962101085036394
E02006351,9.400705052878966,0.1888079405884593
E02006362,20.545386626821067,0.2248513656842075
E02006365,37.8698224852071,0.10726523389412712
E02006386,55.309734513274336,0.09274205169861638
E02006402,16.541742052209873,0.15687489113278907
E02006427,220.59897735573412,0.24808833093560523
E02006445,160.26711185308847,0.14793316712138527
E02006458,20.86906803887936,0.12970340423879456
E02006511,197.11664482306685,0.22883766757564317
E02006518,135.1096439518981,0.2834467408374213
E02006520,30.617823947512306,0.1734845281285935
E02006545,291.20879120879124,0.27384293655239933
E02006561,11.760242792109256,0.3047803838605425
E02006569,143.25930559899908,0.26302079748325013
E02006587,3.197674418604651,0.17374169430888387
E02006604,128.70926633897687,0.151902574223989
E02006626,302.23258913695435,0.26594933438680357
E02006635,93.99707174231332,0.1672873983892771
E02006638,42.58777633289987,0.18638348683706152
E02006666,97.51924721984602,0.21593934654556968
E02006703,123.48668280871671,0.32785313746003286
E02006784,25.883838383838377,0.19594817622614613
E02006803,103.64071219771458,0.27108357950058437
E02006820,37.40587806655331,0.35082192865158035
E02006823,34.7749853886616,0.20195240860930674
E02006856,53.69828666945256,0.11280543781446006
E02006861,66.37509647543092,0.3688574482908109
E02006876,72.45131729667811,0.1695150227467357
E02006909,156.6385880465303,0.24981908803102737
E02000012,8.901166359729896,0.14198155109220956
E02000025,33.40695748205411,0.1525606010260745
E02000028,82.89526890416498,0.08261941378020232
E02000044,24.458420684835783,0.13391840770978902
E02000085,11.024643320363163,0.2317312676815373
E02000093,42.840375586854464,0.08521935251715895
E02000094,243.24324324324323,0.14770209181888916
E02000100,4.451038575667655,0.22790404051466417
E02000110,7.746716066015493,0.015205215063033961
E02000219,21.3404468156052,0.12637790524961545
E02000223,1.0434782608695652,0.2528698768556197
E02000236,166.66666666666669,0.15477509445884685
E02000264,53.354134165366624,-0.06598700427022308
E02000267,101.51036178433439,0.10312104308534664
E02000282,16.614150673159553,0.2021992469116416
E02000288,67.38900634249471,0.18529672064079072
E02000292,12.017887087758528,0.09417986646824339
E02000297,7.754164273406088,0.16144397177239966
E02000313,0.0,0.1273369620826692
E02000342,75.39682539682539,0.14217293835432265
E02000352,12.811387900355871,0.1479201300766224
E02000366,9.214092140921409,0.17584904228833764
E02000375,174.3034055727554,0.11053426858334348
E02000377,14.39247163022419,0.015340769693786172
E02000396,61.50426083734716,0.06543023271142978
E02000408,50.57642246188174,0.1520077270089395
E02000410,29.58788305741458,0.09152112393519296
E02000414,7.41608118657299,0.1124332723553696
E02000420,90.49180327868852,0.17455955145846502
E02000430,37.55054881571346,0.050686345223214246
E02000441,11.211573236889693,0.12749143271359742
E02000462,17.194570135746606,0.035239728132301806
E02000472,9.029345372460497,0.20399045259146398
E02000490,11.04449353108236,0.19618745385503544
E02000494,25.36115569823435,0.1467705725296362
E02000517,11.998628728145356,0.19413174723338322
E02000518,35.17263633430139,0.18221175717814297
E02000540,281.705948372615,0.06890474994859197
E02000552,16.840171463563994,0.142555396841626
E02000566,7.9191698525395955,-0.006609020124981768
E02000569,20.442571127502635,0.04157227146226461
E02000571,44.21498543817845,0.015232921799524846
E02000575,31.166039763567973,0.0001345802466321544
E02000596,1.3869625520110955,0.10694065924141682
E02000637,5.336721728081321,0.05557104561323989
E02000657,27.542372881355934,0.03450899010885955
E02000665,13.413242009132421,0.08659996431735273
E02000668,4.616477272727273,0.11729257510410385
E02000699,63.9625585023401,0.07072705715307137
E02000711,13.694267515923567,0.14256742913804032
E02000751,10.521393500116904,0.15255132832855267
E02000779,37.050490374137304,-0.009287978423722976
E02000781,7.282123561193329,0.17161962876147463
E02000785,9.758364312267657,0.031171738688094308
E02000805,29.405162738496074,0.06304912518464612
E02000825,61.7771509167842,0.14794521597373844
E02000833,19.84527413387151,0.029216719836993477
E02000855,13.509060955518944,0.12967591100069775
E02000863,12.936610608020699,0.2540556925577313
E02000867,173.6707685163687,0.01694619461292568
E02000912,4.443033957473818,0.1739533071234387
E02000933,51.39462809917355,-0.07847551027441035
E02000956,22.50489236790607,0.06546667401848438
E02000963,21.97536826853417,0.04629730849191027
E02000964,21.46151117417524,-0.0251933779182707
E02000965,19.341873901029892,-0.024987379148022626
E02000980,100.48910626945309,-0.039706545436388296
E02000981,4.9453946012775605,0.06768507321015349
E02000995,3.498542274052478,0.38020367807388933
E02001016,31.902206320810972,0.6332948360919488
E02001033,65.69037656903765,0.5278377446221718
E02001045,0.5521811154058531,0.6403421094133295
E02001061,123.47916127362154,0.689671027544354
E02001079,23.04699191858725,0.3982493431301126
E02001091,6.191950464396285,0.4906729957988949
E02001092,20.408163265306122,0.5677782957061019
E02001116,20.780322307039864,0.5826513583372464
E02001129,127.00228832951946,0.6493445579015527
E02001131,4.351610095735422,0.5616896679817724
E02001133,25.157232704402517,0.47260441094579253
E02001146,47.306629834254146,0.3914184062263919
E02001150,28.96129211918686,0.38334619697363603
E02001158,24.444444444444443,0.7278411201079713
E02001166,8.962868117797697,0.3876077370980884
E02001170,3.6319612590799033,0.37196944091294615
E02001179,46.62491301322199,0.6107184063761659
E02001212,60.08583690987125,0.4660897299245992
E02001220,18.94273127753304,0.35795271125865735
E02001221,3.8119440914866582,0.31955635389701786
E02001234,8.5995085995086,0.5883324917941639
E02001247,63.9686684073107,0.4777206252299324
E02001257,11.470037453183519,0.31415173618236025
E02001258,29.224904701397712,0.3188093803632013
E02001264,126.93498452012383,0.4459066936838454
E02001270,85.43007606787594,0.400652114850681
E02001277,19.80982567353408,0.42127846170284133
E02001290,13.384321223709371,0.2702020282322204
E02001291,57.8305720537668,0.44069063128740993
E02001294,49.54180985108819,0.3020449764521418
E02001298,27.58007117437722,0.4647223755280683
E02001317,182.39866740699614,0.424214123576407
E02001324,15.248128638757972,0.4202745281507445
E02001331,19.483568075117372,0.23674920336998806
E02001340,60.97226036803076,0.4452530692673724
E02001382,0.0,0.3503222862387281
E02001383,389.2018779342723,0.2983334346040998
E02001389,46.524064171123,0.3720386493851917
E02001397,10.135135135135137,0.351656409943784
E02001412,26.315789473684212,0.3114769350084856
E02001416,52.36220472440945,0.5654528934368717
E02001445,23.113528212100615,0.25878115229945386
E02001462,16.735173223722843,0.42981943205992934
E02001469,3.4632034632034636,0.29909340073643875
E02001503,48.048922539312755,0.35100788192803023
E02001526,12.464817048652995,0.39141508985783435
E02001545,45.3569511540526,0.27526859316289354
E02001571,17.175572519083968,0.2527843868052351
E02001582,32.52299605781866,0.38264587649209947
E02001612,9.846396218983852,0.3346163197354217
E02001622,18.231768231768232,0.3753949472425493
E02001628,0.0,0.21770333231723615
E02001643,5.496518871381458,0.32304080361697185
E02001664,5.057803468208092,0.30194476579797236
E02001673,9.111617312072893,0.4113458757249404
E02001683,51.72413793103448,0.29226636887372326
E02001748,158.62280971411005,0.2390037638881397
E02001773,0.41999160016799664,0.25282876700288526
E02001774,30.089878858929268,0.0948909722085336
E02001780,93.61518550474547,0.3418422800888212
E02001783,37.24832214765101,0.4488010785088674
E02001803,83.57211079274117,0.23197016239051305
E02001805,0.0,0.22660693462743176
E02001809,37.13988198542173,0.29921432546495463
E02001830,34.3955488113303,0.2581389757703576
E02001841,7.04225352112676,0.30743320404229735
E02001858,33.90914907229686,0.12070166041866592
E02001921,7.614986293024673,0.3962836123928506
E02001955,168.736303871439,0.4491145197091555
E02001968,25.25064983290011,0.35516256409197844
E02001977,24.408103490358798,0.26135325551688204
E02001997,0.8660508083140877,0.21485244331752007
E02001999,34.9867139061116,0.25246479972745295
E02002015,116.92054343351172,0.4674814630349591
E02002048,6.451612903225808,0.3863592275834824
E02002053,22.607993540573272,0.416760558203082
E02002063,30.14233882221602,0.3406389213557519
E02002081,0.42211903756859437,0.34545207172200154
E02002096,44.41776710684274,0.3168779643627708
E02002097,63.63636363636363,0.2726059155383904
E02002142,50.75726565697912,0.6181781468812133
E02002162,36.33587786259542,0.31418002721995464
E02002171,17.325923504413208,0.4440123264960274
E02002184,43.01655867530598,0.31899463269107997
E02002199,160.12838801711843,0.2461252995009522
E02002209,129.21594393342093,0.27873403882546555
E02002265,37.81847133757962,0.23604609646687624
E02002299,16.479663394109394,0.2503875904690904
E02002308,66.06397774687065,0.22401272388126703
E02002310,18.798378179137487,0.26359691908731975
E02002325,99.52340902719371,0.3211066435071732
E02002333,31.448275862068964,0.2361970085826286
E02002346,5.133846718005135,0.2846954210374708
E02002364,31.493145609484994,0.47213099074922127
E02002374,36.92514266532393,0.2825074745367404
E02002376,0.814663951120163,0.44970680870994517
E02002379,127.20156555772995,0.4925616313815411
E02002385,53.81690552793214,0.49551401251906846
E02002387,44.76386036960985,0.3977398423611387
E02002397,10.680500457735734,0.35262241506354197
E02002439,138.49958779884582,0.4863699599446347
E02002451,71.82682846835027,0.34917801743219634
E02002461,152.6479750778816,0.3537688117025448
E02002498,1.5706806282722512,0.30953484229939576
E02002506,15.251442704039572,0.22302008690266906
E02002536,0.0,0.20256329027313402
E02002538,6.5870728694936185,0.16392205424672124
E02002550,0.37453183520599254,0.2668817129623333
E02002582,213.01965839510152,0.366638853753142
E02002590,26.534653465346537,0.3741195950274854
E02002600,1.2183235867446394,0.5149372597643316
E02002602,40.11370814908402,0.5550040716132205
E02002613,236.88592839300583,0.31095168458767564
E02002616,82.62495749744984,0.4401744974685702
E02002657,0.32195750160978753,0.3405455620088489
E02002668,81.21181262729124,0.28233025737983386
E02002673,27.980180705333723,0.27708179521158893
E02002688,9.512485136741974,0.3093212079871446
E02002693,76.50643195666892,0.3564312959003555
E02002696,53.97610218376597,0.40406356618287553
E02002709,42.14798626287855,0.2644521138670246
E02002710,8.370895041854475,0.20971178965466475
E02002726,56.24576462615767,0.326481649388068
E02002760,42.92017649418372,0.2604738954786061
E02002775,45.614035087719294,0.31800450984362616
E02002777,117.93682990437553,0.26912866455603357
E02002791,12.942519984773508,0.30911810218708347
E02002794,122.41141279337322,0.30756089312679347
E02002796,11.992263056092842,0.3008701027699159
E02002827,59.99999999999999,0.43471053684879646
E02002829,20.27649769585253,0.5638871531742193
E02002867,46.26013817963352,0.42645932732180025
E02002945,62.70903010033445,0.4424826954385699
E02002949,49.40304652120215,0.35927524412375433
E02002962,132.82290279627165,0.5470747907694697
E02002964,5.720228809152366,0.35160562140281026
E02003007,92.25749035894394,0.32764582187821656
E02003047,40.45596781403666,0.29508702045835733
E02003052,55.379188712522044,0.31134593633505325
E02003061,15.719467956469169,0.34964430871148444
E02003065,33.83838383838384,0.21540596323232286
E02003067,83.17580340264651,0.24197890463524807
E02003087,215.43807396376272,0.2608084649972069
E02003112,26.565464895635678,0.26432961961233037
E02003132,53.26662742789877,0.3629182857090516
E02003188,111.90870605558624,0.1303940543199058
E02003190,30.325307847822092,0.2005134538801876
E02003207,47.53582663404404,0.2797975525474836
E02003212,31.605212087607427,0.24197908843224436
E02003232,0.5678591709256104,0.17172190487758066
E02003235,63.601074947745595,0.23083205247887317
E02003246,17.129928894634777,0.3837461879896109
E02003250,143.9374185136897,0.23376722600085476
E02003270,5.100414408670704,0.22388956657569814
E02003303,82.53358925143954,0.285182775739397
E02003309,8.00266755585195,0.3199053568508283
E02003328,242.73743016759778,0.2915957641851161
E02003349,3.5587188612099645,0.2514790237878204
E02003351,1.5698587127158556,0.35313198186238814
E02003365,52.036199095022624,0.1306617925320257
E02003369,37.906880922950144,0.15253022261417826
E02003379,90.84380610412926,0.1539259422074828
E02003380,61.09324758842443,0.12103687650110828
E02003419,26.25152625152625,0.11722196859415135
E02003434,38.503253796095436,0.14174338038406198
E02003489,28.682719546742206,0.19415601444095643
E02003490,296.91119691119695,0.34489397668593913
E02003494,4.165088981446422,0.2717364002341469
E02003511,82.88125376732972,0.24996890107811076
E02003536,6.103143118706134,0.3447635670184681
E02003537,43.28072692491631,0.2822263270951808
E02003592,50.279329608938546,0.3567338558360067
E02003610,143.9649359406608,0.20894998341628046
E02003627,89.46078431372551,0.26417756506683343
E02003628,76.7583006069261,0.2428824457783989
E02003638,129.90112512785544,0.22119112377494687
E02003640,27.851964898893556,0.25719247606509654
E02003659,58.679706601467,0.20876453711975707
E02003694,47.05525197328476,0.1483626773071709
E02003711,149.16839916839916,0.08258429869048989
E02003727,112.26341716359865,0.1576048084024002
E02003737,89.0840652446675,0.1669304064736572
E02003746,28.37573385518591,0.39400777004196996
E02003751,132.74660799413275,0.3957200599096895
E02003762,469.25094724570096,0.257170705248722
E02003774,20.433183489987737,0.3027923054715247
E02003783,49.42279942279943,0.21436170521301712
E02003813,39.11439114391144,0.31702598817606553
E02003844,7.80189959294437,0.36494208552678575
E02003890,223.30888345558273,0.3951260170870716
E02003893,23.05782192266761,0.3024312272967311
E02003914,44.818817546090266,0.3245703887110478
E02003917,82.09662140827281,0.34808566261643037
E02003921,37.74334525228446,0.40194583086083124
E02003932,87.62705923589206,0.41441667530144155
E02003941,119.75468043899288,0.33238111419904826
E02003945,69.27710843373495,0.39638850012221205
E02003972,32.11784593093456,0.18986876242933803
E02004025,15.864332603938731,0.29449010113602014
E02004104,135.98901098901098,0.32786254738958576
E02004119,153.3487297921478,0.30352733897430895
E02004122,131.8770226537217,0.4003523474974866
E02004125,98.54304635761588,0.34605550364597093
E02004129,24.1218789674143,0.2859801166751401
E02004170,83.15234253800809,0.29920465284492614
E02004187,160.11094301563287,0.2938720918162483
E02004203,56.90721649484536,0.317902533156329
E02004216,2.5178346621905163,0.32077189351919433
E02004220,62.768417575156924,0.4216750932303288
E02004265,49.32249322493225,0.38864430999479094
E02004278,21.92982456140351,0.24346355380516727
E02004302,45.04249291784703,0.18010225835929727
E02004320,5.972474681900804,0.13399587529064227
E02004328,27.287319422150883,0.2828333287656637
E02004342,0.0,0.2729707075845793
E02004352,108.24288647697273,0.1826789486667746
E02004376,14.236751911415768,0.43862834587462185
E02004384,20.246757355267324,0.2454685202477762
E02004389,7.655502392344498,0.3029527882343377
E02004394,40.6885758998435,0.2043182457299011
E02004423,86.99372504278381,0.3237219462290799
E02004480,10.705057216685123,0.37262898960068824
E02004488,240.27858386535112,0.1544422914828072
E02004497,32.64812575574365,0.2056595581525542
E02004513,36.31677600749766,0.23939470659548245
E02004522,8.967312698871854,0.3120984158270321
E02004530,57.5019040365575,0.12702794083537228
E02004546,167.7914110429448,0.19557979175866258
E02004548,0.0,0.20464887048679614
E02004549,5.548705302096177,0.18005641785647697
E02004564,12.491992312620114,0.270021100785101
E02004568,117.73428232502965,0.2043296823471934
E02004571,14.008277618592805,0.2766147440277038
E02004573,34.80682213713888,0.4056934470575895
E02004591,127.9112754158965,0.17447394812901784
E02004619,42.257962787764114,0.32924972131824326
E02004656,42.27904167505536,0.3519525781688726
E02004700,348.38709677419354,0.22718396085121562
E02004705,82.67270668176671,0.1830450496798015
E02004717,236.23623623623627,0.24593891639995924
E02004727,66.48936170212765,0.22952754314174229
E02004754,94.93919183993722,0.17629367704385857
E02004839,80.56729028364514,0.2212074884120785
E02004842,322.081139671725,0.2756216247592729
E02004845,84.64508464508464,0.12185810831979893
E02004888,75.27181488709228,0.22020376301139244
E02004895,18.883643432379895,0.2246112113296821
E02004921,8.395522388059701,0.15284909305433203
E02004924,72.99546142208774,0.18022491147892516
E02004934,56.723390056723396,0.13433439732814811
E02004956,53.50454788657036,0.1979333513174577
E02004961,6.791632708503124,0.1275554885926251
E02004991,15.85160202360877,0.1985206566803548
E02004999,139.40809968847353,0.26467303666247055
E02005002,46.640316205533594,0.257214401891817
E02005004,12.072434607645876,0.22210500335379457
E02005012,65.77851790174854,0.2935949099080055
E02005064,10.73279052553664,0.3136997499482046
E02005068,70.58388765705838,0.22100594194981404
E02005105,7.0682237246465895,0.48002670871843556
E02005115,31.544448996312987,0.3856526802854683
E02005120,61.19457676804691,0.4389302753711535
E02005163,28.414594769131416,0.2323991321563792
E02005197,34.63203463203463,0.21886799245238464
E02005199,38.04168044988422,0.2414116013993226
E02005204,185.528347672623,0.29894016348080665
E02005207,84.34690639873082,0.30778673574745596
E02005242,25.76549663928305,0.2079040579378857
E02005257,95.10086455331412,0.3235855738792397
E02005290,23.72994652406417,0.2510057569315931
E02005292,25.52552552552553,0.2834927072965039
E02005305,116.88311688311688,0.2760958315444837
E02005349,207.04697986577185,0.44064301795562244
E02005373,344.8184468592632,0.3294403335451701
E02005397,158.27740492170022,0.40282410164354676
E02005400,48.81050041017227,0.35432374766470165
E02005426,149.60250542038062,0.25412554660560893
E02005428,13.293543136190992,0.417299565755167
E02005434,108.47766636280767,0.35959465404206714
E02005494,52.78450363196126,0.3090640829632374
E02005532,494.3037974683544,0.319533693053371
E02005539,105.61370123691722,0.30927359241125973
E02005546,41.988950276243095,0.31838109429240724
E02005548,18.324607329842934,0.31400939998804933
E02005556,55.73350416399743,0.39405939808149615
E02005563,82.74231678486998,0.3610434973517185
E02005565,33.703961084086174,0.33639251191975816
E02005567,49.385378477463874,0.3089265975371145
E02005576,53.3112582781457,0.3847526049202017
E02005593,1.3788348845225784,0.2452055724285609
E02005616,28.815848716794235,0.5137144076718823
E02005629,35.029190992493746,0.33224755012400653
E02005715,198.1690899299946,0.28138863601737985
E02005733,58.78979065098938,0.3029171564431028
E02005750,52.04252937884723,0.21051523301064812
E02005767,150.2364496180429,0.18341624765313647
E02005791,31.160458452722057,0.3252934403725485
E02005797,117.12707182320442,0.38893580615695367
E02005811,123.03370786516855,0.30446096880736384
E02005820,13.529645841623557,0.4552463678257386
E02005831,64.29734129137276,0.36018179255651805
E02005840,162.2393601828049,0.4115568041415809
E02005844,77.39665787159191,0.23605186526649202
E02005847,52.03697363916467,0.22381618223551225
E02005880,24.13929560743965,0.5437067021982713
E02005887,105.73122529644269,0.34873133716906946
E02005904,125.7934218118869,0.33910981158274467
E02005916,143.03877940241577,0.34994229965579393
E02005927,107.70617395223071,0.18062584163172257
E02005929,90.97370291400142,0.15589899616686687
E02005960,201.48637489677952,0.12526711197133267
E02005975,56.132381570408825,0.2908441885550026
E02006017,91.67204648160104,0.35959251249409796
E02006037,50.762690672668164,0.22811309703896576
E02006039,114.54152516208705,0.39861363315906306
E02006040,52.6668903052667,0.34683242620356225
E02006077,204.99181669394434,0.3653180400947518
E02006078,87.55186721991701,0.41475620073326347
E02006082,62.67605633802817,0.38377116960043356
E02006085,105.13927030207925,0.2734724504738786
E02006086,159.64523281596453,0.2829009322832965
E02006088,5.7161003493172435,0.28669496273446526
E02006090,31.490787269681743,0.2951820310714508
E02006153,401.1564871702204,0.36216042970357964
E02006167,95.63673262303399,0.38590213258475536
E02006169,58.606368251038305,0.28225354380457723
E02006204,9.27406459865686,0.3234621367829007
E02006217,143.87503425596057,0.42709518620199116
E02006222,39.027982326951395,0.3401035312247327
E02006236,61.18042226487524,0.24550045841548584
E02006250,9.168003667201466,0.3026515179790765
E02006261,51.0204081632653,0.32606631546009623
E02006262,70.18030513176144,0.2623604830629267
E02006291,123.79730596536241,0.32090453180784184
E02006297,27.2471030378954,0.27797619718965283
E02006321,35.49571603427172,0.10391149688195789
E02006335,33.260119234389705,0.1470384487434675
E02006359,50.41031652989449,0.1538628478527908
E02006377,24.4862264975951,0.19692772516143187
E02006416,37.080635668040024,0.16447706104382576
E02006430,46.069680391592286,0.17249501920548482
E02006443,45.52690226042661,0.15925758647643384
E02006444,26.12214863870493,0.21539126473748738
E02006468,131.04935313847628,0.36934178880712487
E02006478,73.36272040302266,0.4081373197002396
E02006480,17.902010050251256,0.3658444544687489
E02006539,1.5964240102171137,0.2901923051056148
E02006546,140.44275172577957,0.2646421490412241
E02006550,16.027197668771247,0.15886358260766542
E02006560,32.86276324924786,0.27359593536682425
E02006619,144.11027568922304,0.1988031537149002
E02006624,2.445842068483578,0.30645301260785374
E02006644,97.05248023005034,0.2060857859057421
E02006645,102.60695187165777,0.17254872376755515
E02006657,84.53556061756518,0.33871324458108987
E02006686,10.7981220657277,0.48025301532803066
E02006692,25.76419213973799,0.2625980458829327
E02006700,92.28769497400346,0.3210671356300514
E02006710,68.48912404467958,0.3794896217049031
E02006725,2.073828287017835,0.18941881866471633
E02006727,2.4242424242424243,0.29818093550730485
E02006746,164.69517743403094,0.28059581210501783
E02006748,314.6473779385172,0.3753247464526037
E02006749,3.203661327231121,0.18416249211526825
E02006766,45.73739887990043,0.34335279610051206
E02006781,5.055611729019212,0.24636905058970804
E02006806,83.8124054462935,0.43267983225988704
E02006826,33.097466331887695,0.22023431414676153
E02006881,29.27400468384075,0.27475831335626744
E02006907,408.64759427828346,0.16105845579949918
E02006910,78.81887933038828,0.239802131526905
E02006929,1106.2106210621062,0.1217106776515191
E02006933,538.755980861244,0.243584631967809
E02000111,40.49416609471517,0.1512188448496783
E02000122,47.91598293403347,-0.027697639971270505
E02000125,6.93000693000693,0.05936466813769492
E02000145,5.627962085308057,0.1744297556229828
E02000157,6.060606060606061,0.18865737524304116
E02000175,64.53121346738368,-0.05438752277627401
E02000183,27.312548312290645,0.24478499454932034
E02000221,45.78375581996896,0.08124912947149454
E02000238,219.5659012268009,0.11247798342668958
E02000239,40.01367989056088,0.14967639943233735
E02000293,14.5748987854251,0.1433528848441128
E02000299,5.526468877254217,0.09391713342110108
E02000307,5.641330166270784,0.14003677724388908
E02000318,12.488577520560463,0.18472444141026578
E02000323,133.4666333416646,0.18327627136706504
E02000324,36.33772711079444,0.18875244712424433
E02000365,85.19163763066202,0.06773384137228788
E02000382,54.55189514700673,-0.07239220071075003
E02000383,67.54937163375223,-0.05541889680240608
E02000417,83.80084151472653,0.09895587053068056
E02000426,48.57737682165165,0.13131735386856214
E02000429,14.343623323978797,-0.04078510027759741
E02000491,311.1296142103803,0.288693391531325
E02000497,4.941860465116279,0.11385616216034222
E02000514,5.913272010512483,0.23305634636970574
E02000555,22.07727044656297,0.12054293824720475
E02000565,4.43213296398892,0.06651102439923307
E02000595,24.019215372297836,0.1275538812480015
E02000599,27.87162162162162,0.19518509347896362
E02000666,8.39454354669465,0.15434527320574887
E02000667,9.633911368015415,0.14656151872434897
E02000672,137.64605300655458,0.060890571103520585
E02000725,132.66140016344318,0.12640518627467934
E02000747,541.7524593914437,0.05852298930427935
E02000757,18.716039444556248,0.05472727510182551
E02000767,32.06106870229008,0.20219937488681516
E02000774,16.757246376811594,0.20403964307051403
E02000797,45.8295142071494,0.023668553024290162
E02000800,6.484483557202409,0.14657673978552488
E02000822,87.12811171827565,-0.09225484294156416
E02000829,59.76003691739732,0.14818338291788535
E02000896,16.764236295902073,0.13508303625947526
E02000911,219.19805589307413,0.14371660018543686
E02000926,291.61802474900776,-0.05822412937479449
E02000927,13.320941759603468,0.0427571175970094
E02000930,23.50524874486536,0.014940739266071645
E02000937,20.12779552715655,0.08913768015093915
E02000991,9.951749095295536,0.43555387661845746
E02001036,9.963467286615742,0.4307829160924541
E02001052,27.144160583941606,0.3211748645023542
E02001055,18.542700443980152,0.5561103598109671
E02001062,171.74280879864637,0.37699612411884065
E02001145,26.455026455026456,0.3650431936092495
E02001174,1.2701100762066047,0.561314930157085
E02001189,15.486725663716815,0.4857605143941557
E02001210,35.99861543786778,0.4090680270032587
E02001266,2.967359050445104,0.45950643637219724
E02001268,4.037685060565276,0.4466441464887376
E02001278,32.100275145215534,0.39887163317661845
E02001313,78.61542974479318,0.4780195111807082
E02001316,53.31179321486269,0.47860037882215156
E02001323,83.13468414779499,0.17843102813948608
E02001337,25.801081980857262,0.3911342347858442
E02001345,0.0,0.3000290178984999
E02001354,36.835748792270536,0.4422436197287096
E02001364,80.17377567140599,0.6236839935082878
E02001415,26.30617464377055,0.30381145438166524
E02001431,20.610057708161584,0.24132635419551285
E02001446,84.76357267950965,0.2708879905585624
E02001456,4.917025199754149,0.42869140361847435
E02001474,24.938423645320196,0.4387322268804219
E02001484,62.05463182897863,0.309420610525172
E02001493,67.88301583042661,0.39203045317238594
E02001497,9.555009555009555,0.47001119152788107
E02001559,9.162717219589258,0.31232642528146926
E02001595,12.300810735253005,0.23762924989613587
E02001608,41.51880766501065,0.24270555185557363
E02001613,12.383900928792569,0.3624980699952616
E02001638,8.11541929666366,0.35114760526981925
E02001654,34.48275862068965,0.4508248582986667
E02001657,10.500138159712629,0.33105870906430024
E02001705,54.6875,0.1974520120748009
E02001730,74.25025853154084,0.16288565691249524
E02001734,50.417568821527986,0.2180898195033123
E02001739,30.99850968703428,0.08276471396360652
E02001762,339.13395386483205,0.29716081640632463
E02001767,9.453471196454947,0.29059318745750673
E02001769,58.14246161590738,0.4617856789317232
E02001771,0.0,0.3122562307866632
E02001777,156.7138419054194,0.2895908984509399
E02001784,35.01683501683502,0.2786211147603703
E02001792,48.55643044619423,0.18147934077167527
E02001845,41.94174757281554,0.479649305694859
E02001856,11.011301072153,0.29792635023673775
E02001886,53.23429278861034,0.40556947235178686
E02001927,0.0,0.44209748445011154
E02001929,1.084010840108401,0.4400686740164428
E02001930,7.180768029971901,0.3351580995521717
E02001933,27.2523244629689,0.4613383701267155
E02001975,5.043712172158709,0.3718754406409115
E02001983,6.731946144430845,0.35699806515363264
E02001996,60.392397302268556,0.35522252226136697
E02002000,59.66438781852082,0.535960360600475
E02002010,38.783741855414206,0.3458348328104517
E02002024,49.79615608619685,0.42958277043563164
E02002029,8.508914100486225,0.41059243098697173
E02002043,8.530805687203792,0.5456737966009753
E02002047,12.917115177610333,0.533242585413146
E02002052,15.92356687898089,0.47506495988689235
E02002056,24.348810872027183,0.585082202958711
E02002070,14.338973329509606,0.4582831099780078
E02002071,21.072796934865902,0.501323322897596
E02002108,38.013964313421255,0.25328399047326755
E02002117,11.55853840417599,0.3759037563063554
E02002132,21.88354826103947,0.2714875740641185
E02002139,85.2752880921895,-0.0004781609357209504
E02002150,3.9840637450199203,0.5542487046242677
E02002158,76.22926971195811,0.5794152908562964
E02002175,45.15684246811444,0.504816086175734
E02002208,34.93044822256569,0.3441118044763991
E02002211,11.627906976744185,0.4307829160924541
E02002220,5.0761421319796955,0.15323422204954973
E02002230,12.304921968787516,0.19263492994553744
E02002236,3.2089851584436424,0.29346324010528857
E02002251,93.82269320237788,0.18612106753257596
E02002264,14.851485148514852,0.3058170396065538
E02002280,112.57695690413368,0.19692901063337231
E02002288,71.78282432785173,0.4250893505512936
E02002301,4.226840436773512,-0.003332356313145546
E02002314,7.240853658536585,0.3139993807691548
E02002326,30.68951773614986,0.3624990722247219
E02002331,162.00074654721914,0.25705095729017113
E02002343,7.854485324514263,0.18201957883605058
E02002350,5.852516582130316,0.2708634995827559
E02002357,41.28312412831241,0.3486001355488604
E02002386,31.663638723072932,0.41757843311804876
E02002401,62.573789846517116,0.5822964056751081
E02002416,32.9277022190408,0.21590034324918683
E02002417,174.9174917491749,0.30223746268320184
E02002423,14.90733279613215,0.4620813940178232
E02002443,10.19974500637484,0.3734224911985349
E02002444,307.11328566051935,0.3345788520085966
E02002449,292.8792569659443,0.3705276448322161
E02002450,156.69814620496678,0.3847908138920211
E02002469,96.57449442839454,0.404914235916098
E02002482,46.977421704297164,0.2669577041070932
E02002490,1.400070003500175,0.3097176524770662
E02002499,49.25124792013311,0.37209296179806994
E02002513,133.62970711297072,0.16109146875023583
E02002529,74.04580152671757,0.2757772167203205
E02002560,7.5667064914376745,0.12136085700426769
E02002564,31.665458061397146,0.13443621348476142
E02002566,18.70503597122302,0.35499403965921594
E02002595,0.0,0.5246482040033849
E02002612,19.456223497131454,0.30431646847889837
E02002632,35.8761329305136,0.2600816537253907
E02002643,5.062537224538415,0.33433025309873976
E02002649,1.9047619047619049,0.19025533618679358
E02002652,354.38512869399426,0.24248332278171425
E02002654,77.48959333973743,0.24602784514779774
E02002662,115.946348733234,0.3844593744653979
E02002663,33.781033781033784,0.3038324625643529
E02002678,66.88563750373245,0.3959956565605678
E02002691,74.89239598278336,0.3872719445594175
E02002697,41.76980198019802,0.3801082743608424
E02002757,3.971405877680699,0.28862443156031237
E02002762,18.409169850642584,0.23568996558437316
E02002767,25.278058645096056,0.3249687993664798
E02002814,28.41429880843263,0.26746723342490597
E02002823,6.489493201483313,0.2807646570708435
E02002832,61.36282554405993,0.5046365522294218
E02002846,6.605019815059445,0.375863160931301
E02002851,7.689619014330654,0.37265724906844966
E02002853,31.76966989327376,0.48661347878886385
E02002876,8.931143762604437,0.5542069560969276
E02002889,108.28025477707007,0.3482729076861437
E02002910,37.42690058479533,0.34241666352952915
E02002918,11.560693641618498,0.36766636457622504
E02002924,36.921881072677806,0.2789023847997356
E02002936,213.92564587271582,0.3792642463060325
E02002950,5.759858218874614,0.16892485259755396
E02002956,0.2594033722438392,0.3890886128878943
E02002967,0.23741690408357075,0.45132487385576425
E02002993,32.25806451612903,0.14354817086799443
E02003003,13.959390862944165,0.20350448977383806
E02003020,2.3961661341853038,0.2571658131781245
E02003031,25.22654910604947,0.2559816468387659
E02003059,101.93765796124686,0.3218986380439359
E02003098,0.24125452352231605,0.31613318573662497
E02003101,0.23315458148752624,0.35152630657739437
E02003136,9.433962264150944,0.26541852996288373
E02003179,12.292118582791035,0.33275123995639433
E02003202,13.47809809060277,0.2556434519272095
E02003206,62.54598969830758,0.295607017734703
E02003222,2.376237623762376,0.31888860827259435
E02003240,104.43548387096774,0.2882915935754502
E02003268,9.176942930886149,0.21197025071608522
E02003297,18.65284974093264,0.3301779593498271
E02003325,30.854173432932768,0.3542354230968421
E02003355,79.02511078286558,0.11142818605990001
E02003373,14.804845222072679,0.16296525844961707
E02003374,116.96658097686375,0.10669760445635745
E02003375,72.95081967213115,0.23502847381641878
E02003385,402.28285077951,0.09416478430817499
E02003395,107.48510748510749,0.06343771446737101
E02003410,5.99880023995201,0.0379602894904707
E02003421,7.914338919925512,0.17472337756288248
E02003432,43.363124793114864,0.03769805546798288
E02003442,193.84057971014497,0.095876210880391
E02003454,104.10509031198686,0.1521356226742352
E02003462,53.20766190331408,0.15115446094405804
E02003471,19.661816751867875,0.2851789422336628
E02003503,6.595927731574419,0.24453365596051846
E02003521,2.938517179023508,0.15246466134008152
E02003534,21.620063418852695,0.2860345821641763
E02003541,52.04059598358885,0.2644578833760223
E02003543,23.69397659149301,0.265116575453332
E02003548,6.978367062107467,0.3469435364885074
E02003551,10.195035460992909,0.3004123321050205
E02003577,197.43276283618582,0.03349702058631543
E02003578,7.572889057175314,0.24611063117654552
E02003580,23.69124952235384,0.2431547509335985
E02003614,140.06622516556288,0.22646916644803206
E02003707,49.89775051124744,0.11333760202491483
E02003725,34.104389086595496,0.09095288265090495
E02003736,126.4910536779324,0.2308758408514766
E02003742,41.801801801801794,0.3968442780319261
E02003753,30.35071942446043,0.3570618632468783
E02003776,78.2543265613243,0.18866989354482833
E02003778,174.67248908296946,0.16701378505388398
E02003779,20.102851799906496,0.10308569736188566
E02003780,40.607931607694134,0.18606586034458417
E02003781,108.14927646610815,0.15816400863293723
E02003816,197.36842105263156,0.293932809191066
E02003817,172.3793677204659,0.29929025729301717
E02003836,12.86926001754899,0.25212019908648653
E02003852,0.0,0.2990488597333769
E02003944,147.6060530885636,0.40724214301890704
E02003952,423.06344199088676,0.43170529318076056
E02003984,37.40502630040911,0.3186986442669264
E02004039,5.27395253442719,0.3747295023285231
E02004093,48.346055979643765,0.39066560124509486
E02004098,25.72048342113418,0.4308771734238439
E02004123,64.63068181818183,0.28809453988878975
E02004145,24.861878453038678,0.35052705206216217
E02004173,49.281314168377826,0.3480277210005571
E02004221,112.39609685580051,0.3416080116629052
E02004273,61.71360095865788,0.37231078550453134
E02004299,6.120276742948376,0.10404312737169263
E02004300,2.005156115726153,0.21850265978683225
E02004304,6.416837782340862,0.36271547644871394
E02004308,36.82624707063943,0.24717592584741155
E02004336,0.9191176470588236,0.3385890468025812
E02004409,11.420740063956146,0.29106617043602157
E02004417,79.76190476190476,0.2667518967770759
E02004418,52.97723292469353,0.2724202943280343
E02004426,33.19123020706456,0.17045869562013927
E02004437,80.65866592241139,0.3058734324393111
E02004438,65.57377049180329,0.2841794419005792
E02004439,44.066820276497694,0.33041451802332755
E02004460,177.01025364274147,0.29594090627053404
E02004463,111.51960784313724,0.2465040590374148
E02004481,10.958046336881653,0.3099148779190788
E02004502,55.535650304550344,0.292353644088049
E02004531,10.13894104393541,0.15810636265443279
E02004547,39.47758978925497,0.19161912038341278
E02004569,203.31950207468878,0.33034461228074186
E02004574,74.51231212024305,0.36001909970604196
E02004599,57.608695652173914,0.21242238759528398
E02004611,85.47754034016572,0.332092660180658
E02004651,301.60731169240466,0.3086595197964739
E02004654,17.755231452124285,0.38513740860249435
E02004673,425.35091450446623,0.2867565749308376
E02004674,275.85258525852583,0.30414088940358575
E02004697,65.67701304543411,0.17794664618675426
E02004719,257.73195876288656,0.17400849515623307
E02004725,53.37781484570475,0.22786076791789966
E02004736,37.08063566804002,0.2909196613958329
E02004758,160.32258064516128,0.16046263166395747
E02004771,32.31151615575808,0.39008256184502255
E02004774,57.75005775005775,0.24641538837592236
E02004781,38.11524609843937,0.2658729090284595
E02004791,3.634711494775102,0.32086205681023827
E02004793,40.24667315806556,0.25293938676306205
E02004856,34.26791277258567,0.1345502891601722
E02004864,10.168302945301543,0.19270024187681223
E02004865,32.71221532091098,0.11190712446829743
E02004874,14.45683601817431,0.17201768165568154
E02004901,170.73170731707316,0.12155141030250682
E02004908,82.43547982961664,0.09207174306724042
E02004926,69.68529222864484,0.09011256427189274
E02004943,95.45454545454545,0.2682666524562709
E02004972,19.54397394136808,0.025841843518669805
E02004975,7.8284547311095976,0.12299412703738888
E02004976,176.29179331306992,0.0014503265776468766
E02004997,82.25245175577348,0.2734625757673861
E02005044,35.40336622170633,0.4088562497245283
E02005053,17.833726724364016,0.3897147980169322
E02005060,183.74435567905522,0.20542796022940202
E02005083,203.34757834757835,0.2618029762360745
E02005106,117.7937915742794,0.3735712395652486
E02005117,93.90048154093098,0.28781376226865873
E02005143,6.086956521739131,0.35893997085308893
E02005149,234.94120470362373,0.21535415336738417
E02005206,142.72588055130166,0.24422668371549427
E02005211,24.401913875598087,0.2689599719517126
E02005221,33.11258278145696,0.18909150621998627
E02005235,26.128266033254157,0.27440484070237847
E02005240,29.585798816568044,0.3006048239508736
E02005246,91.324200913242,0.3417891029221085
E02005262,353.4675615212528,0.19423334039069218
E02005269,73.00332778702163,0.23665142056988753
E02005270,41.10054347826087,0.34649546751554094
E02005277,8.662696264212236,0.28053808014861126
E02005303,130.32210292484262,0.40161153879217437
E02005322,56.586690810321414,0.2876820724517817
E02005329,78.26086956521739,0.27923432572526075
E02005366,167.55602988260407,0.3669231768759804
E02005378,12.368300503893725,0.3475065518096425
E02005389,12.98205421916762,0.3524289762011552
E02005396,73.14449623520974,0.3034248571731091
E02005408,92.06245933636956,0.4491256862703983
E02005447,39.038101186758276,0.33451149638382116
E02005451,35.66208710903244,0.34222529618869135
E02005466,37.791774731381985,0.3840260801234834
E02005469,126.66450146151347,0.2876976213136473
E02005473,95.83222723652773,0.3375716320645141
E02005485,342.5523508494667,0.2981213291223179
E02005490,4.448838358872961,0.34082911633354573
E02005511,211.0973341599504,0.30817766616682096
E02005522,24.487978628673197,0.3374138474081452
E02005525,27.31041209461107,0.2806063497995792
E02005569,76.59181790218395,0.3816007974817843
E02005599,202.63262863980856,0.27176117409571265
E02005611,39.608269858541895,0.27197583511181644
E02005626,46.81784930504755,0.1432061428220699
E02005639,103.739982190561,0.38014172476029096
E02005671,20.954223081882656,0.2846379696890251
E02005676,61.11343658434491,0.2574989564642314
E02005684,49.22983992751435,0.25663984486219515
E02005716,173.36548767416934,0.28505590281654225
E02005719,58.54072398190045,0.2434042483062644
E02005742,58.237779118889556,0.36216255345689596
E02005745,85.88672237697307,0.3055146471279979
E02005752,136.24070317782287,0.09189535303159957
E02005774,46.64131812420786,0.2854816935448339
E02005783,32.58278145695365,0.24863740014042968
E02005798,17.096265123619148,0.33117416398399513
E02005822,43.029693004529435,0.2430353169455044
E02005823,22.713130056004978,0.404169267574364
E02005858,11.66936790923825,0.4934835979166001
E02005881,24.08637873754153,0.41907965916480894
E02005884,9.046362608367886,0.3134710580959359
E02005896,80.48162230671737,0.3835658477595487
E02005903,81.3386009760632,0.31922563389711645
E02005912,108.62972153294734,0.32397293163166196
E02005914,146.17486338797812,0.3264673042165862
E02005943,11.923688394276631,0.17235902998174524
E02005945,24.39024390243902,0.16106136928618753
E02005948,12.955182072829132,0.2104068187928938
E02005986,126.89691261119833,0.200255546159406
E02006019,60.54836252856055,0.3460903828818944
E02006063,83.69723435225619,0.3797910932589392
E02006075,28.1086231538828,0.2767274617373099
E02006089,95.61075195644777,0.23580071571267514
E02006096,149.5261495261495,0.3910809086135565
E02006099,103.80116959064327,0.39025966214130303
E02006104,176.1642156862745,0.3240497166226559
E02006122,256.0760831278619,0.40706605509681726
E02006149,69.49891067538127,0.2882867494801058
E02006163,5.2696838189708615,0.2431383938920968
E02006186,68.46846846846847,0.3416292380511239
E02006187,56.27846454131424,0.3020839582181143
E02006192,134.59268004722554,0.2885402231413252
E02006194,78.83302296710117,0.3511153231057893
E02006227,91.30752373995617,0.23845848954408488
E02006235,67.45562130177515,0.3128555698795026
E02006256,7.142857142857143,0.3187201870843053
E02006258,21.56862745098039,0.31051617497091577
E02006269,177.16115261472788,0.20899892384474317
E02006271,207.9266489204377,0.28306264976436424
E02006273,34.50834879406308,0.34491345085794833
E02006286,32.113182124410514,0.28801835233048845
E02006299,59.6816976127321,0.3110626917734489
E02006315,49.504950495049506,0.3360574937600145
E02006373,24.35011516946364,0.20001368510339113
E02006375,38.219235615287694,0.2161330709278353
E02006388,30.678300028145227,0.18442903913352104
E02006391,32.10616438356164,0.2148256977136338
E02006392,68.3022023975467,0.19130221686191362
E02006394,183.91839183918393,0.17084721012023607
E02006420,106.88665710186514,0.15037905177510602
E02006439,138.15261044176708,0.19436734891434249
E02006503,300.9972801450589,0.25504799522575183
E02006524,1.638001638001638,0.25676732396579727
E02006526,73.82920110192838,0.21551585398135842
E02006536,6.260869565217391,0.2566455414156277
E02006554,8.280254777070063,0.22873671546872743
E02006557,10.608203677510607,0.2586948582167201
E02006564,44.100467289719624,0.1555418585851598
E02006602,145.4981170831907,0.2307085318574451
E02006618,60.580563735801434,0.19185192164464837
E02006620,95.92445328031809,0.2374535065398451
E02006628,11.589821113630638,0.27250919326045064
E02006641,123.31536388140161,0.22589458468610069
E02006643,292.33156028368796,0.24561872679485042
E02006653,31.08548508398095,0.2825775818082983
E02006655,212.72660007399185,0.2042093246526555
E02006665,61.29359972908907,0.3436127341646422
E02006671,98.53099247581514,0.13179789685398724
E02006672,326.2463343108505,0.23600019330786282
E02006715,46.020260492040514,0.328996211993406
E02006762,300.57803468208095,0.3039425933235602
E02006763,79.03780068728523,0.32877479330627235
E02006775,180.19323671497585,0.3950664008872655
E02006793,0.5959475566150179,0.1981654749452133
E02006794,25.76434215046376,0.3958363408441308
E02006795,4.168245547555893,0.10811134988125559
E02006798,176.94704049844236,0.08949059574565688
E02006809,14.271813168991242,0.43896698248093546
E02006828,45.5547391623806,0.30540538234229153
E02006889,20.895522388059703,0.4039898031790541
E02006920,65.61014263074485,0.3486850005068769
E02006926,7.7437521999296015,0.2819517192802792
E02006932,472.352389878163,0.15521330185762316
E02000007,53.182214472537055,0.2231435513142106
E02000017,2.1986075485525833,0.10519809086720855
E02000030,60.99706744868035,0.13806032655755907
E02000048,40.169133192389005,0.04073224817921428
E02000058,23.478919464781622,0.09369929596970827
E02000112,362.37897648686027,0.15005858947817963
E02000118,193.05019305019303,0.2258572571858064
E02000165,13.377926421404684,0.1655809357866751
E02000167,14.329016257922293,0.051293294387551924
E02000212,71.88444743029895,0.1435980923644049
E02000222,76.57530375812375,0.06315294222861034
E02000258,16.50943396226415,0.07333127308555021
E02000276,12.908124525436598,0.05217900318660007
E02000296,57.0921086018777,0.03281199235181553
E02000303,21.7948717948718,0.1564927179717408
E02000337,15.677118078719145,0.17258522275657384
E02000356,18.12977099236641,0.07781408854721938
E02000386,12.831241283124129,0.02034280839330016
E02000406,3.0018761726078798,0.09811296542098091
E02000423,21.06518282988871,-0.031236796588531845
E02000449,3.555906756222837,0.0582902155964824
E02000457,145.45454545454547,0.12962013266497863
E02000526,61.651583710407245,0.010038577690222539
E02000531,225.34551417193725,0.07758692729381345
E02000532,11.747063234191453,0.09692961209777984
E02000546,35.785288270377734,0.07772047189836329
E02000550,22.65625,0.06535986073124356
E02000568,111.74009352695055,-0.016420807789380376
E02000578,3.667481662591687,-0.06812647605510236
E02000590,6.169665809768637,-0.026663610102980684
E02000594,8.355795148247978,0.05991239354873201
E02000602,25.268951713785338,0.1338357250540696
E02000617,8.204193254329992,0.26222928450290794
E02000633,44.938016528925615,0.03403548782504373
E02000639,92.11300765155974,0.16434656118275015
E02000641,1.452643811737362,0.005028153946572189
E02000659,164.73812423873323,0.06939683028864785
E02000678,14.802631578947368,0.13570972871856668
E02000763,14.255765199161425,0.11969708018912684
E02000786,16.79821898401133,0.07774931844196153
E02000812,124.74344355758268,0.02106095662183627
E02000813,83.02189001601707,-0.06253335104954161
E02000816,60.36877999494821,0.11739377585314337
E02000821,64.90151759767515,-0.11267622178230141
E02000832,36.531904529956165,0.16531039023209537
E02000842,9.725599166377213,0.1952746523054163
E02000843,320.39131763986546,0.09104015382014374
E02000958,3.3636057854019508,0.10477498003332997
E02000979,204.00822199383347,-0.03498062667931556
E02000996,21.077988557663353,0.39239409378094336
E02001006,1.4280614066404855,0.5441710419756074
E02001014,44.38356164383561,0.49410004853475
E02001023,4.3029259896729775,0.34208476630718376
E02001031,24.991200281590988,0.45508455856034935
E02001040,45.52590266875981,0.4942659077269722
E02001107,5.439330543933054,0.4673719888058816
E02001137,25.230276331597913,0.33262597083542733
E02001138,4.935563476830271,0.4510090596716694
E02001147,174.3166580711707,0.6737290947028436
E02001157,64.40464970153943,0.767601044694068
E02001168,31.761544099682386,0.5234387107017611
E02001172,102.02445379835639,0.6095642931774607
E02001182,146.2561231630511,0.6296745682104499
E02001184,926.0945709281962,0.2978690271651443
E02001187,3.576072821846554,0.42656528014825046
E02001206,52.72108843537414,0.478396507029645
E02001207,1.0197144799456153,0.39760765043412416
E02001216,77.69591426657738,0.3575054884816762
E02001237,16.712141882673944,0.2755449916395287
E02001238,24.83927527761543,0.40581040247503974
E02001307,25.84217812644209,0.29456777783613486
E02001314,1.9005384859043397,0.4348988609608506
E02001332,86.27450980392157,0.1942713827660132
E02001333,166.4890783164624,0.3646431135879098
E02001335,72.53886010362694,0.4222217013199012
E02001358,6.666666666666666,0.5346436517282864
E02001363,51.134731399023266,0.501296795358841
E02001384,4.0598832783557475,0.2997273051415803
E02001404,122.34548335974644,0.4852391809304697
E02001419,159.6612296110414,0.48871096618050025
E02001438,7.177814029363785,0.32305326361796194
E02001443,54.409828872312424,0.2878758896827396
E02001450,21.288674425205787,0.3475237777845823
E02001605,26.307242611237413,0.4347800847179233
E02001615,7.297050775311645,0.33873734131219546
E02001629,6.298110566829951,0.28655802100856853
E02001642,23.934181002243832,0.35530226012676014
E02001663,15.554890816631769,0.42362387079891306
E02001709,3.319108582266477,0.20462089073359557
E02001743,21.5962441314554,0.38319395326865724
E02001750,48.2224568813798,0.36521472499480456
E02001806,35.964277093893315,0.3802528131812135
E02001807,88.20614469772052,0.26796778551110023
E02001828,7.640878701050621,0.38879703173793256
E02001831,22.959763582632416,0.36380576792458097
E02001835,52.63157894736843,0.33132599252336803
E02001844,14.577259475218659,0.273769522525372
E02001846,7.144983626079189,0.41888812844030543
E02001866,7.763975155279503,0.4537950789882972
E02001879,156.25990491283676,0.5864997394270679
E02001892,3.9615166949632146,0.4839389125044411
E02001915,4.9464138499587795,0.2513856457434578
E02001919,14.10060975609756,0.37236665989672524
E02001920,3.0712530712530715,0.42949650210477586
E02001924,82.220367278798,0.37402032814553987
E02001941,3.9698292973402145,0.35531065559523345
E02002045,6.248047485160887,0.510437198824226
E02002049,18.18181818181818,0.5395999496020369
E02002074,1.2865873271148278,0.4723939735752243
E02002091,2.5316455696202533,0.29969774485464473
E02002148,0.8812513769552764,0.3648474952000562
E02002216,15.925925925925926,0.5592922854793745
E02002217,1.335559265442404,0.3320847757344554
E02002239,15.25,0.30461059720923434
E02002246,27.492230456610088,0.31270486593711144
E02002247,13.22505800464037,0.31658635612535146
E02002250,3.9421813403416555,0.3558413114976169
E02002255,17.303822937625753,0.2967222914774874
E02002258,22.22222222222222,0.3143711670448246
E02002261,19.425444596443228,0.30476871664814364
E02002272,28.73143413683954,0.36188509677163516
E02002294,4.190844616376531,0.24408679799206734
E02002319,66.75938803894299,0.4527361887914294
E02002327,59.96084189916789,0.3238351393978913
E02002344,2.0426028596440036,0.1308906148720217
E02002363,20.303030303030305,0.35135351947359617
E02002369,172.1311475409836,0.4479117983554213
E02002389,55.05849965588438,0.5085990235483164
E02002390,112.94559099437147,0.37586946535245147
E02002402,100.1669449081803,0.35630355828860605
E02002410,23.926581448705342,0.35336368263507545
E02002419,14.558949471881245,0.38323151532699296
E02002441,26.928104575163395,0.39635100110548116
E02002447,16.170525542080117,0.2607036505626077
E02002463,71.76116132566419,0.48821935146348583
E02002478,61.000406669377796,0.4740324773507778
E02002507,17.614091273018417,0.24786628204426986
E02002509,6.402048655569782,0.2298749797473585
E02002521,9.424083769633508,0.36122647601418834
E02002553,10.444874274661508,0.2198000580725612
E02002557,135.2253756260434,0.2502583071343931
E02002558,212.54523522316043,0.16416630490826734
E02002573,189.50688073394497,0.23110976784029358
E02002576,78.2554902567275,0.3510958346727193
E02002609,109.8901098901099,0.3733564591292762
E02002610,29.20131502610714,0.27315397188887136
E02002651,5.664117813650524,0.22398710878772388
E02002653,0.8743806470416788,0.2897346965326024
E02002722,14.338821030270845,0.3325282172717614
E02002740,8.203445447087777,0.3587146047025076
E02002759,25.29510961214165,0.26594883579934425
E02002802,2.764127764127764,0.44149813624780876
E02002803,79.89690721649485,0.20493558044102755
E02002806,4.226840436773512,0.18950332804311643
E02002849,28.729071537290718,0.4105917545191735
E02002856,23.29253849190683,0.3226951188633773
E02002873,13.066871637202153,0.4907402310218636
E02002885,39.90988091406501,0.5550199062716876
E02002887,13.064971751412429,0.47876792723932304
E02002897,9.1015854374633,0.41405655068246894
E02002905,53.9622641509434,0.34925130685584627
E02002920,43.779642466253186,0.26611302253821556
E02002922,85.7362552864283,0.41512283079161527
E02002925,93.841642228739,0.2695749341486904
E02002942,434.0538156153507,0.42040465338245525
E02002947,6.739049045301385,0.18040350523586746
E02002968,58.79396984924623,0.37026946308562003
E02002974,14.078674948240165,0.3437414637534788
E02002975,1.2755102040816326,0.3188579949397985
E02002980,11.515601783060923,0.3497155752611283
E02002989,9.540329575021683,0.19500419379231992
E02002997,235.10830324909747,0.28350779036651197
E02003008,95.21739130434784,0.30618554401634146
E02003012,37.03703703703704,0.3332498655452687
E02003050,138.82461823229985,0.3002204043388712
E02003064,284.7565278757939,0.3113064302938833
E02003068,17.970797454137028,0.20364910140417614
E02003102,52.38649592549476,0.277759468530542
E02003150,47.37704918032787,0.21410912788575587
E02003169,9.910802775024777,0.37569532605933276
E02003192,77.47603833865816,0.17388687518293633
E02003220,54.15413098819718,0.2986173105272387
E02003223,44.58894565722248,0.23982211621056493
E02003229,0.43478260869565216,0.2708872683156054
E02003233,0.26055237102657636,0.2674793651342613
E02003234,1.1065006915629323,0.267618502135778
E02003267,3.90625,0.2582656271439028
E02003272,92.69769201664775,0.2662402089956375
E02003277,32.52688172043011,0.2759415624032586
E02003279,8.789552988448015,0.2640703986685864
E02003287,3.444034440344404,0.3140237372110697
E02003310,135.06167677190047,0.22077630615235044
E02003323,17.247574559827523,0.309542326709936
E02003332,16.979445933869528,0.3067512912600039
E02003334,9.760425909494232,0.2813777653400491
E02003362,0.0,0.14295119072825457
E02003376,55.0,0.18022292013703378
E02003389,16.693418940609952,0.1295293049964208
E02003397,25.810721376571806,0.14403569572457187
E02003403,38.80513679508654,0.18415601016707583
E02003408,14.15366839976892,0.2072711766652926
E02003457,20.11416145691764,0.1840859491679243
E02003458,39.973571192599934,0.18796399666039854
E02003459,141.41689373297004,0.19400000781995885
E02003469,2.0781379883624274,0.17915990265901627
E02003480,48.50088183421517,0.24411298704318796
E02003497,9.62910128388017,0.25100025513089186
E02003508,6.143943826799298,0.19065117738589166
E02003530,10.641728474685586,0.3405015699075893
E02003547,31.76733780760626,0.1878671982001343
E02003561,49.04118201823326,0.20845870116164722
E02003596,22.885572139303484,0.3098559299461021
E02003618,17.324623686452707,0.2427525233751684
E02003622,26.315789473684212,0.27259075024627233
E02003629,18.527918781725887,0.27533407946959887
E02003639,37.740628166160086,0.20356598174048202
E02003674,99.67243799719232,0.14573732576694098
E02003686,147.66839378238345,0.205407999501233
E02003721,41.852402179296675,0.17863249933102665
E02003723,598.9433237271853,0.20452507640841056
E02003740,46.80317592979524,0.21010965134460768
E02003747,166.01522320510182,0.43012427879528037
E02003755,121.9443663950548,0.3649665020375892
E02003833,46.96969696969697,0.3609709429189918
E02003850,0.0,0.32164653970855994
E02003877,72.60556127703398,0.2755543046461453
E02003884,98.85473176612416,0.3028239536788302
E02003892,94.2578548212351,0.3569499371365099
E02003898,26.398054880166725,0.3942647760714344
E02003899,21.500843170320405,0.2575084426914547
E02003913,67.47269890795631,0.46899027529877557
E02003937,141.06844741235392,0.4339096013126227
E02003947,41.40937159462405,0.3363319176744861
E02003955,104.16666666666667,0.4349885440283252
E02003994,30.406365444728614,0.1705914070640171
E02004005,19.694868238557557,0.1948397751513573
E02004026,56.87583444592791,0.3073069135431261
E02004050,75.78309195015157,0.26994529677206724
E02004095,70.80439166479947,0.32204141362858785
E02004121,498.21428571428567,0.2590036091518071
E02004138,78.56341189674522,0.29715148854733453
E02004151,371.4981729598051,0.2942540291458995
E02004166,50.828729281767956,0.33619641259519195
E02004181,40.06223259432127,0.2927506462456453
E02004209,102.73008725021107,0.3486640285582441
E02004232,41.682455475558925,0.3100389795530569
E02004293,40.11786038077969,0.2572896791768242
E02004295,39.52692187986306,0.3157510374811867
E02004317,1.1254924029262803,0.29950455699038514
E02004353,3.9239360096589198,0.3437699606474771
E02004387,18.638573743922205,0.20673883122798564
E02004400,83.670427932723,0.35793080787951226
E02004440,48.89683959451401,0.2952228090914426
E02004464,28.059861036878676,0.20493393815219285
E02004469,83.30301927973811,0.1554540644667437
E02004538,62.0199146514936,0.16440531878905063
E02004540,30.11803011803012,0.15957689914035633
E02004575,151.2884455527847,0.27280889833143185
E02004601,126.44169158479282,0.3834794280738443
E02004603,91.95402298850576,0.2389190818261886
E02004608,51.458990536277604,0.3221695344638267
E02004614,43.936731107205624,0.2414758430340811
E02004620,58.74880914576056,0.3220739287379182
E02004629,17.063566472904554,0.37188980525798687
E02004635,91.62934894936272,0.4366455223566117
E02004650,166.2111801242236,0.3278323696831569
E02004739,6.179196704428424,0.2664476602131369
E02004825,28.985507246376805,0.23516885870381543
E02004832,57.922584238373716,0.17072731491720639
E02004847,4.702970297029703,0.14074475174792234
E02004851,15.118790496760258,0.2148263004554316
E02004889,24.72527472527473,0.14755013157554586
E02004900,61.08813235762011,0.15046774395179874
E02004914,41.73354735152488,0.23473609674422313
E02004918,15.21438450899032,0.16642169870169
E02004936,53.41506129597198,0.1336030347227961
E02004946,0.0,0.19967188103787414
E02004968,38.307794803464354,0.1221829958914391
E02004984,7.296733842946491,0.17535652545733527
E02004987,84.9194729136164,0.17043948782364104
E02005011,24.111675126903553,0.28998727088862175
E02005026,68.28627708470125,0.259419525648811
E02005049,36.25,0.29236604094512053
E02005052,57.381615598885794,0.42459571510672856
E02005077,7.613373055279708,0.24934021412072127
E02005119,97.62100082034453,0.29275703782681806
E02005133,52.15298208077026,0.4129518713135498
E02005164,216.3954189270645,0.28056525235118457
E02005182,0.0,0.36141843662090345
E02005183,7.383966244725738,0.21664797575361394
E02005249,0.2464268112370626,0.35419236094915885
E02005264,11.18881118881119,0.222823500103285
E02005301,28.34589163975601,0.14716003031532043
E02005319,4.807692307692308,0.12333791480461898
E02005325,127.51677852348995,0.24495044132782784
E02005334,70.33780657103192,0.4406356364149806
E02005391,70.46733545387815,0.29241045932379794
E02005450,0.5393743257820928,0.3335353769479035
E02005464,84.37761069340016,0.3614827282096531
E02005472,23.64394993045897,0.37713590284436904
E02005484,14.521452145214521,0.2959318858717763
E02005496,62.197392923649915,0.2726978700296687
E02005501,178.98457583547557,0.3447676254446126
E02005502,69.30157011369789,0.3634385295463636
E02005518,13.62901362901363,0.25025301104840647
E02005519,28.506640751538708,0.28301880969603666
E02005526,31.60667251975417,0.27953339633212515
E02005545,5.856515373352854,0.3563952614887427
E02005553,45.6480605487228,0.3975304116509619
E02005568,42.17064400130762,0.3590043831399985
E02005623,546.139927623643,0.28443863966936966
E02005625,22.76797134817089,0.2978628171371547
E02005630,67.9304897314376,0.2776694731593512
E02005648,348.2913358646876,0.3724790435366794
E02005653,16.761543327008223,0.44698203352179533
E02005707,40.345821325648416,0.3281597951935886
E02005710,67.12564543889846,0.08596623276013826
E02005714,0.0,0.2923931902195296
E02005736,181.35945384387057,0.3209685161166078
E02005744,44.43145279158141,0.3080495578957354
E02005776,184.61538461538458,0.22570204588043197
E02005780,70.60981201283815,0.2561036561240684
E02005804,43.31152718249492,0.2810220927507334
E02005815,100.02994908655286,0.3693799442317136
E02005834,198.6970684039088,0.5336626802782494
E02005838,75.53648068669528,0.26654037222786364
E02005846,55.026455026455025,0.37606613325338323
E02005892,128.65962955586537,0.3870798408083651
E02005907,120.08228336333246,0.29918152424317057
E02005937,71.17052023121387,0.009418641572517927
E02005946,54.143980641258324,0.16585294103015258
E02005967,171.7439293598234,0.133330022140159
E02005969,142.7839015637016,0.18349231455013282
E02005987,346.95817490494295,0.15933343031927372
E02005994,41.71779141104295,0.29058468564842066
E02006013,32.237871674491394,0.3833474906234482
E02006034,233.31553657234386,0.2843716754929595
E02006036,213.53991242842707,0.3036002312002237
E02006065,85.49292011755279,0.29694969459977205
E02006066,77.36476276820792,0.35308026561573147
E02006081,88.32667554371949,0.315944671296271
E02006095,21.75732217573222,0.30542773619331776
E02006154,13.365735115431349,0.38726434984381086
E02006174,155.0187617260788,0.332704861357616
E02006188,21.023403411344702,0.36869289292465446
E02006221,4.724409448818897,0.33996180156049327
E02006230,45.30965391621129,0.3504607727469944
E02006232,142.14463840399003,0.2529582703856583
E02006243,81.75944333996024,0.2137352825983676
E02006246,3.2959789057350033,0.29716985462696055
E02006257,12.696291346475109,0.26752343874372553
E02006267,33.22456244437853,0.342837877310302
E02006280,64.88347457627118,0.23501789684558005
E02006290,112.98263798911634,0.21160254059111416
E02006295,12.430238457635717,0.2595635256006483
E02006316,71.4505697566985,0.3449991644341486
E02006341,66.30265210608425,0.0938466420400399
E02006356,80.97247337753667,-0.014487727869349598
E02006370,62.73620559334845,0.09798040836020405
E02006404,47.25363489499192,0.16388785510511816
E02006406,197.8458049886621,0.08458306526006254
E02006448,130.23420865862315,0.18879929357256664
E02006454,25.668835864063627,0.19860244239809255
E02006482,13.585984983911333,0.3331444465285376
E02006492,492.84903518728714,0.34307137787460285
E02006495,46.635367762128325,0.2884322600338507
E02006551,10.619906149666585,0.31032360503528444
E02006563,20.484949832775918,0.3890619175134482
E02006568,114.38113128783135,0.13226796857775014
E02006570,55.690072639225185,0.10002610615931573
E02006606,23.867069486404837,0.18091154548169008
E02006609,87.94430194210334,0.18005279609875124
E02006652,89.92708614636783,0.2592654882488796
E02006698,5.235602094240837,0.3340962811161523
E02006709,121.75438596491229,0.31906367319294926
E02006728,111.44883485309018,0.34763573639940226
E02006741,36.72710367271037,0.35834825390619596
E02006744,62.23175965665236,0.21892236574237245
E02006745,71.95571955719558,0.3318987786772949
E02006753,181.11753371868974,0.29165625339446866
E02006769,7.548408270429931,0.28924487079359196
E02006771,18.75213092396863,0.31395892266500613
E02006774,8.664475649835675,0.3301156708663777
E02006777,16.317733990147783,0.4027075723840481
E02006788,34.447123665173955,0.17706626209920984
E02006825,53.44636933284187,0.2063159352220012
E02006877,296.0998439937597,0.31653618498926317
E02006900,4.671748217359233,0.3949262429558864
E02006930,258.3449235048679,0.0787238191168349
