msoa21cd_reference,cumulative_newbuilds_per_1000
E02000045,17.03454894433781
E02000088,9.718498659517426
E02000091,87.6372984342136
E02000096,10.722795869737888
E02000131,129.43996513401615
E02000151,9.686038744154978
E02000160,45.148247978436665
E02000201,46.93235448348191
E02000206,92.79121975555
E02000272,6.203955021326095
E02000277,19.23802338740098
E02000339,15.18784972022382
E02000343,20.00741015190811
E02000362,243.35611237661354
E02007109,133.10104529616726
E02000387,33.7909186906019
E02000388,195.26938239159003
E02000400,22.541653054557333
E02000405,11.764705882352942
E02000443,59.00718076802997
E02000451,6.834686031610421
E02000459,101.61443494776827
E02000476,138.70246085011186
E02000477,12.080536912751677
E02000481,17.209588199139517
E02000485,34.07407407407407
E02000495,33.56677131127747
E02000515,261.44550313734607
E02000534,71.99177236887213
E02000542,145.60960202147822
E02000614,80.40364583333334
E02000622,64.04365307294658
E02000646,46.85059864653825
E02000651,20.9049255441008
E02000654,163.66906474820146
E02000680,37.46684350132626
E02000701,31.270791749833666
E02000705,80.04231311706629
E02000707,8.199776369735371
E02000709,5.567153792623522
E02000752,243.36592178770948
E02000753,8.677685950413224
E02000770,4.536082474226804
E02000827,147.07249070631968
E02000834,34.778465936160075
E02000845,16.993087557603687
E02000849,40.335592126492415
E02000886,207.22135007849295
E02000918,52.76891852710931
E02000938,91.51785714285714
E02000950,5.876894525208784
E02000957,68.4285040113261
E02000973,22.40210843373494
E02000976,27.177147391390598
E02000982,56.963552980931695
E02001005,144.40894568690095
E02001008,15.476609215617305
E02001010,51.863857374392225
E02001027,25.090789039286886
E02001035,12.747400201274742
E02001056,19.347386658966215
E02001123,26.535805161759356
E02001162,0.36913990402362495
E02001191,11.077158135981666
E02001194,80.22462896109106
E02001204,6.047856955035499
E02001214,30.18500486854917
E02001240,53.52329611089719
E02001251,12.0
E02001283,115.5282817502668
E02001285,40.91048908028299
E02001292,41.666666666666664
E02001295,20.32408678934359
E02001296,10.14686248331108
E02001301,144.6507978027727
E02001322,7.280785058562836
E02001334,245.9481361426256
E02001359,2.147766323024055
E02001362,15.817779183802594
E02001375,0.0
E02001377,148.65862663056853
E02001417,35.60585150427823
E02001430,30.22251743606775
E02001441,29.017857142857146
E02001448,25.815704553603442
E02001476,84.82012284293653
E02001481,39.130434782608695
E02001492,25.996044080248662
E02001499,7.480448826929616
E02001506,17.534676786181628
E02001512,111.67361524717091
E02001535,73.98843930635839
E02001551,16.566265060240966
E02001603,149.24838940586972
E02001618,34.508257333004686
E02001623,0.0
E02001646,75.05438723712837
E02001659,11.088709677419354
E02001665,66.68423827095414
E02001679,5.978080371969446
E02001690,0.6015037593984962
E02001724,27.132867132867133
E02001728,26.129943502824858
E02001732,227.0861833105335
E02001749,63.13131313131314
E02001765,79.71014492753622
E02001776,154.1968356127648
E02001815,5.419415645617343
E02001826,150.1542680836476
E02007038,21.11922364775249
E02001867,124.27745664739885
E02001883,34.57814661134163
E02001884,0.0
E02001904,98.16653934300993
E02001913,13.986013986013987
E02001914,23.690205011389523
E02001953,50.961862976712794
E02001976,34.22904670505438
E02001987,146.41625143733233
E02001989,113.2404181184669
E02002003,15.40095592140202
E02002007,39.778714436248684
E02002018,14.027515511195034
E02002020,58.04020100502513
E02002025,90.3886712865321
E02002027,4.048582995951417
E02002028,21.646695013529182
E02002031,113.29628046173578
E02002064,10.094501718213056
E02002077,34.32975245212518
E02002103,5.825242718446601
E02002105,81.58658497258946
E02002119,13.055895552835576
E02002124,38.911736792154386
E02002151,1.1773940345368916
E02002167,13.436345314074572
E02002191,71.24609707635537
E02002206,50.189670265538375
E02002207,4.334633723450368
E02002213,160.78162495714778
E02002227,27.823240589198036
E02002228,81.09065155807366
E02002273,50.703182827535166
E02002276,33.266129032258064
E02002278,80.59701492537313
E02002282,25.630914826498422
E02002296,84.77842003853564
E02002338,58.17174515235457
E02002349,22.04724409448819
E02002353,19.325842696629213
E02002418,20.078999341672155
E02002422,49.962434259954925
E02002424,7.642922653622745
E02002448,129.4749403341289
E02002464,201.3690815744438
E02007059,57.40561039379873
E02002519,61.21154456073581
E02002525,24.920466595970307
E02002532,118.99079440845551
E02002535,4.185130477597243
E02002537,4.900626191124421
E02002549,1.1901219875037192
E02007058,47.58624596385883
E02002575,14.20150053590568
E02002594,26.699029126213592
E02002606,100.40567951318458
E02002608,29.495178672716964
E02002630,104.47200300638859
E02002650,70.6371191135734
E02002675,18.270401948842878
E02002682,300.796812749004
E02002725,52.91970802919708
E02002773,11.814024390243903
E02002795,25.41149292520935
E02002817,5.048380311316785
E02002844,4.768211920529801
E02002847,9.4604064470918
E02002854,13.345747982619491
E02002860,50.74626865671642
E02002869,33.666969972702454
E02002880,0.6067961165048543
E02002892,9.35672514619883
E02002901,90.15748031496062
E02002902,16.915137614678898
E02002940,20.423319717786853
E02002944,123.5497021009721
E02002952,111.38526612618963
E02002981,8.338480543545398
E02003006,49.81284192340917
E02003023,10.26615969581749
E02003026,21.2897253933971
E02003041,16.112789526686807
E02003045,19.07630522088353
E02003046,89.11614317019725
E02003071,58.50610621982392
E02003110,230.11505752876437
E02003120,100.53809119229678
E02003124,61.506150615061514
E02003133,33.20053120849934
E02003152,212.03727020901533
E02003156,88.48884381338742
E02003163,36.50523241664639
E02003184,30.589719331441188
E02003185,13.17957166392092
E02003210,119.47104423164615
E02003214,9.836065573770492
E02003228,93.03187546330616
E02003239,45.80152671755725
E02003269,52.22772277227724
E02003278,148.26302729528535
E02003282,41.82509505703421
E02003292,34.597994888932575
E02003293,47.50913637237931
E02007005,217.01860756847162
E02003313,90.63198536882747
E02003326,26.403743315508024
E02003329,34.508911642017445
E02003330,32.47924936845904
E02003336,110.4319478402608
E02003344,9.174311926605505
E02003405,350.3668763102725
E02003493,23.297491039426525
E02003518,80.08658008658008
E02003520,95.94882729211088
E02003554,19.652305366591083
E02003581,30.79858272008721
E02003586,36.10771113831089
E02003587,77.00831024930748
E02003591,73.6
E02003633,341.04627766599594
E02003635,901.532745006967
E02003653,121.17737003058102
E02003658,622.1680027884279
E02003713,11.715481171548117
E02003738,188.2399368587214
E02003748,36.00464576074332
E02003771,68.94075403949732
E02003794,37.09997167941093
E02003807,26.096033402922753
E02003815,174.31826026924404
E02003841,66.72443674176778
E02003848,0.0
E02003849,158.17515817515817
E02003860,30.80650744202146
E02003861,15.53867403314917
E02003869,78.20855614973262
E02003874,20.621118012422354
E02003886,75.79838399384379
E02003888,100.49486105824134
E02003889,202.87331301697867
E02003931,152.54237288135593
E02003943,134.39767779390422
E02003962,214.53420950908387
E02003992,31.659128778862176
E02004009,86.64259927797835
E02004052,103.48905972797161
E02004067,32.75401069518716
E02004096,76.4163372859025
E02004135,44.39511653718092
E02004156,112.2534620226605
E02004171,160.3053435114504
E02004177,12.593467138921685
E02004182,57.665745856353595
E02004191,125.0
E02004193,40.49778527736765
E02004201,35.858359480053785
E02004224,60.984848484848484
E02004272,41.827411167512686
E02004280,186.22141997593258
E02004290,26.608419380460685
E02004316,161.87594553706504
E02004318,153.78844711177797
E02004332,74.20494699646643
E02004348,15.945945945945944
E02004363,57.3170731707317
E02004372,116.02998928953944
E02004398,145.1481380810003
E02004408,109.72488803582853
E02004410,68.8233428480812
E02004412,100.0
E02004454,98.83858734297227
E02004455,114.4244105409154
E02004459,101.86678958285319
E02004461,15.500442869796279
E02004489,87.06896551724138
E02004495,50.570008769365685
E02004505,282.0263029712616
E02004514,50.62743401125054
E02004532,51.73661360347323
E02004541,23.4981610134859
E02004555,39.95205753096285
E02004556,64.56043956043958
E02004560,95.18179130948863
E02004586,42.963370972183974
E02004587,8.687837028160578
E02004588,58.62868499503146
E02004600,25.295797633618932
E02004605,48.301268931641424
E02004609,19.520000000000003
E02004618,51.1705685618729
E02004657,23.42657342657343
E02004675,63.72549019607843
E02004679,351.60349854227405
E02004783,19.151846785225718
E02004790,102.17706821480405
E02004799,27.0548827621747
E02004811,34.579439252336456
E02004817,35.28689782141761
E02004819,30.385900941962927
E02004862,12.46006389776358
E02004894,195.01312335958005
E02004931,157.67317259854573
E02007092,23.317201935767713
E02005013,34.851039910061836
E02005015,170.94272076372317
E02005041,125.5699754472115
E02005069,30.3030303030303
E02005128,262.9747752971876
E02005192,146.11129189716894
E02005194,32.87981859410431
E02005198,119.56231651988256
E02005200,85.15469770082315
E02005304,127.39765244775266
E02005318,73.257698541329
E02005350,114.82403128332741
E02005383,38.63868986693961
E02005388,139.62558502340093
E02005395,39.87490226739641
E02005419,80.20050125313283
E02005431,89.4866867965962
E02005474,153.3382245047689
E02005515,74.05908539053016
E02005547,15.159435441714585
E02005564,34.46461457511182
E02005572,88.63819500402901
E02005578,27.205596579867855
E02005613,19.66594827586207
E02007070,232.74304300686663
E02005705,91.2826533607279
E02005801,6.768189509306261
E02005827,150.8832898928468
E02005828,110.397946084724
E02005837,86.3716814159292
E02005861,113.73827965756216
E02005883,76.48640573648044
E02005906,84.89483747609941
E02005958,28.248587570621467
E02005963,89.58462492250464
E02005991,197.34904270986746
E02006015,127.9775805698272
E02006030,165.28925619834712
E02006032,38.15967523680649
E02006057,113.48973607038123
E02006062,59.68799457381867
E02006083,81.86900958466455
E02006093,89.67173738991194
E02006097,69.8943061711558
E02006098,38.948701709943
E02006165,51.91415313225058
E02006181,83.75535644721464
E02006206,14.310747663551403
E02006214,66.29422718808195
E02006233,64.36026285272517
E02006263,89.32038834951456
E02006274,21.764938662445587
E02006288,193.0302205281786
E02006292,90.20044543429843
E02006320,86.1141011840689
E02006353,52.067381316998464
E02006360,48.4472049689441
E02006383,87.06986444212721
E02006395,23.684210526315795
E02006410,79.67119822952894
E02006432,49.24760601915184
E02006437,86.27696155048454
E02006440,47.81997187060478
E02006460,5.069708491761723
E02006475,394.8051948051948
E02006481,41.94107452339688
E02006499,74.29963459196102
E02006543,29.60526315789474
E02006553,217.90379101624717
E02006566,176.10250297973778
E02006571,234.2207597965899
E02006573,127.28392527201808
E02006581,159.17808219178082
E02006584,51.37931034482759
E02006599,30.173827484421125
E02006600,98.05735430157262
E02006603,31.18393234672304
E02006614,342.97421065316945
E02006616,288.9093137254902
E02006623,55.68862275449102
E02006647,63.32905434317502
E02006660,149.42528735632186
E02006668,14.700039729837107
E02006670,100.0651890482399
E02006675,51.099411582533286
E02006696,163.73801916932908
E02006739,15.194681861348528
E02006818,5.49282880683552
E02006834,18.84730947828462
E02006839,54.111892387649036
E02007045,217.71965371154909
E02006883,41.822721598002495
E02006888,15.050752537626881
E02006891,191.39370584457288
E02006899,456.1607923099329
E02006919,237.55215577190543
E02006927,683.6428999400839
E02000056,23.303834808259584
E02000080,41.86925985953539
E02000090,88.08682483594143
E02000159,35.28555838486723
E02000163,26.041666666666664
E02000185,57.64347384459117
E02000232,64.11359724612737
E02000233,61.06231702216646
E02000243,152.86831812255542
E02000259,29.785370127025843
E02000285,37.307380373073805
E02000301,4.333418302319654
E02000372,445.5634186173108
E02000385,12.281835811247577
E02000390,30.8182784272051
E02000394,566.6009574767671
E02000425,11.342155009451794
E02000431,27.768911586338977
E02000433,105.46993049259596
E02000442,3.949447077409163
E02000452,293.8466600855545
E02000455,522.9885057471265
E02000464,121.29380053908358
E02000478,34.786641929499076
E02000516,6.150506512301012
E02000579,39.37204086718167
E02000608,67.56756756756756
E02000615,14.060356652949245
E02000647,51.97444831591173
E02000679,31.54848046309696
E02000693,124.84268814497862
E02000696,36.106750392464676
E02000716,12.068965517241379
E02000723,15.710632078918524
E02000737,63.5593220338983
E02000748,1.7937219730941705
E02000755,10.692701069270107
E02000768,21.875000000000004
E02000790,59.79302414718282
E02000803,8.321096426823301
E02000806,26.353617632965978
E02000879,118.73905429071804
E02000890,25.864856126737795
E02000894,48.55875831485588
E02000895,39.437480892693365
E02000897,30.79222720478326
E02000907,154.44015444015443
E02000919,7.44186046511628
E02000921,48.41149773071105
E02000936,118.06753758935173
E02000978,14.425553838227717
E02000986,2.1727322107550244
E02000999,99.16201117318435
E02001001,17.203628401626524
E02001028,4.504504504504505
E02001030,79.2838874680307
E02001044,2.508960573476702
E02001053,26.2572318647085
E02001087,11.358473421172194
E02001115,3.9385584875935415
E02001143,48.89669007021063
E02001153,201.70709793351304
E02001160,132.68101761252447
E02001171,79.19520547945206
E02001227,12.205387205387204
E02001233,25.78268876611418
E02001279,8.671415298854134
E02001320,24.460431654676256
E02001356,467.42808798646365
E02001378,8.152937868990723
E02001396,35.732516590096985
E02001413,1.9583843329253365
E02001425,54.16758788414769
E02001427,93.07764265668851
E02001435,33.12811492231017
E02001437,22.27895103272221
E02001466,9.225608051439753
E02001482,71.56443176414645
E02001510,31.533307055577453
E02001540,132.64033264033264
E02001548,70.65057403591405
E02001560,185.9657248726262
E02001564,131.9135410044501
E02001681,13.805522208883554
E02001685,45.68106312292359
E02001692,30.018083182640147
E02007094,72.1875
E02001707,38.89969435954431
E02001737,104.44743935309974
E02001751,115.97938144329896
E02001797,63.95816572807723
E02001808,1.6207455429497568
E02001895,92.3596195151887
E02001922,123.24649298597194
E02001979,0.4056795131845842
E02001982,132.00782268578882
E02002014,127.12826333711692
E02002033,31.661442006269596
E02002041,5.836575875486381
E02002062,159.89159891598916
E02002116,26.325026325026325
E02002183,81.03916246607213
E02002218,36.092265943012215
E02002234,0.3132832080200501
E02002260,31.853057428505
E02002274,37.5130253560264
E02002279,42.44604316546762
E02002290,70.44864664441972
E02002334,70.02534854245883
E02002345,95.11568123393317
E02002360,19.97291807718348
E02002382,3.040834057341442
E02002406,91.22807017543859
E02002428,79.42122186495176
E02002434,126.76453980801804
E02002516,155.83881578947373
E02002520,54.400554400554405
E02002540,40.598290598290596
E02002545,2.615518744551003
E02002554,32.696390658174096
E02002615,87.29757085020243
E02002626,50.46910384988677
E02002636,0.0
E02002638,16.511867905056757
E02007080,581.9828408007626
E02002674,1.2303906490310674
E02002676,2.2707919386886175
E02002702,77.74072530220924
E02002705,207.95660036166365
E02002712,28.86091495241019
E02002714,39.82843137254902
E02002724,29.126213592233007
E02002729,13.964313421256788
E02002732,129.64759133527323
E02002746,168.2984916644615
E02002780,25.479530489550534
E02002781,29.56020187454938
E02002797,12.459210916641945
E02002809,60.777385159010606
E02006965,93.84298466468299
E02002861,6.486486486486486
E02002863,56.80119581464873
E02002866,44.365284974093264
E02002891,8.886255924170618
E02002919,24.38391699092088
E02002923,85.05214368482038
E02002930,352.59631490787274
E02002984,6.137658921525646
E02002999,12.89213579716373
E02003019,36.79599499374218
E02003063,35.29012555140822
E02003078,68.57764876632801
E02003092,242.0564084255623
E02003115,67.35102653980971
E02003164,18.058099973828842
E02003165,21.395655036208034
E02003215,0.0
E02003221,18.105849582172702
E02003276,112.30585424133811
E02003299,87.76371308016877
E02003339,12.013256006628005
E02003402,93.69127516778525
E02003409,1.6674606955693188
E02003425,320.79081632653066
E02003429,20.22926500337154
E02003449,5.407124681933842
E02003456,456.01577909270213
E02003460,241.19810825013138
E02003464,3.114052160373686
E02003479,17.998560115190784
E02003492,5.078485687903971
E02003495,44.78114478114478
E02003514,37.47940691927513
E02003570,180.46767537826685
E02003583,197.40077274323846
E02003593,54.04255319148936
E02003597,47.077922077922075
E02003604,656.6507878343715
E02003623,550.9893455098935
E02003671,38.413361169102295
E02003685,31.39717425431711
E02003701,119.78790069896361
E02003708,88.45528455284551
E02003729,49.78237214363439
E02003767,71.40100347356233
E02003801,21.814404432132964
E02003805,48.12623274161736
E02003808,17.29106628242075
E02003809,205.81509310682782
E02003823,110.88641725648803
E02003839,44.363415375265866
E02003842,99.70426700464724
E02003847,169.8751300728408
E02003853,99.91909385113269
E02003867,40.44585987261147
E02003876,48.05683242791475
E02003909,161.72713336739903
E02003922,187.9215205395463
E02003926,84.05518126403594
E02003927,208.76428960261296
E02003964,130.02641620193717
E02003980,34.49357165255566
E02003991,33.1560838285893
E02004024,171.1869434767931
E02004035,62.70627062706271
E02004069,18.070345272668604
E02004081,29.95951417004048
E02004105,34.59037711313395
E02004137,23.999999999999996
E02004160,7.260726072607261
E02004175,39.34162986752308
E02004176,11.978521272201569
E02004189,88.12577575506826
E02004194,140.8662900188324
E02004205,325.48024646611094
E02004208,59.596844872918496
E02004222,68.42867487328023
E02004231,71.95571955719556
E02004255,29.126213592233007
E02004263,63.7434023548518
E02004266,36.22094778146695
E02004309,19.50162513542795
E02004311,70.4225352112676
E02004315,275.1625487646294
E02004341,145.9412780656304
E02004355,6.775485063135202
E02004361,7.207207207207206
E02004411,45.25627044711015
E02004428,113.21455085374907
E02004432,40.32258064516129
E02004458,40.3954802259887
E02004462,171.4285714285714
E02004498,18.05654549774293
E02004521,100.40983606557377
E02004563,98.34888729361091
E02004579,180.4812834224599
E02004594,129.90112512785544
E02004613,35.934664246823964
E02004622,145.10364546104358
E02004626,77.36625514403293
E02004631,32.394366197183096
E02004644,86.55201578798984
E02004647,119.68633924886505
E02004683,234.11848679514637
E02004686,77.0316027088036
E02004689,77.73386034255599
E02004692,11.682242990654204
E02004704,211.61290322580646
E02004721,382.1798823199776
E02004733,112.82545805207327
E02004741,1.2654223347042075
E02004743,9.803921568627452
E02004746,80.8058925476603
E02004776,70.69913589945011
E02004786,2.494456762749446
E02004826,591.2213740458014
E02004859,63.98879028491359
E02004916,55.91544493692465
E02004939,55.55555555555556
E02004957,198.81221719457014
E02004969,33.30945558739255
E02004973,79.40525150268903
E02005007,123.64052661705782
E02005025,84.40629470672391
E02005030,301.4903493769851
E02005036,66.1189358372457
E02005056,100.43956043956042
E02005065,86.77685950413223
E02005067,18.760907504363004
E02005072,52.373158756137485
E02005102,41.1873840445269
E02005158,30.980392156862745
E02005165,61.09847253818655
E02005195,67.18241042345278
E02005208,50.14691478942214
E02005214,49.450549450549445
E02005217,48.74551971326164
E02005266,94.99241274658574
E02005274,236.45320197044333
E02005288,62.78890600924499
E02005317,59.54406260632869
E02005330,44.270833333333336
E02005370,167.15371127995326
E02005390,193.42872284048758
E02005394,56.046452915930324
E02005405,96.53465346534654
E02005409,214.08647140864716
E02005438,113.72679045092838
E02005444,68.09967662164732
E02005452,25.60273095796885
E02005456,186.67660949540144
E02005468,116.40726329442283
E02005508,93.81663113006397
E02005510,98.6011600136472
E02005514,38.732394366197184
E02005527,166.9664268585132
E02005577,63.81322957198444
E02005612,27.332361516034986
E02005615,83.53609083536091
E02005637,94.08115792194366
E02005644,58.984910836762694
E02005645,129.5020665223381
E02005655,79.6875
E02007043,88.31168831168831
E02005781,60.51371353939921
E02005817,94.09045889732583
E02005824,68.34268977300462
E02005843,146.13072877535689
E02005850,31.951053704962618
E02005856,19.97422680412371
E02005885,112.10511601901035
E02005898,90.01097694840834
E02005920,221.22719734660035
E02005922,104.28907168037604
E02005932,3.354453969437197
E02005933,26.101694915254235
E02005947,50.64695009242144
E02005950,45.833333333333336
E02005964,122.3585548738923
E02005982,6.122448979591837
E02005999,194.4223107569721
E02006007,195.0861752841951
E02006018,85.14774494556767
E02006025,90.6064209274673
E02006027,57.58683729433273
E02006056,85.39765319426337
E02006073,60.13513513513513
E02006076,150.27322404371586
E02006100,189.5093062605753
E02006102,8.433344145313006
E02006103,104.25462812601494
E02006110,333.33333333333337
E02006111,110.13419713095789
E02006114,43.64392102528576
E02006121,241.6048844308766
E02006134,196.1528726904581
E02006139,137.83691572842034
E02006147,253.33333333333334
E02006179,36.59849300322927
E02006195,111.7696867061812
E02006209,17.19634305616021
E02006210,26.503996634413124
E02006249,52.89450484866294
E02006265,167.44966442953017
E02006304,138.23351482153657
E02006322,15.575079872204471
E02006325,31.928084314941103
E02006334,93.18766066838046
E02006385,149.39309056956117
E02006387,46.0348162475822
E02006397,178.64829961256993
E02006403,18.306636155606405
E02006417,88.33619210977702
E02006421,194.12941961307538
E02006426,6.619593998234775
E02006459,111.94029850746267
E02006476,264.7154471544716
E02006489,30.23046991918587
E02006496,40.553907022749755
E02006505,59.13272010512483
E02006519,79.15113277889304
E02006562,85.88186007540845
E02006575,18.69476546566961
E02006580,4.87656202377324
E02006583,21.00288789708585
E02006592,118.10699588477365
E02006593,147.54098360655738
E02006607,197.92016101979203
E02006612,236.03951890034364
E02006613,103.6988110964333
E02006627,155.401809473124
E02006634,35.09765072176621
E02006639,19.463285166617517
E02006640,43.18259095545733
E02006658,168.2479443390259
E02006673,36.96098562628337
E02006677,56.85723211496408
E02006683,57.85391079508726
E02006699,7.006617360840794
E02006706,60.41802743305029
E02006718,84.24908424908426
E02006723,151.99070037779717
E02006765,74.55489614243324
E02006776,0.7099751508697195
E02006786,56.94497883801462
E02006800,14.628297362110315
E02006802,487.61771886989885
E02006808,242.3735896364396
E02006810,15.322001436437633
E02006819,9.834050399508298
E02006833,259.55829969128473
E02006840,18.884692290602086
E02006843,841.2844036697247
E02006850,306.3763608087092
E02006859,0.0
E02006869,23.44398340248963
E02006871,9.693679720822026
E02006872,88.86015148716054
E02006879,48.67256637168141
E02006884,50.62823355506282
E02006890,44.186688760011045
E02006896,660.2192134107028
E02006912,958.8159588159588
E02006913,156.5597071534281
E02006914,307.95998260113095
E02006918,38.548024413748806
E02000001,281.41391106043335
E02000019,128.2392026578073
E02000020,380.3468208092485
E02000027,114.43994601889341
E02000029,76.85738684884716
E02000042,59.71499660710247
E02000043,15.5959896026736
E02000054,28.1182408074982
E02000057,85.3658536585366
E02000062,123.03775986423419
E02000063,87.49500599280863
E02000067,137.15083798882682
E02000078,2.30566534914361
E02000124,65.75911398246424
E02000127,6.802721088435375
E02000134,64.82569526047787
E02000139,68.3947532792005
E02000169,132.9027872195785
E02000176,15.332720024532353
E02007115,155.8974844117864
E02000207,30.62360801781737
E02000235,54.19450631031923
E02000334,16.247582205029012
E02000351,135.6508102456874
E02000384,238.022113022113
E02000397,29.028436018957347
E02000401,69.75754997873244
E02000413,70.62818336162988
E02000424,8.095854922279791
E02000427,18.027571580063622
E02000471,4.728132387706856
E02000473,76.28221817235097
E02000503,4.327666151468316
E02000513,14.22387136672851
E02000535,33.66058906030856
E02000556,95.8123218592414
E02000574,37.76041666666667
E02000588,29.161058770749214
E02000591,207.3000835887434
E02000605,35.84467308330568
E02000612,14.421501147164864
E02000625,89.56547443097844
E02000661,38.228735266008286
E02000674,7.6158940397351005
E02000683,23.16322837495476
E02000704,67.17512466999119
E02000714,10.6110501280644
E02000729,7.249660172179429
E02000754,14.57614115841964
E02000759,29.130342334679998
E02000791,92.7662424648359
E02000794,88.34586466165413
E02000799,36.39371381306865
E02000807,39.67611336032389
E02000836,18.738845925044615
E02000841,12.593703148425787
E02000854,61.05047748976808
E02000868,110.3896103896104
E02000922,9.625668449197862
E02000934,110.7514450867052
E02000992,73.86814932486098
E02000994,39.18635955728388
E02001007,8.871701546860784
E02001041,22.261798753339267
E02001048,7.584269662921349
E02001059,113.06935225452051
E02001066,62.83611661477498
E02001095,97.48603351955306
E02001096,39.8671096345515
E02001097,13.035921205098493
E02001136,15.271338969184619
E02006957,188.21407095610346
E02001197,2.6819923371647514
E02001202,53.03535690460308
E02001203,42.73146208630081
E02001254,2.818035426731079
E02001260,20.45529528208512
E02001261,143.43668501883513
E02001273,54.6911834040547
E02001306,28.437604550016726
E02001315,322.3090799759471
E02001344,77.54370237561632
E02001365,3.202759300320276
E02001374,74.29963459196102
E02001395,3.0627871362940278
E02001487,31.24276787780606
E02001546,163.99286987522282
E02001557,56.998738965952086
E02001573,26.871401151631474
E02001591,4.28527701254974
E02007002,88.54279389464907
E02001617,6.558810668998688
E02001625,0.9436929852154765
E02001626,23.039611964430073
E02001653,132.21541438245728
E02001670,8.676789587852495
E02001672,5.4864667154352595
E02001686,47.66414141414141
E02001689,3.879438973440764
E02001693,21.64830991264717
E02001697,5.906674542232723
E02001706,161.08071135430916
E02001710,65.51015749828807
E02001714,31.274032299410408
E02001715,37.98811544991511
E02001723,86.60194174757282
E02001726,44.804779176445486
E02001741,191.28845568077978
E02001766,70.10622154779969
E02001787,0.814000814000814
E02001791,14.009064688916357
E02001796,13.33032083145052
E02001810,45.147337118140044
E02001812,4.593477262287552
E02001818,196.60056657223794
E02001825,205.44554455445544
E02001834,1.6129032258064515
E02001843,4.423147806855879
E02001951,104.39406661069127
E02001984,130.58321479374112
E02001998,3.359932801343973
E02002032,21.728395061728392
E02002066,17.600574712643677
E02002134,68.62152357920193
E02002136,13.579049466537342
E02002143,4.444444444444445
E02002149,16.635426429240862
E02002169,28.887000849617674
E02002180,3.7509377344336086
E02002193,58.69872701555871
E02002196,33.56216628527842
E02002248,44.9685534591195
E02002262,22.770398481973434
E02002266,40.68857589984351
E02002269,26.059425231368724
E02002275,65.95636732623035
E02002304,33.310901749663515
E02002311,35.206258890469414
E02002316,63.81435823060189
E02002352,20.218228498074453
E02002356,186.820018650917
E02002358,148.14814814814812
E02002394,20.950594121325825
E02002407,62.08112874779542
E02002411,390.63392347230155
E02002479,34.93095044679123
E02002533,183.01189987689784
E02002543,184.74374255065555
E02002574,208.9752176825184
E02002586,50.73891625615764
E02002597,2.866823038832421
E02002601,164.82201615315586
E02002603,4.5422781271837875
E02002621,24.13793103448276
E02002622,12.810658467845247
E02002642,10.940272028385571
E02002647,3.830369357045144
E02002659,1.2861736334405145
E02002715,110.8499804151978
E02002716,14.150943396226413
E02002717,83.52601156069365
E02002721,96.3855421686747
E02002733,8.20842255531763
E02002751,65.24184476940383
E02002755,31.647746818025457
E02002756,39.36527311565455
E02002774,9.070294784580499
E02002792,177.95527156549522
E02002830,88.76950626758762
E02002834,458.36477987421387
E02002864,453.35450575625254
E02002879,33.28252032520325
E02002881,171.97452229299364
E02002882,35.14799154334038
E02002895,265.6297651723086
E02002906,15.618742490989188
E02002909,67.28172817281728
E02002916,80.01808318264015
E02002948,158.38383838383837
E02003014,65.14560192134493
E02003016,15.364498202026809
E02003018,22.565816966151274
E02003024,212.83689913864964
E02003054,57.07931801334321
E02003073,18.48359109769898
E02003105,32.49804228660925
E02003139,74.29245283018868
E02003140,30.71017274472169
E02003146,3.1232254400908577
E02003148,67.18464351005484
E02003151,110.17740429505133
E02003161,38.84041654939488
E02003182,13.38787653402752
E02003191,66.14583333333334
E02003208,125.17412935323385
E02003236,324.77856007267775
E02003242,49.10714285714285
E02003252,163.34374249339416
E02003259,11.801730920535011
E02003288,257.804632426989
E02003289,39.06249999999999
E02003296,15.311702515493984
E02003302,4.409603135717785
E02003318,19.35767707875055
E02003331,15.242242787152968
E02003357,171.60212604403947
E02003367,43.496621621621614
E02003386,60.89466089466091
E02003446,30.971993410214164
E02003453,100.54461667364896
E02003461,12.649572649572649
E02003466,20.65404475043029
E02003481,205.0
E02003486,188.56304985337246
E02003500,7.87143325680551
E02003559,9.135399673735726
E02003632,17.26214371738258
E02003642,182.8571428571429
E02003652,395.58298148749594
E02003655,153.53480841878036
E02003657,255.08087930319368
E02003666,261.93678547410894
E02003750,114.73272490221643
E02003759,70.83678541839271
E02003775,120.36363636363636
E02003814,165.822357311719
E02003834,30.509691313711414
E02003865,81.46639511201629
E02003891,148.6761710794297
E02003904,43.44360302909526
E02003969,22.77432712215321
E02003973,73.08809293320427
E02003976,56.77290836653386
E02003981,27.090301003344482
E02004003,55.32398635846912
E02004014,84.14043583535108
E02004020,98.97136502641091
E02004033,55.64263322884012
E02004048,159.30113052415211
E02004085,33.011272141706925
E02004115,65.86224233283056
E02004141,83.33333333333331
E02004143,13.811123553564762
E02004147,52.28365384615384
E02004159,335.3643056613353
E02004169,79.42617214835549
E02004185,220.71713147410358
E02004200,133.09636650868876
E02004218,98.70024370430545
E02004236,23.770491803278688
E02004249,223.57174988753934
E02004281,93.51385390428213
E02004325,62.60075228371843
E02004356,17.281488866733135
E02004371,41.569670768207516
E02004373,26.66300164925784
E02004378,14.8430066603235
E02004385,49.10844782227419
E02004391,75.77204711875198
E02004407,80.12139605462822
E02004449,31.062385800052205
E02004467,54.539516655780524
E02004473,8.419689119170984
E02004478,41.55027932960895
E02004504,2.692192641340114
E02004519,5.851755526657997
E02004524,34.35468895078923
E02004525,105.3750379593076
E02004533,45.348449483161055
E02004554,4.014720642355303
E02004630,59.88483685220729
E02004639,388.8182973316391
E02004660,65.94202898550725
E02007035,306.24327233584495
E02004672,80.74652447152923
E02004677,56.88954562246029
E02004684,305.8984910836763
E02004687,49.257515392973566
E02004712,19.50100372813307
E02004716,35.36345776031435
E02004756,295.2706907280647
E02004760,472.96837810268624
E02004767,12.906097018246548
E02004780,17.254901960784313
E02004784,11.358671909130626
E02004800,17.130019657399608
E02004804,17.62589928057554
E02004824,97.06703910614524
E02004830,84.73926380368097
E02004844,65.05240332490061
E02004855,82.51659816629781
E02004881,191.34132199458833
E02004883,153.81282495667244
E02004917,38.547904191616766
E02004927,35.243996901626645
E02004930,59.03527717782577
E02004933,29.540918163672654
E02004942,119.37922801432549
E02004955,19.309778142974526
E02004959,133.2141260616898
E02004964,7.346585998271392
E02004983,61.991476172026346
E02004989,70.47768206734534
E02005023,223.5592146928436
E02005028,716.7300380228136
E02005050,162.94702877117507
E02005080,128.25607064017657
E02005098,142.82064384261625
E02005109,69.13238852402351
E02005124,133.26110509209101
E02005134,102.95550503410198
E02005160,271.25890736342035
E02005172,65.98194833488951
E02005193,59.612093553907584
E02005209,265.9186535764376
E02005219,18.302387267904507
E02005224,39.29961089494163
E02005233,299.04997934737713
E02005237,122.04424103737605
E02005241,28.811524609843936
E02005273,170.51658966820662
E02005291,40.52936311000827
E02005327,193.45238095238096
E02005337,2.27215349659177
E02005341,165.6374863784962
E02005348,5.118110236220473
E02005364,12.392755004766446
E02005384,150.03779289493573
E02005412,80.96676737160121
E02005415,69.41031941031942
E02005416,157.48685303072241
E02005465,122.05506670451321
E02005488,146.31422189128818
E02005505,104.90693739424704
E02005520,222.8861667164625
E02005523,225.47728768926925
E02005537,144.11651973936375
E02005550,205.94193112761647
E02005570,61.08402638371093
E02005573,148.134601316752
E02005574,96.91337537338201
E02005580,113.37543053960962
E02005589,18.60367892976589
E02005594,38.46868611782197
E02005601,24.610930148389432
E02005614,894.3928448572411
E02005647,58.187599364069946
E02005694,55.246812683883626
E02005695,298.0295566502463
E02005701,32.913015601624274
E02007041,141.43687178925774
E02005765,315.3700189753321
E02005788,100.84328882642305
E02005803,44.460466234078346
E02005806,188.65345181134654
E02005814,121.62661737523106
E02005829,14.362657091561937
E02005830,23.467070401211203
E02005864,4.776119402985074
E02005875,136.77505866577275
E02005935,282.8315182575272
E02005981,4.796839729119639
E02005985,59.66885348328646
E02005997,109.54940057875156
E02005998,240.98430207891386
E02006001,464.2381163927144
E02006035,122.99255777516647
E02006038,154.2041576171269
E02006042,60.82357385719683
E02006064,19.518716577540108
E02006091,56.18241654913023
E02006137,38.11598148652327
E02006157,52.10271678451804
E02006160,91.41583054626533
E02006173,109.11650827173531
E02006176,63.25492689129053
E02006982,21.38398613281417
E02006197,229.6243798724309
E02006198,240.115718418515
E02006213,71.02672292545711
E02006220,12.314493211240922
E02006242,353.7373115964319
E02006252,74.72583524611069
E02006278,193.59464627151053
E02006296,48.101265822784804
E02006311,46.238244514106576
E02006326,260.1028655400441
E02006352,15.391380826737027
E02006358,200.64724919093848
E02006364,171.86024551463643
E02006369,35.58967201674808
E02006453,94.5904173106646
E02006456,22.999369880277253
E02006461,12.982195845697326
E02006530,525.4464285714286
E02006576,421.62329615861205
E02006585,0.6459948320413437
E02006590,57.32309380142621
E02006608,177.5501493811353
E02006615,85.50613496932516
E02006625,29.1350531107739
E02006650,135.8559379986323
E02006679,356.9214876033058
E02006690,122.5130890052356
E02006693,144.19171405361496
E02006701,270.24758707511535
E02006734,51.516886090440764
E02006778,85.00345542501728
E02006780,7.642338555598013
E02006782,32.35198964736331
E02006805,55.989990616202675
E02006815,133.72559507889812
E02006845,207.9355608591885
E02006857,43.04979253112033
E02006863,203.42992312241276
E02006866,314.82808022922643
E02006878,445.30091906314857
E02006885,117.49615187275526
E02006893,78.0755433635788
E02006895,357.3450770682605
E02006993,1421.242124212421
E02006931,65.1592511548748
E02000111,67.60466712422786
E02000122,52.83885789300951
E02000125,7.623007623007623
E02000145,49.46682464454976
E02000157,7.575757575757575
E02000175,77.8583119008651
E02000183,32.208193764493686
E02000221,100.87946197620278
E02000238,220.1950298836112
E02000239,60.19151846785226
E02000293,40.48582995951416
E02000299,6.3990692262943565
E02000307,5.938242280285036
E02000318,20.103563813585133
E02000323,213.696575856036
E02000324,45.60028500178126
E02000382,101.66489550123981
E02000383,83.48294434470377
E02000417,90.46283309957926
E02000426,54.82303955586399
E02000429,40.2245088868101
E02000491,407.1606994171524
E02000497,26.453488372093023
E02000514,9.526938239159001
E02000555,67.73707977922729
E02000565,9.418282548476455
E02000595,33.62690152121697
E02000599,45.18581081081081
E02000666,13.641133263378803
E02000667,13.102119460500964
E02000672,223.9954402963807
E02000725,147.0988831381095
E02006997,1693.3987997817783
E02000747,604.8959048272708
E02000757,28.778426242704768
E02000767,36.25954198473283
E02000774,16.757246376811594
E02000797,88.2981973724412
E02000800,9.726725335803613
E02000822,92.5925925925926
E02000829,71.06598984771574
E02000896,45.236828100053216
E02000911,274.6051032806804
E02000926,480.97128181181415
E02000927,36.2453531598513
E02000930,28.06937471474213
E02000937,26.517571884984026
E02000991,12.665862484921592
E02001036,44.503487213550315
E02001052,36.95255474452554
E02001055,60.06790284669626
E02001062,282.8539199097575
E02001145,28.108465608465607
E02001174,1.6934801016088061
E02001189,15.763274336283185
E02001210,60.920733817930085
E02001266,14.83679525222552
E02001268,10.094212651413189
E02001278,36.38031183124426
E02001313,86.24229979466119
E02001316,63.32794830371567
E02001323,95.64958283671037
E02001337,25.801081980857262
E02001345,26.498696785403997
E02001354,59.178743961352666
E02001364,159.9526066350711
E02001415,48.227986846912685
E02001431,46.99093157460841
E02001446,85.1138353765324
E02001456,5.224339274738783
E02001474,28.017241379310345
E02001484,62.945368171021386
E02001493,86.12825328682587
E02001497,12.285012285012286
E02001559,18.009478672985782
E02001595,15.096449538719597
E02001608,64.93967352732435
E02001613,15.922158337019015
E02001638,11.722272317403068
E02001654,35.61955286093217
E02001657,12.1580547112462
E02001734,100.52582740488711
E02001739,41.72876304023845
E02001762,339.13395386483205
E02001767,24.519940915805023
E02001769,92.62522023659702
E02001771,4.989308624376336
E02001777,204.3493268898861
E02001784,35.690235690235696
E02001792,50.19685039370079
E02001845,60.19417475728155
E02001856,11.011301072153
E02001886,104.6115753636645
E02001927,14.35257410296412
E02001929,2.439024390243902
E02001930,16.546987199500467
E02001933,29.49663353638987
E02001975,5.379959650302623
E02001983,6.731946144430845
E02001996,68.6695278969957
E02002000,65.8794282162834
E02002010,116.24066458946044
E02002024,57.94991263832265
E02002029,23.905996758508916
E02002043,11.058451816745656
E02002047,19.3756727664155
E02002052,18.128368446839787
E02002056,58.607021517553804
E02002070,21.795239460854603
E02002071,23.754789272030653
E02002108,58.96043444530643
E02002117,37.2856077554064
E02002139,160.3247497030375
E02002132,21.88354826103947
E02002150,16.37892872952634
E02002158,78.26592958975851
E02002175,53.429851775249915
E02002208,81.2982998454405
E02002211,12.5968992248062
E02002220,6.2475595470519325
E02002230,20.108043217286916
E02002236,6.417970316887285
E02002251,113.98294132850866
E02002264,29.372937293729372
E02002280,187.77484608619176
E02002288,79.87470634299137
E02002301,23.247622402254315
E02002314,8.384146341463413
E02002326,36.26943005181347
E02002331,204.92721164613664
E02002343,23.563455973542784
E02002350,7.803355442840421
E02002357,44.35146443514644
E02002386,82.7926291201661
E02002401,69.26406926406926
E02002416,102.00429491768074
E02002417,198.75320865419874
E02002423,14.90733279613215
E02002443,67.14832129196769
E02002444,315.3933007150922
E02002449,340.24767801857587
E02002450,188.52745715285064
E02002469,125.87701196863391
E02002482,89.58485069191552
E02002490,18.900945047252364
E02002499,65.89018302828619
E02002513,170.7635983263598
E02002529,83.96946564885496
E02002560,41.81600955794504
E02002564,67.68189509306261
E02002595,5.280140803754767
E02002612,20.70341731105014
E02002632,39.274924471299094
E02002643,5.360333531864205
E02002649,3.265306122448979
E02002654,93.82004482869036
E02002662,140.98360655737702
E02002663,34.188034188034194
E02002678,105.40459838757837
E02002691,80.6312769010043
E02002697,47.02970297029703
E02002757,9.531374106433677
E02002762,18.7565126780132
E02002767,28.311425682507586
E02002814,29.941949282004277
E02002823,7.416563658838072
E02002832,118.08776311095255
E02002846,8.91677675033025
E02002851,11.184900384480951
E02002853,36.485480268056584
E02002876,9.795447997695188
E02002889,111.46496815286625
E02002910,48.245614035087726
E02002918,13.625103220478943
E02002924,45.083560046638176
E02002936,316.00504095778206
E02002950,47.85112981834294
E02002956,6.744487678339818
E02002967,2.1367521367521367
E02002993,47.63690922730682
E02003003,17.766497461928935
E02003020,9.584664536741215
E02003031,30.614744060739653
E02003059,110.36225779275486
E02003098,2.171290711700845
E02003101,18.885521100489626
E02003136,19.47656725502131
E02003179,14.822848879248014
E02003202,13.47809809060277
E02003206,82.41353936718176
E02003222,2.376237623762376
E02003240,138.30645161290323
E02003268,26.95726985947806
E02003297,27.288428324697755
E02003325,37.999350438454044
E02003355,85.30280649926145
E02003373,32.63795423956932
E02003374,139.2459297343616
E02003375,97.1311475409836
E02003385,622.7728285077951
E02003395,175.34317534317535
E02003410,21.59568086382723
E02003421,13.50093109869646
E02003432,53.62462760675274
E02003442,231.5217391304348
E02003454,205.91133004926107
E02003462,53.81574946792338
E02003471,19.661816751867875
E02003503,7.456266131344996
E02003521,5.198915009041592
E02003534,23.637936004612282
E02003541,65.42863312459512
E02003543,24.835854981444477
E02003548,7.676203768318214
E02003551,23.49290780141844
E02003578,35.592578568723965
E02003580,25.601834161253343
E02003614,147.35099337748343
E02003707,99.79550102249489
E02003725,147.98339264531432
E02003736,141.8986083499006
E02003742,59.45945945945945
E02003753,39.11870503597122
E02003776,104.96613995485328
E02003778,196.0698689956332
E02007085,114.60477344067807
E02003780,101.63856566136309
E02003781,150.7996953541508
E02003816,237.46867167919797
E02003817,184.02662229617303
E02003836,42.995027785902295
E02003852,0.0
E02003944,168.44455470106672
E02003952,543.9887837364178
E02003984,47.34073641145529
E02004039,9.668912979783183
E02004093,56.706652126499456
E02004098,32.84784629687016
E02004123,107.95454545454544
E02004145,56.62983425414365
E02004173,61.94387405886379
E02004221,134.44163353812795
E02004273,91.07249850209706
E02004299,13.304949441192123
E02004300,28.07218562016614
E02004304,19.250513347022586
E02004308,76.3307666555072
E02004336,4.901960784313726
E02007022,156.8804418276836
E02004409,15.075376884422113
E02004417,170.23809523809524
E02004418,73.55516637478108
E02004426,46.58952496954934
E02004437,168.85291655037682
E02004438,97.81420765027322
E02004439,65.09216589861751
E02004460,177.81975175391256
E02004463,144.9142156862745
E02004481,17.219787100814024
E02004502,72.73378717305624
E02004531,78.48291400675929
E02004547,86.37577916295635
E02004569,211.93744015320777
E02004574,92.74064598656858
E02004599,80.07246376811594
E02004611,99.86916703009157
E02004651,486.92089505200124
E02004654,59.39547664341576
E02004673,544.4491705657167
E02004674,485.42354235423545
E02004697,186.6846603688709
E02004719,263.76665828513956
E02004725,73.81150959132611
E02004736,42.08357857563272
E02004758,219.03225806451613
E02004771,44.46285556476112
E02004774,126.58812658812658
E02004781,41.416566626650656
E02004791,5.906406179009542
E02004793,48.6854917234664
E02004856,88.11748998664888
E02004864,32.608695652173914
E02004865,43.89233954451346
E02004874,17.348203221809168
E02004901,201.4347202295552
E02004908,118.26609872212478
E02004926,102.1194605009634
E02004943,104.22077922077924
E02004972,19.54397394136808
E02004975,14.295439074200134
E02004976,260.3850050658561
E02004997,104.39734261309711
E02007047,240.65420560747663
E02005044,60.35983749274522
E02005053,31.47128245476003
E02005060,204.5849253212921
E02005083,220.44159544159547
E02005106,156.87361419068736
E02005117,110.35313001605137
E02005143,9.565217391304348
E02005149,244.54043676505881
E02005206,155.895865237366
E02005211,55.98086124401913
E02005221,37.45147293902717
E02005235,26.60332541567696
E02005240,54.09974640743872
E02005246,104.1926110419261
E02005262,384.78747203579417
E02005269,86.10648918469218
E02005270,50.27173913043479
E02005277,17.325392528424473
E02005303,134.0244353942984
E02005322,74.92077863286553
E02005329,113.55498721227622
E02005366,204.9092849519744
E02005378,14.658726523133303
E02005389,22.145857197403586
E02005396,92.50627465041232
E02005408,125.56929082628497
E02005447,41.53653966271081
E02005451,50.57000876936567
E02005466,79.28862541682105
E02005469,149.39915556999026
E02005473,108.04353597026811
E02005485,438.9569340181747
E02005490,29.90608007909046
E02005511,258.5244885306882
E02005522,60.55209260908281
E02005525,31.699585466959277
E02005569,91.35650569055674
E02007053,138.92782060266293
E02005599,224.57120063821304
E02005611,99.8911860718172
E02005626,46.81784930504755
E02005639,217.67955441708784
E02005671,29.013539651837522
E02005676,61.532021766429466
E02005684,101.7819389912413
E02005719,126.97963800904978
E02005742,73.6270368135184
E02005752,143.00202839756594
E02005774,66.4131812420786
E02005783,46.62251655629139
E02005798,23.671751709626513
E02005822,77.75541016607953
E02005823,48.848786558805216
E02005858,13.93841166936791
E02005881,90.53156146179403
E02005884,20.731247644176406
E02005896,98.5424588086185
E02005903,86.91610504299324
E02005912,112.48966087675765
E02005914,170.08196721311475
E02005943,112.51553156300206
E02005948,110.29411764705884
E02005986,181.58032443746728
E02006019,79.2079207920792
E02006063,90.97525473071325
E02006075,40.97189137684611
E02006089,121.12963593058865
E02006096,171.63917163917162
E02006099,133.40643274853804
E02006104,375.30637254901956
E02006122,266.99542092286015
E02006149,88.01742919389976
E02006163,18.28890266584005
E02006186,85.48548548548548
E02006187,69.61613532856214
E02006192,185.0649350649351
E02006194,116.38733705772812
E02006227,113.58655953250548
E02006235,78.99408284023669
E02006256,110.71428571428572
E02006258,53.221288515406165
E02006269,193.88118107435076
E02006271,287.7846790890269
E02006273,81.26159554730981
E02006286,64.90006737031216
E02006299,62.3342175066313
E02006315,82.03677510608205
E02006373,34.22178348140836
E02006375,78.95842083158337
E02006388,48.1283422459893
E02006391,237.58561643835614
E02006392,124.05910231391135
E02006394,190.2190219021902
E02006420,143.4720229555237
E02006439,142.1686746987952
E02006503,307.34360834088847
E02006524,1.638001638001638
E02006526,87.87878787878788
E02006536,17.391304347826086
E02006554,11.78343949044586
E02006557,65.77086280056577
E02006564,88.78504672897195
E02006602,192.0575145498117
E02006618,101.80900294488853
E02006620,117.79324055666004
E02006628,16.3769211388259
E02006641,142.85714285714286
E02006653,34.84582602155929
E02006655,249.7225305216426
E02006665,68.06637317981713
E02006671,115.37083482622717
E02006672,493.7683284457478
E02006715,52.38784370477568
E02006762,347.233691164327
E02006763,325.3150057273769
E02006775,287.43961352657004
E02006793,66.44815256257448
E02006794,113.01958090003434
E02006795,4.547176960970065
E02006798,235.82554517133954
E02006809,23.35387609471294
E02006828,84.12931667891256
E02006889,47.09784411276948
E02006920,117.59112519809825
E02006926,10.207673354452659
E02006932,543.267728834739
E02000014,7.9297649391107345
E02000037,259.05210479835154
E02000064,167.75510204081633
E02000065,2.1994134897360706
E02000075,1.8915510718789408
E02000107,39.68833698563428
E02000108,142.05868653935727
E02000113,16.938898971566847
E02000137,29.694803409403356
E02000156,22.07737594617326
E02000179,10.801393728222997
E02000196,79.91358975784482
E02000213,319.2307692307693
E02006988,790.798432019806
E02000226,35.407725321888414
E02000229,23.62204724409449
E02000247,59.38748335552596
E02000249,59.87586710478277
E02000260,88.33063209076175
E02000291,49.77488744372186
E02000302,19.852705731668266
E02000335,1.5168752370117558
E02000344,27.463651050080774
E02000350,46.60194174757282
E02000370,188.42887473460723
E02000381,24.839519955344684
E02000395,44.50165502022803
E02000467,82.70124785906532
E02000572,41.260744985673355
E02000584,43.345232024477305
E02000589,9.045680687471732
E02000629,95.39390888497357
E02000631,12.087026591458502
E02000645,43.92764857881137
E02000670,20.74235807860262
E02000712,40.56490384615385
E02000796,27.56508422664625
E02000802,66.90140845070422
E02000828,136.79245283018867
E02000839,15.971606033717835
E02000858,53.201656578528194
E02000905,44.73304473304473
E02000915,6.354009077155824
E02000931,24.34881087202718
E02000942,26.884554559831315
E02000960,23.895253682487727
E02000969,56.73568163484808
E02000987,34.367396593673966
E02000993,123.12599681020733
E02000997,123.1028667790894
E02000998,42.69293924466338
E02001011,55.515151515151516
E02001015,33.227006911217444
E02001022,30.968129885748645
E02001037,4.641909814323608
E02001043,81.92457737321197
E02001094,60.446780551905384
E02001109,24.00960384153661
E02001134,60.78203639179249
E02001161,2.238805970149254
E02001195,23.37905236907731
E02001211,92.83050145047659
E02001213,86.44450012528188
E02001242,222.8813559322034
E02001255,264.97005988023955
E02001287,306.3334769495907
E02001289,52.259887005649716
E02001308,25.449101796407188
E02001319,169.67394745172524
E02001370,105.2965429749445
E02001387,14.231499051233396
E02001392,105.24256651017214
E02001406,24.963715529753266
E02001409,48.554913294797686
E02001420,157.54369825206993
E02001433,5.414012738853504
E02001467,35.637727759914256
E02001470,4.340277777777778
E02001475,35.64998199495858
E02001477,86.46844660194175
E02001480,32.7720986169573
E02001494,22.073578595317727
E02001527,41.197046249514194
E02001529,44.73684210526316
E02001538,26.569343065693428
E02001580,56.778049443086125
E02001586,7.515030060120241
E02001627,16.499282639885223
E02001648,41.17009750812567
E02001678,50.64456721915286
E02001695,0.0
E02001722,42.43146603098927
E02007100,88.9348500517063
E02001761,53.92156862745099
E02001786,8.181246066708622
E02001793,40.29304029304029
E02001814,1.8102824040550325
E02001821,75.8255197717081
E02001838,46.07397793640494
E02001862,13.185495954450106
E02001898,0.0
E02001923,44.97041420118344
E02001944,16.41747288185283
E02002022,81.62668227033352
E02002055,168.513782324524
E02002060,96.66525960320811
E02002069,55.19369214946863
E02002088,44.70359572400388
E02002102,46.34427173287277
E02002113,18.263138278046963
E02002141,2.625656414103526
E02002159,18.961625282167045
E02002178,19.103600293901543
E02002195,21.691973969631235
E02002198,37.440254912373874
E02002256,13.474494706448507
E02002295,24.398508980006774
E02002300,265.43841692255205
E02002328,56.76410605030591
E02002403,37.21990125332321
E02002404,117.55415162454874
E02002438,93.7977390772991
E02002492,76.60738714090286
E02002497,12.078152753108348
E02002508,122.28517469310671
E02002517,128.66722548197822
E02002547,0.3616636528028933
E02007060,306.6586442037706
E02002592,15.64333202972233
E02002593,31.685678073510772
E02002599,67.81302978929523
E02002624,146.7423789599522
E02002627,24.293175069588816
E02002641,1.96078431372549
E02002658,66.17647058823529
E02002660,1.585288522511097
E02002685,18.454132120887937
E02002730,10.615048392132378
E02002763,210.80910240202277
E02002776,42.24860335195531
E02002786,24.024024024024023
E02002804,138.76040703052732
E02002815,4.761904761904762
E02002837,58.30792682926829
E02002839,43.97114393679148
E02002843,21.077283372365343
E02002852,18.962848297213622
E02002858,15.368852459016393
E02002888,111.94516971279374
E02002933,39.917208752217626
E02002937,204.39560439560438
E02002987,123.49397590361446
E02003009,74.54175152749492
E02003032,90.49626986701264
E02003057,46.425636811832376
E02003070,76.08255766895994
E02003081,6.786233640329616
E02003094,101.23531184091594
E02003116,33.39460784313726
E02003122,81.6039395005276
E02003145,5.575598556903903
E02003167,40.91726618705036
E02003196,27.162258756254474
E02003197,30.615877536489855
E02003244,28.222523744911804
E02003266,25.152017689331124
E02003274,36.764705882352935
E02003281,22.04648933620896
E02003286,18.229166666666668
E02003308,158.56150388230486
E02003335,26.848105921294596
E02003341,174.1293532338308
E02003368,30.21523178807947
E02003381,43.13380281690141
E02003384,63.00734441437959
E02003392,33.17795448313682
E02003393,17.890772128060263
E02003406,66.55052264808361
E02003430,92.37255653507093
E02003437,60.29106029106029
E02003441,10.494245091401492
E02003450,283.64241559676645
E02003473,2.1413276231263385
E02007014,645.2011291460832
E02003478,5.961251862891208
E02003531,2.715751357875679
E02003545,10.68917018284107
E02003558,57.45554035567715
E02003584,20.323912353127977
E02003605,306.26223091976516
E02007010,748.0651187616759
E02003650,44.955387783115995
E02003665,86.9171570846537
E02003704,28.32618025751073
E02003712,45.9026494146642
E02003715,23.80023410066329
E02007087,1049.2511520737326
E02003831,229.78142076502732
E02003838,332.1273516642547
E02003866,92.83930058284764
E02003883,247.58124534854875
E02003894,99.45386605346363
E02003910,165.2231845436376
E02003920,151.63271904300032
E02003936,94.31751611013475
E02003938,200.00000000000003
E02003949,59.90783410138249
E02003950,94.68917249897078
E02003986,97.93018226753168
E02003999,337.3583045835387
E02004010,127.90697674418607
E02004022,34.89771359807461
E02004044,271.3424309742939
E02004046,36.88823959094229
E02004060,27.899686520376175
E02004063,9.028727770177838
E02004088,14.08450704225352
E02004091,67.3495518565941
E02004094,13.360053440213761
E02004097,7.211538461538462
E02004150,3.880070546737213
E02004161,91.75973437971628
E02004180,149.58205015398153
E02004206,54.104477611940304
E02004217,35.18628030751035
E02004227,146.65942422596416
E02004246,123.68421052631581
E02004250,48.47296161389745
E02004252,212.44886031560492
E02004267,49.53145917001339
E02004269,110.13529551388561
E02004368,23.055640946818322
E02004370,41.265901334160716
E02004399,40.87346024636059
E02004413,121.8816821097648
E02004420,343.05279434504087
E02004431,54.0115364446775
E02004503,10.13202333435677
E02004528,71.25231338679828
E02004543,79.13669064748203
E02004585,125.60386473429952
E02004637,79.69735182849936
E02004659,144.6969696969697
E02004663,42.44782454899187
E02004664,131.31660364386389
E02004685,234.20413122721752
E02004690,59.767222396980195
E02004703,194.97005988023955
E02004718,95.10010537407798
E02004735,6.550218340611353
E02004737,60.09762050030506
E02004740,6.093649775497114
E02004751,94.7464318250835
E02004785,34.2691990090834
E02004821,34.70615455807498
E02004852,115.13994910941474
E02004876,101.74504584442474
E02004919,71.59127888057273
E02004920,93.56223175965665
E02004953,12.160518848804216
E02004971,173.39581831290553
E02004980,71.219103477168
E02005019,157.56302521008405
E02005029,730.4153195722457
E02005082,379.05759162303667
E02005129,93.34150326797386
E02005137,6.5522620904836195
E02005145,225.91587516960652
E02005201,89.46078431372547
E02005216,37.76041666666667
E02005222,57.30994152046784
E02005223,40.771175726927936
E02005228,1.2386457473162675
E02005239,116.29716063788408
E02005253,492.80418665503703
E02005258,7.274931797514398
E02005279,6.333567909922588
E02005287,24.559777571825766
E02005310,113.30698287220025
E02005336,14.812263176024802
E02005347,66.39605682806611
E02005352,64.43618339529121
E02005356,168.1169509223808
E02005374,68.15159574468086
E02005382,83.37129840546697
E02005414,54.853620955315854
E02005418,101.96649672250545
E02005436,60.50955414012739
E02005458,99.85528219971057
E02005482,20.283479960899317
E02005549,24.537236332328888
E02005581,31.340872374798053
E02005592,15.625
E02005598,401.8489984591679
E02005606,86.71268334771354
E02005620,108.5972850678733
E02005654,41.82156133828996
E02005659,95.68313306631066
E02005663,7.666098807495742
E02005670,76.67652859960552
E02005681,80.94948265368228
E02005688,118.15812337098176
E02005713,18.27485380116959
E02005754,74.13249211356467
E02005758,278.88563049853377
E02005777,22.455526392534267
E02005787,74.46236559139786
E02005789,173.52492924014803
E02005808,131.2108943687891
E02005813,186.10937824911628
E02005862,13.706793802145409
E02005866,56.287115930803
E02005873,8.426966292134832
E02005889,20.88061733999092
E02005890,16.845878136200714
E02005891,11.976047904191617
E02005930,275.0560358629523
E02005931,403.90977443609023
E02005972,496.2616822429907
E02005984,445.59032716927453
E02006080,109.1127098321343
E02006084,85.62401263823065
E02006109,53.949329359165425
E02006124,68.51604278074866
E02006127,0.0
E02006131,69.16243654822335
E02006142,37.539574853007686
E02006143,516.3204747774481
E02006156,34.14313854235062
E02006200,23.406655386350817
E02006216,33.61344537815126
E02006239,36.17021276595745
E02006247,33.88933015620863
E02006248,19.720873786407765
E02006260,4.1806020066889635
E02006284,104.53400503778336
E02006294,44.831223628691994
E02006317,15.942606616181745
E02006327,57.851239669421474
E02006328,63.46826586706647
E02006337,5.1468362095065086
E02006343,77.49305341154678
E02006349,17.06374758531874
E02006366,39.84575835475578
E02006382,67.987567987568
E02006400,97.30412805391744
E02006401,175.59373420919653
E02006412,137.40727658071353
E02006413,52.48397435897436
E02006447,89.13764510779437
E02006487,24.45561139028476
E02006515,323.6932873441231
E02006516,177.54010695187165
E02006527,82.62454434993926
E02006532,361.0259269584611
E02006630,71.3256484149856
E02006664,45.84420424897503
E02006667,335.9904344360303
E02006676,62.452972159518445
E02006695,39.46415640839971
E02006713,89.55223880597015
E02006721,140.35818408996252
E02006722,22.92387543252595
E02006740,67.24817107484526
E02006756,441.24700239808146
E02006796,120.44564890093346
E02006811,268.65291571173924
E02006817,100.87424344317415
E02006829,167.02741702741704
E02006864,152.33561440047603
E02006865,207.90090391697356
E02006898,474.63660634826465
E02000005,111.84417216462457
E02000011,48.30169329037868
E02000069,157.91583166332663
E02000072,271.49512918254976
E02000084,10.216203373722974
E02000089,30.355294929285964
E02000103,154.64261857047424
E02000120,34.36988543371522
E02000130,57.15935334872979
E02000140,31.20266585883066
E02000141,22.258592471358426
E02000147,5.969211435752435
E02000168,43.56435643564357
E02000170,29.579375848032562
E02000178,74.06542056074765
E02000194,92.94949987801903
E02000199,14.817150063051702
E02000216,44.253632760898284
E02000218,14.774166314900802
E02000252,315.0390099542642
E02000283,20.049243756595143
E02000294,23.595879029577933
E02000305,57.45475438092501
E02006994,514.5631067961165
E02000332,15.889114266396215
E02000341,0.3306878306878307
E02000363,143.57110404361657
E02000456,17.914012738853504
E02000460,143.9013248058474
E02000482,23.9591516103692
E02000483,29.798422436459248
E02000489,54.199683042789225
E02000530,44.511668107173726
E02000541,96.6268446943078
E02000547,98.39300817592331
E02000559,49.45904173106646
E02000561,20.802812774685027
E02000598,22.325891369543484
E02000606,222.57011241685422
E02000644,31.416549789621318
E02000648,15.47029702970297
E02000655,167.5579322638146
E02000675,33.63556595495759
E02000700,66.82506682506683
E02000702,161.26855600539812
E02000719,22.812393598910454
E02000724,2.0542317173377156
E02000728,0.0
E02000733,38.961038961038966
E02000741,18.43151427538851
E02000795,31.64315669081205
E02000840,74.23580786026201
E02000852,23.91581632653061
E02000853,20.859671302149177
E02000870,12.5
E02000874,99.43865276663993
E02000877,473.2472324723247
E02000883,316.3194444444444
E02000887,295.73459715639814
E02000893,190.93406593406593
E02000900,38.51306095110516
E02000901,87.25021108922039
E02000909,43.654235328129516
E02000939,10.291595197255573
E02000940,233.8294218660561
E02000951,26.476578411405296
E02000959,12.75167785234899
E02000970,108.94542470250309
E02001017,17.585245550075058
E02001019,52.23505775991965
E02001025,13.436846819946254
E02001038,17.06484641638225
E02001039,28.173104850421147
E02001074,13.026285182600606
E02001077,20.211742059672762
E02001086,15.937605968124789
E02001088,41.26984126984127
E02001106,63.343328335832084
E02001119,0.352112676056338
E02001124,122.4571200638213
E02001128,7.642922653622745
E02001130,24.6031746031746
E02001144,73.27905255366396
E02001148,55.43810194972985
E02001155,50.39324206233615
E02001156,3.8731541999515855
E02001200,257.9802669762043
E02001209,36.664695446481375
E02001225,24.431625381744148
E02001231,2.1082220660576247
E02001249,51.22732123799359
E02001259,387.31379144642
E02001275,97.62979683972912
E02001276,6.6686874810548655
E02001288,232.90261582098958
E02001339,25.261638397690366
E02001346,29.17341977309562
E02001349,0.5844535359438925
E02001352,89.95403808273144
E02001385,85.92674194436793
E02001394,48.01864801864802
E02001401,45.06627393225331
E02001411,10.714285714285715
E02001418,216.72698029754727
E02001436,211.35469364811692
E02001440,8.076923076923077
E02001451,28.593213877239798
E02001453,46.5980560320183
E02001464,14.184397163120567
E02001516,110.00794281175537
E02001541,55.78342904019688
E02001552,58.7115201523326
E02001566,211.11111111111114
E02001588,9.927200529450694
E02001606,68.9655172413793
E02001614,14.382402707275805
E02001619,97.59759759759761
E02001639,7.196833393306946
E02001666,9.287925696594426
E02001682,118.3328475663072
E02001691,90.81527347781217
E02001712,4.508780256288562
E02001718,251.33910177173465
E02001785,41.63150492264416
E02001795,50.88062622309198
E02001799,20.569620253164558
E02001823,264.3603133159269
E02001829,49.33255948926291
E02001832,9.892347977887693
E02001837,9.028794533918985
E02001840,73.34076965978807
E02001859,23.512123438648057
E02001889,0.0
E02001890,47.19101123595505
E02001905,57.796741660201704
E02001918,37.98088703749081
E02001946,9.082367679298464
E02001956,52.906110283159464
E02001957,12.79317697228145
E02001966,50.718132854578094
E02001972,166.02634467618003
E02001978,8.274231678486998
E02001993,221.65474974463737
E02002001,27.899561578318057
E02002006,18.754423213021937
E02002011,82.21408221408223
E02002013,14.013654329859863
E02002039,16.39344262295082
E02002046,25.603151157065483
E02002118,19.874130506790326
E02002146,7.975188303057156
E02002154,393.39207048458155
E02002187,94.54545454545455
E02002190,21.316911416390337
E02002200,14.88095238095238
E02002229,43.14720812182742
E02002235,11.894995898277276
E02002237,27.010435850214854
E02002252,84.04669260700386
E02002285,24.13587604290822
E02002286,29.510961214165263
E02002292,10.037641154328734
E02002298,15.635858234885337
E02002321,66.56286492798755
E02002329,70.73509015256589
E02002330,101.25673249551167
E02002377,9.640666082383873
E02002383,14.57975986277873
E02002396,37.938252223966515
E02002400,62.89480911837407
E02002429,40.59040590405904
E02002445,195.6166175989532
E02002453,70.24694317909375
E02002466,44.366899302093714
E02002468,33.45864661654136
E02002471,122.24938875305622
E02002473,98.45701689933871
E02002475,74.62106490478041
E02002481,183.7574850299401
E02002493,111.93476649369903
E02002500,13.681060282171869
E02002526,66.47851991219818
E02002546,0.6445375443119562
E02002551,60.60606060606061
E02002617,29.610194902548727
E02002623,99.80258828690503
E02002634,33.415841584158414
E02002640,81.87804179788148
E02002667,42.792109256449166
E02002669,26.22330359556637
E02002670,9.490238611713666
E02002694,302.3010344099641
E02002701,82.46527777777777
E02002703,241.05924105924106
E02002766,30.49421661409043
E02002807,4.816697886004817
E02002813,129.09138517936628
E02002816,6.810778797749482
E02002822,13.100436681222709
E02002826,103.55253212396069
E02002833,10.732081257186662
E02002862,1.973498731322244
E02002941,127.73812453851833
E02002983,0.4407227853680035
E02002995,27.716673999120104
E02003033,35.98117907556047
E02003060,21.56392942714006
E02003066,17.604286261002677
E02003075,71.67832167832168
E02003090,444.32548179871515
E02003097,110.40656471465871
E02003107,60.478511298183435
E02003131,13.153773880363296
E02003134,357.2212065813529
E02003149,28.13852813852814
E02003154,5.924950625411455
E02003174,22.375215146299485
E02003178,29.2654375182909
E02003189,54.63786531130878
E02003194,30.32786885245902
E02003218,4.622496147919877
E02003225,96.78683385579936
E02003241,151.14920140241523
E02003258,6.354708261120739
E02003264,8.05951642901426
E02003273,289.52230139878594
E02003316,232.1198037696876
E02003321,21.76541717049577
E02003348,26.760114686205796
E02003364,198.0868872060582
E02003388,83.4049871023216
E02003427,111.89551711966114
E02003444,37.23239218119764
E02003452,530.4777594728171
E02003491,4.857512953367875
E02003501,31.478968792401634
E02003525,56.93371289141927
E02003540,125.91587516960652
E02003550,30.4726368159204
E02003563,91.8748205569911
E02003568,29.84293193717277
E02007074,304.19722901385495
E02003594,51.662404092071604
E02003603,168.179646440516
E02003611,346.5553235908142
E02003651,179.01716068642747
E02003675,52.67883867105656
E02003709,50.53995680345572
E02003719,63.0423685553854
E02003734,92.50561568307128
E02003754,30.659386812263755
E02003756,197.2737599394169
E02003763,18.41846758349705
E02003785,68.01776790671849
E02003789,33.42245989304813
E02003795,107.64360018091361
E02003800,144.83288513253933
E02003819,235.03937007874018
E02003859,83.73255571755884
E02003870,65.36719826737546
E02003918,139.10407544627822
E02003970,153.7348002316155
E02004030,83.52941176470587
E02004032,69.7227559703541
E02004041,87.81484002722944
E02004090,16.46542261251372
E02007027,1610.320284697509
E02004142,103.41726618705036
E02004146,51.59382188629641
E02004158,34.3684051854085
E02004196,121.50433944069432
E02004210,24.17380660954712
E02004234,14.828897338403042
E02004238,111.6186126177562
E02004239,81.46174343357441
E02004291,137.65570105397637
E02004306,47.74337933606863
E02004326,120.53077773682271
E02004343,44.943820224719104
E02004349,40.43126684636119
E02004365,53.2033426183844
E02004366,143.69345396487495
E02004375,24.666498867354644
E02004380,160.98539100544255
E02004382,81.6179126038281
E02004390,57.875035991937814
E02004405,85.39709649871905
E02004416,76.06679035250463
E02004448,222.8422619047619
E02004451,197.67111616018178
E02004453,76.45671943415292
E02004475,25.31645569620253
E02004479,43.7308868501529
E02004482,6.990784874483635
E02004493,32.31171299596104
E02004496,139.526791927627
E02004535,152.82791817087846
E02004537,37.844940867279895
E02004539,7.214554579673777
E02004550,81.05673971780246
E02004552,4.730713245997089
E02004572,120.21490933512425
E02004580,96.2962962962963
E02004595,210.99554234769684
E02004596,248.3947279486313
E02004612,13.477737665463298
E02004624,192.12218649517683
E02004649,57.96586059743955
E02004691,49.195544554455445
E02004708,117.91730474732006
E02004720,103.83319292333614
E02004722,29.373789541639766
E02004724,211.25
E02004728,132.20046082949307
E02004747,16.129032258064516
E02004770,39.23611111111111
E02004775,238.0952380952381
E02004777,44.47852760736196
E02004794,52.74336283185842
E02004820,43.417366946778714
E02004823,33.560566334556896
E02004841,295.99291565198143
E02004849,148.83346741753823
E02004871,11.627906976744185
E02004884,93.07819513347506
E02004886,173.32123411978225
E02004897,8.500772797527048
E02004902,32.77655215884021
E02007090,50.39439088518843
E02004952,42.68745360059392
E02004992,89.80322003577817
E02005001,158.88111888111888
E02005021,31.87855787476281
E02005040,105.11701705672354
E02005043,48.61318222487324
E02005054,20.166898470097358
E02005059,14.925373134328359
E02005061,47.17320849837955
E02005074,16.486810551558754
E02005085,277.3010920436817
E02005132,38.015023901661735
E02005146,53.35463258785942
E02005168,86.53535679690022
E02005179,51.77442877977637
E02005190,28.055342044581092
E02005220,13.376717281272596
E02005229,44.38543247344462
E02005238,1.220008133387556
E02005284,40.74844074844076
E02005299,125.81274382314695
E02005357,283.9262187088274
E02005401,195.30916844349682
E02005422,155.31335149863762
E02005460,39.7989107666527
E02005492,73.76444553725105
E02005503,91.16022099447514
E02005540,19.57467375543741
E02005554,20.32019704433498
E02005561,148.95971668880037
E02005596,28.22395594309316
E02005609,100.44359949302915
E02005621,151.5782171349289
E02005669,67.52554420257663
E02005672,68.04374240583232
E02005682,172.8395061728395
E02005683,101.30468150422104
E02005690,74.48159119763012
E02005711,2.4456521739130435
E02005740,26.298909557408596
E02005749,63.46153846153847
E02005766,63.13799621928166
E02005779,48.19616685456596
E02005807,128.02381838481577
E02005809,55.27638190954773
E02005818,102.63396911898275
E02005832,46.10808130887456
E02005836,75.34786033079548
E02005900,78.20136852394917
E02005905,51.6260162601626
E02005909,17.033137194177765
E02005955,131.35162601626016
E02005959,82.20415537488707
E02005976,143.54697102721687
E02006020,89.59537572254335
E02006048,70.37582903463523
E02006051,241.04549854791867
E02006052,43.300909946658294
E02006059,81.1821922933034
E02006068,68.24062095730919
E02006069,84.55467869222097
E02006105,149.35897435897436
E02006144,58.580858085808586
E02006158,9.596387242449902
E02006178,8.130081300813007
E02006225,10.952538997676735
E02006229,122.52042007001167
E02006245,71.47296457426972
E02006303,37.9191476026324
E02006318,124.76722532588454
E02006344,112.42783348526282
E02006351,12.925969447708578
E02006362,30.631303698169596
E02006365,77.31755424063117
E02006386,71.42857142857143
E02006402,23.520289480485914
E02006427,238.1300219138057
E02006445,244.07345575959934
E02006458,26.300743281875352
E02006511,246.13368283093052
E02006518,148.0782834237208
E02006520,32.80481137233461
E02006545,375.65066512434936
E02006561,14.795144157814871
E02006569,184.23522051923678
E02006587,5.232558139534884
E02006604,155.65264882577827
E02006626,338.22059313562147
E02006635,112.15226939970717
E02006638,57.867360208062415
E02006666,221.9846022241232
E02006703,126.94569353164995
E02006784,31.249999999999993
E02006803,109.75285676322082
E02006820,90.84284673305805
E02006823,50.26300409117474
E02006856,91.72586711241121
E02006861,96.98996655518395
E02006876,133.44788087056128
E02006909,169.6750902527076
E02000009,184.62017434620176
E02000021,18.650389962699222
E02000022,767.5559644280895
E02000049,230.84544253632762
E02000077,29.61672473867596
E02000081,57.30843528654218
E02000092,23.87950036737693
E02000098,65.61085972850678
E02000105,40.70737404070737
E02000119,778.9757412398922
E02000146,131.6989737742303
E02000174,36.63003663003663
E02000182,64.46169422882215
E02000192,122.66666666666664
E02000202,31.53304260315331
E02000203,31.352057478772046
E02000265,195.91320834211078
E02000280,23.36987882285055
E02000281,52.95950155763241
E02000289,13.630731102850064
E02000304,13.157894736842106
E02000321,18.42196732707682
E02000331,23.485784919653895
E02000360,84.2637455234885
E02000368,127.35849056603774
E02000393,22.264150943396224
E02000402,10.530579181855002
E02000419,142.64219079145352
E02000421,140.52173913043478
E02000432,13.89371309482459
E02000434,208.4130019120459
E02000447,82.34814512841417
E02000453,100.71428571428572
E02000475,46.27510806000508
E02000484,23.270440251572328
E02000492,61.014263074484944
E02000496,43.218085106382986
E02000519,38.062283737024224
E02000523,387.8870364069411
E02000536,98.46153846153845
E02000543,113.4292565947242
E02000545,98.8178235829039
E02000563,87.62322015334064
E02000587,29.411764705882355
E02000593,20.408163265306122
E02000603,121.87276626161542
E02000634,44.35617345249917
E02000642,22.104757328207594
E02000652,8.310249307479225
E02000662,35.272836900814
E02007008,449.4609164420486
E02000682,65.26655896607431
E02000694,38.92371995820272
E02000708,74.72600464961806
E02000713,8.928571428571429
E02000744,171.31203263086334
E02000745,140.1869158878505
E02000756,48.53000402738623
E02000762,11.978917105893627
E02000818,497.04693814112534
E02000823,97.62282091917591
E02000846,35.08124076809453
E02000860,74.14012738853503
E02000878,181.025641025641
E02000882,336.6851595006935
E02007113,1211.2504353883667
E02000904,59.310344827586206
E02000949,121.3163064833006
E02000955,52.23585278986941
E02000983,9.724106739032113
E02001090,47.74193548387096
E02001110,59.44566010211525
E02001114,151.73025732031945
E02001125,6.863622799164428
E02001126,68.44953836357847
E02001135,79.94757536041939
E02001208,55.81110088929777
E02001218,13.894736842105262
E02001244,2.6373626373626373
E02001299,81.44552319309601
E02001304,65.41353383458647
E02001321,10.074074074074073
E02001325,303.9185436593644
E02001347,55.55555555555556
E02001350,39.50834064969271
E02001360,31.23486682808717
E02001368,277.58738862234406
E02001371,46.16384915474642
E02001372,0.0
E02001449,39.32729624838293
E02001556,10.095642933049946
E02001558,48.25046040515654
E02001581,111.92214111922141
E02001585,48.7012987012987
E02001602,44.85981308411214
E02001624,44.527363184079604
E02001655,1.16993272886809
E02001658,76.26023265833692
E02001660,23.751224289911846
E02001661,11.516314779270633
E02001676,6.762132060461416
E02001703,27.515400410677614
E02001704,4.437869822485207
E02001725,6.613756613756613
E02001735,31.9001386962552
E02001756,26.873149624231377
E02001763,31.228313671061763
E02001764,48.41617306206541
E02001770,7.578253706754531
E02001772,35.265504661532226
E02001779,71.05994442238983
E02001788,39.83308042488619
E02001802,215.31463229719486
E02001817,134.48784082535002
E02001848,33.39882121807465
E02001852,4.093784890212133
E02001855,38.144572639510244
E02001861,90.50632911392405
E02001876,551.6581632653063
E02001909,2.175805047867711
E02001948,7.484542792059877
E02001952,18.98890258939581
E02001954,83.8235294117647
E02001980,3.115264797507788
E02002004,33.903994629070155
E02002016,27.77777777777778
E02002079,28.74074074074074
E02002085,71.34593135364443
E02002086,111.29163281884645
E02002106,79.47530864197532
E02002109,466.9592152813629
E02002121,59.975010412328196
E02002128,30.176026823134954
E02002137,4.901960784313726
E02002152,20.11125374411639
E02002157,11.987381703470032
E02002164,13.553578991952563
E02002166,35.42589215941651
E02002168,137.7204884667571
E02002197,59.2187111221697
E02002242,49.86642920747997
E02002244,28.514851485148515
E02002257,3.8572806171648986
E02002268,49.347200708121264
E02002293,19.435975609756103
E02002323,53.98671096345515
E02002341,10.941644562334217
E02002347,5.852231163130943
E02002381,21.791767554479417
E02002398,7.063882063882064
E02002426,42.283950617283956
E02002430,88.16705336426914
E02002432,122.64474134977732
E02002455,51.33228840125392
E02002467,104.40321240653559
E02002476,194.94736842105263
E02002491,29.09594735019051
E02002524,39.72064600611087
E02002561,0.0
E02002568,44.79878511769172
E02002587,14.045906132237068
E02002604,47.11875198981216
E02002605,23.516835916622128
E02002625,57.17916137229987
E02002633,4.172461752433936
E02002646,107.39856801909308
E02002664,0.6651147322913202
E02002700,21.029731689630168
E02002708,41.92654192654192
E02002739,37.89986091794158
E02002758,55.248618784530386
E02002768,54.92730210016155
E02002788,20.72538860103627
E02002798,36.54167661810366
E02002800,22.640306122448976
E02002805,22.52427184466019
E02002838,11.315874555447786
E02002845,34.83346046275108
E02002868,36.61513425549227
E02002913,104.21008753647354
E02002938,82.85822881033829
E02002939,226.75423435879708
E02002976,2.479338842975207
E02002982,189.10457107075763
E02002991,147.843567251462
E02002994,50.71278336059827
E02003004,198.99665551839465
E02003029,24.101307189542485
E02006950,160.17238283354283
E02003072,70.02665374363944
E02003080,27.316824100076587
E02003096,9.56233909525561
E02003129,47.46376811594203
E02003142,11.606912561258705
E02003159,17.558187015108206
E02003173,29.071688140072677
E02003199,47.4159558454591
E02003200,12.805025368446485
E02003247,45.2322738386308
E02003261,17.408906882591094
E02003285,20.747834017327865
E02003298,8.10429880197322
E02003372,7.460155985079688
E02003377,61.23508043591074
E02003428,13.82228490832158
E02003436,27.421758569299556
E02003443,134.21160971593247
E02003465,42.08566108007449
E02003472,304.3250327653997
E02003499,3.5174111853675694
E02003526,69.59434313360624
E02003529,62.43805748265609
E02003552,32.87981859410431
E02003569,27.502126453076272
E02003620,10.580497569345152
E02003625,114.53037195611454
E02003630,109.20945395273023
E02003646,146.752881641833
E02003663,1510.7632093933466
E02003668,6.336405529953916
E02003676,40.125391849529784
E02003679,104.07725321888412
E02003680,28.273809523809526
E02003683,96.45277002789955
E02003688,92.54172829072472
E02003692,35.480023852116865
E02003764,136.93051667090862
E02003804,20.826857320484923
E02003810,219.15820029027577
E02003820,538.6281588447654
E02003843,54.364471669218986
E02003857,82.9981718464351
E02003868,39.47705716482953
E02003873,88.18011257035647
E02003881,11.355311355311354
E02003887,201.12179487179492
E02003919,145.76384256170783
E02003929,101.11599594183294
E02003940,69.33019976498237
E02003960,108.65347303065579
E02003965,93.30499468650372
E02003978,23.682200152788386
E02003983,12.551079976649154
E02003990,198.71946881669436
E02004011,260.96033402922757
E02004029,214.41124780316346
E02004037,63.09448319594167
E02004049,44.85336400230017
E02004053,48.1027786077084
E02004074,76.29744384198295
E02004077,163.51989211058665
E02004080,85.66760037348271
E02004089,68.42589751457503
E02004111,141.25932062966032
E02004117,150.788643533123
E02004132,134.96566139146012
E02004202,204.38175270108047
E02004207,155.09076558800317
E02004214,29.067706487061322
E02004233,98.59154929577466
E02004245,65.43001686340641
E02007006,343.7568335884539
E02004283,40.71178215152332
E02004286,23.091423185673893
E02004312,39.8943971839249
E02004330,47.775346462436175
E02004358,34.492507774950525
E02004379,94.41489361702128
E02004414,195.93192195931923
E02004421,147.98574952041656
E02004425,24.613442726412117
E02004445,10.227272727272727
E02004446,76.39141506002183
E02004471,204.4642857142857
E02004476,59.23566878980891
E02004484,41.35673906575423
E02004490,21.679389312977094
E02004499,14.825796886582653
E02004529,84.04337722695585
E02004544,709.1633466135457
E02004592,182.62892594028696
E02004606,125.39184952978057
E02004633,50.24832018697049
E02004661,150.5737475510775
E02004665,89.75444538526673
E02004695,35.54868624420402
E02004696,354.3872919818457
E02004698,214.54254894127047
E02004709,156.2913907284768
E02004726,99.7218911402463
E02004732,119.85361390667887
E02004752,13.915243516761546
E02004768,2.198768689533861
E02004772,45.43094496365524
E02004801,52.47578040904198
E02004802,10.993325480957989
E02004803,3.776435045317221
E02004822,67.2811059907834
E02004835,65.41421457673155
E02004843,8.685800604229607
E02004846,62.13511259382819
E02004861,65.16290726817043
E02004891,70.33639143730886
E02004912,39.31428571428572
E02004928,42.44031830238726
E02004977,89.86873106698081
E02004979,95.78682030968672
E02004981,117.23898716614639
E02004988,19.880715705765404
E02005010,67.00738216922204
E02005014,23.590021691973966
E02005039,13.001485884101042
E02005046,411.22565864833905
E02005062,1.9186492709132772
E02005075,126.4864864864865
E02005078,251.08359133126933
E02005079,135.7605677260105
E02005087,33.523537803138375
E02005094,194.64997154240177
E02005096,44.89897730107259
E02005101,73.86785449146252
E02005116,25.321386832878847
E02005131,57.25524475524476
E02005144,64.24418604651163
E02005147,92.25589225589226
E02005171,63.58819076457229
E02005174,100.64167510976021
E02005176,28.52485737571312
E02005185,83.33333333333333
E02005230,31.709709055246808
E02007003,126.83565159340336
E02005247,38.34940569634447
E02005256,15.780445969125216
E02005260,9.440559440559442
E02005285,14.233576642335766
E02005312,210.8108108108108
E02005316,75.05957108816521
E02005342,99.92862241256245
E02005344,264.1449459631278
E02005351,12.027491408934706
E02005355,168.8358640636298
E02005358,242.93389395001168
E02005375,151.7907902217169
E02005393,121.95934688437185
E02005441,47.79206260480716
E02005459,90.64327485380117
E02005470,215.70376979701095
E02005471,48.48327715841327
E02005499,182.99668375037686
E02005504,78.23497563616675
E02005557,70.45171985080813
E02005562,88.46657929226735
E02005582,107.53052917232021
E02005584,20.059121621621625
E02005585,27.819387973464586
E02005602,293.7062937062937
E02005603,513.9204545454545
E02005610,61.72839506172839
E02005617,27.647494445815845
E02005646,2.2222222222222223
E02005677,86.0871980005554
E02005679,11.220196353436185
E02005689,432.39579803456456
E02005691,61.11736032995876
E02005702,244.6096654275093
E02005718,17.828200972447327
E02005720,86.06387391124017
E02005723,25.92829705505762
E02005724,127.55102040816327
E02005731,58.90138980807412
E02007107,65.81306017925736
E02005735,29.549848108257386
E02005761,32.10616438356164
E02005762,75.10373443983403
E02005769,41.28584935392373
E02005778,111.1111111111111
E02005835,258.5684308696666
E02005849,80.28399781540143
E02005857,63.390847711927975
E02005860,81.38619060120767
E02005879,17.096493769921764
E02005894,237.6068376068376
E02005908,114.84375
E02005925,18.795794839120735
E02005941,35.273368606701936
E02007116,58.49163061876999
E02005968,294.2555685814771
E02005983,61.506707946336434
E02006000,26.096033402922757
E02006031,125.32411408815902
E02006043,34.623217922606926
E02006044,39.63636363636363
E02006070,292.38578680203045
E02006087,2.651515151515152
E02006101,87.19008264462809
E02006106,324.30625208960214
E02006107,56.101792943898204
E02006115,115.8574062692071
E02006116,33.248081841432224
E02006117,41.174227983225315
E02006140,38.48396501457726
E02006151,161.6571892770106
E02006202,71.40895358418015
E02006203,23.074704355350445
E02006207,36.983842010771994
E02006215,71.85097575399172
E02006238,20.1028517999065
E02006305,32.11571463594018
E02006331,58.4648493543759
E02006338,14.025777103866563
E02006347,24.683338746346223
E02006354,47.23534315087524
E02006355,10.55743243243243
E02006367,112.52045826513913
E02006381,62.52258764004337
E02006384,84.82249225637361
E02006389,41.86385147433564
E02006396,41.220115416323175
E02006423,102.40817319387011
E02006425,113.84876805437553
E02006449,51.14029025570145
E02006472,171.4825816905212
E02006490,28.952504879635654
E02007048,598.410896708286
E02006493,189.86652138381913
E02006500,194.6564885496183
E02006502,12.263339070567989
E02006509,80.30523255813952
E02006514,60.10411736867013
E02006521,20.08652657601978
E02006531,94.17852522639069
E02006537,29.739776951672862
E02006541,29.517241379310345
E02006548,37.98693443019599
E02006610,326.867816091954
E02006637,67.25860155382908
E02006662,257.7101816645543
E02007024,163.53887399463807
E02006694,44.07022572554639
E02006716,68.97810218978101
E02006719,104.05698358624961
E02006743,61.65180302442808
E02006787,31.641397495056033
E02006814,12.226329257890248
E02006824,38.829787234042556
E02006853,499.09638554216866
E02006862,40.01600640256102
E02006867,123.55094569859672
E02006892,64.61434370771312
E02006921,50.18906840838777
E02006934,606.038820992092
E02000012,21.17863720073665
E02000025,36.996134732192154
E02000028,91.38697937727456
E02000044,46.47099930118798
E02000085,14.267185473411153
E02000093,90.3755868544601
E02000094,322.4981738495252
E02000100,4.451038575667655
E02000110,11.788480970023576
E02000219,29.009669889963323
E02000223,12.17391304347826
E02000236,194.8555320648344
E02000264,99.53198127925117
E02000267,194.94204425711274
E02000282,19.478659409911202
E02000288,70.8245243128964
E02000292,13.415315818893239
E02000297,9.477311889718553
E02000313,0.3883495145631068
E02000342,82.89241622574957
E02000352,20.640569395017796
E02000366,11.924119241192411
E02007111,294.07616361071933
E02000375,175.23219814241483
E02000377,31.275947965679492
E02000396,72.98999629492404
E02000408,60.98921532168092
E02000410,34.871433603381476
E02000414,13.270882123341138
E02000420,167.54098360655735
E02000430,38.128249566724435
E02000441,70.1627486437613
E02000462,47.058823529411754
E02000472,15.237020316027092
E02000490,17.67118964973178
E02000494,48.15409309791333
E02000517,66.1638669866301
E02000518,36.14069054533721
E02000540,341.75084175084174
E02000552,35.2112676056338
E02000566,26.761332605133806
E02000569,27.60800842992624
E02000571,132.90971670638072
E02000575,59.8244671323661
E02000596,6.934812760055477
E02000637,14.231257941550192
E02000657,70.44491525423729
E02000665,84.47488584474885
E02000668,7.1022727272727275
E02000699,67.39469578783151
E02000711,52.866242038216555
E02000751,17.301847089081132
E02000779,38.14021067925899
E02000781,7.751937984496124
E02000785,18.587360594795538
E02000805,72.27833894500563
E02000825,64.31593794076164
E02000833,27.2452068617558
E02000855,70.1812191103789
E02000863,55.62742561448901
E02000867,223.12514511260736
E02000912,26.34084417645192
E02000933,77.99586776859505
E02000956,41.74820613176778
E02000963,24.873219029219996
E02000964,30.684639943242285
E02000965,20.346646571213263
E02000980,120.49799911071588
E02000981,14.83618380383268
E02000995,6.705539358600584
E02001016,34.28741800834823
E02001033,123.01255230125524
E02001045,1.3804527885146327
E02001061,130.98628009319182
E02001079,28.13528883567794
E02001091,9.803921568627452
E02001092,24.16756176154672
E02001116,24.597116200169634
E02001129,140.35087719298247
E02001131,6.527415143603133
E02001133,53.06603773584905
E02001146,61.80939226519337
E02001150,49.01141743247007
E02001158,38.88888888888889
E02001166,22.620571916346567
E02001170,17.19128329297821
E02001179,136.74321503131526
E02001212,65.93835349200157
E02001220,34.80176211453744
E02001221,5.506141465480729
E02001234,10.135135135135135
E02001247,95.30026109660575
E02001257,11.938202247191011
E02001258,29.860228716645487
E02001264,150.7739938080495
E02001270,116.73493270918664
E02001277,43.05335446381406
E02001290,24.091778202676867
E02001291,62.20693966864645
E02001294,53.26460481099655
E02001298,32.02846975088968
E02001317,183.50916157690176
E02001324,24.119767119489886
E02001331,34.50704225352112
E02001340,113.97967591321066
E02001382,0.0
E02001383,431.6901408450704
E02001389,51.06951871657755
E02001397,12.474012474012476
E02001412,32.28431904503527
E02001416,84.64566929133858
E02001445,24.47314751869477
E02001462,54.0223135642983
E02001469,4.906204906204906
E02001503,55.620267909143855
E02001526,44.63208685162847
E02001545,50.99302200751475
E02001571,21.755725190839694
E02001582,87.05650459921155
E02001612,14.178810555336748
E02001622,48.7012987012987
E02001628,9.843400447427292
E02001643,7.32869182850861
E02001664,5.41907514450867
E02001673,10.478359908883826
E02001683,66.21689155422288
E02007104,37.70921556765477
E02001748,162.6191208115586
E02001773,5.879882402351953
E02001774,38.68698710433763
E02001780,147.97238999137187
E02001783,57.38255033557047
E02001803,136.34192932187202
E02001805,0.0
E02001809,37.486983686220064
E02001830,49.317147192716234
E02001841,15.741507870753935
E02001858,50.8637236084453
E02001921,8.528784648187633
E02001955,210.0073046018992
E02001968,87.6346082435945
E02001977,41.49377593360996
E02001997,1.1547344110854503
E02001999,39.85828166519043
E02002015,184.4380403458213
E02002048,18.59582542694497
E02002053,27.85627775534921
E02002063,63.91292213229138
E02002081,6.331785563528916
E02002096,65.54621848739497
E02002097,119.93006993006992
E02002142,102.7425296766271
E02002162,62.900763358778626
E02002171,34.651847008826415
E02002184,74.15406767458602
E02002199,201.85449358059915
E02002209,213.7538326763031
E02002265,46.974522292993626
E02002299,46.984572230014024
E02002308,77.19054242002782
E02002310,27.644673792849247
E02002325,117.18530978413233
E02002333,44.689655172413794
E02002346,5.500550055005501
E02002364,32.23416080029641
E02002374,43.97448808324941
E02002376,42.76985743380855
E02002379,134.54011741682976
E02002385,54.694355074583214
E02002387,47.22792607802874
E02002397,28.074458346048214
E02002439,176.6968947513053
E02002451,137.75008199409643
E02002461,200.8147615624251
E02002498,8.638743455497382
E02002506,15.663643858202803
E02002536,21.231422505307854
E02002538,6.998764923836969
E02002550,2.6217228464419478
E02002582,227.19948436996452
E02002590,47.92079207920793
E02002600,3.1676413255360627
E02002602,88.75552747946936
E02002613,240.63280599500416
E02002616,83.64501870112207
E02002657,43.142305215711524
E02002668,108.4521384928717
E02002673,29.43748178373652
E02002688,33.69005152596116
E02002693,100.8801624915369
E02002696,63.040791100123606
E02002709,56.82172962847331
E02002710,9.01481004507405
E02002726,75.89789925457421
E02002760,43.321299638989174
E02002775,70.9551656920078
E02002777,120.54476963199072
E02002791,23.981728207080327
E02002794,124.7123791992637
E02002796,20.502901353965186
E02002827,59.99999999999999
E02002829,20.27649769585253
E02002867,63.68278762391109
E02002945,65.49609810479376
E02002949,64.63565253190615
E02002962,139.14780292942743
E02002964,6.240249609984399
E02003007,171.1658261643429
E02003047,60.57219490388914
E02003052,72.663139329806
E02003061,23.377670294236196
E02003065,177.27272727272722
E02003067,102.39445494643982
E02003087,277.9846115661454
E02003112,37.191650853889946
E02003132,108.8875809299588
E02003188,129.94662249217743
E02003190,42.08785149788641
E02003207,52.429220552254456
E02003212,52.12087607429997
E02003232,21.862578080636
E02003235,149.2982979994028
E02003246,29.411764705882348
E02003250,180.96479791395046
E02003270,10.519604717883327
E02003303,160.26871401151632
E02003309,8.336112037345782
E02003328,326.5363128491621
E02003349,3.8822387576835977
E02003351,5.023547880690738
E02003365,53.16742081447964
E02003369,62.62875978574372
E02003379,91.56193895870736
E02003380,68.48874598070739
E02003419,28.69352869352869
E02003434,56.94143167028199
E02003489,80.38243626062325
E02003490,495.3667953667953
E02003494,4.165088981446422
E02003511,114.22543701024715
E02003536,18.3094293561184
E02003537,44.23720707795313
E02003592,93.63128491620112
E02003610,183.07484828051247
E02003627,141.421568627451
E02003628,78.5433773652267
E02003638,143.53903852710533
E02003640,30.904235024799696
E02003659,144.55990220048898
E02003694,56.769884638737096
E02003711,200.62370062370064
E02003727,168.00622245268346
E02003737,166.45754914261818
E02003746,38.48662752772342
E02003751,185.1851851851852
E02003762,475.3716117749927
E02003774,25.74581119738455
E02003813,57.564575645756456
E02003844,8.480325644504749
E02003890,237.97881010594946
E02003893,38.66619368570415
E02003914,111.5702479338843
E02003917,139.2485001578781
E02003921,68.33531982518872
E02003932,121.27584998247457
E02003941,180.76178179470625
E02003945,114.45783132530121
E02003972,42.01883602994446
E02004025,19.693654266958426
E02004104,164.83516483516485
E02004119,158.66050808314088
E02004122,173.13915857605178
E02004125,103.57615894039733
E02004129,49.51333051206093
E02004170,169.09711448960596
E02004187,182.5516893595562
E02004203,72.16494845360825
E02004216,10.490977759127151
E02004220,75.98282127518995
E02004265,78.86178861788618
E02004278,36.8937048503612
E02004302,85.83569405099149
E02004320,6.491820306413919
E02004328,37.56019261637239
E02004342,0.0
E02004352,135.81695511880318
E02004376,19.509622989717904
E02004384,30.370136032900984
E02004389,8.61244019138756
E02004394,57.90297339593114
E02004423,88.13462635482031
E02004480,11.812476928755999
E02004488,250.43528728961115
E02004497,37.18258766626361
E02004513,90.9090909090909
E02004522,20.827306913508824
E02004530,92.53617669459254
E02004546,191.41104294478527
E02004548,0.2846569883290635
E02004549,9.556103575832307
E02004564,51.249199231262004
E02004568,151.83867141162514
E02004571,19.420566698503656
E02004573,62.65227984684998
E02004591,163.40110905730126
E02004619,62.440870387890264
E02004656,77.71290517414938
E02004700,359.9078341013825
E02004705,121.46092865232164
E02004717,382.1321321321321
E02004727,125.88652482269507
E02004754,194.5861122008631
E02004839,95.95654797827399
E02004842,450.60390213688447
E02004845,96.52509652509653
E02004888,103.1502648452746
E02004895,33.60177728408776
E02004921,27.363184079601997
E02004924,103.25264750378213
E02004934,96.42976309642975
E02004956,56.71482075976457
E02004961,12.496604183645749
E02004991,68.8026981450253
E02005002,73.78129117259553
E02005004,17.214397496087635
E02005012,94.92089925062449
E02005064,16.28423390081421
E02005068,77.23577235772358
E02005105,17.824216349108788
E02005115,36.46046702171241
E02005120,85.74569439355076
E02005163,36.164029706167256
E02005197,77.25607725607726
E02005199,77.07575256367846
E02005204,220.82506066622545
E02005207,93.86567953463776
E02005242,26.512322628827487
E02005257,95.10086455331412
E02005290,30.080213903743317
E02005292,27.02702702702703
E02005305,147.29173265758632
E02005349,225.503355704698
E02005373,452.16008481314606
E02005397,243.28859060402684
E02005400,68.49876948318293
E02005426,187.18381112984824
E02005428,48.56212696690179
E02005434,151.01792768155576
E02005494,88.61985472154964
E02005532,511.0759493670886
E02005539,137.32952743418966
E02005546,56.353591160220994
E02005548,22.905759162303667
E02005556,60.85842408712363
E02005563,99.96622762580209
E02005565,51.424600416956224
E02005567,117.31723096829847
E02005576,60.59602649006623
E02007032,100.58960157227087
E02005593,3.791795932437091
E02005616,89.59927960378208
E02005629,121.76814011676396
E02005715,216.20893914916533
E02005733,66.81961571551479
E02007105,196.57741596828788
E02005750,57.63850027979854
E02005767,156.42051655147324
E02005791,39.39828080229226
E02005797,154.6961325966851
E02005811,141.5730337078652
E02005820,15.121368881814563
E02005831,190.1790558871405
E02005840,162.81062553556126
E02005844,162.70888302550568
E02005847,67.78500513522766
E02005880,53.42303126236644
E02005887,146.24505928853753
E02005904,201.38488170802077
E02005916,168.46789574062302
E02005927,109.5087877422262
E02005929,126.86567164179104
E02005960,248.5549132947977
E02005975,82.08955223880596
E02006017,165.26791478373144
E02006037,61.01525381345336
E02006039,130.90460018524237
E02006040,64.4079168064408
E02006077,219.72176759410803
E02006078,143.15352697095437
E02006082,79.22535211267606
E02006085,231.4633189486073
E02006086,180.70953436807096
E02006088,39.06001905366783
E02006090,34.17085427135679
E02006153,411.2757499096494
E02006167,154.49010654490107
E02006169,150.89986155976
E02006204,69.71538215542053
E02006217,145.79336804604003
E02006222,39.76435935198822
E02006236,71.73704414587331
E02006250,11.460004584001833
E02006261,76.9944341372913
E02006262,89.32038834951456
E02006291,166.7735728030789
E02006297,50.109614782336365
E02006321,46.51162790697674
E02006335,33.573893944148104
E02006359,66.8229777256741
E02006377,53.782247485789256
E02006416,50.02942907592701
E02006430,97.8980708321336
E02006443,57.306590257879655
E02006444,46.725533480500374
E02006468,132.72640153330138
E02006478,83.75314861460957
E02006480,22.61306532663317
E02006539,4.469987228607918
E02006546,151.63056415139252
E02006550,17.96988829528898
E02006560,37.49132145336728
E02006619,171.3659147869674
E02006624,17.819706498951785
E02006644,99.20920201294034
E02006645,116.31016042780749
E02006657,164.51531257909392
E02006686,15.962441314553992
E02006692,44.10480349344978
E02006700,123.05025996533794
E02006710,93.47442680776012
E02006725,2.488593944421402
E02006727,18.58585858585859
E02006746,216.25720351835002
E02006748,384.8101265822785
E02006749,3.203661327231121
E02006766,59.427504667081514
E02006781,18.200202224469162
E02006806,125.56732223903177
E02006826,55.010271627482304
E02006881,54.332552693208434
E02006907,505.2015604681404
E02006910,108.57940013950244
E02006933,648.4848484848485
E02000003,16.692749087115285
E02000004,7.333908541846419
E02000008,3.049444565454149
E02000039,80.88531187122736
E02000047,67.88899900891973
E02000086,11.832197920401578
E02000095,12.832852101379531
E02000097,6.83526999316473
E02000149,33.2409972299169
E02000242,91.1204091120409
E02000266,333.6028024791162
E02006971,168.4003373629463
E02000311,9.026258205689278
E02000333,18.302828618968384
E02000353,43.859649122807014
E02000373,69.87258528565557
E02000376,60.91370558375635
E02000403,46.65523156089194
E02000444,18.269947800149144
E02000454,7.843137254901961
E02000461,43.42723004694836
E02000468,17.102291061632787
E02000469,30.780780780780784
E02000501,50.901043313310154
E02000511,33.32295235129243
E02000525,56.015276893698285
E02000553,20.729366602687136
E02000564,178.25739408473223
E02000570,30.104394270453987
E02000623,12.026987386330303
E02000632,73.77049180327869
E02000677,38.26151560178306
E02000681,32.43574051407589
E02000692,45.57786218122626
E02000695,41.9480981158905
E02000727,16.437139049311416
E02000731,133.45132743362834
E02000735,101.9108280254777
E02000738,143.19157237612174
E02000746,534.1880341880343
E02000749,96.29384513567175
E02000793,14.31297709923664
E02000798,23.83177570093458
E02000810,282.33019095963255
E02000826,154.8460016953942
E02000831,69.93363961204697
E02000869,88.93360160965794
E02000873,114.61318051575931
E02000884,521.4459131373079
E02000888,59.28614640048397
E02000932,405.69395017793596
E02000948,29.82417093256176
E02000953,16.061676839062
E02000975,10.603765418740531
E02000988,35.46910755148742
E02001002,14.186162269785964
E02001009,67.22689075630252
E02001013,21.24248496993988
E02001050,34.42879499217528
E02001068,153.95021645021646
E02001084,13.233082706766918
E02001089,65.64201088696767
E02001098,3.265602322206096
E02001121,93.5251798561151
E02001141,26.828797529434475
E02001186,50.31742299553257
E02001192,58.989756269869304
E02001222,25.68421052631579
E02001226,45.187362233651726
E02001239,32.33256351039262
E02001252,0.6073489219556635
E02001262,41.542040545031576
E02001281,12.670565302144249
E02001284,8.942829766847654
E02001300,61.23644887196015
E02001342,161.09951287404314
E02001357,0.0
E02001369,61.38767087954604
E02001391,43.53083434099154
E02001422,64.12674462466993
E02001460,54.112554112554115
E02001472,2.357696194004715
E02001483,30.918176139912553
E02001486,18.229791316862553
E02001488,5.204267499349466
E02001489,6.412043490381934
E02001496,29.149797570850204
E02001530,196.5065502183406
E02001593,29.793200140203297
E02001669,40.57142857142857
E02001700,41.00327153762269
E02007099,115.98353320207625
E02001740,12.205754141238014
E02001758,57.55102040816326
E02001759,79.11683532658694
E02001768,11.280167890870935
E02001782,142.89439374185133
E02001790,8.735282947208507
E02001811,17.86151211157328
E02001820,181.03924820342726
E02001822,59.39968404423381
E02001827,8.921644685802947
E02001842,62.16931216931218
E02001874,12.78772378516624
E02001878,6.2800147765053564
E02001880,7.185972980741592
E02001893,15.467171717171718
E02001897,85.52164655784244
E02001902,35.38399678327302
E02001936,17.8988326848249
E02001939,125.26023594725885
E02001962,194.13092550790066
E02001965,29.313992142641283
E02001973,15.231400117164615
E02001985,84.98860306089222
E02001990,15.296367112810708
E02001994,3.531489111241907
E02002005,166.005291005291
E02002093,27.50352609308886
E02002110,65.07995537374488
E02002170,21.942299878098332
E02002188,18.594390167034348
E02002201,49.97117047857006
E02002214,72.79534109816973
E02002223,14.891696750902529
E02002225,39.73317865429235
E02002240,99.93217273343882
E02002263,25.33842415827837
E02002267,41.5954415954416
E02002307,16.39344262295082
E02002318,20.46479361775928
E02002332,140.48934490923443
E02002370,65.27777777777779
E02002393,44.44444444444444
E02002399,15.583428354237933
E02002412,82.92363159619796
E02002415,32.70488649480569
E02002431,104.98468393205236
E02002433,90.1948460087995
E02002458,56.16183124833643
E02002489,28.312570781426956
E02002496,85.53690503564037
E02002527,94.94232475598936
E02002530,31.933356473446718
E02002544,137.71748746682394
E02002572,40.70407040704071
E02002578,103.52354225132522
E02002671,80.71472581638942
E02002704,40.7898996438977
E02002749,108.59634551495016
E02002753,26.036400404448937
E02002765,63.07635558834378
E02002808,149.37388193202148
E02002811,23.887079261672095
E02002819,8.111239860950175
E02002871,17.296050735082158
E02002878,20.871700429711478
E02002883,49.47695787390444
E02007082,73.96959305594652
E02002908,73.72764786795048
E02002931,148.462783171521
E02002934,108.66807610993658
E02002963,21.63529081202585
E02002977,7.462686567164178
E02002996,117.42857142857143
E02002998,5.709266578831796
E02003010,148.32535885167462
E02003028,18.075801749271132
E02003030,71.24352331606217
E02003062,9.44558521560575
E02003079,0.2560819462227913
E02003099,159.04292751583392
E02003117,92.9460580912863
E02003119,32.66874849867884
E02003128,59.639026942192
E02003180,66.07685927564279
E02003203,19.855026788528207
E02003204,102.61835493255752
E02003211,141.6270111035577
E02003231,33.09143686502177
E02003249,123.62637362637362
E02003347,8.659793814432991
E02003354,90.90909090909092
E02003404,9.45829750644884
E02003417,387.24685276409417
E02003423,104.84927916120576
E02003447,156.09614827686067
E02003463,6.744098913450731
E02003484,0.0
E02003485,5.858772741288931
E02003488,110.37834085387018
E02003513,19.607843137254903
E02003516,14.078841512469833
E02003532,27.31025722451572
E02003535,16.797900262467195
E02003574,17.584994138335286
E02003575,16.737891737891736
E02003588,306.8220774768598
E02003601,199.7358864311654
E02003644,465.59170745752954
E02003649,13.280689160086142
E02003664,369.26229508196724
E02003669,47.885075818036704
E02003693,205.55555555555557
E02003697,127.93624161073825
E02003728,96.6209081309398
E02003732,132.53348214285717
E02003761,16.764459346186083
E02003777,630.5709023941067
E02003784,140.79528718703978
E02003790,74.13208039676326
E02003791,125.97200622083982
E02003792,102.3765996343693
E02003818,29.185245237130115
E02003821,141.10671936758894
E02003826,271.1807871914609
E02003828,4.992867332382311
E02003840,163.04347826086956
E02003862,71.6674629718108
E02003878,179.44831767202183
E02003895,277.30097662030187
E02003896,58.28220858895706
E02003916,84.37705998681608
E02003924,69.16426512968299
E02003935,156.3932755985736
E02003956,94.66019417475728
E02003963,103.21811680572112
E02003971,103.33048676345005
E02003987,86.34461772537087
E02003993,109.40860215053763
E02004004,147.1252824504143
E02004013,85.66797869877287
E02004034,25.649045980606818
E02004086,14.803149606299215
E02004102,49.37324123816833
E02004103,15.997277059223961
E02004106,12.214721954355511
E02004116,147.61376248612652
E02004165,159.33585785027674
E02004179,84.47672854452516
E02004212,74.17802726543705
E02004219,30.4745319982586
E02004235,49.1862567811935
E02004244,51.03359173126615
E02004264,49.22894424673784
E02004282,80.52147239263803
E02004284,67.46784735399535
E02004288,117.95606494746897
E02004307,53.161917998610136
E02004319,170.3613726085636
E02004324,96.21329211746523
E02004329,33.84396152475953
E02004335,251.28030044383752
E02004354,46.7746080699049
E02004364,13.561924257932446
E02004374,18.980169971671387
E02004396,73.39449541284402
E02004404,53.30739299610895
E02004419,130.20622725434694
E02004424,15.970961887477312
E02004429,21.21504339440694
E02004444,9.161576901721265
E02004450,61.224489795918366
E02004468,57.915057915057915
E02004470,158.37721864638192
E02004474,120.90848363393452
E02004492,3.8363171355498724
E02004508,58.77862595419847
E02004523,99.06439185470556
E02004526,34.24242424242424
E02004553,125.80535774838928
E02004589,15.600127347978352
E02004593,178.99686520376173
E02004607,78.22277847309137
E02004616,256.9667077681874
E02004627,256.73327541268463
E02004632,142.8243924805135
E02004680,110.56511056511056
E02004681,302.13139969237534
E02004682,80.29647930821494
E02004745,14.35897435897436
E02004750,18.694362017804156
E02004755,131.76818950930624
E02004795,89.37437934458788
E02004809,514.0056022408963
E02004815,28.55128657032076
E02004818,18.328445747800586
E02004893,145.13856270549556
E02004967,184.7649918962723
E02004990,115.57596632223499
E02004994,60.251798561151084
E02005017,59.64274901604601
E02005035,48.387096774193544
E02005038,16.716673810544364
E02005071,340.49287813701113
E02005081,95.07165326808808
E02005097,51.16002379535991
E02005107,129.24230465666932
E02005126,51.19346733668341
E02005130,180.46456223942826
E02005140,27.41324001166521
E02005142,34.74903474903475
E02005161,61.524609843937576
E02005170,47.666335650446875
E02005189,36.016949152542374
E02005203,228.09973045822102
E02005231,21.35922330097087
E02005261,22.446965959546127
E02005263,16.499282639885223
E02005271,203.61298224127373
E02005276,204.68187274909963
E02005302,110.99796334012221
E02005307,117.18959506570125
E02005308,16.630513376717282
E02005311,60.78083407275953
E02005335,114.02266288951843
E02005368,96.86168151879119
E02005369,306.6860465116279
E02005371,141.05793450881612
E02005372,131.76847159242465
E02005377,104.5403587443946
E02005380,77.20381807973048
E02005402,164.93194555644513
E02005403,12.811867835468645
E02005430,52.95848316443283
E02005445,38.49354972950479
E02005457,93.68863955119214
E02005461,62.12282570110047
E02005483,45.90570719602977
E02005521,50.0
E02005529,10.238907849829353
E02005533,111.33200795228629
E02005541,8.225616921269095
E02005542,59.66742745353766
E02005587,24.88741407916568
E02005608,94.7606727037516
E02005622,156.01239087580964
E02005624,319.5569962182604
E02005634,107.90358744394617
E02005652,101.1881947106171
E02005674,99.97006884166419
E02005686,77.04972011853803
E02005698,63.3445945945946
E02005700,191.45077720207252
E02005722,464.5484949832776
E02005727,29.587883057414583
E02005729,40.91858037578288
E02005755,139.9638336347197
E02005757,82.44962884411453
E02005763,127.32919254658385
E02005773,87.05193855157279
E02005782,37.89473684210526
E02005785,134.59239780062157
E02005786,43.586109142452166
E02005833,52.61427162117723
E02005853,34.5717234262126
E02005869,11.856091578086673
E02005901,91.45544813169585
E02005911,3.7132247929163094
E02005917,124.89486963835157
E02005936,548.7256371814094
E02005939,69.37984496124031
E02005954,46.57894736842106
E02005956,12.97071129707113
E02005996,165.46555203228598
E02006023,144.42413162705668
E02006029,14.173703256936069
E02006058,63.20907617504053
E02006072,72.11282597126132
E02006108,125.83767684288905
E02006125,81.89655172413794
E02006129,112.10632765096793
E02006130,232.68608414239483
E02006132,209.07297830374753
E02006133,105.37049626104691
E02006138,223.4212629896083
E02006148,23.08998302207131
E02006168,169.49152542372877
E02006180,89.96138996138994
E02006185,70.0289110183103
E02006208,44.74558936333418
E02006231,101.56687185226637
E02006237,68.97658004491498
E02006251,127.97156187513886
E02006254,42.07285787583375
E02006279,18.15889029003783
E02006281,66.13891726251278
E02006283,200.1572945340149
E02006314,25.705329153605017
E02006319,27.620396600566572
E02006363,40.59829059829059
E02006372,21.827598964113943
E02006407,18.415178571428577
E02006418,10.79913606911447
E02006446,44.322344322344314
E02006479,57.006529382219995
E02006486,37.761294672960226
E02006507,306.4644852354349
E02006513,219.38131313131314
E02006533,89.91683991683992
E02006542,36.89615823507037
E02006555,10.429835651074589
E02006582,6.648936170212766
E02006595,80.53265694356374
E02006601,132.50577367205543
E02006632,37.80068728522337
E02006636,68.97678980058842
E02006646,419.7145405887601
E02006680,49.2156259612427
E02006681,27.974783293932223
E02006689,70.82043343653251
E02006697,32.67326732673267
E02006711,113.75579598145286
E02006752,315.38461538461536
E02006764,95.47511312217195
E02006770,229.3491864831039
E02006772,37.30017761989343
E02006822,139.9222654081066
E02006830,112.2338505954529
E02006831,22.76176024279211
E02006854,933.801404212638
E02006880,38.55552538691284
E02006903,18.15614282832358
E02000018,40.889957907396266
E02000023,331.1394487865076
E02000041,91.34615384615384
E02000070,1.2590494176896443
E02000123,54.55472467709042
E02000136,53.01314000906208
E02000166,46.36697766468759
E02000172,85.28428093645485
E02000173,73.69010927430654
E02000186,150.3710874475637
E02000198,81.48591971240263
E02000214,26.281775096940972
E02000230,197.05294705294708
E02000246,11.722565939433409
E02000250,20.46438410074774
E02000256,122.68640930724484
E02006968,241.1033543333901
E02000262,116.94510739856801
E02000263,217.74960380348656
E02000300,16.67778519012675
E02000308,181.2242090784044
E02000312,58.423275457531666
E02000340,87.17399071096821
E02000358,77.06806282722512
E02000374,20.46332046332046
E02000379,40.438871473354226
E02000380,66.8229777256741
E02000389,189.74507531865586
E02000415,37.07823507601039
E02000508,411.0569105691057
E02000520,412.8943758573388
E02000549,77.47015494030988
E02000577,208.03035093265888
E02000583,8.295194508009153
E02000607,24.829795754905888
E02000616,13.965298349555649
E02000624,311.71428571428567
E02000650,44.23136405815033
E02000673,53.58166189111748
E02000689,309.59752321981426
E02000691,39.08355795148248
E02000697,98.40648588202403
E02000698,60.07628734901462
E02000715,14.32408236347359
E02000717,13.333333333333334
E02000760,7.654037504783773
E02000777,3.382663847780127
E02000784,12.104283054003727
E02000792,8.413836086008104
E02000835,20.136518771331055
E02000848,14.553014553014554
E02000857,34.21578421578421
E02000872,186.20466321243524
E02000881,734.342160571669
E02000898,49.9184339314845
E02000903,123.93834539163257
E02000914,70.20872865275142
E02000925,46.014067995310675
E02000967,48.72707363810567
E02001029,44.09722222222222
E02001076,48.22934232715008
E02001078,30.508474576271183
E02001082,21.9103046901746
E02001101,4.070004070004071
E02001164,76.951811729548
E02001173,231.84268950206155
E02006959,1348.6596840049708
E02001180,110.03019121100304
E02001215,26.778577138289364
E02001229,55.69390989359294
E02001230,39.71571906354515
E02001235,79.95735607675907
E02001245,7.836551917156452
E02001256,35.865504358655045
E02001269,11.57662624035281
E02001271,1.7397355601948503
E02001274,5.332496863237139
E02001282,110.4815864022663
E02001297,22.98850574712644
E02001309,58.345021037868165
E02001328,46.9437652811736
E02001341,91.32871744147711
E02001403,83.42133051742346
E02001408,5.489864864864865
E02001423,100.11290929619871
E02001447,51.2720156555773
E02001458,31.765805045157272
E02001461,146.2585034013605
E02001485,78.92720306513411
E02001511,13.468013468013467
E02001514,94.03134378126042
E02001521,74.21948027668724
E02001523,26.28984554715741
E02001525,117.08967851099828
E02001532,103.51610523727564
E02001539,126.25
E02001549,74.17691392304641
E02001561,25.05926176769387
E02001577,20.462931902046293
E02001579,106.65986220974737
E02001584,50.1002004008016
E02001590,42.91108822519739
E02001596,22.782750203417415
E02001600,21.812893843916626
E02001611,77.47318235995233
E02001649,154.14073719483008
E02001650,165.4379239162489
E02001729,0.24125452352231605
E02007103,57.97356828193832
E02001744,294.0563086548488
E02001755,204.28571428571428
E02001816,26.511766458147154
E02001836,5.718954248366014
E02001847,10.421008753647353
E02001850,23.86400784570121
E02001863,20.851063829787236
E02001896,2.0644095788604457
E02001901,41.610008158825124
E02001903,12.40079365079365
E02001928,23.643023643023646
E02001949,128.87635924285138
E02001950,22.172949002217297
E02001967,86.10271903323262
E02002037,13.163143199042679
E02002078,4.832863471606927
E02002082,15.977058582548135
E02002104,3.3347228011671532
E02002120,0.0
E02002153,33.98345153664303
E02002181,111.44679422625042
E02002182,9.940357852882704
E02002224,0.7135212272565109
E02002231,12.832057631697435
E02002243,32.863849765258216
E02002253,18.599932363882314
E02002271,61.513157894736835
E02002277,36.011080332409975
E02002302,9.433962264150944
E02002306,23.031203566121842
E02002339,7.7011936850211775
E02002384,134.92800743149095
E02002425,76.2550881953867
E02002427,11.585567692816946
E02002436,123.98445778876722
E02002477,49.27751018895887
E02002539,268.1262439579187
E02002559,235.6006582556226
E02002571,8.701957940536621
E02002579,53.24146570623239
E02002611,39.34829388256993
E02002614,27.568922305764413
E02002619,0.9813542688910697
E02002639,21.493624772313296
E02002645,86.4006199147617
E02002672,50.616050616050615
E02002677,2.8083313831032064
E02002686,29.40352842341081
E02002692,145.09456264775415
E02002736,39.98368013055895
E02002745,22.019964768056365
E02002750,38.694992412746586
E02002752,71.20954003407155
E02002761,22.58292166549047
E02002772,37.03703703703704
E02002779,20.349533157768732
E02002783,29.383429672447015
E02002789,20.365535248041777
E02002790,24.457094665823323
E02002825,32.61175147596289
E02002831,8.974358974358974
E02002874,47.182175622542594
E02002875,30.879514750482493
E02002884,73.61170899698665
E02002890,57.11867992384175
E02002904,0.0
E02002929,206.5573770491803
E02007050,930.5555555555555
E02002960,1.220008133387556
E02002961,108.15540777038852
E02002965,132.0338359691063
E02002990,16.973125884016973
E02002992,3.624647603705195
E02003001,20.982142857142858
E02003076,180.53709119914916
E02003084,63.879957127545545
E02003089,28.43601895734597
E02003091,120.10159651669085
E02003095,507.52846125596767
E02003104,12.828535669586984
E02003108,493.0500917912405
E02003111,27.891409445890666
E02003123,74.11630558722919
E02003130,25.956284153005463
E02003157,38.31145796381696
E02003171,24.412855377008654
E02003195,168.65808823529414
E02003198,48.65424430641822
E02003230,73.84441939120632
E02003238,0.40551500405515006
E02003243,189.87963645295994
E02003262,38.997933884297524
E02003263,42.08092485549133
E02003284,4.089539388721481
E02003291,41.40526976160602
E02003311,54.216867469879524
E02003320,350.4956827630317
E02003322,278.0832678711705
E02003356,77.99340900768948
E02003361,4.149377593360996
E02003378,76.45701096364685
E02003398,69.55445544554453
E02003418,12.77213352685051
E02003422,49.38533276812209
E02003440,30.820033021463953
E02003468,185.5217800062676
E02003483,43.72427983539095
E02003498,49.20863309352518
E02003504,36.216779572694115
E02003505,25.35657686212361
E02003507,11.722731906218147
E02003509,17.252396166134186
E02003510,47.34895191122072
E02003538,9.575923392612859
E02003546,3.6601307189542487
E02003562,30.803080308030804
E02003566,62.52397391637898
E02003567,25.075225677031092
E02003571,198.68421052631578
E02003585,30.48376408217363
E02003590,56.6356720202874
E02003608,180.84173608066635
E02003631,20.642201834862384
E02003636,13.449899125756557
E02003645,7.930513595166164
E02003672,477.97758665624184
E02003681,62.782521346057266
E02003695,70.65079767029627
E02003699,51.96506550218341
E02003714,35.34817956875221
E02003720,49.6654657745754
E02003735,45.03020318506316
E02003745,91.35802469135801
E02003758,44.768211920529794
E02003765,168.8223281143635
E02003806,343.54142127993714
E02003811,341.96465269214957
E02003832,37.78135048231511
E02003846,20.150273224043715
E02003863,34.17385534173856
E02003879,555.7142857142857
E02003897,53.41113105924596
E02003905,189.358372456964
E02003908,93.00265721877767
E02003911,149.13745130773512
E02003915,33.85731559854898
E02003925,52.904564315352694
E02003928,93.16517493897476
E02003942,169.6315120711563
E02003946,139.74151857835218
E02003957,111.6412213740458
E02003958,101.88679245283019
E02003966,67.23259762308997
E02003985,40.803108808290155
E02003995,101.2290502793296
E02004007,23.542857142857144
E02004028,63.118091913903434
E02004062,21.467391304347824
E02004075,55.449936628643854
E02004076,277.18168812589414
E02004082,15.294117647058826
E02004092,6.676204101096804
E02004108,18.305284912902273
E02004139,48.812664907651715
E02004178,120.79646017699116
E02004186,353.76532399299475
E02004215,100.836820083682
E02004243,32.62955854126679
E02004247,38.3480825958702
E02004248,12.027491408934706
E02004268,68.38365896980461
E02004289,66.86140863356054
E02004297,51.54929577464789
E02004321,23.211359912616057
E02004327,31.58256093374528
E02004331,83.98184176394292
E02004393,104.23452768729642
E02004401,30.255196001052358
E02004402,34.592529711375214
E02004415,136.78065054211842
E02004430,22.76980661260137
E02004441,56.09224057338734
E02004443,302.48901903367494
E02004466,27.459263729631864
E02004487,71.28309572301426
E02004512,95.7468252368474
E02004520,92.63357571925387
E02004576,40.41755888650964
E02004583,57.250877666756686
E02004617,243.8739789964994
E02004669,136.58000732332476
E02004678,40.29421170450911
E02004713,42.65255292652554
E02004729,36.903984323971265
E02004757,22.468354430379744
E02004764,84.18591055247003
E02004765,40.9090909090909
E02004766,154.25531914893617
E02004798,32.608695652173914
E02004829,93.91771019677998
E02004833,185.82263710618435
E02004850,12.728459530026111
E02004854,33.47696387139543
E02004860,32.59141494435612
E02004870,294.16112342941614
E02004878,428.57142857142856
E02004887,73.09540150995196
E02004896,70.48728164266012
E02004898,67.10526315789475
E02004906,120.3852327447833
E02004910,160.9117580681562
E02004922,134.74993521637728
E02004932,44.44444444444444
E02004985,67.40073406740073
E02004995,56.856187290969906
E02005003,103.2909742587162
E02005016,82.00180886343081
E02005032,56.47417959806665
E02005033,145.32274767000345
E02005034,3.1656700668308124
E02005037,13.129102844638952
E02005070,186.30136986301372
E02005125,62.82051282051282
E02005150,119.86940298507461
E02005155,259.6938775510204
E02005156,37.39279588336192
E02005250,8.755234107346784
E02005255,66.27471940138963
E02005259,26.83581361307636
E02005272,275.26555386949923
E02005281,82.50071367399373
E02005321,30.05259203606311
E02005323,74.13853115210581
E02005365,48.174442190669374
E02005404,203.17965023847376
E02005417,58.603066439523005
E02005420,68.17554512834668
E02005429,14.180024660912451
E02005463,149.2917847025496
E02005475,337.29686880697585
E02005478,28.808481216870245
E02005489,97.48743718592965
E02005551,145.80984592258548
E02005552,146.84684684684686
E02005555,28.44796543032049
E02005571,117.21483554933518
E02005604,110.69255288322223
E02005628,114.73851030110934
E02005631,203.24803149606296
E02005641,146.1675579322638
E02005692,246.8970144246897
E02005704,165.57734204793027
E02005712,458.1331503088538
E02007106,186.4951768488746
E02005717,33.62979433018344
E02005734,12.618296529968454
E02005812,336.36850562399565
E02005816,66.46884272997032
E02005851,91.43075745983168
E02005865,89.04510837727007
E02005882,30.40238450074516
E02005888,55.28717122920022
E02005893,160.62660743511805
E02005897,129.51807228915663
E02005902,24.430871737923372
E02005913,382.77858176555725
E02005918,91.1504424778761
E02005921,402.135231316726
E02005938,38.157282456956715
E02005961,46.630236794171225
E02005978,142.7528294998175
E02006004,253.0662305805396
E02006011,35.40812523294819
E02006054,126.25033792917003
E02006094,67.45863385659736
E02006118,10.883905013192614
E02006150,42.43166054671563
E02006152,140.58106841612
E02006191,72.52141982864137
E02006201,27.966440271673992
E02006218,212.019602785659
E02006234,118.68686868686869
E02006277,17.789072426937736
E02006287,99.2282249173098
E02006289,221.2534059945504
E02006336,42.69662921348315
E02006378,39.69924812030075
E02006379,178.24533545057562
E02006409,10.32448377581121
E02006422,55.03412969283275
E02006429,198.15814544299778
E02006431,94.95896834701057
E02006467,148.1784690953745
E02006469,42.20131166238951
E02006494,154.7967479674797
E02006528,63.28574472618793
E02006535,63.27324142806645
E02006540,71.45616067979915
E02006559,7.569825110937092
E02006586,8.640120210368144
E02006588,539.7123202001251
E02006649,97.68378650553878
E02006651,77.53623188405797
E02006654,89.48962945700303
E02006661,114.31623931623932
E02006678,83.41575997362348
E02006685,353.7414965986395
E02006707,14.404852160727824
E02006712,243.13863476425053
E02006736,2.1208907741251326
E02006742,96.78329571106094
E02006747,2.4174053182917
E02006750,57.20912253575571
E02006767,151.68243953732912
E02006783,3.110957483581058
E02006789,55.597295266716756
E02006807,7.301692665117822
E02006821,47.528517110266165
E02006841,119.01747277791844
E02006851,576.8321513002364
E02006873,360.0460122699386
E02006917,919.9870424360221
E02006922,31.244545295863155
E02000031,303.86936457223993
E02000032,4.741064916119621
E02000035,105.29429162969535
E02000036,11.922881785895484
E02000060,80.58823529411765
E02000074,133.7519623233909
E02000082,29.201430274135877
E02000087,70.01909611712286
E02000101,28.683574879227052
E02000106,89.30124673818499
E02000116,70.3125
E02000133,39.63645544054531
E02000148,34.56133687808583
E02000150,54.03666773882277
E02000155,6.869479882237488
E02000204,48.951048951048946
E02000217,241.5164989468757
E02000245,171.02803738317758
E02000248,141.97105444521017
E02000251,7.37100737100737
E02000253,34.455128205128204
E02000255,91.10988404196576
E02000269,15.100154083204933
E02000271,64.78578892371996
E02000284,58.62167572204746
E02000286,70.4115972042454
E02000306,0.8347245409015025
E02000320,19.41362916006339
E02000346,886.4611783066719
E02000361,114.21978655898472
E02000367,136.19985587316836
E02000404,15.530303030303033
E02000407,14.113597246127366
E02000409,58.682634730538915
E02000412,55.690915419422204
E02000418,16.107382550335572
E02000438,12.37458193979933
E02000448,58.97435897435898
E02000466,26.275115919629055
E02000487,5.3872053872053876
E02000488,113.24570273003035
E02000506,60.18348623853211
E02000521,259.0521047983514
E02000533,25.032594524119947
E02000538,27.567975830815712
E02000551,77.41347905282332
E02000557,66.17459913463988
E02000581,22.04771972213833
E02000582,12.671059300557529
E02000627,46.51162790697675
E02000630,55.155875299760204
E02000636,51.04031209362808
E02000649,81.6451810926949
E02000685,68.21566875186178
E02000686,73.96970764353645
E02000718,0.45248868778280543
E02000734,19.46107784431138
E02000742,2.00160128102482
E02000758,87.54052802223252
E02000772,18.71345029239766
E02000801,137.1527777777778
E02000808,295.17638588912877
E02000819,33.674963396778914
E02000838,18.125323666494044
E02000875,413.44195519348267
E02000885,17.935432443204466
E02000899,22.00647249190939
E02000908,473.5510579576817
E02000916,154.87735310895607
E02000968,120.60213548048313
E02000984,27.018436109345195
E02001020,30.608135320177208
E02001070,23.679417122040075
E02006985,45.335085413929036
E02001108,116.85288640595904
E02001111,98.01912568306011
E02001149,90.5587668593449
E02001152,110.19076305220884
E02001159,320.27917797595967
E02001163,92.06121472979436
E02001165,75.45045045045045
E02001167,47.23247232472325
E02006963,1008.0560420315236
E02001193,64.02439024390243
E02001199,35.7456782888954
E02001228,315.74074074074076
E02001248,144.49087310314493
E02001310,57.35528412108338
E02001312,72.14241099312929
E02001327,253.2084634061741
E02001329,86.79135008766802
E02001343,101.80681028492006
E02001414,39.94673768308922
E02006935,155.26315789473685
E02001434,19.525801952580196
E02001442,47.14449980835569
E02001452,28.213166144200624
E02001501,18.103712795335994
E02001519,169.51618770461988
E02001520,117.7581863979849
E02001533,65.92
E02001544,22.404991491775384
E02001547,111.29528771015866
E02001550,61.606859320419176
E02001554,3.8095238095238093
E02001563,65.4578979717271
E02001569,32.85787060621497
E02001592,8.231545406266594
E02001607,21.571238348868178
E02001621,144.46854663774403
E02001630,26.409707351891505
E02001637,119.57446808510639
E02001652,266.1566868900026
E02001656,57.856673241288625
E02001674,56.86475409836066
E02001684,57.08245243128963
E02001696,11.07011070110701
E02001698,4.996876951905059
E02001702,21.01078932424759
E02001742,0.0
E02001746,37.52084491384102
E02001752,48.40444603800645
E02001754,18.252018252018253
E02001775,0.40816326530612246
E02001794,80.65380493033226
E02001851,64.77732793522267
E02001882,25.127226463104325
E02001888,75.41666666666667
E02001932,84.8229933403435
E02001942,28.9464826657691
E02001988,202.97585626052782
E02001992,75.01933488012374
E02002008,16.307893020221787
E02002019,8.381689232753063
E02002023,54.93021161638901
E02002030,68.40148698884758
E02002035,3.2128514056224904
E02002054,4.397537379067722
E02002057,74.1450068399453
E02002061,124.75633528265107
E02006943,176.95875030510132
E02002072,67.34992679355784
E02002080,73.66151634926338
E02002087,33.90461997019374
E02002101,102.07939508506615
E02002111,120.37037037037038
E02002122,221.83449651046857
E02002127,203.75769355361197
E02002129,62.831497348021216
E02002131,24.512884978001257
E02002135,132.3017408123791
E02002144,7.606084867894316
E02002161,63.478977741137676
E02002179,12.4031007751938
E02002192,39.641943734015335
E02002204,42.244897959183675
E02002241,57.38207065550337
E02002283,9.531703273932864
E02002291,67.92174234034698
E02002297,22.358456545257848
E02002303,7.638888888888889
E02002317,93.4931506849315
E02002337,132.15547703180212
E02002361,4.8740861088545895
E02002366,9.845288326300984
E02002373,51.68539325842697
E02002380,15.724606884827878
E02002440,33.48837209302326
E02002446,35.20309477756285
E02002460,79.07272149888853
E02002480,18.33146277590722
E02002483,153.10631661034574
E02002485,86.35578583765111
E02002502,89.95215311004785
E02002504,10.217800484001076
E02002512,62.585034013605444
E02002569,47.290388548057265
E02002581,12.226512226512227
E02002629,76.50695517774344
E02002655,2.7824151363383414
E02002680,123.40105342362678
E02007081,57.68073978161353
E02002738,2.9761904761904763
E02002744,6.697215368346845
E02002818,32.608695652173914
E02002821,30.87557603686636
E02002824,50.861141011840694
E02002848,16.44736842105263
E02002857,113.50427350427351
E02002893,41.24886052871467
E02002915,272.2457627118644
E02002921,114.29471032745592
E02002926,110.99498327759198
E02002928,93.0232558139535
E02002951,74.28214731585518
E02002957,7.019185774450164
E02002966,175.3846153846154
E02002978,81.27461510920158
E02002979,24.578313253012052
E02003000,50.65274151436032
E02003036,32.967032967032964
E02003044,30.640668523676876
E02003053,31.418312387791744
E02003055,89.80115458627326
E02003077,63.026896828582906
E02003088,167.19791364821788
E02003126,177.3805431419732
E02003137,16.32
E02003138,13.384321223709367
E02003166,231.54748217981148
E02003183,35.44303797468354
E02003201,71.55675190668461
E02003205,33.691115086463924
E02003224,1.5731515469323547
E02003237,23.076923076923077
E02003305,158.25786977145322
E02003307,42.439644218551464
E02003312,113.0986728216965
E02003340,47.64890282131662
E02003342,9.349435138293728
E02003345,75.82322357019063
E02003358,334.2527582748245
E02003360,146.74063800277392
E02003366,32.52032520325203
E02003414,64.93789496622357
E02003416,110.10946555054733
E02003424,190.37900874635565
E02003431,15.018315018315018
E02003476,4.545454545454546
E02003506,108.32462556600487
E02003522,88.72767857142856
E02003542,5.723630417007358
E02003553,16.70843776106934
E02003557,11.986923356338542
E02003560,11.184210526315791
E02003564,23.60391479562464
E02003576,13.686662783925453
E02003579,280.309800417039
E02003595,40.13285358427899
E02003599,55.90339892665474
E02003612,266.71694318753146
E02003615,217.90785279629094
E02003621,4.539951573849879
E02003624,56.26598465473146
E02003656,192.75653923541245
E02003660,126.07899555323044
E02003706,25.96913812570568
E02003716,83.73983739837398
E02003722,80.98685974792168
E02003731,145.44392523364485
E02003749,63.77042646472698
E02003752,68.76790830945558
E02003770,337.9138038725796
E02003802,164.48291998128212
E02003829,83.95449195763044
E02003851,4.631578947368421
E02003854,81.20133481646273
E02003875,32.823573293547184
E02003880,12.704174228675134
E02003907,143.6545240893067
E02003934,96.92757863935624
E02003953,112.24007561436672
E02003961,158.5618210036213
E02003974,30.915920254261778
E02004008,72.17610970768675
E02004023,95.82863585118378
E02004031,19.266625233064012
E02004043,59.15586573612495
E02004055,24.650030432136333
E02004065,12.52723311546841
E02004084,5.999250093738283
E02004109,27.430555555555554
E02004130,95.71876087713191
E02004140,40.675364543361475
E02004153,15.843429636533084
E02004162,18.1706190329535
E02004184,68.23329558323894
E02004197,316.97981906750175
E02004199,124.31372549019609
E02004229,284.841075794621
E02004230,23.442319555829737
E02004237,30.917874396135268
E02004253,90.51724137931033
E02004258,69.96699669966996
E02004271,55.12704174228675
E02004275,48.1283422459893
E02004279,71.92296117965694
E02004305,153.03983228511527
E02004344,37.91615289765721
E02004357,5.245901639344263
E02004359,15.786452353616532
E02004392,67.87579005221215
E02004427,62.106210621062104
E02004434,68.3429526240352
E02004447,46.8
E02004465,80.370942812983
E02004500,47.16205100082259
E02004507,0.4793863854266539
E02004515,342.70833333333337
E02004516,184.80955600631057
E02004536,30.158730158730155
E02004559,180.80711789005403
E02004562,206.30861040068203
E02006981,81.63265306122447
E02004567,61.60229811682094
E02004584,16.22464898595944
E02004610,55.2791597567717
E02004628,56.54482974070602
E02004643,24.333333333333332
E02004707,32.45749613601237
E02004723,78.09224318658279
E02004734,35.69794050343249
E02004744,165.17994463242084
E02004759,20.067922198209324
E02004788,10.73779009352269
E02004789,32.682705401724924
E02004808,187.32057416267946
E02004836,78.08911345888838
E02004837,103.16946959896508
E02004857,186.38297872340428
E02004869,53.20540776275621
E02004872,57.47947161727955
E02004923,65.86402266288952
E02004929,33.93843725335438
E02004945,31.749369217830107
E02004949,83.22038492816482
E02004962,65.39664486778504
E02004966,100.60851926977686
E02004974,136.46391427670972
E02004978,292.485549132948
E02004982,2.4916943521594686
E02005006,139.07888736890106
E02005008,146.7715680954965
E02005020,83.42059336823735
E02005031,87.4769797421731
E02005045,211.64342025469983
E02005047,50.08944543828265
E02005051,42.61878853826623
E02005086,332.7563825183903
E02005090,28.27442827442828
E02005104,15.643447461629279
E02005122,118.42576028622541
E02005127,64.8854961832061
E02005135,33.20918684047176
E02005138,44.41656210790464
E02005177,26.591458501208702
E02005180,82.58774948382656
E02005202,72.265625
E02005210,5.281332520820637
E02005236,62.59071117561683
E02005245,23.872679045092838
E02005251,34.994294408520354
E02005265,30.38674033149171
E02005267,18.738574040219376
E02005294,222.4797219003476
E02005297,55.15656420568802
E02005345,73.07692307692307
E02005363,171.19565217391303
E02005379,119.66824644549762
E02005385,106.13861386138615
E02005425,78.86904761904762
E02005443,68.61819326408562
E02005491,126.51576394502828
E02005500,217.99790722009072
E02005524,31.678082191780817
E02005534,15.169541939321832
E02005535,33.3555703802535
E02005538,111.13917655973731
E02005575,64.7760232033516
E02005583,67.95105441291331
E02005600,82.82476024411507
E02005657,64.65517241379311
E02005658,60.33476060724017
E02005664,27.677496991576415
E02005666,46.846846846846844
E02005667,86.32286995515695
E02005680,83.41810783316379
E02005685,415.19953051643193
E02005697,127.53036437246963
E02005706,23.1000231000231
E02005709,97.18498659517427
E02005730,61.83406113537118
E02005747,95.98948060486522
E02005768,295.2906236741621
E02005770,5.131964809384163
E02005790,134.86370157819226
E02005795,131.28326434062686
E02005802,20.184544405997688
E02005852,105.07880910683014
E02005863,49.1698595146871
E02005886,118.41172299692745
E02005899,93.03733602421795
E02005928,548.235294117647
E02005962,238.96499238964992
E02005966,104.94799873936338
E02005993,228.4191829484902
E02006012,74.52093683463448
E02006016,154.02451142762504
E02006021,177.77777777777777
E02006024,50.26842362127868
E02006033,165.59526870660838
E02006049,8.84117461319861
E02006055,48.34401709401709
E02006079,146.4354527938343
E02006119,47.68744613616778
E02006123,25.22935779816514
E02006126,38.256227758007114
E02006136,63.27930174563591
E02006166,14.824363519174991
E02006172,18.940302085830737
E02006175,59.4471790988262
E02006189,38.56124432922878
E02006212,21.469609918355008
E02006226,75.54517133956386
E02006240,254.71980821096793
E02006241,25.29960053262317
E02006255,6.7170445004198145
E02006264,229.77443609022555
E02006270,146.43827031543762
E02006276,462.2710622710623
E02006298,112.38044633368756
E02006300,77.36554501006614
E02006302,42.48704663212435
E02006308,40.617848970251714
E02006329,79.22668688400303
E02006390,443.84173580089345
E02006424,31.779661016949156
E02006435,48.70817450232952
E02006436,52.38893545683152
E02006462,12.878107217729859
E02006464,10.409437890353923
E02006470,84.99170812603649
E02006471,32.82122905027933
E02006510,273.21565617805066
E02006512,167.99999999999997
E02006549,50.279329608938546
E02006552,39.57250144425188
E02006579,33.3435301315387
E02006598,49.45054945054944
E02006629,6.487761722205839
E02006631,105.15672396359959
E02006633,17.914438502673796
E02006669,94.99770536943552
E02006714,124.7274313126908
E02006720,99.69788519637461
E02006755,101.26582278481013
E02006757,88.64751226348983
E02006827,51.862891207153496
E02006838,76.18369526521893
E02006844,198.41521394611732
E02006847,17.74148127288088
E02006858,20.781637717121587
E02006882,8.52141870105942
E02006887,482.5443786982249
E02006897,719.047619047619
E02006905,76.71480144404332
E02006916,411.7287721441661
E02000026,30.84935897435897
E02000051,126.37828668363018
E02000059,308.7719298245614
E02000073,6.55241935483871
E02000099,3.9539899352983463
E02000102,34.85576923076923
E02000114,70.86167800453515
E02000132,127.89203084832907
E02000153,22.37762237762238
E02000162,51.2287988923503
E02000171,31.410622501427756
E02000177,68.82276843467011
E02000181,25.43068088597211
E02000208,76.68149699031667
E02000209,57.211373758136354
E02000237,39.15857605177994
E02000241,44.80135249366019
E02000244,51.918735891647856
E02000254,7.639726578206675
E02000261,240.87591240875912
E02000278,32.33679072605247
E02000295,6.27427547057066
E02000319,3.1039834454216244
E02000327,251.59100551548582
E02000329,8.037225042301184
E02000357,107.29956122856002
E02000364,70.01795332136446
E02000378,24.457352491592783
E02000422,12.303485987696515
E02000428,23.56780275562002
E02000463,9.325681492109041
E02000474,24.4735344336938
E02000479,110.22952677812413
E02000502,103.64869228285437
E02000507,14.876632801161103
E02000509,190.23136246786632
E02006973,472.9559748427673
E02000537,21.119324181626187
E02000544,5.370569280343717
E02000554,35.02129673450071
E02000573,282.35014272121794
E02000585,25.771880581781065
E02000640,28.005284015852045
E02000676,15.990159901599018
E02000687,36.08847497089639
E02000690,45.65217391304348
E02000721,74.53416149068323
E02000730,9.414654113794516
E02000732,302.6655202063629
E02000740,12.910798122065726
E02000743,243.6916695471829
E02000773,39.37566512947854
E02000788,18.548827059465356
E02000789,17.194875252865813
E02006942,141.677897574124
E02000815,784.181240063593
E02000817,91.13563545745816
E02000847,66.78131269704787
E02000889,573.8103508162557
E02000906,6.843455945252352
E02000910,90.88639200998752
E02000945,38.71201157742402
E02000954,29.578077424967375
E02000971,67.29444189251262
E02000972,323.1179213857429
E02000989,34.09403354412977
E02000990,87.64455264759587
E02001000,23.526558331312152
E02001018,24.268617021276594
E02001021,23.11396468699839
E02001026,132.93380550258783
E02001034,43.069694596711045
E02001046,107.43174924165827
E02006983,698.3573917371828
E02001064,205.84988962472406
E02001067,73.59535742548141
E02001069,51.98324710519832
E02001085,26.440037771482526
E02001103,25.499362515937108
E02001104,87.67424798239179
E02001113,16.891891891891895
E02001142,10.01669449081803
E02001154,39.206747207659
E02001169,62.79397930385701
E02001198,23.944926668662077
E02001246,37.524053880692755
E02001272,15.01766784452297
E02001303,70.05347593582887
E02001305,61.611374407582936
E02001318,35.91404180158964
E02001348,5.717916137229987
E02001376,53.840063341250996
E02001400,83.1278619232124
E02001405,98.94077997111216
E02001439,86.35199414562753
E02001455,37.7617576381737
E02001463,78.47451411807846
E02001473,14.916467780429596
E02001478,55.31793555745651
E02001500,16.079158936301795
E02001528,44.98191681735986
E02001531,217.6709546377793
E02001534,72.89473684210526
E02001537,29.503546099290777
E02001565,218.8811188811189
E02001567,12.942419440042263
E02001583,23.937267849773008
E02001597,23.15270935960591
E02001598,7.620452310717797
E02001604,571.3458755426917
E02001632,27.459954233409604
E02001633,75.85772741580107
E02001634,21.828103683492497
E02001647,22.37136465324385
E02001662,2.9463759575721857
E02007095,684.6191169335275
E02001713,21.189336978810665
E02001745,95.83632447954055
E02001760,66.5514261019879
E02001801,22.266401590457257
E02001819,75.63850687622791
E02001824,55.88393336915636
E02001860,12.272089761570825
E02001868,9.101251422070535
E02001872,7.352941176470589
E02001875,96.20098039215686
E02001900,6.095238095238095
E02001910,11.587982832618025
E02001935,16.6769610870908
E02001938,81.86244674376141
E02001947,3.4855350296270475
E02001970,104.68876313662085
E02002034,64.17830290010741
E02002036,13.703570140641906
E02002040,12.350597609561751
E02002058,51.49286023366508
E02002073,0.3487966515521451
E02002089,78.46952010376135
E02002112,10.365029292474087
E02002114,11.355034065102192
E02002130,86.22047244094487
E02002138,3.4587116299178557
E02002147,158.3901330736774
E02002156,10.266940451745379
E02002174,33.94957983193277
E02002194,53.42774380431284
E02002203,59.3607305936073
E02002212,235.3982300884956
E02002222,13.58695652173913
E02002233,14.471243042671613
E02002245,60.22122081114298
E02002249,16.771488469601675
E02002259,57.89110957960027
E02002281,32.02764976958526
E02002284,53.24773413897281
E02002324,81.46567057986482
E02002336,105.80325548478415
E02002348,78.47451411807847
E02002351,50.331125827814574
E02002408,41.615667074663406
E02002420,10.306153379812063
E02002437,34.76482617586912
E02002452,196.34703196347033
E02002454,146.21947631656369
E02002462,66.82649086005394
E02002472,11.890118901189012
E02002494,30.008826125330977
E02002556,56.85986793837124
E02002567,388.90620130881894
E02002570,13.698630136986301
E02002580,84.06304728546411
E02002583,124.47462010992564
E02002585,64.73351031243618
E02002637,1.122334455667789
E02002644,1.4236902050113895
E02002666,6.296194908294552
E02002679,38.115897118066314
E02002684,67.41573033707866
E02002707,42.69350919819507
E02002723,56.476538353470076
E02002727,57.0215347285411
E02002737,0.0
E02002747,257.55353476092694
E02002770,69.67919972404276
E02002801,7.2784810126582276
E02002812,192.13813372520207
E02002820,3.462775166955231
E02002836,19.16320664324497
E02002855,73.58219669777458
E02002886,116.34671320535196
E02002896,66.1024702653248
E02002903,4.197271773347325
E02002946,40.211329615497505
E02002955,20.584329349269588
E02002958,28.026905829596412
E02002969,83.15151515151516
E02002985,383.2720588235294
E02003011,171.830985915493
E02003013,17.938144329896907
E02003015,70.60755336617406
E02003040,57.377049180327866
E02003051,64.64146944542564
E02003058,81.85610010427528
E02003082,41.994161239613746
E02003086,8.540925266903914
E02007064,503.9875941515286
E02003125,22.280966767371602
E02003127,14.379084967320262
E02003141,8.401084010840108
E02003143,4.552352048558421
E02003172,33.11011904761905
E02003176,18.817204301075268
E02003177,20.075282308657464
E02003216,93.8378931219637
E02003217,85.76576576576576
E02003219,1119.4794952681389
E02003227,17.569021154535672
E02003255,510.1932750860472
E02003271,14.41578148710167
E02003283,53.75087637298434
E02003290,30.899519340810247
E02003294,9.691405253761797
E02003315,86.10201216658868
E02003333,28.27586206896552
E02003343,10.282776349614396
E02003352,69.96381182147165
E02003363,151.20410580339518
E02003371,12.243113248797552
E02003391,23.73706634205721
E02003396,22.7784730913642
E02006939,452.894245459175
E02007069,339.1752577319587
E02003467,73.49397590361446
E02003515,51.380158513255
E02003524,1.9505851755526658
E02003549,11.934011934011938
E02003556,27.114528530959127
E02003572,22.14170692431562
E02003582,50.056882821387944
E02003589,46.385542168674704
E02003600,29.7339593114241
E02003641,1.7913121361397224
E02003647,193.42309684101502
E02003648,34.904805077062555
E02003673,263.6551520519634
E02003687,49.95417048579285
E02003690,160.72701354240914
E02003705,25.29104777197912
E02003733,82.01523140011717
E02003739,70.69555302166476
E02003757,201.33176654915786
E02003769,88.44561535566427
E02003787,165.61775422325275
E02003793,52.2466039707419
E02003798,34.163987138263664
E02003822,215.09598603839441
E02003827,151.98351365275633
E02003845,331.7732709308372
E02003900,14.563106796116504
E02003912,114.98855835240273
E02003979,41.19402985074627
E02004001,12.065813528336381
E02004002,9.479768786127169
E02004012,75.47169811320754
E02004016,48.421615837346174
E02004054,99.97319753417315
E02004068,32.404603270745
E02004072,155.2928533046749
E02004073,28.33615887624121
E02004110,12.436224489795919
E02004113,172.58505090638192
E02004133,223.38992185394773
E02004136,193.34902884049438
E02004149,8.951883625512869
E02004163,358.77862595419845
E02004204,109.21248142644875
E02004225,59.88515176374076
E02004228,66.07773851590106
E02004242,21.345407503234153
E02004259,49.293222181949986
E02004262,65.06099468251486
E02004303,22.844089091947456
E02004340,61.512884455527846
E02004351,50.717703349282296
E02004367,13.525433695971772
E02004386,104.16666666666666
E02004433,13.817393660254675
E02004436,64.29026098026735
E02004472,26.953125
E02004477,9.593246354566386
E02004501,10.645375914836992
E02004506,59.718100890207715
E02004517,139.4751853964632
E02004518,197.83197831978313
E02004534,13.322457857531267
E02004557,95.09658246656763
E02004561,83.48180198523796
E02004570,38.707880813143966
E02004578,147.23926380368098
E02004590,32.15847697453048
E02004615,170.79966564502644
E02004621,75.41089268449888
E02004625,180.3687095166916
E02004634,258.972554539057
E02004636,2.4449877750611253
E02004646,37.5462718138551
E02004666,114.56521739130434
E02004671,353.62903225806446
E02004702,8.022215365627893
E02004714,14.239098190447935
E02004715,177.3111694371537
E02004731,15.470297029702971
E02004749,7.521255722694572
E02004753,163.3341989093742
E02004769,18.563357546408394
E02004782,52.980132450331126
E02004796,22.77529936604837
E02004810,250.59422750424451
E02004848,72.2035166479611
E02004863,12.210394489668127
E02004866,33.98596231991134
E02004875,131.3188364868681
E02004882,60.205094277208076
E02004907,135.13513513513516
E02004909,146.20689655172413
E02004935,236.0010925976509
E02004937,130.40265977096414
E02004940,65.21008403361346
E02004941,50.491629019399404
E02004958,39.14715134568332
E02004960,33.42490842490843
E02004963,14.254385964912279
E02004998,16.485575121768452
E02005027,39.94552882433045
E02005057,70.42932947419199
E02005084,281.5044590926716
E02005099,50.22970903522206
E02005114,26.652452025586356
E02005123,184.84288354898337
E02005148,68.38861168183153
E02005166,96.86509334272633
E02005196,427.30874733313016
E02005234,74.91856677524429
E02005248,15.095879232966137
E02005252,78.32977750685767
E02005254,943.8291139240507
E02005275,220.8642514185945
E02005280,59.331931791637466
E02005293,22.213407378024595
E02005295,94.4
E02005298,272.75803722504236
E02005328,104.39398407549395
E02005332,54.21853388658368
E02005339,47.972587093089665
E02005354,148.5036702428007
E02005360,45.954438334642575
E02005362,135.51579748762845
E02005381,177.32386027235052
E02005392,106.94626474442987
E02005448,7.037747920665387
E02005453,84.70124753775443
E02005467,129.635400436273
E02005479,218.94322653175942
E02005487,53.22052401746725
E02005493,122.391136305076
E02005513,237.8628307218084
E02005528,68.24361065796629
E02005530,71.6524854455889
E02005531,6.345177664974619
E02005544,30.748206354629314
E02005566,78.35726883345932
E02005635,115.06693249786386
E02005640,82.91571753986334
E02005650,157.18499789296249
E02005687,137.09677419354838
E02005703,75.87301587301587
E02005748,83.3592534992224
E02005751,62.71319863552873
E02005756,71.45631067961165
E02005759,188.04319199367922
E02005760,72.90836653386454
E02005771,60.85131894484413
E02005784,28.967254408060455
E02005805,200.18856065367692
E02005810,78.27566647759502
E02005839,124.23916935195132
E02005859,58.65559304438101
E02005874,21.574973031283708
E02005934,8.779382611158313
E02005944,166.3704230359047
E02005949,24.139295607439653
E02005951,5.787037037037037
E02005979,136.53433476394852
E02006002,151.1415525114155
E02006010,80.22504688476765
E02006026,144.70377019748653
E02006041,58.25242718446602
E02006053,182.17255717255716
E02006146,229.97237569060772
E02006162,18.488308863512778
E02006171,18.5
E02006223,7.619738751814222
E02006228,86.13617719442166
E02006282,77.14915503306392
E02006293,68.47640009782344
E02006313,26.76991150442478
E02006324,30.29210241615579
E02006339,191.47676827463744
E02006345,26.54500207382829
E02006350,32.91666666666666
E02006398,164.87455197132616
E02006399,171.62221250546565
E02006405,180.22528160200247
E02006414,9.84639621898385
E02006415,48.57236626189694
E02006419,44.49496589801884
E02006433,83.77659574468085
E02006473,66.90058479532163
E02006483,16.69242658423493
E02006484,18.833535844471445
E02006485,8.550053437833986
E02006488,24.33786685755189
E02006501,100.64184852374838
E02006506,70.8316752884998
E02006522,109.5831542758917
E02006538,93.61911800936191
E02006544,210.27131782945736
E02006547,270.4347826086956
E02006589,75.25195968645016
E02006596,159.4853381208857
E02006659,157.82449115782447
E02006705,66.69031571479248
E02006708,44.17788180222354
E02006731,27.724297266076242
E02006733,30.871434153966387
E02006737,81.40877598152424
E02006759,245.05327245053275
E02006761,63.04034582132565
E02006773,36.93931398416886
E02006812,41.741204531902206
E02006836,37.558685446009385
E02006846,400.76203671631447
E02006848,96.47302904564316
E02006849,128.60052371254
E02006868,114.4435674822415
E02006967,11.42733937041828
E02000034,68.76285630326183
E02000050,39.44977939268104
E02000079,187.32782369146003
E02000104,112.51694532309082
E02000144,159.48838423388148
E02000152,152.4971406786123
E02000158,32.18157181571816
E02000161,7.71742356782428
E02000180,161.75604007071303
E02000187,331.9148936170213
E02000193,103.8961038961039
E02000225,8.493353028064993
E02000268,33.99581589958159
E02000275,213.51478179258564
E02000279,33.516988062442614
E02000287,264.5669291338583
E02000298,16.910569105691057
E02000314,15.289821999087174
E02000347,117.71177117711774
E02000348,135.5206847360913
E02000354,69.52662721893492
E02000369,285.68627450980387
E02000391,26.615969581749052
E02000411,833.0241187384046
E02000416,178.1692174415247
E02000510,21.589486858573217
E02000558,83.33333333333334
E02000562,52.031163049526995
E02000586,53.36551354250469
E02000610,68.9564068692206
E02000638,25.828460038986353
E02000653,554.5531435015506
E02000663,37.20289355838788
E02000706,88.37066584841973
E02000710,42.394014962593516
E02006998,1100.45766590389
E02000764,15.639374425022998
E02000765,25.114155251141554
E02007020,81.47647985595317
E02000787,111.87500000000001
E02000820,40.020655822359934
E02000830,28.284430346286015
E02000859,48.07413843035042
E02000861,38.0064539261384
E02000865,104.59645313065508
E02000871,468.94110074026383
E02000917,75.67726737338045
E02000920,86.19685497961561
E02000966,8.697496817988968
E02000977,336.0718870346598
E02001024,14.666267584555525
E02001032,37.5
E02001049,30.377871079278833
E02001051,41.85086943707633
E02001065,71.29654079746501
E02001072,39.02699812884255
E02001073,26.151930261519304
E02001081,47.190201729106626
E02001093,87.61249338274219
E02001102,63.43434343434345
E02001118,8.070714834742505
E02001127,61.29032258064517
E02001132,88.11188811188812
E02001140,51.72413793103449
E02001151,90.76803723816909
E02001176,77.90946182242082
E02001188,87.35369683128746
E02001201,43.60345536816125
E02001205,132.23593964334705
E02001232,9.132420091324201
E02001243,52.13941626523095
E02001253,6.175562417291575
E02001280,34.85103991006183
E02001302,49.830821285758226
E02001351,15.07823613086771
E02001353,4.393376140588036
E02001366,9.311443273707425
E02001373,17.60821716801174
E02001388,9.59232613908873
E02001390,106.74157303370788
E02001399,0.6978367062107467
E02001428,47.513321492007115
E02001432,15.158270173874277
E02001454,28.502747252747252
E02001459,16.393442622950822
E02001465,109.51638065522624
E02001468,16.736401673640167
E02001490,3.7670240509997104
E02001491,21.28345694937117
E02001495,50.14836795252226
E02001502,174.07912687585264
E02001504,4.5662100456621
E02001508,57.5723199092456
E02001515,87.54466564573762
E02001517,53.65429234338748
E02001518,47.3034734917733
E02001522,128.0
E02001536,61.99106908326767
E02001553,128.3090865728595
E02001570,90.87989723827876
E02001575,194.48721622835117
E02001576,264.7417649450996
E02001589,13.631090487238978
E02001609,28.507546115148127
E02001631,24.426571343461426
E02001635,13.310580204778159
E02001719,2.128225591912743
E02001720,30.511516601854623
E02001778,30.282408982647162
E02001789,21.85350060704168
E02001798,32.22060957910014
E02001804,28.085735402808574
E02001873,12.15497594327678
E02001899,65.29850746268656
E02001907,76.06318347509111
E02001925,25.604551920341393
E02001937,20.313942751615883
E02001943,6.170458927882762
E02001945,42.285345384118784
E02001961,49.74061641745499
E02001986,29.272372456091443
E02001995,237.54045307443366
E02002021,108.52941176470588
E02002065,75.78166401695813
E02002075,25.327024770386863
E02002076,15.181960258986383
E02002090,16.941789748045174
E02002123,6.310319227913882
E02002160,93.7726285300507
E02002177,241.55980109918866
E02002185,44.794188861985475
E02002189,10.671409515340152
E02002205,55.40661304736371
E02002215,32.56494694474936
E02002238,9.033778476040847
E02002287,30.014641288433392
E02002305,30.693444486547936
E02002313,8.647798742138367
E02002322,29.845379359942466
E02002340,78.47003154574132
E02002354,26.74278846153846
E02002359,77.17273710782547
E02002362,21.617069062324536
E02002375,61.411149825783966
E02002392,244.8979591836735
E02002405,185.5638166047088
E02002409,30.76338777060387
E02002421,9.965504024530471
E02002442,117.77225966654841
E02002459,50.330452465683784
E02002534,17.820980153908465
E02002541,13.937282229965158
E02002620,64.49612403100775
E02002661,44.76726949303291
E02002687,29.720913374411023
E02002706,101.6611295681063
E02002711,109.39470365699874
E02002720,89.99999999999999
E02002728,56.23471882640587
E02002743,12.382739212007504
E02002748,60.37735849056604
E02002872,14.150943396226417
E02002898,56.71482075976458
E02002954,3.868471953578336
E02002959,116.5075034106412
E02006974,15.401216950758636
E02002973,11.727688787185354
E02002986,393.1512787169484
E02003002,261.13013698630135
E02003017,18.640350877192983
E02003025,128.76008804108585
E02003027,74.04980340760157
E02003074,24.651972157772622
E02003085,27.517387360145147
E02003093,50.623624358033744
E02003114,41.493775933609946
E02006990,90.0
E02003158,28.469750889679716
E02003168,75.9493670886076
E02003257,24.065685164212912
E02006938,303.19048518029075
E02003301,218.7091716749412
E02003338,115.6595191682911
E02003346,155.90551181102364
E02003359,0.7054673721340388
E02003370,55.26116578349736
E02003412,46.1411700082395
E02003420,47.3746545598105
E02003426,24.45579145391024
E02003435,35.513361462728554
E02003438,143.27343370568235
E02003502,21.939586645469
E02003527,54.06456631660833
E02003555,232.48407643312103
E02003598,29.94505494505495
E02003609,213.1967008247938
E02003613,35.19061583577713
E02003616,35.16483516483516
E02003654,76.53985507246377
E02003661,72.60406582768637
E02003677,65.31591575579844
E02003678,38.724373576309794
E02003689,138.9240506329114
E02003724,84.2669264490989
E02003772,22.05882352941176
E02003773,62.759575449930786
E02003799,29.326458266194003
E02003803,96.40734039803567
E02003812,211.2443158329888
E02003824,375.4512635379062
E02003830,83.72237784002489
E02003864,131.6225165562914
E02003903,19.498607242339833
E02003906,240.0508044030483
E02003930,87.22222222222223
E02003951,20.205479452054792
E02003967,29.329608938547484
E02003968,81.49134487350197
E02003975,203.7104401600582
E02004006,32.85787060621497
E02004015,55.745554035567714
E02004038,33.763381828163595
E02004040,132.0393657736468
E02004057,32.37198351971748
E02004059,27.537128712871286
E02004100,126.24378109452735
E02004114,253.87290546949097
E02004118,378.14814814814815
E02004120,560.1102307957285
E02004126,157.19508142239945
E02004128,178.7709497206704
E02004155,20.27231467473525
E02004164,70.98653076083
E02004168,87.4177029992685
E02004190,201.52207001522072
E02004195,27.703984819734345
E02004198,53.02013422818792
E02004223,162.1114124765283
E02004226,52.510666229077785
E02004240,57.841614906832305
E02004241,93.17521781219747
E02004254,36.292300147130945
E02004260,125.60096153846155
E02004274,31.989336887704102
E02004276,46.21400639886242
E02004339,91.09109109109109
E02004362,25.104602510460253
E02004395,56.56232839099396
E02004397,71.98096371207613
E02004406,56.224899598393584
E02006979,587.2641509433962
E02004566,50.86170659941152
E02004577,339.57732949087415
E02004581,238.63269912931312
E02004638,26.695842450765866
E02004642,33.18777292576419
E02004653,392.3705722070845
E02004667,51.87798298402158
E02004668,124.04994571118348
E02004742,7.118539151965336
E02004748,61.46423327040066
E02004778,65.24064171122994
E02004787,31.32183908045977
E02004792,17.727639000805798
E02004805,65.68686262747451
E02004807,72.65521796565389
E02004813,16.083634901487738
E02004828,153.53858456617354
E02004840,118.66532865027597
E02004867,90.79550187421907
E02004877,53.86416861826697
E02004892,161.69865251122908
E02004904,145.21319388576026
E02004911,11.243611584327086
E02004925,41.27966976264191
E02004944,194.60726846424382
E02004965,12.345679012345677
E02004970,56.67389284608238
E02004996,45.63194235965175
E02005009,99.0990990990991
E02005063,181.044957472661
E02005073,97.81455548482919
E02005076,142.98194525334887
E02005136,23.61460957178841
E02005151,44.40389294403892
E02005162,180.08575512148644
E02005169,114.2548596112311
E02005173,73.11194429566149
E02005175,106.41442506650904
E02005186,76.46592709984152
E02005205,132.99531981279253
E02005212,47.82790309106098
E02005225,152.38095238095238
E02005286,75.94167679222357
E02005289,6.500956022944551
E02005300,60.0672753483902
E02005324,333.3333333333333
E02005326,1.7672304973491544
E02005338,286.5370770338373
E02005353,131.79916317991635
E02005361,14.75881929445644
E02005376,177.9187817258883
E02005398,153.5796766743649
E02005407,422.8669922436081
E02005424,88.53071712216772
E02005427,55.34181710565256
E02005432,95.0650923402967
E02005433,20.55845351334765
E02005435,110.87484811664642
E02005439,141.33507284192214
E02005442,84.87084870848709
E02005476,32.15114352005303
E02005477,76.61927330173775
E02005480,15.379238028661307
E02005481,89.86960882647945
E02005495,96.68815292287175
E02005506,60.85121350685894
E02005509,259.05463474524254
E02005559,25.289778714436245
E02005560,43.20804971885173
E02005588,45.87935429056924
E02005619,89.86371379897783
E02005633,232.63009845288323
E02005638,51.017778922958
E02005656,45.93175853018373
E02005662,18.037518037518037
E02005668,67.74441878367975
E02005696,56.14320585842148
E02005764,57.15541877335679
E02005772,70.13301088270859
E02005794,48.33169774288518
E02005796,30.262720319255074
E02005819,49.100449775112445
E02005870,35.847142374027726
E02005872,195.06369426751593
E02005915,60.492282019190654
E02005919,174.43298969072163
E02005926,230.21806853582552
E02005940,128.42267643655995
E02005942,17.087062652563063
E02005953,9.144947416552355
E02005965,126.55417406749557
E02005970,36.0738255033557
E02006008,426.1158021712906
E02006009,52.99963194700037
E02006028,136.30155695165254
E02006047,96.84025746050322
E02006061,88.10340279609602
E02006067,61.91117092866756
E02006074,342.0824920680704
E02006113,40.119760479041915
E02006141,152.38748000913867
E02006193,269.78417266187046
E02006205,52.64879005886199
E02006211,18.09453471196455
E02006219,204.45017736214123
E02006307,11.664564943253469
E02006310,27.963525835866264
E02006323,123.73490042442052
E02006332,96.61082976236854
E02006333,104.91367861885792
E02006371,88.59504132231406
E02006380,79.69978556111508
E02006441,152.00242718446606
E02006465,30.290952570745315
E02006466,239.04619970193735
E02006534,12.697516930022577
E02006572,215.39269766220121
E02006574,50.38042360682707
E02006577,77.24931838836716
E02006578,251.87152861627627
E02006597,313.05449936628634
E02006621,8.708708708708707
E02007026,364.3617021276596
E02006684,128.14974802015837
E02006687,108.05435863440503
E02006704,40.48582995951417
E02006717,282.3577906018137
E02006724,49.963530269876
E02006754,68.21221578243423
E02006768,7.560137457044672
E02006799,44.977924944812365
E02006832,24.71636952998379
E02006835,70.63492063492063
E02006842,55.580457194083365
E02006894,183.85148736300604
E02006904,321.09849485080537
E02000002,63.398451898267595
E02000013,10.559999999999999
E02000015,62.776025236593064
E02000024,72.50608272506082
E02000126,406.0928719313812
E02000128,20.29274783765802
E02000135,34.302589731940024
E02000138,37.959083066305155
E02000142,43.557721596101125
E02000184,184.40492476060194
E02000188,67.19242902208201
E02000191,97.28033472803345
E02000195,36.56413232733604
E02000200,69.53555497244817
E02000211,43.30588594083562
E02000224,91.87065578724689
E02000227,7.008864151721294
E02000240,36.604774535809014
E02000290,126.18296529968454
E02000309,37.516512549537644
E02000315,60.174418604651166
E02000326,6.480218281036835
E02000345,30.820646119569254
E02000355,40.432098765432094
E02000398,20.641356431994105
E02000435,41.422287390029325
E02000439,150.86683880486908
E02000440,12.633624878522838
E02000445,87.11283185840708
E02000465,86.6093366093366
E02000480,299.58677685950414
E02000493,45.32577903682719
E02000498,29.28543537680594
E02000500,69.1884901390236
E02000512,18.53099730458221
E02000522,59.65126950137656
E02000524,86.51502843216896
E02000560,63.26723323890463
E02000567,31.80068867733441
E02000576,344.2850532161036
E02000580,11.512065530219171
E02000597,33.246603064469504
E02000611,7.550018875047188
E02000619,116.2169382847983
E02000635,215.44515494343332
E02000660,22.13719595517901
E02000703,11.144883485309018
E02000720,3.153153153153153
E02000722,30.920829085966705
E02000739,35.43307086614173
E02000782,313.2234303753069
E02000783,10.666666666666666
E02000814,239.42208462332303
E02000824,127.49788910779624
E02000837,12.727272727272727
E02000844,41.065126724414505
E02000850,21.55065642804062
E02000856,59.38037865748709
E02000864,416.66666666666663
E02000866,71.29798903107861
E02000923,59.74669603524228
E02000928,23.10866574965612
E02000947,60.99476439790577
E02000952,38.956127080181545
E02000962,90.86799276672696
E02000974,224.88584474885843
E02001003,16.14035087719298
E02001004,4.7095761381475665
E02001012,18.84206920178143
E02001063,102.23201984017635
E02001075,29.518072289156624
E02001080,33.26403326403326
E02001112,67.90383804301982
E02001175,63.82978723404255
E02001177,94.65331569998109
E02001181,3.0698388334612434
E02001183,122.93314162473041
E02001185,4.0399239543726235
E02001190,101.53946937438585
E02001196,19.76639712488769
E02001223,7.150518412584912
E02001224,5.432673651532791
E02001267,34.49301219149569
E02001286,32.81916639317362
E02001330,87.37332237743082
E02001336,87.41140735740802
E02001338,124.08759124087591
E02001386,103.86338185890259
E02001393,11.599297012302285
E02001398,27.538247566063976
E02001402,51.03668261562998
E02001421,28.553027050236153
E02001429,25.171624713958813
E02001457,19.798657718120804
E02001471,49.07603756437443
E02001509,165.43026706231456
E02001513,60.45112781954887
E02001524,74.0452065471551
E02001542,88.57049820905243
E02001562,4.1761579347000755
E02001572,194.86152819486153
E02001578,150.53218449062337
E02001587,118.4519155590305
E02001594,140.84009883515708
E02001610,48.68383809793377
E02001616,55.84082156611041
E02001620,25.243418680129825
E02001636,51.48467432950192
E02001680,15.320778806255985
E02001688,81.8636483285075
E02001694,9.594882729211088
E02001701,10.857763300760045
E02001721,98.55820959758985
E02001727,53.39179778179003
E02001747,27.430555555555557
E02001757,23.97384671267708
E02001781,3.1164783794312427
E02001813,0.6947660954145438
E02001857,19.662921348314608
E02001869,0.8220304151253597
E02001871,19.75726785210274
E02001926,80.94733121244256
E02001934,19.15542011319112
E02001959,139.61312026913373
E02001964,310.4814137720902
E02001974,6.656426011264721
E02001981,18.68943239501615
E02001991,17.952840300107184
E02002012,68.33435021354484
E02002026,4.285714285714285
E02002038,34.743559442212245
E02002042,7.140731925022315
E02002051,54.38510534051935
E02002067,117.35159817351597
E02002084,70.3902065799541
E02002094,15.126050420168067
E02002098,55.67226890756302
E02002099,96.39002605135839
E02002107,9.255178492728074
E02002125,53.291536050156736
E02002140,26.226158038147144
E02002155,96.28933771723814
E02002163,54.16090136390591
E02002165,21.60066463583495
E02002226,3.1627372052903966
E02002270,28.140989198408185
E02002289,17.4035747883349
E02002312,124.75442043222002
E02002335,33.925174381737484
E02002342,78.38571982925882
E02002367,26.507875528236653
E02002368,50.32513429459994
E02002414,57.04697986577181
E02002456,143.5354273192111
E02002457,3.075030750307503
E02002465,46.66666666666667
E02002474,127.77777777777777
E02002501,202.8725314183124
E02002505,15.0138285262742
E02002515,7.339449541284403
E02002518,70.28824833702882
E02002577,13.386066321874049
E02002588,76.42526964560864
E02002589,12.435991221653255
E02002591,23.809523809523807
E02002607,129.62202136400987
E02002635,1.0860711376595167
E02002665,4.137115839243498
E02002689,42.2142572680207
E02002695,33.645890788747934
E02002698,203.19704887795882
E02002699,102.0870002514458
E02002764,24.02795980777632
E02002769,18.117369042930285
E02002778,20.171318043658474
E02002784,227.5449101796407
E02002785,177.04561911658223
E02002793,43.46758349705305
E02002799,109.34312525499796
E02002810,210.5872143477003
E02002877,52.32876712328767
E02002911,91.55672823218998
E02002917,47.4934036939314
E02002927,93.05210918114143
E02002970,57.23905723905724
E02002988,38.14262023217247
E02003022,26.370866471326917
E02003037,30.460624071322435
E02003039,35.24729960204662
E02006952,454.91715085001084
E02003048,28.953922789539227
E02003069,52.301255230125534
E02003118,7.529411764705883
E02003147,238.3347303716122
E02003170,55.77777777777777
E02003186,41.25950054288817
E02003187,62.26650062266502
E02003209,116.90245718540582
E02003226,68.46038863976084
E02003245,17.189079878665318
E02003248,10.657734470158344
E02003251,53.295932678821885
E02003300,143.58001265022142
E02003304,32.23117532647958
E02003314,103.52422907488987
E02003317,144.76518741921583
E02003319,27.978623074504874
E02003324,75.5879059350504
E02003337,18.133736305251226
E02003350,14.28004760015867
E02003353,647.9909451046972
E02003383,9.601181683899556
E02003400,50.78636959370905
E02003401,49.70124932102118
E02003407,89.63815789473684
E02003433,35.714285714285715
E02003439,63.820422535211264
E02003445,115.11254019292605
E02003448,290.7909820405044
E02003451,317.8523489932886
E02003470,14.526710402999065
E02003474,24.088943792464484
E02003487,8.532423208191126
E02003517,124.6659030164185
E02003544,11.224131883549632
E02003573,25.339925834363413
E02003602,173.8952536824877
E02003637,156.00825167612172
E02003643,345.4130765331982
E02003698,39.421004003695714
E02003702,61.11630807608357
E02003717,76.15982837221775
E02003718,61.421960454354235
E02003726,153.89185977421272
E02003760,78.87049659201558
E02003766,285.51580409864533
E02003796,47.94099569760294
E02003797,60.150375939849624
E02003835,157.73539206781714
E02003858,61.83442116111302
E02003882,58.159939834545
E02003902,3.776751993285774
E02003933,81.87134502923976
E02003939,95.43147208121827
E02003977,28.731343283582092
E02003982,69.78908188585608
E02003988,75.64450474898236
E02004021,70.71547420965058
E02004027,76.65598290598291
E02004036,102.4138739161003
E02004045,166.45293665042323
E02004047,159.95213402473075
E02004051,98.14669799008092
E02004064,143.29196909388904
E02004066,21.662763466042158
E02004078,45.267489711934154
E02004087,12.595196250732277
E02004144,26.236125126135217
E02004152,39.51774949765573
E02004154,12.566760917373546
E02004157,25.05846976277982
E02004172,58.732010890704004
E02004174,125.4416961130742
E02004192,89.78328173374612
E02004213,698.389458272328
E02004256,41.12496683470416
E02004261,59.26092834610184
E02004285,81.84298272203698
E02004287,24.176740308461856
E02004292,94.80556344024978
E02004296,84.72655143100029
E02004298,65.82096696984203
E02004301,105.54561717352415
E02004313,19.27629354075076
E02004323,18.879232843871737
E02004333,8.450704225352112
E02004338,179.59722680752725
E02004345,17.202432667245873
E02004350,40.429419826404754
E02004369,35.66333808844508
E02004381,63.030025212010095
E02004383,13.574660633484164
E02004388,235.85572842998585
E02004457,111.11111111111111
E02004483,17.91907514450867
E02004485,564.349376114082
E02004545,72.39669421487604
E02004551,13.836477987421382
E02004558,90.22556390977444
E02004582,32.936010037641154
E02004597,295.9349593495935
E02004598,120.7843137254902
E02004602,28.509563334536267
E02004604,20.36659877800407
E02004623,204.28861199652277
E02004652,31.824611032531827
E02004662,143.30708661417322
E02004688,11.808755760368662
E02004699,108.73480414227825
E02004706,66.66666666666666
E02004779,53.71988914943508
E02004814,39.84620761971338
E02004827,0.35323207347227126
E02004834,59.04641616671928
E02004838,63.50067842605155
E02004853,88.89751552795029
E02004873,209.23423423423426
E02004903,162.09957545349286
E02004905,58.21205821205822
E02004915,9.421841541755889
E02007091,26.97568389057751
E02004948,32.93757181156645
E02004950,10.33210332103321
E02004951,214.07431765866494
E02004954,100.63598952487844
E02004986,376.14991482112436
E02005000,286.3335033146354
E02005005,515.2439024390244
E02005018,96.96433834364869
E02005022,11.152416356877321
E02005055,92.8323334385854
E02005089,94.74930911962099
E02005095,28.135593220338986
E02005100,152.70805812417439
E02005103,102.44308717379235
E02005110,167.89344549596913
E02005111,37.55482456140351
E02005112,41.68034131933049
E02005113,115.6166219839142
E02005141,93.52058729652093
E02005153,111.84971098265896
E02005191,210.2979461961238
E02005213,8.99611531384175
E02005215,62.57025103034845
E02005226,10.06711409395973
E02005268,3.9671294984414853
E02005320,16.040523427606587
E02005331,182.22470653996646
E02005340,112.29946524064174
E02005346,146.5989847715736
E02005399,426.59883720930236
E02005406,70.39999999999999
E02005423,94.2523136872869
E02005440,27.72887323943662
E02005462,137.52122241086587
E02005486,144.97206703910615
E02005498,41.56091370558376
E02005507,54.97076023391813
E02005512,225.03961965134707
E02005543,48.89715652404996
E02005586,25.893958076448826
E02005605,84.35178528636472
E02005636,110.01317523056652
E02005660,34.43766346992153
E02005661,24.072612470402525
E02005673,31.086488150200065
E02005675,77.77777777777777
E02005699,45.19595448798989
E02005721,216.35514018691592
E02005728,18.91551071878941
E02005739,6.812309137890533
E02005741,104.79375696767002
E02005746,134.2484097756947
E02005775,110.74049366244164
E02005800,34.14882772680939
E02005821,55.098389982110916
E02005826,11.91391237509608
E02005910,77.7283433656111
E02005957,2.2288261515601784
E02005973,62.30886850152905
E02005974,65.12684589170767
E02005977,122.7765726681128
E02005988,390.33584647018506
E02005992,534.1515474919956
E02006005,156.56565656565652
E02006022,90.10989010989012
E02006045,77.13125845737484
E02006046,71.73795343800757
E02006050,79.4353722668143
E02006060,92.36596736596735
E02006092,125.23505077096652
E02006120,72.47160627366144
E02006128,72.36315086782376
E02006159,14.516129032258064
E02006161,23.715415019762847
E02006164,40.57879836426549
E02006170,26.386404293381037
E02006182,87.6045074518357
E02006190,162.31822070145424
E02006196,149.50980392156865
E02006199,121.46472164334622
E02006253,9.612197547232352
E02006259,2.4798512089274642
E02006275,42.963464140730714
E02006301,145.43404735062003
E02006306,25.913206369029034
E02006312,24.66429158673609
E02006342,130.89622641509433
E02006348,68.57638888888889
E02006374,56.13668061366806
E02006393,90.80841638981174
E02006408,62.53585771658061
E02006438,56.49000317359568
E02006442,45.414847161572055
E02006450,94.03043308622709
E02006451,247.94144556267156
E02006457,98.20193637621024
E02006463,282.2672433416799
E02006474,68.96551724137933
E02006477,356.0190267105745
E02006497,20.070838252656436
E02006498,189.17700112739573
E02006504,61.21556624398775
E02006508,269.64285714285717
E02006523,87.74834437086092
E02006529,95.64719358533793
E02006556,188.8494124077617
E02006565,27.984009137635642
E02006591,64.46907817969661
E02006611,135.8943577430972
E02006617,90.27598658756771
E02006648,49.207673060884076
E02006688,16.755210461789947
E02006726,31.22590593677718
E02006730,108.32287745713091
E02006760,169.45034922563016
E02006779,58.33571632828139
E02006785,22.204908453447604
E02006790,55.46439120446342
E02006837,123.48668280871671
E02006852,65.48011426060206
E02007001,74.23038728897716
E02006874,307.37704918032784
E02006886,330.58419243986253
E02007039,4.791566842357451
E02006906,8.925106713232442
E02006908,56.944444444444436
E02006924,45.02487562189055
E02000016,441.7177914110429
E02000033,39.192041000904425
E02000038,12.348728081007655
E02000040,791.2419781049452
E02000046,70.27972027972028
E02000052,47.08143165986068
E02006953,1618.0641183723799
E02000055,81.35917683656378
E02000061,115.38461538461539
E02000066,130.43478260869566
E02000068,83.85399539625124
E02000071,14.73759884974838
E02000083,145.7967377666249
E02000115,13.295832267962158
E02000117,74.39104674127715
E02000121,366.37438048036597
E02000154,126.0249013058002
E02000210,43.903886087214474
E02000215,99.97996393508313
E02000228,74.55540355677154
E02000231,173.02398741643728
E02000234,316.0392280923759
E02000270,636.1453017111978
E02000317,73.75
E02000328,4.5602605863192185
E02000359,34.7682119205298
E02000392,34.69189713731198
E02000436,22.702852792891722
E02000470,209.6357900774304
E02000486,5.923000987166831
E02000499,29.990003332222592
E02000504,26.28848149429263
E02000529,96.18155619596541
E02000539,88.85787392416839
E02000548,37.86380333427522
E02000592,12.280212112754676
E02000600,45.02087060226596
E02000601,180.91872791519438
E02000609,19.336008755928493
E02000613,34.02646502835539
E02000620,165.7571623465211
E02000621,543.9700963997639
E02000626,20.621550972988675
E02000628,198.3887210473313
E02000643,115.90972415714684
E02000658,54.550593555681175
E02000669,45.565749235474
E02000671,27.53544165757906
E02000736,7.77000777000777
E02007017,34.30232558139535
E02000776,29.049729197439685
E02000804,37.80177890724269
E02000851,291.3616398243045
E02000876,79.63636363636363
E02000880,305.2631578947368
E02000902,149.30667526604321
E02000913,29.986522911051217
E02007084,1212.0868744098204
E02000929,121.52452358637925
E02000935,22.6904376012966
E02000941,26.42424242424242
E02000943,96.27831715210355
E02000944,57.42296918767507
E02000946,11.034047919293823
E02000961,78.49409448818899
E02000985,25.897035881435258
E02001042,19.478260869565222
E02001047,18.7685969329366
E02001083,70.98923628908251
E02001099,5.139500734214391
E02001100,9.280742459396752
E02001105,38.7685290763968
E02001117,73.15144325820482
E02001139,118.03165863730213
E02001217,45.662100456621005
E02001219,2.232142857142857
E02001236,43.045037863690716
E02001241,84.66603951081845
E02001250,37.70063456513625
E02001263,47.67689037351958
E02001265,37.10299792223212
E02001293,72.39643825009678
E02001311,15.380464112250403
E02001326,139.90267639902677
E02001355,25.418275418275417
E02001361,23.907910271546637
E02001367,51.02817974105103
E02001380,32.723772858517805
E02001381,40.12059369202226
E02001407,1.5284677111196026
E02001410,3.602882305844676
E02001426,43.93214441061331
E02001444,128.49395077179807
E02001479,28.662420382165607
E02001498,1.6087516087516087
E02001505,88.09610484164543
E02001507,1.6616816218012627
E02001543,10.491441192711209
E02001555,8.120178643930167
E02001568,207.01486847121615
E02001640,61.65099268547546
E02001651,15.426497277676953
E02001671,8.6174597227426
E02001675,0.7230657989877078
E02001699,20.806658130601793
E02001711,144.10268830225235
E02001738,89.84216916228249
E02001753,19.814241486068113
E02001800,12.276045122760452
E02001833,1.3111888111888113
E02001839,7.829181494661921
E02001849,160.07474307069447
E02001865,18.351383874849578
E02001870,36.92307692307692
E02001877,31.391698639693065
E02001881,6.7957866123003745
E02001906,6.31911532385466
E02001908,3.6730945821854912
E02001911,31.35363280072355
E02001916,88.49270664505673
E02001931,55.10270622758396
E02001958,59.669522643818844
E02001963,24.58009012699713
E02001969,3.7355248412401947
E02001971,43.731778425655975
E02002002,20.120724346076457
E02002009,22.352941176470587
E02002044,43.40155257586451
E02002059,33.22337417530632
E02002083,29.499786233433092
E02002092,6.540222367560498
E02002095,40.40963188486023
E02002115,11.992945326278658
E02002133,59.848733969089125
E02002145,139.0003648303539
E02002176,9.286998202516479
E02006946,156.1467889908257
E02002202,72.47652582159627
E02002210,2.1246458923512748
E02002219,7.899628252788104
E02006947,230.5986696230599
E02002232,7.154213036565978
E02002254,75.29034841810171
E02002309,14.09443269908386
E02002315,35.336856010568034
E02002320,10.332579916047788
E02002371,41.93781634128706
E02002388,24.40550688360451
E02002391,13.12410841654779
E02002395,130.7377049180328
E02002435,134.5977363107984
E02002470,28.22273073989321
E02002484,72.26004831978916
E02002503,98.94818854694196
E02002510,305.39887187751816
E02002514,3.1356153645152864
E02002523,66.6421207658321
E02002542,10.720667063728408
E02002552,95.42530378842031
E02002555,75.17524776408024
E02007063,239.56594323873122
E02002562,3.068530514831231
E02002563,35.424669227486135
E02002584,67.33570734865653
E02002596,2.2611644997173546
E02002598,616.8741355463347
E02002618,2.7998133457769483
E02002631,90.70063694267517
E02002648,14.692378328741965
E02002656,5.074160811865729
E02002681,23.81562099871959
E02002718,90.16143770941211
E02002719,330.5120609394837
E02002731,3.2038446135362433
E02002734,51.94805194805194
E02002741,50.90712158137016
E02002754,48.19624819624819
E02002771,47.8597910347152
E02002782,34.92573263749498
E02002787,52.151543498596816
E02002828,92.7246790299572
E02002842,94.49970743124635
E02002865,56.342182890855455
E02002907,81.87569780424265
E02002912,171.91458559536733
E02002914,32.917705735660846
E02002932,79.89464442493417
E02002935,88.47283406754772
E02002953,31.715210355987054
E02003005,85.92174263816055
E02003021,29.58801498127341
E02003038,44.722719141323786
E02003049,58.93657911595131
E02003056,31.678986272439282
E02003103,30.433225921947727
E02003109,13.496932515337424
E02003113,62.484979572218215
E02003121,36.27906976744186
E02003135,59.17553191489361
E02003144,30.08903899293829
E02003153,9.470257472625036
E02003155,72.42990654205606
E02003175,24.26666666666667
E02003181,16.1628255013469
E02003253,213.22572246810728
E02003254,73.95498392282957
E02003260,57.29492798998122
E02003265,7.518796992481203
E02003280,72.29488703923901
E02003295,12.869038607115822
E02003327,43.774872086412735
E02003382,74.46468520294023
E02003387,34.33951813901967
E02003390,9.486999297259311
E02003394,154.4243252476939
E02003411,32.18941207768023
E02003415,134.1664701721292
E02003455,691.6448107905583
E02003482,1143.1419457735246
E02003496,9.853782581055308
E02003512,19.004282655246254
E02003519,20.585906571654785
E02003523,38.56382978723404
E02003533,7.8903654485049834
E02003565,57.74483027701911
E02003606,404.17209908735333
E02003607,341.2403543869677
E02003617,53.31179321486268
E02003619,138.52600443677593
E02003626,7.525453740593183
E02003662,6.17283950617284
E02003667,22.639567790069464
E02003670,52.87671232876711
E02003682,40.666666666666664
E02003691,71.5344699777613
E02003696,102.57142857142858
E02003703,72.48278123975074
E02003710,356.53409090909093
E02003743,77.47171667486471
E02003744,48.57712524922965
E02003768,99.89934574735783
E02003786,78.56341189674524
E02003788,408.5648148148148
E02003825,17.952635599694425
E02007030,461.6218560277537
E02003855,12.451085023123444
E02003856,113.85516952699874
E02003871,20.274689339437543
E02003872,103.15186246418337
E02003885,148.25581395348837
E02003901,124.36924903532206
E02003923,286.40776699029124
E02003948,50.74626865671642
E02003954,203.81753477838888
E02003959,72.86166842661036
E02003989,89.6551724137931
E02003996,42.472666105971406
E02003997,39.25233644859813
E02003998,9.311606252078484
E02004000,37.678648765699435
E02004017,86.67529107373868
E02004018,78.50911974623314
E02004056,68.1536555142503
E02004058,95.93183067619572
E02004061,75.2186588921283
E02004083,125.67975830815708
E02004112,13.476157567380788
E02004124,41.388092964024196
E02004131,13.630731102850062
E02004148,181.19402985074623
E02004167,19.23714759535655
E02004183,87.79201205727205
E02004188,108.6401749908859
E02004211,32.92600135777325
E02004251,18.86108088501995
E02004257,250.38639876352397
E02004270,131.43211407315562
E02004294,5.198358413132695
E02004310,21.554169030062393
E02004314,93.10198899703768
E02004322,73.759617935792
E02004334,11.278195488721805
E02004337,244.48848154570226
E02004377,56.47321428571429
E02004403,33.93061380099123
E02004422,176.24242424242422
E02004442,4.17910447761194
E02004452,63.31629755820557
E02004456,86.37437647676555
E02004486,92.02637889688249
E02004491,8.364001338240215
E02007056,478.13278948561066
E02004527,46.08671938914644
E02004542,110.18363939899834
E02004640,32.80883829929695
E02004641,20.858895705521476
E02004645,0.7612281146917026
E02004648,3.138485680659082
E02004655,99.59285937989351
E02004658,23.498694516971277
E02004676,27.07527521570961
E02004693,23.347583031897404
E02004694,138.57938718662953
E02004710,54.88516932658622
E02004730,44.01805869074492
E02004738,14.321295143212952
E02004761,119.66564012318523
E02004797,56.21468926553672
E02004806,46.584828454516845
E02004812,39.665970772442584
E02007078,1217.4899193548388
E02004831,207.49195200468247
E02004858,15.949734171097148
E02004868,335.14872224549646
E02004880,324.45589919816723
E02004885,45.62383612662942
E02004890,86.19269832555585
E02004899,50.45216563541171
E02007088,47.44651483781919
E02005042,106.02650662665667
E02005048,67.9611650485437
E02005058,7.397444519166107
E02005066,17.482517482517483
E02005088,50.051072522982636
E02005091,21.754143646408842
E02005093,40.7185628742515
E02005118,144.4805194805195
E02005121,102.42243943901404
E02005139,13.051732320835312
E02005154,99.69997692130164
E02005157,11.5801270078446
E02005159,9.538950715421302
E02005167,36.8616841393304
E02005178,140.77509108976483
E02005181,58.34797891036907
E02005184,70.10402532790592
E02005218,47.534691467375254
E02005278,38.26691967109425
E02005296,67.16729244889446
E02005306,83.81016492763379
E02005309,71.11882046834344
E02005313,47.180667433831985
E02005314,4.940014114326041
E02005315,36.821110770174904
E02005343,161.95924204504828
E02005359,315.0627615062761
E02005386,94.05684754521965
E02005387,129.60082944530845
E02005437,36.734693877551024
E02005446,77.81690140845072
E02005449,102.38671739882395
E02005455,165.46059065128105
E02005497,71.7879906071788
E02005516,103.5740335521517
E02005517,33.25942350332594
E02005536,182.98555377207066
E02005558,74.84188334504567
E02005595,63.56470887363336
E02005607,88.98305084745762
E02005627,141.79357021996617
E02005642,24.717729630759838
E02005643,27.485380116959067
E02005651,70.33527696793003
E02005665,66.6000666000666
E02005693,23.199023199023202
E02005708,88.76920007979255
E02005725,139.6848137535817
E02005726,66.48936170212765
E02005799,107.59493670886076
E02005825,14.501697007096576
E02005842,60.96911608093717
E02005848,15.994183933115231
E02005868,126.16154395997138
E02005871,52.64827148747225
E02005876,28.648648648648646
E02005877,12.937835279267908
E02005878,25.03983610289096
E02005895,46.781883194278905
E02005923,10.430247718383313
E02005924,177.04039571310798
E02005971,115.10168758113369
E02005980,221.47315855181026
E02005995,93.1899641577061
E02006003,93.47048300536673
E02006006,61.611374407582936
E02006014,67.58872651356994
E02006071,133.50938967136148
E02006112,123.7879767291532
E02006135,48.40182648401825
E02006145,99.79035639412997
E02006155,58.31533477321815
E02006177,52.67137096774193
E02006224,36.32043448744059
E02006266,221.67359667359668
E02006268,67.98245614035086
E02006272,91.1408540471638
E02006285,25.572899368980405
E02006309,8.029441284710606
E02006330,80.64516129032256
E02006346,50.23303987571207
E02006357,449.165402124431
E02006361,55.18469069870938
E02006368,44.65776293823038
E02006376,31.949835771872202
E02006411,9.231783712495877
E02006434,92.87531806615777
E02006455,53.987730061349694
E02006517,461.7875647668394
E02006525,79.38408896492729
E02006558,32.98969072164948
E02006567,81.2956494125119
E02006594,624.1355463347164
E02006605,173.32235487855087
E02006622,17.88805539526832
E02006642,28.192371475953564
E02006656,7.6735263341471915
E02006663,285.8818011257036
E02006674,36.288659793814425
E02006682,102.19318712085861
E02006702,63.04079110012361
E02006729,85.48216178028963
E02006732,3.9906883937479214
E02006735,60.529634300126105
E02006738,38.64072348588655
E02006751,14.83795392424834
E02006758,207.5913776944705
E02006791,115.38461538461537
E02006792,82.5278810408922
E02006801,220.3125
E02006804,67.89945102571511
E02006813,24.004220522289632
E02006816,328.942684229263
E02006855,80.64516129032259
E02006875,472.40123283833003
E02006902,656.7695961995249
E02006925,6.338371526084837
E02006928,799.1266375545853
E02000007,65.38796861377506
E02000017,2.1986075485525833
E02000030,68.32844574780059
E02000048,67.65327695560252
E02000058,28.780610956829083
E02006955,1927.6960784313726
E02000112,423.92807745504837
E02000118,218.67321867321866
E02000165,19.323671497584545
E02000167,19.01350234224304
E02000212,108.83439704400402
E02000222,87.87793161910143
E02000258,32.625786163522015
E02000276,23.917995444191344
E02000296,84.24257802588176
E02000303,21.7948717948718
E02000337,41.69446297531688
E02000356,32.44274809160306
E02000386,27.33612273361227
E02000406,10.50656660412758
E02000423,30.604133545310013
E02000449,3.555906756222837
E02000457,207.72727272727275
E02000526,72.11538461538461
E02000531,295.1510892480675
E02000532,25.993501624593854
E02000546,35.785288270377734
E02000550,40.625
E02000568,219.78833374353928
E02000578,7.334963325183374
E02000590,6.683804627249357
E02000594,18.059299191374667
E02000602,42.53189892419314
E02000617,23.70100273473108
E02000633,56.5599173553719
E02000639,161.56562683931725
E02000641,7.844276583381754
E02000659,283.8002436053593
E02000678,16.036184210526315
E02000763,77.14884696016769
E02000786,38.65614248127909
E02000812,178.1071835803877
E02000813,248.53176721836624
E02000816,78.05001262945186
E02000821,119.79334840167905
E02000832,45.543107647345344
E02000842,29.524140326502256
E02000843,418.83216141852654
E02000958,4.709048099562731
E02000979,305.4984583761562
E02000996,57.211683227943396
E02001006,2.1420921099607284
E02001014,47.12328767123287
E02001023,4.3029259896729775
E02001031,27.10313269975361
E02001040,45.918367346938766
E02001107,37.65690376569037
E02001137,25.630756908289946
E02001138,5.483959418700302
E02001147,203.7132542547705
E02001157,120.64090480678605
E02001168,48.375274859516246
E02001182,147.30580825752276
E02001187,6.176853055916775
E02001206,71.42857142857143
E02001207,2.3793337865397683
E02001216,88.07769591426658
E02001237,49.79536152796726
E02001238,28.053769725306843
E02001307,66.45131518227966
E02001314,25.340513145391192
E02001332,147.05882352941177
E02001333,228.55620671283967
E02001335,85.81606217616581
E02001358,9.855072463768115
E02001363,68.6584314852054
E02001384,6.3435676224308555
E02001404,166.08557844690966
E02001419,186.3237139272271
E02001438,7.177814029363785
E02001443,55.28740675734972
E02001450,33.21033210332102
E02001605,69.82786619032154
E02001615,9.425357251444208
E02001629,19.944016794961513
E02001642,63.57516828721017
E02001663,25.72539635058331
E02001709,3.7932669511616885
E02001743,35.36776212832551
E02001750,53.150299190425905
E02001806,65.89427950760317
E02001807,178.72481004294684
E02001828,10.824578159821712
E02001831,32.05273925892248
E02001835,60.354691075514886
E02001844,36.33101592285266
E02001846,7.144983626079189
E02001866,19.02173913043478
E02001879,159.42947702060223
E02001892,3.9615166949632146
E02001915,17.51854905193735
E02001919,14.86280487804878
E02001920,11.056511056511058
E02001924,83.47245409015025
E02001941,3.9698292973402145
E02002045,6.248047485160887
E02002049,21.141649048625794
E02002074,1.9298809906722416
E02002091,4.746835443037975
E02002148,36.57193214364398
E02002216,42.22222222222222
E02002217,48.08013355592655
E02002239,85.25
E02002246,32.51255080086062
E02002247,22.969837587006964
E02002250,16.031537450722734
E02002255,17.303822937625753
E02002258,23.220973782771537
E02002261,24.897400820793433
E02002272,38.95787679571463
E02002294,29.335912314635717
E02002319,80.31988873435326
E02002327,81.2530592266275
E02002344,19.55062737087832
E02002363,30.606060606060602
E02002369,178.27868852459014
E02002389,65.03785271851342
E02002390,153.0956848030019
E02002402,107.26210350584307
E02002410,24.254342838413635
E02002419,16.557236654296318
E02002441,116.07843137254902
E02002447,28.665931642778393
E02002463,118.04984935634072
E02002478,81.3338755591704
E02002507,38.83106485188151
E02002509,6.828851899274435
E02002521,18.848167539267013
E02002553,42.940038684719525
E02002558,229.67430639324485
E02002573,204.12844036697248
E02002576,82.27652335292298
E02002609,209.59528276601446
E02002610,48.73332044092052
E02002651,6.513735485698103
E02002653,0.8743806470416788
E02002722,17.790759426447156
E02002740,10.25430680885972
E02002759,47.217537942664414
E02002802,7.371007371007371
E02002803,113.68843069873996
E02002806,6.340260655160268
E02002849,38.81278538812786
E02002856,30.990919857876033
E02002873,22.802972072764536
E02002885,44.41583521081429
E02002887,16.94915254237288
E02002897,9.688784497944804
E02002905,75.09433962264151
E02002920,47.06311565122218
E02002922,101.49942329873126
E02002925,105.34626663658922
E02002942,539.4794883105426
E02002947,26.20741295394983
E02002968,62.814070351758794
E02002974,50.10351966873707
E02002975,1.2755102040816326
E02002980,11.887072808320951
E02002989,31.22289679098005
E02002997,439.98194945848377
E02003008,142.60869565217394
E02003012,52.43445692883895
E02003050,167.51503933364182
E02003064,298.8708539167255
E02003068,31.448895544739802
E02003102,109.04152114862242
E02007067,697.9977753058954
E02003169,14.205483977535515
E02003192,155.15175718849838
E02003220,81.46262439250174
E02003223,74.08267533673943
E02003229,32.17391304347826
E02003233,0.26055237102657636
E02003234,1.1065006915629323
E02003267,5.301339285714286
E02003272,92.69769201664775
E02003277,94.89247311827957
E02003279,15.067805123053741
E02003287,30.258302583025824
E02003323,23.715415019762847
E02003332,38.873994638069696
E02003334,11.535048802129547
E02003362,0.0
E02003376,96.53846153846155
E02003389,21.187800963081862
E02003397,43.67968232958306
E02003403,73.14349525404802
E02003408,21.952628538417102
E02003457,26.637673280782824
E02003458,43.27717211760819
E02003459,144.141689373297
E02003469,2.9093931837073983
E02007015,808.2158483228003
E02003480,48.50088183421517
E02003497,41.36947218259628
E02003508,22.23522527794032
E02003530,59.98065140277329
E02006975,123.15270935960592
E02003547,38.47874720357942
E02003561,55.95724614900975
E02003596,52.487562189054735
E02003618,27.264981539335412
E02003622,31.89792663476874
E02003629,44.67005076142133
E02003639,75.98784194528875
E02003674,107.15956948993916
E02003686,158.0310880829016
E02003721,49.03417533432392
E02003723,678.6743515850144
E02003740,67.27956539908065
E02003747,181.4441472947953
E02003755,135.71227872998034
E02003833,53.03030303030303
E02003850,2.207505518763797
E02003877,106.33367662203914
E02003884,182.94153104279687
E02003892,112.67605633802816
E02003898,42.02848211184438
E02003899,28.66779089376054
E02003913,106.47425897035882
E02003937,209.09849749582636
E02003947,61.38757718852161
E02003955,129.96031746031747
E02003994,38.931514634839445
E02004005,27.461858529819693
E02004026,74.23230974632844
E02004050,104.41226002020883
E02007029,64.8333657263912
E02004095,78.87071476585255
E02004121,530.3571428571429
E02004138,103.25476992143658
E02004151,415.95615103532276
E02004166,67.40331491712708
E02004181,42.007001166861144
E02004209,119.33577258654657
E02004232,49.26108374384236
E02004293,73.88939256572982
E02004295,53.84375972611267
E02004317,8.159819921215533
E02004353,6.0368246302444915
E02004387,35.656401944894654
E02004400,86.4381520119225
E02004440,98.09183064997018
E02004464,31.266702298236236
E02004469,85.12186249545292
E02004538,83.92603129445234
E02004540,39.072039072039075
E02004575,160.22443890274315
E02004601,131.9948739854763
E02004603,188.9790398918188
E02004608,65.85173501577287
E02004614,94.90333919156414
E02004620,106.38297872340424
E02004629,67.3167072942059
E02004635,102.30795728556666
E02004650,369.4409937888199
E02004739,8.238928939237898
E02004825,58.42391304347826
E02004832,80.7574491785018
E02004847,33.910891089108915
E02004851,54.42764578833693
E02007093,124.189364461738
E02004889,85.85164835164838
E02004900,86.22335348393256
E02004914,73.19422150882825
E02004918,21.023513139695712
E02004936,61.7338003502627
E02004946,1.8996960486322187
E02004968,51.9653564290473
E02004984,30.22932592077832
E02004987,102.48901903367498
E02005011,29.82233502538071
E02005026,98.16152330925806
E02005049,50.0
E02005052,80.22284122562675
E02005077,33.763654419066526
E02005119,134.12633305988513
E02005133,58.83926183471516
E02005164,238.69801084990956
E02005182,0.0
E02005183,7.383966244725738
E02005249,0.2464268112370626
E02005264,17.582417582417584
E02005301,33.3692142088267
E02005319,10.374493927125506
E02005325,141.68530947054435
E02005334,88.38500694123091
E02005391,80.49914362613164
E02005450,6.742179072276159
E02005464,103.03536619326091
E02005472,32.68428372739917
E02005484,32.01320132013201
E02005496,64.80446927374302
E02005501,214.0102827763496
E02005502,132.1061180292366
E02005518,31.878031878031884
E02005519,73.2102364755426
E02005526,41.70324846356453
E02005545,26.35431918008785
E02005553,58.893093661305585
E02005568,66.36155606407323
E02007055,254.3522081729888
E02005623,608.5645355850422
E02005625,24.814530570478382
E02005630,134.80779357556608
E02005648,403.8660683465654
E02005653,37.00189753320684
E02007073,561.214249874561
E02005707,48.35094460454691
E02005710,144.57831325301206
E02005736,230.6322350845948
E02005744,84.47822274188833
E02005776,195.6043956043956
E02005780,83.21870701513068
E02005804,48.499887209564626
E02005815,143.15663372267147
E02005834,213.02931596091204
E02005838,103.57653791130187
E02005846,58.90652557319224
E02005892,144.7918741286596
E02005907,185.65183851889947
E02005937,99.34971098265895
E02005946,58.983666061705996
E02005967,567.7704194260484
E02005969,149.96154832094334
E02005987,399.87325728770594
E02005994,64.62167689161555
E02006013,41.94053208137715
E02006034,274.6930058729311
E02006036,238.4641293364769
E02006065,116.21693828479832
E02006066,93.38168631006346
E02006081,100.75454948956946
E02006095,64.15620641562066
E02006154,17.98298906439854
E02006174,176.59474671669793
E02006188,38.08012693375646
E02006221,14.566929133858267
E02006230,94.03460837887067
E02006232,201.99501246882795
E02006243,90.70576540755467
E02006246,5.603164139749505
E02006257,12.696291346475109
E02006267,52.21002669830911
E02006280,96.39830508474576
E02006290,132.6768592899715
E02006295,21.562658548959917
E02006316,82.22975053895905
E02006341,94.64378575143006
E02006356,97.0464135021097
E02006370,77.47543461829176
E02006404,138.52988691437804
E02006406,231.57596371882084
E02006448,140.88005677785662
E02006454,49.530007230657986
E02006482,86.87879871290669
E02006495,65.10172143974961
E02006551,19.757964929612246
E02006563,35.1170568561873
E02006568,203.7152995199332
E02006570,118.15980629539952
E02006606,66.46525679758308
E02006609,89.7764748992305
E02006652,94.78800972184716
E02006698,12.341062079281974
E02006709,188.0701754385965
E02006728,112.46200607902736
E02006741,145.04881450488145
E02006744,85.22378908645004
E02006745,178.96678966789665
E02006753,192.67822736030826
E02006769,9.845749917952084
E02006771,22.84350494374361
E02006774,23.603226770242006
E02006777,24.938423645320192
E02006788,36.16947984843265
E02006825,63.398451898267595
E02006877,388.7675507020281
E02006900,9.343496434718466
E02006930,554.2420027816411
