msoa21cd_reference,deprivation_moderator_value,deprivation_moderator_used
E02000025,15.248711275746954,imd_ex_housing
E02000026,10.400514849426399,imd_ex_housing
E02000037,13.06541150357919,imd_ex_housing
E02000069,19.142602690925955,imd_ex_housing
E02000078,9.291551201842253,imd_ex_housing
E02000084,7.94023474751403,imd_ex_housing
E02000087,6.339845788760569,imd_ex_housing
E02000107,24.638264000446604,imd_ex_housing
E02000115,22.259415171601788,imd_ex_housing
E02000120,24.620442888711406,imd_ex_housing
E02000126,41.73541730846125,imd_ex_housing
E02000128,12.895109947066038,imd_ex_housing
E02000146,9.326124608867556,imd_ex_housing
E02000149,21.983970496927046,imd_ex_housing
E02000150,9.559609462512539,imd_ex_housing
E02000154,11.324065476759687,imd_ex_housing
E02000193,22.738830049697192,imd_ex_housing
E02000206,33.935455598738805,imd_ex_housing
E02000208,35.05607923792043,imd_ex_housing
E02000247,26.448772819869173,imd_ex_housing
E02000297,10.906444385886358,imd_ex_housing
E02000300,31.295587906386924,imd_ex_housing
E02000314,23.058434671732908,imd_ex_housing
E02000337,32.29275071417466,imd_ex_housing
E02000347,29.132612657650125,imd_ex_housing
E02000422,33.89458026340039,imd_ex_housing
E02000428,35.577403033210715,imd_ex_housing
E02000430,15.166511183755954,imd_ex_housing
E02000439,16.17928997101991,imd_ex_housing
E02000500,6.791674653917833,imd_ex_housing
E02000573,25.23611823766063,imd_ex_housing
E02000582,16.810792734504624,imd_ex_housing
E02000597,32.33329089406404,imd_ex_housing
E02000601,7.934522005431147,imd_ex_housing
E02000630,23.061403712614805,imd_ex_housing
E02000633,37.13675812343657,imd_ex_housing
E02000638,29.513395486119464,imd_ex_housing
E02000651,23.38571112996308,imd_ex_housing
E02000665,20.22407951797527,imd_ex_housing
E02000712,21.925695057877267,imd_ex_housing
E02000733,31.68429354530281,imd_ex_housing
E02000737,30.607644910745396,imd_ex_housing
E02000738,23.00262901046964,imd_ex_housing
E02000745,30.490272904203266,imd_ex_housing
E02006998,22.396370308534618,imd_ex_housing
E02000762,10.679530215207748,imd_ex_housing
E02000785,6.137027480882449,imd_ex_housing
E02000787,12.752597061346066,imd_ex_housing
E02000790,5.826766409630736,imd_ex_housing
E02006942,16.72103350964614,imd_ex_housing
E02000847,6.3885459684590025,imd_ex_housing
E02000863,11.100154421869041,imd_ex_housing
E02000895,23.551427615558815,imd_ex_housing
E02000901,16.662768493424338,imd_ex_housing
E02000907,41.374167553381156,imd_ex_housing
E02000917,23.24985701440685,imd_ex_housing
E02000921,32.64610200322989,imd_ex_housing
E02000934,15.613818608726328,imd_ex_housing
E02000939,7.661856616178563,imd_ex_housing
E02000951,19.945626900569888,imd_ex_housing
E02000974,24.16853880602021,imd_ex_housing
E02000978,9.287006664191756,imd_ex_housing
E02001002,30.522827716552815,imd_ex_housing
E02001003,6.717201902067195,imd_ex_housing
E02001037,9.696107619479834,imd_ex_housing
E02001050,56.7904869213888,imd_ex_housing
E02006983,57.6585059672923,imd_ex_housing
E02001081,22.112474662501985,imd_ex_housing
E02001104,25.00052304281968,imd_ex_housing
E02001113,51.9461766665427,imd_ex_housing
E02001115,22.789192849325673,imd_ex_housing
E02001118,9.152372008387355,imd_ex_housing
E02001153,53.815363363700975,imd_ex_housing
E02001154,29.431108385512935,imd_ex_housing
E02001169,7.68358028440414,imd_ex_housing
E02006957,54.73496496907844,imd_ex_housing
E02001173,53.52867548733551,imd_ex_housing
E02001204,22.945942091803502,imd_ex_housing
E02001220,11.35176263930484,imd_ex_housing
E02001225,6.459790804552493,imd_ex_housing
E02001246,37.61760054440533,imd_ex_housing
E02001255,65.51081604220289,imd_ex_housing
E02001256,42.76899798443226,imd_ex_housing
E02001265,17.57621036460468,imd_ex_housing
E02001294,24.400439389879885,imd_ex_housing
E02001297,32.0492051260988,imd_ex_housing
E02001305,16.732868997849828,imd_ex_housing
E02001317,31.774279473844526,imd_ex_housing
E02001342,17.36101845913013,imd_ex_housing
E02001343,16.339767240664,imd_ex_housing
E02001357,60.795713394000146,imd_ex_housing
E02001369,61.804132538622916,imd_ex_housing
E02001370,81.54878775945598,imd_ex_housing
E02001385,71.99943555139087,imd_ex_housing
E02001409,32.58181033618844,imd_ex_housing
E02001464,64.86330084871427,imd_ex_housing
E02001485,43.972839628177695,imd_ex_housing
E02001499,10.301998122636435,imd_ex_housing
E02001504,7.032853759587081,imd_ex_housing
E02001547,37.944784343766315,imd_ex_housing
E02001550,24.273508920475063,imd_ex_housing
E02001552,27.74812479415947,imd_ex_housing
E02001561,49.6594453893291,imd_ex_housing
E02001572,40.52874430349341,imd_ex_housing
E02001590,68.03368423615488,imd_ex_housing
E02001593,61.54857753171208,imd_ex_housing
E02001605,18.957030428467803,imd_ex_housing
E02001606,30.91381082667431,imd_ex_housing
E02001612,13.304205682224719,imd_ex_housing
E02001628,49.150828718458094,imd_ex_housing
E02001640,14.111376069109571,imd_ex_housing
E02001669,13.451219136544486,imd_ex_housing
E02001670,54.695387961557294,imd_ex_housing
E02001675,32.45644273437257,imd_ex_housing
E02001676,6.816102219109742,imd_ex_housing
E02001698,7.122172324230323,imd_ex_housing
E02001710,39.442967759908136,imd_ex_housing
E02001738,3.5342422577987036,imd_ex_housing
E02001763,37.21515129602804,imd_ex_housing
E02001765,39.30864919903975,imd_ex_housing
E02001774,43.20774782141855,imd_ex_housing
E02001798,36.38586329812143,imd_ex_housing
E02001806,66.3514778398103,imd_ex_housing
E02001862,44.4104873068021,imd_ex_housing
E02001865,47.89958833402814,imd_ex_housing
E02001871,49.008790831462306,imd_ex_housing
E02001877,57.48850404955866,imd_ex_housing
E02001899,11.470066851444813,imd_ex_housing
E02001900,31.270927424695053,imd_ex_housing
E02001910,55.992824090471366,imd_ex_housing
E02001980,7.220521961252013,imd_ex_housing
E02001981,49.842765463538406,imd_ex_housing
E02001983,18.257296557821135,imd_ex_housing
E02001989,18.33551805491271,imd_ex_housing
E02002002,8.932136110950523,imd_ex_housing
E02002021,42.99297342409278,imd_ex_housing
E02002036,40.81255939979051,imd_ex_housing
E02002044,27.056933884317633,imd_ex_housing
E02002057,40.68156379204428,imd_ex_housing
E02002084,46.066064227666665,imd_ex_housing
E02002106,3.3349067414754776,imd_ex_housing
E02002116,12.593642696322053,imd_ex_housing
E02002123,29.17327258054278,imd_ex_housing
E02002138,21.0179193104341,imd_ex_housing
E02002166,47.27698891983388,imd_ex_housing
E02002180,28.476230460782332,imd_ex_housing
E02002189,33.93201729808071,imd_ex_housing
E02002213,18.34328520335717,imd_ex_housing
E02002218,38.81022932713866,imd_ex_housing
E02002228,57.86455357418585,imd_ex_housing
E02002247,15.727491618942976,imd_ex_housing
E02002275,25.52216636748628,imd_ex_housing
E02002298,30.200168451436845,imd_ex_housing
E02002314,20.632645734517794,imd_ex_housing
E02002318,28.94889275474285,imd_ex_housing
E02002335,3.4578625853212763,imd_ex_housing
E02002342,14.259765787592901,imd_ex_housing
E02002393,63.98115116752526,imd_ex_housing
E02002394,69.73005507847662,imd_ex_housing
E02002399,47.021486360207746,imd_ex_housing
E02002403,13.52561333960629,imd_ex_housing
E02002411,53.740062379372475,imd_ex_housing
E02002419,45.18731536028323,imd_ex_housing
E02002423,43.470850113750856,imd_ex_housing
E02002438,49.9129184336397,imd_ex_housing
E02002446,12.765217156980112,imd_ex_housing
E02002452,41.93598895569174,imd_ex_housing
E02002475,7.806824732569155,imd_ex_housing
E02002517,36.21344739520119,imd_ex_housing
E02002518,11.611471413126543,imd_ex_housing
E02002523,74.58959030235394,imd_ex_housing
E02002539,6.911693815814273,imd_ex_housing
E02002556,6.177921483272215,imd_ex_housing
E02002583,63.8396578340725,imd_ex_housing
E02002601,13.316157055705082,imd_ex_housing
E02002646,49.51980164385709,imd_ex_housing
E02002669,28.107768432294154,imd_ex_housing
E02002688,59.13650969969681,imd_ex_housing
E02002698,7.976454008995067,imd_ex_housing
E02002706,13.568179633369969,imd_ex_housing
E02002722,39.95345254309748,imd_ex_housing
E02007081,38.65956418286224,imd_ex_housing
E02002741,25.069062307693244,imd_ex_housing
E02002748,8.621051812988991,imd_ex_housing
E02002773,5.794601149051637,imd_ex_housing
E02002793,12.541379315526733,imd_ex_housing
E02002800,11.739027193277668,imd_ex_housing
E02002803,30.84902423853815,imd_ex_housing
E02002834,19.721761026545483,imd_ex_housing
E02002845,37.87458030716352,imd_ex_housing
E02002849,34.38376784067277,imd_ex_housing
E02002867,7.742726773859716,imd_ex_housing
E02002868,23.93181897450421,imd_ex_housing
E02002887,56.49599190493712,imd_ex_housing
E02002926,17.452449663970963,imd_ex_housing
E02002940,24.050677454681278,imd_ex_housing
E02002965,51.3072204704392,imd_ex_housing
E02002973,29.385938637837338,imd_ex_housing
E02002989,12.179389338911191,imd_ex_housing
E02002993,16.98551599747257,imd_ex_housing
E02003009,8.196474344595304,imd_ex_housing
E02003021,13.564567222428662,imd_ex_housing
E02003029,39.5118988530846,imd_ex_housing
E02003055,51.72971056481488,imd_ex_housing
E02003059,31.80047670401962,imd_ex_housing
E02003089,27.16035469362966,imd_ex_housing
E02003108,10.505070398603902,imd_ex_housing
E02003152,14.481225339909074,imd_ex_housing
E02003155,28.38211842806813,imd_ex_housing
E02003173,25.454154629469024,imd_ex_housing
E02003182,8.440736800366246,imd_ex_housing
E02003194,3.2178482397558192,imd_ex_housing
E02003215,11.003743977623875,imd_ex_housing
E02003225,10.100768836248768,imd_ex_housing
E02003230,21.726838374403467,imd_ex_housing
E02003231,41.613155597160045,imd_ex_housing
E02003235,7.418070936807253,imd_ex_housing
E02003241,19.932896783145488,imd_ex_housing
E02003268,25.06812643131114,imd_ex_housing
E02003285,25.74177383420065,imd_ex_housing
E02003304,20.914880578380952,imd_ex_housing
E02003316,16.028489100994406,imd_ex_housing
E02003319,30.876215453061622,imd_ex_housing
E02003337,17.73037919733999,imd_ex_housing
E02003354,3.3965988885532643,imd_ex_housing
E02003369,3.9218316891396636,imd_ex_housing
E02003384,7.500981786917871,imd_ex_housing
E02003404,20.652329436927406,imd_ex_housing
E02003406,27.987507503335916,imd_ex_housing
E02003421,5.410345267757154,imd_ex_housing
E02003436,6.023021759242138,imd_ex_housing
E02003440,2.1696125504372232,imd_ex_housing
E02003469,9.373276266194843,imd_ex_housing
E02007014,9.154676972495048,imd_ex_housing
E02003497,6.507416625561909,imd_ex_housing
E02003511,19.711036374997764,imd_ex_housing
E02003512,19.601151873010206,imd_ex_housing
E02003532,26.16344263616181,imd_ex_housing
E02003534,20.945980673965515,imd_ex_housing
E02003603,15.118883733902738,imd_ex_housing
E02003606,7.410493134985945,imd_ex_housing
E02003619,9.559834315450539,imd_ex_housing
E02003659,7.394366817303177,imd_ex_housing
E02003669,28.979613952866238,imd_ex_housing
E02003688,5.291006860390602,imd_ex_housing
E02003714,7.643998322396827,imd_ex_housing
E02003726,11.101885239579241,imd_ex_housing
E02003728,11.093586694226284,imd_ex_housing
E02003752,17.919588954354193,imd_ex_housing
E02003833,17.49887000045962,imd_ex_housing
E02003845,50.31995077393627,imd_ex_housing
E02003861,16.500928962410615,imd_ex_housing
E02003862,3.157576426747367,imd_ex_housing
E02003867,10.917855155337854,imd_ex_housing
E02003891,6.432882515310012,imd_ex_housing
E02003908,16.729831448754098,imd_ex_housing
E02003940,18.342612123906452,imd_ex_housing
E02003959,29.336020173173914,imd_ex_housing
E02003972,23.245616798253167,imd_ex_housing
E02003987,25.1054916803331,imd_ex_housing
E02003996,29.00159983106277,imd_ex_housing
E02004008,14.436293557576661,imd_ex_housing
E02004018,20.715590668479276,imd_ex_housing
E02004025,8.041141845366434,imd_ex_housing
E02004029,29.649893492720484,imd_ex_housing
E02004056,41.97318515559104,imd_ex_housing
E02004061,29.330221389946,imd_ex_housing
E02004082,8.310936427949928,imd_ex_housing
E02004097,11.550586089997404,imd_ex_housing
E02004128,15.113929577711012,imd_ex_housing
E02004157,10.412739237477792,imd_ex_housing
E02004159,7.41555123959276,imd_ex_housing
E02004181,19.442154020970637,imd_ex_housing
E02004184,23.759100068865813,imd_ex_housing
E02004193,7.997434528881984,imd_ex_housing
E02004207,12.577071423457204,imd_ex_housing
E02004219,9.335884527412635,imd_ex_housing
E02004234,13.229733388671693,imd_ex_housing
E02004245,8.95881387659539,imd_ex_housing
E02004247,9.6909796895269,imd_ex_housing
E02004273,12.316862225746197,imd_ex_housing
E02004280,12.459900020396946,imd_ex_housing
E02004284,41.690403160916894,imd_ex_housing
E02004293,36.484709134428975,imd_ex_housing
E02004299,26.535467221055562,imd_ex_housing
E02004325,60.170042825736225,imd_ex_housing
E02004326,42.31350213175268,imd_ex_housing
E02004376,52.95244406457665,imd_ex_housing
E02004378,58.009147416912846,imd_ex_housing
E02004382,12.704453492767783,imd_ex_housing
E02004428,17.580339302354698,imd_ex_housing
E02004434,29.59346953783465,imd_ex_housing
E02004448,10.998764171392128,imd_ex_housing
E02004499,6.380990095582706,imd_ex_housing
E02004513,34.24729319486197,imd_ex_housing
E02004524,7.86006724057394,imd_ex_housing
E02004547,24.362930242184703,imd_ex_housing
E02004602,31.167351074128263,imd_ex_housing
E02004605,37.129528003247664,imd_ex_housing
E02004610,5.797058461954606,imd_ex_housing
E02004624,6.757572214222316,imd_ex_housing
E02004648,15.221004462765242,imd_ex_housing
E02004660,7.289232798114315,imd_ex_housing
E02004671,10.69963564425447,imd_ex_housing
E02004676,4.2362831730017945,imd_ex_housing
E02004691,3.9588604345638747,imd_ex_housing
E02004738,12.475652750422158,imd_ex_housing
E02004743,12.817105052554963,imd_ex_housing
E02004766,26.85367656987881,imd_ex_housing
E02004779,9.578454042785454,imd_ex_housing
E02004796,5.825505484415541,imd_ex_housing
E02004808,12.550245751997512,imd_ex_housing
E02004820,5.928968076969151,imd_ex_housing
E02004825,6.747097804031,imd_ex_housing
E02004843,8.835867536414687,imd_ex_housing
E02004848,14.194949574626554,imd_ex_housing
E02004873,6.694534094743953,imd_ex_housing
E02004920,11.436130877016396,imd_ex_housing
E02004924,2.4435273602503997,imd_ex_housing
E02004925,5.650364079899245,imd_ex_housing
E02004936,4.339149432746925,imd_ex_housing
E02004943,5.488804985438542,imd_ex_housing
E02004948,16.671640302200192,imd_ex_housing
E02004969,11.695331695205466,imd_ex_housing
E02004983,13.081811576914282,imd_ex_housing
E02005001,11.371658394223223,imd_ex_housing
E02005017,14.216158891574647,imd_ex_housing
E02005035,11.798406245533487,imd_ex_housing
E02005039,20.043437866449242,imd_ex_housing
E02005046,26.729134679588157,imd_ex_housing
E02005070,3.5724258651294654,imd_ex_housing
E02005077,23.577069356914414,imd_ex_housing
E02005087,11.23994338770373,imd_ex_housing
E02005103,14.140815005464788,imd_ex_housing
E02005130,19.310259014718717,imd_ex_housing
E02005139,16.669467336754966,imd_ex_housing
E02005150,19.032315216482683,imd_ex_housing
E02005160,12.081195615514236,imd_ex_housing
E02005162,9.397670158865257,imd_ex_housing
E02005183,32.409919271577465,imd_ex_housing
E02005185,70.03318996291885,imd_ex_housing
E02005190,10.166314225103088,imd_ex_housing
E02005211,10.020488826829725,imd_ex_housing
E02005219,26.67692503439632,imd_ex_housing
E02005233,24.9777002900234,imd_ex_housing
E02007003,39.2256858029364,imd_ex_housing
E02005251,26.60128886144265,imd_ex_housing
E02005304,8.709739544793441,imd_ex_housing
E02005309,11.363745062553086,imd_ex_housing
E02005312,17.370619712480416,imd_ex_housing
E02005317,56.32659682366887,imd_ex_housing
E02005332,8.373815206012456,imd_ex_housing
E02005343,7.0566097973640085,imd_ex_housing
E02005345,10.200687224426892,imd_ex_housing
E02005361,11.570258627860092,imd_ex_housing
E02005383,18.65954579891239,imd_ex_housing
E02005397,13.11324755350087,imd_ex_housing
E02005404,16.185011123027394,imd_ex_housing
E02005430,18.45566014705613,imd_ex_housing
E02005449,19.759219431248518,imd_ex_housing
E02005477,7.821094559861487,imd_ex_housing
E02005484,13.558269170777047,imd_ex_housing
E02005494,18.848239212942314,imd_ex_housing
E02005495,45.03864921468774,imd_ex_housing
E02005507,20.535013506634115,imd_ex_housing
E02005511,18.186950542736447,imd_ex_housing
E02005515,10.366353661956746,imd_ex_housing
E02005541,40.95756223374812,imd_ex_housing
E02005545,10.60706137360955,imd_ex_housing
E02005555,6.449504430723451,imd_ex_housing
E02005580,19.291499148278074,imd_ex_housing
E02005614,23.309260227808284,imd_ex_housing
E02005623,7.521313018466847,imd_ex_housing
E02005717,13.51780140462763,imd_ex_housing
E02005735,47.788560314932134,imd_ex_housing
E02005741,13.932189068767967,imd_ex_housing
E02007041,6.784100430510026,imd_ex_housing
E02005757,10.429097952721214,imd_ex_housing
E02005761,9.784907312846086,imd_ex_housing
E02005802,29.069615349198344,imd_ex_housing
E02005811,6.748130540656459,imd_ex_housing
E02005844,23.21301827329411,imd_ex_housing
E02005847,24.483191569478766,imd_ex_housing
E02005850,16.554661497627695,imd_ex_housing
E02005863,8.432693794229047,imd_ex_housing
E02005900,4.37619874753751,imd_ex_housing
E02005909,5.664978022421184,imd_ex_housing
E02005930,6.879987966025155,imd_ex_housing
E02005942,4.501616627365104,imd_ex_housing
E02005984,3.571853980800195,imd_ex_housing
E02005987,8.346056113768372,imd_ex_housing
E02006077,13.679620179428433,imd_ex_housing
E02006092,6.1158271935266555,imd_ex_housing
E02006114,19.476847307099966,imd_ex_housing
E02006121,22.15989046357925,imd_ex_housing
E02006141,35.287050187564425,imd_ex_housing
E02006147,5.957278199190584,imd_ex_housing
E02006162,15.826849841394747,imd_ex_housing
E02006163,27.037527083415604,imd_ex_housing
E02006168,29.226668678595743,imd_ex_housing
E02006171,18.27269305045048,imd_ex_housing
E02006195,6.361853476050448,imd_ex_housing
E02006209,8.279497055006109,imd_ex_housing
E02006233,24.581664499917416,imd_ex_housing
E02006235,8.565868665750846,imd_ex_housing
E02006267,9.09520555674963,imd_ex_housing
E02006277,4.18626396652765,imd_ex_housing
E02006278,16.583595073767434,imd_ex_housing
E02006283,10.004836468908776,imd_ex_housing
E02006304,18.18549626825009,imd_ex_housing
E02006314,18.473749275801467,imd_ex_housing
E02006319,14.247110178248047,imd_ex_housing
E02006323,7.714882576069968,imd_ex_housing
E02006359,4.414039740741246,imd_ex_housing
E02006369,6.149798628187139,imd_ex_housing
E02006388,10.10004208718658,imd_ex_housing
E02006397,2.906077335911877,imd_ex_housing
E02006411,4.378615749502772,imd_ex_housing
E02006414,10.985396608343866,imd_ex_housing
E02006427,5.520014929702145,imd_ex_housing
E02006443,12.544868508522972,imd_ex_housing
E02006445,3.5743573575884136,imd_ex_housing
E02006450,5.543550930906579,imd_ex_housing
E02006475,8.816390630153744,imd_ex_housing
E02006490,19.966940953275046,imd_ex_housing
E02006500,12.349809079217666,imd_ex_housing
E02006554,11.104688687075123,imd_ex_housing
E02006609,6.930050698487325,imd_ex_housing
E02006618,2.134453244442262,imd_ex_housing
E02006620,3.74584072996876,imd_ex_housing
E02006621,6.503993096355954,imd_ex_housing
E02006640,8.292735512850804,imd_ex_housing
E02006652,9.521121560700903,imd_ex_housing
E02006671,15.319849466504017,imd_ex_housing
E02006680,20.134608459761495,imd_ex_housing
E02007024,16.36896982015922,imd_ex_housing
E02006708,21.00216546302022,imd_ex_housing
E02006711,9.844116156415149,imd_ex_housing
E02006721,7.955281567519972,imd_ex_housing
E02006738,43.289439488504534,imd_ex_housing
E02006780,26.927556843906483,imd_ex_housing
E02006803,8.909293006641802,imd_ex_housing
E02006833,11.54359567935942,imd_ex_housing
E02006840,22.486195896544146,imd_ex_housing
E02006843,16.877283708901007,imd_ex_housing
E02006848,7.224363378915357,imd_ex_housing
E02006852,8.103967531539224,imd_ex_housing
E02006878,17.73614239371664,imd_ex_housing
E02006879,58.24395838621247,imd_ex_housing
E02006891,8.217891586668983,imd_ex_housing
E02006898,30.752945048939722,imd_ex_housing
E02006899,19.353766967582835,imd_ex_housing
E02006924,17.446767119377682,imd_ex_housing
E02006928,22.524884669422274,imd_ex_housing
E02000003,24.820956246365995,imd_ex_housing
E02000004,23.332032062610136,imd_ex_housing
E02000028,12.723642203152641,imd_ex_housing
E02000031,10.076251743378892,imd_ex_housing
E02000040,15.299047057669844,imd_ex_housing
E02000042,15.46513267583217,imd_ex_housing
E02000043,5.093683634885826,imd_ex_housing
E02000063,22.33377796027105,imd_ex_housing
E02000067,25.604760885452073,imd_ex_housing
E02000071,17.842362155874216,imd_ex_housing
E02000090,10.128976339554177,imd_ex_housing
E02000092,26.909561830366037,imd_ex_housing
E02000138,5.300962539770233,imd_ex_housing
E02000161,4.0638902896305,imd_ex_housing
E02000168,22.343321076149262,imd_ex_housing
E02000186,30.158164446328154,imd_ex_housing
E02000196,24.37778436073663,imd_ex_housing
E02000198,29.905167550680815,imd_ex_housing
E02000211,8.696718157140854,imd_ex_housing
E02000248,15.708324884266757,imd_ex_housing
E02000280,19.35430134592964,imd_ex_housing
E02000293,7.76473578212776,imd_ex_housing
E02000294,29.074788835926643,imd_ex_housing
E02000327,30.05428794447143,imd_ex_housing
E02000334,22.68069610644321,imd_ex_housing
E02000355,31.3957375599783,imd_ex_housing
E02000367,33.77482093711527,imd_ex_housing
E02000368,38.4453945210296,imd_ex_housing
E02000379,20.335619533763847,imd_ex_housing
E02000381,21.984660748351576,imd_ex_housing
E02000383,18.70073918466371,imd_ex_housing
E02000409,41.05023298284997,imd_ex_housing
E02000411,35.74764582613003,imd_ex_housing
E02000414,31.48558830347588,imd_ex_housing
E02000453,9.79342253935517,imd_ex_housing
E02000464,32.92239435852459,imd_ex_housing
E02000468,22.146025620115722,imd_ex_housing
E02000474,21.210566010256006,imd_ex_housing
E02000516,20.83478632563244,imd_ex_housing
E02000523,19.0532628592172,imd_ex_housing
E02000539,19.189897733625692,imd_ex_housing
E02000541,23.79892583221082,imd_ex_housing
E02000544,11.078884905904467,imd_ex_housing
E02000571,36.28369353195837,imd_ex_housing
E02000592,10.209811493082379,imd_ex_housing
E02000595,13.305239734454133,imd_ex_housing
E02000605,9.020687029028476,imd_ex_housing
E02000612,6.919644137839672,imd_ex_housing
E02000652,23.031249572398213,imd_ex_housing
E02000653,29.160438546868104,imd_ex_housing
E02000680,29.446287737580594,imd_ex_housing
E02000702,26.645546965499147,imd_ex_housing
E02000704,12.789450409302397,imd_ex_housing
E02000705,18.20856522932085,imd_ex_housing
E02000740,33.774520635955334,imd_ex_housing
E02000741,28.79588605201325,imd_ex_housing
E02000743,42.34899336379565,imd_ex_housing
E02000752,30.838295423372543,imd_ex_housing
E02000777,18.77723275526255,imd_ex_housing
E02000786,11.001088557001426,imd_ex_housing
E02000793,11.602843375440685,imd_ex_housing
E02000794,6.3641624687877005,imd_ex_housing
E02000849,14.709279987264775,imd_ex_housing
E02000868,33.22896055056945,imd_ex_housing
E02000893,24.97578808720786,imd_ex_housing
E02000922,26.217004454897864,imd_ex_housing
E02000955,27.580282829325082,imd_ex_housing
E02000958,16.394693498201466,imd_ex_housing
E02000964,36.64987925665028,imd_ex_housing
E02000973,23.464133901730367,imd_ex_housing
E02001004,49.25042712126098,imd_ex_housing
E02001005,45.71408903885899,imd_ex_housing
E02001048,36.472022628977996,imd_ex_housing
E02006985,44.44525753245467,imd_ex_housing
E02001080,25.312631614995418,imd_ex_housing
E02001085,50.295791611525594,imd_ex_housing
E02001088,42.88847701265313,imd_ex_housing
E02001100,22.622074533422364,imd_ex_housing
E02001119,49.92745628307465,imd_ex_housing
E02001144,27.332771700181382,imd_ex_housing
E02001152,35.12311534085674,imd_ex_housing
E02001188,37.53677355304786,imd_ex_housing
E02001193,34.54623206307967,imd_ex_housing
E02001199,9.445037812724586,imd_ex_housing
E02001205,28.63180629409395,imd_ex_housing
E02001212,50.37259873917274,imd_ex_housing
E02001251,20.70942152913342,imd_ex_housing
E02001301,42.86117597178574,imd_ex_housing
E02001312,29.295737335248234,imd_ex_housing
E02001323,23.00154417181818,imd_ex_housing
E02001388,22.593311162552332,imd_ex_housing
E02001393,7.066601919986033,imd_ex_housing
E02001426,22.292476176808798,imd_ex_housing
E02001427,39.390200043223054,imd_ex_housing
E02001446,14.306414653400843,imd_ex_housing
E02001454,20.254754695115157,imd_ex_housing
E02001471,50.29543666872733,imd_ex_housing
E02001476,55.852544525825316,imd_ex_housing
E02001502,19.297857753885385,imd_ex_housing
E02001516,34.99177756648725,imd_ex_housing
E02001546,18.38091333629597,imd_ex_housing
E02001549,15.610589134163853,imd_ex_housing
E02001563,15.362766225474587,imd_ex_housing
E02001571,18.450898026138102,imd_ex_housing
E02001584,10.62276415920597,imd_ex_housing
E02001596,21.422341151801014,imd_ex_housing
E02001608,13.909421462305273,imd_ex_housing
E02001623,62.17425704644804,imd_ex_housing
E02001657,4.5854459225727116,imd_ex_housing
E02001681,9.232712636939592,imd_ex_housing
E02001696,33.76186156560735,imd_ex_housing
E02007094,29.0730666998437,imd_ex_housing
E02001715,37.129968274927954,imd_ex_housing
E02001726,31.94802893919235,imd_ex_housing
E02001746,16.5494213157571,imd_ex_housing
E02001770,19.166257704322025,imd_ex_housing
E02007038,35.00115825580108,imd_ex_housing
E02001856,40.3203951035389,imd_ex_housing
E02001914,31.83195389020738,imd_ex_housing
E02001925,18.874099411386236,imd_ex_housing
E02001929,50.755898761325916,imd_ex_housing
E02002033,15.267946735635844,imd_ex_housing
E02002054,20.75875518445772,imd_ex_housing
E02002090,14.766011271179293,imd_ex_housing
E02002091,13.430873421275374,imd_ex_housing
E02002093,18.51132928237812,imd_ex_housing
E02002124,20.798369647794964,imd_ex_housing
E02002144,7.353444085015291,imd_ex_housing
E02002150,26.931850013543986,imd_ex_housing
E02002161,41.46379118754566,imd_ex_housing
E02002209,61.99397537741804,imd_ex_housing
E02002231,37.09293467697497,imd_ex_housing
E02002236,29.21466124496075,imd_ex_housing
E02002248,42.93168417843514,imd_ex_housing
E02002259,19.95625491230925,imd_ex_housing
E02002304,27.84085643052169,imd_ex_housing
E02002316,12.471711130713834,imd_ex_housing
E02002333,11.18927071770323,imd_ex_housing
E02002351,4.485069923125709,imd_ex_housing
E02002369,53.62170480825215,imd_ex_housing
E02002380,25.0127317185164,imd_ex_housing
E02002392,24.689074237093006,imd_ex_housing
E02002395,16.34306584069387,imd_ex_housing
E02002405,19.51473215558638,imd_ex_housing
E02002426,15.059318673528074,imd_ex_housing
E02002441,37.12832060073536,imd_ex_housing
E02002454,39.570341395864524,imd_ex_housing
E02002464,40.0308928533892,imd_ex_housing
E02002489,49.93300873853995,imd_ex_housing
E02002505,65.33973801414591,imd_ex_housing
E02002506,64.91858122369315,imd_ex_housing
E02002507,11.297214698911995,imd_ex_housing
E02002525,32.323162697813125,imd_ex_housing
E02002610,6.424428062852897,imd_ex_housing
E02002619,46.539487519385744,imd_ex_housing
E02002626,39.646849629803924,imd_ex_housing
E02002643,60.000234480700996,imd_ex_housing
E02002648,43.863986165381704,imd_ex_housing
E02007080,33.38985905699476,imd_ex_housing
E02002674,22.75554238776657,imd_ex_housing
E02002681,69.7578127839076,imd_ex_housing
E02002718,2.802332417226425,imd_ex_housing
E02002727,83.57354450587164,imd_ex_housing
E02002729,27.997626856984308,imd_ex_housing
E02002745,11.261487674834514,imd_ex_housing
E02002746,12.185823087667428,imd_ex_housing
E02002764,47.2814147789076,imd_ex_housing
E02002771,10.282747548536344,imd_ex_housing
E02002783,12.498005268798227,imd_ex_housing
E02002806,31.111166555841397,imd_ex_housing
E02002839,25.790374813660126,imd_ex_housing
E02002872,51.7829374881339,imd_ex_housing
E02002880,55.91331063344752,imd_ex_housing
E02002912,9.273159434352356,imd_ex_housing
E02002917,15.956986413665778,imd_ex_housing
E02002931,6.973632508055549,imd_ex_housing
E02002946,23.63252881794768,imd_ex_housing
E02002952,37.543922443066606,imd_ex_housing
E02002955,50.52376387336986,imd_ex_housing
E02002981,36.631218673833764,imd_ex_housing
E02003003,14.989857999144492,imd_ex_housing
E02003015,25.11707704624511,imd_ex_housing
E02003033,10.668182960849451,imd_ex_housing
E02003063,13.06306341053947,imd_ex_housing
E02003071,17.002279478483555,imd_ex_housing
E02003095,6.217897821891263,imd_ex_housing
E02003096,14.973386392652063,imd_ex_housing
E02003105,9.404811843943369,imd_ex_housing
E02003107,15.911508176121085,imd_ex_housing
E02003110,2.302242264869772,imd_ex_housing
E02003117,18.829694431801464,imd_ex_housing
E02003132,22.10026928733579,imd_ex_housing
E02003156,16.967276586620276,imd_ex_housing
E02003171,26.187959717678513,imd_ex_housing
E02003221,32.03808163572603,imd_ex_housing
E02003229,10.083180183326956,imd_ex_housing
E02003250,42.38275751037664,imd_ex_housing
E02003252,24.37499988512234,imd_ex_housing
E02003259,19.603098119160173,imd_ex_housing
E02003297,19.83454067417405,imd_ex_housing
E02003298,18.80804931514812,imd_ex_housing
E02003308,20.1017488035823,imd_ex_housing
E02003411,23.280926915731282,imd_ex_housing
E02003427,12.685114890818296,imd_ex_housing
E02003462,7.52265017609726,imd_ex_housing
E02003504,16.745552212227548,imd_ex_housing
E02003520,45.115403210169085,imd_ex_housing
E02003538,35.96557023440299,imd_ex_housing
E02003547,18.663079742553265,imd_ex_housing
E02003579,24.860494617111716,imd_ex_housing
E02003627,28.242644885769252,imd_ex_housing
E02003630,34.38242503941741,imd_ex_housing
E02003631,21.116224738195235,imd_ex_housing
E02003635,11.837253544634066,imd_ex_housing
E02003665,10.169337725936803,imd_ex_housing
E02003699,7.180118606752334,imd_ex_housing
E02003703,10.149861562766004,imd_ex_housing
E02003707,13.660206704957107,imd_ex_housing
E02003773,15.25489770108475,imd_ex_housing
E02003791,4.249804814878119,imd_ex_housing
E02003798,44.905903166180316,imd_ex_housing
E02003800,4.273589913856047,imd_ex_housing
E02003880,20.657863365984696,imd_ex_housing
E02003899,21.967581499258912,imd_ex_housing
E02003903,16.6787154993566,imd_ex_housing
E02003905,18.951981104010713,imd_ex_housing
E02003924,39.35623468518388,imd_ex_housing
E02003945,14.593222606525043,imd_ex_housing
E02003948,38.171763590224415,imd_ex_housing
E02003974,30.029054944963463,imd_ex_housing
E02003976,9.443717611866822,imd_ex_housing
E02003993,7.118580753440916,imd_ex_housing
E02004032,12.329092164831676,imd_ex_housing
E02004063,12.631739745696855,imd_ex_housing
E02004081,10.448633255187444,imd_ex_housing
E02004092,19.47701599304153,imd_ex_housing
E02004093,17.52939879271927,imd_ex_housing
E02004116,32.39859857737762,imd_ex_housing
E02004121,5.7973886784371755,imd_ex_housing
E02004125,22.63679434912594,imd_ex_housing
E02004144,8.587859010348447,imd_ex_housing
E02004146,18.480354886345914,imd_ex_housing
E02004163,14.1497811047276,imd_ex_housing
E02004165,7.739834184653138,imd_ex_housing
E02004192,11.008504254619336,imd_ex_housing
E02004197,8.126811560142299,imd_ex_housing
E02004215,24.903518828487996,imd_ex_housing
E02004230,18.958534096418944,imd_ex_housing
E02004233,15.56200555809889,imd_ex_housing
E02004236,9.825333324617986,imd_ex_housing
E02004251,6.019564356599931,imd_ex_housing
E02004262,11.473989250816283,imd_ex_housing
E02004271,14.888975139073166,imd_ex_housing
E02004276,17.997405133740827,imd_ex_housing
E02004282,8.033104058833217,imd_ex_housing
E02004342,49.09541899254369,imd_ex_housing
E02004356,30.079130017626294,imd_ex_housing
E02004389,7.464491300314515,imd_ex_housing
E02004403,6.303329755871061,imd_ex_housing
E02004426,6.587781307962598,imd_ex_housing
E02004439,45.239875225434744,imd_ex_housing
E02004454,16.92017233916495,imd_ex_housing
E02004457,17.16483016093621,imd_ex_housing
E02004533,24.16057229480103,imd_ex_housing
E02004554,22.58460869173791,imd_ex_housing
E02004556,6.227890987071003,imd_ex_housing
E02004585,30.63870040188695,imd_ex_housing
E02004598,5.845933559353837,imd_ex_housing
E02004613,2.552974552890699,imd_ex_housing
E02004629,23.328582124442786,imd_ex_housing
E02004646,35.467783946692265,imd_ex_housing
E02004647,23.81571198765175,imd_ex_housing
E02007035,7.85459202516875,imd_ex_housing
E02004695,2.755679052251387,imd_ex_housing
E02004697,2.4633466387377396,imd_ex_housing
E02004731,3.285939071018934,imd_ex_housing
E02004745,24.943814974481608,imd_ex_housing
E02004754,7.275331803981753,imd_ex_housing
E02004769,44.53566424802878,imd_ex_housing
E02004778,17.090331196755656,imd_ex_housing
E02004789,14.877284137266168,imd_ex_housing
E02004792,13.744906429587717,imd_ex_housing
E02004797,15.753806034906585,imd_ex_housing
E02004805,4.37451195757544,imd_ex_housing
E02004815,28.676087643809513,imd_ex_housing
E02004847,18.56923089643483,imd_ex_housing
E02004866,14.927181646291505,imd_ex_housing
E02004869,5.652813741081644,imd_ex_housing
E02004906,14.736853785292617,imd_ex_housing
E02004911,20.402952673487693,imd_ex_housing
E02004935,10.423149959123009,imd_ex_housing
E02004959,1.2931766961332503,imd_ex_housing
E02004972,6.991304027269578,imd_ex_housing
E02004990,14.099617971574386,imd_ex_housing
E02005009,11.985462569779648,imd_ex_housing
E02005049,9.316785019978948,imd_ex_housing
E02005081,11.319096890688394,imd_ex_housing
E02005100,15.0870043396268,imd_ex_housing
E02005104,32.73305582944414,imd_ex_housing
E02005110,13.271620741659408,imd_ex_housing
E02005128,19.234346348364983,imd_ex_housing
E02005134,56.656595087536765,imd_ex_housing
E02005138,28.477385328421423,imd_ex_housing
E02005149,9.941243052276548,imd_ex_housing
E02005164,14.148618376511903,imd_ex_housing
E02005168,4.055117943997128,imd_ex_housing
E02005173,3.7341687212493686,imd_ex_housing
E02005214,30.301267849933684,imd_ex_housing
E02005265,27.590029565584416,imd_ex_housing
E02005303,34.723626929581314,imd_ex_housing
E02005307,13.914264021407527,imd_ex_housing
E02005311,9.69689613653115,imd_ex_housing
E02005322,16.26758535163142,imd_ex_housing
E02005341,9.019813131307798,imd_ex_housing
E02005346,36.24860516342517,imd_ex_housing
E02005403,12.040987783005509,imd_ex_housing
E02005453,4.25115671402589,imd_ex_housing
E02005471,22.523760818644345,imd_ex_housing
E02005482,7.1030656656976845,imd_ex_housing
E02005523,10.146252048130803,imd_ex_housing
E02005550,15.1332819547481,imd_ex_housing
E02005551,26.90614228455116,imd_ex_housing
E02005559,30.77074409619266,imd_ex_housing
E02005567,19.468297895450135,imd_ex_housing
E02005575,17.182086172856685,imd_ex_housing
E02005577,17.82480887026481,imd_ex_housing
E02005581,16.755000298127076,imd_ex_housing
E02005615,25.66014384321013,imd_ex_housing
E02005617,47.88426958006723,imd_ex_housing
E02005621,9.99526945149077,imd_ex_housing
E02005626,29.08318582425778,imd_ex_housing
E02005635,11.682744221571875,imd_ex_housing
E02005683,5.96076794775542,imd_ex_housing
E02005690,10.45563844206108,imd_ex_housing
E02005692,15.994545649607101,imd_ex_housing
E02005709,54.84753812658822,imd_ex_housing
E02005713,5.075432023496017,imd_ex_housing
E02007106,2.0279125206165975,imd_ex_housing
E02005719,21.243313892670546,imd_ex_housing
E02005727,11.924113506944074,imd_ex_housing
E02005759,9.951195258163583,imd_ex_housing
E02005765,7.390282734811524,imd_ex_housing
E02005777,5.107654278902703,imd_ex_housing
E02005780,3.1528998425765464,imd_ex_housing
E02005798,12.759263104478489,imd_ex_housing
E02005801,44.454236961956,imd_ex_housing
E02005803,24.80708723166645,imd_ex_housing
E02005815,6.320091678970315,imd_ex_housing
E02005842,21.652811304167052,imd_ex_housing
E02005843,24.123984363318083,imd_ex_housing
E02005880,32.22501478670544,imd_ex_housing
E02005893,32.271715138276896,imd_ex_housing
E02005910,11.011726166544019,imd_ex_housing
E02005936,7.382272062084902,imd_ex_housing
E02005939,7.450173410909786,imd_ex_housing
E02005977,4.416806358884808,imd_ex_housing
E02005980,4.515582178987462,imd_ex_housing
E02006007,5.752075763802954,imd_ex_housing
E02006021,10.96339309075096,imd_ex_housing
E02006026,12.466263525954801,imd_ex_housing
E02006028,11.689019510225776,imd_ex_housing
E02006030,19.449919080931014,imd_ex_housing
E02006048,12.167239283998164,imd_ex_housing
E02006052,10.698225131847927,imd_ex_housing
E02006064,20.759884702971057,imd_ex_housing
E02006075,10.542245382064237,imd_ex_housing
E02006076,8.819603239005652,imd_ex_housing
E02006085,15.062111588498407,imd_ex_housing
E02006097,27.74965475993676,imd_ex_housing
E02006123,16.102517106032085,imd_ex_housing
E02006124,37.973034098387515,imd_ex_housing
E02006130,21.837364061326383,imd_ex_housing
E02006155,27.454964705239245,imd_ex_housing
E02006173,8.56402446968128,imd_ex_housing
E02006179,10.189607683809479,imd_ex_housing
E02006196,22.22669870406406,imd_ex_housing
E02006206,27.265389813594812,imd_ex_housing
E02006246,13.529531133439807,imd_ex_housing
E02006248,16.860692874271965,imd_ex_housing
E02006249,15.056764699032131,imd_ex_housing
E02006257,30.93807672516909,imd_ex_housing
E02006273,12.396014240554075,imd_ex_housing
E02006285,13.98552173602896,imd_ex_housing
E02006302,14.544783813443043,imd_ex_housing
E02006305,52.113693036338226,imd_ex_housing
E02006308,61.34190111599967,imd_ex_housing
E02006328,7.578706374357936,imd_ex_housing
E02006330,9.63505848780037,imd_ex_housing
E02006337,3.6073720386446997,imd_ex_housing
E02006353,20.236479826569756,imd_ex_housing
E02006355,18.704391001939392,imd_ex_housing
E02006377,3.6174764202912213,imd_ex_housing
E02006392,16.14279962942462,imd_ex_housing
E02006406,10.896340637978554,imd_ex_housing
E02006431,8.731989743612047,imd_ex_housing
E02006453,6.6364682704057,imd_ex_housing
E02006455,6.541946048792885,imd_ex_housing
E02006457,3.4136136071161567,imd_ex_housing
E02006466,14.454653118930278,imd_ex_housing
E02006486,18.69798322989791,imd_ex_housing
E02006514,9.291712559554307,imd_ex_housing
E02006517,7.8610135067557305,imd_ex_housing
E02006524,24.330392461891538,imd_ex_housing
E02006527,10.22142986729498,imd_ex_housing
E02006533,8.432484346904545,imd_ex_housing
E02006534,16.940250536834856,imd_ex_housing
E02006552,38.43498994562655,imd_ex_housing
E02006575,21.032011054192676,imd_ex_housing
E02006589,2.6442834565046396,imd_ex_housing
E02006598,6.984172728709798,imd_ex_housing
E02006637,12.738165974384602,imd_ex_housing
E02006641,8.545978748930086,imd_ex_housing
E02006651,6.81253595243876,imd_ex_housing
E02006664,6.618059070145255,imd_ex_housing
E02006675,4.257666797860668,imd_ex_housing
E02006677,5.033571563548343,imd_ex_housing
E02006682,10.71845569203141,imd_ex_housing
E02006683,9.536317009251576,imd_ex_housing
E02006700,9.429813371016472,imd_ex_housing
E02006705,16.173020115826002,imd_ex_housing
E02006727,12.638809450002425,imd_ex_housing
E02006749,31.928740762029634,imd_ex_housing
E02006793,40.54303951814639,imd_ex_housing
E02006794,48.848767416895875,imd_ex_housing
E02006800,24.266032002684298,imd_ex_housing
E02006809,16.848755017238457,imd_ex_housing
E02006828,13.743532100143481,imd_ex_housing
E02006831,7.062209400102294,imd_ex_housing
E02006834,51.17428354483918,imd_ex_housing
E02006841,35.01549005913462,imd_ex_housing
E02006844,30.678174744278877,imd_ex_housing
E02006851,34.125687059932254,imd_ex_housing
E02006864,10.801508445189219,imd_ex_housing
E02006903,24.49183356491572,imd_ex_housing
E02006918,37.04541950699037,imd_ex_housing
E02006932,28.77820635624699,imd_ex_housing
E02000007,38.41743910284527,imd_ex_housing
E02000046,11.27304466745541,imd_ex_housing
E02000064,22.26466914417867,imd_ex_housing
E02000073,8.479107457055743,imd_ex_housing
E02000074,27.610114883087206,imd_ex_housing
E02000103,25.556616874554223,imd_ex_housing
E02000105,17.941255851347524,imd_ex_housing
E02000112,20.29466081725598,imd_ex_housing
E02000139,13.223873467252671,imd_ex_housing
E02000158,19.86151758163189,imd_ex_housing
E02000165,8.921137675678748,imd_ex_housing
E02000172,40.46443122603699,imd_ex_housing
E02000181,16.64100219606754,imd_ex_housing
E02000203,34.216464638090656,imd_ex_housing
E02006988,26.387549247736366,imd_ex_housing
E02000223,41.409168893169955,imd_ex_housing
E02000249,24.800164662931834,imd_ex_housing
E02000258,18.283609526458555,imd_ex_housing
E02000263,30.185661768484547,imd_ex_housing
E02000279,34.09190129806806,imd_ex_housing
E02000356,21.923961149982986,imd_ex_housing
E02000363,46.35243682538929,imd_ex_housing
E02000393,10.626380582127341,imd_ex_housing
E02000400,23.965521224580367,imd_ex_housing
E02000413,14.46494591642603,imd_ex_housing
E02000457,8.209866893875095,imd_ex_housing
E02000476,27.452846685733782,imd_ex_housing
E02000483,15.863119049006047,imd_ex_housing
E02000485,11.401417929472473,imd_ex_housing
E02000494,7.872008307961875,imd_ex_housing
E02000560,32.797573321368645,imd_ex_housing
E02000589,17.066992422013396,imd_ex_housing
E02000598,4.853169675953169,imd_ex_housing
E02000623,32.84915388201369,imd_ex_housing
E02000659,23.03670852187045,imd_ex_housing
E02000660,24.801149241700028,imd_ex_housing
E02000707,27.185986403127945,imd_ex_housing
E02000713,9.76445353499332,imd_ex_housing
E02000719,30.687855876067836,imd_ex_housing
E02000723,23.91276285046044,imd_ex_housing
E02000735,29.800471493589797,imd_ex_housing
E02000772,21.305017667916598,imd_ex_housing
E02000774,24.086745780055725,imd_ex_housing
E02000795,7.12626248955744,imd_ex_housing
E02000803,16.37198942857112,imd_ex_housing
E02000810,31.367473476257267,imd_ex_housing
E02000819,35.06275049686198,imd_ex_housing
E02000850,11.535415314818406,imd_ex_housing
E02000855,5.334586612010263,imd_ex_housing
E02000867,29.96638326914138,imd_ex_housing
E02000887,43.74179161520239,imd_ex_housing
E02000889,25.170049329340465,imd_ex_housing
E02000915,24.909111373311568,imd_ex_housing
E02000928,9.626998078872125,imd_ex_housing
E02000940,21.179047504281517,imd_ex_housing
E02000945,27.616447794885403,imd_ex_housing
E02000960,12.341849411527257,imd_ex_housing
E02000993,51.15315280492686,imd_ex_housing
E02001006,36.76718815169665,imd_ex_housing
E02001027,28.974342928525395,imd_ex_housing
E02001032,20.64453655214667,imd_ex_housing
E02001034,50.65225104642122,imd_ex_housing
E02001047,45.05892921215167,imd_ex_housing
E02001069,42.27618846968489,imd_ex_housing
E02001107,27.255781544253427,imd_ex_housing
E02001112,9.06857937854159,imd_ex_housing
E02001140,39.71607846780694,imd_ex_housing
E02001151,21.29228140661564,imd_ex_housing
E02001159,35.549408409012244,imd_ex_housing
E02001176,28.455818091448513,imd_ex_housing
E02001197,15.654142346101324,imd_ex_housing
E02001243,20.114619060778544,imd_ex_housing
E02001261,26.158937161936073,imd_ex_housing
E02001264,17.276428368087082,imd_ex_housing
E02001267,20.598761107701186,imd_ex_housing
E02001279,5.284651523823723,imd_ex_housing
E02001291,31.490822628299295,imd_ex_housing
E02001295,51.193560015567435,imd_ex_housing
E02001336,74.84863174281993,imd_ex_housing
E02001346,49.27640959901515,imd_ex_housing
E02001390,68.47881571911937,imd_ex_housing
E02001396,41.730133491839204,imd_ex_housing
E02001421,30.33563471186679,imd_ex_housing
E02001430,12.754587767173419,imd_ex_housing
E02001450,9.655849309326832,imd_ex_housing
E02001492,16.052548045943567,imd_ex_housing
E02001506,3.1358870187853487,imd_ex_housing
E02001522,55.46502748117628,imd_ex_housing
E02001523,24.097147055212705,imd_ex_housing
E02001524,6.85082410651829,imd_ex_housing
E02001525,57.178116351143885,imd_ex_housing
E02001526,55.64129903196038,imd_ex_housing
E02001559,11.008712738947985,imd_ex_housing
E02001560,57.299147223606354,imd_ex_housing
E02001564,7.055350343935311,imd_ex_housing
E02001568,43.67965009466781,imd_ex_housing
E02001616,31.012475418637507,imd_ex_housing
E02001656,7.050633407321999,imd_ex_housing
E02001661,48.40419768029554,imd_ex_housing
E02001693,40.92705263637894,imd_ex_housing
E02001745,19.96225335619223,imd_ex_housing
E02001773,11.58686271704414,imd_ex_housing
E02001781,47.07237468004063,imd_ex_housing
E02001792,12.189533788345246,imd_ex_housing
E02001793,49.954092364806264,imd_ex_housing
E02001826,45.761405133693806,imd_ex_housing
E02001858,35.310440632915785,imd_ex_housing
E02001859,40.11457179086463,imd_ex_housing
E02001873,50.622417258231195,imd_ex_housing
E02001878,48.7627165394601,imd_ex_housing
E02001898,17.761106045894845,imd_ex_housing
E02001904,42.92313042153966,imd_ex_housing
E02001907,24.59908659805188,imd_ex_housing
E02001909,58.70479444496753,imd_ex_housing
E02001922,15.528491214577357,imd_ex_housing
E02001931,21.556202008119122,imd_ex_housing
E02001938,23.642865507515435,imd_ex_housing
E02001944,24.7605272154102,imd_ex_housing
E02001952,52.5503283347638,imd_ex_housing
E02001978,22.411585677202247,imd_ex_housing
E02002003,22.709185839354408,imd_ex_housing
E02002028,15.155969534447374,imd_ex_housing
E02002039,12.356726912097566,imd_ex_housing
E02002046,56.268240004729535,imd_ex_housing
E02002075,34.304633703569806,imd_ex_housing
E02002085,40.349662738263234,imd_ex_housing
E02002095,10.59344409652093,imd_ex_housing
E02002118,44.01261653778999,imd_ex_housing
E02002160,26.111041350836782,imd_ex_housing
E02002165,38.77500434483564,imd_ex_housing
E02002187,4.137642348591542,imd_ex_housing
E02002223,56.79791345035743,imd_ex_housing
E02002234,74.10285446935004,imd_ex_housing
E02002241,39.90558955101528,imd_ex_housing
E02002270,9.365424580647415,imd_ex_housing
E02002284,20.513306281709017,imd_ex_housing
E02002294,31.90640236832802,imd_ex_housing
E02002301,37.86399896853431,imd_ex_housing
E02002336,3.3062997761763184,imd_ex_housing
E02002347,37.05025987199396,imd_ex_housing
E02002354,18.848829914131468,imd_ex_housing
E02002415,74.80702379491062,imd_ex_housing
E02002434,17.885050327950086,imd_ex_housing
E02002471,11.890002803942664,imd_ex_housing
E02002477,32.665406062870154,imd_ex_housing
E02007059,14.407645459631448,imd_ex_housing
E02002492,34.064457173645835,imd_ex_housing
E02002512,7.157927480288882,imd_ex_housing
E02002513,43.40781886674213,imd_ex_housing
E02002554,42.75412455764444,imd_ex_housing
E02002573,10.855122725608558,imd_ex_housing
E02002582,8.193593370054254,imd_ex_housing
E02002590,8.679680491607387,imd_ex_housing
E02002591,14.339470552325748,imd_ex_housing
E02002593,16.268405219190207,imd_ex_housing
E02002602,47.71863595112042,imd_ex_housing
E02002625,40.61728412781539,imd_ex_housing
E02002627,36.04913189733297,imd_ex_housing
E02002632,7.686301220060233,imd_ex_housing
E02002633,22.995033187711805,imd_ex_housing
E02002640,78.35183169507678,imd_ex_housing
E02002694,8.753714433649069,imd_ex_housing
E02002721,15.822103642562848,imd_ex_housing
E02002740,42.23869435471089,imd_ex_housing
E02007081,18.29948537109399,imd_ex_housing
E02002750,13.136460784326085,imd_ex_housing
E02002775,16.66569787377466,imd_ex_housing
E02002784,25.491482745373517,imd_ex_housing
E02002786,16.084671372581823,imd_ex_housing
E02002796,5.5949677435240375,imd_ex_housing
E02002816,8.217910894964577,imd_ex_housing
E02002833,32.05541766667674,imd_ex_housing
E02006965,20.625532389633054,imd_ex_housing
E02002873,41.67380250399862,imd_ex_housing
E02002876,35.70387950928472,imd_ex_housing
E02002883,39.00290234257878,imd_ex_housing
E02002892,45.820142583978225,imd_ex_housing
E02007082,9.961355400363493,imd_ex_housing
E02002923,12.13301568864757,imd_ex_housing
E02002942,5.414421365338244,imd_ex_housing
E02002953,42.57266631217618,imd_ex_housing
E02002958,32.87163639619674,imd_ex_housing
E02002992,7.0307519679175865,imd_ex_housing
E02003012,34.61115274973444,imd_ex_housing
E02003017,11.168928989987142,imd_ex_housing
E02003018,27.355397798934277,imd_ex_housing
E02006950,42.09240235861391,imd_ex_housing
E02003037,10.87390383073848,imd_ex_housing
E02003066,1.5791914542173977,imd_ex_housing
E02003076,8.746415923778923,imd_ex_housing
E02007064,19.481811015403604,imd_ex_housing
E02003111,8.766154154451321,imd_ex_housing
E02003158,29.844820888983616,imd_ex_housing
E02003163,29.77167671458079,imd_ex_housing
E02003164,17.470683013110424,imd_ex_housing
E02003166,36.427432871515926,imd_ex_housing
E02003174,13.49098581506633,imd_ex_housing
E02003265,15.251298052246437,imd_ex_housing
E02003274,37.31471450512345,imd_ex_housing
E02003291,28.70231771723129,imd_ex_housing
E02003300,14.947973109163051,imd_ex_housing
E02003321,31.79120816919667,imd_ex_housing
E02003322,33.888230043362675,imd_ex_housing
E02003324,24.55517716671501,imd_ex_housing
E02003332,21.114365596662473,imd_ex_housing
E02003336,10.957073798351518,imd_ex_housing
E02003339,13.672062099933722,imd_ex_housing
E02003346,15.615967207238482,imd_ex_housing
E02003355,17.615143368196943,imd_ex_housing
E02003372,8.858549690513685,imd_ex_housing
E02006939,25.041749831891053,imd_ex_housing
E02003432,8.823237044992636,imd_ex_housing
E02003434,14.947681224637124,imd_ex_housing
E02003457,1.3371948310349249,imd_ex_housing
E02003461,8.902763074713492,imd_ex_housing
E02003465,8.015482152617816,imd_ex_housing
E02003491,14.435475501365659,imd_ex_housing
E02003502,29.23160111059826,imd_ex_housing
E02003515,61.103863116887084,imd_ex_housing
E02003553,28.40996680355173,imd_ex_housing
E02003569,28.715820754896715,imd_ex_housing
E02003575,45.86152719208316,imd_ex_housing
E02003593,14.999925014855853,imd_ex_housing
E02003628,31.970399593806995,imd_ex_housing
E02003666,22.37824849835857,imd_ex_housing
E02003670,7.953428615640073,imd_ex_housing
E02003677,14.992798876354607,imd_ex_housing
E02003712,15.026985764196734,imd_ex_housing
E02003785,6.262709934061621,imd_ex_housing
E02003854,6.38872937042427,imd_ex_housing
E02003859,9.882198730439374,imd_ex_housing
E02003865,9.089423217003867,imd_ex_housing
E02003870,17.30618937258135,imd_ex_housing
E02003871,23.480618917357457,imd_ex_housing
E02003877,5.42092099295274,imd_ex_housing
E02003931,20.886444606987673,imd_ex_housing
E02003932,19.278773484140128,imd_ex_housing
E02003946,22.55134591771132,imd_ex_housing
E02003964,17.83514759692531,imd_ex_housing
E02003991,8.775488276522978,imd_ex_housing
E02003994,31.5233854940679,imd_ex_housing
E02004020,7.159989037425299,imd_ex_housing
E02004043,14.252791560448138,imd_ex_housing
E02004054,18.396479154703105,imd_ex_housing
E02004062,24.31668591255315,imd_ex_housing
E02004072,8.125229547047441,imd_ex_housing
E02004083,22.02626187821008,imd_ex_housing
E02004094,32.641409232270064,imd_ex_housing
E02004095,22.123184547618706,imd_ex_housing
E02004115,16.865428711695216,imd_ex_housing
E02004117,21.664279057610443,imd_ex_housing
E02004119,5.111447193512542,imd_ex_housing
E02004136,7.030686693588932,imd_ex_housing
E02004140,6.382480318600154,imd_ex_housing
E02004153,17.7325012575016,imd_ex_housing
E02004155,24.990329018110682,imd_ex_housing
E02004178,9.204486961243513,imd_ex_housing
E02004187,19.084075142925954,imd_ex_housing
E02004204,12.097304785899215,imd_ex_housing
E02004226,16.632652927106466,imd_ex_housing
E02004243,10.077812651689225,imd_ex_housing
E02004260,7.405645404791491,imd_ex_housing
E02007006,16.616313713296325,imd_ex_housing
E02004278,9.26900326537942,imd_ex_housing
E02004285,29.243899282143534,imd_ex_housing
E02004312,9.41891524998162,imd_ex_housing
E02004323,24.53992809664479,imd_ex_housing
E02004324,34.50287823564109,imd_ex_housing
E02004337,26.557548203310116,imd_ex_housing
E02007022,12.660651303908578,imd_ex_housing
E02004374,28.333588646208455,imd_ex_housing
E02004381,16.061384513681904,imd_ex_housing
E02004405,4.352354660189562,imd_ex_housing
E02004422,10.892264476981705,imd_ex_housing
E02004425,8.177228457248104,imd_ex_housing
E02004464,8.030354923210048,imd_ex_housing
E02004474,12.334824852606474,imd_ex_housing
E02004482,36.65794669976228,imd_ex_housing
E02004505,15.26464296916179,imd_ex_housing
E02004519,9.203622001655104,imd_ex_housing
E02004528,10.461256964101134,imd_ex_housing
E02004529,12.99000273671243,imd_ex_housing
E02004537,24.032828369067932,imd_ex_housing
E02004544,14.55834406402962,imd_ex_housing
E02004563,11.279505389009808,imd_ex_housing
E02004570,10.505313540945274,imd_ex_housing
E02004639,41.46420592772469,imd_ex_housing
E02004640,45.295447140509445,imd_ex_housing
E02004642,17.410242167127702,imd_ex_housing
E02004657,6.584033442793782,imd_ex_housing
E02004663,9.594211530680253,imd_ex_housing
E02004673,14.792194928839905,imd_ex_housing
E02004682,9.189314397263988,imd_ex_housing
E02004688,24.36091458523811,imd_ex_housing
E02004693,17.887362101388973,imd_ex_housing
E02004696,4.822783638634162,imd_ex_housing
E02004702,11.257654032253239,imd_ex_housing
E02004727,3.5695875611896395,imd_ex_housing
E02004748,37.78840129305141,imd_ex_housing
E02004793,5.0935278383898694,imd_ex_housing
E02004833,6.3824126717033645,imd_ex_housing
E02004838,3.7391563646477706,imd_ex_housing
E02004842,6.838717213812445,imd_ex_housing
E02004863,27.49079156562265,imd_ex_housing
E02004877,4.804025735284041,imd_ex_housing
E02004880,2.60618450088452,imd_ex_housing
E02004900,4.558601396539246,imd_ex_housing
E02004901,25.90867854357148,imd_ex_housing
E02004915,21.073302838953897,imd_ex_housing
E02004941,10.212566732349858,imd_ex_housing
E02004944,18.967804441866257,imd_ex_housing
E02004989,10.252934937072078,imd_ex_housing
E02005021,3.4047892611900683,imd_ex_housing
E02005023,31.398472098952944,imd_ex_housing
E02005058,25.03313540115382,imd_ex_housing
E02005088,32.72603138847668,imd_ex_housing
E02005093,10.21088039353468,imd_ex_housing
E02005096,10.021065450158158,imd_ex_housing
E02005135,36.49414487389608,imd_ex_housing
E02005136,23.71768566476612,imd_ex_housing
E02005167,3.8542984543132004,imd_ex_housing
E02005192,8.74653121069242,imd_ex_housing
E02005231,42.59510366742595,imd_ex_housing
E02005264,29.085181346550954,imd_ex_housing
E02005268,40.179556201793424,imd_ex_housing
E02005270,9.472504178007071,imd_ex_housing
E02005275,9.169061569765072,imd_ex_housing
E02005305,15.951160583369887,imd_ex_housing
E02005335,7.275838414741553,imd_ex_housing
E02005336,12.924778899412031,imd_ex_housing
E02005357,14.285348218380133,imd_ex_housing
E02005369,5.19364297307348,imd_ex_housing
E02005374,19.04139517957247,imd_ex_housing
E02005395,16.345042195191034,imd_ex_housing
E02005402,11.392402582265962,imd_ex_housing
E02005406,22.616838853888634,imd_ex_housing
E02005409,15.897982404251357,imd_ex_housing
E02005415,25.54113709733557,imd_ex_housing
E02005416,7.46584306583849,imd_ex_housing
E02005424,12.881932717302771,imd_ex_housing
E02005442,46.634864236202574,imd_ex_housing
E02005460,6.025335726216188,imd_ex_housing
E02005467,19.82213034429022,imd_ex_housing
E02005474,18.52755186532818,imd_ex_housing
E02005503,13.14070668760987,imd_ex_housing
E02005552,18.475682432479644,imd_ex_housing
E02005562,18.614687809571368,imd_ex_housing
E02005572,26.429040690547748,imd_ex_housing
E02007055,12.712598704525766,imd_ex_housing
E02005608,14.641220797632352,imd_ex_housing
E02005609,15.283656116729677,imd_ex_housing
E02005616,41.689842586338735,imd_ex_housing
E02005629,9.413860506576562,imd_ex_housing
E02005639,11.261635091663896,imd_ex_housing
E02005648,6.251026907579322,imd_ex_housing
E02005660,38.98044013067984,imd_ex_housing
E02005664,27.518067292651338,imd_ex_housing
E02005672,34.897835821765185,imd_ex_housing
E02005701,11.5710059897554,imd_ex_housing
E02007106,19.812926991422355,imd_ex_housing
E02005729,7.402618357280497,imd_ex_housing
E02005776,6.050044320302291,imd_ex_housing
E02005778,6.464033870260608,imd_ex_housing
E02005789,12.038611837532649,imd_ex_housing
E02005796,19.932760270402145,imd_ex_housing
E02005797,24.009448582928844,imd_ex_housing
E02005800,50.48720806010227,imd_ex_housing
E02005830,16.758531739267802,imd_ex_housing
E02005835,25.287151811612627,imd_ex_housing
E02005923,23.80731018885858,imd_ex_housing
E02005927,8.42867964603703,imd_ex_housing
E02005940,7.958789046932976,imd_ex_housing
E02005958,3.13728306136166,imd_ex_housing
E02005968,5.096378907446672,imd_ex_housing
E02005971,13.383575267199719,imd_ex_housing
E02005976,3.182003258697052,imd_ex_housing
E02006011,11.779429768174161,imd_ex_housing
E02006019,16.41385611585406,imd_ex_housing
E02006022,9.776699343458027,imd_ex_housing
E02006025,19.981454284156566,imd_ex_housing
E02006042,10.141026294113152,imd_ex_housing
E02006051,9.365014132661695,imd_ex_housing
E02006055,16.582915714254625,imd_ex_housing
E02006056,13.519501089373087,imd_ex_housing
E02006057,27.681109928660465,imd_ex_housing
E02006082,14.1460874268758,imd_ex_housing
E02006087,21.73890637521424,imd_ex_housing
E02006095,17.5704834776382,imd_ex_housing
E02006113,20.995037483917965,imd_ex_housing
E02006140,23.096520688329964,imd_ex_housing
E02006149,24.469883002206547,imd_ex_housing
E02006194,21.972787242846294,imd_ex_housing
E02006197,22.045248274770678,imd_ex_housing
E02006213,17.42626727765894,imd_ex_housing
E02006215,11.96556129632381,imd_ex_housing
E02006239,10.651725539523481,imd_ex_housing
E02006243,17.85577634607561,imd_ex_housing
E02006250,36.670680304436324,imd_ex_housing
E02006272,8.522250527877679,imd_ex_housing
E02006281,11.62534403814089,imd_ex_housing
E02006289,16.9680971601427,imd_ex_housing
E02006295,7.2711522155476525,imd_ex_housing
E02006296,4.744780127970415,imd_ex_housing
E02006331,3.7966454712493567,imd_ex_housing
E02006361,5.6523389693064265,imd_ex_housing
E02006363,4.638271357443585,imd_ex_housing
E02006386,4.754324453769542,imd_ex_housing
E02006421,2.355855420066759,imd_ex_housing
E02006423,12.594132401912159,imd_ex_housing
E02006454,3.919183861504694,imd_ex_housing
E02006518,8.853442308543658,imd_ex_housing
E02006520,3.8486985902740516,imd_ex_housing
E02006525,9.431664107076186,imd_ex_housing
E02006529,14.137324018971517,imd_ex_housing
E02006537,29.085271003886795,imd_ex_housing
E02006538,12.87166311856372,imd_ex_housing
E02006542,10.059228654937872,imd_ex_housing
E02006561,6.345535696545343,imd_ex_housing
E02006574,17.580384101353758,imd_ex_housing
E02006583,10.838495904444109,imd_ex_housing
E02006600,12.723487331886922,imd_ex_housing
E02006630,30.15138485391492,imd_ex_housing
E02006634,6.3360958764812585,imd_ex_housing
E02006654,22.405350051043037,imd_ex_housing
E02006657,17.665215190833642,imd_ex_housing
E02006667,30.057144933777483,imd_ex_housing
E02006681,6.11846341677628,imd_ex_housing
E02006690,10.86088069671231,imd_ex_housing
E02006698,12.014991818796664,imd_ex_housing
E02006702,16.52264253262173,imd_ex_housing
E02006730,36.50864333259149,imd_ex_housing
E02006742,24.445007926441857,imd_ex_housing
E02006759,17.59774751941745,imd_ex_housing
E02006766,6.6906214878061165,imd_ex_housing
E02006771,17.335236286938883,imd_ex_housing
E02006789,10.447291835832852,imd_ex_housing
E02006821,9.827833412574064,imd_ex_housing
E02006839,4.518094885418247,imd_ex_housing
E02006858,14.911530541036354,imd_ex_housing
E02006859,4.803187677834666,imd_ex_housing
E02006873,7.626346667161527,imd_ex_housing
E02006883,23.394869858954113,imd_ex_housing
E02006884,33.090654690004556,imd_ex_housing
E02006886,4.911310351069821,imd_ex_housing
E02006887,47.724479176661,imd_ex_housing
E02006925,10.935543588307356,imd_ex_housing
E02000016,30.16538968938053,imd_ex_housing
E02000022,36.646946010752295,imd_ex_housing
E02000038,16.763520038219635,imd_ex_housing
E02000057,11.866445006886305,imd_ex_housing
E02000060,12.020494022358724,imd_ex_housing
E02000068,25.58727878132236,imd_ex_housing
E02000070,12.05836679460788,imd_ex_housing
E02000072,32.271773188573015,imd_ex_housing
E02000075,8.84421500235811,imd_ex_housing
E02000088,6.686322177188446,imd_ex_housing
E02000102,28.7239309442053,imd_ex_housing
E02000121,19.76379788420266,imd_ex_housing
E02000124,21.153596061779208,imd_ex_housing
E02000132,14.778869217378395,imd_ex_housing
E02000134,16.675282765753767,imd_ex_housing
E02000137,6.876755577337864,imd_ex_housing
E02000142,6.883876546769185,imd_ex_housing
E02000145,36.12143592389974,imd_ex_housing
E02000173,12.405275084908878,imd_ex_housing
E02000232,9.92054037049501,imd_ex_housing
E02000254,21.491534163734144,imd_ex_housing
E02006971,30.262920724576567,imd_ex_housing
E02000275,28.83936486676328,imd_ex_housing
E02000290,40.084868930947934,imd_ex_housing
E02000292,21.42501332494759,imd_ex_housing
E02000307,24.57915542377963,imd_ex_housing
E02000319,24.25442981926703,imd_ex_housing
E02000320,24.559220235859094,imd_ex_housing
E02000332,16.652342603413384,imd_ex_housing
E02000343,27.08899988634166,imd_ex_housing
E02000348,32.807421899439454,imd_ex_housing
E02000353,23.662557549680937,imd_ex_housing
E02000360,35.510135811699904,imd_ex_housing
E02000382,27.152730152028763,imd_ex_housing
E02000441,13.380255641755417,imd_ex_housing
E02000454,3.3545170424267594,imd_ex_housing
E02000475,10.579782981399868,imd_ex_housing
E02000508,13.923692864239626,imd_ex_housing
E02000520,27.027032157189936,imd_ex_housing
E02006973,27.48385103130891,imd_ex_housing
E02000531,18.746339560032645,imd_ex_housing
E02000538,19.59887018223541,imd_ex_housing
E02000542,21.462564729068156,imd_ex_housing
E02000555,30.737654453769736,imd_ex_housing
E02000574,28.75285752502619,imd_ex_housing
E02000607,6.711467871991767,imd_ex_housing
E02000615,10.066238596744483,imd_ex_housing
E02000620,26.6662552298832,imd_ex_housing
E02000631,23.062975036750053,imd_ex_housing
E02000649,27.11106949006617,imd_ex_housing
E02000687,25.069369849815615,imd_ex_housing
E02000730,24.362299203591665,imd_ex_housing
E02000742,30.268623322537284,imd_ex_housing
E02000748,24.62046394010189,imd_ex_housing
E02000749,45.988789438702014,imd_ex_housing
E02000765,13.000129210343724,imd_ex_housing
E02000781,19.124042302596955,imd_ex_housing
E02000783,32.94914820387818,imd_ex_housing
E02000829,37.86190351515926,imd_ex_housing
E02000839,22.93060952786641,imd_ex_housing
E02000870,35.74666472634142,imd_ex_housing
E02000886,29.925296870033517,imd_ex_housing
E02000902,24.985438581708763,imd_ex_housing
E02000912,31.172264113935626,imd_ex_housing
E02000916,29.953745890774268,imd_ex_housing
E02000926,17.54241194016326,imd_ex_housing
E02000949,11.724308682421205,imd_ex_housing
E02000975,17.79643397350523,imd_ex_housing
E02000976,22.7257917120776,imd_ex_housing
E02000982,29.35390951438012,imd_ex_housing
E02001012,31.0872224490667,imd_ex_housing
E02001025,47.44332130791712,imd_ex_housing
E02001028,5.411794925157615,imd_ex_housing
E02001033,31.74345839704406,imd_ex_housing
E02001040,21.829002765553042,imd_ex_housing
E02001051,43.88712841053971,imd_ex_housing
E02001065,47.460186489675195,imd_ex_housing
E02001066,37.472080503273276,imd_ex_housing
E02001075,43.21439614316211,imd_ex_housing
E02001089,15.32864115142425,imd_ex_housing
E02001129,41.55446134967638,imd_ex_housing
E02001141,60.862993972701,imd_ex_housing
E02001149,48.557702397795296,imd_ex_housing
E02001207,12.780154333712273,imd_ex_housing
E02001222,11.99542535629718,imd_ex_housing
E02001232,41.40060425065086,imd_ex_housing
E02001250,14.495915988961658,imd_ex_housing
E02001253,24.018012537621605,imd_ex_housing
E02001282,9.09943832511394,imd_ex_housing
E02001304,11.217731077370184,imd_ex_housing
E02001309,20.30546023704102,imd_ex_housing
E02001330,56.040670990279004,imd_ex_housing
E02001338,44.519105507298825,imd_ex_housing
E02001356,62.87099430986257,imd_ex_housing
E02001373,49.050564319287545,imd_ex_housing
E02001382,13.845146586927894,imd_ex_housing
E02001383,52.16787407424594,imd_ex_housing
E02001384,32.59351828711226,imd_ex_housing
E02001391,54.49091674613555,imd_ex_housing
E02001405,63.834456718161626,imd_ex_housing
E02001411,24.667926099482685,imd_ex_housing
E02001418,40.30019551630457,imd_ex_housing
E02001436,21.053923882361694,imd_ex_housing
E02001461,24.524669356548234,imd_ex_housing
E02001470,15.135488635841757,imd_ex_housing
E02001472,27.54259860427339,imd_ex_housing
E02001487,59.37791311932135,imd_ex_housing
E02001495,31.779899763524348,imd_ex_housing
E02001508,23.017407142390706,imd_ex_housing
E02001509,28.771033156685746,imd_ex_housing
E02001538,32.99809374929241,imd_ex_housing
E02001553,34.12903815926333,imd_ex_housing
E02001555,15.158820663484141,imd_ex_housing
E02001587,52.44873026578291,imd_ex_housing
E02001598,24.191123765466884,imd_ex_housing
E02001602,22.286359489267962,imd_ex_housing
E02001614,12.7901021878682,imd_ex_housing
E02001617,49.96358921045442,imd_ex_housing
E02001622,49.99945226979634,imd_ex_housing
E02001642,25.666641758391094,imd_ex_housing
E02001648,3.4375740467699334,imd_ex_housing
E02001655,40.130029766080476,imd_ex_housing
E02001741,12.43957400415342,imd_ex_housing
E02001778,36.43286367925036,imd_ex_housing
E02001825,31.582185923042665,imd_ex_housing
E02001827,11.54201492502374,imd_ex_housing
E02001883,53.231539237279826,imd_ex_housing
E02001901,15.551452861048693,imd_ex_housing
E02001902,24.111007573282265,imd_ex_housing
E02001911,47.84011852315285,imd_ex_housing
E02001958,32.26127114971983,imd_ex_housing
E02001972,56.2329748871762,imd_ex_housing
E02001991,11.787825913357434,imd_ex_housing
E02001993,31.77603318222706,imd_ex_housing
E02002010,45.36079618858747,imd_ex_housing
E02002023,14.363881474822549,imd_ex_housing
E02002042,7.3058356422327355,imd_ex_housing
E02002063,30.03991687625063,imd_ex_housing
E02006943,49.44792833821397,imd_ex_housing
E02002086,53.51209690494661,imd_ex_housing
E02002101,15.932322777917163,imd_ex_housing
E02002110,21.110506179982277,imd_ex_housing
E02002114,17.5828792971593,imd_ex_housing
E02002117,29.201089676093854,imd_ex_housing
E02002120,21.238996204885318,imd_ex_housing
E02002141,5.854902072578142,imd_ex_housing
E02002146,32.067747835612664,imd_ex_housing
E02002156,24.822736217861884,imd_ex_housing
E02002211,34.31358608015811,imd_ex_housing
E02002229,28.473791198526257,imd_ex_housing
E02002266,15.84358876861922,imd_ex_housing
E02002296,16.724527384495545,imd_ex_housing
E02002300,11.862324825734314,imd_ex_housing
E02002305,39.99667419962776,imd_ex_housing
E02002306,11.51638295923401,imd_ex_housing
E02002326,5.840400365510156,imd_ex_housing
E02002338,11.146034227217177,imd_ex_housing
E02002343,8.568600548934878,imd_ex_housing
E02002371,46.7783280932134,imd_ex_housing
E02002383,21.63699448698399,imd_ex_housing
E02002389,57.2680444090119,imd_ex_housing
E02002420,29.369575452645716,imd_ex_housing
E02002451,13.401309772474873,imd_ex_housing
E02002538,27.521133656506866,imd_ex_housing
E02002617,44.867405582143746,imd_ex_housing
E02002629,51.263259927807404,imd_ex_housing
E02002647,54.042209019749976,imd_ex_housing
E02002671,35.957050026371924,imd_ex_housing
E02002692,3.757504023924266,imd_ex_housing
E02002730,55.64874168392319,imd_ex_housing
E02002767,8.144615353313517,imd_ex_housing
E02002787,19.180829038959214,imd_ex_housing
E02002790,10.049493843301448,imd_ex_housing
E02002797,4.792849557118028,imd_ex_housing
E02002805,8.071601561988784,imd_ex_housing
E02002807,26.165279706993754,imd_ex_housing
E02002808,39.834709621537606,imd_ex_housing
E02002812,20.488580958896005,imd_ex_housing
E02002819,30.008943998342232,imd_ex_housing
E02002837,49.898506375124846,imd_ex_housing
E02002844,48.062723453002924,imd_ex_housing
E02002857,35.00987972337575,imd_ex_housing
E02002916,26.042013649177772,imd_ex_housing
E02002984,8.055071862629516,imd_ex_housing
E02002986,17.767965198792226,imd_ex_housing
E02002987,5.326587919570309,imd_ex_housing
E02002999,20.16588036400137,imd_ex_housing
E02003045,14.844516077785821,imd_ex_housing
E02003085,60.566598540984835,imd_ex_housing
E02003097,8.411462274088695,imd_ex_housing
E02003101,6.171531827559577,imd_ex_housing
E02003116,24.37400165052583,imd_ex_housing
E02003128,34.672664345850464,imd_ex_housing
E02003148,42.067287040111665,imd_ex_housing
E02003176,43.35570886114482,imd_ex_housing
E02003179,30.483460784864302,imd_ex_housing
E02003183,10.928760204079985,imd_ex_housing
E02003190,50.39717520146886,imd_ex_housing
E02003209,18.73842654993186,imd_ex_housing
E02003211,6.083281828915047,imd_ex_housing
E02003228,15.056858599402911,imd_ex_housing
E02003244,41.0029083596265,imd_ex_housing
E02003266,33.07560809418355,imd_ex_housing
E02003272,34.76306212266199,imd_ex_housing
E02003280,25.015994793410012,imd_ex_housing
E02003338,21.023095488952105,imd_ex_housing
E02003352,2.547756980053182,imd_ex_housing
E02003363,2.2593952266038553,imd_ex_housing
E02003382,15.105396487691987,imd_ex_housing
E02003419,19.246881109856606,imd_ex_housing
E02003420,22.902485821517466,imd_ex_housing
E02003437,4.431489726117942,imd_ex_housing
E02003467,25.97495447439049,imd_ex_housing
E02003473,8.347199990430356,imd_ex_housing
E02003494,8.533270576884808,imd_ex_housing
E02003522,27.20721699868859,imd_ex_housing
E02003529,14.831625694163156,imd_ex_housing
E02003548,21.502612621734567,imd_ex_housing
E02003555,32.747306750455394,imd_ex_housing
E02003588,32.37899140627931,imd_ex_housing
E02003592,21.659816948336573,imd_ex_housing
E02003602,8.575427737371347,imd_ex_housing
E02003604,11.58388528405946,imd_ex_housing
E02003608,9.47206598506496,imd_ex_housing
E02003625,30.866538837113776,imd_ex_housing
E02003640,8.922669801184634,imd_ex_housing
E02003646,20.059280421036302,imd_ex_housing
E02003652,4.359760681473641,imd_ex_housing
E02003660,4.686379847444411,imd_ex_housing
E02003672,4.191805593050636,imd_ex_housing
E02003678,6.256183122732314,imd_ex_housing
E02003685,2.5423759753557036,imd_ex_housing
E02003724,24.15834777859459,imd_ex_housing
E02007087,11.329796538212138,imd_ex_housing
E02003736,9.110259483053332,imd_ex_housing
E02003738,9.347573673348167,imd_ex_housing
E02003771,14.023891531603898,imd_ex_housing
E02003774,15.762949254854583,imd_ex_housing
E02003802,27.402145606244886,imd_ex_housing
E02003806,4.465132154034977,imd_ex_housing
E02003829,9.763092810024107,imd_ex_housing
E02003839,15.92802062038019,imd_ex_housing
E02003860,2.0775580273266514,imd_ex_housing
E02003872,6.799300588358783,imd_ex_housing
E02003879,28.548631692207714,imd_ex_housing
E02003883,4.536906057413118,imd_ex_housing
E02003918,22.24567435323145,imd_ex_housing
E02003933,21.424777645837484,imd_ex_housing
E02003947,24.469662144500067,imd_ex_housing
E02003963,36.60559381988114,imd_ex_housing
E02003980,57.45724027140585,imd_ex_housing
E02003982,21.11629233952531,imd_ex_housing
E02003998,37.10467412200524,imd_ex_housing
E02004000,26.39211259661202,imd_ex_housing
E02004009,9.898663609798591,imd_ex_housing
E02004021,12.488633818661082,imd_ex_housing
E02004027,10.57606719523091,imd_ex_housing
E02004038,18.39337237394441,imd_ex_housing
E02004041,18.998251581194527,imd_ex_housing
E02004052,18.2388764117811,imd_ex_housing
E02004068,7.607574114995929,imd_ex_housing
E02004069,5.111753872189936,imd_ex_housing
E02004143,9.122987799300008,imd_ex_housing
E02004150,23.543256387716298,imd_ex_housing
E02004154,14.706826250430458,imd_ex_housing
E02004161,35.20894898666712,imd_ex_housing
E02004188,18.55594878606642,imd_ex_housing
E02004202,11.10665687561377,imd_ex_housing
E02004214,30.143903120493473,imd_ex_housing
E02004223,26.740263979324112,imd_ex_housing
E02004231,16.512901033661187,imd_ex_housing
E02004248,9.830242362515694,imd_ex_housing
E02004254,4.864202410769551,imd_ex_housing
E02004263,9.726832930113604,imd_ex_housing
E02004332,29.34414518978207,imd_ex_housing
E02004351,45.94063513121576,imd_ex_housing
E02004370,49.661099678652654,imd_ex_housing
E02004372,55.39815453105568,imd_ex_housing
E02004380,6.00516433487199,imd_ex_housing
E02004388,23.711243261201606,imd_ex_housing
E02004399,20.202096767898723,imd_ex_housing
E02004402,31.78032055027268,imd_ex_housing
E02004408,8.88632302864807,imd_ex_housing
E02004410,5.84737697492904,imd_ex_housing
E02004418,18.11279842496907,imd_ex_housing
E02004443,19.465183956033254,imd_ex_housing
E02004458,5.836700004237471,imd_ex_housing
E02004473,11.786566670394732,imd_ex_housing
E02004478,15.385495204959955,imd_ex_housing
E02004531,12.643470544280783,imd_ex_housing
E02004539,17.84258127507387,imd_ex_housing
E02004551,27.056081751715702,imd_ex_housing
E02004576,17.886584254704744,imd_ex_housing
E02004580,19.267992031467227,imd_ex_housing
E02004606,21.6657641924153,imd_ex_housing
E02004623,7.22141057434659,imd_ex_housing
E02004680,1.8987585051027465,imd_ex_housing
E02004692,3.632916803239825,imd_ex_housing
E02004707,5.4067030395777715,imd_ex_housing
E02004723,5.4137093076165215,imd_ex_housing
E02004747,22.011533582583724,imd_ex_housing
E02004750,13.794181303968296,imd_ex_housing
E02004761,3.2924776768410506,imd_ex_housing
E02004772,13.971190700864963,imd_ex_housing
E02004832,4.885587666385962,imd_ex_housing
E02004835,7.745668227876562,imd_ex_housing
E02004859,2.5976796702362988,imd_ex_housing
E02004864,2.199273369956059,imd_ex_housing
E02004919,10.056132897178115,imd_ex_housing
E02004923,6.149763478823828,imd_ex_housing
E02004954,20.047590864724697,imd_ex_housing
E02004958,4.702084338452193,imd_ex_housing
E02004986,27.241038551949188,imd_ex_housing
E02005010,34.74823451938802,imd_ex_housing
E02005011,12.393019591885407,imd_ex_housing
E02005020,18.93295909030937,imd_ex_housing
E02005027,9.403752031857568,imd_ex_housing
E02005029,14.142842552878676,imd_ex_housing
E02005050,10.130503077367923,imd_ex_housing
E02005063,16.78339766760065,imd_ex_housing
E02005075,14.906805705566402,imd_ex_housing
E02005082,10.787661564089651,imd_ex_housing
E02005132,78.70493149748391,imd_ex_housing
E02005143,26.56109281482553,imd_ex_housing
E02005153,12.850654590424861,imd_ex_housing
E02005158,5.139785487862286,imd_ex_housing
E02005170,6.6948275581394,imd_ex_housing
E02005172,9.393354572265796,imd_ex_housing
E02005202,12.869540930888432,imd_ex_housing
E02005210,11.211531374357959,imd_ex_housing
E02005222,9.575424392799908,imd_ex_housing
E02005292,23.044590144187346,imd_ex_housing
E02005294,19.399960703272416,imd_ex_housing
E02005316,42.41963256961003,imd_ex_housing
E02005330,8.802680095789107,imd_ex_housing
E02005339,6.010792017993162,imd_ex_housing
E02005373,5.654259432496131,imd_ex_housing
E02005382,18.287274195422064,imd_ex_housing
E02005414,26.33000611518588,imd_ex_housing
E02005420,27.687287247260638,imd_ex_housing
E02005448,39.904582208419065,imd_ex_housing
E02005485,8.025568600698689,imd_ex_housing
E02005504,16.22617534009995,imd_ex_housing
E02005506,14.772295503103035,imd_ex_housing
E02005529,11.991681312613624,imd_ex_housing
E02005540,20.81429035756761,imd_ex_housing
E02005543,77.4543720192811,imd_ex_housing
E02005569,20.128643626754332,imd_ex_housing
E02005573,17.896294684815587,imd_ex_housing
E02005657,15.31553664945551,imd_ex_housing
E02005720,26.210976319471136,imd_ex_housing
E02007105,25.1294139091915,imd_ex_housing
E02007041,5.164798120957372,imd_ex_housing
E02005754,5.497984826441949,imd_ex_housing
E02005764,15.612682447710442,imd_ex_housing
E02005795,24.81002917030496,imd_ex_housing
E02005805,14.17612878846892,imd_ex_housing
E02005817,10.713394794965856,imd_ex_housing
E02005832,29.29508961272916,imd_ex_housing
E02005834,37.61839807767462,imd_ex_housing
E02005853,14.731151325239342,imd_ex_housing
E02005869,30.51679171793019,imd_ex_housing
E02005896,9.006707886033794,imd_ex_housing
E02005962,5.544349464087926,imd_ex_housing
E02006010,14.653750165691102,imd_ex_housing
E02006014,15.92441262941473,imd_ex_housing
E02006031,19.605756987780204,imd_ex_housing
E02006034,9.749895134887987,imd_ex_housing
E02006070,16.338893029700778,imd_ex_housing
E02006071,9.677943619253753,imd_ex_housing
E02006083,13.148351031101297,imd_ex_housing
E02006090,16.67158301298679,imd_ex_housing
E02006128,17.040687222296516,imd_ex_housing
E02006133,13.753908198560346,imd_ex_housing
E02006228,12.975708119322825,imd_ex_housing
E02006256,36.86709603849989,imd_ex_housing
E02006271,8.542572694113739,imd_ex_housing
E02006280,7.29995148434331,imd_ex_housing
E02006286,19.66618276640491,imd_ex_housing
E02006338,5.669471070085004,imd_ex_housing
E02006344,6.473133227153872,imd_ex_housing
E02006346,1.9920175703293894,imd_ex_housing
E02006360,5.947489381899198,imd_ex_housing
E02006389,12.700470232957166,imd_ex_housing
E02006393,6.810002903212046,imd_ex_housing
E02006407,11.475335100743175,imd_ex_housing
E02006473,11.829240350468387,imd_ex_housing
E02006508,8.126438948944777,imd_ex_housing
E02006513,4.833416794481359,imd_ex_housing
E02006519,5.7427275383890395,imd_ex_housing
E02006521,6.420439663115625,imd_ex_housing
E02006532,4.003929670189296,imd_ex_housing
E02006536,13.268718882231887,imd_ex_housing
E02006541,22.25658228850614,imd_ex_housing
E02006586,21.731289933611546,imd_ex_housing
E02006596,3.9234253838918574,imd_ex_housing
E02006597,8.849408238886733,imd_ex_housing
E02006624,6.45669022221173,imd_ex_housing
E02006688,17.443274784439655,imd_ex_housing
E02006689,10.049491912979484,imd_ex_housing
E02006693,12.657099688689765,imd_ex_housing
E02006716,38.67882782841655,imd_ex_housing
E02006786,24.50020397626644,imd_ex_housing
E02006810,25.952288124430797,imd_ex_housing
E02006825,6.048782908995352,imd_ex_housing
E02006827,37.521378099246554,imd_ex_housing
E02006866,13.181432627744297,imd_ex_housing
E02006869,26.384633810104955,imd_ex_housing
E02006908,30.146345302684914,imd_ex_housing
E02000051,9.706645546034734,imd_ex_housing
E02000083,20.085105866100232,imd_ex_housing
E02000085,11.073147838117796,imd_ex_housing
E02000100,7.914557072555339,imd_ex_housing
E02000108,17.380756632721038,imd_ex_housing
E02000113,43.18880673206602,imd_ex_housing
E02000162,11.387215533399019,imd_ex_housing
E02000166,23.88371431748432,imd_ex_housing
E02000176,12.171384898333423,imd_ex_housing
E02000226,7.168646298016658,imd_ex_housing
E02000233,13.586272980384246,imd_ex_housing
E02000242,13.772385178463736,imd_ex_housing
E02000251,17.833428144100566,imd_ex_housing
E02000259,13.994767440819407,imd_ex_housing
E02000267,17.960615236564482,imd_ex_housing
E02000281,28.065986455084946,imd_ex_housing
E02000299,34.3488769001094,imd_ex_housing
E02000385,17.80436211001427,imd_ex_housing
E02000410,11.850566226753779,imd_ex_housing
E02000415,29.353421559662603,imd_ex_housing
E02000445,20.660816288861454,imd_ex_housing
E02000455,15.45807123614632,imd_ex_housing
E02000466,24.96611745210823,imd_ex_housing
E02000477,8.988216398572009,imd_ex_housing
E02000482,3.6397481850180284,imd_ex_housing
E02000509,14.139358689947477,imd_ex_housing
E02000512,27.12859851060837,imd_ex_housing
E02000517,30.545911356424895,imd_ex_housing
E02000572,40.16025025485404,imd_ex_housing
E02000625,35.77220988927857,imd_ex_housing
E02000643,25.052657421063063,imd_ex_housing
E02000693,13.293583613747321,imd_ex_housing
E02000736,33.684764991801224,imd_ex_housing
E02000767,16.61115210382641,imd_ex_housing
E02000768,9.956842160488033,imd_ex_housing
E02000846,11.180961468259742,imd_ex_housing
E02000853,12.490423389415184,imd_ex_housing
E02000856,12.757119981259418,imd_ex_housing
E02000858,35.811004095964144,imd_ex_housing
E02000876,40.84960298774038,imd_ex_housing
E02000910,27.462700908023386,imd_ex_housing
E02000923,14.055971948957056,imd_ex_housing
E02007084,26.533538249371354,imd_ex_housing
E02000936,13.542016957391679,imd_ex_housing
E02000985,7.253678609046819,imd_ex_housing
E02000990,13.999249637258123,imd_ex_housing
E02000991,20.58523370691477,imd_ex_housing
E02000994,56.4107024068999,imd_ex_housing
E02001008,48.43876729694552,imd_ex_housing
E02001046,53.61021971550795,imd_ex_housing
E02001053,75.92942374308033,imd_ex_housing
E02001097,48.3516386593756,imd_ex_housing
E02001105,20.600712396237352,imd_ex_housing
E02001123,49.82082126603228,imd_ex_housing
E02001139,54.27180005316021,imd_ex_housing
E02001148,32.57560962141863,imd_ex_housing
E02001168,31.540502707341837,imd_ex_housing
E02001170,6.336203752310149,imd_ex_housing
E02006959,33.91564631765578,imd_ex_housing
E02001226,14.72934319605123,imd_ex_housing
E02001269,23.69473107408912,imd_ex_housing
E02001276,21.638023037469406,imd_ex_housing
E02001285,5.2702309626421755,imd_ex_housing
E02001332,59.76482655375923,imd_ex_housing
E02001348,37.385945151058344,imd_ex_housing
E02001350,53.32500669305246,imd_ex_housing
E02001364,78.07081932738814,imd_ex_housing
E02001372,41.36617030196245,imd_ex_housing
E02001376,65.61204215275158,imd_ex_housing
E02001392,12.769283287940835,imd_ex_housing
E02001416,56.88646583534791,imd_ex_housing
E02001422,55.93881125717975,imd_ex_housing
E02001432,49.926779259156056,imd_ex_housing
E02001438,15.060871230327468,imd_ex_housing
E02001441,6.333412214040775,imd_ex_housing
E02001451,51.51080190349494,imd_ex_housing
E02001473,28.876885893614975,imd_ex_housing
E02001567,37.3067606225369,imd_ex_housing
E02001603,34.62845944169774,imd_ex_housing
E02001625,53.21540755963315,imd_ex_housing
E02001629,50.84160710198057,imd_ex_housing
E02001635,28.031590224561537,imd_ex_housing
E02001639,8.530266171055159,imd_ex_housing
E02001671,13.609320216105042,imd_ex_housing
E02001678,4.9320968259796265,imd_ex_housing
E02001711,38.14175011400097,imd_ex_housing
E02001721,25.372248602845527,imd_ex_housing
E02001724,8.794647738426526,imd_ex_housing
E02001739,26.704450893020603,imd_ex_housing
E02001740,4.345984818017732,imd_ex_housing
E02001800,24.520503047268573,imd_ex_housing
E02001824,30.34085375452447,imd_ex_housing
E02001849,50.319060791826445,imd_ex_housing
E02001932,43.74524009145155,imd_ex_housing
E02001934,17.06424226964204,imd_ex_housing
E02001950,24.110601459562524,imd_ex_housing
E02001956,26.864810108673684,imd_ex_housing
E02001959,19.965487412646876,imd_ex_housing
E02001961,52.21019446877702,imd_ex_housing
E02001985,32.796739087199946,imd_ex_housing
E02002016,45.89852341968597,imd_ex_housing
E02002055,37.84928251035331,imd_ex_housing
E02002058,32.39924900801675,imd_ex_housing
E02002069,37.72897010246259,imd_ex_housing
E02002074,34.231854036244556,imd_ex_housing
E02002104,1.6148719635961175,imd_ex_housing
E02002122,58.752694885921244,imd_ex_housing
E02002131,8.085705668098205,imd_ex_housing
E02002140,46.564985680720746,imd_ex_housing
E02002147,41.70342971583299,imd_ex_housing
E02002153,32.51976935802267,imd_ex_housing
E02002159,48.861076322801374,imd_ex_housing
E02002179,11.669708000487784,imd_ex_housing
E02002195,9.40553905352167,imd_ex_housing
E02002203,40.01108394958672,imd_ex_housing
E02002207,33.278531438153735,imd_ex_housing
E02002208,36.79010151533705,imd_ex_housing
E02002225,25.491288893601894,imd_ex_housing
E02002233,57.17896560044627,imd_ex_housing
E02002243,35.85758363122511,imd_ex_housing
E02002257,48.878762532254136,imd_ex_housing
E02002273,17.20048017686602,imd_ex_housing
E02002295,44.845925109299124,imd_ex_housing
E02002297,13.933363410743487,imd_ex_housing
E02002308,18.5608416477941,imd_ex_housing
E02002311,25.04300837564728,imd_ex_housing
E02002327,10.158297896691893,imd_ex_housing
E02002337,4.497892835801622,imd_ex_housing
E02002344,7.140322042205118,imd_ex_housing
E02002358,24.357337107113764,imd_ex_housing
E02002360,18.09393855693621,imd_ex_housing
E02002377,56.76273570173743,imd_ex_housing
E02002449,18.777317111100402,imd_ex_housing
E02002458,16.207382980403164,imd_ex_housing
E02002476,56.610441680449554,imd_ex_housing
E02002494,54.419344873927315,imd_ex_housing
E02002500,41.865941687332196,imd_ex_housing
E02002521,24.28298585120763,imd_ex_housing
E02002530,35.55954609504013,imd_ex_housing
E02007060,62.38868513956214,imd_ex_housing
E02002553,28.40203365395382,imd_ex_housing
E02002575,8.202426088753036,imd_ex_housing
E02002578,30.71622328612968,imd_ex_housing
E02002594,25.76180182056744,imd_ex_housing
E02002624,10.008527435120168,imd_ex_housing
E02002627,13.925095014225281,imd_ex_housing
E02002650,25.30228760983256,imd_ex_housing
E02002678,41.34403497186165,imd_ex_housing
E02002685,18.14587577444125,imd_ex_housing
E02002715,2.83621787231008,imd_ex_housing
E02002739,31.762356451262633,imd_ex_housing
E02002756,55.10631090047087,imd_ex_housing
E02002758,34.08743542531661,imd_ex_housing
E02002762,28.366906232586274,imd_ex_housing
E02002770,13.534906972589852,imd_ex_housing
E02002791,2.803103895440241,imd_ex_housing
E02002792,7.176634224962224,imd_ex_housing
E02002813,65.59320375734248,imd_ex_housing
E02002825,17.795536065150074,imd_ex_housing
E02002836,32.84634481167842,imd_ex_housing
E02002855,28.40344446483811,imd_ex_housing
E02002860,26.660869390648752,imd_ex_housing
E02002863,7.854079400012643,imd_ex_housing
E02002877,24.731671939176593,imd_ex_housing
E02002909,17.104384211875146,imd_ex_housing
E02002937,11.398320588033712,imd_ex_housing
E02002947,39.2711508137705,imd_ex_housing
E02002998,13.191009210427305,imd_ex_housing
E02003004,10.308729422490549,imd_ex_housing
E02003087,12.843655830831985,imd_ex_housing
E02003103,13.711928738752503,imd_ex_housing
E02003125,36.63322470061356,imd_ex_housing
E02003135,42.38822679503225,imd_ex_housing
E02003142,37.35533084783784,imd_ex_housing
E02003184,18.29167592094481,imd_ex_housing
E02003236,11.342675819077323,imd_ex_housing
E02003240,6.23676629936813,imd_ex_housing
E02003258,8.052250789229609,imd_ex_housing
E02003260,45.06320862175129,imd_ex_housing
E02003302,30.982447673258854,imd_ex_housing
E02003315,11.807733342605076,imd_ex_housing
E02003328,48.11509707163174,imd_ex_housing
E02003343,4.224394727262985,imd_ex_housing
E02003348,4.82732850126012,imd_ex_housing
E02003396,18.868864747260535,imd_ex_housing
E02003407,33.00532764782275,imd_ex_housing
E02003410,26.10351178582459,imd_ex_housing
E02003425,14.511445258147473,imd_ex_housing
E02003431,14.602716191946804,imd_ex_housing
E02003450,5.99741174785523,imd_ex_housing
E02003481,51.447322088173124,imd_ex_housing
E02003492,27.14074441292305,imd_ex_housing
E02003536,62.64302440018046,imd_ex_housing
E02003557,9.163712537152401,imd_ex_housing
E02003564,29.072517512910153,imd_ex_housing
E02003616,5.870974457169883,imd_ex_housing
E02003617,8.232175999579914,imd_ex_housing
E02003639,21.396288754417096,imd_ex_housing
E02003651,12.256438371042552,imd_ex_housing
E02003667,8.523426828500083,imd_ex_housing
E02003668,3.556460709226545,imd_ex_housing
E02003676,3.461215678086944,imd_ex_housing
E02003693,6.8019807701609345,imd_ex_housing
E02003694,14.067171060912044,imd_ex_housing
E02003695,10.347041876593408,imd_ex_housing
E02003701,9.908335258175091,imd_ex_housing
E02003702,4.355638189216933,imd_ex_housing
E02003704,2.259441590427929,imd_ex_housing
E02003716,4.626239974093792,imd_ex_housing
E02003723,5.24413060365787,imd_ex_housing
E02003727,13.18663113655819,imd_ex_housing
E02003731,6.0796785989684095,imd_ex_housing
E02003766,8.352735890952534,imd_ex_housing
E02003772,5.014819722535528,imd_ex_housing
E02003810,10.345943182305776,imd_ex_housing
E02003816,19.50475557073626,imd_ex_housing
E02003840,9.636531683181573,imd_ex_housing
E02003864,5.018678119195591,imd_ex_housing
E02003884,6.619707325955173,imd_ex_housing
E02003885,7.860950460997989,imd_ex_housing
E02003902,23.775935971704573,imd_ex_housing
E02003914,23.53030773313377,imd_ex_housing
E02003934,23.039416111239646,imd_ex_housing
E02003935,24.74670961147336,imd_ex_housing
E02003944,28.080038506998445,imd_ex_housing
E02003956,31.726885752991734,imd_ex_housing
E02003967,20.514539654372605,imd_ex_housing
E02003979,11.097588214998973,imd_ex_housing
E02004002,15.265543093425034,imd_ex_housing
E02004012,11.522108290831637,imd_ex_housing
E02004013,12.77705462222639,imd_ex_housing
E02004024,5.737268390127818,imd_ex_housing
E02004046,23.29527979277596,imd_ex_housing
E02004064,33.72315211551949,imd_ex_housing
E02004075,8.797504576831287,imd_ex_housing
E02004084,32.92197632326641,imd_ex_housing
E02004102,20.60058828415162,imd_ex_housing
E02004104,8.158527473722,imd_ex_housing
E02004138,14.123936250223338,imd_ex_housing
E02004139,13.045270629197542,imd_ex_housing
E02004141,7.607421177758404,imd_ex_housing
E02004166,11.601187594615018,imd_ex_housing
E02004182,38.67051029245294,imd_ex_housing
E02004213,12.944553076672399,imd_ex_housing
E02004249,3.204707692310004,imd_ex_housing
E02004283,20.01319310592132,imd_ex_housing
E02004309,14.506606502105384,imd_ex_housing
E02004311,22.301771877731746,imd_ex_housing
E02004343,28.087926697299306,imd_ex_housing
E02004394,12.66293044970308,imd_ex_housing
E02004397,12.867379199479682,imd_ex_housing
E02004404,4.699443330632938,imd_ex_housing
E02004417,12.397069385164164,imd_ex_housing
E02004420,9.722353932916404,imd_ex_housing
E02004445,32.959123601313266,imd_ex_housing
E02004451,9.469262335151742,imd_ex_housing
E02004452,9.810316437235617,imd_ex_housing
E02004460,18.07419416446134,imd_ex_housing
E02004483,20.466462606368246,imd_ex_housing
E02004496,6.788222981856344,imd_ex_housing
E02004560,16.043217546424327,imd_ex_housing
E02004583,21.39174252482976,imd_ex_housing
E02004603,26.129866200219602,imd_ex_housing
E02004609,6.475520542045301,imd_ex_housing
E02004625,8.580878154223424,imd_ex_housing
E02004628,15.635910876220446,imd_ex_housing
E02004698,21.635125275705054,imd_ex_housing
E02004712,1.1573507262480607,imd_ex_housing
E02004714,3.575067108660032,imd_ex_housing
E02004721,3.439721675316505,imd_ex_housing
E02004798,23.400982591323434,imd_ex_housing
E02004834,18.29578125696987,imd_ex_housing
E02004840,6.119315427764537,imd_ex_housing
E02004844,17.36727362676729,imd_ex_housing
E02004854,18.001890311159077,imd_ex_housing
E02004875,16.89170339413578,imd_ex_housing
E02004910,5.358058085312244,imd_ex_housing
E02004931,4.584693631633794,imd_ex_housing
E02004946,20.13351364648924,imd_ex_housing
E02004971,16.060848096942525,imd_ex_housing
E02004994,2.7734543257405804,imd_ex_housing
E02005015,10.700728279932305,imd_ex_housing
E02005019,16.583297299881192,imd_ex_housing
E02005030,15.058492929821448,imd_ex_housing
E02005043,18.417969461667028,imd_ex_housing
E02005066,6.129059303594877,imd_ex_housing
E02005083,8.998917903011176,imd_ex_housing
E02005107,13.000844512971042,imd_ex_housing
E02005113,18.80752968538779,imd_ex_housing
E02005120,49.08537888669391,imd_ex_housing
E02005122,14.830044384841639,imd_ex_housing
E02005140,11.591529129004535,imd_ex_housing
E02005156,11.354769461722995,imd_ex_housing
E02005174,11.824952512607824,imd_ex_housing
E02005203,11.97837766179283,imd_ex_housing
E02005212,28.543252787918487,imd_ex_housing
E02005213,26.017910907912256,imd_ex_housing
E02005236,24.434010736502934,imd_ex_housing
E02005248,56.01480672465089,imd_ex_housing
E02005254,5.4847105251988815,imd_ex_housing
E02005274,6.713087478535731,imd_ex_housing
E02005284,12.507754047395942,imd_ex_housing
E02005301,26.03062967446051,imd_ex_housing
E02005319,52.94203672147465,imd_ex_housing
E02005327,11.305244497548234,imd_ex_housing
E02005351,11.951942275102516,imd_ex_housing
E02005356,8.158127232622443,imd_ex_housing
E02005364,10.831493047067339,imd_ex_housing
E02005376,7.951680256297797,imd_ex_housing
E02005377,9.067542709516843,imd_ex_housing
E02005425,17.953198616832122,imd_ex_housing
E02005434,19.130625632951517,imd_ex_housing
E02005441,19.733988661242726,imd_ex_housing
E02005456,10.51890853055844,imd_ex_housing
E02005532,8.08541568297409,imd_ex_housing
E02005542,63.000937239145244,imd_ex_housing
E02005561,41.72179035624523,imd_ex_housing
E02005564,12.36418605673253,imd_ex_housing
E02005570,15.203093767647394,imd_ex_housing
E02005578,20.066092753577134,imd_ex_housing
E02005582,23.22074129389158,imd_ex_housing
E02005598,6.752888813287397,imd_ex_housing
E02005637,29.35808338056797,imd_ex_housing
E02005658,39.77393446624829,imd_ex_housing
E02005667,24.046946595194182,imd_ex_housing
E02005669,4.455184237022029,imd_ex_housing
E02005681,7.167612238812344,imd_ex_housing
E02005702,6.931150680762405,imd_ex_housing
E02005712,27.31893046727385,imd_ex_housing
E02005728,17.772689039851063,imd_ex_housing
E02005742,12.407969364484467,imd_ex_housing
E02005806,39.36977728799897,imd_ex_housing
E02005818,10.654478719032191,imd_ex_housing
E02005822,33.207787598614864,imd_ex_housing
E02005829,20.568459414097916,imd_ex_housing
E02005856,5.7623892534446215,imd_ex_housing
E02005857,23.8745525880335,imd_ex_housing
E02005861,18.672936118910904,imd_ex_housing
E02005870,26.8735322873683,imd_ex_housing
E02005881,32.45827020116332,imd_ex_housing
E02005882,15.92021968212875,imd_ex_housing
E02005899,31.356670152905583,imd_ex_housing
E02005934,13.642764800919752,imd_ex_housing
E02005943,8.10751404171031,imd_ex_housing
E02005944,31.46729992831624,imd_ex_housing
E02005950,18.274852429350265,imd_ex_housing
E02005959,7.237364773142364,imd_ex_housing
E02005961,5.165689780110627,imd_ex_housing
E02005985,15.63972547179909,imd_ex_housing
E02006001,9.327694678099279,imd_ex_housing
E02006003,9.049710232498953,imd_ex_housing
E02006023,15.764384698796054,imd_ex_housing
E02006037,11.18900717607014,imd_ex_housing
E02006046,15.28660254579678,imd_ex_housing
E02006047,12.127645904050786,imd_ex_housing
E02006061,9.050014858534794,imd_ex_housing
E02006069,31.762773795939218,imd_ex_housing
E02006093,12.463653125516759,imd_ex_housing
E02006102,32.63637609759327,imd_ex_housing
E02006107,36.76479652117732,imd_ex_housing
E02006138,38.624744758296046,imd_ex_housing
E02006144,34.182130120171294,imd_ex_housing
E02006172,5.540965038377641,imd_ex_housing
E02006188,10.38713101153141,imd_ex_housing
E02006191,5.197136075489963,imd_ex_housing
E02006224,12.49468416096642,imd_ex_housing
E02006252,16.08063848594154,imd_ex_housing
E02006253,9.938212641205528,imd_ex_housing
E02006261,12.378909539855771,imd_ex_housing
E02006269,7.112719489661175,imd_ex_housing
E02006383,4.931331086547847,imd_ex_housing
E02006390,14.080444918842293,imd_ex_housing
E02006429,8.109194561525292,imd_ex_housing
E02006437,8.45927321736238,imd_ex_housing
E02006526,14.55137801036953,imd_ex_housing
E02006543,13.91988921955133,imd_ex_housing
E02006553,16.168717053414298,imd_ex_housing
E02006556,10.446105502767216,imd_ex_housing
E02006560,14.351737364825656,imd_ex_housing
E02006564,10.113380892512543,imd_ex_housing
E02006590,7.017899774015907,imd_ex_housing
E02006607,2.7718500528585723,imd_ex_housing
E02006612,5.847513315241687,imd_ex_housing
E02006623,23.158036175002525,imd_ex_housing
E02007026,11.089487932709762,imd_ex_housing
E02006740,26.059980487075027,imd_ex_housing
E02006746,12.30270342019256,imd_ex_housing
E02006750,15.733467532569138,imd_ex_housing
E02006754,7.556206712217617,imd_ex_housing
E02006777,12.896959000696631,imd_ex_housing
E02006799,35.16763494836038,imd_ex_housing
E02006804,21.336950738621752,imd_ex_housing
E02006829,5.304589313852817,imd_ex_housing
E02007045,16.701150552998,imd_ex_housing
E02006877,15.032209138339411,imd_ex_housing
E02006890,40.258297049770356,imd_ex_housing
E02007039,39.34660304903266,imd_ex_housing
E02006909,9.153304339661592,imd_ex_housing
E02006916,42.1760190915653,imd_ex_housing
E02006922,18.743411832311537,imd_ex_housing
E02006926,7.618300257760302,imd_ex_housing
E02006933,32.035295159801485,imd_ex_housing
E02000024,9.610676529878305,imd_ex_housing
E02000056,5.77919292294291,imd_ex_housing
E02000079,12.920290375740429,imd_ex_housing
E02000081,14.870804667302002,imd_ex_housing
E02006955,18.04602395594071,imd_ex_housing
E02000110,19.551322658840053,imd_ex_housing
E02000117,42.19187933091086,imd_ex_housing
E02000135,39.336363047400646,imd_ex_housing
E02000148,5.216133845989624,imd_ex_housing
E02000151,3.249552866593478,imd_ex_housing
E02000157,3.2719028589317887,imd_ex_housing
E02000194,21.96677097500906,imd_ex_housing
E02000200,28.557051003256998,imd_ex_housing
E02000201,33.9158699249562,imd_ex_housing
E02000224,16.400331025418318,imd_ex_housing
E02000228,3.2762780002187295,imd_ex_housing
E02000236,7.643408865517814,imd_ex_housing
E02000262,28.62779875736713,imd_ex_housing
E02000276,12.5271891593217,imd_ex_housing
E02000278,40.46345163712483,imd_ex_housing
E02000287,9.193646769856286,imd_ex_housing
E02000306,45.50090577666865,imd_ex_housing
E02000357,47.551387117451426,imd_ex_housing
E02007109,31.70240539763823,imd_ex_housing
E02000374,29.426416101011146,imd_ex_housing
E02000380,18.37447136793843,imd_ex_housing
E02000394,21.056370025249258,imd_ex_housing
E02000405,12.917955047719696,imd_ex_housing
E02000420,40.12173550475886,imd_ex_housing
E02000436,14.951670780526577,imd_ex_housing
E02000461,7.941211698773962,imd_ex_housing
E02000496,18.786593237220533,imd_ex_housing
E02000501,7.749773527487366,imd_ex_housing
E02000524,20.77034561570577,imd_ex_housing
E02000530,32.201385377773306,imd_ex_housing
E02000536,17.974473100430064,imd_ex_housing
E02000579,29.595859078268685,imd_ex_housing
E02000591,28.846472305465902,imd_ex_housing
E02000602,19.793299636341356,imd_ex_housing
E02000611,4.651039166473729,imd_ex_housing
E02000622,27.634540900161877,imd_ex_housing
E02000634,33.236653175052844,imd_ex_housing
E02000683,33.733273085472945,imd_ex_housing
E02000685,29.18839758962311,imd_ex_housing
E02000701,22.218101819465616,imd_ex_housing
E02000715,31.950044354987153,imd_ex_housing
E02000718,36.763512906932355,imd_ex_housing
E02000724,24.55406675603475,imd_ex_housing
E02000746,29.060781408916842,imd_ex_housing
E02000817,41.9278438600842,imd_ex_housing
E02000825,33.52352269303874,imd_ex_housing
E02000826,33.082010055668604,imd_ex_housing
E02000851,24.552763253635728,imd_ex_housing
E02000878,34.87218637226995,imd_ex_housing
E02000906,28.454420806560133,imd_ex_housing
E02000933,10.66241783345811,imd_ex_housing
E02000935,27.122736336641985,imd_ex_housing
E02000947,7.957183986555488,imd_ex_housing
E02000952,22.012288640897555,imd_ex_housing
E02000971,20.75876172829961,imd_ex_housing
E02001009,35.930983624714315,imd_ex_housing
E02001013,13.036520131534727,imd_ex_housing
E02001017,22.809538043356472,imd_ex_housing
E02001018,13.37523001410401,imd_ex_housing
E02001026,48.003903770413274,imd_ex_housing
E02001059,55.533875728470285,imd_ex_housing
E02001077,21.265514094082548,imd_ex_housing
E02001102,16.815624670740956,imd_ex_housing
E02001108,45.266124844390646,imd_ex_housing
E02001126,52.99388213071699,imd_ex_housing
E02001131,20.986275327475887,imd_ex_housing
E02001135,60.03323420877886,imd_ex_housing
E02001177,36.8648073464588,imd_ex_housing
E02001181,47.32680317628224,imd_ex_housing
E02001187,27.57905500779184,imd_ex_housing
E02001209,23.85347990475971,imd_ex_housing
E02001211,10.485030867513764,imd_ex_housing
E02001217,21.740512295666772,imd_ex_housing
E02001234,48.36077419509933,imd_ex_housing
E02001242,17.038512633543114,imd_ex_housing
E02001244,16.823603166396417,imd_ex_housing
E02001313,42.64244405383333,imd_ex_housing
E02001315,14.234185237811554,imd_ex_housing
E02001327,67.16988947062588,imd_ex_housing
E02001328,28.77278864361095,imd_ex_housing
E02001331,55.18672606086607,imd_ex_housing
E02001334,76.25828479698984,imd_ex_housing
E02001354,54.08198407670732,imd_ex_housing
E02001355,60.63255728323731,imd_ex_housing
E02001362,41.32732044217799,imd_ex_housing
E02001371,55.0013398230465,imd_ex_housing
E02001407,13.339112694118656,imd_ex_housing
E02001428,12.531527185833157,imd_ex_housing
E02001440,7.55546980830826,imd_ex_housing
E02001455,20.571388906893116,imd_ex_housing
E02001460,48.02388918522204,imd_ex_housing
E02001469,16.124792711730866,imd_ex_housing
E02001479,10.58583060687328,imd_ex_housing
E02001494,5.090510713018755,imd_ex_housing
E02001512,21.77291478096259,imd_ex_housing
E02001513,15.236935808782869,imd_ex_housing
E02001519,44.84714194263015,imd_ex_housing
E02001532,11.441433019932331,imd_ex_housing
E02001566,36.07564972309377,imd_ex_housing
E02001600,20.57745033909096,imd_ex_housing
E02001609,16.16064212517395,imd_ex_housing
E02001621,54.101303194799044,imd_ex_housing
E02001652,28.230547065295745,imd_ex_housing
E02001658,62.173061532138604,imd_ex_housing
E02001659,44.14722535098646,imd_ex_housing
E02001660,17.417885105273395,imd_ex_housing
E02001663,16.59769233388499,imd_ex_housing
E02001673,9.056150263556948,imd_ex_housing
E02001679,38.66627802816576,imd_ex_housing
E02001682,16.146579121315455,imd_ex_housing
E02001701,9.136989141226803,imd_ex_housing
E02001709,6.332264916156018,imd_ex_housing
E02001766,35.184255215838334,imd_ex_housing
E02001767,31.269085081765446,imd_ex_housing
E02001780,35.304353601936754,imd_ex_housing
E02001818,26.905169391688922,imd_ex_housing
E02001834,37.61940911093185,imd_ex_housing
E02001844,20.86951766017947,imd_ex_housing
E02001869,60.1894742047974,imd_ex_housing
E02001874,57.10064395887099,imd_ex_housing
E02001876,39.60667403366186,imd_ex_housing
E02001915,31.15506449854367,imd_ex_housing
E02001926,23.033855991638667,imd_ex_housing
E02001928,37.633595509629934,imd_ex_housing
E02001975,18.08731061519315,imd_ex_housing
E02001984,24.26625568433745,imd_ex_housing
E02001990,11.204366334579056,imd_ex_housing
E02001999,6.925533696934817,imd_ex_housing
E02002018,9.935431531681052,imd_ex_housing
E02002043,34.88196536623861,imd_ex_housing
E02002048,13.824576641533763,imd_ex_housing
E02002049,34.28580595680658,imd_ex_housing
E02002098,11.697497669628682,imd_ex_housing
E02002107,2.9560473790466495,imd_ex_housing
E02002132,38.08341869254561,imd_ex_housing
E02002152,50.94605738879596,imd_ex_housing
E02002168,47.97268234813504,imd_ex_housing
E02002235,49.970639900810895,imd_ex_housing
E02002286,32.2896518801025,imd_ex_housing
E02002303,21.34797580395247,imd_ex_housing
E02002324,12.203926705412025,imd_ex_housing
E02002340,15.286994520224015,imd_ex_housing
E02002366,18.63450850907355,imd_ex_housing
E02002370,42.08804400773138,imd_ex_housing
E02002379,64.07329993234518,imd_ex_housing
E02002388,47.22010191733077,imd_ex_housing
E02002390,33.26522850142973,imd_ex_housing
E02002430,61.21324214411987,imd_ex_housing
E02002432,18.402411152718336,imd_ex_housing
E02002433,32.159618108337334,imd_ex_housing
E02002440,41.949808711488295,imd_ex_housing
E02002463,52.67490624255582,imd_ex_housing
E02002514,28.525707624866197,imd_ex_housing
E02002555,7.749553434008904,imd_ex_housing
E02002568,8.55842626370307,imd_ex_housing
E02002596,15.042251846230725,imd_ex_housing
E02002599,10.63086748389907,imd_ex_housing
E02002604,8.157682501238579,imd_ex_housing
E02002606,37.28423250948235,imd_ex_housing
E02002612,10.859253191116007,imd_ex_housing
E02002623,55.67151434189006,imd_ex_housing
E02002637,27.669224111420363,imd_ex_housing
E02002639,76.25376469482205,imd_ex_housing
E02002653,63.43530167900551,imd_ex_housing
E02002697,7.9638414171060115,imd_ex_housing
E02002708,11.532412764271282,imd_ex_housing
E02002738,23.401662499622375,imd_ex_housing
E02002763,40.320140957378044,imd_ex_housing
E02002821,56.97980155514625,imd_ex_housing
E02002823,33.432048176239604,imd_ex_housing
E02002827,31.60297687990759,imd_ex_housing
E02002842,43.30222755284421,imd_ex_housing
E02002846,19.969832019037042,imd_ex_housing
E02002890,45.99593379291449,imd_ex_housing
E02002908,14.829071702542794,imd_ex_housing
E02002918,7.020753698948584,imd_ex_housing
E02002925,14.626015204407866,imd_ex_housing
E02002927,12.603413825286212,imd_ex_housing
E02002934,17.688658906206634,imd_ex_housing
E02002980,15.102271494979533,imd_ex_housing
E02002994,5.994891607611633,imd_ex_housing
E02003002,15.828052871458324,imd_ex_housing
E02003011,11.396240351218294,imd_ex_housing
E02003026,4.960542315670641,imd_ex_housing
E02003028,7.994271776309625,imd_ex_housing
E02003053,20.169849578782184,imd_ex_housing
E02003090,6.360422243319534,imd_ex_housing
E02003122,9.53562385675694,imd_ex_housing
E02003138,11.710206578519212,imd_ex_housing
E02003139,8.317764594032036,imd_ex_housing
E02003161,65.15487799833656,imd_ex_housing
E02003181,11.131357048424539,imd_ex_housing
E02003188,26.312070643210237,imd_ex_housing
E02003195,19.3227568056063,imd_ex_housing
E02003202,14.394391383405159,imd_ex_housing
E02003205,10.434638621314987,imd_ex_housing
E02003207,25.36940857665084,imd_ex_housing
E02003248,30.8223798369319,imd_ex_housing
E02003253,29.38097865446159,imd_ex_housing
E02003254,7.831293033118524,imd_ex_housing
E02003263,22.128658298064302,imd_ex_housing
E02003279,12.06007149784171,imd_ex_housing
E02003296,9.387106525812099,imd_ex_housing
E02003299,10.004847369331662,imd_ex_housing
E02003317,15.056333746656566,imd_ex_housing
E02003326,30.746947927641543,imd_ex_housing
E02003345,7.376909889866639,imd_ex_housing
E02003357,16.443317218391087,imd_ex_housing
E02003367,6.338518077368328,imd_ex_housing
E02007069,24.37232825645157,imd_ex_housing
E02003442,1.6523707670471979,imd_ex_housing
E02003444,5.480661569947399,imd_ex_housing
E02003455,5.364966723363984,imd_ex_housing
E02003460,7.103746428949997,imd_ex_housing
E02003466,21.195141472147355,imd_ex_housing
E02003523,9.753070355258812,imd_ex_housing
E02003524,44.83024324714467,imd_ex_housing
E02006975,47.816598711508355,imd_ex_housing
E02003542,17.435321802342777,imd_ex_housing
E02003546,18.01260593498498,imd_ex_housing
E02003556,20.112105954059192,imd_ex_housing
E02003567,33.40546738933763,imd_ex_housing
E02003598,29.623995616997448,imd_ex_housing
E02003614,4.402075455396384,imd_ex_housing
E02003618,8.95507211972151,imd_ex_housing
E02003624,15.876757071670106,imd_ex_housing
E02007010,14.240509131171446,imd_ex_housing
E02003654,6.285545499911711,imd_ex_housing
E02003689,3.1078939173827,imd_ex_housing
E02003732,16.75000213592528,imd_ex_housing
E02003758,7.381188829315681,imd_ex_housing
E02003760,30.01016173051038,imd_ex_housing
E02003796,19.88081808076949,imd_ex_housing
E02003797,7.933539258482201,imd_ex_housing
E02003809,7.959085095614002,imd_ex_housing
E02003844,9.82438207116621,imd_ex_housing
E02003866,2.848205239229116,imd_ex_housing
E02003875,6.613019651927913,imd_ex_housing
E02003894,20.818149235806157,imd_ex_housing
E02003910,17.855955990467944,imd_ex_housing
E02003913,14.602821420343888,imd_ex_housing
E02003916,13.391761434046366,imd_ex_housing
E02003939,15.714067118589389,imd_ex_housing
E02003949,42.67069854275642,imd_ex_housing
E02003955,23.32458927134343,imd_ex_housing
E02003966,11.99916683523311,imd_ex_housing
E02003997,44.07192850966268,imd_ex_housing
E02004001,33.9794844214259,imd_ex_housing
E02004004,41.14917464348595,imd_ex_housing
E02004044,5.627747569800017,imd_ex_housing
E02004051,34.434117961251886,imd_ex_housing
E02004059,19.187865406224795,imd_ex_housing
E02004087,27.353393279522894,imd_ex_housing
E02007027,10.707403302910093,imd_ex_housing
E02004149,2.6138142055685405,imd_ex_housing
E02004198,16.985294286306157,imd_ex_housing
E02004212,13.19097226098304,imd_ex_housing
E02004238,7.641374191152736,imd_ex_housing
E02004239,5.042433699298705,imd_ex_housing
E02004240,29.854252247492738,imd_ex_housing
E02004241,14.210822381683135,imd_ex_housing
E02004246,5.663453562113571,imd_ex_housing
E02004253,4.42125404686136,imd_ex_housing
E02004258,12.087867923113233,imd_ex_housing
E02004286,17.818391824950147,imd_ex_housing
E02004313,34.38921476137723,imd_ex_housing
E02004353,18.281517666826204,imd_ex_housing
E02004398,34.472565026922254,imd_ex_housing
E02004411,10.214351559399976,imd_ex_housing
E02004414,7.20508636886263,imd_ex_housing
E02004447,8.282045652812966,imd_ex_housing
E02004466,11.915828593999294,imd_ex_housing
E02004479,11.702021437637832,imd_ex_housing
E02004484,30.462425424297187,imd_ex_housing
E02004485,12.173999904624594,imd_ex_housing
E02004493,17.083159863316194,imd_ex_housing
E02004495,10.760293346695597,imd_ex_housing
E02004506,9.10470754206333,imd_ex_housing
E02004514,10.786258938168212,imd_ex_housing
E02004520,21.67897943527631,imd_ex_housing
E02004525,13.570300561033527,imd_ex_housing
E02004535,23.35616483129724,imd_ex_housing
E02004546,28.690534006720767,imd_ex_housing
E02004555,9.969656455667893,imd_ex_housing
E02004568,11.484526716849839,imd_ex_housing
E02004578,29.566417930671708,imd_ex_housing
E02004644,29.503617707404132,imd_ex_housing
E02004662,9.904873057029837,imd_ex_housing
E02004667,19.108033605691787,imd_ex_housing
E02004674,15.35872103921545,imd_ex_housing
E02004699,3.6797781142470765,imd_ex_housing
E02004704,8.056765825692223,imd_ex_housing
E02004715,12.649127719552167,imd_ex_housing
E02004718,20.41158244124459,imd_ex_housing
E02004757,0.8007201427360128,imd_ex_housing
E02004775,13.697538827220187,imd_ex_housing
E02004776,10.287727302243328,imd_ex_housing
E02004783,9.907666037314979,imd_ex_housing
E02004794,8.338374280264022,imd_ex_housing
E02004802,18.865708693747532,imd_ex_housing
E02004811,19.074376328623043,imd_ex_housing
E02004812,10.026678328745238,imd_ex_housing
E02004826,7.899337748007272,imd_ex_housing
E02004827,0.9229943743849972,imd_ex_housing
E02004846,4.521202658494227,imd_ex_housing
E02004889,11.087087843687534,imd_ex_housing
E02004909,13.344177531912148,imd_ex_housing
E02004921,5.465372747374914,imd_ex_housing
E02004930,4.252592734068369,imd_ex_housing
E02004934,7.004245030510312,imd_ex_housing
E02004952,17.358790555105994,imd_ex_housing
E02004960,1.6398715893340072,imd_ex_housing
E02004965,11.814734758155003,imd_ex_housing
E02004968,16.963089475327248,imd_ex_housing
E02004978,21.104756059677566,imd_ex_housing
E02004988,13.915033158995081,imd_ex_housing
E02004996,12.476061468405957,imd_ex_housing
E02005016,16.833072562088017,imd_ex_housing
E02005031,28.146659734316113,imd_ex_housing
E02005045,20.02188897110761,imd_ex_housing
E02005060,21.44079035617679,imd_ex_housing
E02005098,4.000751610289496,imd_ex_housing
E02005114,24.350264081973968,imd_ex_housing
E02005117,24.818661971053718,imd_ex_housing
E02005129,23.26584735989803,imd_ex_housing
E02005142,23.992848122704753,imd_ex_housing
E02005176,21.384833198601726,imd_ex_housing
E02005198,27.858376851803634,imd_ex_housing
E02005221,13.852532159404047,imd_ex_housing
E02005223,7.596389112562012,imd_ex_housing
E02005224,19.519941850740846,imd_ex_housing
E02005237,16.326211890796966,imd_ex_housing
E02005238,15.878239424240515,imd_ex_housing
E02005246,47.65469890794658,imd_ex_housing
E02005250,44.38000660566824,imd_ex_housing
E02005257,37.74400635999528,imd_ex_housing
E02005267,44.36705573229177,imd_ex_housing
E02005321,36.61457782030964,imd_ex_housing
E02005350,14.715639275384396,imd_ex_housing
E02005353,23.701286185526737,imd_ex_housing
E02005360,4.553757695501515,imd_ex_housing
E02005378,5.460959763795436,imd_ex_housing
E02005381,9.777177900147198,imd_ex_housing
E02005385,6.000303401707568,imd_ex_housing
E02005394,18.92375356568272,imd_ex_housing
E02005417,23.50488110224508,imd_ex_housing
E02005427,20.798298736628084,imd_ex_housing
E02005439,14.449360987609785,imd_ex_housing
E02005445,43.73251945392493,imd_ex_housing
E02005450,13.144720367617056,imd_ex_housing
E02005473,12.320125418375488,imd_ex_housing
E02005480,35.31123184254602,imd_ex_housing
E02005487,4.602460177012986,imd_ex_housing
E02005493,12.570018009637444,imd_ex_housing
E02005516,13.031119290774399,imd_ex_housing
E02005517,37.10235424196139,imd_ex_housing
E02005533,8.506544728243478,imd_ex_housing
E02005537,12.346992426667008,imd_ex_housing
E02005546,41.859156439582776,imd_ex_housing
E02005549,20.321881498800323,imd_ex_housing
E02005586,28.387267905283764,imd_ex_housing
E02005596,37.19257323099432,imd_ex_housing
E02005607,10.470237709929785,imd_ex_housing
E02005643,46.71306813025858,imd_ex_housing
E02005671,19.7076296075172,imd_ex_housing
E02005676,25.068088463787255,imd_ex_housing
E02005685,9.34301450986581,imd_ex_housing
E02005724,2.78156382937034,imd_ex_housing
E02005736,41.8509185836066,imd_ex_housing
E02005758,12.210351827129376,imd_ex_housing
E02005760,4.757183938789316,imd_ex_housing
E02005809,8.534886635744718,imd_ex_housing
E02005810,5.962899691050018,imd_ex_housing
E02005812,9.171436180503886,imd_ex_housing
E02005814,13.77780804416577,imd_ex_housing
E02005860,16.402181967602186,imd_ex_housing
E02005866,14.114849153482327,imd_ex_housing
E02005876,16.113022718994987,imd_ex_housing
E02005889,29.22392938985656,imd_ex_housing
E02005897,13.567044913893048,imd_ex_housing
E02005904,7.883615525749866,imd_ex_housing
E02005919,7.738564933389655,imd_ex_housing
E02005926,10.196033356676372,imd_ex_housing
E02005937,8.241638058513738,imd_ex_housing
E02005951,18.103599937601707,imd_ex_housing
E02005953,17.308877231719123,imd_ex_housing
E02005981,2.5169275177508537,imd_ex_housing
E02006041,17.603183118189836,imd_ex_housing
E02006044,15.381350487622912,imd_ex_housing
E02006050,27.365756462212605,imd_ex_housing
E02006063,7.272251396841121,imd_ex_housing
E02006127,6.748187385851869,imd_ex_housing
E02006176,10.18887021319523,imd_ex_housing
E02006178,20.104366420648635,imd_ex_housing
E02006190,14.493343812851526,imd_ex_housing
E02006199,8.079791552914324,imd_ex_housing
E02006201,2.6275769083595337,imd_ex_housing
E02006207,9.85186084912448,imd_ex_housing
E02006212,8.732307047939427,imd_ex_housing
E02006217,12.616794271819595,imd_ex_housing
E02006220,18.669180813960985,imd_ex_housing
E02006241,18.459470291219244,imd_ex_housing
E02006312,11.821963891533777,imd_ex_housing
E02006326,6.073522665888186,imd_ex_housing
E02006327,2.668378336361588,imd_ex_housing
E02006345,6.338353559682513,imd_ex_housing
E02006351,6.315185667142942,imd_ex_housing
E02006424,2.6509188344418546,imd_ex_housing
E02006442,1.9234256206584368,imd_ex_housing
E02006446,3.9853218317606327,imd_ex_housing
E02006471,8.980390590111567,imd_ex_housing
E02006481,33.11406620597267,imd_ex_housing
E02006482,16.06275473313226,imd_ex_housing
E02006487,32.860936311321495,imd_ex_housing
E02007048,6.085609037606204,imd_ex_housing
E02006528,17.845178103838293,imd_ex_housing
E02006544,9.72818419283621,imd_ex_housing
E02006549,6.782027564935052,imd_ex_housing
E02006562,6.2170633723616495,imd_ex_housing
E02006645,7.200091116590352,imd_ex_housing
E02006687,22.014511593602684,imd_ex_housing
E02006694,14.786677607783266,imd_ex_housing
E02006739,8.663506486685748,imd_ex_housing
E02006744,28.090599776588206,imd_ex_housing
E02006751,18.125697128350858,imd_ex_housing
E02006755,5.381576047507362,imd_ex_housing
E02006758,14.522019578956417,imd_ex_housing
E02006772,20.37810711356706,imd_ex_housing
E02006781,10.23486509165809,imd_ex_housing
E02006790,10.889068491482973,imd_ex_housing
E02006808,10.460795345387607,imd_ex_housing
E02006823,2.631709965870281,imd_ex_housing
E02006842,30.142224958470063,imd_ex_housing
E02006854,14.23586032805124,imd_ex_housing
E02006856,16.702107395580907,imd_ex_housing
E02006867,9.466243114024877,imd_ex_housing
E02006885,20.01393602857871,imd_ex_housing
E02006967,5.762936032841294,imd_ex_housing
E02006921,37.184042542897586,imd_ex_housing
E02006934,24.015621685483502,imd_ex_housing
E02000014,38.383117506279966,imd_ex_housing
E02006953,18.11351262167392,imd_ex_housing
E02000093,15.315551887528075,imd_ex_housing
E02000122,15.92020446477567,imd_ex_housing
E02000130,19.758142240700224,imd_ex_housing
E02000144,7.849921651527244,imd_ex_housing
E02000160,6.137413553924229,imd_ex_housing
E02000179,19.496948937041054,imd_ex_housing
E02007115,25.578339724374263,imd_ex_housing
E02000207,30.715497770914556,imd_ex_housing
E02000222,14.842825699437078,imd_ex_housing
E02000231,8.749352193154994,imd_ex_housing
E02000253,31.804795217709792,imd_ex_housing
E02000268,18.114042169837525,imd_ex_housing
E02000270,37.89097149557308,imd_ex_housing
E02000277,26.76383043478045,imd_ex_housing
E02000288,33.67137027018317,imd_ex_housing
E02000301,39.58041295481462,imd_ex_housing
E02000312,18.41739185165226,imd_ex_housing
E02000328,16.31883599473115,imd_ex_housing
E02000342,22.69698740659111,imd_ex_housing
E02000345,25.76955868705256,imd_ex_housing
E02000390,21.22494800878716,imd_ex_housing
E02000395,10.951457084808673,imd_ex_housing
E02000396,19.17737226448742,imd_ex_housing
E02000404,31.227875150338658,imd_ex_housing
E02000426,13.046501347781884,imd_ex_housing
E02000465,32.13294292984208,imd_ex_housing
E02000479,19.82460515359681,imd_ex_housing
E02000480,21.83116445618459,imd_ex_housing
E02000497,12.78773129088941,imd_ex_housing
E02000514,20.664374874256602,imd_ex_housing
E02000522,24.412219707604937,imd_ex_housing
E02000546,18.24013079823475,imd_ex_housing
E02000549,21.789227423242263,imd_ex_housing
E02000551,31.410657863319948,imd_ex_housing
E02000557,36.6376233194392,imd_ex_housing
E02000575,23.318192709650397,imd_ex_housing
E02000584,11.54323313611796,imd_ex_housing
E02000587,11.567652683812303,imd_ex_housing
E02000609,11.198020227288504,imd_ex_housing
E02000642,24.53101327965336,imd_ex_housing
E02000647,20.444825735266196,imd_ex_housing
E02000658,25.89584401569982,imd_ex_housing
E02000676,22.016707044148,imd_ex_housing
E02000677,21.853207908757497,imd_ex_housing
E02000681,33.67385878523058,imd_ex_housing
E02000689,7.657683438325944,imd_ex_housing
E02000699,5.478280159155277,imd_ex_housing
E02000717,29.087280993156906,imd_ex_housing
E02000744,35.70033273057832,imd_ex_housing
E02000758,17.886738730852976,imd_ex_housing
E02000779,29.23593489635666,imd_ex_housing
E02000797,7.674779019724595,imd_ex_housing
E02000800,15.966851132449413,imd_ex_housing
E02000821,37.33010914641151,imd_ex_housing
E02000827,34.73661075314914,imd_ex_housing
E02000865,43.48818523909771,imd_ex_housing
E02000871,41.2598985787249,imd_ex_housing
E02000890,10.965683163306936,imd_ex_housing
E02000896,16.099533190955395,imd_ex_housing
E02000914,38.2160727905138,imd_ex_housing
E02000930,17.02900761541394,imd_ex_housing
E02000943,12.147707080381345,imd_ex_housing
E02000962,22.83492963599415,imd_ex_housing
E02000977,21.278884431072093,imd_ex_housing
E02000979,25.140058969499496,imd_ex_housing
E02000988,31.79181472937891,imd_ex_housing
E02001010,44.27431633671744,imd_ex_housing
E02001015,41.85859326879325,imd_ex_housing
E02001029,33.067407559268716,imd_ex_housing
E02001074,42.29115405050786,imd_ex_housing
E02001083,24.12013343134878,imd_ex_housing
E02001086,34.43474860019722,imd_ex_housing
E02001091,31.24169006427656,imd_ex_housing
E02001092,49.182667920030084,imd_ex_housing
E02001143,47.007685420074694,imd_ex_housing
E02001180,69.50603293673568,imd_ex_housing
E02001182,49.90795584350341,imd_ex_housing
E02001198,30.01653278490384,imd_ex_housing
E02001249,31.56501294393461,imd_ex_housing
E02001254,31.088536058182314,imd_ex_housing
E02001268,10.253495458190557,imd_ex_housing
E02001302,34.159929191611646,imd_ex_housing
E02001308,23.128319908560954,imd_ex_housing
E02001311,25.7530039287464,imd_ex_housing
E02001316,45.49447756298837,imd_ex_housing
E02001339,43.76436896424207,imd_ex_housing
E02001358,68.95154170367206,imd_ex_housing
E02001361,52.62837237664764,imd_ex_housing
E02001365,69.73001426810505,imd_ex_housing
E02001367,21.01444767044941,imd_ex_housing
E02001406,11.898743759482775,imd_ex_housing
E02001414,6.6930827686603385,imd_ex_housing
E02001419,62.56717704666829,imd_ex_housing
E02001443,6.5272577422420595,imd_ex_housing
E02001462,63.37760680615166,imd_ex_housing
E02001489,7.50071544362108,imd_ex_housing
E02001514,44.444979867588415,imd_ex_housing
E02001531,40.325081602671375,imd_ex_housing
E02001551,30.010938885871493,imd_ex_housing
E02001556,39.93963329386004,imd_ex_housing
E02001591,54.633409079695305,imd_ex_housing
E02001646,9.011392057473282,imd_ex_housing
E02001664,23.62011910823619,imd_ex_housing
E02001674,12.686043309397107,imd_ex_housing
E02001689,41.53852575527895,imd_ex_housing
E02001692,50.10328080495697,imd_ex_housing
E02001704,32.74029326541483,imd_ex_housing
E02001706,31.819656888635777,imd_ex_housing
E02001728,29.767344752223803,imd_ex_housing
E02007099,37.36434195173996,imd_ex_housing
E02007104,58.36079947985814,imd_ex_housing
E02001751,19.933665949798222,imd_ex_housing
E02001755,13.286706861354912,imd_ex_housing
E02001760,49.725860589802295,imd_ex_housing
E02001796,24.47146968192022,imd_ex_housing
E02001838,6.406175089674714,imd_ex_housing
E02001855,50.7215797216546,imd_ex_housing
E02001870,41.4902112474467,imd_ex_housing
E02001933,34.94683994827999,imd_ex_housing
E02001949,38.854247386652204,imd_ex_housing
E02001963,20.56912248660537,imd_ex_housing
E02001971,15.532121537224402,imd_ex_housing
E02001977,40.19631106631889,imd_ex_housing
E02001997,9.19454973250467,imd_ex_housing
E02002031,24.95734608185028,imd_ex_housing
E02002097,9.582453016449438,imd_ex_housing
E02002129,22.535431378165555,imd_ex_housing
E02002137,4.290811186780858,imd_ex_housing
E02002184,5.817753951852478,imd_ex_housing
E02002222,44.005602510518116,imd_ex_housing
E02002255,63.77622312126465,imd_ex_housing
E02002256,30.162886415563726,imd_ex_housing
E02002309,36.95100957677557,imd_ex_housing
E02002349,11.9534615203903,imd_ex_housing
E02002367,52.08848136826973,imd_ex_housing
E02002368,10.389673239864686,imd_ex_housing
E02002384,36.332170341996445,imd_ex_housing
E02002385,35.26111656791691,imd_ex_housing
E02002400,62.85403992199486,imd_ex_housing
E02002401,62.06852545952145,imd_ex_housing
E02002416,18.419274947634744,imd_ex_housing
E02002417,16.316057291831257,imd_ex_housing
E02002421,66.33176851390857,imd_ex_housing
E02002442,17.855465743776204,imd_ex_housing
E02002445,18.88499021776133,imd_ex_housing
E02002465,22.326553221674853,imd_ex_housing
E02002474,27.727246106866588,imd_ex_housing
E02002480,37.29812623760697,imd_ex_housing
E02002509,33.356482289923015,imd_ex_housing
E02002533,9.52081842976001,imd_ex_housing
E02002535,9.747796827998068,imd_ex_housing
E02002545,12.625105732135983,imd_ex_housing
E02002546,49.59629728735049,imd_ex_housing
E02002549,10.74502908141022,imd_ex_housing
E02007063,4.191623402408784,imd_ex_housing
E02002609,39.06943779026037,imd_ex_housing
E02002630,40.83881440146168,imd_ex_housing
E02002660,48.63118269732706,imd_ex_housing
E02002666,38.77042796961071,imd_ex_housing
E02002684,18.246762164437786,imd_ex_housing
E02002710,7.296724296664386,imd_ex_housing
E02002732,7.952599763131494,imd_ex_housing
E02002752,16.8699372762156,imd_ex_housing
E02002760,24.68007268222195,imd_ex_housing
E02002778,7.660707282997636,imd_ex_housing
E02002795,2.909831423352952,imd_ex_housing
E02002799,30.48723743624183,imd_ex_housing
E02002814,7.3649631509351,imd_ex_housing
E02002871,33.30027256883078,imd_ex_housing
E02002903,39.469651894284254,imd_ex_housing
E02002913,10.937176420013056,imd_ex_housing
E02002933,14.063588000873262,imd_ex_housing
E02002936,31.882667465364992,imd_ex_housing
E02002949,29.211213058464033,imd_ex_housing
E02003025,36.82972043346054,imd_ex_housing
E02003102,6.322200178187383,imd_ex_housing
E02003112,19.719750337951062,imd_ex_housing
E02003126,21.921610883168437,imd_ex_housing
E02003141,35.86630393848989,imd_ex_housing
E02003144,23.038497095793616,imd_ex_housing
E02003154,41.324203699436595,imd_ex_housing
E02003157,48.05725141308748,imd_ex_housing
E02003165,23.614878991733978,imd_ex_housing
E02003167,51.12780596502998,imd_ex_housing
E02003198,14.451301710395972,imd_ex_housing
E02003199,14.408037734787916,imd_ex_housing
E02003217,28.01844814278443,imd_ex_housing
E02003224,7.748941909641729,imd_ex_housing
E02003251,9.77675310479844,imd_ex_housing
E02003305,15.663400455127928,imd_ex_housing
E02003331,28.007624209583696,imd_ex_housing
E02003333,53.077382544754954,imd_ex_housing
E02003334,26.264145677132525,imd_ex_housing
E02003368,11.897134153016578,imd_ex_housing
E02003373,4.64931281141056,imd_ex_housing
E02003377,7.588753607302847,imd_ex_housing
E02003394,29.128738578209408,imd_ex_housing
E02003415,28.29720161992763,imd_ex_housing
E02003441,3.684572135225963,imd_ex_housing
E02003448,2.898837115640469,imd_ex_housing
E02003452,1.582423796264458,imd_ex_housing
E02003459,4.2570917206669785,imd_ex_housing
E02003484,12.345878248918767,imd_ex_housing
E02003500,7.784640881896229,imd_ex_housing
E02003533,35.59550939498311,imd_ex_housing
E02003544,21.8358038929157,imd_ex_housing
E02003568,17.802184733101324,imd_ex_housing
E02003570,46.70161020853955,imd_ex_housing
E02003578,19.448616328317087,imd_ex_housing
E02003583,25.303715422075353,imd_ex_housing
E02003605,4.325907393857032,imd_ex_housing
E02003611,6.0016960575672655,imd_ex_housing
E02003632,18.714794577935805,imd_ex_housing
E02003655,6.09735925525074,imd_ex_housing
E02003658,5.93239893646888,imd_ex_housing
E02003696,7.427891600048843,imd_ex_housing
E02003711,12.758287123721605,imd_ex_housing
E02003762,5.297947655739831,imd_ex_housing
E02003763,9.721412561421356,imd_ex_housing
E02003764,11.390807506271864,imd_ex_housing
E02003765,11.063155692113336,imd_ex_housing
E02003794,12.811592827777691,imd_ex_housing
E02003799,39.30266737938768,imd_ex_housing
E02003808,32.80582722340681,imd_ex_housing
E02003825,7.507344705742153,imd_ex_housing
E02003826,38.13362497512541,imd_ex_housing
E02003827,42.83452756765428,imd_ex_housing
E02003830,36.53470117873134,imd_ex_housing
E02003841,18.363981937440297,imd_ex_housing
E02003850,17.743597182774092,imd_ex_housing
E02003856,20.873755521137163,imd_ex_housing
E02003968,22.670052671192636,imd_ex_housing
E02003978,21.480785432328798,imd_ex_housing
E02003983,52.111154149012435,imd_ex_housing
E02003990,8.069068936052812,imd_ex_housing
E02003992,25.62278599526929,imd_ex_housing
E02004024,7.625368529561357,imd_ex_housing
E02004053,26.370352822165238,imd_ex_housing
E02004065,5.165757390871781,imd_ex_housing
E02007029,9.784948117431176,imd_ex_housing
E02004073,19.751391260618973,imd_ex_housing
E02004110,4.645971439837339,imd_ex_housing
E02004122,4.308773836185937,imd_ex_housing
E02004124,22.479414536873296,imd_ex_housing
E02004132,8.715285838725613,imd_ex_housing
E02004203,11.599093415164258,imd_ex_housing
E02004222,30.275238883292392,imd_ex_housing
E02004242,6.092589331173017,imd_ex_housing
E02004269,13.128024440182326,imd_ex_housing
E02004297,13.480145783979946,imd_ex_housing
E02004306,15.539671698430256,imd_ex_housing
E02004310,25.359082529163754,imd_ex_housing
E02004327,53.62655505916817,imd_ex_housing
E02004338,31.68346580281094,imd_ex_housing
E02004349,38.52936263534732,imd_ex_housing
E02004364,14.245707967828162,imd_ex_housing
E02004373,26.02702952757642,imd_ex_housing
E02004377,24.473685329291143,imd_ex_housing
E02004396,13.133816054415002,imd_ex_housing
E02004415,8.862807626248596,imd_ex_housing
E02004432,13.071704893770491,imd_ex_housing
E02004436,54.24257965622666,imd_ex_housing
E02004488,7.1987318729939,imd_ex_housing
E02004491,4.989423557681202,imd_ex_housing
E02004498,18.605535575754146,imd_ex_housing
E02004500,8.47224985618904,imd_ex_housing
E02004501,12.398996716673688,imd_ex_housing
E02004504,7.558469260794485,imd_ex_housing
E02004543,15.753327497736088,imd_ex_housing
E02004614,4.2685595977774575,imd_ex_housing
E02004618,8.064355573081892,imd_ex_housing
E02004622,12.016782640698974,imd_ex_housing
E02004656,18.299562188877225,imd_ex_housing
E02004678,5.940581862965205,imd_ex_housing
E02004684,14.609529840710739,imd_ex_housing
E02004706,8.161816340049048,imd_ex_housing
E02004720,9.386746345787172,imd_ex_housing
E02004744,34.13537669180492,imd_ex_housing
E02004751,6.588133712656069,imd_ex_housing
E02004765,5.369339792034969,imd_ex_housing
E02004809,17.44246254025308,imd_ex_housing
E02004818,5.458858590354717,imd_ex_housing
E02004839,6.3742944557113335,imd_ex_housing
E02004849,5.526020403527897,imd_ex_housing
E02004850,17.25439475224309,imd_ex_housing
E02004856,7.418978666138396,imd_ex_housing
E02004865,13.599988158223457,imd_ex_housing
E02004874,14.88194841227175,imd_ex_housing
E02004887,6.04110502836338,imd_ex_housing
E02004892,16.100101521406913,imd_ex_housing
E02004895,7.883052806094879,imd_ex_housing
E02004898,16.46767863872414,imd_ex_housing
E02004899,10.618093796874698,imd_ex_housing
E02004904,16.544145876523892,imd_ex_housing
E02004908,5.656609294740101,imd_ex_housing
E02004912,11.013157066681567,imd_ex_housing
E02004937,2.4855786684415913,imd_ex_housing
E02007091,6.958218339716126,imd_ex_housing
E02004950,16.64704842134506,imd_ex_housing
E02004966,1.2741494058917566,imd_ex_housing
E02004975,6.700881211577246,imd_ex_housing
E02007047,14.950475017458892,imd_ex_housing
E02005003,30.631173570901748,imd_ex_housing
E02005022,13.680565522685752,imd_ex_housing
E02005033,23.552777034681192,imd_ex_housing
E02005053,40.628918153183854,imd_ex_housing
E02005054,11.633348107734394,imd_ex_housing
E02005055,32.964173697314784,imd_ex_housing
E02005084,12.776340511697356,imd_ex_housing
E02005085,14.051286521035692,imd_ex_housing
E02005137,50.407031088601336,imd_ex_housing
E02005141,15.242066863602853,imd_ex_housing
E02005146,31.485906458531026,imd_ex_housing
E02005147,51.096026213635874,imd_ex_housing
E02005166,27.838587659892582,imd_ex_housing
E02005171,21.9948826986309,imd_ex_housing
E02005189,37.72884204636897,imd_ex_housing
E02005201,20.475558384513313,imd_ex_housing
E02005215,37.86472019719974,imd_ex_housing
E02005234,25.702728130392533,imd_ex_housing
E02005247,9.689266789053843,imd_ex_housing
E02005249,52.56731377690114,imd_ex_housing
E02005299,18.918494153613157,imd_ex_housing
E02005314,27.881391742394324,imd_ex_housing
E02005347,19.37823561067138,imd_ex_housing
E02005358,9.34966253619647,imd_ex_housing
E02005368,5.493180707109744,imd_ex_housing
E02005391,7.134863732531125,imd_ex_housing
E02005400,16.03937640373253,imd_ex_housing
E02005418,40.92551748635845,imd_ex_housing
E02005436,26.7400123445364,imd_ex_housing
E02005444,18.70108154844522,imd_ex_housing
E02005447,42.898878120947316,imd_ex_housing
E02005452,16.901354281245258,imd_ex_housing
E02005459,21.172972233585018,imd_ex_housing
E02005466,19.727843539134554,imd_ex_housing
E02005475,14.706306214973242,imd_ex_housing
E02005479,10.238682614073204,imd_ex_housing
E02005491,7.3748558357406315,imd_ex_housing
E02005505,17.65250631299659,imd_ex_housing
E02005513,15.142591231902289,imd_ex_housing
E02005605,6.908819954479242,imd_ex_housing
E02005627,12.61870057523125,imd_ex_housing
E02005642,9.919785818821657,imd_ex_housing
E02005659,19.908835393331263,imd_ex_housing
E02005663,5.96329090744776,imd_ex_housing
E02005668,11.361175118234002,imd_ex_housing
E02007073,9.177223327409887,imd_ex_housing
E02005687,5.8819460742635234,imd_ex_housing
E02005691,5.903148458405666,imd_ex_housing
E02005698,28.73168593213075,imd_ex_housing
E02005710,36.052228688192756,imd_ex_housing
E02007043,17.113128379478493,imd_ex_housing
E02005763,6.473018283376213,imd_ex_housing
E02005766,9.079027361709851,imd_ex_housing
E02005774,14.067900213853022,imd_ex_housing
E02005783,11.994983004793436,imd_ex_housing
E02005813,31.7742811106434,imd_ex_housing
E02005873,7.044335286013143,imd_ex_housing
E02005886,19.449453886502415,imd_ex_housing
E02005922,10.979155586571057,imd_ex_housing
E02005929,7.43471975166978,imd_ex_housing
E02005935,7.011146878471227,imd_ex_housing
E02005955,30.43700603730668,imd_ex_housing
E02005957,35.04227245358342,imd_ex_housing
E02005996,3.8040360378234084,imd_ex_housing
E02006002,12.337651679166473,imd_ex_housing
E02006029,30.800490404381243,imd_ex_housing
E02006040,11.57433771566971,imd_ex_housing
E02006058,10.674754154010694,imd_ex_housing
E02006088,31.157010816468258,imd_ex_housing
E02006089,33.42371211605844,imd_ex_housing
E02006091,13.295204087539403,imd_ex_housing
E02006099,9.45786718767724,imd_ex_housing
E02006108,17.139612696036252,imd_ex_housing
E02006112,7.424822322342843,imd_ex_housing
E02006115,29.03681118387873,imd_ex_housing
E02006116,18.786668222832482,imd_ex_housing
E02006135,6.667957880966736,imd_ex_housing
E02006152,6.8620593423158,imd_ex_housing
E02006153,7.490992749335765,imd_ex_housing
E02006167,38.56770047661215,imd_ex_housing
E02006170,12.01016687733343,imd_ex_housing
E02006982,11.273378718750777,imd_ex_housing
E02006214,19.613328920796903,imd_ex_housing
E02006221,14.507002457521596,imd_ex_housing
E02006229,12.856036777556652,imd_ex_housing
E02006242,10.49893073843622,imd_ex_housing
E02006268,26.14798877172173,imd_ex_housing
E02006293,10.915074600908968,imd_ex_housing
E02006315,15.471692852071648,imd_ex_housing
E02006322,4.968814507743758,imd_ex_housing
E02006341,10.3853417701597,imd_ex_housing
E02006352,7.060333160335358,imd_ex_housing
E02006374,10.062712196694243,imd_ex_housing
E02006387,11.75381534111071,imd_ex_housing
E02006402,6.827824438677489,imd_ex_housing
E02006448,7.943815728932062,imd_ex_housing
E02006456,9.802055836460367,imd_ex_housing
E02006460,12.156362878141838,imd_ex_housing
E02006472,19.467450328793745,imd_ex_housing
E02006478,15.801115567949623,imd_ex_housing
E02006484,22.761292502695383,imd_ex_housing
E02006501,9.97751903779332,imd_ex_housing
E02006503,5.305258387115525,imd_ex_housing
E02006505,9.210974186637893,imd_ex_housing
E02006555,27.844668136197676,imd_ex_housing
E02006567,8.582558378065233,imd_ex_housing
E02006571,5.322624623956244,imd_ex_housing
E02006576,5.496731602320612,imd_ex_housing
E02006577,23.2896894593618,imd_ex_housing
E02006604,10.18067365767529,imd_ex_housing
E02006638,21.25875875738258,imd_ex_housing
E02006685,11.611062208655719,imd_ex_housing
E02006714,10.71528368448388,imd_ex_housing
E02006774,24.541773583373395,imd_ex_housing
E02006782,21.069787019889247,imd_ex_housing
E02006792,13.169488315637395,imd_ex_housing
E02006795,9.662561546366423,imd_ex_housing
E02006812,30.20188650385886,imd_ex_housing
E02006814,13.988391389757984,imd_ex_housing
E02006817,22.003326596129916,imd_ex_housing
E02006822,16.94432190497877,imd_ex_housing
E02006824,2.42973600133814,imd_ex_housing
E02006845,14.162359157358381,imd_ex_housing
E02006895,41.301076889427506,imd_ex_housing
E02006897,49.45851171336708,imd_ex_housing
E02006906,11.71966137341101,imd_ex_housing
E02006913,43.983634243493874,imd_ex_housing
E02000011,36.101743073684574,imd_ex_housing
E02000023,39.12964959326511,imd_ex_housing
E02000052,12.214747718864016,imd_ex_housing
E02000091,10.845627302040917,imd_ex_housing
E02000094,16.48497101541762,imd_ex_housing
E02000101,25.885600443647636,imd_ex_housing
E02000114,23.452742390485312,imd_ex_housing
E02000167,9.436159953383319,imd_ex_housing
E02000170,16.845988064378616,imd_ex_housing
E02000199,23.823212332528136,imd_ex_housing
E02000204,23.099219475539297,imd_ex_housing
E02000217,28.847524687788876,imd_ex_housing
E02000227,16.913897565642962,imd_ex_housing
E02000284,16.158272812751317,imd_ex_housing
E02000350,23.696822598655817,imd_ex_housing
E02000375,31.88037166777366,imd_ex_housing
E02000376,33.75580668063771,imd_ex_housing
E02000406,34.93219456312134,imd_ex_housing
E02000408,42.43487199686279,imd_ex_housing
E02000456,12.644076008992833,imd_ex_housing
E02000478,5.200744591324008,imd_ex_housing
E02000486,11.671848118224077,imd_ex_housing
E02000488,8.234821217588902,imd_ex_housing
E02000507,12.471551628672772,imd_ex_housing
E02000510,15.900642339903783,imd_ex_housing
E02000515,23.72286359757749,imd_ex_housing
E02000518,26.653370037769136,imd_ex_housing
E02000535,16.348308400448182,imd_ex_housing
E02000540,19.37809768461193,imd_ex_housing
E02000564,30.875631207093424,imd_ex_housing
E02000569,35.754064820610914,imd_ex_housing
E02000577,47.71854517759966,imd_ex_housing
E02000583,17.89646321734474,imd_ex_housing
E02000599,4.627309393827346,imd_ex_housing
E02000603,17.85045211098467,imd_ex_housing
E02000614,12.230104474814814,imd_ex_housing
E02000639,33.06795149653916,imd_ex_housing
E02000641,36.03438204251193,imd_ex_housing
E02000708,7.928789490183672,imd_ex_housing
E02000710,22.41331489025266,imd_ex_housing
E02000731,27.381896576847385,imd_ex_housing
E02000760,21.242458945841914,imd_ex_housing
E02000804,6.745305371647325,imd_ex_housing
E02000812,28.605601961955365,imd_ex_housing
E02000814,18.736214832741616,imd_ex_housing
E02000833,22.206979688428873,imd_ex_housing
E02000836,16.007427180300994,imd_ex_housing
E02000841,29.83791433708036,imd_ex_housing
E02000842,10.597588459209815,imd_ex_housing
E02000861,3.171776232403948,imd_ex_housing
E02000872,35.6659424683141,imd_ex_housing
E02000873,28.801185675126384,imd_ex_housing
E02000877,41.53686159773299,imd_ex_housing
E02000881,49.608630557540295,imd_ex_housing
E02001044,15.243865748992961,imd_ex_housing
E02001062,46.280283277809744,imd_ex_housing
E02001098,18.581213484363058,imd_ex_housing
E02001163,20.33209896204223,imd_ex_housing
E02001167,36.61813824113879,imd_ex_housing
E02001171,14.280472823360052,imd_ex_housing
E02001194,10.559768838780123,imd_ex_housing
E02001210,35.29095115339175,imd_ex_housing
E02001248,40.952035028945126,imd_ex_housing
E02001252,16.457450638293636,imd_ex_housing
E02001257,36.005439737892104,imd_ex_housing
E02001270,9.24650682260217,imd_ex_housing
E02001272,8.996239517505545,imd_ex_housing
E02001287,9.271408599686099,imd_ex_housing
E02001300,30.892576980016244,imd_ex_housing
E02001341,52.34128423358258,imd_ex_housing
E02001345,15.630802715882322,imd_ex_housing
E02001387,10.428506412448668,imd_ex_housing
E02001398,30.144473726626483,imd_ex_housing
E02001413,27.47723692872034,imd_ex_housing
E02001447,15.74215057664833,imd_ex_housing
E02001449,20.855115211657377,imd_ex_housing
E02001477,71.07415390395067,imd_ex_housing
E02001515,53.16050408763771,imd_ex_housing
E02001520,13.515714160260192,imd_ex_housing
E02001529,43.94235866188534,imd_ex_housing
E02001554,14.640859576531758,imd_ex_housing
E02001565,8.061731736994993,imd_ex_housing
E02001576,15.917598168224433,imd_ex_housing
E02001604,21.289575517904495,imd_ex_housing
E02001611,22.224145442771515,imd_ex_housing
E02001619,55.46208703250975,imd_ex_housing
E02001627,30.126369006996807,imd_ex_housing
E02001633,9.784179467013637,imd_ex_housing
E02001686,15.88418474193006,imd_ex_housing
E02001697,13.875417395873878,imd_ex_housing
E02001723,32.225623478148854,imd_ex_housing
E02001761,23.02732788450962,imd_ex_housing
E02001790,13.682875407003465,imd_ex_housing
E02001829,4.609647712555972,imd_ex_housing
E02001832,7.979020276503466,imd_ex_housing
E02001835,14.29977859391847,imd_ex_housing
E02001851,30.473776826976103,imd_ex_housing
E02001905,9.084972511957867,imd_ex_housing
E02001921,38.96050337099796,imd_ex_housing
E02001935,25.05664669572728,imd_ex_housing
E02001946,21.904312834816526,imd_ex_housing
E02001951,54.81531196872199,imd_ex_housing
E02001955,35.23374564928841,imd_ex_housing
E02001974,14.148899893932438,imd_ex_housing
E02001988,34.48776321530922,imd_ex_housing
E02002000,32.05543129631841,imd_ex_housing
E02002020,12.669745771484697,imd_ex_housing
E02002037,16.749432504291946,imd_ex_housing
E02002047,39.11600769938522,imd_ex_housing
E02002072,27.70025212573293,imd_ex_housing
E02002073,39.10413459533952,imd_ex_housing
E02002077,33.451483883573275,imd_ex_housing
E02002151,35.01545626001591,imd_ex_housing
E02002163,43.970348419305154,imd_ex_housing
E02002171,40.57062756423276,imd_ex_housing
E02002175,58.06261883093708,imd_ex_housing
E02002201,23.942207789738,imd_ex_housing
E02002202,33.43519582390357,imd_ex_housing
E02002210,26.801097899244546,imd_ex_housing
E02002217,52.94504022216471,imd_ex_housing
E02002244,18.46217050441441,imd_ex_housing
E02002249,49.214881815892234,imd_ex_housing
E02002260,26.93464021082882,imd_ex_housing
E02002282,31.706617442289577,imd_ex_housing
E02002287,41.914002480128815,imd_ex_housing
E02002291,18.61319330079833,imd_ex_housing
E02002307,26.521264365910483,imd_ex_housing
E02002363,13.862179914862178,imd_ex_housing
E02002404,47.97635267489232,imd_ex_housing
E02002444,18.19466931327821,imd_ex_housing
E02002448,44.28646860667272,imd_ex_housing
E02002455,41.76683788572457,imd_ex_housing
E02002469,16.164475512759864,imd_ex_housing
E02002481,32.723788889786164,imd_ex_housing
E02002519,43.28366222303757,imd_ex_housing
E02002540,8.973445907232126,imd_ex_housing
E02002547,13.716439453010992,imd_ex_housing
E02002550,21.06878061988385,imd_ex_housing
E02002567,37.2228896526033,imd_ex_housing
E02002576,29.727204341552664,imd_ex_housing
E02002584,28.764778239737883,imd_ex_housing
E02002585,35.22358473430253,imd_ex_housing
E02002595,46.41639931176982,imd_ex_housing
E02002635,25.279306736899596,imd_ex_housing
E02002636,31.05090162838378,imd_ex_housing
E02002675,70.41271892013955,imd_ex_housing
E02002676,36.615485405725735,imd_ex_housing
E02002686,51.80775535410856,imd_ex_housing
E02002705,9.89486414823037,imd_ex_housing
E02002716,12.404834013094995,imd_ex_housing
E02002720,5.959338766302407,imd_ex_housing
E02002744,68.34678479040832,imd_ex_housing
E02002747,7.3940695208194365,imd_ex_housing
E02002754,19.10756254763449,imd_ex_housing
E02002755,34.084192361152176,imd_ex_housing
E02002779,9.666592221026265,imd_ex_housing
E02002804,29.854622848955415,imd_ex_housing
E02002824,39.17910154611678,imd_ex_housing
E02002851,16.2460599067621,imd_ex_housing
E02002889,39.707092738700496,imd_ex_housing
E02002898,20.759680550759168,imd_ex_housing
E02002901,19.033662595201527,imd_ex_housing
E02002920,12.16730024827915,imd_ex_housing
E02002928,10.162628868733526,imd_ex_housing
E02002932,33.21319139268802,imd_ex_housing
E02002935,23.66525515600224,imd_ex_housing
E02002944,49.53236754313905,imd_ex_housing
E02002948,54.11536575180801,imd_ex_housing
E02002954,39.92774261679106,imd_ex_housing
E02002976,30.399434827929785,imd_ex_housing
E02002997,9.192320935856888,imd_ex_housing
E02003039,33.932695111989844,imd_ex_housing
E02003065,9.04516502151477,imd_ex_housing
E02003067,6.649511491670238,imd_ex_housing
E02003069,5.012679532299899,imd_ex_housing
E02003070,5.312184213456739,imd_ex_housing
E02003104,10.691327649208482,imd_ex_housing
E02007067,5.218460132248745,imd_ex_housing
E02003123,28.005756765199322,imd_ex_housing
E02003127,39.78849637391376,imd_ex_housing
E02003133,19.68759108534463,imd_ex_housing
E02003186,28.935606170461476,imd_ex_housing
E02003192,34.41366816398574,imd_ex_housing
E02003204,17.114699607783006,imd_ex_housing
E02003214,53.423696470382225,imd_ex_housing
E02003247,36.763187749190664,imd_ex_housing
E02003270,17.78222104128614,imd_ex_housing
E02003276,31.62675655495482,imd_ex_housing
E02003283,26.13586778629972,imd_ex_housing
E02003303,25.506491174914483,imd_ex_housing
E02003327,25.86577264748349,imd_ex_housing
E02003351,14.392305863026868,imd_ex_housing
E02003370,5.358442112049278,imd_ex_housing
E02003379,14.601327745253066,imd_ex_housing
E02003391,6.366654145554,imd_ex_housing
E02003392,20.57997480685608,imd_ex_housing
E02003405,35.117910644342444,imd_ex_housing
E02003426,3.4962803574339816,imd_ex_housing
E02003446,1.8058144204591775,imd_ex_housing
E02003451,12.134719720378362,imd_ex_housing
E02003476,36.824800019272104,imd_ex_housing
E02003487,17.10389312105264,imd_ex_housing
E02003495,19.788010902066066,imd_ex_housing
E02003519,29.20444157080532,imd_ex_housing
E02003525,42.066491537599006,imd_ex_housing
E02003526,7.866136113132087,imd_ex_housing
E02003543,20.846093900003456,imd_ex_housing
E02003549,10.613739704889486,imd_ex_housing
E02003590,10.399615811311023,imd_ex_housing
E02003591,21.102835352088377,imd_ex_housing
E02003610,4.3714000897078655,imd_ex_housing
E02003622,25.799960184093464,imd_ex_housing
E02003633,21.555469771312165,imd_ex_housing
E02003691,6.03175901751508,imd_ex_housing
E02003710,9.898914906320336,imd_ex_housing
E02003713,6.29205006036547,imd_ex_housing
E02003740,6.94867147897406,imd_ex_housing
E02003743,40.64757964085949,imd_ex_housing
E02003757,9.193831138545782,imd_ex_housing
E02003759,4.182831562442126,imd_ex_housing
E02003803,18.096033725655907,imd_ex_housing
E02003843,31.696783455234726,imd_ex_housing
E02003846,39.77675402304939,imd_ex_housing
E02003874,13.46603697213493,imd_ex_housing
E02003895,22.571020013022924,imd_ex_housing
E02003896,36.539508337174624,imd_ex_housing
E02003923,37.92623843489784,imd_ex_housing
E02003928,16.148389579696563,imd_ex_housing
E02003969,45.33432110459536,imd_ex_housing
E02004031,44.718638020505956,imd_ex_housing
E02004033,21.85959688024955,imd_ex_housing
E02004035,9.763379906696267,imd_ex_housing
E02004076,12.555838907999018,imd_ex_housing
E02004158,24.03096657691359,imd_ex_housing
E02004169,10.409743877636318,imd_ex_housing
E02004185,11.636467685930256,imd_ex_housing
E02004206,20.984106228006862,imd_ex_housing
E02004295,19.639535635248862,imd_ex_housing
E02004303,21.235259109770478,imd_ex_housing
E02004321,31.08175568887899,imd_ex_housing
E02004322,51.20363861038535,imd_ex_housing
E02004329,26.656241111272124,imd_ex_housing
E02004331,41.76152368962461,imd_ex_housing
E02004344,26.93147556690171,imd_ex_housing
E02004350,21.650556590175842,imd_ex_housing
E02004352,39.35947010134719,imd_ex_housing
E02004430,6.799748729278343,imd_ex_housing
E02004453,27.920663062577123,imd_ex_housing
E02004455,5.771895490071269,imd_ex_housing
E02004456,23.055752662946862,imd_ex_housing
E02004476,6.5450188042035675,imd_ex_housing
E02004502,8.593188665328155,imd_ex_housing
E02004522,4.686909290870827,imd_ex_housing
E02004523,26.673201783041723,imd_ex_housing
E02004527,12.214457142886367,imd_ex_housing
E02004530,14.507850185327525,imd_ex_housing
E02004532,9.596838277196316,imd_ex_housing
E02004550,30.723088631618115,imd_ex_housing
E02004562,15.376638455162349,imd_ex_housing
E02004597,10.054520440431796,imd_ex_housing
E02004630,16.22381225282353,imd_ex_housing
E02004645,5.834011892885658,imd_ex_housing
E02004655,15.118266448447496,imd_ex_housing
E02004658,3.7098098690342245,imd_ex_housing
E02004686,13.911007984798715,imd_ex_housing
E02004719,3.9545609808973454,imd_ex_housing
E02004729,17.0966427051691,imd_ex_housing
E02004759,2.4561890072405133,imd_ex_housing
E02004767,39.245351882839685,imd_ex_housing
E02004771,43.35685697455033,imd_ex_housing
E02004781,8.374796271536042,imd_ex_housing
E02004787,8.008302245076154,imd_ex_housing
E02004799,15.10183031846265,imd_ex_housing
E02004806,7.035134289428073,imd_ex_housing
E02004853,23.442991437445734,imd_ex_housing
E02004862,21.75506616178521,imd_ex_housing
E02007093,7.457819436564732,imd_ex_housing
E02004884,10.350955585381067,imd_ex_housing
E02004907,9.040076325880523,imd_ex_housing
E02004916,10.66103733675548,imd_ex_housing
E02004953,24.25371128575007,imd_ex_housing
E02004955,16.005701660636777,imd_ex_housing
E02004973,16.299573349498388,imd_ex_housing
E02004980,1.8610988852632595,imd_ex_housing
E02005012,22.856789742831484,imd_ex_housing
E02005032,18.428949269434323,imd_ex_housing
E02005047,20.976054242587175,imd_ex_housing
E02005048,13.060912117726525,imd_ex_housing
E02005064,9.906430277189916,imd_ex_housing
E02005073,18.769626806415882,imd_ex_housing
E02005094,8.293951295476923,imd_ex_housing
E02005115,58.66250578446973,imd_ex_housing
E02005123,19.288141431088054,imd_ex_housing
E02005161,7.776556163711187,imd_ex_housing
E02005178,63.14881740688373,imd_ex_housing
E02005184,11.460214263964536,imd_ex_housing
E02005216,43.782241824230105,imd_ex_housing
E02005229,63.91731079751258,imd_ex_housing
E02005235,15.66107234328982,imd_ex_housing
E02005245,11.912191437200255,imd_ex_housing
E02005262,11.821900335936904,imd_ex_housing
E02005279,29.39360208890394,imd_ex_housing
E02005285,10.979978339110122,imd_ex_housing
E02005293,20.104192597862006,imd_ex_housing
E02005297,6.344063798873649,imd_ex_housing
E02005323,35.08054031760817,imd_ex_housing
E02005340,13.58316364039606,imd_ex_housing
E02005359,7.976026639953461,imd_ex_housing
E02005372,5.204360528418432,imd_ex_housing
E02005375,7.07567922612555,imd_ex_housing
E02005384,8.180096586556393,imd_ex_housing
E02005401,10.37354120182102,imd_ex_housing
E02005405,34.75179201949914,imd_ex_housing
E02005451,47.38979395049017,imd_ex_housing
E02005458,8.177499858378171,imd_ex_housing
E02005498,14.554165162477585,imd_ex_housing
E02005499,9.413759109571638,imd_ex_housing
E02005530,10.157262794272713,imd_ex_housing
E02005536,7.777938229892147,imd_ex_housing
E02005568,18.27067119449757,imd_ex_housing
E02007032,19.392479409083045,imd_ex_housing
E02005583,17.864352527244254,imd_ex_housing
E02005633,13.792021541230312,imd_ex_housing
E02005674,38.13348650342519,imd_ex_housing
E02005680,4.683121752794407,imd_ex_housing
E02005686,5.65219140235311,imd_ex_housing
E02005708,15.910772111972108,imd_ex_housing
E02005722,9.087737283504744,imd_ex_housing
E02005768,3.376615012483848,imd_ex_housing
E02005808,23.92141710031629,imd_ex_housing
E02005836,10.67562802258924,imd_ex_housing
E02005848,20.126388148354863,imd_ex_housing
E02005859,17.915137492712496,imd_ex_housing
E02005865,7.4772297421832175,imd_ex_housing
E02005878,22.05343158705082,imd_ex_housing
E02005883,35.20867454329045,imd_ex_housing
E02005894,18.669422303857598,imd_ex_housing
E02005903,15.127844805082935,imd_ex_housing
E02005911,4.555711865230221,imd_ex_housing
E02005920,3.290398509083585,imd_ex_housing
E02005965,7.09958391091315,imd_ex_housing
E02005967,13.271754017234924,imd_ex_housing
E02005972,4.883615190676487,imd_ex_housing
E02005986,9.773634154656667,imd_ex_housing
E02005999,5.679051894693404,imd_ex_housing
E02006000,8.210675313459328,imd_ex_housing
E02006004,7.919789787638314,imd_ex_housing
E02006005,5.928621841926334,imd_ex_housing
E02006032,23.152586499347684,imd_ex_housing
E02006096,16.29047380241654,imd_ex_housing
E02006117,20.52095586959175,imd_ex_housing
E02006126,15.905354250256016,imd_ex_housing
E02006142,6.528115055487734,imd_ex_housing
E02006145,6.484565906967631,imd_ex_housing
E02006146,13.12389606025834,imd_ex_housing
E02006150,7.824797099878233,imd_ex_housing
E02006161,10.364686710047101,imd_ex_housing
E02006165,16.95299653618426,imd_ex_housing
E02006203,26.48157662841413,imd_ex_housing
E02006231,10.294816325892247,imd_ex_housing
E02006262,10.356989755272444,imd_ex_housing
E02006274,9.90534045853903,imd_ex_housing
E02006288,10.912414904463594,imd_ex_housing
E02006299,7.630978617262222,imd_ex_housing
E02006300,33.20538852974822,imd_ex_housing
E02006334,2.422483082576951,imd_ex_housing
E02006335,5.231177669702529,imd_ex_housing
E02006343,4.690869177657032,imd_ex_housing
E02006349,6.495565035838656,imd_ex_housing
E02006356,11.768154421540215,imd_ex_housing
E02006366,2.758465086939554,imd_ex_housing
E02006372,13.700219208966038,imd_ex_housing
E02006379,18.205075280717995,imd_ex_housing
E02006395,12.258902477537633,imd_ex_housing
E02006409,16.615501465211064,imd_ex_housing
E02006413,11.80473080603187,imd_ex_housing
E02006467,3.364022444805807,imd_ex_housing
E02006515,11.61937379475038,imd_ex_housing
E02006530,7.540949617864224,imd_ex_housing
E02006540,25.482340692596722,imd_ex_housing
E02006565,11.594009971340133,imd_ex_housing
E02006573,11.722388385650971,imd_ex_housing
E02006613,11.847529275958621,imd_ex_housing
E02006627,14.99659585533798,imd_ex_housing
E02006628,22.398508245994368,imd_ex_housing
E02006644,9.602086141086822,imd_ex_housing
E02006650,6.351724945263777,imd_ex_housing
E02006661,6.911592870769888,imd_ex_housing
E02006719,8.451896431389171,imd_ex_housing
E02006791,16.36580100800314,imd_ex_housing
E02006826,18.78600586685862,imd_ex_housing
E02006832,11.018550728351423,imd_ex_housing
E02006931,19.892163867498617,imd_ex_housing
E02000017,25.488049083635662,imd_ex_housing
E02000041,16.83776003383817,imd_ex_housing
E02000082,8.35123311072941,imd_ex_housing
E02000119,44.64502748589174,imd_ex_housing
E02000127,36.44070957096832,imd_ex_housing
E02000156,5.23536137081498,imd_ex_housing
E02000174,30.093881128038745,imd_ex_housing
E02000175,21.727989560332635,imd_ex_housing
E02000212,31.149497144899257,imd_ex_housing
E02000213,40.25839824365611,imd_ex_housing
E02000240,28.03543446702045,imd_ex_housing
E02000264,16.603778589990743,imd_ex_housing
E02000266,35.31175197009934,imd_ex_housing
E02000296,17.800968285539977,imd_ex_housing
E02000298,8.09271595818571,imd_ex_housing
E02000304,6.587613128005293,imd_ex_housing
E02000331,25.970022590317996,imd_ex_housing
E02000339,15.652959586006089,imd_ex_housing
E02000341,39.88043371646692,imd_ex_housing
E02000351,26.544952688254767,imd_ex_housing
E02000359,33.513198841645014,imd_ex_housing
E02000369,35.36201598437169,imd_ex_housing
E02000378,25.898221383478905,imd_ex_housing
E02000419,27.572566394815947,imd_ex_housing
E02000436,4.682969843105992,imd_ex_housing
E02000460,22.688283363794575,imd_ex_housing
E02000489,19.217973040404033,imd_ex_housing
E02000498,11.331635545592716,imd_ex_housing
E02000537,12.521358375823281,imd_ex_housing
E02000545,23.583954036603043,imd_ex_housing
E02000553,21.38740152934895,imd_ex_housing
E02000578,46.031328889157,imd_ex_housing
E02000581,40.202242848506835,imd_ex_housing
E02000593,20.87253807247347,imd_ex_housing
E02000627,30.8049075525041,imd_ex_housing
E02000692,5.233201292726934,imd_ex_housing
E02000714,26.924218977276297,imd_ex_housing
E02000725,30.501145354944473,imd_ex_housing
E02000728,23.773291118549984,imd_ex_housing
E02000739,30.63552032993405,imd_ex_housing
E02000754,16.412330111890483,imd_ex_housing
E02000764,12.049634951668253,imd_ex_housing
E02000770,17.2283267788733,imd_ex_housing
E02000776,19.019962678423056,imd_ex_housing
E02000789,10.097892201093508,imd_ex_housing
E02000806,9.480890887540893,imd_ex_housing
E02000822,37.144098172776346,imd_ex_housing
E02000832,33.58157402747554,imd_ex_housing
E02000838,20.29421725884995,imd_ex_housing
E02000854,11.195449629025678,imd_ex_housing
E02000866,29.931676884694845,imd_ex_housing
E02000879,35.930781165049986,imd_ex_housing
E02000884,29.22929692870334,imd_ex_housing
E02000899,22.578819462888177,imd_ex_housing
E02000904,22.597974486942977,imd_ex_housing
E02000999,65.09170460256877,imd_ex_housing
E02001014,28.701191414253543,imd_ex_housing
E02001031,23.66395561288566,imd_ex_housing
E02001055,61.67850998708648,imd_ex_housing
E02001068,61.66540662245737,imd_ex_housing
E02001082,21.104942185706975,imd_ex_housing
E02001090,27.540909733248927,imd_ex_housing
E02001093,53.59739524599274,imd_ex_housing
E02001094,68.50809705451975,imd_ex_housing
E02001121,51.129459057571765,imd_ex_housing
E02001132,22.993575367276822,imd_ex_housing
E02001174,21.735859838132242,imd_ex_housing
E02001213,14.940059256379701,imd_ex_housing
E02001228,4.172927467512626,imd_ex_housing
E02001231,23.248119965739114,imd_ex_housing
E02001233,34.17613046434491,imd_ex_housing
E02001259,38.977035670307146,imd_ex_housing
E02001307,7.620035576739644,imd_ex_housing
E02001329,64.88278631642227,imd_ex_housing
E02001351,55.442888848491584,imd_ex_housing
E02001400,34.5974096222917,imd_ex_housing
E02001404,50.90438619464298,imd_ex_housing
E02001408,15.769481589555053,imd_ex_housing
E02001425,33.290137095346566,imd_ex_housing
E02001442,10.680800986735115,imd_ex_housing
E02001456,19.477316350212632,imd_ex_housing
E02001459,36.24776984047948,imd_ex_housing
E02001480,14.161460506422927,imd_ex_housing
E02001490,13.68683157843776,imd_ex_housing
E02001518,27.19115857078432,imd_ex_housing
E02001575,43.69271302361314,imd_ex_housing
E02001581,30.731713644102275,imd_ex_housing
E02001595,16.389841754029565,imd_ex_housing
E02001597,45.61380979582872,imd_ex_housing
E02001624,31.399043027934823,imd_ex_housing
E02001636,40.19285810927623,imd_ex_housing
E02001662,27.202988960449872,imd_ex_housing
E02001690,19.56089569989705,imd_ex_housing
E02001702,48.63280349999368,imd_ex_housing
E02001707,25.33982475476656,imd_ex_housing
E02001714,6.184925788533737,imd_ex_housing
E02001735,65.17141087200834,imd_ex_housing
E02001737,67.01911297741907,imd_ex_housing
E02001753,15.320122554957864,imd_ex_housing
E02001762,13.76848954187868,imd_ex_housing
E02001783,49.171093262549284,imd_ex_housing
E02001794,50.301967401988804,imd_ex_housing
E02001830,6.49792507893649,imd_ex_housing
E02001831,23.64747340910212,imd_ex_housing
E02001833,16.422282905177237,imd_ex_housing
E02001847,15.451644145503273,imd_ex_housing
E02001863,58.19090243452925,imd_ex_housing
E02001879,48.26915776343666,imd_ex_housing
E02001897,69.8571808683285,imd_ex_housing
E02001903,58.457875781560155,imd_ex_housing
E02001918,36.09006894762145,imd_ex_housing
E02001930,22.373583587546623,imd_ex_housing
E02001945,50.155309986132096,imd_ex_housing
E02001947,61.82777714715509,imd_ex_housing
E02001954,57.72368300242797,imd_ex_housing
E02001994,19.068153044034073,imd_ex_housing
E02002014,40.125803929139416,imd_ex_housing
E02002034,23.05488415548397,imd_ex_housing
E02002060,45.40567367476601,imd_ex_housing
E02002064,29.700345991111508,imd_ex_housing
E02002099,4.18842711777469,imd_ex_housing
E02002102,9.406287838104678,imd_ex_housing
E02002108,2.8882573260269018,imd_ex_housing
E02002128,29.138236645569005,imd_ex_housing
E02002142,42.874367420161995,imd_ex_housing
E02002154,34.24455848620668,imd_ex_housing
E02002162,13.070409796357044,imd_ex_housing
E02002170,40.22375779962677,imd_ex_housing
E02002174,17.620538866507403,imd_ex_housing
E02002190,47.04246594947809,imd_ex_housing
E02002193,51.28446580587228,imd_ex_housing
E02002199,12.217265033827633,imd_ex_housing
E02002200,19.727649421378967,imd_ex_housing
E02002216,66.06577604617082,imd_ex_housing
E02002251,41.89811318486372,imd_ex_housing
E02002274,14.05316523750289,imd_ex_housing
E02002283,33.39126907809693,imd_ex_housing
E02002334,5.698123499835635,imd_ex_housing
E02002346,25.874778713591677,imd_ex_housing
E02002350,4.596764692938364,imd_ex_housing
E02002353,11.405469484667664,imd_ex_housing
E02002357,17.350919636269158,imd_ex_housing
E02002386,14.576699310432664,imd_ex_housing
E02002387,51.86211375385629,imd_ex_housing
E02002397,28.137997097944638,imd_ex_housing
E02002428,31.64966721599184,imd_ex_housing
E02002437,7.7670652035434795,imd_ex_housing
E02002443,12.45458898840033,imd_ex_housing
E02002453,38.56214770082291,imd_ex_housing
E02002457,46.408500460703024,imd_ex_housing
E02002467,41.26802305413527,imd_ex_housing
E02002499,66.6439154530677,imd_ex_housing
E02002501,57.21237902946685,imd_ex_housing
E02002510,11.99065863862087,imd_ex_housing
E02002524,28.363375129822597,imd_ex_housing
E02002527,49.21869074201181,imd_ex_housing
E02002529,29.352269647385345,imd_ex_housing
E02007058,49.94842141672083,imd_ex_housing
E02002579,39.66654072659827,imd_ex_housing
E02002592,22.083312195135463,imd_ex_housing
E02002600,35.11111495936693,imd_ex_housing
E02002638,74.80407356669656,imd_ex_housing
E02002644,28.383226595844345,imd_ex_housing
E02002656,18.319462083699882,imd_ex_housing
E02002667,32.93756595678916,imd_ex_housing
E02002668,70.37290094252755,imd_ex_housing
E02002677,47.44763251186717,imd_ex_housing
E02002702,12.035246330998534,imd_ex_housing
E02002704,13.162182029497124,imd_ex_housing
E02002707,4.488515116926173,imd_ex_housing
E02002725,10.588789902328706,imd_ex_housing
E02002766,15.78085922152004,imd_ex_housing
E02002780,27.396661363318888,imd_ex_housing
E02002782,3.829415140122521,imd_ex_housing
E02002794,4.297412631572359,imd_ex_housing
E02002809,25.78415546625972,imd_ex_housing
E02002817,11.834297779086636,imd_ex_housing
E02002818,44.242266594159894,imd_ex_housing
E02002865,5.9434812832063795,imd_ex_housing
E02002905,13.941128331705809,imd_ex_housing
E02002906,25.701472891458586,imd_ex_housing
E02002921,40.30598336090589,imd_ex_housing
E02002938,31.799145912243926,imd_ex_housing
E02002956,40.792124075133856,imd_ex_housing
E02002959,54.92348417895464,imd_ex_housing
E02002983,10.537950777285984,imd_ex_housing
E02002990,10.277199925572912,imd_ex_housing
E02003001,5.22298325143809,imd_ex_housing
E02003007,10.176615119352306,imd_ex_housing
E02003041,9.567866889016825,imd_ex_housing
E02003051,27.07281343515097,imd_ex_housing
E02003052,19.18189979143503,imd_ex_housing
E02003058,29.71262595905684,imd_ex_housing
E02003082,30.271010709626427,imd_ex_housing
E02003088,6.094002455780573,imd_ex_housing
E02003094,9.916613987970129,imd_ex_housing
E02003120,10.104089777436245,imd_ex_housing
E02003149,40.02501782651532,imd_ex_housing
E02003172,27.83423809791373,imd_ex_housing
E02003177,9.692018594287429,imd_ex_housing
E02003178,21.681081447142727,imd_ex_housing
E02003222,6.955687328673836,imd_ex_housing
E02003273,30.090324385299404,imd_ex_housing
E02003282,21.44507422793421,imd_ex_housing
E02003286,6.408842392151118,imd_ex_housing
E02003294,11.164952249450923,imd_ex_housing
E02003325,45.51236773788426,imd_ex_housing
E02003344,24.276410480798003,imd_ex_housing
E02003350,18.390623346059403,imd_ex_housing
E02003366,4.916948725360704,imd_ex_housing
E02003371,4.003878660601814,imd_ex_housing
E02003389,4.637411317947111,imd_ex_housing
E02003408,22.847248144050173,imd_ex_housing
E02003414,18.215591008271712,imd_ex_housing
E02003424,3.574478664429873,imd_ex_housing
E02003486,6.674956002025243,imd_ex_housing
E02003508,13.12703549932104,imd_ex_housing
E02003513,20.593989964295304,imd_ex_housing
E02003518,23.231273993099244,imd_ex_housing
E02003585,12.466858389599704,imd_ex_housing
E02003594,30.836529426939215,imd_ex_housing
E02003613,11.59994259045291,imd_ex_housing
E02003638,9.497755217810342,imd_ex_housing
E02003642,36.15062211093044,imd_ex_housing
E02003721,19.122944636991946,imd_ex_housing
E02003722,8.54756608659941,imd_ex_housing
E02003735,8.389545411444539,imd_ex_housing
E02003737,12.248705343067476,imd_ex_housing
E02003742,26.55202840207172,imd_ex_housing
E02003745,28.60260565980758,imd_ex_housing
E02003746,21.125818055645656,imd_ex_housing
E02003768,4.922940324417114,imd_ex_housing
E02003775,6.984135308058917,imd_ex_housing
E02003780,7.284745578516254,imd_ex_housing
E02003786,4.043239277304177,imd_ex_housing
E02003851,10.470694604378728,imd_ex_housing
E02003855,5.0468855307917,imd_ex_housing
E02003876,15.854566380692939,imd_ex_housing
E02003901,25.32371974159881,imd_ex_housing
E02003904,21.247933235817886,imd_ex_housing
E02003915,34.794923493548794,imd_ex_housing
E02003920,21.382444551926728,imd_ex_housing
E02003922,32.628238054361326,imd_ex_housing
E02003926,19.784368961925843,imd_ex_housing
E02003950,24.365609502321927,imd_ex_housing
E02004015,10.587530363069238,imd_ex_housing
E02004022,11.831925945238607,imd_ex_housing
E02004077,8.579208796001726,imd_ex_housing
E02004172,16.804090733298928,imd_ex_housing
E02004175,39.6553950131072,imd_ex_housing
E02004176,19.908372387654488,imd_ex_housing
E02004279,8.365753194514165,imd_ex_housing
E02004290,10.872437526812337,imd_ex_housing
E02004291,32.57650331333487,imd_ex_housing
E02004302,38.29182141011748,imd_ex_housing
E02004354,29.01936026487765,imd_ex_housing
E02004367,11.189754432963701,imd_ex_housing
E02004368,15.698099379991042,imd_ex_housing
E02004390,13.045618675130278,imd_ex_housing
E02004407,4.137095560799917,imd_ex_housing
E02004412,7.601856748653242,imd_ex_housing
E02004421,14.04727297140577,imd_ex_housing
E02004423,7.986257298451958,imd_ex_housing
E02004433,21.313613529290606,imd_ex_housing
E02004441,38.1081118659499,imd_ex_housing
E02004450,8.406400982268353,imd_ex_housing
E02004467,16.10698715753651,imd_ex_housing
E02004480,17.811016713989616,imd_ex_housing
E02004481,22.404482479331147,imd_ex_housing
E02004515,8.852567994218187,imd_ex_housing
E02004549,25.834824625138012,imd_ex_housing
E02004593,4.4987978084128555,imd_ex_housing
E02004633,16.025673502303153,imd_ex_housing
E02004637,27.86801099900107,imd_ex_housing
E02004643,42.46001163878336,imd_ex_housing
E02004652,7.6938691404175135,imd_ex_housing
E02004664,15.995123590621763,imd_ex_housing
E02004666,9.95659874818139,imd_ex_housing
E02004669,5.671525824607849,imd_ex_housing
E02004709,4.636752786921771,imd_ex_housing
E02004758,5.555057946424921,imd_ex_housing
E02004768,20.43004703148324,imd_ex_housing
E02004770,39.20030639236042,imd_ex_housing
E02004782,18.95238148661567,imd_ex_housing
E02004800,4.360629555550467,imd_ex_housing
E02004819,6.654843161997001,imd_ex_housing
E02004823,4.994141324892927,imd_ex_housing
E02004855,31.198327969636228,imd_ex_housing
E02004897,7.847844765750256,imd_ex_housing
E02007092,11.859895734444539,imd_ex_housing
E02005000,24.536034118066574,imd_ex_housing
E02005065,34.00766465981475,imd_ex_housing
E02005076,22.53909974977214,imd_ex_housing
E02005124,43.219808795321086,imd_ex_housing
E02005144,50.845080413705496,imd_ex_housing
E02005155,4.3530231790009735,imd_ex_housing
E02005177,40.714303598476626,imd_ex_housing
E02005217,61.31076832932267,imd_ex_housing
E02005241,23.16777874992632,imd_ex_housing
E02007003,33.83455920916532,imd_ex_housing
E02005252,35.033551891275735,imd_ex_housing
E02005266,54.0579097345141,imd_ex_housing
E02005269,40.6642618332216,imd_ex_housing
E02005273,7.653686718687337,imd_ex_housing
E02005276,8.555386405836638,imd_ex_housing
E02005302,9.673593509332452,imd_ex_housing
E02005308,6.807881683575393,imd_ex_housing
E02005315,6.923817221856331,imd_ex_housing
E02005326,28.84753266520271,imd_ex_housing
E02005328,11.316903145465092,imd_ex_housing
E02005331,14.381567741989562,imd_ex_housing
E02005337,16.071883181725312,imd_ex_housing
E02005348,10.375413205099226,imd_ex_housing
E02005362,16.6599416566391,imd_ex_housing
E02005365,16.678318661418924,imd_ex_housing
E02005370,5.147658045357348,imd_ex_housing
E02005380,6.986829061585211,imd_ex_housing
E02005393,9.912136228444119,imd_ex_housing
E02005429,39.00598566613078,imd_ex_housing
E02005446,23.14534831957495,imd_ex_housing
E02005463,7.083230446277584,imd_ex_housing
E02005468,15.915237072770598,imd_ex_housing
E02005486,11.591205627258345,imd_ex_housing
E02005502,13.422199062166246,imd_ex_housing
E02005509,27.906780732091544,imd_ex_housing
E02005510,16.606965100435684,imd_ex_housing
E02005512,18.088692328812897,imd_ex_housing
E02005527,9.137440742449504,imd_ex_housing
E02005557,53.54691959687401,imd_ex_housing
E02005560,25.694474981249023,imd_ex_housing
E02005566,25.797633252386028,imd_ex_housing
E02005631,8.596930292538921,imd_ex_housing
E02005639,8.134235438056542,imd_ex_housing
E02005689,2.5751440862397725,imd_ex_housing
E02005704,16.949872719058604,imd_ex_housing
E02005730,12.786003605744735,imd_ex_housing
E02005744,11.185423899587144,imd_ex_housing
E02005770,9.607945870126455,imd_ex_housing
E02005784,8.20647589022696,imd_ex_housing
E02005794,8.62283100293048,imd_ex_housing
E02005804,36.076614841960975,imd_ex_housing
E02005907,7.592331109406549,imd_ex_housing
E02005915,5.9806835285123086,imd_ex_housing
E02005988,6.024205009975339,imd_ex_housing
E02005992,6.740435533706425,imd_ex_housing
E02005993,10.427146605580495,imd_ex_housing
E02005997,5.854404823821765,imd_ex_housing
E02005998,2.764882524423224,imd_ex_housing
E02006043,18.92293186712663,imd_ex_housing
E02006059,10.422771036109339,imd_ex_housing
E02006094,13.69033038281029,imd_ex_housing
E02006104,11.723290257691295,imd_ex_housing
E02006109,3.801038179665092,imd_ex_housing
E02006110,23.233207313067158,imd_ex_housing
E02006119,30.689637597685607,imd_ex_housing
E02006137,25.92109968842691,imd_ex_housing
E02006151,15.783668215455759,imd_ex_housing
E02006158,9.893598511925028,imd_ex_housing
E02006189,10.4588644497255,imd_ex_housing
E02006208,26.147355386956203,imd_ex_housing
E02006211,7.45850021698157,imd_ex_housing
E02006223,45.65947596139386,imd_ex_housing
E02006226,15.299206292434581,imd_ex_housing
E02006227,11.414655835542266,imd_ex_housing
E02006237,9.703366758070334,imd_ex_housing
E02006254,40.390586688228936,imd_ex_housing
E02006263,9.272876882469127,imd_ex_housing
E02006264,6.1038666706479905,imd_ex_housing
E02006279,12.596837324364303,imd_ex_housing
E02006317,9.397273400649967,imd_ex_housing
E02006358,5.5814269934444996,imd_ex_housing
E02006371,6.771884048591217,imd_ex_housing
E02006373,7.977593603461458,imd_ex_housing
E02006378,6.11174739196809,imd_ex_housing
E02006400,7.547279979724657,imd_ex_housing
E02006405,9.04915284883022,imd_ex_housing
E02006418,2.256961458827169,imd_ex_housing
E02006430,10.860737567530308,imd_ex_housing
E02006458,3.768713107878437,imd_ex_housing
E02006494,28.312194222834542,imd_ex_housing
E02006495,9.940107208150895,imd_ex_housing
E02006496,19.719581077421964,imd_ex_housing
E02006498,11.085271501908247,imd_ex_housing
E02006516,10.020348977324238,imd_ex_housing
E02006557,29.73492601848229,imd_ex_housing
E02006568,18.565604187046233,imd_ex_housing
E02006582,2.701103852594262,imd_ex_housing
E02006603,5.837101226299787,imd_ex_housing
E02006605,5.187190959520958,imd_ex_housing
E02006615,5.501507090710744,imd_ex_housing
E02006617,14.695976993599997,imd_ex_housing
E02006626,28.25361695724756,imd_ex_housing
E02006647,4.9446123739976615,imd_ex_housing
E02006660,10.659566173161242,imd_ex_housing
E02006662,10.690561684441532,imd_ex_housing
E02006686,23.64845251973517,imd_ex_housing
E02006703,4.427637387801493,imd_ex_housing
E02006704,8.533998711626916,imd_ex_housing
E02006707,2.756004753809193,imd_ex_housing
E02006747,3.815742633950181,imd_ex_housing
E02006760,14.781881741343605,imd_ex_housing
E02006761,30.841438918206247,imd_ex_housing
E02006765,10.058147228783824,imd_ex_housing
E02006779,18.688658251430617,imd_ex_housing
E02006785,17.143933692351517,imd_ex_housing
E02006788,29.54079857450342,imd_ex_housing
E02006802,34.057753172318534,imd_ex_housing
E02006805,35.87568798020616,imd_ex_housing
E02006846,16.27239366935547,imd_ex_housing
E02006888,60.00927360868128,imd_ex_housing
E02006889,60.34263774866884,imd_ex_housing
E02000001,11.233253605491408,imd_ex_housing
E02000027,24.520230544500834,imd_ex_housing
E02000032,8.545858930567405,imd_ex_housing
E02000033,17.933888855931496,imd_ex_housing
E02000047,26.915954468798645,imd_ex_housing
E02000048,11.26890933822811,imd_ex_housing
E02000058,9.178581964358075,imd_ex_housing
E02000096,8.855552480785265,imd_ex_housing
E02000104,20.13241139722196,imd_ex_housing
E02000111,18.697999954185303,imd_ex_housing
E02000155,17.040401388323406,imd_ex_housing
E02000183,23.30054472260626,imd_ex_housing
E02000184,36.914458596292626,imd_ex_housing
E02000202,21.838032366698584,imd_ex_housing
E02000234,14.0195465899795,imd_ex_housing
E02000235,8.962855050749711,imd_ex_housing
E02000239,10.926551779241917,imd_ex_housing
E02000250,6.881028271297041,imd_ex_housing
E02000295,12.783164089285863,imd_ex_housing
E02000318,25.593953697028308,imd_ex_housing
E02000344,13.365080744024226,imd_ex_housing
E02000372,37.113505260801084,imd_ex_housing
E02000397,28.015730551050456,imd_ex_housing
E02000412,38.13138120632836,imd_ex_housing
E02000417,13.865491173330103,imd_ex_housing
E02000421,42.850924425893226,imd_ex_housing
E02000423,26.798065176353248,imd_ex_housing
E02000438,17.24870187481071,imd_ex_housing
E02000447,10.516609571673518,imd_ex_housing
E02000463,17.864742371258778,imd_ex_housing
E02000467,42.080623794252205,imd_ex_housing
E02000504,4.000762584827702,imd_ex_housing
E02000511,15.711373089561192,imd_ex_housing
E02000513,31.68861953928686,imd_ex_housing
E02000533,14.768086922354716,imd_ex_housing
E02000552,15.627416671540166,imd_ex_housing
E02000558,51.22181397555428,imd_ex_housing
E02000565,36.12018670331669,imd_ex_housing
E02000606,9.67876464488207,imd_ex_housing
E02000636,16.606615081317543,imd_ex_housing
E02000662,25.899287391568922,imd_ex_housing
E02000663,19.913736990330772,imd_ex_housing
E02000666,21.13313466057432,imd_ex_housing
E02000669,23.50136877572272,imd_ex_housing
E02000670,36.472476510653586,imd_ex_housing
E02000675,20.35398194394278,imd_ex_housing
E02000682,33.774305847578255,imd_ex_housing
E02000697,7.121384189177297,imd_ex_housing
E02000709,6.73283606140359,imd_ex_housing
E02000716,31.849049009060096,imd_ex_housing
E02000784,10.43270582716621,imd_ex_housing
E02000801,5.633190493704156,imd_ex_housing
E02000808,20.874308948361097,imd_ex_housing
E02000816,33.9319514030115,imd_ex_housing
E02000824,34.32690532083602,imd_ex_housing
E02000831,28.840707021406434,imd_ex_housing
E02000835,23.852906820603035,imd_ex_housing
E02000840,32.635256293037905,imd_ex_housing
E02000845,8.462008492514432,imd_ex_housing
E02000880,41.723221308070165,imd_ex_housing
E02000882,41.356974524677106,imd_ex_housing
E02000941,13.14801276818011,imd_ex_housing
E02000963,40.059478793329625,imd_ex_housing
E02000970,11.93673887376651,imd_ex_housing
E02000986,10.734155556706776,imd_ex_housing
E02000992,12.137297026601093,imd_ex_housing
E02000995,26.143411658893804,imd_ex_housing
E02001021,6.188984069378656,imd_ex_housing
E02001036,23.577784527981148,imd_ex_housing
E02001039,33.459121629979165,imd_ex_housing
E02001072,34.48865967500406,imd_ex_housing
E02001155,36.678609846708795,imd_ex_housing
E02001164,35.331202144980864,imd_ex_housing
E02001175,38.47632545678219,imd_ex_housing
E02001179,47.307582394557365,imd_ex_housing
E02001215,12.651605409706104,imd_ex_housing
E02001223,5.104713899701094,imd_ex_housing
E02001241,56.63353042775379,imd_ex_housing
E02001275,43.991847816707576,imd_ex_housing
E02001319,44.83954222455119,imd_ex_housing
E02001359,29.8004427624221,imd_ex_housing
E02001363,56.361443736578366,imd_ex_housing
E02001374,70.89944352241638,imd_ex_housing
E02001381,53.71060829164482,imd_ex_housing
E02001397,26.643454599222306,imd_ex_housing
E02001401,20.82998348116402,imd_ex_housing
E02001420,28.24345931206544,imd_ex_housing
E02006935,39.22867397323511,imd_ex_housing
E02001429,18.12818452466986,imd_ex_housing
E02001433,25.910007726264645,imd_ex_housing
E02001465,74.53220982032913,imd_ex_housing
E02001497,47.38044227096539,imd_ex_housing
E02001558,16.101941571421335,imd_ex_housing
E02001570,55.768162579334046,imd_ex_housing
E02001589,13.173745007975242,imd_ex_housing
E02001631,19.400106656763842,imd_ex_housing
E02001638,7.117055603255317,imd_ex_housing
E02001651,2.211248465627882,imd_ex_housing
E02001665,2.6884194486394932,imd_ex_housing
E02001720,5.020711439186762,imd_ex_housing
E02001729,29.840886817281998,imd_ex_housing
E02001742,7.42540907515022,imd_ex_housing
E02001748,22.5505510594921,imd_ex_housing
E02001772,27.427997301830302,imd_ex_housing
E02001789,4.239540378575712,imd_ex_housing
E02001795,48.91347650290204,imd_ex_housing
E02001797,14.065022521241369,imd_ex_housing
E02001801,31.544881680489414,imd_ex_housing
E02001804,35.00864067568773,imd_ex_housing
E02001815,14.63672834885757,imd_ex_housing
E02001817,32.81968753813823,imd_ex_housing
E02001823,34.01830250488544,imd_ex_housing
E02001881,56.857897308505024,imd_ex_housing
E02001884,48.71840227426587,imd_ex_housing
E02001888,45.67239795694299,imd_ex_housing
E02001893,32.166193699123376,imd_ex_housing
E02001896,49.46082793065085,imd_ex_housing
E02001919,30.117476557969304,imd_ex_housing
E02001965,19.34002463226486,imd_ex_housing
E02001973,38.254777298281205,imd_ex_housing
E02001976,28.213406467019425,imd_ex_housing
E02002001,25.992128538504293,imd_ex_housing
E02002005,49.91224727209914,imd_ex_housing
E02002011,9.954824994502067,imd_ex_housing
E02002027,5.141009563844173,imd_ex_housing
E02002035,9.210474699112046,imd_ex_housing
E02002038,25.784033662785102,imd_ex_housing
E02002119,22.330085290415678,imd_ex_housing
E02002134,42.99445972468465,imd_ex_housing
E02002136,35.42867902442746,imd_ex_housing
E02002157,15.349655694363886,imd_ex_housing
E02002177,47.53024822157016,imd_ex_housing
E02006946,12.163176226140179,imd_ex_housing
E02002192,6.365747046504967,imd_ex_housing
E02006947,59.568380121876494,imd_ex_housing
E02002258,18.366153237509778,imd_ex_housing
E02002280,45.66699085868302,imd_ex_housing
E02002321,7.706657457938825,imd_ex_housing
E02002323,10.886748546211093,imd_ex_housing
E02002325,14.876383594204963,imd_ex_housing
E02002331,17.550374260552502,imd_ex_housing
E02002352,9.837861561667461,imd_ex_housing
E02002361,22.451449482114864,imd_ex_housing
E02002374,25.576453312231568,imd_ex_housing
E02002407,57.40673419937231,imd_ex_housing
E02002409,35.574673685458606,imd_ex_housing
E02002424,18.853966447207718,imd_ex_housing
E02002436,26.445360384115872,imd_ex_housing
E02002460,13.769452112223133,imd_ex_housing
E02002484,54.6521852338352,imd_ex_housing
E02002503,44.67815324804693,imd_ex_housing
E02002544,46.54872586544203,imd_ex_housing
E02002569,5.194426988568222,imd_ex_housing
E02002603,10.276252485747642,imd_ex_housing
E02002620,57.41278455913529,imd_ex_housing
E02002645,90.41085567170441,imd_ex_housing
E02002662,37.44930976564104,imd_ex_housing
E02002673,39.83272295163869,imd_ex_housing
E02002689,16.923366666068443,imd_ex_housing
E02002693,14.716644347996123,imd_ex_housing
E02002703,3.79667355821637,imd_ex_housing
E02002719,9.765849599143007,imd_ex_housing
E02002724,36.92146158429329,imd_ex_housing
E02002734,27.077844676598108,imd_ex_housing
E02002757,15.072930806210751,imd_ex_housing
E02002759,17.32378361534226,imd_ex_housing
E02002788,10.712824454181876,imd_ex_housing
E02002789,29.660523969277577,imd_ex_housing
E02002802,53.636738179336966,imd_ex_housing
E02002811,59.421795142894354,imd_ex_housing
E02002830,43.812777046551176,imd_ex_housing
E02002832,36.89013762276799,imd_ex_housing
E02002838,59.527677773158565,imd_ex_housing
E02002847,27.127590653655837,imd_ex_housing
E02002852,68.3077129906172,imd_ex_housing
E02002864,9.403385233794777,imd_ex_housing
E02002882,31.55267518348284,imd_ex_housing
E02002902,35.71419768817254,imd_ex_housing
E02002915,9.962884311827473,imd_ex_housing
E02002919,24.00898526297719,imd_ex_housing
E02002957,13.183571472600773,imd_ex_housing
E02002995,41.946657234798366,imd_ex_housing
E02003008,19.378379756389055,imd_ex_housing
E02003030,29.229728806427335,imd_ex_housing
E02003036,22.715724828639694,imd_ex_housing
E02003047,17.891023899963514,imd_ex_housing
E02003057,22.4250246531318,imd_ex_housing
E02003061,46.06967922850968,imd_ex_housing
E02003068,10.407916924178757,imd_ex_housing
E02003075,4.82070624506514,imd_ex_housing
E02003084,51.74320821916876,imd_ex_housing
E02003086,27.500351528943344,imd_ex_housing
E02003092,7.3146764614196,imd_ex_housing
E02003200,27.427845250736166,imd_ex_housing
E02003203,16.419813812435656,imd_ex_housing
E02003269,19.585974600945676,imd_ex_housing
E02003278,29.59047482066555,imd_ex_housing
E02003287,30.561634156776744,imd_ex_housing
E02003289,11.338763630670874,imd_ex_housing
E02003295,26.03951271706304,imd_ex_housing
E02003312,26.9881310309381,imd_ex_housing
E02003380,8.16719838684667,imd_ex_housing
E02003388,10.048848958946325,imd_ex_housing
E02003401,20.51145434187211,imd_ex_housing
E02003447,6.6131090342721155,imd_ex_housing
E02003506,17.341170044777503,imd_ex_housing
E02003527,21.780445912017687,imd_ex_housing
E02003530,23.299453925949198,imd_ex_housing
E02003550,19.850286472341192,imd_ex_housing
E02003552,37.3048521449892,imd_ex_housing
E02003597,20.350035005124933,imd_ex_housing
E02003607,9.376756272693315,imd_ex_housing
E02003609,8.011659176192502,imd_ex_housing
E02003629,31.810383573640223,imd_ex_housing
E02003645,8.932634330759697,imd_ex_housing
E02003708,25.23352300313075,imd_ex_housing
E02003709,21.3305649467431,imd_ex_housing
E02003718,7.160655240635571,imd_ex_housing
E02003734,9.846161968770195,imd_ex_housing
E02003748,25.546474526484115,imd_ex_housing
E02003755,16.187389461981397,imd_ex_housing
E02003761,11.008161105151897,imd_ex_housing
E02003776,7.820251523901906,imd_ex_housing
E02003781,8.290905060980373,imd_ex_housing
E02003784,3.5382775532005324,imd_ex_housing
E02003812,3.9111545867383137,imd_ex_housing
E02003813,12.648229325476745,imd_ex_housing
E02003820,6.598237665791704,imd_ex_housing
E02003828,36.13012884115998,imd_ex_housing
E02003836,17.03582048476158,imd_ex_housing
E02003888,34.523030905447634,imd_ex_housing
E02003911,14.41968867678978,imd_ex_housing
E02003957,27.351896368895265,imd_ex_housing
E02003977,19.34251321811135,imd_ex_housing
E02003985,29.286115933956506,imd_ex_housing
E02004006,9.97943040619254,imd_ex_housing
E02004026,21.157358706146283,imd_ex_housing
E02004036,25.078943457372432,imd_ex_housing
E02004057,30.45277459560886,imd_ex_housing
E02004074,12.745389944007051,imd_ex_housing
E02004085,17.563754134389846,imd_ex_housing
E02004105,15.206536063174358,imd_ex_housing
E02004111,19.901956246691483,imd_ex_housing
E02004113,38.704481152771535,imd_ex_housing
E02004120,10.235481580387155,imd_ex_housing
E02004133,14.596415365417979,imd_ex_housing
E02004167,28.217138853006592,imd_ex_housing
E02004180,11.988078193798755,imd_ex_housing
E02004186,11.85480199223425,imd_ex_housing
E02004199,12.063504998967451,imd_ex_housing
E02004208,9.575700890619965,imd_ex_housing
E02004209,14.23807636215232,imd_ex_housing
E02004221,16.267195103624356,imd_ex_housing
E02004227,22.953837759702974,imd_ex_housing
E02004232,16.651259147563056,imd_ex_housing
E02004250,17.09011563578236,imd_ex_housing
E02004296,25.242049002289598,imd_ex_housing
E02004304,26.162223116565748,imd_ex_housing
E02004315,4.432940039515763,imd_ex_housing
E02004317,27.093947179626895,imd_ex_housing
E02004330,41.16018575613847,imd_ex_housing
E02004339,7.955629654993946,imd_ex_housing
E02004340,46.85084548880759,imd_ex_housing
E02004345,19.072207126925196,imd_ex_housing
E02004359,23.97905694447557,imd_ex_housing
E02004434,28.493474556563353,imd_ex_housing
E02004437,26.262992003371814,imd_ex_housing
E02004507,15.126642261099324,imd_ex_housing
E02004517,11.540882274661264,imd_ex_housing
E02004541,9.362426794412364,imd_ex_housing
E02004557,14.712371203971578,imd_ex_housing
E02004569,16.618691866737283,imd_ex_housing
E02004575,14.635375463093897,imd_ex_housing
E02004591,3.3061352151357686,imd_ex_housing
E02004626,9.788656219043215,imd_ex_housing
E02004636,5.106305251809841,imd_ex_housing
E02004733,7.814957713523244,imd_ex_housing
E02004756,2.3187339486201366,imd_ex_housing
E02004760,2.7994453557218004,imd_ex_housing
E02004801,3.7413078018843287,imd_ex_housing
E02004804,7.306493671133737,imd_ex_housing
E02004857,4.664594070492269,imd_ex_housing
E02004871,12.230038508255547,imd_ex_housing
E02004878,6.257419401607343,imd_ex_housing
E02004891,6.341544435481047,imd_ex_housing
E02004894,8.888470379654976,imd_ex_housing
E02004928,1.6271129883459725,imd_ex_housing
E02004949,22.58228532298599,imd_ex_housing
E02004956,8.022889146493824,imd_ex_housing
E02004982,8.214526456307844,imd_ex_housing
E02004987,12.397807213435119,imd_ex_housing
E02005062,15.128031576299069,imd_ex_housing
E02005067,8.809772294807559,imd_ex_housing
E02005079,6.537611936913834,imd_ex_housing
E02005086,8.638489197776252,imd_ex_housing
E02005095,6.004285672430678,imd_ex_housing
E02005099,9.195808389449185,imd_ex_housing
E02005116,62.473916805684446,imd_ex_housing
E02005131,12.454010667842514,imd_ex_housing
E02005148,13.137654626326704,imd_ex_housing
E02005154,7.347320717462096,imd_ex_housing
E02005165,8.372133591508929,imd_ex_housing
E02005205,11.192390276966586,imd_ex_housing
E02005209,11.677405404625397,imd_ex_housing
E02005226,54.69328351876233,imd_ex_housing
E02005239,8.13350144166894,imd_ex_housing
E02005253,11.588736103359517,imd_ex_housing
E02005271,10.051860826689092,imd_ex_housing
E02005354,3.34422085115336,imd_ex_housing
E02005371,7.30097350923965,imd_ex_housing
E02005390,5.001727420752218,imd_ex_housing
E02005407,10.45793671758476,imd_ex_housing
E02005423,22.329431071025432,imd_ex_housing
E02005431,27.100838726925353,imd_ex_housing
E02005432,18.027416283073272,imd_ex_housing
E02005437,57.80855663037533,imd_ex_housing
E02005461,9.44830420674563,imd_ex_housing
E02005470,14.859999888755784,imd_ex_housing
E02005472,26.30312623221188,imd_ex_housing
E02005514,16.24867044969564,imd_ex_housing
E02005519,33.53191434660126,imd_ex_housing
E02005520,12.727965285378563,imd_ex_housing
E02005525,6.471833457480402,imd_ex_housing
E02005544,45.95327572895113,imd_ex_housing
E02005554,16.556124198054214,imd_ex_housing
E02005565,20.532381229942406,imd_ex_housing
E02005571,18.544679365501256,imd_ex_housing
E02005588,33.77749080331183,imd_ex_housing
E02005606,15.241175068007463,imd_ex_housing
E02005646,10.041845286059777,imd_ex_housing
E02005656,41.290866871787436,imd_ex_housing
E02005682,5.69896207683695,imd_ex_housing
E02005700,8.665036076671095,imd_ex_housing
E02005703,20.418223519317557,imd_ex_housing
E02005705,10.257059821682308,imd_ex_housing
E02005726,4.442145179891071,imd_ex_housing
E02005748,9.368939015877247,imd_ex_housing
E02005749,10.177157242390157,imd_ex_housing
E02005782,8.883987299117365,imd_ex_housing
E02005788,10.66522516326122,imd_ex_housing
E02005799,10.127173034409724,imd_ex_housing
E02005816,8.870729431559337,imd_ex_housing
E02005821,35.99765766265577,imd_ex_housing
E02005831,20.513663025686018,imd_ex_housing
E02005852,12.182948842411673,imd_ex_housing
E02005895,9.243197844979644,imd_ex_housing
E02005898,25.944131821301603,imd_ex_housing
E02005902,35.77852972161651,imd_ex_housing
E02005905,5.692995614951525,imd_ex_housing
E02005932,5.153156372930707,imd_ex_housing
E02005941,8.29966119424843,imd_ex_housing
E02005974,4.296444506632142,imd_ex_housing
E02005975,3.175089319774113,imd_ex_housing
E02005979,5.027018319900415,imd_ex_housing
E02006008,12.68839569746364,imd_ex_housing
E02006009,8.873758390668046,imd_ex_housing
E02006054,16.385155558340067,imd_ex_housing
E02006062,11.010240503268202,imd_ex_housing
E02006067,12.203136018538402,imd_ex_housing
E02006072,11.313784500291494,imd_ex_housing
E02006073,44.35901247265059,imd_ex_housing
E02006081,14.377932815041165,imd_ex_housing
E02006106,13.385971892916874,imd_ex_housing
E02006143,8.90971673643842,imd_ex_housing
E02006205,7.341954000911989,imd_ex_housing
E02006232,13.274482348305659,imd_ex_housing
E02006251,30.679393530438873,imd_ex_housing
E02006258,35.21823447912266,imd_ex_housing
E02006266,9.405704852347814,imd_ex_housing
E02006298,12.16377115372521,imd_ex_housing
E02006311,24.11866913261297,imd_ex_housing
E02006316,16.645289207328137,imd_ex_housing
E02006332,2.7556867475015134,imd_ex_housing
E02006336,14.65925475271168,imd_ex_housing
E02006347,7.356679438149543,imd_ex_housing
E02006354,2.6638513578647895,imd_ex_housing
E02006368,5.354024198757697,imd_ex_housing
E02006376,7.063661020416235,imd_ex_housing
E02006380,2.8572484783108645,imd_ex_housing
E02006410,19.17918763314059,imd_ex_housing
E02006422,1.8180621562194754,imd_ex_housing
E02006425,8.628877678490724,imd_ex_housing
E02006483,39.94146020105523,imd_ex_housing
E02006485,5.222943703408438,imd_ex_housing
E02006509,14.452970111839534,imd_ex_housing
E02006569,6.5879339576217255,imd_ex_housing
E02006578,15.80333278227026,imd_ex_housing
E02006591,7.429836242106796,imd_ex_housing
E02006592,8.21963275382504,imd_ex_housing
E02006606,2.890207207430153,imd_ex_housing
E02006659,7.075635403164492,imd_ex_housing
E02006678,19.09115151695018,imd_ex_housing
E02006695,10.377986027439007,imd_ex_housing
E02006696,2.846428363554331,imd_ex_housing
E02006709,8.781050173611325,imd_ex_housing
E02006712,8.431772484350832,imd_ex_housing
E02006717,8.455650853639042,imd_ex_housing
E02006720,14.985669898616278,imd_ex_housing
E02006783,38.445625866870884,imd_ex_housing
E02006820,11.697080375401653,imd_ex_housing
E02006836,3.26102861200623,imd_ex_housing
E02006837,4.211044888820101,imd_ex_housing
E02006855,22.02298496757071,imd_ex_housing
E02006896,38.4368826756476,imd_ex_housing
E02006913,51.75176964752689,imd_ex_housing
E02000011,24.882934124891005,imd_ex_housing
E02000020,31.079479368332507,imd_ex_housing
E02000035,13.158719057185413,imd_ex_housing
E02000059,22.941064666540253,imd_ex_housing
E02000095,16.503472394602323,imd_ex_housing
E02000098,18.00783085857816,imd_ex_housing
E02000116,35.87418512061836,imd_ex_housing
E02000123,39.02244085929848,imd_ex_housing
E02000141,18.542179303792032,imd_ex_housing
E02000153,4.625873137380146,imd_ex_housing
E02000159,5.583525319696421,imd_ex_housing
E02000209,25.22491814562646,imd_ex_housing
E02000216,10.397822401634679,imd_ex_housing
E02000243,20.326010963595287,imd_ex_housing
E02000256,11.711669212273385,imd_ex_housing
E02000309,40.63006888470784,imd_ex_housing
E02000326,20.25962638760063,imd_ex_housing
E02000329,19.850519106998295,imd_ex_housing
E02007111,27.91788077417954,imd_ex_housing
E02000377,30.948293313045227,imd_ex_housing
E02000387,23.8329412496785,imd_ex_housing
E02000402,47.333832917665056,imd_ex_housing
E02000440,8.68874812201382,imd_ex_housing
E02000444,10.19622425381993,imd_ex_housing
E02000471,10.556797619810292,imd_ex_housing
E02000491,27.882357881803998,imd_ex_housing
E02000506,6.2746965982958445,imd_ex_housing
E02000525,22.96774432093452,imd_ex_housing
E02000566,24.06895782232337,imd_ex_housing
E02000570,20.373015302210565,imd_ex_housing
E02000585,16.148955375244874,imd_ex_housing
E02000586,9.571917022979132,imd_ex_housing
E02000616,7.7508589582106335,imd_ex_housing
E02000619,31.42314603159151,imd_ex_housing
E02000646,20.1043318234769,imd_ex_housing
E02000654,39.140681373311146,imd_ex_housing
E02000661,16.274004153216882,imd_ex_housing
E02000668,18.10140907205889,imd_ex_housing
E02000673,18.1898472585169,imd_ex_housing
E02000694,12.265747814433189,imd_ex_housing
E02000727,26.31661599062418,imd_ex_housing
E02000729,26.19036927990529,imd_ex_housing
E02000734,31.648941563981925,imd_ex_housing
E02000747,32.424830565648435,imd_ex_housing
E02007017,19.790546803922247,imd_ex_housing
E02000791,6.058705992752564,imd_ex_housing
E02000805,9.272319732643128,imd_ex_housing
E02000813,33.54469504215251,imd_ex_housing
E02000818,38.748939690137455,imd_ex_housing
E02000859,12.868538096961501,imd_ex_housing
E02007113,19.891370924522484,imd_ex_housing
E02000911,33.54291233586212,imd_ex_housing
E02000927,25.735115775516736,imd_ex_housing
E02000944,25.06646728273987,imd_ex_housing
E02000950,12.00436933517603,imd_ex_housing
E02000961,23.185800232221297,imd_ex_housing
E02000965,21.66058370026983,imd_ex_housing
E02000997,18.98806949571292,imd_ex_housing
E02000998,44.56801571177136,imd_ex_housing
E02001042,19.143767143902643,imd_ex_housing
E02001052,44.57228371871277,imd_ex_housing
E02001061,61.24732262866959,imd_ex_housing
E02001084,24.980630301489402,imd_ex_housing
E02001096,44.1135312746969,imd_ex_housing
E02001099,24.563408282133466,imd_ex_housing
E02001103,9.006881959296228,imd_ex_housing
E02001110,7.142167667792776,imd_ex_housing
E02001156,17.987243834047902,imd_ex_housing
E02001157,60.099372863815915,imd_ex_housing
E02001192,15.437361600316253,imd_ex_housing
E02001214,17.225599627162815,imd_ex_housing
E02001218,9.143933255443349,imd_ex_housing
E02001227,2.427685883943841,imd_ex_housing
E02001237,31.334345511338757,imd_ex_housing
E02001247,31.814764000692694,imd_ex_housing
E02001258,15.791201131553892,imd_ex_housing
E02001277,27.217637515894374,imd_ex_housing
E02001283,8.578348128042714,imd_ex_housing
E02001296,68.59666817659043,imd_ex_housing
E02001303,48.478577776760545,imd_ex_housing
E02001310,40.218212814124286,imd_ex_housing
E02001321,16.49767054572044,imd_ex_housing
E02001324,26.515645685426918,imd_ex_housing
E02001337,40.01715530411411,imd_ex_housing
E02001340,20.33702482979113,imd_ex_housing
E02001352,57.62254181687588,imd_ex_housing
E02001360,75.33995159765081,imd_ex_housing
E02001394,27.184709164093128,imd_ex_housing
E02001403,45.04824124639409,imd_ex_housing
E02001466,52.65465841291139,imd_ex_housing
E02001474,67.10152873758864,imd_ex_housing
E02001493,63.77507851165734,imd_ex_housing
E02001496,17.51451336436341,imd_ex_housing
E02001501,13.291496794467712,imd_ex_housing
E02001527,20.70246033491319,imd_ex_housing
E02001533,38.3852663474837,imd_ex_housing
E02001573,34.82078491281548,imd_ex_housing
E02001583,30.035047697818957,imd_ex_housing
E02001585,44.82181522182145,imd_ex_housing
E02001586,44.18467332167277,imd_ex_housing
E02001592,23.846850614032412,imd_ex_housing
E02001615,10.237352317514278,imd_ex_housing
E02001630,46.173530992162824,imd_ex_housing
E02001684,41.344904180602505,imd_ex_housing
E02001725,27.424224726427298,imd_ex_housing
E02001727,31.99198664332711,imd_ex_housing
E02001743,20.822260774156465,imd_ex_housing
E02001756,29.774419325110916,imd_ex_housing
E02001769,52.62882325081504,imd_ex_housing
E02001775,35.51138737612179,imd_ex_housing
E02001776,31.653542447109754,imd_ex_housing
E02001807,27.348446208248916,imd_ex_housing
E02001860,45.84684302439749,imd_ex_housing
E02001866,55.391142122401476,imd_ex_housing
E02001889,46.00462045763937,imd_ex_housing
E02001892,50.75864943887492,imd_ex_housing
E02001908,51.697221878745005,imd_ex_housing
E02001916,41.274641338979045,imd_ex_housing
E02001920,44.02880308549355,imd_ex_housing
E02001923,32.237825488678276,imd_ex_housing
E02001953,22.843293995748464,imd_ex_housing
E02001969,39.46364338572239,imd_ex_housing
E02001970,25.246952810275367,imd_ex_housing
E02001992,40.28425879891691,imd_ex_housing
E02001998,6.701298986721043,imd_ex_housing
E02002004,34.59349577735028,imd_ex_housing
E02002007,19.50682193295555,imd_ex_housing
E02002019,35.00557095288838,imd_ex_housing
E02002024,25.557473328401237,imd_ex_housing
E02002040,5.275929504334302,imd_ex_housing
E02002041,13.504276482140543,imd_ex_housing
E02002070,46.43778392221055,imd_ex_housing
E02002076,24.246618024044814,imd_ex_housing
E02002080,34.39493738639733,imd_ex_housing
E02002088,50.06480134042758,imd_ex_housing
E02002089,20.980384711178086,imd_ex_housing
E02002092,23.552835713783608,imd_ex_housing
E02002096,8.34438985464361,imd_ex_housing
E02002111,34.977884163813584,imd_ex_housing
E02002130,43.3583755205712,imd_ex_housing
E02002148,11.585216127748325,imd_ex_housing
E02002164,43.56416690331623,imd_ex_housing
E02002205,16.525359888784685,imd_ex_housing
E02002206,27.023758382631645,imd_ex_housing
E02002226,37.443955577931796,imd_ex_housing
E02002252,22.44550508041607,imd_ex_housing
E02002254,10.608569702364075,imd_ex_housing
E02002276,27.441002743637362,imd_ex_housing
E02002313,43.79714767664239,imd_ex_housing
E02002315,29.97592393660861,imd_ex_housing
E02002322,17.824889530674223,imd_ex_housing
E02002332,15.59123377361602,imd_ex_housing
E02002381,25.360105008567555,imd_ex_housing
E02002402,7.07829281587691,imd_ex_housing
E02002410,30.07799936273283,imd_ex_housing
E02002473,11.202144436803051,imd_ex_housing
E02002485,49.689901505689576,imd_ex_housing
E02002490,46.9504974017939,imd_ex_housing
E02002515,46.342312390038465,imd_ex_housing
E02002532,36.459880136607296,imd_ex_housing
E02002543,47.07491228411174,imd_ex_housing
E02002558,7.110112449157963,imd_ex_housing
E02002562,40.72930873150674,imd_ex_housing
E02002574,9.48493761443742,imd_ex_housing
E02002580,60.701292196881354,imd_ex_housing
E02002589,10.159212523698894,imd_ex_housing
E02002605,16.14292235971964,imd_ex_housing
E02002641,30.721668352447253,imd_ex_housing
E02002651,27.761474824038242,imd_ex_housing
E02002655,56.73116290814082,imd_ex_housing
E02002661,42.07621637695316,imd_ex_housing
E02002696,5.595143173088654,imd_ex_housing
E02002709,11.85710580064812,imd_ex_housing
E02002711,2.4490769334266336,imd_ex_housing
E02002717,16.82216557357171,imd_ex_housing
E02002726,31.5470542944266,imd_ex_housing
E02002728,58.90953003341077,imd_ex_housing
E02002751,18.273238484614048,imd_ex_housing
E02002761,12.012706167235807,imd_ex_housing
E02002776,8.846099444994447,imd_ex_housing
E02002777,7.636667246107312,imd_ex_housing
E02002826,13.80095920115663,imd_ex_housing
E02002829,54.65744833908128,imd_ex_housing
E02002831,29.5710417800913,imd_ex_housing
E02002866,5.663928302390815,imd_ex_housing
E02002893,32.85983100699221,imd_ex_housing
E02007082,18.08268183554027,imd_ex_housing
E02002929,7.22059156109139,imd_ex_housing
E02002960,24.049851781984568,imd_ex_housing
E02002967,64.50464979480294,imd_ex_housing
E02002969,37.3681333277896,imd_ex_housing
E02002988,8.910739916577228,imd_ex_housing
E02003019,28.28031125425683,imd_ex_housing
E02003049,23.864566158429277,imd_ex_housing
E02003078,12.321684297762982,imd_ex_housing
E02003080,20.85391473701251,imd_ex_housing
E02003093,4.9472271922569595,imd_ex_housing
E02003099,15.194871642944484,imd_ex_housing
E02003109,3.7348692958577963,imd_ex_housing
E02003124,32.84982469201006,imd_ex_housing
E02003129,15.811955894136693,imd_ex_housing
E02003130,39.6351943727118,imd_ex_housing
E02003151,9.385488095983387,imd_ex_housing
E02003168,18.88244472560006,imd_ex_housing
E02003175,14.18112320842347,imd_ex_housing
E02003210,7.109216461162822,imd_ex_housing
E02003218,39.87309432529934,imd_ex_housing
E02003219,4.731806798594463,imd_ex_housing
E02003227,48.89631662828295,imd_ex_housing
E02003245,46.640590409874086,imd_ex_housing
E02006938,35.10353867420165,imd_ex_housing
E02003288,46.846693194957965,imd_ex_housing
E02003309,12.946825596894575,imd_ex_housing
E02003318,10.35995178135239,imd_ex_housing
E02003330,22.152237652345267,imd_ex_housing
E02003358,17.314449648331205,imd_ex_housing
E02003423,14.957379170877728,imd_ex_housing
E02003429,5.316568620634268,imd_ex_housing
E02003430,10.759503890183813,imd_ex_housing
E02003449,2.097865322156829,imd_ex_housing
E02003454,3.044122491761987,imd_ex_housing
E02003463,15.086762241051453,imd_ex_housing
E02003480,11.373710762034136,imd_ex_housing
E02003483,7.9124610909871835,imd_ex_housing
E02003490,44.87681754359386,imd_ex_housing
E02003507,20.141980829245263,imd_ex_housing
E02003517,31.370766924352235,imd_ex_housing
E02003535,27.78271668801371,imd_ex_housing
E02003537,21.60034935874112,imd_ex_housing
E02003545,25.147048502965447,imd_ex_housing
E02003554,13.837926415002155,imd_ex_housing
E02003560,49.705608216460384,imd_ex_housing
E02003574,19.670268550473832,imd_ex_housing
E02003599,14.441750029318197,imd_ex_housing
E02003600,13.920332035068542,imd_ex_housing
E02003601,7.734358027350791,imd_ex_housing
E02003621,10.624924007954274,imd_ex_housing
E02003623,4.406629237397891,imd_ex_housing
E02003636,7.3206615366360195,imd_ex_housing
E02003637,10.687360238475497,imd_ex_housing
E02003649,7.506830936219096,imd_ex_housing
E02003653,8.137905875460605,imd_ex_housing
E02003662,12.709544478619003,imd_ex_housing
E02003682,3.2448019182812953,imd_ex_housing
E02003719,24.005808807744724,imd_ex_housing
E02003720,19.378967218852928,imd_ex_housing
E02003725,6.938840064231488,imd_ex_housing
E02003747,19.925804601796198,imd_ex_housing
E02003789,9.155202555110296,imd_ex_housing
E02003807,9.503905630588312,imd_ex_housing
E02003811,5.910967187563502,imd_ex_housing
E02003824,5.912953138231449,imd_ex_housing
E02003849,46.39376867594993,imd_ex_housing
E02003869,9.362990493853005,imd_ex_housing
E02003873,30.482717894767603,imd_ex_housing
E02003893,18.572086851376753,imd_ex_housing
E02003907,17.17387553016259,imd_ex_housing
E02003938,18.47333460091864,imd_ex_housing
E02003943,23.40756378165745,imd_ex_housing
E02003952,21.45763311952002,imd_ex_housing
E02003984,70.92809222738163,imd_ex_housing
E02004007,26.84880551538975,imd_ex_housing
E02004010,20.450713903195258,imd_ex_housing
E02004011,8.452448322033247,imd_ex_housing
E02004017,13.739830094162981,imd_ex_housing
E02004028,8.64097186921153,imd_ex_housing
E02004045,15.506553113797585,imd_ex_housing
E02004050,33.94218782257652,imd_ex_housing
E02004100,8.262983401952056,imd_ex_housing
E02004114,10.681952996130935,imd_ex_housing
E02004135,9.384891027561364,imd_ex_housing
E02004151,18.812253199275833,imd_ex_housing
E02004162,13.898521318074742,imd_ex_housing
E02004174,15.628267163106674,imd_ex_housing
E02004179,9.891852730117286,imd_ex_housing
E02004205,19.315881973291106,imd_ex_housing
E02004229,18.83500872458206,imd_ex_housing
E02004235,14.324401996220775,imd_ex_housing
E02004264,11.90996382106105,imd_ex_housing
E02004267,10.481829582660113,imd_ex_housing
E02004305,26.902140341563875,imd_ex_housing
E02004307,20.618803349230262,imd_ex_housing
E02004314,8.842406228616648,imd_ex_housing
E02004357,27.489954995714974,imd_ex_housing
E02004392,9.517633850336368,imd_ex_housing
E02004419,28.167626465346583,imd_ex_housing
E02004427,6.766947332132094,imd_ex_housing
E02004429,11.789612143076974,imd_ex_housing
E02004461,24.619207821917243,imd_ex_housing
E02004469,7.312085043420201,imd_ex_housing
E02004471,15.792832469268504,imd_ex_housing
E02004487,18.181826409885502,imd_ex_housing
E02004516,28.085843336179295,imd_ex_housing
E02004518,12.447063668666448,imd_ex_housing
E02006981,5.874509856872037,imd_ex_housing
E02004573,43.42104129989,imd_ex_housing
E02004599,5.6657788761504,imd_ex_housing
E02004621,15.04172313577295,imd_ex_housing
E02004635,8.978168919868958,imd_ex_housing
E02004679,5.028124155825229,imd_ex_housing
E02004703,3.17452138534038,imd_ex_housing
E02004724,16.97405187542686,imd_ex_housing
E02004734,10.553998365273133,imd_ex_housing
E02004764,11.004322202782065,imd_ex_housing
E02004774,9.153015975212012,imd_ex_housing
E02004785,9.266585728314714,imd_ex_housing
E02004786,9.47684123607559,imd_ex_housing
E02004795,10.17818247333744,imd_ex_housing
E02004831,3.7145148647099684,imd_ex_housing
E02004858,8.97226610104093,imd_ex_housing
E02004870,17.07776986563135,imd_ex_housing
E02004896,6.059908075559344,imd_ex_housing
E02004962,6.749144089711387,imd_ex_housing
E02004974,6.577722337489667,imd_ex_housing
E02004984,11.520038606143183,imd_ex_housing
E02004992,14.381271091255696,imd_ex_housing
E02004995,3.1015303505571774,imd_ex_housing
E02004997,15.088167636067496,imd_ex_housing
E02005008,11.065172762832908,imd_ex_housing
E02005014,6.012295913027132,imd_ex_housing
E02005028,36.44407608504543,imd_ex_housing
E02005038,9.20470824911044,imd_ex_housing
E02005041,12.98883472909534,imd_ex_housing
E02005061,34.54076844402879,imd_ex_housing
E02005071,25.675776590833575,imd_ex_housing
E02005078,12.86981906719318,imd_ex_housing
E02005080,41.385860118382986,imd_ex_housing
E02005090,8.695551598771921,imd_ex_housing
E02005119,35.989249770191485,imd_ex_housing
E02005126,15.488359596762649,imd_ex_housing
E02005179,38.73339898271392,imd_ex_housing
E02005191,10.004074539118772,imd_ex_housing
E02005194,25.48618942317239,imd_ex_housing
E02005240,21.293882259750323,imd_ex_housing
E02005258,14.419844153631455,imd_ex_housing
E02005259,35.702261789438374,imd_ex_housing
E02005287,4.372562428773389,imd_ex_housing
E02005291,14.294349774967568,imd_ex_housing
E02005300,14.479667379006436,imd_ex_housing
E02005344,10.542442871568117,imd_ex_housing
E02005465,17.463866062704827,imd_ex_housing
E02005488,11.513360764787796,imd_ex_housing
E02005492,12.19811589490609,imd_ex_housing
E02005547,22.04838836033341,imd_ex_housing
E02005563,25.240301786566718,imd_ex_housing
E02005587,37.99557394584333,imd_ex_housing
E02005589,39.08791525756018,imd_ex_housing
E02005594,20.845023141119185,imd_ex_housing
E02005600,11.390127076204974,imd_ex_housing
E02005610,13.995283695648727,imd_ex_housing
E02005611,17.104521720839045,imd_ex_housing
E02005625,22.571104283653085,imd_ex_housing
E02005641,22.35459476091505,imd_ex_housing
E02005653,36.42321131163617,imd_ex_housing
E02005655,15.506958939377832,imd_ex_housing
E02005693,25.540477821134072,imd_ex_housing
E02005706,22.474755844214286,imd_ex_housing
E02005707,13.480641368853325,imd_ex_housing
E02005715,32.3121913027638,imd_ex_housing
E02005721,16.462777248881288,imd_ex_housing
E02005746,12.56914235209305,imd_ex_housing
E02005751,4.89922779134518,imd_ex_housing
E02005769,15.66605125873011,imd_ex_housing
E02005773,25.625283212977063,imd_ex_housing
E02005791,16.427675808754106,imd_ex_housing
E02005807,9.65252822027779,imd_ex_housing
E02005833,13.709169211413574,imd_ex_housing
E02005837,13.131846853190623,imd_ex_housing
E02005840,14.860932770552706,imd_ex_housing
E02005858,15.237128506030299,imd_ex_housing
E02005874,10.466349722796362,imd_ex_housing
E02005890,11.469034558965093,imd_ex_housing
E02005908,6.139179753090375,imd_ex_housing
E02005917,2.1425011620105083,imd_ex_housing
E02005918,9.687159977058117,imd_ex_housing
E02005924,22.17927832043232,imd_ex_housing
E02005925,30.197445588507744,imd_ex_housing
E02005928,3.521477614567052,imd_ex_housing
E02005931,5.858825732137229,imd_ex_housing
E02005933,11.86371347150878,imd_ex_housing
E02006036,13.61565142668581,imd_ex_housing
E02006060,20.58320898051447,imd_ex_housing
E02006066,16.420135106041165,imd_ex_housing
E02006074,15.09033125464847,imd_ex_housing
E02006078,12.2694701820321,imd_ex_housing
E02006086,12.428668620511884,imd_ex_housing
E02006125,30.219330610320057,imd_ex_housing
E02006131,11.813087027645265,imd_ex_housing
E02006132,17.675155846657603,imd_ex_housing
E02006154,9.525273676869432,imd_ex_housing
E02006156,6.0969236144205805,imd_ex_housing
E02006181,18.68986552956797,imd_ex_housing
E02006185,17.638056414522566,imd_ex_housing
E02006192,7.87854469644242,imd_ex_housing
E02006204,26.03405872848457,imd_ex_housing
E02006216,7.460782755348785,imd_ex_housing
E02006236,5.733599858110635,imd_ex_housing
E02006238,20.124475194370333,imd_ex_housing
E02006265,10.822024151204602,imd_ex_housing
E02006275,25.922343547514807,imd_ex_housing
E02006282,9.38244190654309,imd_ex_housing
E02006292,8.764815093043635,imd_ex_housing
E02006301,22.425357609072993,imd_ex_housing
E02006307,9.95522679238564,imd_ex_housing
E02006310,15.653284647586911,imd_ex_housing
E02006364,15.355790881246847,imd_ex_housing
E02006365,6.439591210398782,imd_ex_housing
E02006382,21.200745671561013,imd_ex_housing
E02006412,6.237816793015937,imd_ex_housing
E02006415,7.415212660642612,imd_ex_housing
E02006419,18.5020883032937,imd_ex_housing
E02006434,10.45299446520785,imd_ex_housing
E02006440,9.136356004748839,imd_ex_housing
E02006441,9.382555253233317,imd_ex_housing
E02006461,4.818252077625323,imd_ex_housing
E02006463,8.246990587821776,imd_ex_housing
E02006465,3.0207026277174416,imd_ex_housing
E02006497,19.147320393117724,imd_ex_housing
E02006504,7.255944180489757,imd_ex_housing
E02006507,9.920835092552801,imd_ex_housing
E02006511,6.817905885911913,imd_ex_housing
E02006535,8.54870715697531,imd_ex_housing
E02006546,14.697780314877948,imd_ex_housing
E02006566,8.586869407897135,imd_ex_housing
E02006572,15.63746639496132,imd_ex_housing
E02006579,12.532913583589202,imd_ex_housing
E02006585,17.93131757117796,imd_ex_housing
E02006608,3.8073509510157377,imd_ex_housing
E02006635,10.217207419459344,imd_ex_housing
E02006639,11.242383336989008,imd_ex_housing
E02006648,5.4408903043985966,imd_ex_housing
E02006670,12.106492639803134,imd_ex_housing
E02006710,14.46953861644705,imd_ex_housing
E02006723,28.54238150197883,imd_ex_housing
E02006736,7.659072715610923,imd_ex_housing
E02006737,16.117406034350292,imd_ex_housing
E02006745,9.996110903235712,imd_ex_housing
E02006748,12.850912940297214,imd_ex_housing
E02006752,3.8114650259288267,imd_ex_housing
E02006753,9.68162428738172,imd_ex_housing
E02006757,9.743340699345222,imd_ex_housing
E02006769,12.484436522254292,imd_ex_housing
E02006784,37.23914119741227,imd_ex_housing
E02006796,12.901011126714796,imd_ex_housing
E02006801,23.95367681188723,imd_ex_housing
E02006853,24.207161387659173,imd_ex_housing
E02006868,40.38913169878202,imd_ex_housing
E02006893,14.017888919026483,imd_ex_housing
E02006900,51.45619491438677,imd_ex_housing
E02006919,17.450051761558857,imd_ex_housing
E02006993,25.553647202759272,imd_ex_housing
E02000002,36.38506255524387,imd_ex_housing
E02000005,31.76058438028251,imd_ex_housing
E02000021,31.574467063368555,imd_ex_housing
E02000034,14.021820094818265,imd_ex_housing
E02000049,34.5280893849573,imd_ex_housing
E02000089,6.557411220092369,imd_ex_housing
E02000099,14.631567457217296,imd_ex_housing
E02000118,20.10297297451274,imd_ex_housing
E02000133,4.763487722698053,imd_ex_housing
E02000177,34.4469599067847,imd_ex_housing
E02000185,37.9344175129875,imd_ex_housing
E02000188,30.4878752683345,imd_ex_housing
E02000196,22.103748243292294,imd_ex_housing
E02000218,21.50503442571889,imd_ex_housing
E02000229,38.18317853341741,imd_ex_housing
E02000244,14.892258075887849,imd_ex_housing
E02000269,9.001600663698234,imd_ex_housing
E02000303,44.237569076438106,imd_ex_housing
E02000308,21.03765077823321,imd_ex_housing
E02006994,26.97925033419974,imd_ex_housing
E02000340,16.3365621776572,imd_ex_housing
E02000346,49.690055137762215,imd_ex_housing
E02000384,33.75798738391242,imd_ex_housing
E02000386,33.214387337961895,imd_ex_housing
E02000392,19.358358130593924,imd_ex_housing
E02000431,12.271691749517617,imd_ex_housing
E02000472,13.753895489053978,imd_ex_housing
E02000481,9.140222596158596,imd_ex_housing
E02000499,5.541961485264785,imd_ex_housing
E02000559,22.225110708778995,imd_ex_housing
E02000580,35.684970384837094,imd_ex_housing
E02000590,19.941183300389604,imd_ex_housing
E02000613,9.204466971564527,imd_ex_housing
E02000628,42.67533726559935,imd_ex_housing
E02000640,17.36887082911319,imd_ex_housing
E02000644,22.897139047189373,imd_ex_housing
E02000645,23.292329420890226,imd_ex_housing
E02000679,29.340343219007604,imd_ex_housing
E02000696,19.23100322202317,imd_ex_housing
E02000698,4.929484126361131,imd_ex_housing
E02000706,29.38264301403158,imd_ex_housing
E02000721,31.095090847717657,imd_ex_housing
E02000722,27.036408671010232,imd_ex_housing
E02000751,6.4691067262324,imd_ex_housing
E02000807,13.236313835957208,imd_ex_housing
E02000815,28.88573607640459,imd_ex_housing
E02000844,21.589668090057785,imd_ex_housing
E02000852,10.467539508108251,imd_ex_housing
E02000860,19.714167627243892,imd_ex_housing
E02000925,30.114496956511783,imd_ex_housing
E02000938,21.27693429194932,imd_ex_housing
E02000959,24.186710093484628,imd_ex_housing
E02000984,4.56053847092928,imd_ex_housing
E02000987,28.278348328709164,imd_ex_housing
E02001001,23.84562009413876,imd_ex_housing
E02001011,8.202477846023998,imd_ex_housing
E02001016,51.80705845659154,imd_ex_housing
E02001019,13.763070644096128,imd_ex_housing
E02001020,5.850221412914958,imd_ex_housing
E02001030,12.904232511204695,imd_ex_housing
E02001038,29.12720845403165,imd_ex_housing
E02001045,52.089192228103535,imd_ex_housing
E02001049,34.60209253875129,imd_ex_housing
E02001063,32.118411058529425,imd_ex_housing
E02001064,60.5776500434975,imd_ex_housing
E02001078,28.259049971971834,imd_ex_housing
E02001101,13.311291540995965,imd_ex_housing
E02001114,31.051323815961723,imd_ex_housing
E02001117,8.090426965176368,imd_ex_housing
E02001124,49.89324133002497,imd_ex_housing
E02001127,50.44679884077761,imd_ex_housing
E02001133,14.92811343724906,imd_ex_housing
E02001134,14.808874391303993,imd_ex_housing
E02001158,48.640948503363525,imd_ex_housing
E02001162,29.737541498566344,imd_ex_housing
E02001166,29.265778314061233,imd_ex_housing
E02001195,20.880486096143233,imd_ex_housing
E02001196,15.379007195639254,imd_ex_housing
E02001238,27.13219450428575,imd_ex_housing
E02001239,32.09033164109668,imd_ex_housing
E02001245,33.73632703685616,imd_ex_housing
E02001260,13.588558760727533,imd_ex_housing
E02001281,5.088756103521911,imd_ex_housing
E02001286,4.319825522156499,imd_ex_housing
E02001288,13.261672455255288,imd_ex_housing
E02001289,12.043411760990294,imd_ex_housing
E02001318,25.13453693751314,imd_ex_housing
E02001347,40.25546021504152,imd_ex_housing
E02001368,71.7831020415363,imd_ex_housing
E02001375,48.92646905974017,imd_ex_housing
E02001399,12.740511010926316,imd_ex_housing
E02001415,33.16502522609679,imd_ex_housing
E02001437,14.616544385367153,imd_ex_housing
E02001463,48.13866861530094,imd_ex_housing
E02001475,54.54588916237727,imd_ex_housing
E02001483,13.817043343066025,imd_ex_housing
E02001505,24.7154305853739,imd_ex_housing
E02001510,33.934157823389384,imd_ex_housing
E02001517,23.86744581052813,imd_ex_housing
E02001521,34.46807126007263,imd_ex_housing
E02001536,21.624673013547042,imd_ex_housing
E02001537,26.90304095725569,imd_ex_housing
E02001540,31.152017955606958,imd_ex_housing
E02001548,52.529044586298184,imd_ex_housing
E02001557,33.42922723104425,imd_ex_housing
E02001569,47.61835850547073,imd_ex_housing
E02001580,24.8642414389017,imd_ex_housing
E02001666,27.41656818828312,imd_ex_housing
E02001683,12.979552664994596,imd_ex_housing
E02001718,44.3835894702985,imd_ex_housing
E02001722,33.021885411943884,imd_ex_housing
E02001732,47.46175476529934,imd_ex_housing
E02001749,14.806849812343115,imd_ex_housing
E02001757,20.30686328252814,imd_ex_housing
E02001837,60.63782370797002,imd_ex_housing
E02001845,20.17930549875455,imd_ex_housing
E02001857,50.48643470843551,imd_ex_housing
E02001890,21.991022571796425,imd_ex_housing
E02001939,31.56430718327991,imd_ex_housing
E02001995,27.529583247759422,imd_ex_housing
E02001996,67.65222097217391,imd_ex_housing
E02002015,19.228942837563533,imd_ex_housing
E02002026,14.157937061660528,imd_ex_housing
E02002030,27.35061852287002,imd_ex_housing
E02002067,27.736154151795244,imd_ex_housing
E02002181,45.1554667645588,imd_ex_housing
E02002219,51.8540497873651,imd_ex_housing
E02002232,55.91302453776222,imd_ex_housing
E02002237,34.99641881324221,imd_ex_housing
E02002265,21.608015237620403,imd_ex_housing
E02002268,27.530832210258875,imd_ex_housing
E02002269,14.174167231875895,imd_ex_housing
E02002271,11.997064791838929,imd_ex_housing
E02002277,26.09355784858392,imd_ex_housing
E02002278,27.439677974499123,imd_ex_housing
E02002292,15.640909045716956,imd_ex_housing
E02002310,28.196144197855354,imd_ex_housing
E02002317,36.909228811546015,imd_ex_housing
E02002328,9.066360350883512,imd_ex_housing
E02002329,10.036448355908268,imd_ex_housing
E02002359,8.114495987269178,imd_ex_housing
E02002364,57.27475070589456,imd_ex_housing
E02002391,20.089802273253518,imd_ex_housing
E02002406,7.2831273710985585,imd_ex_housing
E02002412,25.163131990493245,imd_ex_housing
E02002447,30.987385254271565,imd_ex_housing
E02002478,30.654275778806653,imd_ex_housing
E02007059,54.062970321269084,imd_ex_housing
E02002497,79.26526828464891,imd_ex_housing
E02002551,42.1207819904895,imd_ex_housing
E02002559,7.570970395638947,imd_ex_housing
E02002581,22.87030413094616,imd_ex_housing
E02002597,44.96366935250756,imd_ex_housing
E02002598,5.604374822948912,imd_ex_housing
E02002618,35.71785445932363,imd_ex_housing
E02002663,16.29571481652401,imd_ex_housing
E02002670,33.32686958491999,imd_ex_housing
E02002679,24.123886968386092,imd_ex_housing
E02002695,22.772324798211546,imd_ex_housing
E02002731,63.637275757207796,imd_ex_housing
E02002749,21.961781223411464,imd_ex_housing
E02002774,3.6940903533038116,imd_ex_housing
E02002856,15.6843090121248,imd_ex_housing
E02002858,7.323632508762451,imd_ex_housing
E02002897,10.97043573329638,imd_ex_housing
E02002907,27.900330003267733,imd_ex_housing
E02007050,16.792783562046576,imd_ex_housing
E02002950,46.0022238241232,imd_ex_housing
E02006974,35.578621065829566,imd_ex_housing
E02002977,37.412381520169845,imd_ex_housing
E02002982,47.833715172804744,imd_ex_housing
E02003022,3.922780751868479,imd_ex_housing
E02006952,21.37279665334189,imd_ex_housing
E02003077,7.651676097941612,imd_ex_housing
E02003079,12.549857442236094,imd_ex_housing
E02003114,15.536860300049721,imd_ex_housing
E02003121,4.905007019462721,imd_ex_housing
E02003134,46.23235227822974,imd_ex_housing
E02003159,37.863681918128776,imd_ex_housing
E02003180,18.51843870901174,imd_ex_housing
E02003208,22.059834840785932,imd_ex_housing
E02003233,26.53108181448386,imd_ex_housing
E02003243,48.96355628325767,imd_ex_housing
E02003261,18.88700762862253,imd_ex_housing
E02003281,17.206418448243483,imd_ex_housing
E02003313,39.51273897227876,imd_ex_housing
E02003314,25.693900846501165,imd_ex_housing
E02003341,10.141969195078165,imd_ex_housing
E02003361,13.527445719262515,imd_ex_housing
E02003375,10.031036021118771,imd_ex_housing
E02003417,18.547171645375265,imd_ex_housing
E02003418,20.928214545019653,imd_ex_housing
E02003438,2.783007434306804,imd_ex_housing
E02003443,13.959369625643012,imd_ex_housing
E02003456,7.375367608766991,imd_ex_housing
E02003474,11.952995871887266,imd_ex_housing
E02003485,21.870520613656538,imd_ex_housing
E02003516,22.907342440417786,imd_ex_housing
E02003551,28.006897798401827,imd_ex_housing
E02003561,26.344127086183807,imd_ex_housing
E02003584,39.44725779224007,imd_ex_housing
E02003587,31.909491562602614,imd_ex_housing
E02003620,11.958211339723544,imd_ex_housing
E02003650,11.340599096428035,imd_ex_housing
E02003679,13.589609495971256,imd_ex_housing
E02003680,3.2881972107616817,imd_ex_housing
E02003686,4.572996697115374,imd_ex_housing
E02003687,4.937588484758721,imd_ex_housing
E02003793,8.776087813013033,imd_ex_housing
E02003795,10.460575982097266,imd_ex_housing
E02003814,14.191322653575924,imd_ex_housing
E02003832,31.377373089661535,imd_ex_housing
E02003834,29.938890742976188,imd_ex_housing
E02003835,3.854467550755776,imd_ex_housing
E02003858,4.548341675612748,imd_ex_housing
E02003868,21.308517902217485,imd_ex_housing
E02003878,11.034060286931894,imd_ex_housing
E02003898,15.841773984384812,imd_ex_housing
E02003927,12.404261349497673,imd_ex_housing
E02003930,17.810238061476742,imd_ex_housing
E02003941,25.65120006594915,imd_ex_housing
E02003942,34.026715850698764,imd_ex_housing
E02003951,28.264097416298515,imd_ex_housing
E02003958,27.576278936167082,imd_ex_housing
E02003961,13.795747425735456,imd_ex_housing
E02003973,49.92990837480267,imd_ex_housing
E02003988,17.412588112052525,imd_ex_housing
E02003989,11.127700479272367,imd_ex_housing
E02003995,40.19364547365306,imd_ex_housing
E02003999,10.514188704456751,imd_ex_housing
E02004037,7.736973507684609,imd_ex_housing
E02004040,18.912788622416453,imd_ex_housing
E02004055,25.97542219039188,imd_ex_housing
E02004090,13.830712653491023,imd_ex_housing
E02004109,7.361364602608567,imd_ex_housing
E02004129,12.224995860720934,imd_ex_housing
E02004131,9.726962899152404,imd_ex_housing
E02004160,15.68326775901529,imd_ex_housing
E02004170,15.947105998964407,imd_ex_housing
E02004177,29.313900481027158,imd_ex_housing
E02004191,21.958675536676793,imd_ex_housing
E02004210,33.70420990550648,imd_ex_housing
E02004216,17.60106801777088,imd_ex_housing
E02004224,17.006188360195438,imd_ex_housing
E02004244,4.5636633073896995,imd_ex_housing
E02004272,9.618287102900283,imd_ex_housing
E02004292,11.906874564346285,imd_ex_housing
E02004294,6.764481725896006,imd_ex_housing
E02004301,43.705407514492,imd_ex_housing
E02004318,18.91742705838666,imd_ex_housing
E02004319,21.694336652837926,imd_ex_housing
E02004320,15.878742371253713,imd_ex_housing
E02004365,43.390552468484046,imd_ex_housing
E02004385,17.902214554179125,imd_ex_housing
E02004391,18.286468640854974,imd_ex_housing
E02004395,23.623701428974833,imd_ex_housing
E02004401,11.644710452378584,imd_ex_housing
E02004409,6.372283247942511,imd_ex_housing
E02004413,8.973993403999398,imd_ex_housing
E02004463,10.322231507143217,imd_ex_housing
E02004490,35.246494421799255,imd_ex_housing
E02004512,20.481578609587473,imd_ex_housing
E02004538,10.085534257999763,imd_ex_housing
E02004542,9.076772253225098,imd_ex_housing
E02004552,17.83101761280147,imd_ex_housing
E02004553,28.77319699215516,imd_ex_housing
E02004564,8.108867547143017,imd_ex_housing
E02004577,13.26559892534001,imd_ex_housing
E02004581,11.724170591907502,imd_ex_housing
E02004601,4.591424263929195,imd_ex_housing
E02004617,7.176339840181839,imd_ex_housing
E02004619,7.445514662577071,imd_ex_housing
E02004632,19.725796783938975,imd_ex_housing
E02004650,15.242251980582333,imd_ex_housing
E02004653,8.554896827783901,imd_ex_housing
E02004654,12.294785382599805,imd_ex_housing
E02004659,9.012234669231605,imd_ex_housing
E02004661,11.532338389411127,imd_ex_housing
E02004665,6.343463241845325,imd_ex_housing
E02004675,9.231608418527472,imd_ex_housing
E02004705,6.330008907691524,imd_ex_housing
E02004710,6.889999227220507,imd_ex_housing
E02004716,10.264481129421862,imd_ex_housing
E02004736,7.03828137879651,imd_ex_housing
E02004739,6.86007883209428,imd_ex_housing
E02004746,9.236898862544075,imd_ex_housing
E02004749,7.0366618191784625,imd_ex_housing
E02004784,7.647294376440135,imd_ex_housing
E02004791,24.110263531136727,imd_ex_housing
E02004814,4.297943034653737,imd_ex_housing
E02007078,17.658633737527808,imd_ex_housing
E02004867,5.2049186869351765,imd_ex_housing
E02004885,2.1415855298213535,imd_ex_housing
E02004886,10.95787071356056,imd_ex_housing
E02004902,17.06479975325391,imd_ex_housing
E02004903,13.273916446926854,imd_ex_housing
E02007088,6.458672236914339,imd_ex_housing
E02004922,9.780492828635014,imd_ex_housing
E02004942,9.0841083640108,imd_ex_housing
E02005002,25.455410251778645,imd_ex_housing
E02005006,11.34154202881078,imd_ex_housing
E02005025,11.089893963092504,imd_ex_housing
E02005026,11.256131507547844,imd_ex_housing
E02005042,14.756267948957424,imd_ex_housing
E02005091,9.038645177651267,imd_ex_housing
E02005097,2.7389746581369416,imd_ex_housing
E02005105,38.855657666945035,imd_ex_housing
E02005106,19.773564750673714,imd_ex_housing
E02005112,26.776196659048168,imd_ex_housing
E02005118,24.219932827800676,imd_ex_housing
E02005121,18.20226343920267,imd_ex_housing
E02005133,16.885897869169433,imd_ex_housing
E02005157,20.2308026963209,imd_ex_housing
E02005169,13.025283419294356,imd_ex_housing
E02005180,17.211764100203247,imd_ex_housing
E02005193,8.81949948883623,imd_ex_housing
E02005199,7.173714268567084,imd_ex_housing
E02005200,28.369437251379193,imd_ex_housing
E02005310,13.102074444473152,imd_ex_housing
E02005324,7.804893648774177,imd_ex_housing
E02005325,9.350042005363703,imd_ex_housing
E02005329,21.044730077778944,imd_ex_housing
E02005366,13.622401703854315,imd_ex_housing
E02005399,10.174456568265494,imd_ex_housing
E02005433,50.59882071439532,imd_ex_housing
E02005438,42.38871721831438,imd_ex_housing
E02005462,19.99691648826721,imd_ex_housing
E02005476,9.73073451736816,imd_ex_housing
E02005481,23.62779435345048,imd_ex_housing
E02005508,13.276291103136744,imd_ex_housing
E02005522,11.95744798244376,imd_ex_housing
E02005531,12.151334680145148,imd_ex_housing
E02005620,5.842764668125651,imd_ex_housing
E02005622,4.664661922808073,imd_ex_housing
E02005630,7.048510616486921,imd_ex_housing
E02005654,32.91364197762909,imd_ex_housing
E02005679,4.590099682111336,imd_ex_housing
E02005695,28.65602604334089,imd_ex_housing
E02005723,23.264269826759726,imd_ex_housing
E02005731,14.554616311577668,imd_ex_housing
E02007107,5.9542150997733865,imd_ex_housing
E02005785,11.468685653785448,imd_ex_housing
E02005820,16.522696419739663,imd_ex_housing
E02005849,17.979964834168886,imd_ex_housing
E02005851,40.01611845852471,imd_ex_housing
E02005864,4.181028993205131,imd_ex_housing
E02005879,26.27431250592815,imd_ex_housing
E02005888,49.7461568502664,imd_ex_housing
E02005912,5.419671451289079,imd_ex_housing
E02005913,7.572054331404517,imd_ex_housing
E02005948,14.33929305519071,imd_ex_housing
E02005964,5.487920408994239,imd_ex_housing
E02005969,9.06861615539295,imd_ex_housing
E02005995,6.330563222624548,imd_ex_housing
E02006006,7.298282407520062,imd_ex_housing
E02006012,14.95856422088366,imd_ex_housing
E02006013,14.265477131150167,imd_ex_housing
E02006015,19.986383844326042,imd_ex_housing
E02006016,16.954306400924136,imd_ex_housing
E02006033,14.603195275525168,imd_ex_housing
E02006049,6.8201425430364875,imd_ex_housing
E02006079,13.551515653489732,imd_ex_housing
E02006084,11.876004197029866,imd_ex_housing
E02006105,19.31746091507259,imd_ex_housing
E02006111,9.521164174659313,imd_ex_housing
E02006139,33.724518994720995,imd_ex_housing
E02006160,26.74655785271214,imd_ex_housing
E02006166,10.540281117392926,imd_ex_housing
E02006180,20.119315728766857,imd_ex_housing
E02006202,7.656463840442393,imd_ex_housing
E02006234,19.910091777341382,imd_ex_housing
E02006240,11.872539090048953,imd_ex_housing
E02006245,31.97509990371285,imd_ex_housing
E02006259,31.81469269450536,imd_ex_housing
E02006284,17.265697120583106,imd_ex_housing
E02006306,28.291747274337744,imd_ex_housing
E02006348,8.77466240691644,imd_ex_housing
E02006350,21.83692406201363,imd_ex_housing
E02006362,3.0635555175956153,imd_ex_housing
E02006385,8.153385896410017,imd_ex_housing
E02006394,7.625603212391711,imd_ex_housing
E02006399,10.952528047598094,imd_ex_housing
E02006404,25.387509422102298,imd_ex_housing
E02006426,3.4478956931087046,imd_ex_housing
E02006459,22.2668228780146,imd_ex_housing
E02006476,41.972098169763626,imd_ex_housing
E02006477,6.9462652268652585,imd_ex_housing
E02006479,39.420127930573315,imd_ex_housing
E02006512,14.763599369868146,imd_ex_housing
E02006522,7.950945501344284,imd_ex_housing
E02006539,20.18321310093787,imd_ex_housing
E02006559,6.992706454424927,imd_ex_housing
E02006570,15.194888564117765,imd_ex_housing
E02006601,9.180422172394026,imd_ex_housing
E02006646,10.124876441775523,imd_ex_housing
E02006655,7.185692118484871,imd_ex_housing
E02006673,16.25041739593367,imd_ex_housing
E02006679,8.286253925649076,imd_ex_housing
E02006697,8.677463756823592,imd_ex_housing
E02006701,3.980173234294087,imd_ex_housing
E02006722,32.517109714772666,imd_ex_housing
E02006756,7.009795477163172,imd_ex_housing
E02006764,18.98594772084445,imd_ex_housing
E02006770,40.920807377325815,imd_ex_housing
E02006775,52.09629950227586,imd_ex_housing
E02006815,36.98351768931358,imd_ex_housing
E02006830,30.073496578502404,imd_ex_housing
E02006850,32.568827261836525,imd_ex_housing
E02006874,6.4231407540800705,imd_ex_housing
E02006904,30.224890087583283,imd_ex_housing
E02006905,40.693677638932684,imd_ex_housing
E02006912,26.25844526657002,imd_ex_housing
E02006914,24.64959897275401,imd_ex_housing
E02006920,18.533947202547086,imd_ex_housing
E02006927,22.290988973551798,imd_ex_housing
E02000009,35.09717629182297,imd_ex_housing
E02000015,41.625992459642426,imd_ex_housing
E02000019,32.61043848239235,imd_ex_housing
E02000044,25.70599667017041,imd_ex_housing
E02000062,30.700668235991564,imd_ex_housing
E02000086,6.725685930393623,imd_ex_housing
E02000097,16.7903919131376,imd_ex_housing
E02000147,3.4380695609873753,imd_ex_housing
E02000163,6.7424902131456665,imd_ex_housing
E02000178,33.548478805757284,imd_ex_housing
E02000237,11.305714283360317,imd_ex_housing
E02000238,17.358970252894828,imd_ex_housing
E02000246,29.501899637266487,imd_ex_housing
E02000260,28.70397494180218,imd_ex_housing
E02000265,26.67871774134465,imd_ex_housing
E02000286,12.829889917226794,imd_ex_housing
E02000291,22.741629239914356,imd_ex_housing
E02000315,38.11572605387017,imd_ex_housing
E02000358,34.039091963898734,imd_ex_housing
E02000373,45.09782322309485,imd_ex_housing
E02000418,11.78595268518451,imd_ex_housing
E02000442,12.9649791834336,imd_ex_housing
E02000443,22.26042893276837,imd_ex_housing
E02000484,11.859967636800635,imd_ex_housing
E02000492,14.759073134478026,imd_ex_housing
E02000493,26.990745140854052,imd_ex_housing
E02000502,8.714733353683979,imd_ex_housing
E02000519,29.334695604827942,imd_ex_housing
E02000526,9.595783353660705,imd_ex_housing
E02000534,9.70094095376609,imd_ex_housing
E02000548,27.31940726908111,imd_ex_housing
E02000596,12.731847376011055,imd_ex_housing
E02000610,12.602055348849214,imd_ex_housing
E02000617,14.462217421546962,imd_ex_housing
E02000621,29.15564451125749,imd_ex_housing
E02000624,35.37828064015196,imd_ex_housing
E02000626,40.993966016652614,imd_ex_housing
E02000667,17.25885536609862,imd_ex_housing
E02000678,32.84147885105596,imd_ex_housing
E02000711,23.358799593986795,imd_ex_housing
E02000782,30.13653701485476,imd_ex_housing
E02000788,6.50002760791991,imd_ex_housing
E02000792,6.351150901093432,imd_ex_housing
E02000798,9.467746929058599,imd_ex_housing
E02000799,5.703202013837604,imd_ex_housing
E02000823,33.66749075546978,imd_ex_housing
E02000830,24.52306032818393,imd_ex_housing
E02000834,20.51984533113197,imd_ex_housing
E02000848,7.352345530508857,imd_ex_housing
E02000869,39.65646724573394,imd_ex_housing
E02000875,41.1402345981431,imd_ex_housing
E02000885,42.869935574159555,imd_ex_housing
E02000888,29.045695012903927,imd_ex_housing
E02000897,29.776725149656563,imd_ex_housing
E02000913,25.22453087853087,imd_ex_housing
E02000932,11.382964548335636,imd_ex_housing
E02000942,8.446919209100821,imd_ex_housing
E02000953,11.183707169781481,imd_ex_housing
E02000967,11.379948141755042,imd_ex_housing
E02000969,49.786021355592716,imd_ex_housing
E02000980,27.652792365231377,imd_ex_housing
E02001024,10.689226507726087,imd_ex_housing
E02001041,26.485427300999945,imd_ex_housing
E02001043,24.93985855897729,imd_ex_housing
E02001142,11.477669197863957,imd_ex_housing
E02001145,18.96580988274482,imd_ex_housing
E02001146,51.039454549330664,imd_ex_housing
E02001150,41.58634223719886,imd_ex_housing
E02001160,48.82048186428754,imd_ex_housing
E02001189,20.50503371996697,imd_ex_housing
E02001190,74.1056636462389,imd_ex_housing
E02001200,57.588856030951135,imd_ex_housing
E02001201,20.90702618017601,imd_ex_housing
E02001208,22.708792685835018,imd_ex_housing
E02001216,9.331230566009143,imd_ex_housing
E02001219,4.576521181060264,imd_ex_housing
E02001240,26.37294391319691,imd_ex_housing
E02001263,8.28083306630531,imd_ex_housing
E02001278,5.895463599809406,imd_ex_housing
E02001333,52.04986313336819,imd_ex_housing
E02001349,35.27370859236901,imd_ex_housing
E02001353,19.7148384923218,imd_ex_housing
E02001377,40.28871605763671,imd_ex_housing
E02001395,14.273362224039728,imd_ex_housing
E02001402,16.228123846837263,imd_ex_housing
E02001448,13.187299120760539,imd_ex_housing
E02001478,33.54847284655659,imd_ex_housing
E02001488,33.95662507551302,imd_ex_housing
E02001535,10.469370154681174,imd_ex_housing
E02001539,39.919795597705544,imd_ex_housing
E02001543,36.6645313109662,imd_ex_housing
E02001544,33.537748234092696,imd_ex_housing
E02001545,12.400137237258065,imd_ex_housing
E02001582,31.051477273499724,imd_ex_housing
E02001588,42.61818351783514,imd_ex_housing
E02007002,19.46312215861234,imd_ex_housing
E02001632,58.32807855480607,imd_ex_housing
E02001634,16.58137198816165,imd_ex_housing
E02001685,31.984675428239214,imd_ex_housing
E02001750,9.497361722487941,imd_ex_housing
E02001777,24.50397787595126,imd_ex_housing
E02001785,22.07862147258752,imd_ex_housing
E02001787,28.44152795049266,imd_ex_housing
E02001808,21.04468052374312,imd_ex_housing
E02001809,22.640867259805933,imd_ex_housing
E02001811,42.220075022302424,imd_ex_housing
E02001813,48.01742514068262,imd_ex_housing
E02001819,11.215442740256938,imd_ex_housing
E02001821,17.800449601170605,imd_ex_housing
E02001828,10.90768946065623,imd_ex_housing
E02001872,49.82416218313426,imd_ex_housing
E02001942,29.026495699671678,imd_ex_housing
E02001943,29.671379144856832,imd_ex_housing
E02001957,20.890814445375213,imd_ex_housing
E02001964,64.36285602352594,imd_ex_housing
E02001967,11.901162390240238,imd_ex_housing
E02002008,9.822011949396698,imd_ex_housing
E02002032,29.230448907780744,imd_ex_housing
E02002053,22.766201359743835,imd_ex_housing
E02002056,51.64920263035074,imd_ex_housing
E02002059,38.04685976570135,imd_ex_housing
E02002061,42.45795338476993,imd_ex_housing
E02002062,50.419056309600656,imd_ex_housing
E02002065,42.22272606940766,imd_ex_housing
E02002078,17.22587221285031,imd_ex_housing
E02002094,5.0774965167681145,imd_ex_housing
E02002125,27.470274504375777,imd_ex_housing
E02002127,54.88524783899142,imd_ex_housing
E02002139,49.74731918508257,imd_ex_housing
E02002149,29.149646107432755,imd_ex_housing
E02002158,30.708007883944997,imd_ex_housing
E02002194,27.211648968691442,imd_ex_housing
E02002196,19.317235717057525,imd_ex_housing
E02002214,27.88226256004474,imd_ex_housing
E02002215,44.940492862332384,imd_ex_housing
E02002240,19.502895267141703,imd_ex_housing
E02002245,51.99662907064034,imd_ex_housing
E02002279,31.43403908001778,imd_ex_housing
E02002281,29.42352544671055,imd_ex_housing
E02002289,49.681615008761014,imd_ex_housing
E02002302,11.784507836558268,imd_ex_housing
E02002319,18.307618583077588,imd_ex_housing
E02002330,2.8014088571841853,imd_ex_housing
E02002408,21.521048001048744,imd_ex_housing
E02002422,11.881472281883385,imd_ex_housing
E02002425,16.186526493560816,imd_ex_housing
E02002427,23.34419820873262,imd_ex_housing
E02002439,38.30492211269933,imd_ex_housing
E02002461,23.27933114650314,imd_ex_housing
E02002493,13.545314992155285,imd_ex_housing
E02002496,62.84750654403076,imd_ex_housing
E02002498,67.77803890361407,imd_ex_housing
E02002502,65.64470630181002,imd_ex_housing
E02002541,23.623275968860064,imd_ex_housing
E02002560,14.891723842743541,imd_ex_housing
E02002563,28.698734759764072,imd_ex_housing
E02002564,28.666713514677447,imd_ex_housing
E02002607,33.840090001458975,imd_ex_housing
E02002613,4.999736350131401,imd_ex_housing
E02002616,19.311130756928907,imd_ex_housing
E02002659,68.23482447848183,imd_ex_housing
E02002682,57.47022919699425,imd_ex_housing
E02002699,4.2927790201454155,imd_ex_housing
E02002700,31.24387644338815,imd_ex_housing
E02002701,9.215776229295068,imd_ex_housing
E02002712,13.251836986245022,imd_ex_housing
E02002736,58.5997897128375,imd_ex_housing
E02002737,25.295747548950857,imd_ex_housing
E02002743,28.989024019199586,imd_ex_housing
E02002753,15.163453687382335,imd_ex_housing
E02002781,17.961493350936546,imd_ex_housing
E02002798,5.186619316014156,imd_ex_housing
E02002820,40.50157999143497,imd_ex_housing
E02002862,51.132278878494716,imd_ex_housing
E02002874,34.15108026600745,imd_ex_housing
E02002881,53.89078210403833,imd_ex_housing
E02002886,29.601442703163492,imd_ex_housing
E02002895,16.632576563889064,imd_ex_housing
E02002910,18.488430548096744,imd_ex_housing
E02002922,11.966598913849463,imd_ex_housing
E02002924,14.6528231016115,imd_ex_housing
E02002945,28.055551108273242,imd_ex_housing
E02002951,24.430616240069877,imd_ex_housing
E02002974,23.545047728417785,imd_ex_housing
E02002979,46.930782681193456,imd_ex_housing
E02002996,4.452433694630887,imd_ex_housing
E02003006,9.99226633807636,imd_ex_housing
E02003010,13.413767964971223,imd_ex_housing
E02003023,22.061054620142006,imd_ex_housing
E02003040,31.463045306025684,imd_ex_housing
E02003044,15.835534405423576,imd_ex_housing
E02003062,61.91674351822061,imd_ex_housing
E02003113,8.645500443778895,imd_ex_housing
E02003118,11.276726520221589,imd_ex_housing
E02003136,11.73260080497854,imd_ex_housing
E02003189,16.84067386813411,imd_ex_housing
E02003196,2.3238011648539385,imd_ex_housing
E02003238,17.32035098734305,imd_ex_housing
E02003239,10.079005338472578,imd_ex_housing
E02003249,34.961762306148444,imd_ex_housing
E02003262,31.458559146348914,imd_ex_housing
E02003284,29.246175607996815,imd_ex_housing
E02003301,26.097997186780603,imd_ex_housing
E02003307,29.652491227760674,imd_ex_housing
E02007005,25.662228533214424,imd_ex_housing
E02003311,24.23622647012574,imd_ex_housing
E02003329,30.31094659155833,imd_ex_housing
E02003335,47.96127930339447,imd_ex_housing
E02003356,2.3458036998001486,imd_ex_housing
E02003364,10.25350281511074,imd_ex_housing
E02003376,8.513291474132922,imd_ex_housing
E02003378,12.572958591056192,imd_ex_housing
E02003386,16.452003861520446,imd_ex_housing
E02003395,23.665199923170626,imd_ex_housing
E02003400,10.89498633803683,imd_ex_housing
E02003416,11.96522173392521,imd_ex_housing
E02007015,9.871498880030824,imd_ex_housing
E02003488,24.37535760762464,imd_ex_housing
E02003510,16.24068896126604,imd_ex_housing
E02003514,21.496085966900125,imd_ex_housing
E02003540,22.25302953427759,imd_ex_housing
E02003541,45.0995705878454,imd_ex_housing
E02003565,23.919140209367242,imd_ex_housing
E02003573,41.968067515124275,imd_ex_housing
E02003580,50.664377841992156,imd_ex_housing
E02003581,20.76173324747273,imd_ex_housing
E02003586,22.928114179794196,imd_ex_housing
E02003656,6.6843373193280575,imd_ex_housing
E02003657,5.45125235801302,imd_ex_housing
E02003681,4.56070992522664,imd_ex_housing
E02003683,4.158812809268045,imd_ex_housing
E02003692,10.06225921927091,imd_ex_housing
E02003750,20.325418632036637,imd_ex_housing
E02003756,9.85848037921408,imd_ex_housing
E02007085,3.931324337640924,imd_ex_housing
E02003801,11.725319827834975,imd_ex_housing
E02003804,15.37423480117032,imd_ex_housing
E02003815,29.546281302276597,imd_ex_housing
E02003838,7.757009614446283,imd_ex_housing
E02003847,5.357616560058897,imd_ex_housing
E02003848,34.548227787932134,imd_ex_housing
E02003863,5.855596321813013,imd_ex_housing
E02003881,26.777588886965685,imd_ex_housing
E02003889,43.35431487758106,imd_ex_housing
E02003892,17.972313195280286,imd_ex_housing
E02003906,21.1886834546156,imd_ex_housing
E02003925,34.72780992948174,imd_ex_housing
E02003960,17.4357783236448,imd_ex_housing
E02004003,31.23300518988204,imd_ex_housing
E02007029,11.025933784319644,imd_ex_housing
E02004096,6.410732222879493,imd_ex_housing
E02004118,9.206322678647357,imd_ex_housing
E02004173,13.479099605857101,imd_ex_housing
E02004201,13.176655239264527,imd_ex_housing
E02004217,19.816214788598685,imd_ex_housing
E02004218,14.850174622270671,imd_ex_housing
E02004220,24.762136775988836,imd_ex_housing
E02004257,12.437319679528983,imd_ex_housing
E02004265,13.488881601145811,imd_ex_housing
E02004266,12.41575831292145,imd_ex_housing
E02004268,15.114918627120236,imd_ex_housing
E02004270,9.251167762471797,imd_ex_housing
E02004274,17.818164763800457,imd_ex_housing
E02004289,19.067628949040426,imd_ex_housing
E02004316,25.650791796166285,imd_ex_housing
E02004333,19.64331309867784,imd_ex_housing
E02004334,29.36138935156342,imd_ex_housing
E02004362,19.79874490871347,imd_ex_housing
E02004366,25.00386121854676,imd_ex_housing
E02004379,8.867601633833141,imd_ex_housing
E02004383,9.002826074658614,imd_ex_housing
E02004386,19.790017143459103,imd_ex_housing
E02004387,27.769708530592478,imd_ex_housing
E02004393,18.702464145038896,imd_ex_housing
E02004406,5.251961520120809,imd_ex_housing
E02004431,14.08532354267762,imd_ex_housing
E02004438,33.40773543696805,imd_ex_housing
E02004442,47.849863101833066,imd_ex_housing
E02004449,23.34566880504599,imd_ex_housing
E02004470,10.009160735300789,imd_ex_housing
E02004477,6.783294096596479,imd_ex_housing
E02004492,8.712037414602655,imd_ex_housing
E02004503,6.94021739870184,imd_ex_housing
E02004540,9.778245907638958,imd_ex_housing
E02004545,28.322168427800975,imd_ex_housing
E02004548,5.7763060234095445,imd_ex_housing
E02004558,24.88509658307394,imd_ex_housing
E02004567,4.795328279237624,imd_ex_housing
E02004572,14.188363025154345,imd_ex_housing
E02004586,35.62058655666948,imd_ex_housing
E02004590,57.359067101642964,imd_ex_housing
E02004616,9.981542982083074,imd_ex_housing
E02004620,8.478238911453879,imd_ex_housing
E02004668,7.0029373582786265,imd_ex_housing
E02004713,5.270110542143575,imd_ex_housing
E02004725,15.88619080392181,imd_ex_housing
E02004780,17.130476439232233,imd_ex_housing
E02004810,17.143515736471894,imd_ex_housing
E02004821,5.756503373885241,imd_ex_housing
E02004829,4.020227469303831,imd_ex_housing
E02004841,8.647849710236569,imd_ex_housing
E02004851,18.67724551285451,imd_ex_housing
E02004872,10.95176243294335,imd_ex_housing
E02004893,4.676659533110267,imd_ex_housing
E02004918,10.28170827613135,imd_ex_housing
E02004940,12.981216786806687,imd_ex_housing
E02004967,27.061906110045452,imd_ex_housing
E02004976,26.529939009112937,imd_ex_housing
E02005005,10.043332145780912,imd_ex_housing
E02005052,33.42981134485175,imd_ex_housing
E02005057,24.67646397862438,imd_ex_housing
E02005089,9.28808269047025,imd_ex_housing
E02005102,10.177611538728833,imd_ex_housing
E02005109,6.6364047302636,imd_ex_housing
E02005127,8.538456902284398,imd_ex_housing
E02005163,8.712427805866856,imd_ex_housing
E02005181,40.24661642599344,imd_ex_housing
E02005197,34.69672102390856,imd_ex_housing
E02005204,13.930939846124836,imd_ex_housing
E02005225,9.42203583849615,imd_ex_housing
E02005277,3.7764809041076024,imd_ex_housing
E02005280,33.61497351661729,imd_ex_housing
E02005281,26.70763843524783,imd_ex_housing
E02005296,5.8174912464461235,imd_ex_housing
E02005298,12.226838985646697,imd_ex_housing
E02005306,15.652284917101857,imd_ex_housing
E02005313,44.71729339160066,imd_ex_housing
E02005318,14.92724591714346,imd_ex_housing
E02005320,26.718962425066646,imd_ex_housing
E02005342,9.239833724691021,imd_ex_housing
E02005363,9.132913690629614,imd_ex_housing
E02005386,22.46652734555963,imd_ex_housing
E02005388,21.104450274966712,imd_ex_housing
E02005392,6.334449973502491,imd_ex_housing
E02005396,8.946593957553231,imd_ex_housing
E02005398,8.182612346538734,imd_ex_housing
E02005419,31.664699656990432,imd_ex_housing
E02005443,26.434214645667577,imd_ex_housing
E02005490,14.466777185014452,imd_ex_housing
E02005526,7.99342752125401,imd_ex_housing
E02005556,14.660163539586081,imd_ex_housing
E02005585,45.36799197077784,imd_ex_housing
E02005602,7.235905945689256,imd_ex_housing
E02005628,9.434799959393484,imd_ex_housing
E02005634,18.26815643018596,imd_ex_housing
E02005644,37.4541858350473,imd_ex_housing
E02005645,21.762732949184905,imd_ex_housing
E02005647,26.82505631206326,imd_ex_housing
E02005666,50.50416895555468,imd_ex_housing
E02005673,25.445014997827567,imd_ex_housing
E02005677,15.328466891632301,imd_ex_housing
E02005684,4.8562021867355005,imd_ex_housing
E02005699,29.974228037321375,imd_ex_housing
E02005733,12.049662177022057,imd_ex_housing
E02005750,14.154887200920243,imd_ex_housing
E02005772,3.3139180407068793,imd_ex_housing
E02005779,6.182666353978151,imd_ex_housing
E02005781,3.549886835816608,imd_ex_housing
E02005786,10.683076350970126,imd_ex_housing
E02005823,51.594538009012076,imd_ex_housing
E02005862,18.148585686339153,imd_ex_housing
E02005871,9.566291751811653,imd_ex_housing
E02005875,15.579569018663541,imd_ex_housing
E02005892,8.479693259482353,imd_ex_housing
E02005906,5.899612685304865,imd_ex_housing
E02005914,14.100641755330777,imd_ex_housing
E02005946,10.532058731563822,imd_ex_housing
E02005960,5.888907587235444,imd_ex_housing
E02005973,8.520414482941893,imd_ex_housing
E02006018,19.566148404344588,imd_ex_housing
E02006045,19.70194921057698,imd_ex_housing
E02006118,10.106793448545044,imd_ex_housing
E02006120,22.406476931871065,imd_ex_housing
E02006129,35.70666329466869,imd_ex_housing
E02006164,38.66459626452302,imd_ex_housing
E02006169,15.50333962385192,imd_ex_housing
E02006218,31.228355340984024,imd_ex_housing
E02006225,7.397205916600737,imd_ex_housing
E02006287,15.724877641683316,imd_ex_housing
E02006320,19.871343916829115,imd_ex_housing
E02006321,3.7832892727858423,imd_ex_housing
E02006325,2.454812477325397,imd_ex_housing
E02006333,9.48660612155177,imd_ex_housing
E02006357,8.452880404621824,imd_ex_housing
E02006396,11.044486130169224,imd_ex_housing
E02006408,12.50525967733181,imd_ex_housing
E02006433,4.857408459619774,imd_ex_housing
E02006439,5.948083145020025,imd_ex_housing
E02006447,3.987928642622707,imd_ex_housing
E02006451,5.097192633774695,imd_ex_housing
E02006462,10.690209417205223,imd_ex_housing
E02006469,19.772705285117574,imd_ex_housing
E02006480,35.835122300341986,imd_ex_housing
E02006506,14.701904679847342,imd_ex_housing
E02006550,17.748021103953146,imd_ex_housing
E02006563,8.37617768481465,imd_ex_housing
E02006584,24.58692456161089,imd_ex_housing
E02006602,6.989853732467721,imd_ex_housing
E02006611,2.587050312915373,imd_ex_housing
E02006625,13.950139098650258,imd_ex_housing
E02006631,32.43583057134699,imd_ex_housing
E02006632,11.370577171388106,imd_ex_housing
E02006633,9.393264806970425,imd_ex_housing
E02006642,8.500178844990499,imd_ex_housing
E02006728,7.336312599254333,imd_ex_housing
E02006741,5.352740773247698,imd_ex_housing
E02006767,14.97151529379096,imd_ex_housing
E02006798,39.063284698596824,imd_ex_housing
E02006813,37.72024694977217,imd_ex_housing
E02006818,11.018819356514351,imd_ex_housing
E02006819,53.08490803039672,imd_ex_housing
E02006849,5.257550426236789,imd_ex_housing
E02006857,18.871495156159394,imd_ex_housing
E02007001,43.182185687890005,imd_ex_housing
E02006861,19.6940636228776,imd_ex_housing
E02006862,20.304675406068817,imd_ex_housing
E02006871,23.069613163322717,imd_ex_housing
E02006880,32.06347273032374,imd_ex_housing
E02006930,18.499624637811316,imd_ex_housing
E02000008,34.80119901589059,imd_ex_housing
E02000018,36.80182991148542,imd_ex_housing
E02000036,15.934332588826942,imd_ex_housing
E02000055,15.89228199017004,imd_ex_housing
E02000065,18.556883497590395,imd_ex_housing
E02000066,29.38554511564264,imd_ex_housing
E02000080,12.804885466147283,imd_ex_housing
E02000131,25.914425524121995,imd_ex_housing
E02000171,18.698109422124507,imd_ex_housing
E02000182,18.05837008082764,imd_ex_housing
E02000191,16.751321238270435,imd_ex_housing
E02000192,29.71030638456156,imd_ex_housing
E02000214,9.764492311252793,imd_ex_housing
E02000215,22.926413984881982,imd_ex_housing
E02000221,26.355091332301996,imd_ex_housing
E02000225,31.906964485866197,imd_ex_housing
E02000245,35.07274602257762,imd_ex_housing
E02006968,14.53882375265929,imd_ex_housing
E02000283,31.541242968550975,imd_ex_housing
E02000285,11.376185306341087,imd_ex_housing
E02000313,32.06088357662459,imd_ex_housing
E02000321,35.708797813666685,imd_ex_housing
E02000324,31.087383935613392,imd_ex_housing
E02000389,11.787521438435787,imd_ex_housing
E02000391,18.599828104506198,imd_ex_housing
E02000401,41.631862682128286,imd_ex_housing
E02000407,44.119506301474644,imd_ex_housing
E02000424,20.397648220768946,imd_ex_housing
E02000425,25.926343670826597,imd_ex_housing
E02000429,11.549583699397665,imd_ex_housing
E02000432,24.122176745997997,imd_ex_housing
E02000451,5.657795456849406,imd_ex_housing
E02000452,16.63063213735411,imd_ex_housing
E02000462,16.44267440673484,imd_ex_housing
E02000469,31.386600427404336,imd_ex_housing
E02000503,6.363779244800072,imd_ex_housing
E02000543,17.593606519424604,imd_ex_housing
E02000554,41.40432245557498,imd_ex_housing
E02000568,38.01868010428274,imd_ex_housing
E02000576,32.18296067533133,imd_ex_housing
E02000588,10.335604703780021,imd_ex_housing
E02000594,12.42190925824963,imd_ex_housing
E02000606,9.00544423644339,imd_ex_housing
E02000632,21.75881048604156,imd_ex_housing
E02007008,37.37955779861158,imd_ex_housing
E02000671,22.036443136796052,imd_ex_housing
E02000672,34.299080481433876,imd_ex_housing
E02000695,15.47163758269723,imd_ex_housing
E02000700,23.99451538185223,imd_ex_housing
E02000720,23.51725679575663,imd_ex_housing
E02000763,19.02878653745512,imd_ex_housing
E02000773,16.324696405528417,imd_ex_housing
E02007020,25.878714317054143,imd_ex_housing
E02000820,30.20661433255865,imd_ex_housing
E02000828,37.81030274199277,imd_ex_housing
E02000903,39.500006306538275,imd_ex_housing
E02000905,23.776673924014197,imd_ex_housing
E02000918,26.56677341140403,imd_ex_housing
E02000919,22.069883834314314,imd_ex_housing
E02000920,31.298891358228648,imd_ex_housing
E02000937,9.802155205310079,imd_ex_housing
E02000954,18.557142818245946,imd_ex_housing
E02000983,26.5696603127219,imd_ex_housing
E02000989,9.181498882753795,imd_ex_housing
E02001022,22.018784073127144,imd_ex_housing
E02001035,10.336460793668836,imd_ex_housing
E02001079,39.8840702263991,imd_ex_housing
E02001106,25.316764139881897,imd_ex_housing
E02001111,74.22205929985164,imd_ex_housing
E02001116,41.78445863658958,imd_ex_housing
E02001165,28.996552220276197,imd_ex_housing
E02001185,28.86992235043117,imd_ex_housing
E02001203,4.720931886893614,imd_ex_housing
E02001221,6.000184907736126,imd_ex_housing
E02001262,27.371549875615955,imd_ex_housing
E02001266,24.647088795497297,imd_ex_housing
E02001284,3.6396524546726914,imd_ex_housing
E02001292,13.933802471587933,imd_ex_housing
E02001293,17.982209127196782,imd_ex_housing
E02001314,12.875368597895957,imd_ex_housing
E02001320,27.78512192952605,imd_ex_housing
E02001378,40.89831747280208,imd_ex_housing
E02001389,57.26218264613213,imd_ex_housing
E02001412,23.088624864013262,imd_ex_housing
E02001417,59.47329427277244,imd_ex_housing
E02001431,22.562806127488553,imd_ex_housing
E02001439,26.5856401922215,imd_ex_housing
E02001444,12.073403105997807,imd_ex_housing
E02001453,12.676830437922906,imd_ex_housing
E02001482,80.89622869337211,imd_ex_housing
E02001491,50.82639287318844,imd_ex_housing
E02001498,15.912072808770096,imd_ex_housing
E02001500,13.182185281602354,imd_ex_housing
E02001507,5.8175130117295515,imd_ex_housing
E02001528,35.207574616723356,imd_ex_housing
E02001542,49.88504592968372,imd_ex_housing
E02001610,13.100904635354865,imd_ex_housing
E02001613,22.890218984487838,imd_ex_housing
E02001637,59.68835097341681,imd_ex_housing
E02001643,6.341257913593997,imd_ex_housing
E02001647,24.370973097619782,imd_ex_housing
E02001649,66.38404648626945,imd_ex_housing
E02001672,18.656764568639367,imd_ex_housing
E02001695,14.405982935822035,imd_ex_housing
E02007095,14.913767437918821,imd_ex_housing
E02001712,8.685307889547962,imd_ex_housing
E02001713,9.902584389172134,imd_ex_housing
E02001719,12.658848019872766,imd_ex_housing
E02007100,21.624991455468976,imd_ex_housing
E02001747,9.0675042851526,imd_ex_housing
E02001771,33.12190075021075,imd_ex_housing
E02001786,37.44700550896524,imd_ex_housing
E02001810,21.063993329743194,imd_ex_housing
E02001812,11.151591222233726,imd_ex_housing
E02001820,27.458270199693494,imd_ex_housing
E02001836,10.533375687106949,imd_ex_housing
E02001839,25.967482784511947,imd_ex_housing
E02001848,45.35778336374495,imd_ex_housing
E02001868,26.866701042151963,imd_ex_housing
E02001875,53.36677903419089,imd_ex_housing
E02001880,58.86856132295563,imd_ex_housing
E02001886,31.045576549370832,imd_ex_housing
E02001906,26.069745461326878,imd_ex_housing
E02001937,44.65143864822751,imd_ex_housing
E02001941,47.25718185885098,imd_ex_housing
E02001966,45.82922893445914,imd_ex_housing
E02001968,27.92094122095916,imd_ex_housing
E02001986,40.339768226462155,imd_ex_housing
E02001987,23.22827065347451,imd_ex_housing
E02002022,32.568472641065995,imd_ex_housing
E02002045,31.771039885120576,imd_ex_housing
E02002051,54.37229157935194,imd_ex_housing
E02002071,36.787182942558005,imd_ex_housing
E02002079,30.35737767696264,imd_ex_housing
E02002083,11.797024504757834,imd_ex_housing
E02002109,3.3373725705412607,imd_ex_housing
E02002112,19.134282161876797,imd_ex_housing
E02002139,55.279911460058436,imd_ex_housing
E02002143,44.10331442832181,imd_ex_housing
E02002145,43.678357592123454,imd_ex_housing
E02002155,55.85751873718341,imd_ex_housing
E02002169,12.791431515214246,imd_ex_housing
E02002176,26.27040495632766,imd_ex_housing
E02002178,20.151270896627206,imd_ex_housing
E02002239,34.71361893814103,imd_ex_housing
E02002246,9.476420642844149,imd_ex_housing
E02002262,24.167331643149577,imd_ex_housing
E02002285,14.332138861220082,imd_ex_housing
E02002299,55.99637340900858,imd_ex_housing
E02002312,29.765452765600404,imd_ex_housing
E02002339,28.044245329993835,imd_ex_housing
E02002341,2.9895147291576536,imd_ex_housing
E02002356,8.531065140607332,imd_ex_housing
E02002373,15.142599661394252,imd_ex_housing
E02002382,69.3009581278791,imd_ex_housing
E02002396,30.751247096827843,imd_ex_housing
E02002398,15.943863260029039,imd_ex_housing
E02002429,19.080570017816427,imd_ex_housing
E02002450,20.364767596901597,imd_ex_housing
E02002468,15.03548371883372,imd_ex_housing
E02002479,34.932546722920016,imd_ex_housing
E02002516,30.453130884998906,imd_ex_housing
E02002526,27.691799555820733,imd_ex_housing
E02002542,45.58286807872341,imd_ex_housing
E02002561,15.841942230878319,imd_ex_housing
E02002570,41.75937537239562,imd_ex_housing
E02002577,48.127469216976344,imd_ex_housing
E02002588,47.08574539466537,imd_ex_housing
E02002608,9.850067585575507,imd_ex_housing
E02002615,24.220372803199783,imd_ex_housing
E02002631,18.94655439607026,imd_ex_housing
E02002654,75.0714242581203,imd_ex_housing
E02002658,18.60928663994267,imd_ex_housing
E02002672,64.04123246438786,imd_ex_housing
E02002691,10.546775180826627,imd_ex_housing
E02002723,23.81870158151944,imd_ex_housing
E02002733,29.124619004922742,imd_ex_housing
E02002765,30.886678843809413,imd_ex_housing
E02002768,11.181140535399964,imd_ex_housing
E02002822,20.14086896220976,imd_ex_housing
E02002828,20.590483552328187,imd_ex_housing
E02002853,24.184650472506807,imd_ex_housing
E02002854,48.93696116505037,imd_ex_housing
E02002861,64.75033588466265,imd_ex_housing
E02002875,40.704232037588696,imd_ex_housing
E02002878,70.48689978830417,imd_ex_housing
E02002884,44.22475396203407,imd_ex_housing
E02002885,55.716067355001,imd_ex_housing
E02002904,38.722277677814745,imd_ex_housing
E02002911,13.09167892206854,imd_ex_housing
E02002914,15.742629576817077,imd_ex_housing
E02002961,52.01388313068802,imd_ex_housing
E02002978,52.63173271451392,imd_ex_housing
E02003016,31.34976474347636,imd_ex_housing
E02003024,30.38270298330299,imd_ex_housing
E02003038,27.41230994245838,imd_ex_housing
E02003046,20.975667221794694,imd_ex_housing
E02003048,23.974083736813945,imd_ex_housing
E02003056,58.98272526588808,imd_ex_housing
E02003060,24.55828519811323,imd_ex_housing
E02003072,9.469791537278926,imd_ex_housing
E02003073,2.694430131397495,imd_ex_housing
E02003115,21.570988575543574,imd_ex_housing
E02003131,26.26866928300724,imd_ex_housing
E02003140,10.613364174088806,imd_ex_housing
E02003145,26.673679274927046,imd_ex_housing
E02003146,24.90615539331333,imd_ex_housing
E02003147,62.83993529259793,imd_ex_housing
E02003153,9.973299886017376,imd_ex_housing
E02003191,10.241601281834487,imd_ex_housing
E02003197,13.255087518533712,imd_ex_housing
E02003212,10.495549856785352,imd_ex_housing
E02003232,10.408809223037268,imd_ex_housing
E02003242,19.917823286077688,imd_ex_housing
E02003271,12.567606901699264,imd_ex_housing
E02003290,20.721098447250736,imd_ex_housing
E02003347,11.16086938236035,imd_ex_housing
E02003359,10.625506458927727,imd_ex_housing
E02003360,12.287911795307199,imd_ex_housing
E02003381,6.536352233970775,imd_ex_housing
E02003390,1.5567276056835657,imd_ex_housing
E02003397,23.250257807296244,imd_ex_housing
E02003398,19.836891338580983,imd_ex_housing
E02003403,21.041332634324384,imd_ex_housing
E02003422,6.375829539444771,imd_ex_housing
E02003428,8.431228955574143,imd_ex_housing
E02003435,4.188211731317623,imd_ex_housing
E02003445,4.848600870124599,imd_ex_housing
E02003453,0.6324719310112928,imd_ex_housing
E02003470,43.7096193679654,imd_ex_housing
E02003479,25.389895174269213,imd_ex_housing
E02003521,34.32847517714831,imd_ex_housing
E02003571,24.013939290132996,imd_ex_housing
E02007074,28.92165126139673,imd_ex_housing
E02003612,6.36113319806515,imd_ex_housing
E02003661,6.204075525015407,imd_ex_housing
E02003663,23.52771738144188,imd_ex_housing
E02003674,3.9466611529272035,imd_ex_housing
E02003697,3.00219369484637,imd_ex_housing
E02003715,2.207595749963481,imd_ex_housing
E02003717,4.962064592726335,imd_ex_housing
E02003733,9.52349017498008,imd_ex_housing
E02003744,35.772179954948655,imd_ex_housing
E02003751,15.412710428823447,imd_ex_housing
E02003770,8.807822294713121,imd_ex_housing
E02007085,3.9083665209725567,imd_ex_housing
E02003787,7.131795814286906,imd_ex_housing
E02003817,6.453186611116706,imd_ex_housing
E02003818,4.306604128842148,imd_ex_housing
E02003819,8.155478709329948,imd_ex_housing
E02003822,10.404056235012531,imd_ex_housing
E02003823,14.273176085981707,imd_ex_housing
E02007030,6.759678028181888,imd_ex_housing
E02003853,7.439353768212685,imd_ex_housing
E02003857,9.757916434321118,imd_ex_housing
E02003887,14.584927033618362,imd_ex_housing
E02003919,40.98033858623143,imd_ex_housing
E02003936,17.77765802382066,imd_ex_housing
E02003937,15.657260874174312,imd_ex_housing
E02003953,19.635272166401645,imd_ex_housing
E02003962,23.471126963596376,imd_ex_housing
E02003975,14.738815803005997,imd_ex_housing
E02004005,24.29695832263261,imd_ex_housing
E02004016,9.785683556290715,imd_ex_housing
E02004030,11.057890441949652,imd_ex_housing
E02004067,49.669542052086776,imd_ex_housing
E02004088,7.47247368441914,imd_ex_housing
E02004106,8.423487098796286,imd_ex_housing
E02004108,16.292192572583367,imd_ex_housing
E02004123,8.03046499037157,imd_ex_housing
E02004142,6.205106690101996,imd_ex_housing
E02004168,30.13080891549047,imd_ex_housing
E02004196,11.154004848669443,imd_ex_housing
E02004237,9.769186951532818,imd_ex_housing
E02004252,13.08837207170832,imd_ex_housing
E02004255,11.333468062452154,imd_ex_housing
E02004259,11.428987316938766,imd_ex_housing
E02004275,12.065359154485535,imd_ex_housing
E02004287,16.967777017231356,imd_ex_housing
E02004288,36.85755719833602,imd_ex_housing
E02004361,12.96378066526284,imd_ex_housing
E02004363,18.157149796444642,imd_ex_housing
E02004375,36.46842057126857,imd_ex_housing
E02004384,11.714220397794524,imd_ex_housing
E02004400,10.637975520462339,imd_ex_housing
E02004440,30.62020473582086,imd_ex_housing
E02004462,15.026846673557932,imd_ex_housing
E02004465,8.214824456290744,imd_ex_housing
E02004468,1.934267150388202,imd_ex_housing
E02004472,4.474661430062786,imd_ex_housing
E02004475,10.437783903792106,imd_ex_housing
E02004489,7.893604891064152,imd_ex_housing
E02004497,6.121739306897721,imd_ex_housing
E02004521,24.985526253393584,imd_ex_housing
E02004534,20.828524573756642,imd_ex_housing
E02004574,30.112380768309237,imd_ex_housing
E02004607,14.138560449910383,imd_ex_housing
E02004611,4.7256237862571675,imd_ex_housing
E02004615,6.823621328453087,imd_ex_housing
E02004627,15.799277129609715,imd_ex_housing
E02004641,9.181591231589062,imd_ex_housing
E02004651,9.542737865085842,imd_ex_housing
E02004672,7.881505670526485,imd_ex_housing
E02004677,6.799665555444712,imd_ex_housing
E02004683,18.788551912834475,imd_ex_housing
E02004685,15.245864247402816,imd_ex_housing
E02004687,22.59057498138775,imd_ex_housing
E02004690,6.793827547891728,imd_ex_housing
E02004700,12.1443709297778,imd_ex_housing
E02004708,11.506582316710036,imd_ex_housing
E02004722,11.961898267561041,imd_ex_housing
E02004728,7.261655571090628,imd_ex_housing
E02004730,5.00577121040008,imd_ex_housing
E02004803,28.250012935582994,imd_ex_housing
E02004813,26.2853011625677,imd_ex_housing
E02004824,12.832209582023722,imd_ex_housing
E02004828,4.078108001846984,imd_ex_housing
E02004830,5.988576482325096,imd_ex_housing
E02004852,16.48200632478694,imd_ex_housing
E02004914,17.085213282937442,imd_ex_housing
E02004933,2.2590366084953617,imd_ex_housing
E02004939,11.97980377389752,imd_ex_housing
E02004951,29.238617925397524,imd_ex_housing
E02004964,13.090307576126111,imd_ex_housing
E02004970,19.195569376786658,imd_ex_housing
E02004977,15.062258337313184,imd_ex_housing
E02004979,10.04661001577928,imd_ex_housing
E02004981,7.690317962157395,imd_ex_housing
E02004985,8.049606565031862,imd_ex_housing
E02005018,14.765043013419923,imd_ex_housing
E02005036,27.653206294711826,imd_ex_housing
E02005040,7.053820370503961,imd_ex_housing
E02005056,39.3561729356989,imd_ex_housing
E02005068,7.373861996120818,imd_ex_housing
E02005069,7.431063290369517,imd_ex_housing
E02005074,4.37578895480245,imd_ex_housing
E02005101,9.305365789565828,imd_ex_housing
E02005151,11.287194308555955,imd_ex_housing
E02005159,8.323753266489744,imd_ex_housing
E02005186,17.872410213301745,imd_ex_housing
E02005195,10.195458342745802,imd_ex_housing
E02005196,15.031113220747766,imd_ex_housing
E02005207,13.506802256893607,imd_ex_housing
E02005218,32.8888823461295,imd_ex_housing
E02005220,18.81429348970321,imd_ex_housing
E02005228,32.450736222406654,imd_ex_housing
E02005255,7.446132738649371,imd_ex_housing
E02005263,36.95980003669924,imd_ex_housing
E02005288,10.722348954443293,imd_ex_housing
E02005334,7.751987270478745,imd_ex_housing
E02005355,8.538667041204446,imd_ex_housing
E02005387,14.761650021928165,imd_ex_housing
E02005428,50.803566370070484,imd_ex_housing
E02005435,38.33908688126938,imd_ex_housing
E02005464,13.422207213510395,imd_ex_housing
E02005496,17.478105854930227,imd_ex_housing
E02005500,9.015550660499478,imd_ex_housing
E02005518,13.473907728646065,imd_ex_housing
E02005553,18.52801187837156,imd_ex_housing
E02005558,22.837161560892408,imd_ex_housing
E02005576,19.178397818362118,imd_ex_housing
E02005592,9.803260973014348,imd_ex_housing
E02005593,21.99459974969774,imd_ex_housing
E02005599,7.179427279130518,imd_ex_housing
E02005619,7.926495827825137,imd_ex_housing
E02005624,11.756022069926193,imd_ex_housing
E02005640,12.946489684318875,imd_ex_housing
E02005651,8.274493327989815,imd_ex_housing
E02005661,37.92262915588364,imd_ex_housing
E02005675,32.415239960279436,imd_ex_housing
E02005688,5.536978519059818,imd_ex_housing
E02005718,11.529798219619172,imd_ex_housing
E02005825,28.801000494160924,imd_ex_housing
E02005827,19.42808459857524,imd_ex_housing
E02005828,20.337361829443395,imd_ex_housing
E02005846,62.66114541375166,imd_ex_housing
E02005877,18.894430304660073,imd_ex_housing
E02005884,19.937822699822394,imd_ex_housing
E02005891,54.2051646531026,imd_ex_housing
E02005916,8.723339068370867,imd_ex_housing
E02005943,6.2854304786028985,imd_ex_housing
E02007116,16.950829885658173,imd_ex_housing
E02005963,14.431085875738788,imd_ex_housing
E02005982,3.7992653690689715,imd_ex_housing
E02006020,13.976465217825238,imd_ex_housing
E02006053,20.256169601536552,imd_ex_housing
E02006080,8.481846852382146,imd_ex_housing
E02006098,10.981145721876091,imd_ex_housing
E02006100,10.880081450049818,imd_ex_housing
E02006103,10.048069760742113,imd_ex_housing
E02006136,9.154402907340799,imd_ex_housing
E02006174,9.362622403356143,imd_ex_housing
E02006210,13.479142867670973,imd_ex_housing
E02006247,28.725975931704884,imd_ex_housing
E02006297,3.1262826440675098,imd_ex_housing
E02006309,36.010010857263886,imd_ex_housing
E02006313,20.870315860770294,imd_ex_housing
E02006329,6.619271340800132,imd_ex_housing
E02006370,5.17153524322575,imd_ex_housing
E02006398,14.59720608780975,imd_ex_housing
E02006416,5.252166830057935,imd_ex_housing
E02006436,13.844019922661698,imd_ex_housing
E02006444,6.2742533747526394,imd_ex_housing
E02006474,17.03901011743619,imd_ex_housing
E02006488,13.898177501916749,imd_ex_housing
E02006502,12.012525908148875,imd_ex_housing
E02006547,16.12407794822619,imd_ex_housing
E02006551,9.364950234464015,imd_ex_housing
E02006581,20.14150807026793,imd_ex_housing
E02006587,26.7532489598707,imd_ex_housing
E02006588,12.496937111349942,imd_ex_housing
E02006594,6.858531057258516,imd_ex_housing
E02006610,7.407932931942434,imd_ex_housing
E02006616,7.5013063055366285,imd_ex_housing
E02006622,14.303464121789483,imd_ex_housing
E02006649,16.829503783667978,imd_ex_housing
E02006653,10.434391008389284,imd_ex_housing
E02006674,16.39703654029473,imd_ex_housing
E02006692,12.759925361554824,imd_ex_housing
E02006699,10.29461103148391,imd_ex_housing
E02006713,16.640977459911436,imd_ex_housing
E02006724,34.93711863768392,imd_ex_housing
E02006725,24.519345433304114,imd_ex_housing
E02006729,17.874014608487585,imd_ex_housing
E02006735,54.754982900810575,imd_ex_housing
E02006762,13.575475821585004,imd_ex_housing
E02006763,12.534201701607419,imd_ex_housing
E02006787,11.560347548389574,imd_ex_housing
E02006806,23.250552914703565,imd_ex_housing
E02006807,14.611759104211778,imd_ex_housing
E02006816,6.642528935803939,imd_ex_housing
E02006838,3.938936899926725,imd_ex_housing
E02006876,37.489130492588494,imd_ex_housing
E02006894,45.04724568466798,imd_ex_housing
E02006917,18.26376790984389,imd_ex_housing
E02000013,37.494979386502216,imd_ex_housing
E02000029,17.025527031663398,imd_ex_housing
E02000030,11.471277598545502,imd_ex_housing
E02000050,18.362124012203946,imd_ex_housing
E02000125,18.440161035612395,imd_ex_housing
E02000136,18.212389846168783,imd_ex_housing
E02000140,36.37433187608929,imd_ex_housing
E02000152,25.006816833598606,imd_ex_housing
E02000169,8.284103435897702,imd_ex_housing
E02000180,30.716196618174944,imd_ex_housing
E02000187,40.85821179581252,imd_ex_housing
E02000219,8.082018877095312,imd_ex_housing
E02000255,21.04727185457687,imd_ex_housing
E02000261,25.23433829646655,imd_ex_housing
E02000272,8.521444407700628,imd_ex_housing
E02000289,8.988554461830217,imd_ex_housing
E02000302,18.4817206872741,imd_ex_housing
E02000305,14.656626629759511,imd_ex_housing
E02000317,34.52409797902757,imd_ex_housing
E02000323,33.096289554921924,imd_ex_housing
E02000333,13.00351522443835,imd_ex_housing
E02000335,10.720896489282255,imd_ex_housing
E02000362,45.65112502375787,imd_ex_housing
E02000364,28.959958265786042,imd_ex_housing
E02000370,32.28484126697594,imd_ex_housing
E02000398,52.95957724496107,imd_ex_housing
E02000433,9.59177241630846,imd_ex_housing
E02000434,12.317548689824553,imd_ex_housing
E02000448,5.11207636401192,imd_ex_housing
E02000449,15.776662276488022,imd_ex_housing
E02000459,18.374513852630894,imd_ex_housing
E02000470,13.737370346326761,imd_ex_housing
E02000495,11.384940531034202,imd_ex_housing
E02000521,27.310276358406465,imd_ex_housing
E02000532,14.929047867632889,imd_ex_housing
E02000556,33.353498639677966,imd_ex_housing
E02000561,19.920992509690564,imd_ex_housing
E02000562,29.31998604909797,imd_ex_housing
E02000563,40.89871398687721,imd_ex_housing
E02000567,31.383120341527704,imd_ex_housing
E02000600,8.5616066871623,imd_ex_housing
E02000608,13.381683194211659,imd_ex_housing
E02000650,33.04995647299608,imd_ex_housing
E02000655,30.62974582581927,imd_ex_housing
E02000674,19.566826116519394,imd_ex_housing
E02006997,28.259357817582288,imd_ex_housing
E02000732,35.24370374279418,imd_ex_housing
E02000755,17.686712397036764,imd_ex_housing
E02000759,15.901657745676463,imd_ex_housing
E02000883,51.69277189361532,imd_ex_housing
E02000900,28.578341137669,imd_ex_housing
E02000908,24.304212140151396,imd_ex_housing
E02000909,25.012152706068846,imd_ex_housing
E02000931,9.987424217435311,imd_ex_housing
E02000956,25.039115294554957,imd_ex_housing
E02000957,21.465728093824833,imd_ex_housing
E02000966,17.40225796733605,imd_ex_housing
E02000981,17.96313436248709,imd_ex_housing
E02001007,21.353720772613343,imd_ex_housing
E02001023,18.269785925091135,imd_ex_housing
E02001056,69.12661556347531,imd_ex_housing
E02001070,32.61318632873078,imd_ex_housing
E02001076,25.6050850065791,imd_ex_housing
E02001095,51.38137488249198,imd_ex_housing
E02001128,29.984746871992247,imd_ex_housing
E02001130,20.621040078805237,imd_ex_housing
E02001136,24.27958845224137,imd_ex_housing
E02001183,38.96058445108858,imd_ex_housing
E02006963,34.81284429340321,imd_ex_housing
E02001186,25.951227487294666,imd_ex_housing
E02001202,40.45369592584524,imd_ex_housing
E02001235,28.589903458733616,imd_ex_housing
E02001271,17.976150512436533,imd_ex_housing
E02001299,23.65856081592938,imd_ex_housing
E02001322,18.028114839912476,imd_ex_housing
E02001325,12.303814009518165,imd_ex_housing
E02001380,21.053469620747087,imd_ex_housing
E02001386,56.79304617760764,imd_ex_housing
E02001410,32.32190633734016,imd_ex_housing
E02001458,25.41472974464695,imd_ex_housing
E02001468,35.10173555804697,imd_ex_housing
E02001484,18.241709202547852,imd_ex_housing
E02001486,28.40506809873818,imd_ex_housing
E02001511,27.79793797651557,imd_ex_housing
E02001541,30.98526693732158,imd_ex_housing
E02001562,31.8937950784839,imd_ex_housing
E02001575,16.079211111806394,imd_ex_housing
E02001594,65.73847232014407,imd_ex_housing
E02001607,26.00528137185072,imd_ex_housing
E02001653,47.86717844133819,imd_ex_housing
E02001688,37.76090694664698,imd_ex_housing
E02001691,34.60741136920743,imd_ex_housing
E02001694,19.229946582452087,imd_ex_housing
E02007103,58.96744302828798,imd_ex_housing
E02001734,51.11127737122963,imd_ex_housing
E02001764,50.05675452268679,imd_ex_housing
E02001768,34.190404251786525,imd_ex_housing
E02001779,44.76069184021977,imd_ex_housing
E02001782,33.75655618809749,imd_ex_housing
E02001788,29.07964552981639,imd_ex_housing
E02001791,8.473229562446,imd_ex_housing
E02001802,54.043014112985695,imd_ex_housing
E02001805,23.597433406063722,imd_ex_housing
E02001814,30.292899798300937,imd_ex_housing
E02001840,53.81189075942272,imd_ex_housing
E02001841,6.081771187688428,imd_ex_housing
E02001842,19.38222556139869,imd_ex_housing
E02001843,22.67279555442657,imd_ex_housing
E02001846,42.42130632081764,imd_ex_housing
E02001850,23.914297028850154,imd_ex_housing
E02001852,40.66522852683626,imd_ex_housing
E02001861,49.574082812642786,imd_ex_housing
E02007038,59.51705947010379,imd_ex_housing
E02001882,41.06139090064465,imd_ex_housing
E02001895,49.717275413291794,imd_ex_housing
E02001913,26.40194673361013,imd_ex_housing
E02001948,26.062070351920994,imd_ex_housing
E02001962,40.016937309084,imd_ex_housing
E02002006,30.956029079234796,imd_ex_housing
E02002012,42.001976336246045,imd_ex_housing
E02002013,10.09743133459455,imd_ex_housing
E02002029,12.260813512978135,imd_ex_housing
E02002052,41.70736828959208,imd_ex_housing
E02002066,41.1504534700218,imd_ex_housing
E02002081,16.70441707581118,imd_ex_housing
E02002082,47.851797879369045,imd_ex_housing
E02002087,50.90126724251583,imd_ex_housing
E02002103,7.7612864805251,imd_ex_housing
E02002115,36.35838022000063,imd_ex_housing
E02002133,34.67477305890911,imd_ex_housing
E02002135,45.66095423058568,imd_ex_housing
E02002182,33.87992841751905,imd_ex_housing
E02002183,5.816697382326258,imd_ex_housing
E02002185,5.808736103927571,imd_ex_housing
E02002191,50.49317628972777,imd_ex_housing
E02002197,20.790867084310616,imd_ex_housing
E02002198,19.173842910691025,imd_ex_housing
E02002204,12.521009500524697,imd_ex_housing
E02002220,52.84535479953732,imd_ex_housing
E02002224,55.32997837601772,imd_ex_housing
E02002230,59.67366306080295,imd_ex_housing
E02002250,17.202336279188984,imd_ex_housing
E02002261,23.38076855335993,imd_ex_housing
E02002263,25.26087242845015,imd_ex_housing
E02002272,27.03069243193176,imd_ex_housing
E02002288,33.44235947604496,imd_ex_housing
E02002290,12.059484988703373,imd_ex_housing
E02002293,46.99432400453964,imd_ex_housing
E02002345,4.866391536739867,imd_ex_housing
E02002362,41.81025612150895,imd_ex_housing
E02002376,58.052126174882275,imd_ex_housing
E02002418,16.033382286276535,imd_ex_housing
E02002431,27.57787089060715,imd_ex_housing
E02002459,29.30147294043223,imd_ex_housing
E02002466,18.29611047412653,imd_ex_housing
E02002472,12.067467912432338,imd_ex_housing
E02002482,45.788847776756356,imd_ex_housing
E02002491,41.416956708740734,imd_ex_housing
E02002520,13.221871407983707,imd_ex_housing
E02002534,6.449737738178638,imd_ex_housing
E02002536,26.76754647572638,imd_ex_housing
E02002537,43.02314369538753,imd_ex_housing
E02002572,41.40270915164407,imd_ex_housing
E02002586,57.33983232463874,imd_ex_housing
E02002611,6.554635152108423,imd_ex_housing
E02002621,49.04769796837525,imd_ex_housing
E02002657,25.461130606007565,imd_ex_housing
E02002665,17.18753021415203,imd_ex_housing
E02002680,63.386298102690006,imd_ex_housing
E02002687,44.663043195097025,imd_ex_housing
E02002714,15.35347401735132,imd_ex_housing
E02002785,5.136501052342495,imd_ex_housing
E02002848,40.7196843365738,imd_ex_housing
E02002891,30.680372854837426,imd_ex_housing
E02002930,12.734206916799232,imd_ex_housing
E02002941,28.42401499253759,imd_ex_housing
E02002963,47.796707464338496,imd_ex_housing
E02002964,33.21668642977505,imd_ex_housing
E02002970,41.50572974558921,imd_ex_housing
E02002985,16.5099473878315,imd_ex_housing
E02003005,4.567526832048847,imd_ex_housing
E02003014,47.740618693049406,imd_ex_housing
E02003020,3.2214496639793078,imd_ex_housing
E02003032,28.463288787609187,imd_ex_housing
E02003054,19.906782584950694,imd_ex_housing
E02003064,72.63031445204969,imd_ex_housing
E02003074,8.835623360016381,imd_ex_housing
E02003091,9.705501105118918,imd_ex_housing
E02003098,3.537234933455819,imd_ex_housing
E02003119,16.902925341884828,imd_ex_housing
E02003137,8.495811125508556,imd_ex_housing
E02003170,25.752555126114505,imd_ex_housing
E02003206,10.37318747403733,imd_ex_housing
E02003234,19.974501240480752,imd_ex_housing
E02003246,47.07783008931064,imd_ex_housing
E02003255,20.923936665156702,imd_ex_housing
E02003257,48.593745374006545,imd_ex_housing
E02003292,50.88044831704396,imd_ex_housing
E02003293,38.80943648973982,imd_ex_housing
E02003320,17.459506150365716,imd_ex_housing
E02003342,12.066632061192246,imd_ex_housing
E02003349,10.541478757392793,imd_ex_housing
E02003353,2.4986685491870673,imd_ex_housing
E02003362,11.218050820601759,imd_ex_housing
E02003365,5.432403696268802,imd_ex_housing
E02003374,9.717691932558,imd_ex_housing
E02003385,16.246415923793528,imd_ex_housing
E02003393,8.11446771828857,imd_ex_housing
E02003402,16.321308382541098,imd_ex_housing
E02003409,18.14337387530843,imd_ex_housing
E02003412,14.983443816907352,imd_ex_housing
E02003458,5.2134069455429195,imd_ex_housing
E02003471,20.826778492984875,imd_ex_housing
E02003472,28.271414738040665,imd_ex_housing
E02003482,4.237446753036438,imd_ex_housing
E02003496,23.977681545348457,imd_ex_housing
E02003499,39.0529687386344,imd_ex_housing
E02003501,10.172968880911865,imd_ex_housing
E02003509,25.049308529466863,imd_ex_housing
E02003531,13.546167808440215,imd_ex_housing
E02003562,18.233857125063942,imd_ex_housing
E02003582,12.124012483814479,imd_ex_housing
E02003595,17.442144348987256,imd_ex_housing
E02003615,4.995499131686342,imd_ex_housing
E02003641,4.462245865274728,imd_ex_housing
E02003664,24.324213595610114,imd_ex_housing
E02003690,9.109745504332547,imd_ex_housing
E02003739,6.583697833472309,imd_ex_housing
E02003749,14.761914588942302,imd_ex_housing
E02003754,8.27795125056404,imd_ex_housing
E02003769,5.463714468593295,imd_ex_housing
E02003788,3.365319757264398,imd_ex_housing
E02003882,28.294014292265906,imd_ex_housing
E02003886,32.12408088614769,imd_ex_housing
E02003897,8.093064766510699,imd_ex_housing
E02003909,16.85821948682387,imd_ex_housing
E02003921,24.32737927451812,imd_ex_housing
E02003929,22.67102111475402,imd_ex_housing
E02003965,20.644943456868145,imd_ex_housing
E02003971,11.045285660151517,imd_ex_housing
E02003981,22.52001058804033,imd_ex_housing
E02003986,37.36125661406383,imd_ex_housing
E02004023,10.088507446137186,imd_ex_housing
E02004047,38.31377640684129,imd_ex_housing
E02004066,17.807663895502607,imd_ex_housing
E02004078,48.933218910527096,imd_ex_housing
E02004086,12.732268103486485,imd_ex_housing
E02004089,35.05654913813108,imd_ex_housing
E02004091,14.312576691911271,imd_ex_housing
E02004098,19.216364719093214,imd_ex_housing
E02004112,6.230602682150912,imd_ex_housing
E02004147,25.123464033051516,imd_ex_housing
E02004183,20.609284880185704,imd_ex_housing
E02004190,15.154777850569397,imd_ex_housing
E02004194,13.124992998956902,imd_ex_housing
E02004195,16.25426100222836,imd_ex_housing
E02004225,19.810231720183204,imd_ex_housing
E02004228,19.188747988117864,imd_ex_housing
E02004256,7.305242877379289,imd_ex_housing
E02004261,13.39794362488661,imd_ex_housing
E02004328,36.51883846772469,imd_ex_housing
E02004335,48.44953069684663,imd_ex_housing
E02004341,11.879301566388257,imd_ex_housing
E02007022,14.447397650780019,imd_ex_housing
E02004355,50.68566052184936,imd_ex_housing
E02004358,26.028568751735143,imd_ex_housing
E02004369,13.813371153897705,imd_ex_housing
E02004416,11.395153819644449,imd_ex_housing
E02004424,2.088711675418899,imd_ex_housing
E02004508,8.769558005693488,imd_ex_housing
E02007056,10.309930213467139,imd_ex_housing
E02004536,10.355277007897042,imd_ex_housing
E02004561,11.32642768129044,imd_ex_housing
E02004566,25.728828549845087,imd_ex_housing
E02004571,5.800179185225672,imd_ex_housing
E02004588,72.05911865282074,imd_ex_housing
E02004589,35.931699437673565,imd_ex_housing
E02004595,6.260434767782187,imd_ex_housing
E02004596,10.5951481024121,imd_ex_housing
E02004608,14.734489859634238,imd_ex_housing
E02004612,7.627129012543547,imd_ex_housing
E02004634,19.540669368693976,imd_ex_housing
E02004638,11.381767084464341,imd_ex_housing
E02004735,4.8668037022293715,imd_ex_housing
E02004742,24.7698577408354,imd_ex_housing
E02004752,2.8097931571387726,imd_ex_housing
E02004753,6.069401759518903,imd_ex_housing
E02004755,2.6352347225685087,imd_ex_housing
E02004790,15.623272127207128,imd_ex_housing
E02004807,15.035660007038167,imd_ex_housing
E02004837,2.559594326269738,imd_ex_housing
E02004860,14.90708067077951,imd_ex_housing
E02004861,3.4357197444533067,imd_ex_housing
E02004868,19.80514061105337,imd_ex_housing
E02004881,5.512855052008828,imd_ex_housing
E02004882,5.961213480003923,imd_ex_housing
E02004883,4.806257367819492,imd_ex_housing
E02004888,6.954680101080251,imd_ex_housing
E02004890,6.126068619906386,imd_ex_housing
E02004905,6.2222941749063,imd_ex_housing
E02004917,19.175134345179696,imd_ex_housing
E02004932,12.38406433845879,imd_ex_housing
E02004945,14.884901309599249,imd_ex_housing
E02004957,11.037935723648864,imd_ex_housing
E02004963,15.902367949606521,imd_ex_housing
E02004991,17.678925493760712,imd_ex_housing
E02005004,13.225947145647826,imd_ex_housing
E02005007,11.404036289897185,imd_ex_housing
E02005034,4.745168474206307,imd_ex_housing
E02005037,7.869358077507039,imd_ex_housing
E02005044,17.59423475245527,imd_ex_housing
E02005051,38.17135449837997,imd_ex_housing
E02005125,24.771207997417562,imd_ex_housing
E02005145,16.983315977602675,imd_ex_housing
E02005175,10.01196984340306,imd_ex_housing
E02005182,57.86187462640477,imd_ex_housing
E02005208,28.213165989656495,imd_ex_housing
E02005260,13.822062048324126,imd_ex_housing
E02005278,11.867692616742403,imd_ex_housing
E02005286,23.77360638409491,imd_ex_housing
E02005295,13.435831835003967,imd_ex_housing
E02005352,5.048289188688596,imd_ex_housing
E02005389,17.499891781724667,imd_ex_housing
E02005408,13.942022650839641,imd_ex_housing
E02005412,13.721578857386856,imd_ex_housing
E02005422,22.058924337274224,imd_ex_housing
E02005457,11.528106823672742,imd_ex_housing
E02005483,13.937485265534402,imd_ex_housing
E02005489,6.980555086769199,imd_ex_housing
E02005497,42.51445455252803,imd_ex_housing
E02005501,4.586095177791335,imd_ex_housing
E02005524,9.117323723608548,imd_ex_housing
E02005534,9.59320512180566,imd_ex_housing
E02005535,7.527062894435251,imd_ex_housing
E02005538,22.81401025767331,imd_ex_housing
E02005548,36.50859679403217,imd_ex_housing
E02005574,16.79359173467287,imd_ex_housing
E02007053,45.88837140274961,imd_ex_housing
E02005595,8.268514479008912,imd_ex_housing
E02005601,13.63319156235343,imd_ex_housing
E02005603,9.640616113512758,imd_ex_housing
E02005604,11.038836461340006,imd_ex_housing
E02005636,19.325478364729374,imd_ex_housing
E02005638,6.653038590572569,imd_ex_housing
E02007070,12.800914521726304,imd_ex_housing
E02005652,15.790415536597205,imd_ex_housing
E02005665,17.259570993406538,imd_ex_housing
E02005670,46.394475298700904,imd_ex_housing
E02005694,7.713406184060394,imd_ex_housing
E02005696,41.67436971902468,imd_ex_housing
E02005697,32.79595648567523,imd_ex_housing
E02005711,38.434566080208484,imd_ex_housing
E02007105,16.714242973688446,imd_ex_housing
E02005739,24.814863091837,imd_ex_housing
E02005740,33.209506433472285,imd_ex_housing
E02005747,24.572395584251787,imd_ex_housing
E02005752,10.596673630852198,imd_ex_housing
E02005756,6.230157841144729,imd_ex_housing
E02005767,2.9066432264721183,imd_ex_housing
E02005787,8.923549068815484,imd_ex_housing
E02005790,11.456597618950024,imd_ex_housing
E02005824,18.46320669612538,imd_ex_housing
E02005826,44.13114548812068,imd_ex_housing
E02005838,30.476744282503038,imd_ex_housing
E02005839,19.738814706902346,imd_ex_housing
E02005872,5.8780682946148906,imd_ex_housing
E02005885,33.615168825542014,imd_ex_housing
E02005887,45.11753462337113,imd_ex_housing
E02005901,17.832471208941644,imd_ex_housing
E02005938,10.612498322928602,imd_ex_housing
E02005947,15.863440329156724,imd_ex_housing
E02005994,5.878176385356176,imd_ex_housing
E02006017,15.606902028907639,imd_ex_housing
E02006027,13.882721815727564,imd_ex_housing
E02006035,9.885732330108837,imd_ex_housing
E02006038,9.330526696188025,imd_ex_housing
E02006039,11.619620533779123,imd_ex_housing
E02006065,27.276185818724812,imd_ex_housing
E02006068,41.806556731849966,imd_ex_housing
E02006134,8.73693111077339,imd_ex_housing
E02006148,5.922474739418458,imd_ex_housing
E02006157,16.532740649405223,imd_ex_housing
E02006177,12.117891578099307,imd_ex_housing
E02006182,4.554879078217151,imd_ex_housing
E02006198,5.255491088208525,imd_ex_housing
E02006200,34.414404141479324,imd_ex_housing
E02006230,10.164755072939228,imd_ex_housing
E02006260,36.34494970057238,imd_ex_housing
E02006290,16.801761804382444,imd_ex_housing
E02006291,9.234617518811843,imd_ex_housing
E02006294,11.727324979689454,imd_ex_housing
E02006303,43.532556284102206,imd_ex_housing
E02006318,4.6771792427101175,imd_ex_housing
E02006367,5.786340186413137,imd_ex_housing
E02006403,24.46982341997089,imd_ex_housing
E02006449,6.6953878268317535,imd_ex_housing
E02006493,15.231039695023846,imd_ex_housing
E02006510,9.306768347670538,imd_ex_housing
E02006531,24.28428643985461,imd_ex_housing
E02006548,11.705515418382271,imd_ex_housing
E02006558,32.37775152625328,imd_ex_housing
E02006595,3.481373632337517,imd_ex_housing
E02006599,2.4740785334420554,imd_ex_housing
E02006614,6.558177168088016,imd_ex_housing
E02006619,8.828436962930287,imd_ex_housing
E02006658,11.260755989584979,imd_ex_housing
E02006663,13.605469432837767,imd_ex_housing
E02006668,10.633467882401359,imd_ex_housing
E02006669,10.98108835844253,imd_ex_housing
E02006684,27.937504954803607,imd_ex_housing
E02006715,11.321756547313655,imd_ex_housing
E02006718,13.685268026150561,imd_ex_housing
E02006726,19.262436928698495,imd_ex_housing
E02006731,18.009703395480347,imd_ex_housing
E02006732,8.430478423608385,imd_ex_housing
E02006734,6.756423065740502,imd_ex_housing
E02006773,27.758801218196457,imd_ex_housing
E02006778,14.427241618132246,imd_ex_housing
E02006811,7.2406330430119334,imd_ex_housing
E02006835,18.697936558038688,imd_ex_housing
E02006863,12.262962870410787,imd_ex_housing
E02006865,11.027472762162583,imd_ex_housing
E02006882,10.387432532017892,imd_ex_housing
E02006892,22.521031787573996,imd_ex_housing
E02006902,36.30858510050697,imd_ex_housing
E02000012,18.058684156488013,imd_ex_housing
E02000039,10.875660173718584,imd_ex_housing
E02000045,21.245822168581725,imd_ex_housing
E02000054,12.307151739327944,imd_ex_housing
E02000061,12.351049312775285,imd_ex_housing
E02000077,13.924282289842884,imd_ex_housing
E02000106,31.998615416769702,imd_ex_housing
E02007115,33.87889427941818,imd_ex_housing
E02000195,15.498074367039111,imd_ex_housing
E02000210,19.079582587739967,imd_ex_housing
E02000230,13.829758930164099,imd_ex_housing
E02000241,17.344151720181433,imd_ex_housing
E02000252,28.047783602149856,imd_ex_housing
E02000271,9.870220699658415,imd_ex_housing
E02000282,43.049535436563545,imd_ex_housing
E02000311,26.72166713942187,imd_ex_housing
E02000352,26.893973959591683,imd_ex_housing
E02000354,37.214081987491745,imd_ex_housing
E02000361,34.533453152454015,imd_ex_housing
E02000366,38.05107107701583,imd_ex_housing
E02000388,21.28097624648739,imd_ex_housing
E02000403,24.98851387900857,imd_ex_housing
E02000416,29.786342212016848,imd_ex_housing
E02000427,27.631172174939785,imd_ex_housing
E02000435,16.751804102634985,imd_ex_housing
E02000473,11.066313953810125,imd_ex_housing
E02000487,4.294733408116805,imd_ex_housing
E02000490,18.880649304387152,imd_ex_housing
E02000529,20.5410590728918,imd_ex_housing
E02000547,19.063058446392883,imd_ex_housing
E02000550,24.06700962081223,imd_ex_housing
E02000629,25.365156553298135,imd_ex_housing
E02000635,30.104764728683506,imd_ex_housing
E02000637,23.8821938085443,imd_ex_housing
E02000648,40.440570165816766,imd_ex_housing
E02000657,28.448104128742056,imd_ex_housing
E02000686,39.247731644487665,imd_ex_housing
E02000690,4.402956644877738,imd_ex_housing
E02000691,8.849948766965458,imd_ex_housing
E02000703,7.629690328989125,imd_ex_housing
E02000753,25.153534053744067,imd_ex_housing
E02000756,18.41937369095469,imd_ex_housing
E02000757,10.033073885160047,imd_ex_housing
E02000796,15.785648098371222,imd_ex_housing
E02000802,8.024985341364424,imd_ex_housing
E02000837,11.42069568621639,imd_ex_housing
E02000843,15.990244064070813,imd_ex_housing
E02000857,11.214274273904143,imd_ex_housing
E02000864,42.60318731095072,imd_ex_housing
E02000874,40.08493565008832,imd_ex_housing
E02000894,15.36992348853335,imd_ex_housing
E02000898,24.919455241917536,imd_ex_housing
E02000929,35.218286993635715,imd_ex_housing
E02000946,17.110475086984398,imd_ex_housing
E02000948,15.463689138636363,imd_ex_housing
E02000968,50.3351781776376,imd_ex_housing
E02000972,23.96622625634111,imd_ex_housing
E02000996,57.50772291946425,imd_ex_housing
E02001000,35.41033525967544,imd_ex_housing
E02001067,59.265032457724516,imd_ex_housing
E02001073,21.810148116690197,imd_ex_housing
E02001087,13.614922425082396,imd_ex_housing
E02001109,42.5966798053473,imd_ex_housing
E02001125,23.700372299705613,imd_ex_housing
E02001137,11.557362367016065,imd_ex_housing
E02001138,12.51095156251065,imd_ex_housing
E02001147,49.335414257147164,imd_ex_housing
E02001161,26.160320473081505,imd_ex_housing
E02001191,21.35588374865884,imd_ex_housing
E02001206,16.76054099936664,imd_ex_housing
E02001224,8.922989339514473,imd_ex_housing
E02001229,18.231376075476742,imd_ex_housing
E02001230,17.758035455493427,imd_ex_housing
E02001236,47.75392926173111,imd_ex_housing
E02001273,9.984864496990298,imd_ex_housing
E02001274,4.923268819159665,imd_ex_housing
E02001280,22.885719892368286,imd_ex_housing
E02001290,17.29207506180078,imd_ex_housing
E02001298,46.963523070295196,imd_ex_housing
E02001306,18.15389051460437,imd_ex_housing
E02001326,15.7346592252231,imd_ex_housing
E02001335,22.224404775797613,imd_ex_housing
E02001344,32.79088629671005,imd_ex_housing
E02001366,58.154057832117374,imd_ex_housing
E02001423,16.023741607372934,imd_ex_housing
E02001434,23.1701427502157,imd_ex_housing
E02001435,30.930902985413145,imd_ex_housing
E02001445,11.209652080824675,imd_ex_housing
E02001452,57.06615804032121,imd_ex_housing
E02001457,49.696753786514044,imd_ex_housing
E02001467,33.117432412250665,imd_ex_housing
E02001481,26.47107445365089,imd_ex_housing
E02001503,13.877111227605488,imd_ex_housing
E02001530,54.32020663746691,imd_ex_housing
E02001534,29.696161248079598,imd_ex_housing
E02001577,13.248488361380678,imd_ex_housing
E02001578,26.97571625491088,imd_ex_housing
E02001579,31.135792540361276,imd_ex_housing
E02007002,11.571084318059574,imd_ex_housing
E02001618,11.06307105195999,imd_ex_housing
E02001620,51.55515681403176,imd_ex_housing
E02001626,16.247896993467652,imd_ex_housing
E02001650,29.18557731266247,imd_ex_housing
E02001654,24.07558139344288,imd_ex_housing
E02001680,56.74454829403333,imd_ex_housing
E02001699,30.17283536947775,imd_ex_housing
E02001700,17.520845116200203,imd_ex_housing
E02001703,14.428189513512056,imd_ex_housing
E02001744,19.080799030160254,imd_ex_housing
E02001752,31.87814682752791,imd_ex_housing
E02001754,9.706468278695517,imd_ex_housing
E02001758,18.475636133668605,imd_ex_housing
E02001759,24.89244397684601,imd_ex_housing
E02001784,33.78488638545062,imd_ex_housing
E02001799,42.28303794468606,imd_ex_housing
E02001803,40.85043277477006,imd_ex_housing
E02001816,39.76501297319654,imd_ex_housing
E02001822,24.69438394751335,imd_ex_housing
E02001867,58.94749414428781,imd_ex_housing
E02001924,32.43069738494251,imd_ex_housing
E02001927,43.703671298118415,imd_ex_housing
E02001936,18.65742835004874,imd_ex_housing
E02001979,10.011436927355852,imd_ex_housing
E02001982,11.39619789953954,imd_ex_housing
E02002009,48.707519981701985,imd_ex_housing
E02002010,34.70462386679763,imd_ex_housing
E02002025,25.168376001722258,imd_ex_housing
E02002105,3.3012898115861793,imd_ex_housing
E02002113,24.784220983770087,imd_ex_housing
E02002121,51.31087587939999,imd_ex_housing
E02002167,15.680181169412247,imd_ex_housing
E02002188,10.722645504291004,imd_ex_housing
E02002212,39.46769055087008,imd_ex_housing
E02002227,63.1159929316211,imd_ex_housing
E02002238,46.061129744944,imd_ex_housing
E02002242,22.10517613902101,imd_ex_housing
E02002253,40.30413490620635,imd_ex_housing
E02002264,11.600853813919292,imd_ex_housing
E02002267,21.58830282812956,imd_ex_housing
E02002320,17.303168946082426,imd_ex_housing
E02002348,22.993856203019742,imd_ex_housing
E02002375,45.861615872946054,imd_ex_housing
E02002414,61.19725015504266,imd_ex_housing
E02002435,16.430750523864308,imd_ex_housing
E02002456,26.38941890950689,imd_ex_housing
E02002462,18.137957893243687,imd_ex_housing
E02002470,4.273954601909045,imd_ex_housing
E02002483,17.947670621518732,imd_ex_housing
E02002504,22.230632484314825,imd_ex_housing
E02002508,13.288418856002219,imd_ex_housing
E02002552,29.57273126499542,imd_ex_housing
E02007058,24.011162120367164,imd_ex_housing
E02002571,31.166249317777567,imd_ex_housing
E02002587,38.80121300792468,imd_ex_housing
E02002614,1.9962846616061913,imd_ex_housing
E02002622,63.18407307101057,imd_ex_housing
E02002634,31.85088269524661,imd_ex_housing
E02002642,85.69330152909835,imd_ex_housing
E02002649,43.02641889552383,imd_ex_housing
E02002664,11.456228412040202,imd_ex_housing
E02002769,8.160120137567375,imd_ex_housing
E02002772,3.5508140789121776,imd_ex_housing
E02002801,23.72461026874831,imd_ex_housing
E02002810,6.877459153140225,imd_ex_housing
E02002815,47.11385938054046,imd_ex_housing
E02002843,36.63618705158343,imd_ex_housing
E02002869,61.806428257080896,imd_ex_housing
E02002879,28.743042464352662,imd_ex_housing
E02002888,59.537786235836876,imd_ex_housing
E02002896,48.16421016187902,imd_ex_housing
E02002939,24.287133924658974,imd_ex_housing
E02002962,56.64318144460231,imd_ex_housing
E02002966,34.66274719922357,imd_ex_housing
E02002968,21.51112128973968,imd_ex_housing
E02006974,44.13687627508862,imd_ex_housing
E02002975,14.546625069872611,imd_ex_housing
E02002991,16.27300154184178,imd_ex_housing
E02003000,7.414988176014298,imd_ex_housing
E02003013,41.07787707885877,imd_ex_housing
E02003027,10.851528036882264,imd_ex_housing
E02003031,14.076179353611382,imd_ex_housing
E02003050,33.45864845949312,imd_ex_housing
E02003081,13.48870170497235,imd_ex_housing
E02003143,15.097112708058917,imd_ex_housing
E02006990,51.23459691141214,imd_ex_housing
E02003169,11.185433758835602,imd_ex_housing
E02003185,16.50964778773527,imd_ex_housing
E02003187,27.54224596488034,imd_ex_housing
E02003201,25.014867100347594,imd_ex_housing
E02003216,18.127609443825452,imd_ex_housing
E02003220,11.191336553012556,imd_ex_housing
E02003223,16.732667819955985,imd_ex_housing
E02003226,30.988244245115204,imd_ex_housing
E02003237,9.00467149378631,imd_ex_housing
E02003264,8.585266171014592,imd_ex_housing
E02003267,24.47487036594517,imd_ex_housing
E02003277,38.17145290661026,imd_ex_housing
E02003323,31.220744504133627,imd_ex_housing
E02003340,32.25621729131867,imd_ex_housing
E02003383,4.852044303509367,imd_ex_housing
E02003387,4.939795160716776,imd_ex_housing
E02003433,7.396795438727519,imd_ex_housing
E02003439,4.822109084590461,imd_ex_housing
E02003464,29.772954254982956,imd_ex_housing
E02003468,12.948689146061836,imd_ex_housing
E02003478,8.959526987598725,imd_ex_housing
E02003489,12.874744476605612,imd_ex_housing
E02003493,7.719376406669442,imd_ex_housing
E02003498,43.40989826714089,imd_ex_housing
E02003503,24.784916344936594,imd_ex_housing
E02003505,18.368457842880982,imd_ex_housing
E02003558,34.64788091352792,imd_ex_housing
E02003559,11.176501795851637,imd_ex_housing
E02003563,28.87392763501316,imd_ex_housing
E02003566,29.520900665819696,imd_ex_housing
E02003572,22.05498913731677,imd_ex_housing
E02003576,31.668822225053965,imd_ex_housing
E02003589,30.655881768869335,imd_ex_housing
E02003596,31.569733673599032,imd_ex_housing
E02003626,11.555482240845857,imd_ex_housing
E02003643,9.534276856128379,imd_ex_housing
E02003644,23.162414128485416,imd_ex_housing
E02003647,22.035682794140712,imd_ex_housing
E02003648,27.080508717643323,imd_ex_housing
E02003671,17.637836937030933,imd_ex_housing
E02003673,4.381982781443194,imd_ex_housing
E02003675,4.599035200364234,imd_ex_housing
E02003698,1.3228686400114158,imd_ex_housing
E02003705,15.328926262531523,imd_ex_housing
E02003706,13.628189932232889,imd_ex_housing
E02003729,11.115547015893146,imd_ex_housing
E02003753,13.367867499390636,imd_ex_housing
E02003767,5.991866092732454,imd_ex_housing
E02003777,4.148654048855331,imd_ex_housing
E02003778,6.108317835980736,imd_ex_housing
E02003790,5.814143445483068,imd_ex_housing
E02003792,6.958421943236618,imd_ex_housing
E02003805,4.702684205012991,imd_ex_housing
E02003821,14.47725009074315,imd_ex_housing
E02003831,5.840413179367713,imd_ex_housing
E02003842,6.2049532069414655,imd_ex_housing
E02003852,5.879105033245628,imd_ex_housing
E02003890,27.82343785140128,imd_ex_housing
E02003900,17.300826994459673,imd_ex_housing
E02003912,15.135646491281092,imd_ex_housing
E02003917,11.835962550781074,imd_ex_housing
E02003954,28.389673818395984,imd_ex_housing
E02003970,10.021494618238991,imd_ex_housing
E02004014,16.4552182974395,imd_ex_housing
E02004034,11.84279067917648,imd_ex_housing
E02004039,9.534283811336655,imd_ex_housing
E02004048,37.75711809926954,imd_ex_housing
E02004049,20.485605490196193,imd_ex_housing
E02004058,35.285367763381394,imd_ex_housing
E02004060,30.07316102728655,imd_ex_housing
E02004080,33.91308377545032,imd_ex_housing
E02004103,26.982090160775602,imd_ex_housing
E02004126,18.373256945792082,imd_ex_housing
E02004130,19.641552537015908,imd_ex_housing
E02004137,8.5415897170766,imd_ex_housing
E02004145,7.89874777050916,imd_ex_housing
E02004148,18.43787795620917,imd_ex_housing
E02004152,18.373884332371738,imd_ex_housing
E02004156,33.0094451312478,imd_ex_housing
E02004164,14.42332850199799,imd_ex_housing
E02004171,12.205880560999782,imd_ex_housing
E02004189,10.887373653516986,imd_ex_housing
E02004200,10.478967032814792,imd_ex_housing
E02004211,7.466935962259877,imd_ex_housing
E02004281,27.49026873344685,imd_ex_housing
E02004298,14.446227069845355,imd_ex_housing
E02004300,35.466134476192856,imd_ex_housing
E02004308,6.725421009000817,imd_ex_housing
E02004336,37.17300881207173,imd_ex_housing
E02004348,15.524965870256917,imd_ex_housing
E02004371,32.44548494449177,imd_ex_housing
E02004444,9.339781770368717,imd_ex_housing
E02004446,11.18159232171893,imd_ex_housing
E02004459,8.128506320723469,imd_ex_housing
E02004486,5.442877395081652,imd_ex_housing
E02006979,13.021524662259898,imd_ex_housing
E02004526,12.154154974306593,imd_ex_housing
E02004559,11.38035802966888,imd_ex_housing
E02004579,21.777703764728354,imd_ex_housing
E02004582,28.538428189346437,imd_ex_housing
E02004584,21.16910550867326,imd_ex_housing
E02004587,50.087616659508974,imd_ex_housing
E02004592,9.126038412791296,imd_ex_housing
E02004594,6.167729988991347,imd_ex_housing
E02004600,17.014383842647582,imd_ex_housing
E02004604,39.75276406098277,imd_ex_housing
E02004631,12.255114280483065,imd_ex_housing
E02004649,7.672346850255044,imd_ex_housing
E02004681,22.11598688403384,imd_ex_housing
E02004689,4.155151298946087,imd_ex_housing
E02004694,5.463384978407658,imd_ex_housing
E02004717,21.555167391350516,imd_ex_housing
E02004726,8.207146728633695,imd_ex_housing
E02004732,4.014613397992753,imd_ex_housing
E02004737,20.75272230394518,imd_ex_housing
E02004740,3.3156322595168737,imd_ex_housing
E02004741,22.43798813930285,imd_ex_housing
E02004777,21.08489408522394,imd_ex_housing
E02004788,7.811682341677802,imd_ex_housing
E02004817,14.222133005672003,imd_ex_housing
E02004822,7.529669776940969,imd_ex_housing
E02004836,17.854906623122655,imd_ex_housing
E02004845,17.336530911901708,imd_ex_housing
E02004876,4.589127226466734,imd_ex_housing
E02004926,2.122277124886658,imd_ex_housing
E02004927,5.215175717529317,imd_ex_housing
E02004929,8.136142420545756,imd_ex_housing
E02007090,9.237128895158788,imd_ex_housing
E02004961,3.2607504459781835,imd_ex_housing
E02004998,8.640157884098768,imd_ex_housing
E02005013,22.6111514213612,imd_ex_housing
E02005059,13.95949748076062,imd_ex_housing
E02005072,2.783901016363629,imd_ex_housing
E02005111,22.818838351271467,imd_ex_housing
E02005206,21.116327717187684,imd_ex_housing
E02005230,41.474546925445026,imd_ex_housing
E02005242,18.18769595976748,imd_ex_housing
E02005256,7.58793976480818,imd_ex_housing
E02005261,57.02920475390003,imd_ex_housing
E02005272,19.01500124279124,imd_ex_housing
E02005289,5.318454438819712,imd_ex_housing
E02005290,7.565655188916665,imd_ex_housing
E02005338,12.137233536822265,imd_ex_housing
E02005349,12.258500541683759,imd_ex_housing
E02005379,8.496062496941647,imd_ex_housing
E02005426,28.155390857627385,imd_ex_housing
E02005440,37.38744933562563,imd_ex_housing
E02005455,7.449641568126628,imd_ex_housing
E02005469,14.822905572150123,imd_ex_housing
E02005478,22.563341275644074,imd_ex_housing
E02005521,13.242693185196801,imd_ex_housing
E02005528,9.020174364488902,imd_ex_housing
E02005539,17.674615769217084,imd_ex_housing
E02005584,33.14290641853546,imd_ex_housing
E02005612,16.93245812051963,imd_ex_housing
E02005613,26.072802566833023,imd_ex_housing
E02005650,12.807127111515687,imd_ex_housing
E02005662,20.033040565233392,imd_ex_housing
E02005725,5.8044025950188995,imd_ex_housing
E02005734,39.74606818616328,imd_ex_housing
E02005755,8.97476523840165,imd_ex_housing
E02005762,6.483916604732049,imd_ex_housing
E02005771,13.426216586264104,imd_ex_housing
E02005775,13.046815086989735,imd_ex_housing
E02005819,30.774942409551535,imd_ex_housing
E02005868,16.74641249930942,imd_ex_housing
E02005921,7.300982065969518,imd_ex_housing
E02005949,18.538489127857147,imd_ex_housing
E02005954,17.3002676058079,imd_ex_housing
E02005956,36.02286663769277,imd_ex_housing
E02005966,4.25191782837472,imd_ex_housing
E02005970,17.04632276286662,imd_ex_housing
E02005978,3.847537313468366,imd_ex_housing
E02005983,12.60486627476335,imd_ex_housing
E02005991,6.6615195805616025,imd_ex_housing
E02006024,20.715649039459446,imd_ex_housing
E02006101,11.408880052310197,imd_ex_housing
E02006122,21.154748380262745,imd_ex_housing
E02006159,26.344357912254935,imd_ex_housing
E02006175,20.189997467025393,imd_ex_housing
E02006982,4.886292250302049,imd_ex_housing
E02006186,7.582386229389913,imd_ex_housing
E02006187,8.650577447724379,imd_ex_housing
E02006193,7.503035163908879,imd_ex_housing
E02006219,21.4542526874018,imd_ex_housing
E02006222,29.010890859713562,imd_ex_housing
E02006255,18.936377054848116,imd_ex_housing
E02006270,10.7629627707428,imd_ex_housing
E02006276,6.777915352917881,imd_ex_housing
E02006324,9.370840824086653,imd_ex_housing
E02006339,13.40867590177518,imd_ex_housing
E02006342,8.623420734996566,imd_ex_housing
E02006375,3.507170345482335,imd_ex_housing
E02006381,4.007502252449096,imd_ex_housing
E02006384,12.885844280923914,imd_ex_housing
E02006391,6.116175038668404,imd_ex_housing
E02006401,10.250659565639527,imd_ex_housing
E02006417,8.5243210055071,imd_ex_housing
E02006420,2.4240904761736477,imd_ex_housing
E02006432,8.412328191001347,imd_ex_housing
E02006435,14.435531608675593,imd_ex_housing
E02006438,11.13564856879163,imd_ex_housing
E02006464,8.699406144815775,imd_ex_housing
E02006468,10.989119218169035,imd_ex_housing
E02006470,24.82391492567537,imd_ex_housing
E02006489,25.048601514673543,imd_ex_housing
E02006499,4.456175811518693,imd_ex_housing
E02006523,6.043267407324761,imd_ex_housing
E02006545,30.46749368762395,imd_ex_housing
E02006580,14.018300244297542,imd_ex_housing
E02006593,13.606540333962412,imd_ex_housing
E02006629,25.895365655523108,imd_ex_housing
E02006636,11.48263697798701,imd_ex_housing
E02006656,7.017854147834668,imd_ex_housing
E02006665,12.656501382707381,imd_ex_housing
E02006666,8.876362082615076,imd_ex_housing
E02006672,8.153019814054963,imd_ex_housing
E02006676,11.33204344224381,imd_ex_housing
E02006706,15.654050579005153,imd_ex_housing
E02006733,8.380535749901608,imd_ex_housing
E02006743,26.019533664527682,imd_ex_housing
E02006768,16.064207733788365,imd_ex_housing
E02006776,13.257230123468021,imd_ex_housing
E02006847,5.98204081337052,imd_ex_housing
E02006872,12.143084575739087,imd_ex_housing
E02006875,23.172653482710075,imd_ex_housing
E02006881,38.164422559559306,imd_ex_housing
E02006907,28.446188241762965,imd_ex_housing
E02006910,39.49620546439703,imd_ex_housing
