,baseline_households_2011,sale_count,median_price,median_ppsqm,log_median_ppsqm,mean_log_ppsqm,mean_ppsqm,p25_ppsqm,p75_ppsqm,median_floor_area,detached_sale_share,semidetached_sale_share,terraced_sale_share,flat_sale_share,leasehold_sale_share,newbuild_total,newbuild_houses,newbuild_flats,median_newbuild_floor_area,mean_newbuild_floor_area,newbuilds_per_1000,newbuilds_lag1,newbuilds_lag1_per_1000,newbuilds_lag2,newbuilds_lag2_per_1000,newbuilds_lag3,newbuilds_lag3_per_1000,newbuilds_prev3yr,newbuilds_prev3yr_per_1000,baseline_income_bhc_2011_12,baseline_income_upper_ci,baseline_income_lower_ci,log_baseline_income,income_moderator_value,income_z,income_quartile,imd_ex_housing,imd_ex_housing_living,imd_ex_income_housing,imd2015_income_rate_msoa,imd2015_overall_score_pw,imd_ex_housing_bottom20_popshare,imd2015_overall_bottom20_popshare_legacy,deprivation_moderator_value,deprivation_z,deprivation_quartile,owner_occupied_2011,shared_ownership_2011,social_rented_2011,private_rented_2011,owner_share_2011,social_rent_share_2011,private_rent_share_2011,social_rent_z,social_rent_quartile,population_2011,area_km2,population_density_2011,log_population_density_2011,density_z,density_quartile,degree_share_2011,degree_share_z,degree_share_quartile,unemployment_rate_2011,unemployment_z,unemployment_quartile,nb_lead1,nb_lead2,nb_lead3,nb_lag1,d_log_price,d_log_price_lag1,log_sale_count,income_z_eda,deprivation_z_eda,social_rent_z_eda,density_z_eda,degree_z_eda,unemployment_z_eda
baseline_households_2011,1.0,0.5298648108281774,-0.039543257024383084,0.04899361362022853,0.01452075223477813,0.011317612858452484,0.045105246941658496,0.041670480586031344,0.052221080881208304,-0.20504028233835556,-0.13483482034891398,-0.16407622025714588,0.0029201200064761256,0.24910206512044514,0.2245390960587504,0.14997004481892096,0.07735555177714519,0.13367685482196665,-0.12205373136837376,-0.11943998902639426,0.041429857530088356,0.15271202648569238,0.043743120858729306,0.15502814815639301,0.04769826745573606,0.16111823867954234,0.05375902649844115,0.18494200424787796,0.05759199347898358,-0.005293380470011867,-0.002983794004079129,-0.0067431213519959475,-0.012375896961300056,-0.005293380470011867,-0.005293380470011236,-0.03295273693833996,0.08538185171524491,0.07213120238731342,0.09239237888872831,0.06892466348280006,0.07778040851492694,0.04854143612869519,0.04648687401832524,0.08538185171524491,0.08538185171524484,0.10932327360809489,0.4687606664773472,0.28279474021934436,0.32852911235159743,0.5175973476232668,-0.19855923751894436,0.07337170514883701,0.24002541486924323,0.07337170514883791,0.09225855662760103,0.8725707715445565,-0.01969971657651661,0.12131325789564856,0.11912175857815793,0.11912175857815831,0.10192911885924176,0.07343160503225796,0.07343160503225886,0.042094983702296,0.046359308220732545,0.04635930822073275,0.08960464807469631,0.0410803636063122,0.04074086998294208,0.04108828161160073,0.04343196880726651,-0.009681031315895507,-0.010891958352499103,0.4503344414645014,-0.012375896961302138,0.08538185171524512,0.07337170514883844,0.11912175857815871,0.07343160503226008,0.04635930822073265
sale_count,0.5298648108281774,1.0,-0.019020131988643923,-0.0465431006518288,0.06951144087924443,0.07117268380834117,-0.041611044135718214,-0.04252071427444825,-0.04729218190062044,0.049385197666086254,0.2335358344295354,-0.04127439793636372,-0.18507621506834412,-0.010172039104998523,-0.047611186869886364,0.1830475172963178,0.23677413955902105,0.0572349475616117,-0.016029184850487852,-0.0034763039389429694,0.12836920565465923,0.16622832468448803,0.11166028289085377,0.17394798410953644,0.12132493072794574,0.18626967344961237,0.13414209236156152,0.20750926640102635,0.14565716788148575,0.17337991757734333,0.17077330611818273,0.17613762721445037,0.21032757723278936,0.17337991757734333,0.1733799175773505,0.2074465086591584,-0.38438211750216683,-0.379816083773451,-0.36936031121866214,-0.406856448851068,-0.40757089220508713,-0.37600172362436485,-0.39492553302193084,-0.38438211750216683,-0.3843821175021562,-0.3337177645927663,0.6627475958785128,0.12954716552097906,-0.28276787019029853,0.14283728860031947,0.3470505384565305,-0.42565386107134345,-0.022664036605693442,-0.4256538610713505,-0.3563551733441871,0.39888815332866906,0.0442869975265618,-0.26052573029547166,-0.16198738164543297,-0.16198738164543078,-0.21223860508680328,0.1738495092501084,0.173849509250116,0.19853175793044542,-0.4278997935989683,-0.4278997935989663,-0.35200260088626323,0.10357300633710169,0.07630100071645672,0.10033527999086958,0.11014131413349734,0.1169828288992604,-0.005974650236853785,0.9380414559464274,0.21032757723275708,-0.38438211750216245,-0.4256538610713404,-0.16198738164543008,0.1738495092501074,-0.4278997935989698
median_price,-0.039543257024383084,-0.019020131988643923,1.0,0.9099536540093711,0.8894512456758701,0.892588949088433,0.9167032595991325,0.9102418978488084,0.9098290123952696,0.3707852309135853,0.0848753110915999,-0.3091496518888637,-0.27748425854666064,0.42053827443516845,0.25153768692102385,0.03387933095260354,-0.06058223419988666,0.08696320782663863,0.17316709956642762,0.21560749299790308,0.03797573766495625,0.04646254739444748,0.05071159089085238,0.05043098003132852,0.0552452466555928,0.05284414057481744,0.0579010636376293,0.059014845997017236,0.06505150088622687,0.7934382650026501,0.7939957533181506,0.7920277835032822,0.7755727285113602,0.7934382650026501,0.7934382650026397,0.6972699720447454,-0.4452496065178734,-0.4692090851441616,-0.46080136227093726,-0.39415197666377844,-0.4110851560880228,-0.3890048289255557,-0.3497922511265085,-0.4452496065178734,-0.44524960651788215,-0.42222551358514376,-0.008240396913450887,0.1102898636303724,-0.1568218730578448,0.11812072087237883,0.04388442802915997,-0.17359831869713477,0.14200527973196372,-0.17359831869713474,-0.1934962100370918,0.023792232907190028,0.036781171177531685,0.2391785106083073,0.02475421779460813,0.02475421779460981,0.05539594396679638,0.7059402822287238,0.7059402822287227,0.6127956570304015,-0.36405305647235336,-0.364053056472359,-0.358079727471393,0.031148159872396153,0.025942585664335965,0.020222880425806347,0.047107486035849654,-0.024833864710018656,0.002026249558753449,-0.03658587650403102,0.7755727285113756,-0.44524960651787643,-0.1735983186971344,0.02475421779461329,0.7059402822287317,-0.3640530564723611
median_ppsqm,0.04899361362022853,-0.0465431006518288,0.9099536540093711,1.0,0.9435437971676478,0.9410061382657902,0.9979831716418022,0.9948346336339334,0.9959886403950796,0.018408726004943105,-0.12738652790798544,-0.39299196210152937,-0.2366368403118369,0.6419974869308027,0.45237532404877234,0.06847059706209904,-0.10253971949377595,0.1620975696842113,0.05590789310918504,0.07996145521858133,0.060711908090285774,0.08462809056572873,0.07723227610921055,0.09006383616272143,0.08377743429169304,0.09486366985998815,0.0888444611368059,0.10625346330928077,0.0991822599513229,0.7548157942573825,0.7573756170591063,0.7517501119126705,0.7358764748988613,0.7548157942573825,0.7548157942573732,0.6532337515371529,-0.31850926726509804,-0.3516990419045464,-0.3368798959444133,-0.25810051884081653,-0.28212720686495724,-0.30455793271220377,-0.2532331022050541,-0.31850926726509804,-0.31850926726509443,-0.26141114264721366,-0.13779326476589557,0.22455017470225536,0.014190481542331018,0.2731595476015315,-0.1644179916278804,-0.014384910544006509,0.2855307282154042,-0.014384910544005066,-0.03964743219144603,0.07655720625092861,-0.06967389000947014,0.4493355151127695,0.20944993572675966,0.2094499357267626,0.22447850141000322,0.6767670159463072,0.6767670159463182,0.5641799604947468,-0.2478080961684745,-0.24780809616847357,-0.20125150249390306,0.05373535103707136,0.04910441060696092,0.042922274705341316,0.07387527379408762,0.0030290113796037025,0.021725520522406245,-0.08737697183652679,0.7358764748988685,-0.3185092672651024,-0.014384910544005784,0.20944993572676357,0.676767015946305,-0.24780809616847105
log_median_ppsqm,0.01452075223477813,0.06951144087924443,0.8894512456758701,0.9435437971676478,1.0,0.9980647370854089,0.9461758515424458,0.9427654634998395,0.9390487641712824,0.08564958679615133,-0.00011728763484812268,-0.3473956058050853,-0.3120856387256418,0.5595280919769953,0.3497891690426646,0.08179865258318221,-0.06470983907632938,0.15107886657771236,0.07637943352511052,0.103817483928862,0.07875213464865992,0.09756869664561255,0.09506631190038085,0.10130589676693175,0.09957834097713295,0.10425851132697907,0.10276663390769306,0.11955638207208255,0.11814530582297333,0.7709289269278127,0.7712538846306697,0.7700541477717981,0.7823833110693291,0.7709289269278127,0.770928926927789,0.7326088225868871,-0.4753966107473584,-0.49967728236467773,-0.4959972176922258,-0.4030151469376833,-0.4346155309226859,-0.44803250443422665,-0.39296383266993695,-0.4753966107473584,-0.4753966107473604,-0.39789311084850787,-0.03179587219694688,0.2339245684213094,-0.09985673190064809,0.17685528704237896,-0.022348488416965823,-0.12390605260555372,0.1865645821615313,-0.12390605260555414,-0.14145379792102358,0.0639253787780165,-0.01754715372383426,0.31070090533881395,0.10057646165262171,0.10057646165263155,0.12026454293568585,0.6768327338602492,0.6768327338602528,0.6161758813959286,-0.39422045595425137,-0.3942204559542478,-0.32904567919256966,0.07161816331531017,0.06667427223470711,0.0630500469343252,0.09230954707631961,0.042456697666372424,0.058519447638262494,0.04786178450564774,0.782383311069323,-0.4753966107473566,-0.12390605260555053,0.10057646165262857,0.676832733860252,-0.3942204559542548
mean_log_ppsqm,0.011317612858452484,0.07117268380834117,0.892588949088433,0.9410061382657902,0.9980647370854089,1.0,0.9467284710326518,0.9432934771002642,0.9382866501004394,0.09409042878516573,0.003165383553601166,-0.3490799844258686,-0.30688178985287373,0.5531130092513081,0.34222780025238,0.07820829431244374,-0.06592949108546901,0.14740894021083786,0.07879810295663305,0.10674568046502,0.07563408361464675,0.09342522353636995,0.09131253160118812,0.09686287170193744,0.09549812827198642,0.09940761538385746,0.09822882543602303,0.11426248946007925,0.11323719270768864,0.7738599369258321,0.7740975552544893,0.773051320256473,0.7852201751903776,0.7738599369258321,0.7738599369258311,0.7374723887539153,-0.47881991567781673,-0.5029845499622787,-0.4992936111790779,-0.40683041701023004,-0.4382459070292639,-0.4497088051320539,-0.3953159348143441,-0.47881991567781673,-0.4788199156778075,-0.40444068702229263,-0.028652616769357854,0.2243188752367417,-0.10529954184320753,0.17338978534353033,-0.01667479865643053,-0.12876613774707918,0.18395730347754827,-0.1287661377470793,-0.14612724726184942,0.06098657413965905,-0.014202236505686947,0.304980626133753,0.09492249953176925,0.09492249953177347,0.11639137427287329,0.676853170913564,0.6768531709135928,0.6174820864529178,-0.3977908107268677,-0.3977908107268668,-0.33548541115300823,0.06888094335553066,0.06421749518538636,0.06124361271831852,0.08846472759525106,0.029852879562362364,0.05880261877928386,0.050726508669250304,0.7852201751903823,-0.4788199156778149,-0.1287661377470809,0.0949224995317753,0.6768531709135818,-0.39779081072686867
mean_ppsqm,0.045105246941658496,-0.041611044135718214,0.9167032595991325,0.9979831716418022,0.9461758515424458,0.9467284710326518,1.0,0.995116020634734,0.9972888358910165,0.031862376954528426,-0.11774617946348973,-0.3944281111062431,-0.23767315449817278,0.6353237711600193,0.4446257002210281,0.06570967557215666,-0.10241481640535713,0.15847863385467184,0.06105293469084908,0.08619763326047139,0.058543530673134676,0.08176185245953463,0.07492694337016206,0.08683412793502544,0.08102036206397935,0.09143337730817454,0.08587312399058765,0.10250112283516889,0.09599714606625896,0.7597151980489479,0.7621514311472152,0.7567421986477839,0.741439764059024,0.7597151980489479,0.7597151980489422,0.6603408971397342,-0.32661721904599716,-0.35955639216182883,-0.34496517023321377,-0.26618983786139183,-0.2899984096536181,-0.3104056291660018,-0.25949456989540054,-0.32661721904599716,-0.3266172190459913,-0.2710757320721089,-0.13240959655413223,0.21730466594532527,0.006749181500244484,0.2669663123109037,-0.15581191108251113,-0.02124875190983194,0.28015839260598263,-0.021248751909830912,-0.046064849080466735,0.07324332556176061,-0.061779239408248116,0.4378193895873177,0.19719734397910416,0.1971973439791064,0.21421580112447855,0.6802971455715537,0.6802971455715937,0.5700544274056399,-0.2558771655604413,-0.2558771655604481,-0.2110540040474624,0.05188118502890252,0.04769379753088297,0.04268208103282735,0.07151481181568166,-0.006504721259219957,0.023060400754648276,-0.08019419641163558,0.7414397640590548,-0.3266172190459855,-0.021248751909831252,0.1971973439791132,0.6802971455715751,-0.25587716556044393
p25_ppsqm,0.041670480586031344,-0.04252071427444825,0.9102418978488084,0.9948346336339334,0.9427654634998395,0.9432934771002642,0.995116020634734,1.0,0.9881443195493951,0.02252215714831198,-0.12714001272668807,-0.3838108003879939,-0.22830264928580946,0.6269100353394057,0.43465124700212554,0.0643256933423618,-0.10167658856433393,0.15617487710648587,0.053268334117726975,0.07612790942420138,0.05803278653376907,0.079945745049215,0.07385661275519205,0.08476765994705605,0.07973337856831997,0.08915917410408042,0.08435263463257496,0.10007735140494983,0.09446157731834573,0.7601693714594635,0.762465860692153,0.7573537952653733,0.7419055823710754,0.7601693714594635,0.7601693714594674,0.662297911665761,-0.3287845503559638,-0.3607535095204404,-0.347380397913409,-0.267464472837594,-0.2930757484774409,-0.31394077008155014,-0.26282137136492545,-0.3287845503559638,-0.32878455035596343,-0.2736836298509423,-0.12939139803622782,0.2162601562031355,0.0007257034359342311,0.2642880817063592,-0.15030583341781484,-0.02610915307685266,0.2782759259399433,-0.02610915307685178,-0.04969289496457896,0.07514764592788739,-0.07445040426316771,0.44488775755114174,0.21180900808384304,0.21180900808384512,0.22761250858777468,0.6731317921885616,0.6731317921885552,0.5622139195194267,-0.2553819271249995,-0.2553819271249983,-0.21001884569886914,0.051120415651217006,0.04560253866725805,0.039435912655385943,0.07037818720497391,-0.007838027737099558,0.021274285907882648,-0.080868201567688,0.7419055823711024,-0.32878455035596343,-0.02610915307685223,0.21180900808384578,0.6731317921885431,-0.25538192712499963
p75_ppsqm,0.052221080881208304,-0.04729218190062044,0.9098290123952696,0.9959886403950796,0.9390487641712824,0.9382866501004394,0.9972888358910165,0.9881443195493951,1.0,0.02291712512484532,-0.12400627111542543,-0.4004592866269774,-0.2393962387190543,0.6473392612288965,0.4603392546583305,0.06903932415349913,-0.10396907005165873,0.16386899171757477,0.0598709640048074,0.08529146874174677,0.06070934331381555,0.08582098494658297,0.07782499573801527,0.09100185201337586,0.0840949197440165,0.09603925028900609,0.08943310587354963,0.10755841871706757,0.09977798665224541,0.7493489683776945,0.752042660286667,0.7461367991129608,0.7300682329985851,0.7493489683776945,0.7493489683776929,0.6461942251361676,-0.31109465518066454,-0.3449487530670602,-0.32918056159126696,-0.251725838169827,-0.27428907913561285,-0.2966138626675993,-0.24578388838326215,-0.31109465518066454,-0.31109465518066143,-0.25385940368863097,-0.14251165927801507,0.22495679567919596,0.022600750030963918,0.2757436876240895,-0.17203300481261982,-0.00667865944381432,0.28758474687894886,-0.006678659443812846,-0.03314793292091839,0.07509170979455294,-0.06163528671903833,0.444674929736974,0.20062492145299668,0.20062492145299637,0.21634195818237895,0.6774453137156657,0.6774453137156886,0.5650699533935459,-0.24310469112575503,-0.24310469112575997,-0.19689176672404543,0.053728863219029914,0.05001287798308685,0.04455811502045913,0.07453770558648866,-0.00870847691185837,0.023105979214231524,-0.08818234169476881,0.7300682329985868,-0.31109465518066515,-0.006678659443813754,0.20062492145299518,0.6774453137156753,-0.24310469112575347
median_floor_area,-0.20504028233835556,0.049385197666086254,0.3707852309135853,0.018408726004943105,0.08564958679615133,0.09409042878516573,0.031862376954528426,0.02252215714831198,0.02291712512484532,1.0,0.6311690593890881,0.07555734235477986,-0.27430235208096326,-0.38169498425477616,-0.39384781742926944,-0.04635968034007306,0.11874699567882258,-0.14773845355395943,0.32024130437881904,0.374862765733779,-0.01796642936467778,-0.05316389322181844,-0.02616602458698129,-0.057381403352867774,-0.03146049939892724,-0.06579895949942,-0.04077858581771803,-0.06942491034880927,-0.03892129291016076,0.2879658978485182,0.28387103330144525,0.2911232787763597,0.300918127763762,0.2879658978485182,0.2879658978485226,0.309214035901897,-0.4568073916803584,-0.4514151054230354,-0.4532310375324055,-0.4649011633566338,-0.44281146321502923,-0.34299677005559864,-0.35615582687269703,-0.4568073916803584,-0.4568073916803544,-0.5179409087860718,0.3135782667632368,-0.2309903363762596,-0.44640311030314556,-0.32937996375787026,0.5109858782655761,-0.43159724307079644,-0.30581219746787935,-0.4315972430708114,-0.44134363701044316,-0.12241278329751404,0.3985828860340394,-0.4072058346302348,-0.5365351485761511,-0.5365351485761455,-0.45824943076570845,0.3087567895131939,0.3087567895131948,0.3510876853827527,-0.42155930068679764,-0.42155930068678943,-0.5133382381761716,-0.015512347818571056,-0.02029135150584236,-0.021388535295767837,-0.024090086157490226,-0.06673685246369745,-0.06875565382749715,0.09494758621545416,0.3009181277637434,-0.4568073916803499,-0.43159724307080405,-0.5365351485761497,0.3087567895131915,-0.4215593006867959
detached_sale_share,-0.13483482034891398,0.2335358344295354,0.0848753110915999,-0.12738652790798544,-0.00011728763484812268,0.003165383553601166,-0.11774617946348973,-0.12714001272668807,-0.12400627111542543,0.6311690593890881,1.0,0.060467580519046576,-0.5555385759294791,-0.44737054369739443,-0.47463597246395794,0.02420472889117059,0.22787747687435947,-0.13906199592092408,0.28404267963413704,0.3309553106384097,0.04795215061013934,0.015772546909860307,0.038575988056996795,0.00971754951061084,0.031446307588990585,0.0006829880154997448,0.021358965822276775,0.010543648996738741,0.0365738708523516,0.15854984159671168,0.15313164534911572,0.16374035145518784,0.204813976207753,0.15854984159671168,0.15854984159672514,0.24557037790181915,-0.560544177549275,-0.5395107536100725,-0.5558829193559073,-0.5655607328909443,-0.5465990701023624,-0.4459373672988317,-0.45919457983212325,-0.560544177549275,-0.5605441775492772,-0.5948159368909772,0.4836024682702026,-0.1662893288245909,-0.49599492619118724,-0.43245489320122293,0.6538047721647218,-0.5021271514348101,-0.46015634190341054,-0.5021271514348273,-0.5036974473156667,-0.14086204938746272,0.46119988522577365,-0.6193672538690894,-0.7434469341711585,-0.7434469341711619,-0.7180495804133475,0.14494283029005528,0.14494283029005403,0.24152667866296368,-0.5627355129225599,-0.5627355129225547,-0.6289588635892283,0.052458885946126355,0.05255319286412071,0.054619092462643716,0.04391901993381856,-0.01287917218006452,-0.0514693440897308,0.2873350488312723,0.20481397620770064,-0.5605441775492805,-0.502127151434818,-0.7434469341711648,0.14494283029005542,-0.5627355129225589
semidetached_sale_share,-0.16407622025714588,-0.04127439793636372,-0.3091496518888637,-0.39299196210152937,-0.3473956058050853,-0.3490799844258686,-0.3944281111062431,-0.3838108003879939,-0.4004592866269774,0.07555734235477986,0.060467580519046576,1.0,-0.3095874173405317,-0.559874259744689,-0.4343940418840316,-0.11690500829255003,0.03757700430913211,-0.17612685816289853,0.0440541844069667,0.027493664442922127,-0.09888996680373727,-0.11973659703972873,-0.10169708439596002,-0.12094847731280807,-0.10361092851366004,-0.12512770852199895,-0.10735102517009198,-0.1443117554744763,-0.12423465844647859,-0.28908690929902303,-0.29657585705601996,-0.2814648048887874,-0.2713294932303221,-0.28908690929902303,-0.2890869092990237,-0.2707297432915526,-0.044012096748122294,0.007710073548688214,-0.04005499695865821,-0.053239028023911346,-0.08625994169651595,-0.02441025939295072,-0.0655196710710291,-0.044012096748122294,-0.044012096748122724,-0.03984820651320721,0.2696465014925999,-0.24858170732229462,-0.14854532100682558,-0.52022127244973,0.41078911631659065,-0.1047048518957907,-0.5474919572716292,-0.10470485189579144,-0.07771121075506988,-0.13989714672471576,-0.054982658415135464,-0.3656701289141381,-0.10158169400182215,-0.10158169400182622,-0.16076118059673727,-0.37575227439705117,-0.37575227439704845,-0.33657903831698255,-0.06456205527183519,-0.06456205527183541,-0.02559186877108187,-0.09894086734042179,-0.0999383135428386,-0.1026915804904256,-0.10244155581128758,0.005478171987166237,0.004045319695550026,0.031210578335584296,-0.2713294932303176,-0.04401209674812321,-0.1047048518957876,-0.10158169400182804,-0.37575227439705766,-0.0645620552718351
terraced_sale_share,0.0029201200064761256,-0.18507621506834412,-0.27748425854666064,-0.2366368403118369,-0.3120856387256418,-0.30688178985287373,-0.23767315449817278,-0.22830264928580946,-0.2393962387190543,-0.27430235208096326,-0.5555385759294791,-0.3095874173405317,1.0,-0.16657553502682484,-0.05645318537260112,-0.09533709259571393,-0.08931211326853529,-0.05482835342316743,-0.2012809388709838,-0.23469391925586192,-0.09885021093836335,-0.09399713052517147,-0.09675459635510844,-0.08967500724662189,-0.09240806381440124,-0.08512614380899046,-0.08782611760697041,-0.1062208712101607,-0.1102554946310324,-0.33941970870795346,-0.33849029695678434,-0.33985039271841927,-0.3738786409608139,-0.33941970870795346,-0.3394197087079594,-0.3459365532728867,0.5053006213163523,0.4928653669843115,0.5061950482063404,0.4912286300237615,0.4938066751466031,0.43115879973517096,0.4251588638296806,0.5053006213163523,0.5053006213163559,0.46628726565029227,-0.300479433517074,-0.0018103069196484256,0.27358213054168395,0.17804694559557593,-0.37412517320369904,0.3056461533285246,0.24201089842375187,0.3056461533285246,0.34249595726495313,0.06988775459487313,-0.1765808330858119,0.24830935680710056,0.32651818792399423,0.3265181879239888,0.3481378498978723,-0.3394653095344894,-0.33946530953449294,-0.3603287460080183,0.4966514808805836,0.49665148088058014,0.45701842990775965,-0.09752978658772792,-0.09852034031374564,-0.0969768740930606,-0.10193673356894765,0.01108355719721995,0.03613506297515689,-0.20678913232739227,-0.37387864096079265,0.5053006213163485,0.3056461533285265,0.3265181879239905,-0.3394653095344905,0.4966514808805652
flat_sale_share,0.24910206512044514,-0.010172039104998523,0.42053827443516845,0.6419974869308027,0.5595280919769953,0.5531130092513081,0.6353237711600193,0.6269100353394057,0.6473392612288965,-0.38169498425477616,-0.44737054369739443,-0.559874259744689,-0.16657553502682484,1.0,0.8250769738091809,0.15741316881037887,-0.15482108767569133,0.31528405212355315,-0.12184612580034146,-0.12452691442301782,0.12486310885784978,0.166076023170441,0.13367239046191207,0.16857456816445793,0.13767781537424215,0.17591032409862595,0.14559314024295814,0.2013815629053549,0.16561034379939063,0.3944979046594672,0.4044707628506676,0.3841704638585747,0.37002206440047947,0.3944979046594672,0.39449790465946283,0.3069705513927498,0.08131544615524927,0.03282427199424445,0.07314500650079084,0.10602102955502997,0.11247258970919721,0.029638904319889896,0.07957275575787398,0.08131544615524927,0.08131544615524752,0.14485454370707052,-0.37673366171112693,0.34860607772385144,0.3171404884931445,0.6398421452899765,-0.5751546243768058,0.25881008904911207,0.6279613682131611,0.2588100890491196,0.20523750580990163,0.17423512794969484,-0.21387457822741474,0.6234487380573339,0.45638331080483224,0.45638331080484523,0.4601860796424846,0.4752107552990546,0.47521075529905615,0.3757189990450519,0.10741872265117985,0.10741872265117439,0.1731025980745789,0.1195877715670465,0.12156259323137772,0.12060878233686667,0.1330773224029603,-0.0027185950921508155,0.010575807603084948,-0.09629351062060441,0.37002206440051316,0.08131544615524776,0.25881008904911584,0.4563833108048433,0.47521075529905155,0.10741872265117529
leasehold_sale_share,0.2245390960587504,-0.047611186869886364,0.25153768692102385,0.45237532404877234,0.3497891690426646,0.34222780025238,0.4446257002210281,0.43465124700212554,0.4603392546583305,-0.39384781742926944,-0.47463597246395794,-0.4343940418840316,-0.05645318537260112,0.8250769738091809,1.0,0.11660435975200656,-0.15526114786389375,0.26391224496533533,-0.11067255366743449,-0.1202319022060399,0.08613712564767624,0.12407635064794569,0.09359133339781309,0.1274036626224664,0.09833207538668026,0.13430549794504068,0.10600400621262461,0.15212716215073163,0.1182829666536607,0.24116366495748093,0.24963373837262587,0.23235444343907632,0.212568853352935,0.24116366495748093,0.24116366495747196,0.1500824235456533,0.1648985591194386,0.12334964739040945,0.16340362520903168,0.16850686104776655,0.1795414289832813,0.11759210372028939,0.1509815041235805,0.1648985591194386,0.1648985591194389,0.2122690787276094,-0.3354825255587535,0.26823604130999584,0.31225389007117105,0.5432543830502309,-0.5147967406477714,0.259293769680848,0.5297839766024934,0.2592937696808594,0.21035948406496185,0.14686822627355767,-0.2479377506320563,0.5529910156950151,0.4614423751165224,0.46144237511651237,0.44281480106700355,0.3617416559312848,0.3617416559312902,0.26594442397570217,0.16005071731741144,0.16005071731740472,0.22133136056021385,0.08028740356013726,0.08032561957391712,0.0783787105701846,0.09349097767635407,0.002873405531850945,0.011807402982625793,-0.11893781494019463,0.21256885335297665,0.1648985591194384,0.2592937696808525,0.46144237511651576,0.3617416559312857,0.16005071731740775
newbuild_total,0.14997004481892096,0.1830475172963178,0.03387933095260354,0.06847059706209904,0.08179865258318221,0.07820829431244374,0.06570967557215666,0.0643256933423618,0.06903932415349913,-0.04635968034007306,0.02420472889117059,-0.11690500829255003,-0.09533709259571393,0.15741316881037887,0.11660435975200656,1.0,0.6279931045897764,0.8101725141742208,-0.1690943920541706,-0.16880842197971663,0.9664033793526904,0.6102939176582121,0.5840538508545344,0.47321440206991755,0.44461448895718103,0.39952699676454434,0.36961826325652425,0.5882580507400449,0.5589058403252666,0.049784693915589415,0.053775931727071236,0.04613887626841886,0.05547567723951924,0.049784693915589415,0.04978469391559029,0.06930303887903087,-0.03237596740151229,-0.037257882662982245,-0.033829235022731954,-0.028614815752468863,-0.018650890292726274,-0.03280849366006168,-0.021666610604902027,-0.03237596740151229,-0.03237596740151274,-0.030469888901794404,-0.002481386191941071,0.20927671387547256,0.07930276786459699,0.1473987037267986,-0.09752159558740597,0.036438808723140495,0.10484067893469856,0.03643880872314096,0.03766859341471631,0.13394833553945248,0.035941794514058135,-0.04661507718190089,-0.07541384321752544,-0.07541384321752499,-0.08009239618537038,0.08444190790900921,0.08444190790900953,0.0906481210437011,-0.03617151557730426,-0.03617151557730292,-0.03757366939796995,0.5839225580587355,0.44759369126338067,0.38381158857129943,0.5839925098950253,0.0069157777542185935,-0.018675033357461478,0.14377111839848855,0.05547567723950679,-0.03237596740151206,0.036438808723139864,-0.07541384321752446,0.0844419079090097,-0.03617151557730355
newbuild_houses,0.07735555177714519,0.23677413955902105,-0.06058223419988666,-0.10253971949377595,-0.06470983907632938,-0.06592949108546901,-0.10241481640535713,-0.10167658856433393,-0.10396907005165873,0.11874699567882258,0.22787747687435947,0.03757700430913211,-0.08931211326853529,-0.15482108767569133,-0.15526114786389375,0.6279931045897764,1.0,0.05384927110188765,-0.09037529672572589,-0.0847551013248823,0.6632738832024703,0.4564345374168831,0.48070881740894134,0.3459985369138417,0.36164113410288656,0.2795630202307667,0.28871562706833676,0.42950670729216484,0.4523558561112755,-0.020671688065098188,-0.022209933389804766,-0.018887218803982073,-0.008117581085928296,-0.020671688065098188,-0.02067168806509177,0.016362264987385113,-0.11063055989728739,-0.09821552454423989,-0.11131173296464826,-0.10861945607062308,-0.10768737086469941,-0.08426052280002233,-0.09169202601829646,-0.11063055989728739,-0.11063055989728815,-0.13419348787109087,0.1757741134057615,0.046197724787953184,-0.05789299635699361,-0.09498384419392147,0.13218235377850726,-0.07875824421337667,-0.1296259639578084,-0.07875824421337926,-0.0650999613607293,0.07446333054644759,0.1391540693249932,-0.2511201179904282,-0.2803756571129159,-0.28037565711291895,-0.2953403623609512,-0.026877570753930092,-0.02687757075393194,0.005556060234379936,-0.12508009868441144,-0.12508009868440667,-0.15634732523494937,0.4957346447369199,0.3805763337130924,0.30636025682567003,0.4858629449650792,0.01285043595630316,-0.026436401335537815,0.2129148963188748,-0.008117581085953582,-0.11063055989728642,-0.07875824421337771,-0.2803756571129167,-0.026877570753931056,-0.12508009868440645
newbuild_flats,0.13367685482196665,0.0572349475616117,0.08696320782663863,0.1620975696842113,0.15107886657771236,0.14740894021083786,0.15847863385467184,0.15617487710648587,0.16386899171757477,-0.14773845355395943,-0.13906199592092408,-0.17612685816289853,-0.05482835342316743,0.31528405212355315,0.26391224496533533,0.8101725141742208,0.05384927110188765,1.0,-0.14517356908973783,-0.14897630253552924,0.7402606154932793,0.43822029912493077,0.386152054873744,0.3458509066991592,0.2972790631319387,0.30192874976253486,0.25652098359865716,0.4305172611396736,0.375502148964298,0.07789925172600959,0.08417171986082166,0.071882533274934,0.0757770087911761,0.07789925172600959,0.07789925172600673,0.0752879817582049,0.04151271998975668,0.02610474159513117,0.04028370444838746,0.044469854868599605,0.05671883759012149,0.021113218579365413,0.04060405877802487,0.04151271998975668,0.04151271998975679,0.061396212771550565,-0.1337588945371949,0.23268679533354222,0.1435923049795764,0.25905733916017865,-0.22243174629682547,0.10442964142724706,0.23055839671180695,0.1044296414272469,0.0962632645666163,0.11534780934688098,-0.05809452965398524,0.1264081246181684,0.11284764335049874,0.11284764335049972,0.11805341664887993,0.12667903482153187,0.12667903482153528,0.11042024628337879,0.04728485436244134,0.04728485436244091,0.06882112866636643,0.37542458484180186,0.2893741867617705,0.2616839554103184,0.3819951059636565,-0.0009998344633784838,-0.004597671403283546,0.025075303577019904,0.07577700879117882,0.041512719989756725,0.10442964142724631,0.11284764335049989,0.12667903482153098,0.04728485436244068
median_newbuild_floor_area,-0.12205373136837376,-0.016029184850487852,0.17316709956642762,0.05590789310918504,0.07637943352511052,0.07879810295663305,0.06105293469084908,0.053268334117726975,0.0598709640048074,0.32024130437881904,0.28404267963413704,0.0440541844069667,-0.2012809388709838,-0.12184612580034146,-0.11067255366743449,-0.1690943920541706,-0.09037529672572589,-0.14517356908973783,1.0,0.9624103747804293,-0.16856679366487262,-0.11155286904057192,-0.10619238806951015,-0.09172077304966124,-0.08417194005412831,-0.08466532327851382,-0.0759535346492388,-0.11375552632336115,-0.10601285231791524,0.18219667973828968,0.1806301430515404,0.18321482178778886,0.18795897964015848,0.18219667973828968,0.1821966797382907,0.17804061813805275,-0.25723575949093397,-0.25150931392713133,-0.2562261858895285,-0.2583016483989406,-0.2527609587339568,-0.18903821007455107,-0.19286335529490284,-0.25723575949093397,-0.25723575949092925,-0.2761822632464057,0.14359446831836217,-0.11925144767350306,-0.22464818441138393,-0.1825012505538645,0.26523846012765484,-0.2175615732251938,-0.17623568881273577,-0.21756157322519154,-0.2311003574845987,-0.10521947074475328,0.11954346871208496,-0.19249218114691594,-0.22189417414576798,-0.22189417414576884,-0.22904205718662168,0.18078059302835622,0.18078059302835497,0.18585425631555522,-0.23608036078165606,-0.2360803607816601,-0.2670713735964487,-0.0977575389804477,-0.06749106380941094,-0.05562379123629497,-0.10683592019585235,-0.026451960812305546,-0.012308532455827076,0.0038728972599593662,0.18795897964015423,-0.25723575949093064,-0.21756157322519112,-0.22189417414576906,0.18078059302835603,-0.236080360781656
mean_newbuild_floor_area,-0.11943998902639426,-0.0034763039389429694,0.21560749299790308,0.07996145521858133,0.103817483928862,0.10674568046502,0.08619763326047139,0.07612790942420138,0.08529146874174677,0.374862765733779,0.3309553106384097,0.027493664442922127,-0.23469391925586192,-0.12452691442301782,-0.1202319022060399,-0.16880842197971663,-0.0847551013248823,-0.14897630253552924,0.9624103747804293,1.0,-0.16758025568461352,-0.11076463352394361,-0.10490948599803039,-0.0897622008446002,-0.0817061526113425,-0.08275744587377871,-0.07387819190040251,-0.11194373466433429,-0.10372035474756579,0.22196608934423923,0.22026798879692502,0.22284404225199178,0.22775008988005604,0.22196608934423923,0.22196608934423864,0.215434261925228,-0.29970357291130373,-0.29542075799223355,-0.29818891700490463,-0.3018579512792931,-0.2925229080052736,-0.22158501898975794,-0.2253732576953739,-0.29970357291130373,-0.2997035729113024,-0.3224564746860455,0.16870198007374795,-0.12712496079346158,-0.25335309145655643,-0.18811056074331373,0.2920375606009582,-0.24947601613802595,-0.18378724313584108,-0.24947601613802334,-0.2627588275561909,-0.10227883431757995,0.1538187309316266,-0.22359635815317358,-0.2704872130683283,-0.27048721306833384,-0.2718059795539296,0.2208777295122082,0.22087772951220372,0.22605910008699104,-0.27745089781081184,-0.2774508978108114,-0.315338165264137,-0.09541684471572758,-0.06277227263678195,-0.04989867804783474,-0.10520103080772454,-0.03341347428831537,-0.01509268955393638,0.015322276332459,0.22775008988004952,-0.2997035729113039,-0.24947601613802478,-0.27048721306833673,0.22087772951220716,-0.27745089781081284
newbuilds_per_1000,0.041429857530088356,0.12836920565465923,0.03797573766495625,0.060711908090285774,0.07875213464865992,0.07563408361464675,0.058543530673134676,0.05803278653376907,0.06070934331381555,-0.01796642936467778,0.04795215061013934,-0.09888996680373727,-0.09885021093836335,0.12486310885784978,0.08613712564767624,0.9664033793526904,0.6632738832024703,0.7402606154932793,-0.16856679366487262,-0.16758025568461352,1.0,0.5833833838331379,0.6030053605924185,0.44289694173172434,0.45264775333176555,0.3684670623179934,0.3731058041119845,0.5534659025546885,0.5712331044225211,0.049989438316939146,0.05350700617748008,0.04679275725507545,0.05683265938858744,0.049989438316939146,0.04998943831694159,0.07276523384076614,-0.04390196656426266,-0.047053782716589755,-0.046167475486814796,-0.03832440526978532,-0.0293095673267092,-0.037525222009896296,-0.027167355950468836,-0.04390196656426266,-0.04390196656426283,-0.046120742994596044,-0.04378725067620059,0.15781989023532608,0.03948520225393353,0.08181738350771083,-0.07103883544320001,0.026574379674342043,0.0734835839415027,0.026574379674341862,0.023410952604088892,0.04052399760001674,0.0424056311176777,-0.06503343531087664,-0.09931447243282511,-0.09931447243282406,-0.10308894064544775,0.07436502876368488,0.07436502876368495,0.08456014638671362,-0.045040949122419564,-0.045040949122418635,-0.05345213283819301,0.6037554843011677,0.45741524027174735,0.3876616158588103,0.6037554843011675,0.00845578100499595,-0.018988724167875597,0.10227507836742902,0.056832659388573806,-0.043901966564263054,0.02657437967434182,-0.09931447243282243,0.07436502876368549,-0.04504094912241826
newbuilds_lag1,0.15271202648569238,0.16622832468448803,0.04646254739444748,0.08462809056572873,0.09756869664561255,0.09342522353636995,0.08176185245953463,0.079945745049215,0.08582098494658297,-0.05316389322181844,0.015772546909860307,-0.11973659703972873,-0.09399713052517147,0.166076023170441,0.12407635064794569,0.6102939176582121,0.4564345374168831,0.43822029912493077,-0.11155286904057192,-0.11076463352394361,0.5833833838331379,1.0,0.9669212245450156,0.6170351288722181,0.5902130081046904,0.483227057124833,0.45134233454384204,0.836007777253816,0.8056106429071729,0.04794027945099807,0.05207673227287528,0.04414700928451279,0.05321209787972323,0.04794027945099807,0.04794027945099995,0.06687044236504773,-0.026368844402350353,-0.03137113993683906,-0.028163934237119246,-0.02173361438977437,-0.012574743104795118,-0.02845760999597961,-0.016755351364359884,-0.026368844402350353,-0.026368844402350294,-0.023549780726366303,-0.007670524393033866,0.21733091020554726,0.08632073124737746,0.15186286186402648,-0.105667045037992,0.04329785121098934,0.10941985284658425,0.043297851210990196,0.04425930960386095,0.13685276752363207,0.030267205685389324,-0.039618208463164155,-0.0663248508385833,-0.06632485083858151,-0.07213073241222022,0.08284397708585844,0.0828439770858593,0.08821509791700327,-0.03038859205172585,-0.030388592051725095,-0.030267706973960678,0.4460791527598104,0.3796516962103749,0.312542054358836,0.9661014254759849,-0.016221175779702883,-0.011954424983933678,0.12951933642682925,0.05321209787971112,-0.02636884440235019,0.043297851210989606,-0.06632485083858249,0.08284397708585771,-0.030388592051725522
newbuilds_lag1_per_1000,0.043743120858729306,0.11166028289085377,0.05071159089085238,0.07723227610921055,0.09506631190038085,0.09131253160118812,0.07492694337016206,0.07385661275519205,0.07782499573801527,-0.02616602458698129,0.038575988056996795,-0.10169708439596002,-0.09675459635510844,0.13367239046191207,0.09359133339781309,0.5840538508545344,0.48070881740894134,0.386152054873744,-0.10619238806951015,-0.10490948599803039,0.6030053605924185,0.9669212245450156,1.0,0.5888032078106188,0.6076195980441321,0.4507544194700006,0.45758203922952617,0.7989893747859937,0.8285348848661803,0.04764801034779194,0.05130955999232019,0.04431560324803864,0.05401422910205719,0.04764801034779194,0.047648010347793805,0.06972294144782999,-0.03714304113125778,-0.040406274324449015,-0.03979603997582494,-0.03061466755678206,-0.022498004070914412,-0.032490397041759274,-0.021578024724759868,-0.03714304113125778,-0.037143041131257964,-0.03840930697607201,-0.0496134205502434,0.16487385957395748,0.04680088445220347,0.08632217551759856,-0.07983616639692627,0.034134804470242364,0.07830048367863464,0.03413480447024218,0.03065831760599333,0.042990707027406344,0.03638624664480786,-0.05761429973503542,-0.08947516226157012,-0.08947516226157028,-0.09446140113383598,0.07218695554115465,0.0721869555411554,0.08148999574908199,-0.03850879285309288,-0.03850879285309226,-0.04548328131695128,0.4559785368727288,0.3845535512660788,0.31666923282056525,1.0,-0.015604663832776212,-0.010862743161483925,0.08739449136509572,0.05401422910204436,-0.037143041131257895,0.03413480447024239,-0.08947516226156864,0.07218695554115488,-0.0385087928530922
newbuilds_lag2,0.15502814815639301,0.17394798410953644,0.05043098003132852,0.09006383616272143,0.10130589676693175,0.09686287170193744,0.08683412793502544,0.08476765994705605,0.09100185201337586,-0.057381403352867774,0.00971754951061084,-0.12094847731280807,-0.08967500724662189,0.16857456816445793,0.1274036626224664,0.47321440206991755,0.3459985369138417,0.3458509066991592,-0.09172077304966124,-0.0897622008446002,0.44289694173172434,0.6170351288722181,0.5888032078106188,1.0,0.9673244801298776,0.6075950826449859,0.5793332859550275,0.8788182218734154,0.8495841208340021,0.044184429930268866,0.048373646990069394,0.04033388789915481,0.04891445107150212,0.044184429930268866,0.044184429930271406,0.06143067052934517,-0.020160914594528314,-0.02520188607639959,-0.021920360602926098,-0.015511403560128955,-0.006996922379949061,-0.023782330795212053,-0.012390732083604666,-0.020160914594528314,-0.020160914594528533,-0.01526542774139527,-0.010782320270976104,0.21918407065282766,0.0921228478357171,0.15406772084083295,-0.11151983055955535,0.04907477835354965,0.11186885680260228,0.049074778353548544,0.05090115789562096,0.13836921036222505,0.023498506556923635,-0.03048352883861546,-0.0542397185617793,-0.054239718561778914,-0.06151575082996398,0.07910247151307649,0.07910247151307773,0.08263344486005249,-0.024943231796701437,-0.0249432317967007,-0.0224415464541396,0.37752531356077584,0.31074542832995034,0.27028991346693393,0.5940617760211825,-0.019789376244743032,-0.017325453564794143,0.13381215176302383,0.0489144510714902,-0.020160914594528224,0.0490747783535485,-0.05423971856177881,0.07910247151307696,-0.024943231796700712
newbuilds_lag2_per_1000,0.04769826745573606,0.12132493072794574,0.0552452466555928,0.08377743429169304,0.09957834097713295,0.09549812827198642,0.08102036206397935,0.07973337856831997,0.0840949197440165,-0.03146049939892724,0.031446307588990585,-0.10361092851366004,-0.09240806381440124,0.13767781537424215,0.09833207538668026,0.44461448895718103,0.36164113410288656,0.2972790631319387,-0.08417194005412831,-0.0817061526113425,0.45264775333176555,0.5902130081046904,0.6076195980441321,0.9673244801298776,1.0,0.5802693151856168,0.5961663539294167,0.8445465721942704,0.8767928641427304,0.04347634957106336,0.04721756408180297,0.04006424636565235,0.049232634761938135,0.04347634957106336,0.04347634957106502,0.06373863151172551,-0.030072082274544294,-0.03340697327956617,-0.032733014059515904,-0.023417574160294944,-0.01607922065473538,-0.027103760260729217,-0.01641509209918079,-0.030072082274544294,-0.030072082274545112,-0.029080693871014255,-0.052667615814494605,0.16776303639697052,0.053652782244961804,0.08991312903566351,-0.08693390174521398,0.04079517451588867,0.08169119306697266,0.040795174515888474,0.03834043838520035,0.04580331755833217,0.028952414701596922,-0.04775206994327601,-0.07596844875060282,-0.0759684487506011,-0.08258238380371198,0.06830773428889923,0.06830773428890116,0.07554979548005217,-0.032065673385278305,-0.032065673385277355,-0.03654306482271283,0.3823806303415547,0.3148091068441466,0.26786187229711184,0.6133766743697493,-0.017427332245583873,-0.016396435681561572,0.09345450605102917,0.04923263476192648,-0.030072082274545102,0.040795174515888995,-0.07596844875060188,0.06830773428889927,-0.03206567338527793
newbuilds_lag3,0.16111823867954234,0.18626967344961237,0.05284414057481744,0.09486366985998815,0.10425851132697907,0.09940761538385746,0.09143337730817454,0.08915917410408042,0.09603925028900609,-0.06579895949942,0.0006829880154997448,-0.12512770852199895,-0.08512614380899046,0.17591032409862595,0.13430549794504068,0.39952699676454434,0.2795630202307667,0.30192874976253486,-0.08466532327851382,-0.08275744587377871,0.3684670623179934,0.483227057124833,0.4507544194700006,0.6075950826449859,0.5802693151856168,1.0,0.9685868364917861,0.8178430320215736,0.7877327181857183,0.04245578700100443,0.046663909337067044,0.03856366744673839,0.04659434903414897,0.04245578700100443,0.042455787001006044,0.058359594824845006,-0.013669678007276788,-0.01877331371468533,-0.015722014047235236,-0.008136164378730106,-0.0010506960952367983,-0.01935079545648571,-0.008511645650017836,-0.013669678007276788,-0.013669678007277128,-0.007580811811453065,-0.013328484649028671,0.230134694571701,0.09995826769922753,0.15867849729936073,-0.11939293569703563,0.05591662617063259,0.11579506455741158,0.05591662617063286,0.05875471354538621,0.14276760810452302,0.01684048721045932,-0.019411347670562143,-0.04188664239500131,-0.04188664239499997,-0.05056027005610031,0.07767188624860824,0.07767188624860895,0.07972959043388271,-0.018740711376516384,-0.01874071137651573,-0.01359590077477025,0.30459261885113786,0.2638451639891736,0.23384566793612419,0.46159908773380853,-0.005743244994686253,-0.01691492090466354,0.14291376029988542,0.04659434903413865,-0.013669678007277038,0.05591662617063184,-0.041886642394999916,0.07767188624860898,-0.018740711376515944
newbuilds_lag3_per_1000,0.05375902649844115,0.13414209236156152,0.0579010636376293,0.0888444611368059,0.10276663390769306,0.09822882543602303,0.08587312399058765,0.08435263463257496,0.08943310587354963,-0.04077858581771803,0.021358965822276775,-0.10735102517009198,-0.08782611760697041,0.14559314024295814,0.10600400621262461,0.36961826325652425,0.28871562706833676,0.25652098359865716,-0.0759535346492388,-0.07387819190040251,0.3731058041119845,0.45134233454384204,0.45758203922952617,0.5793332859550275,0.5961663539294167,0.9685868364917861,1.0,0.7817023913206746,0.8089135859939757,0.040850981214864884,0.044618237619539196,0.037382701043577826,0.045904052391704975,0.040850981214864884,0.040850981214866876,0.05956505021535294,-0.02268226936930188,-0.02604426244160317,-0.025657351086285876,-0.015132392545913783,-0.00934088873426848,-0.022067060005204735,-0.011963491097147609,-0.02268226936930188,-0.02268226936930171,-0.020478350201303147,-0.055532242275292715,0.17738521385808978,0.061806263380291236,0.09474406373961501,-0.09521918198574608,0.04814558200755341,0.08577103490988366,0.048145582007552014,0.046818554805279376,0.05002499186993768,0.02174690146256259,-0.036221091217407984,-0.062312347394586125,-0.062312347394584564,-0.07042433746711034,0.06620513560295355,0.066205135602954,0.07167014760884372,-0.024808989394106824,-0.02480898939410585,-0.026666758129626145,0.30824503608575754,0.26135629252216974,0.23020081157731814,0.46879829827436637,-0.0023150319275758624,-0.014351904584770984,0.10300995365800385,0.04590405239169391,-0.02268226936930172,0.048145582007550855,-0.06231234739458463,0.06620513560295409,-0.02480898939410647
newbuilds_prev3yr,0.18494200424787796,0.20750926640102635,0.059014845997017236,0.10625346330928077,0.11955638207208255,0.11426248946007925,0.10250112283516889,0.10007735140494983,0.10755841871706757,-0.06942491034880927,0.010543648996738741,-0.1443117554744763,-0.1062208712101607,0.2013815629053549,0.15212716215073163,0.5882580507400449,0.42950670729216484,0.4305172611396736,-0.11375552632336115,-0.11194373466433429,0.5534659025546885,0.836007777253816,0.7989893747859937,0.8788182218734154,0.8445465721942704,0.8178430320215736,0.7817023913206746,1.0,0.9645758651047103,0.05319498296507489,0.058141200128799815,0.04864302306162006,0.05879217007791283,0.05319498296507489,0.053194982965077416,0.07379343860778172,-0.023938660976539565,-0.029915835013874868,-0.02614789231952176,-0.01810299066064227,-0.008300930702836577,-0.028384354150637343,-0.014978482635515659,-0.023938660976539565,-0.023938660976539856,-0.01853528053863077,-0.012465833524052339,0.262946305727485,0.10969558579539394,0.1832880254750939,-0.13265768399312908,0.058354051203294365,0.13295961147591254,0.05835405120329369,0.06054834558259267,0.16489912658174685,0.028056140994578812,-0.03561506866174395,-0.06446209261352466,-0.06446209261352423,-0.07300921899094842,0.09464969993865016,0.09464969993865241,0.09902157667392734,-0.029400186199383876,-0.02940018619938294,-0.026404654922371002,0.4486436206657483,0.3818809978209335,0.32821580121184496,0.8014465674617303,-0.01660393314049344,-0.0180701119734437,0.1601576492397237,0.058792170077899435,-0.023938660976539385,0.05835405120329441,-0.06446209261352391,0.09464969993864873,-0.029400186199383564
newbuilds_prev3yr_per_1000,0.05759199347898358,0.14565716788148575,0.06505150088622687,0.0991822599513229,0.11814530582297333,0.11323719270768864,0.09599714606625896,0.09446157731834573,0.09977798665224541,-0.03892129291016076,0.0365738708523516,-0.12423465844647859,-0.1102554946310324,0.16561034379939063,0.1182829666536607,0.5589058403252666,0.4523558561112755,0.375502148964298,-0.10601285231791524,-0.10372035474756579,0.5712331044225211,0.8056106429071729,0.8285348848661803,0.8495841208340021,0.8767928641427304,0.7877327181857183,0.8089135859939757,0.9645758651047103,1.0,0.05256729053252332,0.05700707997819919,0.04850853216332332,0.0594146157662168,0.05256729053252332,0.05256729053252451,0.07688794965289443,-0.035944293079589136,-0.03990311364020404,-0.03923540109375659,-0.0277154602331064,-0.019235129515019964,-0.03261319636594908,-0.019995953014296644,-0.035944293079589136,-0.035944293079589545,-0.035224933130182386,-0.06266492365962534,0.20260907840652284,0.06430606185315037,0.1076245945677308,-0.10395351678597146,0.04874036728579366,0.09761186781341544,0.0487403672857936,0.04582458320552137,0.05509646559930933,0.03482850361348205,-0.056593293893005804,-0.09093341826740584,-0.0909334182674056,-0.09872771111416803,0.08226651035189628,0.08226651035189704,0.09107091127925392,-0.03811525523381374,-0.03811525523381206,-0.04347828057642622,0.45932640011670167,0.38684021685551495,0.3287896998283975,0.8312665996616997,-0.01421538932531438,-0.01640605332838802,0.11264457331066671,0.059414615766201766,-0.03594429307958865,0.048740367285792605,-0.0909334182674051,0.08226651035189558,-0.03811525523381257
baseline_income_bhc_2011_12,-0.005293380470011867,0.17337991757734333,0.7934382650026501,0.7548157942573825,0.7709289269278127,0.7738599369258321,0.7597151980489479,0.7601693714594635,0.7493489683776945,0.2879658978485182,0.15854984159671168,-0.28908690929902303,-0.33941970870795346,0.3944979046594672,0.24116366495748093,0.049784693915589415,-0.020671688065098188,0.07789925172600959,0.18219667973828968,0.22196608934423923,0.049989438316939146,0.04794027945099807,0.04764801034779194,0.044184429930268866,0.04347634957106336,0.04245578700100443,0.040850981214864884,0.05319498296507489,0.05256729053252332,1.0,0.9989736334496082,0.9988370794289486,0.9887015630375184,1.0,1.0000000000000027,0.8898728269849113,-0.6553488498281836,-0.6764540667327861,-0.6595712963645037,-0.6283617655623135,-0.6366419175214288,-0.5788436323657928,-0.5536117321143676,-0.6553488498281836,-0.6553488498281936,-0.6279802636819889,0.15996703813060298,0.12520396253552654,-0.3638954422560794,0.1476990838328567,0.21882715296877453,-0.4026901495680599,0.15146867973486725,-0.4026901495680679,-0.39378580243369093,-0.009185537617933247,0.036594269706423606,0.10526363365029588,-0.05191895962432424,-0.05191895962432276,-0.037349256275830106,0.8538598011944567,0.8538598011944571,0.7538515208831259,-0.5879049069556818,-0.5879049069556777,-0.5671071343086047,0.051634309852381106,0.05290846355004767,0.05568591966385483,0.05087566247011045,-0.03898475825715921,-0.03648477309076937,0.18090903050299545,0.9887015630375454,-0.6553488498281924,-0.4026901495680555,-0.051918959624321144,0.8538598011944548,-0.5879049069556926
baseline_income_upper_ci,-0.002983794004079129,0.17077330611818273,0.7939957533181506,0.7573756170591063,0.7712538846306697,0.7740975552544893,0.7621514311472152,0.762465860692153,0.752042660286667,0.28387103330144525,0.15313164534911572,-0.29657585705601996,-0.33849029695678434,0.4044707628506676,0.24963373837262587,0.053775931727071236,-0.022209933389804766,0.08417171986082166,0.1806301430515404,0.22026798879692502,0.05350700617748008,0.05207673227287528,0.05130955999232019,0.048373646990069394,0.04721756408180297,0.046663909337067044,0.044618237619539196,0.058141200128799815,0.05700707997819919,0.9989736334496082,1.0,0.9976226067933787,0.9859554257239306,0.9989736334496082,0.9989736334496094,0.8874836639087774,-0.6502575661304082,-0.6724298766031575,-0.6540554709119695,-0.6248749968414784,-0.6309518464117084,-0.5737719687987003,-0.5481460378858514,-0.6502575661304082,-0.6502575661304094,-0.6239889571553698,0.15181206204605696,0.12786075650741593,-0.35978474025154444,0.1598129850354697,0.20815494319772976,-0.39902114208956907,0.16479492461860884,-0.39902114208957984,-0.3913263701645908,-0.0052052681882230655,0.03493375695153902,0.11387883382726914,-0.04634666557817128,-0.046346665578168765,-0.031201718899766088,0.8589953096441315,0.8589953096441477,0.7564723659165379,-0.5825846565641692,-0.5825846565641688,-0.564524712269884,0.055315256798291475,0.05671662589376451,0.05969250270421998,0.05461019721547136,-0.03974451824466687,-0.03732757920146555,0.175944480002511,0.9859554257239423,-0.6502575661304242,-0.39902114208957085,-0.04634666557816666,0.8589953096441402,-0.5825846565641624
baseline_income_lower_ci,-0.0067431213519959475,0.17613762721445037,0.7920277835032822,0.7517501119126705,0.7700541477717981,0.773051320256473,0.7567421986477839,0.7573537952653733,0.7461367991129608,0.2911232787763597,0.16374035145518784,-0.2814648048887874,-0.33985039271841927,0.3841704638585747,0.23235444343907632,0.04613887626841886,-0.018887218803982073,0.071882533274934,0.18321482178778886,0.22284404225199178,0.04679275725507545,0.04414700928451279,0.04431560324803864,0.04033388789915481,0.04006424636565235,0.03856366744673839,0.037382701043577826,0.04864302306162006,0.04850853216332332,0.9988370794289486,0.9976226067933787,1.0,0.9890076790957478,0.9988370794289486,0.9988370794289596,0.8899794626920856,-0.659811762068198,-0.6799334805328666,-0.6643784439670484,-0.6314681367382778,-0.6416299140752919,-0.5830313943931102,-0.5581944768052862,-0.659811762068198,-0.6598117620682019,-0.6311031876823074,0.1682369851482031,0.12229972287936666,-0.3675159642664249,0.13632458824646979,0.2288871256719339,-0.4060194246560611,0.1388108918085664,-0.40601942465606183,-0.39592195771211064,-0.012107954921919392,0.03825589450021329,0.09705012556697261,-0.05702811448419921,-0.05702811448419636,-0.043117084660042396,0.8482968117933951,0.8482968117934233,0.7509469173016985,-0.5927395901883477,-0.592739590188341,-0.5692431009974418,0.04833842140815034,0.049431481216742616,0.05198153561895718,0.04747187498991864,-0.038095816822636956,-0.03551277580501987,0.18563701108089772,0.9890076790957745,-0.6598117620681919,-0.4060194246560463,-0.05702811448419531,0.8482968117934195,-0.592739590188343
log_baseline_income,-0.012375896961300056,0.21032757723278936,0.7755727285113602,0.7358764748988613,0.7823833110693291,0.7852201751903776,0.741439764059024,0.7419055823710754,0.7300682329985851,0.300918127763762,0.204813976207753,-0.2713294932303221,-0.3738786409608139,0.37002206440047947,0.212568853352935,0.05547567723951924,-0.008117581085928296,0.0757770087911761,0.18795897964015848,0.22775008988005604,0.05683265938858744,0.05321209787972323,0.05401422910205719,0.04891445107150212,0.049232634761938135,0.04659434903414897,0.045904052391704975,0.05879217007791283,0.0594146157662168,0.9887015630375184,0.9859554257239306,0.9890076790957478,1.0,0.988701563037519,0.9887015630375198,0.9209171008186782,-0.7158575059511614,-0.7341835353699571,-0.7205458082077831,-0.6831888688202294,-0.6957796198513877,-0.64258955841832,-0.6146910660522283,-0.7158575059511614,-0.7158575059511733,-0.6686521672457141,0.20391835322592106,0.13392099842406754,-0.4025556696085833,0.11007939468202436,0.2736179474252268,-0.44269437914626303,0.1108465107576456,-0.44269437914626136,-0.4287191369854066,-0.016634058104426006,0.059486602111846254,0.06506333846634536,-0.09407259987609179,-0.09407259987608947,-0.08034997045610051,0.8443636552762168,0.8443636552762417,0.7760018612499665,-0.6496273221750594,-0.6496273221750715,-0.6042621403134666,0.05867196387116986,0.06002269574764874,0.06315506506844767,0.05762843694319299,-0.03557247506735174,-0.03261685222733536,0.2263286764962601,1.000000000000011,-0.7158575059511662,-0.4426943791462597,-0.09407259987608743,0.844363655276231,-0.6496273221750627
income_moderator_value,-0.005293380470011867,0.17337991757734333,0.7934382650026501,0.7548157942573825,0.7709289269278127,0.7738599369258321,0.7597151980489479,0.7601693714594635,0.7493489683776945,0.2879658978485182,0.15854984159671168,-0.28908690929902303,-0.33941970870795346,0.3944979046594672,0.24116366495748093,0.049784693915589415,-0.020671688065098188,0.07789925172600959,0.18219667973828968,0.22196608934423923,0.049989438316939146,0.04794027945099807,0.04764801034779194,0.044184429930268866,0.04347634957106336,0.04245578700100443,0.040850981214864884,0.05319498296507489,0.05256729053252332,1.0,0.9989736334496082,0.9988370794289486,0.988701563037519,1.0,1.0000000000000027,0.8898728269849113,-0.6553488498281836,-0.6764540667327861,-0.6595712963645037,-0.6283617655623135,-0.6366419175214288,-0.5788436323657928,-0.5536117321143676,-0.6553488498281836,-0.6553488498281936,-0.6279802636819889,0.15996703813060298,0.12520396253552654,-0.3638954422560794,0.1476990838328567,0.21882715296877453,-0.4026901495680599,0.15146867973486725,-0.4026901495680679,-0.39378580243369093,-0.009185537617933247,0.036594269706423606,0.10526363365029588,-0.05191895962432424,-0.05191895962432276,-0.037349256275830106,0.8538598011944567,0.8538598011944571,0.7538515208831259,-0.5879049069556818,-0.5879049069556777,-0.5671071343086047,0.051634309852381106,0.05290846355004767,0.05568591966385483,0.05087566247011045,-0.03898475825715921,-0.03648477309076937,0.18090903050299545,0.9887015630375454,-0.6553488498281924,-0.4026901495680555,-0.051918959624321144,0.8538598011944548,-0.5879049069556926
income_z,-0.005293380470011236,0.1733799175773505,0.7934382650026397,0.7548157942573732,0.770928926927789,0.7738599369258311,0.7597151980489422,0.7601693714594674,0.7493489683776929,0.2879658978485226,0.15854984159672514,-0.2890869092990237,-0.3394197087079594,0.39449790465946283,0.24116366495747196,0.04978469391559029,-0.02067168806509177,0.07789925172600673,0.1821966797382907,0.22196608934423864,0.04998943831694159,0.04794027945099995,0.047648010347793805,0.044184429930271406,0.04347634957106502,0.042455787001006044,0.040850981214866876,0.053194982965077416,0.05256729053252451,1.0000000000000027,0.9989736334496094,0.9988370794289596,0.9887015630375198,1.0000000000000027,1.0,0.8898728269849128,-0.6553488498281952,-0.6764540667327948,-0.6595712963645157,-0.6283617655623206,-0.6366419175214272,-0.5788436323658058,-0.5536117321143696,-0.6553488498281952,-0.6553488498281905,-0.6279802636819978,0.15996703813060967,0.12520396253552665,-0.3638954422560846,0.14769908383285174,0.2188271529687799,-0.4026901495680604,0.1514686797348632,-0.40269014956806853,-0.3937858024336935,-0.009185537617935165,0.036594269706431905,0.10526363365028371,-0.05191895962433924,-0.051918959624336604,-0.03734925627584381,0.85385980119445,0.853859801194445,0.7538515208831258,-0.5879049069556906,-0.5879049069556864,-0.5671071343086179,0.05163430985238054,0.05290846355004741,0.05568591966385608,0.05087566247010881,-0.03898475825715943,-0.03648477309076966,0.18090903050300192,0.988701563037524,-0.6553488498282051,-0.4026901495680662,-0.051918959624334564,0.8538598011944493,-0.5879049069556951
income_quartile,-0.03295273693833996,0.2074465086591584,0.6972699720447454,0.6532337515371529,0.7326088225868871,0.7374723887539153,0.6603408971397342,0.662297911665761,0.6461942251361676,0.309214035901897,0.24557037790181915,-0.2707297432915526,-0.3459365532728867,0.3069705513927498,0.1500824235456533,0.06930303887903087,0.016362264987385113,0.0752879817582049,0.17804061813805275,0.215434261925228,0.07276523384076614,0.06687044236504773,0.06972294144782999,0.06143067052934517,0.06373863151172551,0.058359594824845006,0.05956505021535294,0.07379343860778172,0.07688794965289443,0.8898728269849113,0.8874836639087774,0.8899794626920856,0.9209171008186782,0.8898728269849113,0.8898728269849128,1.0,-0.6995542942068478,-0.7132872370888199,-0.7100488386245488,-0.6560757043648222,-0.6738075977064217,-0.618079258751854,-0.585492811892485,-0.6995542942068478,-0.6995542942068458,-0.6950311403610134,0.20448024737146375,0.14506479473238387,-0.39209492537650037,0.06102954911869115,0.2870924189105279,-0.42666797048752136,0.06400830837505458,-0.42666797048752025,-0.43577506560166074,0.0030592496890503285,0.09003649081399803,0.017483611123154785,-0.1488693110716713,-0.14886931107166584,-0.12497419340645607,0.768514878196652,0.7685148781966664,0.7743218859968585,-0.6094343166499777,-0.6094343166499866,-0.6152101407924464,0.07509288025721977,0.07691186341783382,0.08093952018728304,0.07362590050537417,-0.027102355129596918,-0.02362966796298225,0.21759538793110464,0.9209171008186549,-0.6995542942068468,-0.4266679704875265,-0.14886931107166462,0.7685148781966424,-0.6094343166499783
imd_ex_housing,0.08538185171524491,-0.38438211750216683,-0.4452496065178734,-0.31850926726509804,-0.4753966107473584,-0.47881991567781673,-0.32661721904599716,-0.3287845503559638,-0.31109465518066454,-0.4568073916803584,-0.560544177549275,-0.044012096748122294,0.5053006213163523,0.08131544615524927,0.1648985591194386,-0.03237596740151229,-0.11063055989728739,0.04151271998975668,-0.25723575949093397,-0.29970357291130373,-0.04390196656426266,-0.026368844402350353,-0.03714304113125778,-0.020160914594528314,-0.030072082274544294,-0.013669678007276788,-0.02268226936930188,-0.023938660976539565,-0.035944293079589136,-0.6553488498281836,-0.6502575661304082,-0.659811762068198,-0.7158575059511614,-0.6553488498281836,-0.6553488498281952,-0.6995542942068478,1.0,0.9932788587736974,0.9960854437504759,0.9746832063274514,0.9936998247090877,0.907229054108682,0.9024560724507539,1.0,1.0000000000000002,0.8925779339316114,-0.5650716347406392,0.035585358553071954,0.7128469659749312,0.22601435851485008,-0.7202276179872504,0.7496484333358869,0.23820633177474196,0.7496484333359003,0.6780791392287064,0.051605469212930355,-0.2320464784969293,0.3491237956683969,0.4218402825100855,0.4218402825100801,0.4290969453147922,-0.5903615568674487,-0.5903615568674574,-0.6279002142306574,0.9287451428598625,0.9287451428598655,0.8431819153449737,-0.04807433864314957,-0.050772705926425125,-0.05496387828438115,-0.04208945266002021,0.04484800259826618,0.045618042658523685,-0.43982670014873304,-0.7158575059511326,1.0000000000000009,0.7496484333358929,0.4218402825100808,-0.5903615568674484,0.9287451428598477
imd_ex_housing_living,0.07213120238731342,-0.379816083773451,-0.4692090851441616,-0.3516990419045464,-0.49967728236467773,-0.5029845499622787,-0.35955639216182883,-0.3607535095204404,-0.3449487530670602,-0.4514151054230354,-0.5395107536100725,0.007710073548688214,0.4928653669843115,0.03282427199424445,0.12334964739040945,-0.037257882662982245,-0.09821552454423989,0.02610474159513117,-0.25150931392713133,-0.29542075799223355,-0.047053782716589755,-0.03137113993683906,-0.040406274324449015,-0.02520188607639959,-0.03340697327956617,-0.01877331371468533,-0.02604426244160317,-0.029915835013874868,-0.03990311364020404,-0.6764540667327861,-0.6724298766031575,-0.6799334805328666,-0.7341835353699571,-0.6764540667327861,-0.6764540667327948,-0.7132872370888199,0.9932788587736974,1.0,0.9851066758227303,0.9783759486095731,0.9828088925891553,0.9083585131668482,0.9017144726262833,0.9932788587736971,0.9932788587736984,0.8803666914337998,-0.5405375792204801,0.02535014697340204,0.7214908662726572,0.15582033059828268,-0.6863013980959456,0.7641630931533371,0.1625298742357369,0.7641630931533557,0.6896213431446515,0.04211489104186966,-0.26069998473179085,0.3040662644274206,0.41597318329527594,0.41597318329526994,0.40386143946775344,-0.6337386195168635,-0.63373861951688,-0.6631929836797777,0.9302859710961504,0.9302859710961457,0.8438959153129196,-0.051300906280275164,-0.05404915469541476,-0.058414696308124965,-0.04550021892173797,0.04824005654437149,0.04929979926880661,-0.4312671270094493,-0.73418353536992,0.9932788587737101,0.7641630931533486,0.41597318329527155,-0.6337386195168725,0.9302859710961607
imd_ex_income_housing,0.09239237888872831,-0.36936031121866214,-0.46080136227093726,-0.3368798959444133,-0.4959972176922258,-0.4992936111790779,-0.34496517023321377,-0.347380397913409,-0.32918056159126696,-0.4532310375324055,-0.5558829193559073,-0.04005499695865821,0.5061950482063404,0.07314500650079084,0.16340362520903168,-0.033829235022731954,-0.11131173296464826,0.04028370444838746,-0.2562261858895285,-0.29818891700490463,-0.046167475486814796,-0.028163934237119246,-0.03979603997582494,-0.021920360602926098,-0.032733014059515904,-0.015722014047235236,-0.025657351086285876,-0.02614789231952176,-0.03923540109375659,-0.6595712963645037,-0.6540554709119695,-0.6643784439670484,-0.7205458082077831,-0.6595712963645037,-0.6595712963645157,-0.7100488386245488,0.9960854437504759,0.9851066758227303,1.0,0.9518001415389243,0.9872347520711087,0.8982487801408199,0.8896021888259953,0.996085443750476,0.9960854437504881,0.8945006359800328,-0.5524115793901748,0.022214906645321976,0.6862536034423624,0.24910541729228589,-0.7086628731194377,0.7183210023185702,0.26120568222950324,0.7183210023185882,0.6571433426288049,0.04726634610067623,-0.22102733994292054,0.3371171609292843,0.4110799148407039,0.4110799148407016,0.42111761920153895,-0.5892099358133931,-0.5892099358133959,-0.6314323162464264,0.9054493399582033,0.9054493399582083,0.8311570850968019,-0.049990814841430586,-0.05248837510990684,-0.05651922058471918,-0.044444960690556146,0.04153591748050325,0.04189030090716746,-0.42055894859120035,-0.7205458082077643,0.9960854437504885,0.7183210023185687,0.41107991484069994,-0.5892099358133855,0.9054493399582091
imd2015_income_rate_msoa,0.06892466348280006,-0.406856448851068,-0.39415197666377844,-0.25810051884081653,-0.4030151469376833,-0.40683041701023004,-0.26618983786139183,-0.267464472837594,-0.251725838169827,-0.4649011633566338,-0.5655607328909443,-0.053239028023911346,0.4912286300237615,0.10602102955502997,0.16850686104776655,-0.028614815752468863,-0.10861945607062308,0.044469854868599605,-0.2583016483989406,-0.3018579512792931,-0.03832440526978532,-0.02173361438977437,-0.03061466755678206,-0.015511403560128955,-0.023417574160294944,-0.008136164378730106,-0.015132392545913783,-0.01810299066064227,-0.0277154602331064,-0.6283617655623135,-0.6248749968414784,-0.6314681367382778,-0.6831888688202294,-0.6283617655623135,-0.6283617655623206,-0.6560757043648222,0.9746832063274514,0.9783759486095731,0.9518001415389243,1.0,0.9750325719396266,0.8932428466011376,0.8992884087175639,0.9746832063274513,0.9746832063274645,0.8735558278488093,-0.5790315639776974,0.07637214301216946,0.7583713669137758,0.16577373992554406,-0.7298420993555849,0.8051979211117767,0.17785068019461814,0.805197921111801,0.7201278277707199,0.06418972356667077,-0.25730810718058406,0.3783048763145078,0.44440454021660647,0.4444045402166022,0.4439769005510992,-0.5802442748100052,-0.580244274810006,-0.6054952489898145,0.9530721499459582,0.9530721499459609,0.861518210811786,-0.0434176734643498,-0.04673220383390039,-0.05138043546251389,-0.03633523548641462,0.05289868372897448,0.05484915130338482,-0.46852922068292124,-0.6831888688201889,0.974683206327464,0.8051979211117762,0.4444045402166035,-0.5802442748099986,0.9530721499459638
imd2015_overall_score_pw,0.07778040851492694,-0.40757089220508713,-0.4110851560880228,-0.28212720686495724,-0.4346155309226859,-0.4382459070292639,-0.2899984096536181,-0.2930757484774409,-0.27428907913561285,-0.44281146321502923,-0.5465990701023624,-0.08625994169651595,0.4938066751466031,0.11247258970919721,0.1795414289832813,-0.018650890292726274,-0.10768737086469941,0.05671883759012149,-0.2527609587339568,-0.2925229080052736,-0.0293095673267092,-0.012574743104795118,-0.022498004070914412,-0.006996922379949061,-0.01607922065473538,-0.0010506960952367983,-0.00934088873426848,-0.008300930702836577,-0.019235129515019964,-0.6366419175214288,-0.6309518464117084,-0.6416299140752919,-0.6957796198513877,-0.6366419175214288,-0.6366419175214272,-0.6738075977064217,0.9936998247090877,0.9828088925891553,0.9872347520711087,0.9750325719396266,1.0,0.9024528024730892,0.9064040680660824,0.9936998247090877,0.9936998247091097,0.8879169430399512,-0.594727566654814,0.059826359179167364,0.7269706219110156,0.24137869834339343,-0.7477550363798598,0.7657714831248357,0.25967221242204247,0.7657714831248394,0.6861929627092506,0.061054351896368375,-0.18631498952584727,0.3663564471949458,0.39576925168536775,0.3957692516853619,0.4215985380762103,-0.5659831611708034,-0.5659831611708114,-0.5985719354049072,0.9327358055806326,0.9327358055806195,0.8388640624842699,-0.0333360899279478,-0.03568260286421102,-0.0393568335201323,-0.02719161659759912,0.0458036442378692,0.0470168868291135,-0.46806151063227314,-0.6957796198513615,0.9936998247091106,0.7657714831248271,0.3957692516853661,-0.565983161170804,0.9327358055806413
imd_ex_housing_bottom20_popshare,0.04854143612869519,-0.37600172362436485,-0.3890048289255557,-0.30455793271220377,-0.44803250443422665,-0.4497088051320539,-0.3104056291660018,-0.31394077008155014,-0.2966138626675993,-0.34299677005559864,-0.4459373672988317,-0.02441025939295072,0.43115879973517096,0.029638904319889896,0.11759210372028939,-0.03280849366006168,-0.08426052280002233,0.021113218579365413,-0.18903821007455107,-0.22158501898975794,-0.037525222009896296,-0.02845760999597961,-0.032490397041759274,-0.023782330795212053,-0.027103760260729217,-0.01935079545648571,-0.022067060005204735,-0.028384354150637343,-0.03261319636594908,-0.5788436323657928,-0.5737719687987003,-0.5830313943931102,-0.64258955841832,-0.5788436323657928,-0.5788436323658058,-0.618079258751854,0.907229054108682,0.9083585131668482,0.8982487801408199,0.8932428466011376,0.9024528024730892,1.0,0.9729619025906574,0.907229054108682,0.907229054108698,0.7582445443406274,-0.5104276105214605,0.0003029028880241938,0.6645696765904908,0.1326830362313193,-0.6291223568343333,0.7054043977415422,0.14034390328852803,0.705404397741549,0.5945574103339399,0.03607787493011471,-0.20912273057943653,0.2818460707174208,0.35373619074163903,0.35373619074163604,0.35192276451110455,-0.5194260631233653,-0.5194260631233799,-0.5414099329577153,0.8632596644387718,0.8632596644387752,0.7196112481996025,-0.04111398245209627,-0.043300567192560695,-0.0466149614416543,-0.036328426945971624,0.040206753535670124,0.039630643633607944,-0.4281652635043436,-0.6425895584182796,0.9072290541086964,0.7054043977415341,0.35373619074163953,-0.519426063123358,0.8632596644387737
imd2015_overall_bottom20_popshare_legacy,0.04648687401832524,-0.39492553302193084,-0.3497922511265085,-0.2532331022050541,-0.39296383266993695,-0.3953159348143441,-0.25949456989540054,-0.26282137136492545,-0.24578388838326215,-0.35615582687269703,-0.45919457983212325,-0.0655196710710291,0.4251588638296806,0.07957275575787398,0.1509815041235805,-0.021666610604902027,-0.09169202601829646,0.04060405877802487,-0.19286335529490284,-0.2253732576953739,-0.027167355950468836,-0.016755351364359884,-0.021578024724759868,-0.012390732083604666,-0.01641509209918079,-0.008511645650017836,-0.011963491097147609,-0.014978482635515659,-0.019995953014296644,-0.5536117321143676,-0.5481460378858514,-0.5581944768052862,-0.6146910660522283,-0.5536117321143676,-0.5536117321143696,-0.585492811892485,0.9024560724507539,0.9017144726262833,0.8896021888259953,0.8992884087175639,0.9064040680660824,0.9729619025906574,1.0,0.9024560724507538,0.9024560724507666,0.7582188831958032,-0.5419179766225681,0.035784187574703995,0.688680441594586,0.15006192704133375,-0.6633882858580298,0.7315026019256906,0.16214280774410875,0.7315026019257039,0.6113040383465217,0.04880026273951301,-0.21001951285861217,0.32413991169563444,0.37072197910803933,0.37072197910803406,0.3731188278128733,-0.48958239767215744,-0.48958239767215994,-0.5087349030343786,0.874019848174152,0.8740198481741475,0.7276872509477283,-0.031022959154471102,-0.03298482483358523,-0.03588349611670335,-0.025411274490967656,0.043616484979752075,0.04417600480680983,-0.4537723060617836,-0.614691066052197,0.9024560724507812,0.731502601925702,0.3707219791080368,-0.4895823976721495,0.8740198481741457
deprivation_moderator_value,0.08538185171524491,-0.38438211750216683,-0.4452496065178734,-0.31850926726509804,-0.4753966107473584,-0.47881991567781673,-0.32661721904599716,-0.3287845503559638,-0.31109465518066454,-0.4568073916803584,-0.560544177549275,-0.044012096748122294,0.5053006213163523,0.08131544615524927,0.1648985591194386,-0.03237596740151229,-0.11063055989728739,0.04151271998975668,-0.25723575949093397,-0.29970357291130373,-0.04390196656426266,-0.026368844402350353,-0.03714304113125778,-0.020160914594528314,-0.030072082274544294,-0.013669678007276788,-0.02268226936930188,-0.023938660976539565,-0.035944293079589136,-0.6553488498281836,-0.6502575661304082,-0.659811762068198,-0.7158575059511614,-0.6553488498281836,-0.6553488498281952,-0.6995542942068478,1.0,0.9932788587736971,0.996085443750476,0.9746832063274513,0.9936998247090877,0.907229054108682,0.9024560724507538,1.0,1.0000000000000002,0.8925779339316114,-0.5650716347406392,0.035585358553071954,0.7128469659749312,0.22601435851485008,-0.7202276179872504,0.7496484333358869,0.23820633177474196,0.7496484333359003,0.6780791392287064,0.051605469212930355,-0.2320464784969293,0.3491237956683969,0.4218402825100855,0.4218402825100801,0.4290969453147922,-0.5903615568674487,-0.5903615568674574,-0.6279002142306574,0.9287451428598625,0.9287451428598655,0.8431819153449737,-0.04807433864314957,-0.050772705926425125,-0.05496387828438115,-0.04208945266002021,0.04484800259826618,0.045618042658523685,-0.43982670014873304,-0.7158575059511326,1.0000000000000009,0.7496484333358929,0.4218402825100808,-0.5903615568674484,0.9287451428598477
deprivation_z,0.08538185171524484,-0.3843821175021562,-0.44524960651788215,-0.31850926726509443,-0.4753966107473604,-0.4788199156778075,-0.3266172190459913,-0.32878455035596343,-0.31109465518066143,-0.4568073916803544,-0.5605441775492772,-0.044012096748122724,0.5053006213163559,0.08131544615524752,0.1648985591194389,-0.03237596740151274,-0.11063055989728815,0.04151271998975679,-0.25723575949092925,-0.2997035729113024,-0.04390196656426283,-0.026368844402350294,-0.037143041131257964,-0.020160914594528533,-0.030072082274545112,-0.013669678007277128,-0.02268226936930171,-0.023938660976539856,-0.035944293079589545,-0.6553488498281936,-0.6502575661304094,-0.6598117620682019,-0.7158575059511733,-0.6553488498281936,-0.6553488498281905,-0.6995542942068458,1.0000000000000002,0.9932788587736984,0.9960854437504881,0.9746832063274645,0.9936998247091097,0.907229054108698,0.9024560724507666,1.0000000000000002,1.0,0.8925779339316254,-0.5650716347406362,0.03558535855307225,0.7128469659749456,0.22601435851485216,-0.7202276179872639,0.7496484333358925,0.23820633177474085,0.7496484333359054,0.6780791392287131,0.0516054692129298,-0.2320464784969286,0.34912379566839236,0.4218402825100856,0.4218402825100857,0.4290969453147955,-0.590361556867461,-0.5903615568674636,-0.6279002142306561,0.9287451428598837,0.9287451428598565,0.8431819153449812,-0.04807433864314935,-0.050772705926423176,-0.05496387828438128,-0.04208945266002046,0.04484800259826608,0.045618042658523844,-0.4398267001487327,-0.7158575059511518,1.000000000000003,0.7496484333358984,0.4218402825100837,-0.5903615568674484,0.9287451428598724
deprivation_quartile,0.10932327360809489,-0.3337177645927663,-0.42222551358514376,-0.26141114264721366,-0.39789311084850787,-0.40444068702229263,-0.2710757320721089,-0.2736836298509423,-0.25385940368863097,-0.5179409087860718,-0.5948159368909772,-0.03984820651320721,0.46628726565029227,0.14485454370707052,0.2122690787276094,-0.030469888901794404,-0.13419348787109087,0.061396212771550565,-0.2761822632464057,-0.3224564746860455,-0.046120742994596044,-0.023549780726366303,-0.03840930697607201,-0.01526542774139527,-0.029080693871014255,-0.007580811811453065,-0.020478350201303147,-0.01853528053863077,-0.035224933130182386,-0.6279802636819889,-0.6239889571553698,-0.6311031876823074,-0.6686521672457141,-0.6279802636819889,-0.6279802636819978,-0.6950311403610134,0.8925779339316114,0.8803666914337998,0.8945006359800328,0.8735558278488093,0.8879169430399512,0.7582445443406274,0.7582188831958032,0.8925779339316114,0.8925779339316254,1.0,-0.5302684151789634,0.0672391269507297,0.6709826041912743,0.2591175485559659,-0.6980015341225982,0.6988716289870482,0.26901314359195677,0.6988716289870776,0.7030426867254022,0.07228806330783244,-0.2485783591815523,0.39603947722363714,0.4605282600205953,0.46052826002058894,0.4575123540283632,-0.5649746657043774,-0.5649746657043889,-0.624046405164953,0.8108277632628681,0.8108277632628675,0.8825955787744908,-0.050792459361157026,-0.054315891188867704,-0.059239330482564356,-0.043670053336287186,0.045293942274934,0.04689859839100877,-0.3708714756332245,-0.6686521672456912,0.8925779339316252,0.6988716289870663,0.4605282600205899,-0.5649746657043803,0.8108277632628669
owner_occupied_2011,0.4687606664773472,0.6627475958785128,-0.008240396913450887,-0.13779326476589557,-0.03179587219694688,-0.028652616769357854,-0.13240959655413223,-0.12939139803622782,-0.14251165927801507,0.3135782667632368,0.4836024682702026,0.2696465014925999,-0.300479433517074,-0.37673366171112693,-0.3354825255587535,-0.002481386191941071,0.1757741134057615,-0.1337588945371949,0.14359446831836217,0.16870198007374795,-0.04378725067620059,-0.007670524393033866,-0.0496134205502434,-0.010782320270976104,-0.052667615814494605,-0.013328484649028671,-0.055532242275292715,-0.012465833524052339,-0.06266492365962534,0.15996703813060298,0.15181206204605696,0.1682369851482031,0.20391835322592106,0.15996703813060298,0.15996703813060967,0.20448024737146375,-0.5650716347406392,-0.5405375792204801,-0.5524115793901748,-0.5790315639776974,-0.594727566654814,-0.5104276105214605,-0.5419179766225681,-0.5650716347406392,-0.5650716347406362,-0.5302684151789634,1.0,-0.11040732870850967,-0.5101148680568992,-0.23016070384561563,0.751804277819129,-0.649400505969058,-0.4096415156567086,-0.6494005059690721,-0.5788495795707627,0.4153553716864303,0.17283380062232617,-0.47976695882045706,-0.37302423070757096,-0.3730242307075741,-0.4203922131940733,0.10187592827669494,0.10187592827669417,0.15095255115582737,-0.5721474752747996,-0.572147475274802,-0.5254155978741872,-0.04228155122001045,-0.04215621370131712,-0.04168063553326075,-0.04801652499913247,-0.027299242515090416,-0.029694293903178345,0.6784871700985309,0.20391835322589327,-0.5650716347406354,-0.6494005059690747,-0.3730242307075739,0.10187592827669308,-0.5721474752747979
shared_ownership_2011,0.28279474021934436,0.12954716552097906,0.1102898636303724,0.22455017470225536,0.2339245684213094,0.2243188752367417,0.21730466594532527,0.2162601562031355,0.22495679567919596,-0.2309903363762596,-0.1662893288245909,-0.24858170732229462,-0.0018103069196484256,0.34860607772385144,0.26823604130999584,0.20927671387547256,0.046197724787953184,0.23268679533354222,-0.11925144767350306,-0.12712496079346158,0.15781989023532608,0.21733091020554726,0.16487385957395748,0.21918407065282766,0.16776303639697052,0.230134694571701,0.17738521385808978,0.262946305727485,0.20260907840652284,0.12520396253552654,0.12786075650741593,0.12229972287936666,0.13392099842406754,0.12520396253552654,0.12520396253552665,0.14506479473238387,0.035585358553071954,0.02535014697340204,0.022214906645321976,0.07637214301216946,0.059826359179167364,0.0003029028880241938,0.035784187574703995,0.035585358553071954,0.03558535855307225,0.0672391269507297,-0.11040732870850967,1.0,0.2562085069095561,0.28355362830404973,-0.3143864431603351,0.18524913070506308,0.21806505138993573,0.18524913070506333,0.1870753890684001,0.2959247871973461,-0.0664741167756902,0.2067955753844585,0.1584690182667376,0.15846901826673698,0.15585400657630588,0.13094984301685603,0.1309498430168591,0.1356321383577473,0.056903259667186894,0.056903259667185714,0.10095904261788195,0.158190609088162,0.15749693039313095,0.158360845505633,0.16324488391904038,0.010148664500386336,0.011066557296442358,0.08138503272371717,0.13392099842406377,0.03558535855307292,0.18524913070506607,0.15846901826673787,0.1309498430168563,0.05690325966718552
social_rented_2011,0.32852911235159743,-0.28276787019029853,-0.1568218730578448,0.014190481542331018,-0.09985673190064809,-0.10529954184320753,0.006749181500244484,0.0007257034359342311,0.022600750030963918,-0.44640311030314556,-0.49599492619118724,-0.14854532100682558,0.27358213054168395,0.3171404884931445,0.31225389007117105,0.07930276786459699,-0.05789299635699361,0.1435923049795764,-0.22464818441138393,-0.25335309145655643,0.03948520225393353,0.08632073124737746,0.04680088445220347,0.0921228478357171,0.053652782244961804,0.09995826769922753,0.061806263380291236,0.10969558579539394,0.06430606185315037,-0.3638954422560794,-0.35978474025154444,-0.3675159642664249,-0.4025556696085833,-0.3638954422560794,-0.3638954422560846,-0.39209492537650037,0.7128469659749312,0.7214908662726572,0.6862536034423624,0.7583713669137758,0.7269706219110156,0.6645696765904908,0.688680441594586,0.7128469659749312,0.7128469659749456,0.6709826041912743,-0.5101148680568992,0.2562085069095561,1.0,0.19394401363636968,-0.8034302924258621,0.9466823904929696,0.1044239729263316,0.9466823904929849,0.828732063270868,0.2795744784558615,-0.19266668976299214,0.39291556305678205,0.37608106524583257,0.3760810652458357,0.3646659899265792,-0.3093466527136936,-0.30934665271370093,-0.3382607844381237,0.6993327441690338,0.6993327441690245,0.6627281047139316,0.0358047953099844,0.03360389165301037,0.030576981339607706,0.04334351951956262,0.03898047184636817,0.04094005881785007,-0.3453833756409321,-0.402555669608557,0.7128469659749423,0.946682390492971,0.3760810652458347,-0.30934665271370204,0.6993327441690249
private_rented_2011,0.5175973476232668,0.14283728860031947,0.11812072087237883,0.2731595476015315,0.17685528704237896,0.17338978534353033,0.2669663123109037,0.2642880817063592,0.2757436876240895,-0.32937996375787026,-0.43245489320122293,-0.52022127244973,0.17804694559557593,0.6398421452899765,0.5432543830502309,0.1473987037267986,-0.09498384419392147,0.25905733916017865,-0.1825012505538645,-0.18811056074331373,0.08181738350771083,0.15186286186402648,0.08632217551759856,0.15406772084083295,0.08991312903566351,0.15867849729936073,0.09474406373961501,0.1832880254750939,0.1076245945677308,0.1476990838328567,0.1598129850354697,0.13632458824646979,0.11007939468202436,0.1476990838328567,0.14769908383285174,0.06102954911869115,0.22601435851485008,0.15582033059828268,0.24910541729228589,0.16577373992554406,0.24137869834339343,0.1326830362313193,0.15006192704133375,0.22601435851485008,0.22601435851485216,0.2591175485559659,-0.23016070384561563,0.28355362830404973,0.19394401363636968,1.0,-0.5925896741636412,0.05812802373401359,0.9337703605680726,0.058128023734015585,0.11219262605210008,0.44595661037580003,-0.10979590318706288,0.5200089821167486,0.377464058627931,0.37746405862793203,0.4317767551796069,0.30802359743711205,0.3080235974371219,0.20856273509826656,0.18702648999678242,0.18702648999677746,0.22873441783711795,0.08294400341976084,0.08467506533750131,0.08787222483270112,0.0872506759236297,-0.01674072858311406,-0.017003023474760588,0.06164682936830394,0.1100793946820397,0.22601435851485052,0.05812802373401516,0.37746405862792975,0.30802359743711477,0.18702648999677857
owner_share_2011,-0.19855923751894436,0.3470505384565305,0.04388442802915997,-0.1644179916278804,-0.022348488416965823,-0.01667479865643053,-0.15581191108251113,-0.15030583341781484,-0.17203300481261982,0.5109858782655761,0.6538047721647218,0.41078911631659065,-0.37412517320369904,-0.5751546243768058,-0.5147967406477714,-0.09752159558740597,0.13218235377850726,-0.22243174629682547,0.26523846012765484,0.2920375606009582,-0.07103883544320001,-0.105667045037992,-0.07983616639692627,-0.11151983055955535,-0.08693390174521398,-0.11939293569703563,-0.09521918198574608,-0.13265768399312908,-0.10395351678597146,0.21882715296877453,0.20815494319772976,0.2288871256719339,0.2736179474252268,0.21882715296877453,0.2188271529687799,0.2870924189105279,-0.7202276179872504,-0.6863013980959456,-0.7086628731194377,-0.7298420993555849,-0.7477550363798598,-0.6291223568343333,-0.6633882858580298,-0.7202276179872504,-0.7202276179872639,-0.6980015341225982,0.751804277819129,-0.3143864431603351,-0.8034302924258621,-0.5925896741636412,1.0,-0.8086641846548208,-0.6191046576751464,-0.8086641846548273,-0.7438656065003281,-0.1855164683834421,0.20642327709148242,-0.6183832519002145,-0.5099666286386556,-0.5099666286386575,-0.5480919768860493,0.102085037270616,0.1020850372706146,0.17566832100734686,-0.7043412565516873,-0.7043412565516953,-0.6805934863607555,-0.06836187249544091,-0.06734945444058933,-0.0663552119086737,-0.07707801720702727,-0.026947233745113895,-0.029075210435297684,0.4408906457742772,0.2736179474251979,-0.7202276179872433,-0.8086641846548097,-0.50996662863866,0.10208503727061495,-0.7043412565516821
social_rent_share_2011,0.07337170514883701,-0.42565386107134345,-0.17359831869713477,-0.014384910544006509,-0.12390605260555372,-0.12876613774707918,-0.02124875190983194,-0.02610915307685266,-0.00667865944381432,-0.43159724307079644,-0.5021271514348101,-0.1047048518957907,0.3056461533285246,0.25881008904911207,0.259293769680848,0.036438808723140495,-0.07875824421337667,0.10442964142724706,-0.2175615732251938,-0.24947601613802595,0.026574379674342043,0.04329785121098934,0.034134804470242364,0.04907477835354965,0.04079517451588867,0.05591662617063259,0.04814558200755341,0.058354051203294365,0.04874036728579366,-0.4026901495680599,-0.39902114208956907,-0.4060194246560611,-0.44269437914626303,-0.4026901495680599,-0.4026901495680604,-0.42666797048752136,0.7496484333358869,0.7641630931533371,0.7183210023185702,0.8051979211117767,0.7657714831248357,0.7054043977415422,0.7315026019256906,0.7496484333358869,0.7496484333358925,0.6988716289870482,-0.649400505969058,0.18524913070506308,0.9466823904929696,0.05812802373401359,-0.8086641846548208,1.0,0.04256964585884326,1.0000000000000213,0.8728672969133265,0.06017647029657994,-0.20328333095618858,0.3780514486287587,0.3751278231922356,0.3751278231922337,0.36476702422131774,-0.37236140701986,-0.37236140701986986,-0.3947126907891153,0.7472886446117019,0.7472886446116882,0.6953284825575622,0.022492798363677517,0.01985052468859791,0.016059891901532737,0.030108847206238156,0.04641251970958465,0.04935668695072527,-0.4915084209267625,-0.44269437914623916,0.7496484333358946,1.0000000000000027,0.37512782319223364,-0.37236140701985665,0.7472886446116973
private_rent_share_2011,0.24002541486924323,-0.022664036605693442,0.14200527973196372,0.2855307282154042,0.1865645821615313,0.18395730347754827,0.28015839260598263,0.2782759259399433,0.28758474687894886,-0.30581219746787935,-0.46015634190341054,-0.5474919572716292,0.24201089842375187,0.6279613682131611,0.5297839766024934,0.10484067893469856,-0.1296259639578084,0.23055839671180695,-0.17623568881273577,-0.18378724313584108,0.0734835839415027,0.10941985284658425,0.07830048367863464,0.11186885680260228,0.08169119306697266,0.11579506455741158,0.08577103490988366,0.13295961147591254,0.09761186781341544,0.15146867973486725,0.16479492461860884,0.1388108918085664,0.1108465107576456,0.15146867973486725,0.1514686797348632,0.06400830837505458,0.23820633177474196,0.1625298742357369,0.26120568222950324,0.17785068019461814,0.25967221242204247,0.14034390328852803,0.16214280774410875,0.23820633177474196,0.23820633177474085,0.26901314359195677,-0.4096415156567086,0.21806505138993573,0.1044239729263316,0.9337703605680726,-0.6191046576751464,0.04256964585884326,1.0,0.042569645858845914,0.10001091490732941,0.23115998738784407,-0.11169974008568125,0.5599271492927098,0.39551927526162695,0.3955192752616196,0.4656257425235436,0.3104915315557521,0.3104915315557547,0.21158125178140755,0.2127063367823807,0.2127063367823763,0.24511280718530118,0.07415841356454636,0.07587228068824345,0.07904593957919616,0.07892261459582177,-0.014857120701945458,-0.01488756775397536,-0.09196784425439633,0.11084651075766375,0.23820633177474307,0.04256964585884459,0.39551927526162617,0.3104915315557418,0.21270633678237705
social_rent_z,0.07337170514883791,-0.4256538610713505,-0.17359831869713474,-0.014384910544005066,-0.12390605260555414,-0.1287661377470793,-0.021248751909830912,-0.02610915307685178,-0.006678659443812846,-0.4315972430708114,-0.5021271514348273,-0.10470485189579144,0.3056461533285246,0.2588100890491196,0.2592937696808594,0.03643880872314096,-0.07875824421337926,0.1044296414272469,-0.21756157322519154,-0.24947601613802334,0.026574379674341862,0.043297851210990196,0.03413480447024218,0.049074778353548544,0.040795174515888474,0.05591662617063286,0.048145582007552014,0.05835405120329369,0.0487403672857936,-0.4026901495680679,-0.39902114208957984,-0.40601942465606183,-0.44269437914626136,-0.4026901495680679,-0.40269014956806853,-0.42666797048752025,0.7496484333359003,0.7641630931533557,0.7183210023185882,0.805197921111801,0.7657714831248394,0.705404397741549,0.7315026019257039,0.7496484333359003,0.7496484333359054,0.6988716289870776,-0.6494005059690721,0.18524913070506333,0.9466823904929849,0.058128023734015585,-0.8086641846548273,1.0000000000000213,0.042569645858845914,1.0,0.872867296913352,0.06017647029658122,-0.2032833309561927,0.3780514486287715,0.37512782319224836,0.37512782319224297,0.36476702422132906,-0.37236140701986403,-0.37236140701987075,-0.39471269078911864,0.747288644611709,0.747288644611706,0.6953284825575756,0.022492798363677513,0.019850524688598516,0.01605989190153352,0.030108847206237594,0.04641251970958591,0.04935668695072492,-0.4915084209267673,-0.4426943791462365,0.7496484333359048,1.0000000000000213,0.3751278231922438,-0.37236140701986387,0.7472886446117133
social_rent_quartile,0.09225855662760103,-0.3563551733441871,-0.1934962100370918,-0.03964743219144603,-0.14145379792102358,-0.14612724726184942,-0.046064849080466735,-0.04969289496457896,-0.03314793292091839,-0.44134363701044316,-0.5036974473156667,-0.07771121075506988,0.34249595726495313,0.20523750580990163,0.21035948406496185,0.03766859341471631,-0.0650999613607293,0.0962632645666163,-0.2311003574845987,-0.2627588275561909,0.023410952604088892,0.04425930960386095,0.03065831760599333,0.05090115789562096,0.03834043838520035,0.05875471354538621,0.046818554805279376,0.06054834558259267,0.04582458320552137,-0.39378580243369093,-0.3913263701645908,-0.39592195771211064,-0.4287191369854066,-0.39378580243369093,-0.3937858024336935,-0.43577506560166074,0.6780791392287064,0.6896213431446515,0.6571433426288049,0.7201278277707199,0.6861929627092506,0.5945574103339399,0.6113040383465217,0.6780791392287064,0.6780791392287131,0.7030426867254022,-0.5788495795707627,0.1870753890684001,0.828732063270868,0.11219262605210008,-0.7438656065003281,0.8728672969133265,0.10001091490732941,0.872867296913352,1.0,0.07258341605766974,-0.20243780029011324,0.31379738542467756,0.3474029088315073,0.3474029088315134,0.3285617245487352,-0.372766613051782,-0.37276661305178216,-0.4199287762306863,0.6512016761117727,0.6512016761117708,0.692615816695503,0.019709242545169172,0.017431909482030397,0.013693396218908088,0.026621505095178268,0.03805862331122505,0.04012641353671039,-0.3861382791792714,-0.4287191369853858,0.6780791392287133,0.8728672969133335,0.3474029088315146,-0.37276661305178177,0.651201676111776
population_2011,0.8725707715445565,0.39888815332866906,0.023792232907190028,0.07655720625092861,0.0639253787780165,0.06098657413965905,0.07324332556176061,0.07514764592788739,0.07509170979455294,-0.12241278329751404,-0.14086204938746272,-0.13989714672471576,0.06988775459487313,0.17423512794969484,0.14686822627355767,0.13394833553945248,0.07446333054644759,0.11534780934688098,-0.10521947074475328,-0.10227883431757995,0.04052399760001674,0.13685276752363207,0.042990707027406344,0.13836921036222505,0.04580331755833217,0.14276760810452302,0.05002499186993768,0.16489912658174685,0.05509646559930933,-0.009185537617933247,-0.0052052681882230655,-0.012107954921919392,-0.016634058104426006,-0.009185537617933247,-0.009185537617935165,0.0030592496890503285,0.051605469212930355,0.04211489104186966,0.04726634610067623,0.06418972356667077,0.061054351896368375,0.03607787493011471,0.04880026273951301,0.051605469212930355,0.0516054692129298,0.07228806330783244,0.4153553716864303,0.2959247871973461,0.2795744784558615,0.44595661037580003,-0.1855164683834421,0.06017647029657994,0.23115998738784407,0.06017647029658122,0.07258341605766974,1.0,-0.033041936175389724,0.1754243395973325,0.15437581600007516,0.15437581600007627,0.1533298446544394,0.0463993123239959,0.04639931232399704,0.0393301468324814,0.08771152250762546,0.08771152250762462,0.10037225772941073,0.0397536876407698,0.03887278888593637,0.04002297468308686,0.04221707437371596,0.006137405877459079,0.006815380105401934,0.31790569565771326,-0.016634058104424167,0.05160546921292927,0.060176470296579285,0.15437581600007724,0.04639931232399586,0.08771152250762387
area_km2,-0.01969971657651661,0.0442869975265618,0.036781171177531685,-0.06967389000947014,-0.01754715372383426,-0.014202236505686947,-0.061779239408248116,-0.07445040426316771,-0.06163528671903833,0.3985828860340394,0.46119988522577365,-0.054982658415135464,-0.1765808330858119,-0.21387457822741474,-0.2479377506320563,0.035941794514058135,0.1391540693249932,-0.05809452965398524,0.11954346871208496,0.1538187309316266,0.0424056311176777,0.030267205685389324,0.03638624664480786,0.023498506556923635,0.028952414701596922,0.01684048721045932,0.02174690146256259,0.028056140994578812,0.03482850361348205,0.036594269706423606,0.03493375695153902,0.03825589450021329,0.059486602111846254,0.036594269706423606,0.036594269706431905,0.09003649081399803,-0.2320464784969293,-0.26069998473179085,-0.22102733994292054,-0.25730810718058406,-0.18631498952584727,-0.20912273057943653,-0.21001951285861217,-0.2320464784969293,-0.2320464784969286,-0.2485783591815523,0.17283380062232617,-0.0664741167756902,-0.19266668976299214,-0.10979590318706288,0.20642327709148242,-0.20328333095618858,-0.11169974008568125,-0.2032833309561927,-0.20243780029011324,-0.033041936175389724,1.0,-0.33775208728946454,-0.7197018503134157,-0.7197018503134108,-0.47640980742983435,0.10372369237009323,0.10372369237009312,0.16905738271914306,-0.2759017256828408,-0.27590172568284044,-0.3451622720254742,0.04560183833299971,0.048880534392797666,0.052447875226344184,0.039783336043067836,-0.03175486505584821,-0.0361140597643343,0.06889588403815611,0.05948660211180472,-0.2320464784969265,-0.20328333095619247,-0.7197018503134102,0.10372369237009219,-0.2759017256828394
population_density_2011,0.12131325789564856,-0.26052573029547166,0.2391785106083073,0.4493355151127695,0.31070090533881395,0.304980626133753,0.4378193895873177,0.44488775755114174,0.444674929736974,-0.4072058346302348,-0.6193672538690894,-0.3656701289141381,0.24830935680710056,0.6234487380573339,0.5529910156950151,-0.04661507718190089,-0.2511201179904282,0.1264081246181684,-0.19249218114691594,-0.22359635815317358,-0.06503343531087664,-0.039618208463164155,-0.05761429973503542,-0.03048352883861546,-0.04775206994327601,-0.019411347670562143,-0.036221091217407984,-0.03561506866174395,-0.056593293893005804,0.10526363365029588,0.11387883382726914,0.09705012556697261,0.06506333846634536,0.10526363365029588,0.10526363365028371,0.017483611123154785,0.3491237956683969,0.3040662644274206,0.3371171609292843,0.3783048763145078,0.3663564471949458,0.2818460707174208,0.32413991169563444,0.3491237956683969,0.34912379566839236,0.39603947722363714,-0.47976695882045706,0.2067955753844585,0.39291556305678205,0.5200089821167486,-0.6183832519002145,0.3780514486287587,0.5599271492927098,0.3780514486287715,0.31379738542467756,0.1754243395973325,-0.33775208728946454,1.0,0.7643558339230208,0.764355833923027,0.8029165784012535,0.18320337195212785,0.1832033719521325,0.07910008179873282,0.3950107426847543,0.3950107426847512,0.4352140322249474,-0.06941863885062494,-0.07448369609450181,-0.07939405741409646,-0.06200950251361812,0.020808537948265562,0.024690361283461217,-0.33480401887260075,0.06506333846639573,0.34912379566840346,0.37805144862876416,0.7643558339230235,0.18320337195212708,0.3950107426847469
log_population_density_2011,0.11912175857815793,-0.16198738164543297,0.02475421779460813,0.20944993572675966,0.10057646165262171,0.09492249953176925,0.19719734397910416,0.21180900808384304,0.20062492145299668,-0.5365351485761511,-0.7434469341711585,-0.10158169400182215,0.32651818792399423,0.45638331080483224,0.4614423751165224,-0.07541384321752544,-0.2803756571129159,0.11284764335049874,-0.22189417414576798,-0.2704872130683283,-0.09931447243282511,-0.0663248508385833,-0.08947516226157012,-0.0542397185617793,-0.07596844875060282,-0.04188664239500131,-0.062312347394586125,-0.06446209261352466,-0.09093341826740584,-0.05191895962432424,-0.04634666557817128,-0.05702811448419921,-0.09407259987609179,-0.05191895962432424,-0.05191895962433924,-0.1488693110716713,0.4218402825100855,0.41597318329527594,0.4110799148407039,0.44440454021660647,0.39576925168536775,0.35373619074163903,0.37072197910803933,0.4218402825100855,0.4218402825100856,0.4605282600205953,-0.37302423070757096,0.1584690182667376,0.37608106524583257,0.377464058627931,-0.5099666286386556,0.3751278231922356,0.39551927526162695,0.37512782319224836,0.3474029088315073,0.15437581600007516,-0.7197018503134157,0.7643558339230208,1.0,1.0000000000000098,0.8976967599672486,-0.048506634667964045,-0.0485066346679648,-0.1524641299766657,0.4671591186951885,0.46715911869518206,0.5452012743422675,-0.10515260839467395,-0.1109334493107527,-0.11689309371778418,-0.09565152521786555,0.04113214013116493,0.04570136630597112,-0.21733224560389927,-0.09407259987603415,0.4218402825100879,0.37512782319224464,0.9999999999999977,-0.048506634667963275,0.46715911869518195
density_z,0.11912175857815831,-0.16198738164543078,0.02475421779460981,0.2094499357267626,0.10057646165263155,0.09492249953177347,0.1971973439791064,0.21180900808384512,0.20062492145299637,-0.5365351485761455,-0.7434469341711619,-0.10158169400182622,0.3265181879239888,0.45638331080484523,0.46144237511651237,-0.07541384321752499,-0.28037565711291895,0.11284764335049972,-0.22189417414576884,-0.27048721306833384,-0.09931447243282406,-0.06632485083858151,-0.08947516226157028,-0.054239718561778914,-0.0759684487506011,-0.04188664239499997,-0.062312347394584564,-0.06446209261352423,-0.0909334182674056,-0.05191895962432276,-0.046346665578168765,-0.05702811448419636,-0.09407259987608947,-0.05191895962432276,-0.051918959624336604,-0.14886931107166584,0.4218402825100801,0.41597318329526994,0.4110799148407016,0.4444045402166022,0.3957692516853619,0.35373619074163604,0.37072197910803406,0.4218402825100801,0.4218402825100857,0.46052826002058894,-0.3730242307075741,0.15846901826673698,0.3760810652458357,0.37746405862793203,-0.5099666286386575,0.3751278231922337,0.3955192752616196,0.37512782319224297,0.3474029088315134,0.15437581600007627,-0.7197018503134108,0.764355833923027,1.0000000000000098,1.0,0.8976967599672456,-0.04850663466796365,-0.04850663466796227,-0.15246412997666617,0.4671591186951812,0.4671591186951738,0.5452012743422643,-0.10515260839467282,-0.11093344931075287,-0.11689309371778328,-0.09565152521786376,0.041132140131164806,0.045701366305971255,-0.21733224560389586,-0.09407259987603017,0.42184028251008326,0.3751278231922387,1.0000000000000029,-0.04850663466796251,0.46715911869517535
density_quartile,0.10192911885924176,-0.21223860508680328,0.05539594396679638,0.22447850141000322,0.12026454293568585,0.11639137427287329,0.21421580112447855,0.22761250858777468,0.21634195818237895,-0.45824943076570845,-0.7180495804133475,-0.16076118059673727,0.3481378498978723,0.4601860796424846,0.44281480106700355,-0.08009239618537038,-0.2953403623609512,0.11805341664887993,-0.22904205718662168,-0.2718059795539296,-0.10308894064544775,-0.07213073241222022,-0.09446140113383598,-0.06151575082996398,-0.08258238380371198,-0.05056027005610031,-0.07042433746711034,-0.07300921899094842,-0.09872771111416803,-0.037349256275830106,-0.031201718899766088,-0.043117084660042396,-0.08034997045610051,-0.037349256275830106,-0.03734925627584381,-0.12497419340645607,0.4290969453147922,0.40386143946775344,0.42111761920153895,0.4439769005510992,0.4215985380762103,0.35192276451110455,0.3731188278128733,0.4290969453147922,0.4290969453147955,0.4575123540283632,-0.4203922131940733,0.15585400657630588,0.3646659899265792,0.4317767551796069,-0.5480919768860493,0.36476702422131774,0.4656257425235436,0.36476702422132906,0.3285617245487352,0.1533298446544394,-0.47640980742983435,0.8029165784012535,0.8976967599672486,0.8976967599672456,1.0,-0.006291428827712591,-0.006291428827709985,-0.10064509023790524,0.4661304134492804,0.46613041344927436,0.5209566541525127,-0.1081913537960864,-0.11288186138304106,-0.11766608497263746,-0.10004962548366157,0.040077141549296924,0.045277381169620524,-0.2646168368080387,-0.08034997045604464,0.42909694531479087,0.36476702422132085,0.8976967599672423,-0.006291428827711151,0.4661304134492679
degree_share_2011,0.07343160503225796,0.1738495092501084,0.7059402822287238,0.6767670159463072,0.6768327338602492,0.676853170913564,0.6802971455715537,0.6731317921885616,0.6774453137156657,0.3087567895131939,0.14494283029005528,-0.37575227439705117,-0.3394653095344894,0.4752107552990546,0.3617416559312848,0.08444190790900921,-0.026877570753930092,0.12667903482153187,0.18078059302835622,0.2208777295122082,0.07436502876368488,0.08284397708585844,0.07218695554115465,0.07910247151307649,0.06830773428889923,0.07767188624860824,0.06620513560295355,0.09464969993865016,0.08226651035189628,0.8538598011944567,0.8589953096441315,0.8482968117933951,0.8443636552762168,0.8538598011944567,0.85385980119445,0.768514878196652,-0.5903615568674487,-0.6337386195168635,-0.5892099358133931,-0.5802442748100052,-0.5659831611708034,-0.5194260631233653,-0.48958239767215744,-0.5903615568674487,-0.590361556867461,-0.5649746657043774,0.10187592827669494,0.13094984301685603,-0.3093466527136936,0.30802359743711205,0.102085037270616,-0.37236140701986,0.3104915315557521,-0.37236140701986403,-0.372766613051782,0.0463993123239959,0.10372369237009323,0.18320337195212785,-0.048506634667964045,-0.04850663466796365,-0.006291428827712591,1.0,0.9999999999999964,0.9110414684406422,-0.5323458170869659,-0.532345817086977,-0.5330211934475652,0.07750321025445152,0.07972139138759238,0.08407955844200646,0.07643465712028788,-0.05577151223332553,-0.058626029829703774,0.16570434726175587,0.8443636552762502,-0.5903615568674441,-0.37236140701986087,-0.04850663466796267,0.9999999999999697,-0.5323458170869748
degree_share_z,0.07343160503225886,0.173849509250116,0.7059402822287227,0.6767670159463182,0.6768327338602528,0.6768531709135928,0.6802971455715937,0.6731317921885552,0.6774453137156886,0.3087567895131948,0.14494283029005403,-0.37575227439704845,-0.33946530953449294,0.47521075529905615,0.3617416559312902,0.08444190790900953,-0.02687757075393194,0.12667903482153528,0.18078059302835497,0.22087772951220372,0.07436502876368495,0.0828439770858593,0.0721869555411554,0.07910247151307773,0.06830773428890116,0.07767188624860895,0.066205135602954,0.09464969993865241,0.08226651035189704,0.8538598011944571,0.8589953096441477,0.8482968117934233,0.8443636552762417,0.8538598011944571,0.853859801194445,0.7685148781966664,-0.5903615568674574,-0.63373861951688,-0.5892099358133959,-0.580244274810006,-0.5659831611708114,-0.5194260631233799,-0.48958239767215994,-0.5903615568674574,-0.5903615568674636,-0.5649746657043889,0.10187592827669417,0.1309498430168591,-0.30934665271370093,0.3080235974371219,0.1020850372706146,-0.37236140701986986,0.3104915315557547,-0.37236140701987075,-0.37276661305178216,0.04639931232399704,0.10372369237009312,0.1832033719521325,-0.0485066346679648,-0.04850663466796227,-0.006291428827709985,0.9999999999999964,1.0,0.9110414684406415,-0.532345817086968,-0.5323458170869746,-0.5330211934475679,0.07750321025445198,0.0797213913875931,0.08407955844200611,0.07643465712028749,-0.05577151223332559,-0.05862602982970555,0.16570434726175817,0.8443636552762585,-0.5903615568674547,-0.3723614070198656,-0.048506634667961346,1.0000000000000104,-0.5323458170869753
degree_share_quartile,0.042094983702296,0.19853175793044542,0.6127956570304015,0.5641799604947468,0.6161758813959286,0.6174820864529178,0.5700544274056399,0.5622139195194267,0.5650699533935459,0.3510876853827527,0.24152667866296368,-0.33657903831698255,-0.3603287460080183,0.3757189990450519,0.26594442397570217,0.0906481210437011,0.005556060234379936,0.11042024628337879,0.18585425631555522,0.22605910008699104,0.08456014638671362,0.08821509791700327,0.08148999574908199,0.08263344486005249,0.07554979548005217,0.07972959043388271,0.07167014760884372,0.09902157667392734,0.09107091127925392,0.7538515208831259,0.7564723659165379,0.7509469173016985,0.7760018612499665,0.7538515208831259,0.7538515208831258,0.7743218859968585,-0.6279002142306574,-0.6631929836797777,-0.6314323162464264,-0.6054952489898145,-0.5985719354049072,-0.5414099329577153,-0.5087349030343786,-0.6279002142306574,-0.6279002142306561,-0.624046405164953,0.15095255115582737,0.1356321383577473,-0.3382607844381237,0.20856273509826656,0.17566832100734686,-0.3947126907891153,0.21158125178140755,-0.39471269078911864,-0.4199287762306863,0.0393301468324814,0.16905738271914306,0.07910008179873282,-0.1524641299766657,-0.15246412997666617,-0.10064509023790524,0.9110414684406422,0.9110414684406415,1.0,-0.5547973315374578,-0.5547973315374579,-0.5734441425955116,0.08783805574044984,0.09066493522280511,0.0957968503134295,0.08605149422825926,-0.05019986169685144,-0.05302507911388494,0.19323263470934166,0.7760018612499788,-0.6279002142306644,-0.3947126907891195,-0.15246412997666525,0.9110414684406414,-0.5547973315374559
unemployment_rate_2011,0.046359308220732545,-0.4278997935989683,-0.36405305647235336,-0.2478080961684745,-0.39422045595425137,-0.3977908107268677,-0.2558771655604413,-0.2553819271249995,-0.24310469112575503,-0.42155930068679764,-0.5627355129225599,-0.06456205527183519,0.4966514808805836,0.10741872265117985,0.16005071731741144,-0.03617151557730426,-0.12508009868441144,0.04728485436244134,-0.23608036078165606,-0.27745089781081184,-0.045040949122419564,-0.03038859205172585,-0.03850879285309288,-0.024943231796701437,-0.032065673385278305,-0.018740711376516384,-0.024808989394106824,-0.029400186199383876,-0.03811525523381374,-0.5879049069556818,-0.5825846565641692,-0.5927395901883477,-0.6496273221750594,-0.5879049069556818,-0.5879049069556906,-0.6094343166499777,0.9287451428598625,0.9302859710961504,0.9054493399582033,0.9530721499459582,0.9327358055806326,0.8632596644387718,0.874019848174152,0.9287451428598625,0.9287451428598837,0.8108277632628681,-0.5721474752747996,0.056903259667186894,0.6993327441690338,0.18702648999678242,-0.7043412565516873,0.7472886446117019,0.2127063367823807,0.747288644611709,0.6512016761117727,0.08771152250762546,-0.2759017256828408,0.3950107426847543,0.4671591186951885,0.4671591186951812,0.4661304134492804,-0.5323458170869659,-0.532345817086968,-0.5547973315374578,1.0,1.0000000000000069,0.8562806942119509,-0.04943547995281547,-0.05222128611195561,-0.056059112927575434,-0.04328781310230472,0.051006092026995534,0.052559949894477855,-0.5005836936631634,-0.6496273221750314,0.9287451428598877,0.7472886446117012,0.4671591186951822,-0.5323458170869648,0.9999999999999953
unemployment_z,0.04635930822073275,-0.4278997935989663,-0.364053056472359,-0.24780809616847357,-0.3942204559542478,-0.3977908107268668,-0.2558771655604481,-0.2553819271249983,-0.24310469112575997,-0.42155930068678943,-0.5627355129225547,-0.06456205527183541,0.49665148088058014,0.10741872265117439,0.16005071731740472,-0.03617151557730292,-0.12508009868440667,0.04728485436244091,-0.2360803607816601,-0.2774508978108114,-0.045040949122418635,-0.030388592051725095,-0.03850879285309226,-0.0249432317967007,-0.032065673385277355,-0.01874071137651573,-0.02480898939410585,-0.02940018619938294,-0.03811525523381206,-0.5879049069556777,-0.5825846565641688,-0.592739590188341,-0.6496273221750715,-0.5879049069556777,-0.5879049069556864,-0.6094343166499866,0.9287451428598655,0.9302859710961457,0.9054493399582083,0.9530721499459609,0.9327358055806195,0.8632596644387752,0.8740198481741475,0.9287451428598655,0.9287451428598565,0.8108277632628675,-0.572147475274802,0.056903259667185714,0.6993327441690245,0.18702648999677746,-0.7043412565516953,0.7472886446116882,0.2127063367823763,0.747288644611706,0.6512016761117708,0.08771152250762462,-0.27590172568284044,0.3950107426847512,0.46715911869518206,0.4671591186951738,0.46613041344927436,-0.532345817086977,-0.5323458170869746,-0.5547973315374579,1.0000000000000069,1.0,0.8562806942119396,-0.0494354799528154,-0.05222128611195599,-0.056059112927574414,-0.043287813102304055,0.05100609202699521,0.0525599498944769,-0.5005836936631549,-0.6496273221750294,0.9287451428598718,0.7472886446117056,0.4671591186951754,-0.5323458170869697,0.9999999999999868
unemployment_quartile,0.08960464807469631,-0.35200260088626323,-0.358079727471393,-0.20125150249390306,-0.32904567919256966,-0.33548541115300823,-0.2110540040474624,-0.21001884569886914,-0.19689176672404543,-0.5133382381761716,-0.6289588635892283,-0.02559186877108187,0.45701842990775965,0.1731025980745789,0.22133136056021385,-0.03757366939796995,-0.15634732523494937,0.06882112866636643,-0.2670713735964487,-0.315338165264137,-0.05345213283819301,-0.030267706973960678,-0.04548328131695128,-0.0224415464541396,-0.03654306482271283,-0.01359590077477025,-0.026666758129626145,-0.026404654922371002,-0.04347828057642622,-0.5671071343086047,-0.564524712269884,-0.5692431009974418,-0.6042621403134666,-0.5671071343086047,-0.5671071343086179,-0.6152101407924464,0.8431819153449737,0.8438959153129196,0.8311570850968019,0.861518210811786,0.8388640624842699,0.7196112481996025,0.7276872509477283,0.8431819153449737,0.8431819153449812,0.8825955787744908,-0.5254155978741872,0.10095904261788195,0.6627281047139316,0.22873441783711795,-0.6805934863607555,0.6953284825575622,0.24511280718530118,0.6953284825575756,0.692615816695503,0.10037225772941073,-0.3451622720254742,0.4352140322249474,0.5452012743422675,0.5452012743422643,0.5209566541525127,-0.5330211934475652,-0.5330211934475679,-0.5734441425955116,0.8562806942119509,0.8562806942119396,1.0,-0.05856091238009891,-0.06203490364246283,-0.06638721725230012,-0.05140250524544452,0.0541441977873507,0.057032418364380146,-0.3913124848639503,-0.6042621403134332,0.8431819153449858,0.6953284825575744,0.5452012743422632,-0.5330211934475606,0.8562806942119396
nb_lead1,0.0410803636063122,0.10357300633710169,0.031148159872396153,0.05373535103707136,0.07161816331531017,0.06888094335553066,0.05188118502890252,0.051120415651217006,0.053728863219029914,-0.015512347818571056,0.052458885946126355,-0.09894086734042179,-0.09752978658772792,0.1195877715670465,0.08028740356013726,0.5839225580587355,0.4957346447369199,0.37542458484180186,-0.0977575389804477,-0.09541684471572758,0.6037554843011677,0.4460791527598104,0.4559785368727288,0.37752531356077584,0.3823806303415547,0.30459261885113786,0.30824503608575754,0.4486436206657483,0.45932640011670167,0.051634309852381106,0.055315256798291475,0.04833842140815034,0.05867196387116986,0.051634309852381106,0.05163430985238054,0.07509288025721977,-0.04807433864314957,-0.051300906280275164,-0.049990814841430586,-0.0434176734643498,-0.0333360899279478,-0.04111398245209627,-0.031022959154471102,-0.04807433864314957,-0.04807433864314935,-0.050792459361157026,-0.04228155122001045,0.158190609088162,0.0358047953099844,0.08294400341976084,-0.06836187249544091,0.022492798363677517,0.07415841356454636,0.022492798363677513,0.019709242545169172,0.0397536876407698,0.04560183833299971,-0.06941863885062494,-0.10515260839467395,-0.10515260839467282,-0.1081913537960864,0.07750321025445152,0.07750321025445198,0.08783805574044984,-0.04943547995281547,-0.0494354799528154,-0.05856091238009891,1.0,0.6079767656738678,0.4604115961931751,0.4574152402717473,-0.018988724167875597,-0.0015590678380744687,0.08135698613679801,0.05867196387113471,-0.04807433864314929,0.022492798363677985,-0.10515260839467137,0.07750321025445037,-0.04943547995281514
nb_lead2,0.04074086998294208,0.07630100071645672,0.025942585664335965,0.04910441060696092,0.06667427223470711,0.06421749518538636,0.04769379753088297,0.04560253866725805,0.05001287798308685,-0.02029135150584236,0.05255319286412071,-0.0999383135428386,-0.09852034031374564,0.12156259323137772,0.08032561957391712,0.44759369126338067,0.3805763337130924,0.2893741867617705,-0.06749106380941094,-0.06277227263678195,0.45741524027174735,0.3796516962103749,0.3845535512660788,0.31074542832995034,0.3148091068441466,0.2638451639891736,0.26135629252216974,0.3818809978209335,0.38684021685551495,0.05290846355004767,0.05671662589376451,0.049431481216742616,0.06002269574764874,0.05290846355004767,0.05290846355004741,0.07691186341783382,-0.050772705926425125,-0.05404915469541476,-0.05248837510990684,-0.04673220383390039,-0.03568260286421102,-0.043300567192560695,-0.03298482483358523,-0.050772705926425125,-0.050772705926423176,-0.054315891188867704,-0.04215621370131712,0.15749693039313095,0.03360389165301037,0.08467506533750131,-0.06734945444058933,0.01985052468859791,0.07587228068824345,0.019850524688598516,0.017431909482030397,0.03887278888593637,0.048880534392797666,-0.07448369609450181,-0.1109334493107527,-0.11093344931075287,-0.11288186138304106,0.07972139138759238,0.0797213913875931,0.09066493522280511,-0.05222128611195561,-0.05222128611195599,-0.06203490364246283,0.6079767656738678,1.0,0.6078132444545732,0.3876616158588103,-0.0015590678380744687,0.017915304761700473,0.06245777286717835,0.06002269574766521,-0.05077270592642319,0.019850524688597597,-0.11093344931075384,0.0797213913875927,-0.05222128611195612
nb_lead3,0.04108828161160073,0.10033527999086958,0.020222880425806347,0.042922274705341316,0.0630500469343252,0.06124361271831852,0.04268208103282735,0.039435912655385943,0.04455811502045913,-0.021388535295767837,0.054619092462643716,-0.1026915804904256,-0.0969768740930606,0.12060878233686667,0.0783787105701846,0.38381158857129943,0.30636025682567003,0.2616839554103184,-0.05562379123629497,-0.04989867804783474,0.3876616158588103,0.312542054358836,0.31666923282056525,0.27028991346693393,0.26786187229711184,0.23384566793612419,0.23020081157731814,0.32821580121184496,0.3287896998283975,0.05568591966385483,0.05969250270421998,0.05198153561895718,0.06315506506844767,0.05568591966385483,0.05568591966385608,0.08093952018728304,-0.05496387828438115,-0.058414696308124965,-0.05651922058471918,-0.05138043546251389,-0.0393568335201323,-0.0466149614416543,-0.03588349611670335,-0.05496387828438115,-0.05496387828438128,-0.059239330482564356,-0.04168063553326075,0.158360845505633,0.030576981339607706,0.08787222483270112,-0.0663552119086737,0.016059891901532737,0.07904593957919616,0.01605989190153352,0.013693396218908088,0.04002297468308686,0.052447875226344184,-0.07939405741409646,-0.11689309371778418,-0.11689309371778328,-0.11766608497263746,0.08407955844200646,0.08407955844200611,0.0957968503134295,-0.056059112927575434,-0.056059112927574414,-0.06638721725230012,0.4604115961931751,0.6078132444545732,1.0,0.31752820021576567,0.017915304761700473,0.04267584743953418,0.08092060111995136,0.06315506506845747,-0.054963878284382095,0.01605989190153352,-0.11689309371778288,0.08407955844200632,-0.056059112927574664
nb_lag1,0.04343196880726651,0.11014131413349734,0.047107486035849654,0.07387527379408762,0.09230954707631961,0.08846472759525106,0.07151481181568166,0.07037818720497391,0.07453770558648866,-0.024090086157490226,0.04391901993381856,-0.10244155581128758,-0.10193673356894765,0.1330773224029603,0.09349097767635407,0.5839925098950253,0.4858629449650792,0.3819951059636565,-0.10683592019585235,-0.10520103080772454,0.6037554843011675,0.9661014254759849,1.0,0.5940617760211825,0.6133766743697493,0.46159908773380853,0.46879829827436637,0.8014465674617303,0.8312665996616997,0.05087566247011045,0.05461019721547136,0.04747187498991864,0.05762843694319299,0.05087566247011045,0.05087566247010881,0.07362590050537417,-0.04208945266002021,-0.04550021892173797,-0.044444960690556146,-0.03633523548641462,-0.02719161659759912,-0.036328426945971624,-0.025411274490967656,-0.04208945266002021,-0.04208945266002046,-0.043670053336287186,-0.04801652499913247,0.16324488391904038,0.04334351951956262,0.0872506759236297,-0.07707801720702727,0.030108847206238156,0.07892261459582177,0.030108847206237594,0.026621505095178268,0.04221707437371596,0.039783336043067836,-0.06200950251361812,-0.09565152521786555,-0.09565152521786376,-0.10004962548366157,0.07643465712028788,0.07643465712028749,0.08605149422825926,-0.04328781310230472,-0.043287813102304055,-0.05140250524544452,0.4574152402717473,0.3876616158588103,0.31752820021576567,1.0,-0.015604663832776212,-0.010862743161483925,0.0858431935525845,0.05762843694315934,-0.04208945266002027,0.03010884720623807,-0.09565152521786473,0.07643465712028735,-0.04328781310230481
d_log_price,-0.009681031315895507,0.1169828288992604,-0.024833864710018656,0.0030290113796037025,0.042456697666372424,0.029852879562362364,-0.006504721259219957,-0.007838027737099558,-0.00870847691185837,-0.06673685246369745,-0.01287917218006452,0.005478171987166237,0.01108355719721995,-0.0027185950921508155,0.002873405531850945,0.0069157777542185935,0.01285043595630316,-0.0009998344633784838,-0.026451960812305546,-0.03341347428831537,0.00845578100499595,-0.016221175779702883,-0.015604663832776212,-0.019789376244743032,-0.017427332245583873,-0.005743244994686253,-0.0023150319275758624,-0.01660393314049344,-0.01421538932531438,-0.03898475825715921,-0.03974451824466687,-0.038095816822636956,-0.03557247506735174,-0.03898475825715921,-0.03898475825715943,-0.027102355129596918,0.04484800259826618,0.04824005654437149,0.04153591748050325,0.05289868372897448,0.0458036442378692,0.040206753535670124,0.043616484979752075,0.04484800259826618,0.04484800259826608,0.045293942274934,-0.027299242515090416,0.010148664500386336,0.03898047184636817,-0.01674072858311406,-0.026947233745113895,0.04641251970958465,-0.014857120701945458,0.04641251970958591,0.03805862331122505,0.006137405877459079,-0.03175486505584821,0.020808537948265562,0.04113214013116493,0.041132140131164806,0.040077141549296924,-0.05577151223332553,-0.05577151223332559,-0.05019986169685144,0.051006092026995534,0.05100609202699521,0.0541441977873507,-0.018988724167875597,-0.0015590678380744687,0.017915304761700473,-0.015604663832776212,1.0,-0.17945609344915503,0.11802500274774529,-0.035572475067346905,0.044848002598266205,0.046412519709585535,0.04113214013116458,-0.05577151223332626,0.05100609202699568
d_log_price_lag1,-0.010891958352499103,-0.005974650236853785,0.002026249558753449,0.021725520522406245,0.058519447638262494,0.05880261877928386,0.023060400754648276,0.021274285907882648,0.023105979214231524,-0.06875565382749715,-0.0514693440897308,0.004045319695550026,0.03613506297515689,0.010575807603084948,0.011807402982625793,-0.018675033357461478,-0.026436401335537815,-0.004597671403283546,-0.012308532455827076,-0.01509268955393638,-0.018988724167875597,-0.011954424983933678,-0.010862743161483925,-0.017325453564794143,-0.016396435681561572,-0.01691492090466354,-0.014351904584770984,-0.0180701119734437,-0.01640605332838802,-0.03648477309076937,-0.03732757920146555,-0.03551277580501987,-0.03261685222733536,-0.03648477309076937,-0.03648477309076966,-0.02362966796298225,0.045618042658523685,0.04929979926880661,0.04189030090716746,0.05484915130338482,0.0470168868291135,0.039630643633607944,0.04417600480680983,0.045618042658523685,0.045618042658523844,0.04689859839100877,-0.029694293903178345,0.011066557296442358,0.04094005881785007,-0.017003023474760588,-0.029075210435297684,0.04935668695072527,-0.01488756775397536,0.04935668695072492,0.04012641353671039,0.006815380105401934,-0.0361140597643343,0.024690361283461217,0.04570136630597112,0.045701366305971255,0.045277381169620524,-0.058626029829703774,-0.05862602982970555,-0.05302507911388494,0.052559949894477855,0.0525599498944769,0.057032418364380146,-0.0015590678380744687,0.017915304761700473,0.04267584743953418,-0.010862743161483925,-0.17945609344915503,1.0,0.010588577219614807,-0.03261685222733675,0.04561804265852328,0.04935668695072539,0.045701366305971866,-0.05862602982970447,0.052559949894476696
log_sale_count,0.4503344414645014,0.9380414559464274,-0.03658587650403102,-0.08737697183652679,0.04786178450564774,0.050726508669250304,-0.08019419641163558,-0.080868201567688,-0.08818234169476881,0.09494758621545416,0.2873350488312723,0.031210578335584296,-0.20678913232739227,-0.09629351062060441,-0.11893781494019463,0.14377111839848855,0.2129148963188748,0.025075303577019904,0.0038728972599593662,0.015322276332459,0.10227507836742902,0.12951933642682925,0.08739449136509572,0.13381215176302383,0.09345450605102917,0.14291376029988542,0.10300995365800385,0.1601576492397237,0.11264457331066671,0.18090903050299545,0.175944480002511,0.18563701108089772,0.2263286764962601,0.18090903050299545,0.18090903050300192,0.21759538793110464,-0.43982670014873304,-0.4312671270094493,-0.42055894859120035,-0.46852922068292124,-0.46806151063227314,-0.4281652635043436,-0.4537723060617836,-0.43982670014873304,-0.4398267001487327,-0.3708714756332245,0.6784871700985309,0.08138503272371717,-0.3453833756409321,0.06164682936830394,0.4408906457742772,-0.4915084209267625,-0.09196784425439633,-0.4915084209267673,-0.3861382791792714,0.31790569565771326,0.06889588403815611,-0.33480401887260075,-0.21733224560389927,-0.21733224560389586,-0.2646168368080387,0.16570434726175587,0.16570434726175817,0.19323263470934166,-0.5005836936631634,-0.5005836936631549,-0.3913124848639503,0.08135698613679801,0.06245777286717835,0.08092060111995136,0.0858431935525845,0.11802500274774529,0.010588577219614807,1.0,0.22632867649622918,-0.4398267001487308,-0.4915084209267588,-0.217332245603896,0.1657043472617577,-0.500583693663165
income_z_eda,-0.012375896961302138,0.21032757723275708,0.7755727285113756,0.7358764748988685,0.782383311069323,0.7852201751903823,0.7414397640590548,0.7419055823711024,0.7300682329985868,0.3009181277637434,0.20481397620770064,-0.2713294932303176,-0.37387864096079265,0.37002206440051316,0.21256885335297665,0.05547567723950679,-0.008117581085953582,0.07577700879117882,0.18795897964015423,0.22775008988004952,0.056832659388573806,0.05321209787971112,0.05401422910204436,0.0489144510714902,0.04923263476192648,0.04659434903413865,0.04590405239169391,0.058792170077899435,0.059414615766201766,0.9887015630375454,0.9859554257239423,0.9890076790957745,1.000000000000011,0.9887015630375454,0.988701563037524,0.9209171008186549,-0.7158575059511326,-0.73418353536992,-0.7205458082077643,-0.6831888688201889,-0.6957796198513615,-0.6425895584182796,-0.614691066052197,-0.7158575059511326,-0.7158575059511518,-0.6686521672456912,0.20391835322589327,0.13392099842406377,-0.402555669608557,0.1100793946820397,0.2736179474251979,-0.44269437914623916,0.11084651075766375,-0.4426943791462365,-0.4287191369853858,-0.016634058104424167,0.05948660211180472,0.06506333846639573,-0.09407259987603415,-0.09407259987603017,-0.08034997045604464,0.8443636552762502,0.8443636552762585,0.7760018612499788,-0.6496273221750314,-0.6496273221750294,-0.6042621403134332,0.05867196387113471,0.06002269574766521,0.06315506506845747,0.05762843694315934,-0.035572475067346905,-0.03261685222733675,0.22632867649622918,1.0,-0.7158575059511361,-0.44269437914623455,-0.09407259987602963,0.8443636552762532,-0.6496273221750427
deprivation_z_eda,0.08538185171524512,-0.38438211750216245,-0.44524960651787643,-0.3185092672651024,-0.4753966107473566,-0.4788199156778149,-0.3266172190459855,-0.32878455035596343,-0.31109465518066515,-0.4568073916803499,-0.5605441775492805,-0.04401209674812321,0.5053006213163485,0.08131544615524776,0.1648985591194384,-0.03237596740151206,-0.11063055989728642,0.041512719989756725,-0.25723575949093064,-0.2997035729113039,-0.043901966564263054,-0.02636884440235019,-0.037143041131257895,-0.020160914594528224,-0.030072082274545102,-0.013669678007277038,-0.02268226936930172,-0.023938660976539385,-0.03594429307958865,-0.6553488498281924,-0.6502575661304242,-0.6598117620681919,-0.7158575059511662,-0.6553488498281924,-0.6553488498282051,-0.6995542942068468,1.0000000000000009,0.9932788587737101,0.9960854437504885,0.974683206327464,0.9936998247091106,0.9072290541086964,0.9024560724507812,1.0000000000000009,1.000000000000003,0.8925779339316252,-0.5650716347406354,0.03558535855307292,0.7128469659749423,0.22601435851485052,-0.7202276179872433,0.7496484333358946,0.23820633177474307,0.7496484333359048,0.6780791392287133,0.05160546921292927,-0.2320464784969265,0.34912379566840346,0.4218402825100879,0.42184028251008326,0.42909694531479087,-0.5903615568674441,-0.5903615568674547,-0.6279002142306644,0.9287451428598877,0.9287451428598718,0.8431819153449858,-0.04807433864314929,-0.05077270592642319,-0.054963878284382095,-0.04208945266002027,0.044848002598266205,0.04561804265852328,-0.4398267001487308,-0.7158575059511361,1.0,0.7496484333359039,0.4218402825100868,-0.5903615568674535,0.9287451428598504
social_rent_z_eda,0.07337170514883844,-0.4256538610713404,-0.1735983186971344,-0.014384910544005784,-0.12390605260555053,-0.1287661377470809,-0.021248751909831252,-0.02610915307685223,-0.006678659443813754,-0.43159724307080405,-0.502127151434818,-0.1047048518957876,0.3056461533285265,0.25881008904911584,0.2592937696808525,0.036438808723139864,-0.07875824421337771,0.10442964142724631,-0.21756157322519112,-0.24947601613802478,0.02657437967434182,0.043297851210989606,0.03413480447024239,0.0490747783535485,0.040795174515888995,0.05591662617063184,0.048145582007550855,0.05835405120329441,0.048740367285792605,-0.4026901495680555,-0.39902114208957085,-0.4060194246560463,-0.4426943791462597,-0.4026901495680555,-0.4026901495680662,-0.4266679704875265,0.7496484333358929,0.7641630931533486,0.7183210023185687,0.8051979211117762,0.7657714831248271,0.7054043977415341,0.731502601925702,0.7496484333358929,0.7496484333358984,0.6988716289870663,-0.6494005059690747,0.18524913070506607,0.946682390492971,0.05812802373401516,-0.8086641846548097,1.0000000000000027,0.04256964585884459,1.0000000000000213,0.8728672969133335,0.060176470296579285,-0.20328333095619247,0.37805144862876416,0.37512782319224464,0.3751278231922387,0.36476702422132085,-0.37236140701986087,-0.3723614070198656,-0.3947126907891195,0.7472886446117012,0.7472886446117056,0.6953284825575744,0.022492798363677985,0.019850524688597597,0.01605989190153352,0.03010884720623807,0.046412519709585535,0.04935668695072539,-0.4915084209267588,-0.44269437914623455,0.7496484333359039,1.0,0.3751278231922425,-0.37236140701986326,0.7472886446116922
density_z_eda,0.11912175857815871,-0.16198738164543008,0.02475421779461329,0.20944993572676357,0.10057646165262857,0.0949224995317753,0.1971973439791132,0.21180900808384578,0.20062492145299518,-0.5365351485761497,-0.7434469341711648,-0.10158169400182804,0.3265181879239905,0.4563833108048433,0.46144237511651576,-0.07541384321752446,-0.2803756571129167,0.11284764335049989,-0.22189417414576906,-0.27048721306833673,-0.09931447243282243,-0.06632485083858249,-0.08947516226156864,-0.05423971856177881,-0.07596844875060188,-0.041886642394999916,-0.06231234739458463,-0.06446209261352391,-0.0909334182674051,-0.051918959624321144,-0.04634666557816666,-0.05702811448419531,-0.09407259987608743,-0.051918959624321144,-0.051918959624334564,-0.14886931107166462,0.4218402825100808,0.41597318329527155,0.41107991484069994,0.4444045402166035,0.3957692516853661,0.35373619074163953,0.3707219791080368,0.4218402825100808,0.4218402825100837,0.4605282600205899,-0.3730242307075739,0.15846901826673787,0.3760810652458347,0.37746405862792975,-0.50996662863866,0.37512782319223364,0.39551927526162617,0.3751278231922438,0.3474029088315146,0.15437581600007724,-0.7197018503134102,0.7643558339230235,0.9999999999999977,1.0000000000000029,0.8976967599672423,-0.04850663466796267,-0.048506634667961346,-0.15246412997666525,0.4671591186951822,0.4671591186951754,0.5452012743422632,-0.10515260839467137,-0.11093344931075384,-0.11689309371778288,-0.09565152521786473,0.04113214013116458,0.045701366305971866,-0.217332245603896,-0.09407259987602963,0.4218402825100868,0.3751278231922425,1.0,-0.04850663466796011,0.46715911869517307
degree_z_eda,0.07343160503226008,0.1738495092501074,0.7059402822287317,0.676767015946305,0.676832733860252,0.6768531709135818,0.6802971455715751,0.6731317921885431,0.6774453137156753,0.3087567895131915,0.14494283029005542,-0.37575227439705766,-0.3394653095344905,0.47521075529905155,0.3617416559312857,0.0844419079090097,-0.026877570753931056,0.12667903482153098,0.18078059302835603,0.22087772951220716,0.07436502876368549,0.08284397708585771,0.07218695554115488,0.07910247151307696,0.06830773428889927,0.07767188624860898,0.06620513560295409,0.09464969993864873,0.08226651035189558,0.8538598011944548,0.8589953096441402,0.8482968117934195,0.844363655276231,0.8538598011944548,0.8538598011944493,0.7685148781966424,-0.5903615568674484,-0.6337386195168725,-0.5892099358133855,-0.5802442748099986,-0.565983161170804,-0.519426063123358,-0.4895823976721495,-0.5903615568674484,-0.5903615568674484,-0.5649746657043803,0.10187592827669308,0.1309498430168563,-0.30934665271370204,0.30802359743711477,0.10208503727061495,-0.37236140701985665,0.3104915315557418,-0.37236140701986387,-0.37276661305178177,0.04639931232399586,0.10372369237009219,0.18320337195212708,-0.048506634667963275,-0.04850663466796251,-0.006291428827711151,0.9999999999999697,1.0000000000000104,0.9110414684406414,-0.5323458170869648,-0.5323458170869697,-0.5330211934475606,0.07750321025445037,0.0797213913875927,0.08407955844200632,0.07643465712028735,-0.05577151223332626,-0.05862602982970447,0.1657043472617577,0.8443636552762532,-0.5903615568674535,-0.37236140701986326,-0.04850663466796011,1.0,-0.532345817086979
unemployment_z_eda,0.04635930822073265,-0.4278997935989698,-0.3640530564723611,-0.24780809616847105,-0.3942204559542548,-0.39779081072686867,-0.25587716556044393,-0.25538192712499963,-0.24310469112575347,-0.4215593006867959,-0.5627355129225589,-0.0645620552718351,0.4966514808805652,0.10741872265117529,0.16005071731740775,-0.03617151557730355,-0.12508009868440645,0.04728485436244068,-0.236080360781656,-0.27745089781081284,-0.04504094912241826,-0.030388592051725522,-0.0385087928530922,-0.024943231796700712,-0.03206567338527793,-0.018740711376515944,-0.02480898939410647,-0.029400186199383564,-0.03811525523381257,-0.5879049069556926,-0.5825846565641624,-0.592739590188343,-0.6496273221750627,-0.5879049069556926,-0.5879049069556951,-0.6094343166499783,0.9287451428598477,0.9302859710961607,0.9054493399582091,0.9530721499459638,0.9327358055806413,0.8632596644387737,0.8740198481741457,0.9287451428598477,0.9287451428598724,0.8108277632628669,-0.5721474752747979,0.05690325966718552,0.6993327441690249,0.18702648999677857,-0.7043412565516821,0.7472886446116973,0.21270633678237705,0.7472886446117133,0.651201676111776,0.08771152250762387,-0.2759017256828394,0.3950107426847469,0.46715911869518195,0.46715911869517535,0.4661304134492679,-0.5323458170869748,-0.5323458170869753,-0.5547973315374559,0.9999999999999953,0.9999999999999868,0.8562806942119396,-0.04943547995281514,-0.05222128611195612,-0.056059112927574664,-0.04328781310230481,0.05100609202699568,0.052559949894476696,-0.500583693663165,-0.6496273221750427,0.9287451428598504,0.7472886446116922,0.46715911869517307,-0.532345817086979,1.0
