,baseline_households_2011,sale_count,median_price,median_ppsqm,log_median_ppsqm,mean_log_ppsqm,mean_ppsqm,p25_ppsqm,p75_ppsqm,median_floor_area,detached_sale_share,semidetached_sale_share,terraced_sale_share,flat_sale_share,leasehold_sale_share,newbuild_total,newbuild_houses,newbuild_flats,median_newbuild_floor_area,mean_newbuild_floor_area,newbuilds_per_1000,newbuilds_lag1,newbuilds_lag1_per_1000,newbuilds_lag2,newbuilds_lag2_per_1000,newbuilds_lag3,newbuilds_lag3_per_1000,newbuilds_prev3yr,newbuilds_prev3yr_per_1000,baseline_income_bhc_2011_12,baseline_income_upper_ci,baseline_income_lower_ci,log_baseline_income,income_moderator_value,income_z,income_quartile,imd_ex_housing,imd_ex_housing_living,imd_ex_income_housing,imd2015_income_rate_msoa,imd2015_overall_score_pw,imd_ex_housing_bottom20_popshare,imd2015_overall_bottom20_popshare_legacy,deprivation_moderator_value,deprivation_z,deprivation_quartile,owner_occupied_2011,shared_ownership_2011,social_rented_2011,private_rented_2011,owner_share_2011,social_rent_share_2011,private_rent_share_2011,social_rent_z,social_rent_quartile,population_2011,area_km2,population_density_2011,log_population_density_2011,density_z,density_quartile,degree_share_2011,degree_share_z,degree_share_quartile,unemployment_rate_2011,unemployment_z,unemployment_quartile,nb_lead1,nb_lead2,nb_lead3,nb_lag1,d_log_price,d_log_price_lag1,log_sale_count,income_z_eda,deprivation_z_eda,social_rent_z_eda,density_z_eda,degree_z_eda,unemployment_z_eda
baseline_households_2011,1.0,0.4983208763881156,-0.05611403419783909,-0.00998539179177319,-0.009985359779995592,-0.011093060030837288,-0.0101188762735001,-0.013480454815085134,-0.006347368935842354,-0.19667169243600538,-0.13180738028029187,-0.14736022642561952,0.03228077405695009,0.21472336097341302,0.19723171246872892,0.18408445556335568,0.09118263355670424,0.2006513494898308,-0.14459059216323697,-0.14000385556333603,0.10313063634786429,0.19084766305732187,0.10876915357909278,0.1971100094763196,0.11561920827089871,0.20704490927040256,0.12596886586325828,0.24031110978490408,0.12321855062283951,-0.035015015341466,-0.033993559739326294,-0.03524392753631452,-0.035015015341466,-0.035015015341466,-0.035015015341466,-0.03434431690921104,0.11797792223172045,0.10789488187915497,0.11902842446996123,0.1112491673598627,0.10523936883798853,0.08291841160739734,0.08178531820041207,0.11797792223172045,0.11797792223172045,0.11435868637590542,0.4619491192541107,0.34065452117630857,0.3258684254156823,0.526909291791636,-0.19184806638910196,0.10360119478245373,0.2273911998601055,0.10360119478245373,0.09501289155060223,0.8828232870140165,0.02559453843515426,0.11788910727837458,0.11788911864977658,0.11788911864977658,0.10856185018107412,0.035993260315221445,0.035993260315221445,0.02916494249729415,0.09748811249179462,0.09748811249179462,0.09515579408229685,0.10195074712476682,0.10049692884260969,0.09819795794796018,0.10698458139953253,-0.008302491658271481,-0.008861560050250707,0.4983208763881156,-0.035015015341466,0.11797792223172045,0.10360119478245373,0.11788911864977658,0.035993260315221445,0.09748811249179462
sale_count,0.4983208763881156,1.0,0.09856459741691144,0.09474218387768368,0.09474221730183033,0.09586693790653109,0.09495628106127106,0.09411682517643537,0.09353944690201409,0.10428714648603078,0.31084232774624754,-0.017916812912582538,-0.16155960509517,0.0751388909825864,-0.002793384804447259,0.2654383200292616,0.2895832585846554,0.1393365010296748,0.053722890223533784,0.08555285772225003,0.22510465121772638,0.24430993074609386,0.20312504620425093,0.24633110282810355,0.20549473459625925,0.24847680389073323,0.20776597892918205,0.25200839725477664,0.1941580311995199,0.23323015281652856,0.23185178697807524,0.23487848287956234,0.23323015281652856,0.23323015281652856,0.23323015281652856,0.22403057168251214,-0.3793439967991701,-0.3642790829475941,-0.37140212772934017,-0.3845171205112982,-0.4077147340456079,-0.3735644706907219,-0.39306028035413626,-0.3793439967991701,-0.3793439967991701,-0.36499440074269324,0.681170309856205,0.13759677625235214,-0.26471827531785264,0.15500658990517527,0.3643056201993608,-0.4027655295178889,-0.012745909812249216,-0.4027655295178889,-0.3869300013917786,0.3804986287749534,0.3041092770616235,-0.24185850292146646,-0.2418585770360731,-0.2418585770360731,-0.23331756577303822,0.22063523226366144,0.22063523226366144,0.2085454116760344,-0.4042693646169581,-0.4042693646169581,-0.38695437645696085,0.19527082684753627,0.16791400456481875,0.19880508898148247,0.20047757427050555,0.13134994891474713,-0.013418880118062512,1.0,0.23323015281652856,-0.3793439967991701,-0.4027655295178889,-0.2418585770360731,0.22063523226366144,-0.4042693646169581
median_price,-0.05611403419783909,0.09856459741691144,1.0,0.9638165564382839,0.9638165489392536,0.965435143908331,0.9658122052805214,0.9611211065853337,0.9623780837747737,0.29741441437800925,0.13628462498841457,-0.29794561437002454,-0.3447058204668576,0.4241461874760624,0.2176838649862992,0.09967783922851242,0.004984775221662347,0.1928462007826479,0.11591308787151501,0.176934547631906,0.10725268502918749,0.1181694344718169,0.12605768889164268,0.12474365220632949,0.1326177417615268,0.12264723254788493,0.13050770114136867,0.11350874780689231,0.12468432052053749,0.809879964014192,0.8105727745757031,0.8090561441256253,0.809879964014192,0.809879964014192,0.809879964014192,0.783479772851584,-0.5669286935657534,-0.5922500342337849,-0.5831835067050889,-0.5088203541884829,-0.5247081421323191,-0.5261531968250207,-0.47986425002490724,-0.5669286935657534,-0.5669286935657534,-0.5342933239431659,0.08579184702374605,0.18782741963118765,-0.2717796560814212,0.032150080240041505,0.18559590131642198,-0.2717753271475449,0.06123184370022563,-0.2717753271475449,-0.26705345419696325,0.0363315757668114,0.026681555624338008,-0.017440047504165248,-0.017440057000709875,-0.017440057000709875,-0.030451076034312168,0.6991620172455786,0.6991620172455786,0.6687809499522208,-0.4845360702356725,-0.4845360702356725,-0.46146208246499787,0.09839092377895682,0.09285136733260387,0.09272564963982186,0.121063469967783,-0.001316148908754577,0.034965290288022255,0.09856459741691144,0.809879964014192,-0.5669286935657534,-0.2717753271475449,-0.017440057000709875,0.6991620172455786,-0.4845360702356725
median_ppsqm,-0.00998539179177319,0.09474218387768368,0.9638165564382839,1.0,0.9999999999357188,0.9984531006202021,0.9982491662732699,0.9956517953315922,0.9957193770302392,0.07611768501378163,-0.010258126309230333,-0.3317084265318754,-0.2732284141460328,0.5325941846212173,0.3209903293644126,0.08283737439038386,-0.05733258468482335,0.24151224387666978,0.011040874883282965,0.055186763550453266,0.08552393707516961,0.10609346503811207,0.10904735640134693,0.11418750231983518,0.11719349990001196,0.11446557686934762,0.1175316634987955,0.11736072296813295,0.1220677264834023,0.7747475356196153,0.7761193070245432,0.7733304429177548,0.7747475356196153,0.7747475356196153,0.7747475356196153,0.7479954815731777,-0.4627798566249834,-0.48475844494336695,-0.48291312871643227,-0.39923483595218423,-0.42803387344370886,-0.45539141436042246,-0.403663126112601,-0.4627798566249834,-0.4627798566249834,-0.4314042832623969,0.007204848698718601,0.2677041678868736,-0.1618197038141614,0.11786283744491999,0.06053653905232641,-0.16730754421382202,0.14326162376545454,-0.16730754421382202,-0.16559994987254745,0.07166016255828056,-0.09618086593352611,0.10894784496675272,0.10894783968610976,0.10894783968610976,0.08736554713756728,0.6416364930443744,0.6416364930443744,0.6095202311344794,-0.37577869422823124,-0.37577869422823124,-0.3540657166857198,0.07603847770448105,0.072510790394228,0.07288804705062288,0.10267743232900534,0.03142448901062645,0.06400604634884378,0.09474218387768368,0.7747475356196153,-0.4627798566249834,-0.16730754421382202,0.10894783968610976,0.6416364930443744,-0.37577869422823124
log_median_ppsqm,-0.009985359779995592,0.09474221730183033,0.9638165489392536,0.9999999999357188,1.0,0.9984531002594378,0.9982491654345959,0.9956517922040581,0.9957193797371066,0.07611764966698226,-0.0102580908567872,-0.33170839712584727,-0.2732284982921839,0.5325941970404999,0.32099034538226784,0.08283736775328641,-0.057332572680167074,0.24151222559801616,0.011040854312826089,0.05518675355149765,0.08552392656122737,0.10609348438997986,0.10904737145121705,0.11418758838996065,0.11719358165184768,0.1144655971591389,0.11753168114553367,0.11736076927667972,0.12206776849797508,0.7747475206102445,0.7761192913393944,0.7733304260262578,0.7747475206102445,0.7747475206102445,0.7747475206102445,0.7479954650535371,-0.4627798748790414,-0.48475846635551667,-0.48291314727644974,-0.3992348503242597,-0.4280338886881271,-0.4553914268313674,-0.4036631424514471,-0.4627798748790414,-0.4627798748790414,-0.431404311054557,0.007204890261798155,0.2677041484943246,-0.16181969099814364,0.11786280856366367,0.06053656418292747,-0.16730754124956615,0.14326157513344276,-0.16730754124956615,-0.16559994195610261,0.07166015122986727,-0.09618082595723686,0.10894780380708062,0.10894779852650419,0.10894779852650419,0.08736551191994013,0.6416364863957539,0.6416364863957539,0.6095202169461473,-0.3757787167317674,-0.3757787167317674,-0.354065751233775,0.07603854101359588,0.07251086856299287,0.07288806652741961,0.1026774462123886,0.03142441578746927,0.06400596685090963,0.09474221730183033,0.7747475206102445,-0.4627798748790414,-0.16730754124956615,0.10894779852650419,0.6416364863957539,-0.3757787167317674
mean_log_ppsqm,-0.011093060030837288,0.09586693790653109,0.965435143908331,0.9984531006202021,0.9984531002594378,1.0,0.9996480875332627,0.9969434438325205,0.9961587475961802,0.08199681596348135,-0.00793584337806135,-0.3328825242668218,-0.2725355089184928,0.5306398908538364,0.31587743886247094,0.08244476144052858,-0.05651349294209883,0.24105364478582902,0.013653024150238361,0.058636702698393495,0.08527369251406011,0.1050781587903687,0.10817264926803664,0.11294221836778626,0.11607897855097606,0.11308894216360411,0.11627634065721609,0.11531989492944845,0.12018789750587114,0.777466369545844,0.7787843256093706,0.776101927055748,0.777466369545844,0.777466369545844,0.777466369545844,0.7508566349317918,-0.46719652151589275,-0.4895903598272009,-0.4870714750143603,-0.40410854372988786,-0.4322268334477663,-0.45908165987850663,-0.4077038396556541,-0.46719652151589275,-0.46719652151589275,-0.43567433728663146,0.009585098106544745,0.2639734647254871,-0.16560015229864974,0.11536968931075793,0.06414093240839278,-0.17095438815338793,0.14084171125544143,-0.17095438815338793,-0.16903959247334296,0.06958330880499447,-0.09306858918226348,0.10562508611617133,0.10562508238403483,0.10562508238403483,0.08439216281438015,0.6424413229505429,0.6424413229505429,0.6105239438111507,-0.3811226860949152,-0.3811226860949152,-0.35905878003764397,0.07608720603274112,0.07245718881801179,0.07328842614645548,0.10175204781621755,0.022027406075937887,0.06293321223138044,0.09586693790653109,0.777466369545844,-0.46719652151589275,-0.17095438815338793,0.10562508238403483,0.6424413229505429,-0.3811226860949152
mean_ppsqm,-0.0101188762735001,0.09495628106127106,0.9658122052805214,0.9982491662732699,0.9982491654345959,0.9996480875332627,1.0,0.9951768859747249,0.997501079832079,0.08368943662354376,-0.005293283586261027,-0.33642027235765104,-0.2732707310794173,0.5317510297882447,0.31856499520672055,0.0845785831068592,-0.054521448022873883,0.24159897698662217,0.015768723139750723,0.06143194746109948,0.08736034540252127,0.10776646744456851,0.11081499999923815,0.1155913296224979,0.11868802380712927,0.11590347534904087,0.1190615781534905,0.11820278027461177,0.12301870660472278,0.77579787093273,0.7771671066270968,0.7743748562860097,0.77579787093273,0.77579787093273,0.77579787093273,0.7490686473709967,-0.46515850700897143,-0.488290091615194,-0.484854265424607,-0.40270765478523507,-0.42959979833620937,-0.45730935664486894,-0.40604919495387737,-0.46515850700897143,-0.46515850700897143,-0.43375141287975283,0.008487145280258632,0.26426458140100567,-0.16391184476136866,0.11793977982786431,0.06196212158506665,-0.16941405683942715,0.14352103093505333,-0.16941405683942715,-0.16766888630751828,0.0690366053427568,-0.0882034952568595,0.10082854432360155,0.10082854152976176,0.10082854152976176,0.07972297748363777,0.644325014789585,0.644325014789585,0.6123623423568935,-0.3803880138349002,-0.3803880138349002,-0.3584011898309309,0.07809948471066797,0.07490964621803321,0.07602631524768456,0.10432865936965202,0.021589831562251742,0.0635434782234783,0.09495628106127106,0.77579787093273,-0.46515850700897143,-0.16941405683942715,0.10082854152976176,0.644325014789585,-0.3803880138349002
p25_ppsqm,-0.013480454815085134,0.09411682517643537,0.9611211065853337,0.9956517953315922,0.9956517922040581,0.9969434438325205,0.9951768859747249,1.0,0.9885691013843155,0.07530036512349972,-0.018341994977772787,-0.3264238248063801,-0.2696422244869096,0.5283045243242063,0.310819566840859,0.07794635619200807,-0.06203551102810671,0.24095233585506984,0.006759536766277374,0.04966142471774879,0.0808826230515738,0.09959076922050193,0.10279413051025861,0.10756498359971678,0.11079704303503426,0.10716715505046885,0.11040751268152456,0.11008868685166256,0.11509060805470013,0.7793579715459431,0.7806051573153884,0.7780611507079546,0.7793579715459431,0.7793579715459431,0.7793579715459431,0.7534164159579269,-0.4687374228260449,-0.48966335817548856,-0.48914218596544956,-0.4040097176177113,-0.43476032815665555,-0.46082529881722845,-0.40873861291741354,-0.4687374228260449,-0.4687374228260449,-0.4373060261912169,0.008412700957819609,0.2686041411887476,-0.16796248749633724,0.11257355014197869,0.06537445178179807,-0.17305562131063185,0.13827807772393258,-0.17305562131063185,-0.17102051560266768,0.07298167886578304,-0.10703715420535155,0.11983908948971977,0.11983908483141703,0.11983908483141703,0.0983373734611414,0.6376339948779105,0.6376339948779105,0.6058776937101172,-0.37886335368221813,-0.37886335368221813,-0.357065361106997,0.07196809941084385,0.06725720462928496,0.06711571937360136,0.09666245825196831,0.020717533981997133,0.061443254228278135,0.09411682517643537,0.7793579715459431,-0.4687374228260449,-0.17305562131063185,0.11983908483141703,0.6376339948779105,-0.37886335368221813
p75_ppsqm,-0.006347368935842354,0.09353944690201409,0.9623780837747737,0.9957193770302392,0.9957193797371066,0.9961587475961802,0.997501079832079,0.9885691013843155,1.0,0.08024129997954989,-0.004671414443980949,-0.3392690295612711,-0.2706861682079279,0.5353272866279732,0.3281199071207039,0.08664254366727885,-0.05308936763246284,0.24184089395512381,0.015922728052517616,0.06177403005080536,0.08912290803897539,0.1110678193213012,0.11381153776218622,0.11914627534043963,0.12195468571522448,0.11994881200989597,0.12284967170227949,0.12264447520029634,0.12707189823786316,0.7670861506864743,0.768534932690573,0.765611660358539,0.7670861506864743,0.7670861506864743,0.7670861506864743,0.7397205536464931,-0.45410643909426834,-0.4777173684376584,-0.4736460580803393,-0.3925801285567206,-0.418495543023069,-0.44702441342771787,-0.39637778309406113,-0.45410643909426834,-0.45410643909426834,-0.4230042645329815,0.004566906328633621,0.2637674440652209,-0.15443831471419306,0.12336993098556964,0.053627023886235664,-0.16030512536676841,0.14850491545783992,-0.16030512536676841,-0.15894087466607656,0.0688227235306106,-0.08448085392721759,0.0971641666200557,0.0971641628481917,0.0971641628481917,0.07573462573286435,0.6415870965541668,0.6415870965541668,0.6095251819089118,-0.3711705708692545,-0.3711705708692545,-0.34947356516711703,0.079451758163549,0.07674503065725818,0.077465727329817,0.1071654170441139,0.02125041823187103,0.06586513124082875,0.09353944690201409,0.7670861506864743,-0.45410643909426834,-0.16030512536676841,0.0971641628481917,0.6415870965541668,-0.3711705708692545
median_floor_area,-0.19667169243600538,0.10428714648603078,0.29741441437800925,0.07611768501378163,0.07611764966698226,0.08199681596348135,0.08368943662354376,0.07530036512349972,0.08024129997954989,1.0,0.6134377071922263,0.12561558937366235,-0.30966152328745844,-0.3255010312387328,-0.378029226901346,0.09294980668990784,0.25742279248523137,-0.13593738500490782,0.395400192508861,0.47025775966475913,0.11272952048384283,0.07967532706060286,0.09988576684641774,0.0734588272788542,0.09346256656290518,0.06010593613456471,0.07983386348708019,0.016178365326939833,0.043482042442060054,0.2948435091725383,0.29231493337803327,0.2968766785791367,0.2948435091725383,0.2948435091725383,0.2948435091725383,0.29141744471453546,-0.5482887364268038,-0.5495813932182483,-0.5392710131692531,-0.5504321103526836,-0.5232698668014673,-0.4141384709646907,-0.42689628909382676,-0.5482887364268038,-0.5482887364268038,-0.5345435086294046,0.3610439494553787,-0.2588255211572328,-0.4990910598777446,-0.34569086404772725,0.548561376027502,-0.47698354424084216,-0.32891480695073394,-0.47698354424084216,-0.4605786426996437,-0.1239392401705831,0.49862100333436177,-0.5101251033491168,-0.5101251190690176,-0.5101251190690176,-0.48223508562595513,0.33835333673164236,0.33835333673164236,0.33966506740548813,-0.5376513170429777,-0.5376513170429777,-0.5260845252797318,0.1160587878034461,0.10911713741519687,0.11001372898356919,0.10360776079243654,-0.06671891390780631,-0.07115409686668188,0.10428714648603078,0.2948435091725383,-0.5482887364268038,-0.47698354424084216,-0.5101251190690176,0.33835333673164236,-0.5376513170429777
detached_sale_share,-0.13180738028029187,0.31084232774624754,0.13628462498841457,-0.010258126309230333,-0.0102580908567872,-0.00793584337806135,-0.005293283586261027,-0.018341994977772787,-0.004671414443980949,0.6134377071922263,1.0,0.19060713280482083,-0.5433678216191447,-0.4637221319629533,-0.5078011102239907,0.1949108095608587,0.4164397133033193,-0.17006011945363608,0.4399197954174136,0.5145370675820209,0.21032064105149426,0.17948416941745501,0.19493192962220576,0.17233995795235973,0.18770284709703638,0.16150118321320286,0.1767483929861624,0.1223234513260586,0.143611244181323,0.21493637147828468,0.2114899721029874,0.21817916334666485,0.21493637147828468,0.21493637147828468,0.21493637147828468,0.22028246868611565,-0.6296911324808865,-0.6024045695479037,-0.620887270984683,-0.6253590065100837,-0.6097985072137208,-0.4875499958408434,-0.5102697162548201,-0.6296911324808865,-0.6296911324808865,-0.6106799422862621,0.547867941586134,-0.2131532454325106,-0.5310395862167911,-0.4653589596281634,0.7131005291517805,-0.5270546513318651,-0.485023733871787,-0.5270546513318651,-0.5082100192053617,-0.15608965584837733,0.7609818167220829,-0.7788422565859625,-0.7788422373360755,-0.7788422373360755,-0.748208222088831,0.19141491660886306,0.19141491660886306,0.2003345545901212,-0.6609592761635354,-0.6609592761635354,-0.6401749644557518,0.21271407761061556,0.211988415463609,0.21799537907199795,0.19957499803752685,-0.0065609446096217125,-0.0479240482098859,0.31084232774624754,0.21493637147828468,-0.6296911324808865,-0.5270546513318651,-0.7788422373360755,0.19141491660886306,-0.6609592761635354
semidetached_sale_share,-0.14736022642561952,-0.017916812912582538,-0.29794561437002454,-0.3317084265318754,-0.33170839712584727,-0.3328825242668218,-0.33642027235765104,-0.3264238248063801,-0.3392690295612711,0.12561558937366235,0.19060713280482083,1.0,-0.23538711139670376,-0.48226978853763847,-0.37556245461257326,-0.11885556692390037,0.053627181096753046,-0.26608385381189026,0.1305211358346357,0.10604392615593972,-0.10750122830854472,-0.11985979578782639,-0.10841857031897979,-0.11976458845144035,-0.10843536172456199,-0.12301481689649571,-0.11192176417004507,-0.15313326433175145,-0.13763502902341376,-0.2643727203631431,-0.26958941591833063,-0.25902744535695243,-0.2643727203631431,-0.2643727203631431,-0.2643727203631431,-0.26197820557632917,-0.04222931873178545,0.013564190823416446,-0.040028295806710724,-0.03817500530657107,-0.08435770803197296,-0.008892308224906914,-0.04627998228668518,-0.04222931873178545,-0.04222931873178545,-0.04545048403724552,0.26302895994710346,-0.2951191554779245,-0.1136229580679418,-0.5236490468596472,0.36574275148782387,-0.0833877887213595,-0.5491871632983124,-0.0833877887213595,-0.07049499227231285,-0.13476793595216557,0.1750242565862032,-0.19967297604032938,-0.1996729554744916,-0.1996729554744916,-0.177293363335805,-0.3519623475561083,-0.3519623475561083,-0.33566731205830747,-0.03335314956960589,-0.03335314956960589,-0.032713287026802124,-0.10481017542688605,-0.1049595330893989,-0.107618162726761,-0.1089843310198878,0.011844731585263423,0.014452963952307742,-0.017916812912582538,-0.2643727203631431,-0.04222931873178545,-0.0833877887213595,-0.1996729554744916,-0.3519623475561083,-0.03335314956960589
terraced_sale_share,0.03228077405695009,-0.16155960509517,-0.3447058204668576,-0.2732284141460328,-0.2732284982921839,-0.2725355089184928,-0.2732707310794173,-0.2696422244869096,-0.2706861682079279,-0.30966152328745844,-0.5433678216191447,-0.23538711139670376,1.0,0.004650871030016006,0.06662587336190899,-0.13724012035853425,-0.1484504864074108,-0.004413950920608393,-0.24789194936920983,-0.30424891919392444,-0.14276046965892056,-0.13093493143070895,-0.13640864157964053,-0.12349607535780029,-0.12891250932972959,-0.11603612013443354,-0.12141250775857447,-0.10710088407949643,-0.11446345403092659,-0.35470952421235336,-0.3569242118538453,-0.352128306879918,-0.35470952421235336,-0.35470952421235336,-0.35470952421235336,-0.33825725415012886,0.4819821042048618,0.47952482348991315,0.47818349412334454,0.48038143668406674,0.46525257213000326,0.388964708258122,0.3862369085755424,0.4819821042048618,0.4819821042048618,0.4588067166479727,-0.3037601888583446,0.09617960772714615,0.3764984228456641,0.27848866048594173,-0.4464710809898123,0.388702032335412,0.30163849838432766,0.388702032335412,0.37762830776508494,0.06748770139732967,-0.31026897735161196,0.32026960511977326,0.32026960039074526,0.32026960039074526,0.31663015589098864,-0.3728662450109146,-0.3728662450109146,-0.3631472627198881,0.46536292693673165,0.46536292693673165,0.4451829834406335,-0.14281973552988975,-0.14356297594574738,-0.14268122163426147,-0.14161267077426704,0.018125856370156925,0.0394855006131016,-0.16155960509517,-0.35470952421235336,0.4819821042048618,0.388702032335412,0.32026960039074526,-0.3728662450109146,0.46536292693673165
flat_sale_share,0.21472336097341302,0.0751388909825864,0.4241461874760624,0.5325941846212173,0.5325941970404999,0.5306398908538364,0.5317510297882447,0.5283045243242063,0.5353272866279732,-0.3255010312387328,-0.4637221319629533,-0.48226978853763847,0.004650871030016006,1.0,0.7878934168667173,0.0425537235277492,-0.20697431781678102,0.37010989932406835,-0.28092758215381697,-0.28332446639496944,0.02393485239266549,0.05611612918187721,0.03751328590048409,0.061212475641541995,0.042810943019680955,0.07327916357433062,0.055062977014960386,0.11445537033182515,0.08906316145382784,0.3597554471564481,0.36436163211356065,0.35518794447463065,0.3597554471564481,0.3597554471564481,0.3597554471564481,0.33773769469933884,0.04543500828399336,0.02075570246727615,0.029152206363357053,0.07885957033822628,0.046985980139260974,-0.024797294350783563,0.016111615265328953,0.04543500828399336,0.04543500828399336,0.055695340596390176,-0.24380207155904648,0.379539186885027,0.21120084795527938,0.4969714904775644,-0.4082889032905846,0.17171189775511259,0.4933054668060382,0.17171189775511259,0.16185807763694687,0.1930643732066625,-0.4355133560655988,0.4637026917829164,0.46370268466845765,0.46370268466845765,0.43034132723289764,0.37770161394319685,0.37770161394319685,0.35087317879307456,0.11789248784852457,0.11789248784852457,0.12210557406276432,0.013993635452470506,0.012833159617737585,0.009938131854885556,0.03517027603565671,0.0022405978599676726,0.030219558256661894,0.0751388909825864,0.3597554471564481,0.04543500828399336,0.17171189775511259,0.46370268466845765,0.37770161394319685,0.11789248784852457
leasehold_sale_share,0.19723171246872892,-0.002793384804447259,0.2176838649862992,0.3209903293644126,0.32099034538226784,0.31587743886247094,0.31856499520672055,0.310819566840859,0.3281199071207039,-0.378029226901346,-0.5078011102239907,-0.37556245461257326,0.06662587336190899,0.7878934168667173,1.0,-0.014671228841992786,-0.23895643596429444,0.2802945720928579,-0.26258151760854975,-0.2813286893909305,-0.0328820093345754,-0.002527129381065956,-0.020869131213210664,0.0016942519021430984,-0.016467429130189365,0.012500543950544816,-0.005505777843757896,0.0525406134676698,0.027173410964152378,0.19700953718869987,0.2003821525268781,0.19317279029344372,0.19700953718869987,0.19700953718869987,0.19700953718869987,0.17122151703220484,0.15808365732630866,0.1352475254560979,0.14979942586199013,0.1669706762861725,0.14654876428916927,0.09119015478784395,0.11931039383576296,0.15808365732630866,0.15808365732630866,0.1607532411714129,-0.24998044647628012,0.27156829922399117,0.23859085497726787,0.4273182056684599,-0.3979885566507307,0.2034832638350489,0.41872532788370753,0.2034832638350489,0.19100353973814693,0.15942716781418434,-0.4549559878299205,0.4763969481171977,0.476396954906653,0.476396954906653,0.4432198023689664,0.27956239301861846,0.27956239301861846,0.25324974882458995,0.20273289592074845,0.20273289592074845,0.20017699863755498,-0.04258738712393365,-0.045587619494254286,-0.05101729042765653,-0.021980014426201386,0.006008753844265814,0.02591953652295768,-0.002793384804447259,0.19700953718869987,0.15808365732630866,0.2034832638350489,0.476396954906653,0.27956239301861846,0.20273289592074845
newbuild_total,0.18408445556335568,0.2654383200292616,0.09967783922851242,0.08283737439038386,0.08283736775328641,0.08244476144052858,0.0845785831068592,0.07794635619200807,0.08664254366727885,0.09294980668990784,0.1949108095608587,-0.11885556692390037,-0.13724012035853425,0.0425537235277492,-0.014671228841992786,1.0,0.8100518526945749,0.6066161613670574,-0.2601626040932141,-0.2267031746935783,0.9954196614013715,0.5690777356018861,0.5596392175427812,0.4425499915593231,0.43199239537786754,0.3780778080907799,0.36731114694115014,0.538748530200852,0.5268795270669637,0.10674563768925012,0.10801971508135892,0.10587602645525501,0.10674563768925012,0.10674563768925012,0.10674563768925012,0.11522676777810834,-0.1350345129839586,-0.14409895795951272,-0.1333701022911602,-0.13525571639906553,-0.1160897714971626,-0.1226637987914067,-0.12029606082791028,-0.1350345129839586,-0.1350345129839586,-0.13317594677234926,0.14224169584084462,0.1442322196430324,0.00042360097299097983,0.10951099904992652,0.03091213130373714,-0.0471781714874976,0.05894251913566286,-0.0471781714874976,-0.05089196989110133,0.14472833987421646,0.29474430887705827,-0.2668398519924683,-0.2668398397162226,-0.2668398397162226,-0.26301593013586316,0.13855995122148845,0.13855995122148845,0.13768870511116488,-0.1708981177021571,-0.1708981177021571,-0.16578367238480968,0.5643369186877096,0.43980657042712834,0.37520236528803486,0.5649710847887234,0.01236154911277212,-0.04519279817250525,0.2654383200292616,0.10674563768925012,-0.1350345129839586,-0.0471781714874976,-0.2668398397162226,0.13855995122148845,-0.1708981177021571
newbuild_houses,0.09118263355670424,0.2895832585846554,0.004984775221662347,-0.05733258468482335,-0.057332572680167074,-0.05651349294209883,-0.054521448022873883,-0.06203551102810671,-0.05308936763246284,0.25742279248523137,0.4164397133033193,0.053627181096753046,-0.1484504864074108,-0.20697431781678102,-0.23895643596429444,0.8100518526945749,1.0,0.18454427168082269,0.17502174720709043,0.2021691285540466,0.8127177396524498,0.5071786353868041,0.5058719616803752,0.39416427986480035,0.3918891333028128,0.3345300966797523,0.33194649686928784,0.4529903292540182,0.4517394254986838,0.03895925930798871,0.03727816584639288,0.04092636956305527,0.03895925930798871,0.03895925930798871,0.03895925930798871,0.05317484743150495,-0.2309993062367928,-0.22480313703060667,-0.22638053311754547,-0.230836559285408,-0.21579928800972162,-0.1849830860346106,-0.19832279834896618,-0.2309993062367928,-0.2309993062367928,-0.22961508890045473,0.28646104306670567,0.005828892328574298,-0.12120344486770017,-0.1023887780276067,0.23653667216662563,-0.15200998823060669,-0.15236403114627367,-0.15200998823060669,-0.15056201567816946,0.051836310794583146,0.49589224844442426,-0.4823485229262838,-0.48234854146107703,-0.48234854146107703,-0.46638691037054253,0.04179832535874025,0.04179832535874025,0.04965434083007125,-0.28362754384322036,-0.28362754384322036,-0.2784621396070024,0.5211249218397563,0.4121999477584151,0.3538620846985381,0.5103978016025419,0.0139047968485536,-0.04104390941894389,0.2895832585846554,0.03895925930798871,-0.2309993062367928,-0.15200998823060669,-0.48234854146107703,0.04179832535874025,-0.28362754384322036
newbuild_flats,0.2006513494898308,0.1393365010296748,0.1928462007826479,0.24151224387666978,0.24151222559801616,0.24105364478582902,0.24159897698662217,0.24095233585506984,0.24184089395512381,-0.13593738500490782,-0.17006011945363608,-0.26608385381189026,-0.004413950920608393,0.37010989932406835,0.2802945720928579,0.6066161613670574,0.18454427168082269,1.0,-0.5606533180921045,-0.5212792882262633,0.5938063584467324,0.30840364544513066,0.29303256264320626,0.2458056658273812,0.22998951042105806,0.21425863348376248,0.1985594350013887,0.3219781895646181,0.30202678508069414,0.1677435295415776,0.17059534651660507,0.16531439116977936,0.1677435295415776,0.1677435295415776,0.1677435295415776,0.16448844911777571,0.013687461418184546,-0.004516294149588121,0.00913051523253505,0.021456660705315656,0.021464344070623587,-0.016702397908965123,0.0002791575559317529,0.013687461418184546,0.013687461418184546,0.015701175397705644,-0.0722180391971519,0.2472938750314919,0.12434967445530522,0.3175670678043813,-0.21666118157956432,0.07983484892583384,0.29342531010299494,0.07983484892583384,0.07523771356861962,0.18331384463474534,-0.1061033250447659,0.1364957867764641,0.13649581570024413,0.13649581570024413,0.12393845949462622,0.19074277179333615,0.19074277179333615,0.17856746946770635,0.024026887656839302,0.024026887656839302,0.02588196344856859,0.27357332478823665,0.21477016772629695,0.18864493058921858,0.2925184337479386,-0.00024933328819349096,-0.022139197679748986,0.1393365010296748,0.1677435295415776,0.013687461418184546,0.07983484892583384,0.13649581570024413,0.19074277179333615,0.024026887656839302
median_newbuild_floor_area,-0.14459059216323697,0.053722890223533784,0.11591308787151501,0.011040874883282965,0.011040854312826089,0.013653024150238361,0.015768723139750723,0.006759536766277374,0.015922728052517616,0.395400192508861,0.4399197954174136,0.1305211358346357,-0.24789194936920983,-0.28092758215381697,-0.26258151760854975,-0.2601626040932141,0.17502174720709043,-0.5606533180921045,1.0,0.9335887406916312,-0.24332794999105492,-0.048543922847319225,-0.032604964892190155,-0.020760780378386412,-0.004857798028091693,-0.019585334135795086,-0.00416338277255714,-0.08610459640432658,-0.06562422339646533,0.1653471605019711,0.16328558492770961,0.1668377622776988,0.1653471605019711,0.1653471605019711,0.1653471605019711,0.16312070383678554,-0.36988129488203364,-0.36595207226138277,-0.36207432098739817,-0.3747981832602574,-0.3534570722118729,-0.2787709091961721,-0.290426805576477,-0.36988129488203364,-0.36988129488203364,-0.3559648650955974,0.2580900969888768,-0.20803199827448013,-0.33019796052282824,-0.3134986856258109,0.41375545106343525,-0.31337785439986693,-0.30699966601510087,-0.31337785439986693,-0.3011946967201098,-0.13543140480177832,0.3957147611279611,-0.4097620313966673,-0.4097620366399197,-0.4097620366399197,-0.396766161076494,0.1602964083036339,0.1602964083036339,0.16288415856603955,-0.38083796964313515,-0.38083796964313515,-0.37007058133289544,-0.005471572736670091,0.028163499646898512,0.039139412319908896,-0.03088876384045055,-0.022860604464081297,-0.011066714784311935,0.053722890223533784,0.1653471605019711,-0.36988129488203364,-0.31337785439986693,-0.4097620366399197,0.1602964083036339,-0.38083796964313515
mean_newbuild_floor_area,-0.14000385556333603,0.08555285772225003,0.176934547631906,0.055186763550453266,0.05518675355149765,0.058636702698393495,0.06143194746109948,0.04966142471774879,0.06177403005080536,0.47025775966475913,0.5145370675820209,0.10604392615593972,-0.30424891919392444,-0.28332446639496944,-0.2813286893909305,-0.2267031746935783,0.2021691285540466,-0.5212792882262633,0.9335887406916312,1.0,-0.21002925664710562,-0.024425260343662235,-0.008510352891683119,0.005185413608798743,0.021116992767417537,0.006982366563564973,0.022510302245724666,-0.06491274903353039,-0.04441209849504119,0.23015438152941448,0.22800565618662386,0.23136394632266843,0.23015438152941448,0.23015438152941448,0.23015438152941448,0.2262227300757919,-0.45182582676208694,-0.4522687908784377,-0.44277109592295205,-0.45729354047878684,-0.429390861996488,-0.3444924826648447,-0.3559934762965485,-0.45182582676208694,-0.45182582676208694,-0.4357446936457274,0.3033102668203792,-0.2144040534908679,-0.3821896554932023,-0.319031506763954,0.4628622405480277,-0.369749587131074,-0.31456798013260256,-0.369749587131074,-0.3570488931574562,-0.13254523149999328,0.4705197801435018,-0.4826332046079769,-0.4826332051855212,-0.4826332051855212,-0.46712516493795675,0.23297790937963694,0.23297790937963694,0.2332845490262444,-0.46346918272569904,-0.46346918272569904,-0.4511478207104541,0.018527818565227196,0.058859539838553715,0.07368552885940148,-0.007065050792653066,-0.03162974963111508,-0.016950481465472955,0.08555285772225003,0.23015438152941448,-0.45182582676208694,-0.369749587131074,-0.4826332051855212,0.23297790937963694,-0.46346918272569904
newbuilds_per_1000,0.10313063634786429,0.22510465121772638,0.10725268502918749,0.08552393707516961,0.08552392656122737,0.08527369251406011,0.08736034540252127,0.0808826230515738,0.08912290803897539,0.11272952048384283,0.21032064105149426,-0.10750122830854472,-0.14276046965892056,0.02393485239266549,-0.0328820093345754,0.9954196614013715,0.8127177396524498,0.5938063584467324,-0.24332794999105492,-0.21002925664710562,1.0,0.5589383871028668,0.5573116073025172,0.43055251222989777,0.42757262614899233,0.3647126021598816,0.36142938148151016,0.5241896279200565,0.523146540621017,0.11271469516373506,0.11386749633849343,0.11186572426731631,0.11271469516373506,0.11271469516373506,0.11271469516373506,0.12117947043809484,-0.1478152480553109,-0.1563826468054707,-0.14615813447868348,-0.14756704450800115,-0.12716069169995847,-0.13179537418708512,-0.12938781900961935,-0.1478152480553109,-0.1478152480553109,-0.14559187255675196,0.10442481447283666,0.11583069458896023,-0.027941428669416644,0.06498830282567505,0.048458568093030306,-0.05668426612835183,0.03936741744795056,-0.05668426612835183,-0.05991915921993088,0.07161949665961305,0.29885207405187153,-0.2820249375894744,-0.28202492695323267,-0.28202492695323267,-0.2772176616727451,0.13801425092822175,0.13801425092822175,0.13776147239820033,-0.18308482485805522,-0.18308482485805522,-0.1775666374741615,0.5627964171213363,0.4368112366657147,0.37190178031172194,0.5627964171213363,0.013363948692234914,-0.044861258772719396,0.22510465121772638,0.11271469516373506,-0.1478152480553109,-0.05668426612835183,-0.28202492695323267,0.13801425092822175,-0.18308482485805522
newbuilds_lag1,0.19084766305732187,0.24430993074609386,0.1181694344718169,0.10609346503811207,0.10609348438997986,0.1050781587903687,0.10776646744456851,0.09959076922050193,0.1110678193213012,0.07967532706060286,0.17948416941745501,-0.11985979578782639,-0.13093493143070895,0.05611612918187721,-0.002527129381065956,0.5690777356018861,0.5071786353868041,0.30840364544513066,-0.048543922847319225,-0.024425260343662235,0.5589383871028668,1.0,0.9952984159263979,0.5600932282030604,0.5504439792993386,0.43635417304900775,0.4255864894894251,0.7846799459615791,0.7775241217360217,0.10002815143728963,0.10140442608731227,0.09910185329483023,0.10002815143728963,0.10002815143728963,0.10002815143728963,0.1087581749603153,-0.12120939791943987,-0.13007256013599638,-0.12000154788795471,-0.1206288223143858,-0.10321719624743618,-0.11115202674315293,-0.10870914138176968,-0.12120939791943987,-0.12120939791943987,-0.11954863978147233,0.13432671522365244,0.15362186111113046,0.015209547969929817,0.11781628293386089,0.015965748759797862,-0.0333199384365931,0.06607427236931657,-0.0333199384365931,-0.03746063047962711,0.1502163278847253,0.27934281479681916,-0.2508212964497032,-0.2508212876244284,-0.2508212876244284,-0.24791113852445432,0.13094050571806293,0.13094050571806293,0.13019135086678493,-0.15684198424822954,-0.15684198424822954,-0.15215101750190174,0.435215614150806,0.371953981763949,0.3227071203517775,0.9952274587869201,-0.025464553166935647,-0.020620873488722304,0.24430993074609386,0.10002815143728963,-0.12120939791943987,-0.0333199384365931,-0.2508212876244284,0.13094050571806293,-0.15684198424822954
newbuilds_lag1_per_1000,0.10876915357909278,0.20312504620425093,0.12605768889164268,0.10904735640134693,0.10904737145121705,0.10817264926803664,0.11081499999923815,0.10279413051025861,0.11381153776218622,0.09988576684641774,0.19493192962220576,-0.10841857031897979,-0.13640864157964053,0.03751328590048409,-0.020869131213210664,0.5596392175427812,0.5058719616803752,0.29303256264320626,-0.032604964892190155,-0.008510352891683119,0.5573116073025172,0.9952984159263979,1.0,0.5494677792044885,0.5476792690615344,0.4234957849487167,0.4203833901731342,0.7733831241963081,0.7779393372551551,0.10594391309171575,0.10719927956212816,0.10503844112669909,0.10594391309171575,0.10594391309171575,0.10594391309171575,0.11468548966556007,-0.13397150239319977,-0.1423408299725497,-0.13277749573237171,-0.13290345415470817,-0.11426239290255491,-0.12019362091015415,-0.1176997188226337,-0.13397150239319977,-0.13397150239319977,-0.13197478712016136,0.0958412196638755,0.1248430747138274,-0.013408077585947134,0.07277285346613874,0.033497561546078816,-0.042793482041402466,0.04635507861915187,-0.042793482041402466,-0.04645692213365017,0.07605692312759224,0.2832633544793454,-0.26602125684834854,-0.26602124953637996,-0.26602124953637996,-0.2621113532665325,0.1302625547246075,0.1302625547246075,0.13015880081066533,-0.16897445269010555,-0.16897445269010555,-0.1639104079287963,0.43215742218639136,0.368524067804269,0.31910301954771886,1.0,-0.02508366118168996,-0.019772510906111988,0.20312504620425093,0.10594391309171575,-0.13397150239319977,-0.042793482041402466,-0.26602124953637996,0.1302625547246075,-0.16897445269010555
newbuilds_lag2,0.1971100094763196,0.24633110282810355,0.12474365220632949,0.11418750231983518,0.11418758838996065,0.11294221836778626,0.1155913296224979,0.10756498359971678,0.11914627534043963,0.0734588272788542,0.17233995795235973,-0.11976458845144035,-0.12349607535780029,0.061212475641541995,0.0016942519021430984,0.4425499915593231,0.39416427986480035,0.2458056658273812,-0.020760780378386412,0.005185413608798743,0.43055251222989777,0.5600932282030604,0.5494677792044885,1.0,0.9953315735123424,0.5457732382303011,0.5359238029271307,0.8091002510187081,0.8014033521483175,0.09163066558393294,0.09310334831849552,0.0906937341429722,0.09163066558393294,0.09163066558393294,0.09163066558393294,0.09983403077451618,-0.10939190839245262,-0.11798663151555154,-0.10842352049678228,-0.10852705120486816,-0.09237134099359147,-0.10188966818185669,-0.09958923997486017,-0.10939190839245262,-0.10939190839245262,-0.10748602767236146,0.13066910379581578,0.16056845286442767,0.026059794575144967,0.12355906275633141,0.005871171710316251,-0.023354394665679155,0.07017986302640511,-0.023354394665679155,-0.027519675760620407,0.15567429510764036,0.2645621147585613,-0.2354711790866882,-0.2354711756805147,-0.2354711756805147,-0.23317266133888614,0.120657019040956,0.120657019040956,0.1197696529815265,-0.14473416790629792,-0.14473416790629792,-0.14022679116223863,0.368552154165384,0.3173907856185157,0.2790621028833964,0.5580315667662537,-0.0238683022270872,-0.03235866211249617,0.24633110282810355,0.09163066558393294,-0.10939190839245262,-0.023354394665679155,-0.2354711756805147,0.120657019040956,-0.14473416790629792
newbuilds_lag2_per_1000,0.11561920827089871,0.20549473459625925,0.1326177417615268,0.11719349990001196,0.11719358165184768,0.11607897855097606,0.11868802380712927,0.11079704303503426,0.12195468571522448,0.09346256656290518,0.18770284709703638,-0.10843536172456199,-0.12891250932972959,0.042810943019680955,-0.016467429130189365,0.43199239537786754,0.3918891333028128,0.22998951042105806,-0.004857798028091693,0.021116992767417537,0.42757262614899233,0.5504439792993386,0.5476792690615344,0.9953315735123424,1.0,0.534536459311219,0.5324599689866819,0.798693548343147,0.8026917630623459,0.0973575021763081,0.09871011852583372,0.09643647282542325,0.0973575021763081,0.0973575021763081,0.0973575021763081,0.105616195357004,-0.12188437460697066,-0.12998130829288,-0.12094216077153329,-0.12050604893039811,-0.10315442517595838,-0.11066951210722917,-0.10831096922402908,-0.12188437460697066,-0.12188437460697066,-0.11962525673726904,0.09229761066503261,0.13214235312505623,-0.0021076608046882894,0.07887243736243922,0.023060674960475078,-0.032511276519029526,0.05063297822626237,-0.032511276519029526,-0.03618968735122277,0.08207722222982439,0.26836770209733385,-0.2504834416320003,-0.2504834394990722,-0.2504834394990722,-0.24718094279915148,0.119862196442358,0.119862196442358,0.11960992217922842,-0.15657747351352633,-0.15657747351352633,-0.15171261896089783,0.3651588217276038,0.31369625248082,0.2751748812094351,0.5562988977864659,-0.023329850145846993,-0.03180842283130042,0.20549473459625925,0.0973575021763081,-0.12188437460697066,-0.032511276519029526,-0.2504834394990722,0.119862196442358,-0.15657747351352633
newbuilds_lag3,0.20704490927040256,0.24847680389073323,0.12264723254788493,0.11446557686934762,0.1144655971591389,0.11308894216360411,0.11590347534904087,0.10716715505046885,0.11994881200989597,0.06010593613456471,0.16150118321320286,-0.12301481689649571,-0.11603612013443354,0.07327916357433062,0.012500543950544816,0.3780778080907799,0.3345300966797523,0.21425863348376248,-0.019585334135795086,0.006982366563564973,0.3647126021598816,0.43635417304900775,0.4234957849487167,0.5457732382303011,0.534536459311219,1.0,0.9953341947776766,0.7592110310760636,0.7490790184601722,0.08539882582786579,0.08692751235937869,0.08435203662402277,0.08539882582786579,0.08539882582786579,0.08539882582786579,0.09332419888908783,-0.09832224077400324,-0.10685534783475839,-0.09745265501173458,-0.09750933903209506,-0.08248369000509581,-0.09370316996656812,-0.09165792670652484,-0.09832224077400324,-0.09832224077400324,-0.09643600036892634,0.12938444046531328,0.1709592400783853,0.036142799529866286,0.1334802734797409,-0.004473022431749787,-0.015114602671645428,0.07760017260292561,-0.015114602671645428,-0.019543678299084384,0.16339745958002125,0.25024050278328724,-0.2200422948056141,-0.22004229162058886,-0.22004229162058886,-0.21836695045004054,0.1145774340265526,0.1145774340265526,0.11315031039459239,-0.13332723398929103,-0.13332723398929103,-0.12910124889237704,0.3146766471976581,0.277010548611837,0.2513137570338734,0.4305119682459523,-0.019062583288542805,-0.024978729084753095,0.24847680389073323,0.08539882582786579,-0.09832224077400324,-0.015114602671645428,-0.22004229162058886,0.1145774340265526,-0.13332723398929103
newbuilds_lag3_per_1000,0.12596886586325828,0.20776597892918205,0.13050770114136867,0.1175316634987955,0.11753168114553367,0.11627634065721609,0.1190615781534905,0.11040751268152456,0.12284967170227949,0.07983386348708019,0.1767483929861624,-0.11192176417004507,-0.12141250775857447,0.055062977014960386,-0.005505777843757896,0.36731114694115014,0.33194649686928784,0.1985594350013887,-0.00416338277255714,0.022510302245724666,0.36142938148151016,0.4255864894894251,0.4203833901731342,0.5359238029271307,0.5324599689866819,0.9953341947776766,1.0,0.7487965252277432,0.7502337488429484,0.09096539693147179,0.09237733964895682,0.08992963362439635,0.09096539693147179,0.09096539693147179,0.09096539693147179,0.09896012053296652,-0.11056271168942199,-0.11862225877469645,-0.10971130911091476,-0.10926300270116562,-0.09301636797352034,-0.10220804503142857,-0.10011680486916356,-0.11056271168942199,-0.11056271168942199,-0.10830547353321245,0.09094548976280696,0.14292314197966857,0.008351269776781309,0.08918339683285552,0.01232863963381394,-0.02397950485400411,0.058351727403442466,-0.02397950485400411,-0.027950129195242777,0.0901227681247022,0.25396073494762156,-0.23493035152172556,-0.2349303496698067,-0.2349303496698067,-0.23227180366277808,0.11368193400743648,0.11368193400743648,0.11289276152063565,-0.1449785515032811,-0.1449785515032811,-0.1404062871170244,0.31109054256987057,0.2731453420694282,0.24739637243584006,0.42730501855894665,-0.01849329779929082,-0.02437872272752752,0.20776597892918205,0.09096539693147179,-0.11056271168942199,-0.02397950485400411,-0.2349303496698067,0.11368193400743648,-0.1449785515032811
newbuilds_prev3yr,0.24031110978490408,0.25200839725477664,0.11350874780689231,0.11736072296813295,0.11736076927667972,0.11531989492944845,0.11820278027461177,0.11008868685166256,0.12264447520029634,0.016178365326939833,0.1223234513260586,-0.15313326433175145,-0.10710088407949643,0.11445537033182515,0.0525406134676698,0.538748530200852,0.4529903292540182,0.3219781895646181,-0.08610459640432658,-0.06491274903353039,0.5241896279200565,0.7846799459615791,0.7733831241963081,0.8091002510187081,0.798693548343147,0.7592110310760636,0.7487965252277432,1.0,0.9911737746996054,0.0727207013405099,0.07490151969226722,0.071120253013178,0.0727207013405099,0.0727207013405099,0.0727207013405099,0.08313395661105225,-0.06330033209541852,-0.07225458017457244,-0.06429905655268038,-0.059535898716608755,-0.04508854420399075,-0.0629166417885337,-0.05699494929163239,-0.06330033209541852,-0.06330033209541852,-0.06265373210653592,0.09605583296869023,0.21662649970079262,0.09410062207746887,0.1750193358189978,-0.06219563458241156,0.037397319619378415,0.11318658118360013,0.037397319619378415,0.02967998270307254,0.19463559235249261,0.24273480270027623,-0.20755686447497723,-0.20755686220029018,-0.20755686220029018,-0.2079026241384983,0.11180687717081852,0.11180687717081852,0.11106426204974637,-0.09886785202942218,-0.09886785202942218,-0.09543961176668231,0.42768793167753827,0.3663662819512234,0.3217093010645015,0.7774194250126811,-0.020352196989253526,-0.022126752264245923,0.25200839725477664,0.0727207013405099,-0.06330033209541852,0.037397319619378415,-0.20755686220029018,0.11180687717081852,-0.09886785202942218
newbuilds_prev3yr_per_1000,0.12321855062283951,0.1941580311995199,0.12468432052053749,0.1220677264834023,0.12206776849797508,0.12018789750587114,0.12301870660472278,0.11509060805470013,0.12707189823786316,0.043482042442060054,0.143611244181323,-0.13763502902341376,-0.11446345403092659,0.08906316145382784,0.027173410964152378,0.5268795270669637,0.4517394254986838,0.30202678508069414,-0.06562422339646533,-0.04441209849504119,0.523146540621017,0.7775241217360217,0.7779393372551551,0.8014033521483175,0.8026917630623459,0.7490790184601722,0.7502337488429484,0.9911737746996054,1.0,0.08052057670656092,0.0825605640032958,0.07892722424648603,0.08052057670656092,0.08052057670656092,0.08052057670656092,0.09108299629017957,-0.08060660468477342,-0.08877000861106374,-0.08168920291959715,-0.07602972072950913,-0.06003399385993005,-0.07559738884617763,-0.06943694678303704,-0.08060660468477342,-0.08060660468477342,-0.0795477515431251,0.040639201917824774,0.17720391553320594,0.05483893523218767,0.1118135240593472,-0.03884490821591389,0.025389515707498506,0.08604985930650601,0.025389515707498506,0.018427888255554217,0.08915607394199179,0.24751463299364512,-0.22889708822301197,-0.22889708770642367,-0.22889708770642367,-0.22786449985472074,0.11017461325218356,0.11017461325218356,0.11040987684406448,-0.11510301113997484,-0.11510301113997484,-0.11118050348256778,0.42493358939051457,0.36265273564547523,0.3174225333734536,0.7816406831391712,-0.01976231804334686,-0.02124622275988721,0.1941580311995199,0.08052057670656092,-0.08060660468477342,0.025389515707498506,-0.22889708770642367,0.11017461325218356,-0.11510301113997484
baseline_income_bhc_2011_12,-0.035015015341466,0.23323015281652856,0.809879964014192,0.7747475356196153,0.7747475206102445,0.777466369545844,0.77579787093273,0.7793579715459431,0.7670861506864743,0.2948435091725383,0.21493637147828468,-0.2643727203631431,-0.35470952421235336,0.3597554471564481,0.19700953718869987,0.10674563768925012,0.03895925930798871,0.1677435295415776,0.1653471605019711,0.23015438152941448,0.11271469516373506,0.10002815143728963,0.10594391309171575,0.09163066558393294,0.0973575021763081,0.08539882582786579,0.09096539693147179,0.0727207013405099,0.08052057670656092,1.0,0.9988612949454698,0.998683394578551,1.0,1.0,1.0,0.9674450413506192,-0.7422637001185808,-0.7629036978097631,-0.7488528545375179,-0.7033625971398557,-0.7163584787914665,-0.6682468887422288,-0.6367905899404014,-0.7422637001185808,-0.7422637001185808,-0.7058725490399891,0.22376712592110615,0.12595148509120718,-0.44922141431944745,0.0339024564553994,0.3327371223790727,-0.4640173654214915,0.060332887162596514,-0.4640173654214915,-0.4511968447967055,0.007027738403725117,0.10246314660900126,-0.0978675781561967,-0.09786759572349518,-0.09786759572349518,-0.10923439754434862,0.8339771606387418,0.8339771606387418,0.8002564323452471,-0.652932511880637,-0.652932511880637,-0.627214305295262,0.1142027408299066,0.11587350323522817,0.12136661899657086,0.1103100089120821,-0.037972233732154706,-0.03426587252001492,0.23323015281652856,1.0,-0.7422637001185808,-0.4640173654214915,-0.09786759572349518,0.8339771606387418,-0.652932511880637
baseline_income_upper_ci,-0.033993559739326294,0.23185178697807524,0.8105727745757031,0.7761193070245432,0.7761192913393944,0.7787843256093706,0.7771671066270968,0.7806051573153884,0.768534932690573,0.29231493337803327,0.2114899721029874,-0.26958941591833063,-0.3569242118538453,0.36436163211356065,0.2003821525268781,0.10801971508135892,0.03727816584639288,0.17059534651660507,0.16328558492770961,0.22800565618662386,0.11386749633849343,0.10140442608731227,0.10719927956212816,0.09310334831849552,0.09871011852583372,0.08692751235937869,0.09237733964895682,0.07490151969226722,0.0825605640032958,0.9988612949454698,1.0,0.9978480476986181,0.9988612949454698,0.9988612949454698,0.9988612949454698,0.9663316889333676,-0.740976819592416,-0.7623365449103623,-0.7472196110547287,-0.7035945319004112,-0.7146044538589567,-0.6666383396074753,-0.6349093900745665,-0.740976819592416,-0.740976819592416,-0.7042828904929921,0.21954656809607057,0.12803485139262372,-0.44794429721416124,0.03899460374252139,0.3281799335054566,-0.46304333423091965,0.06547738993348237,-0.46304333423091965,-0.45014779916386904,0.009149756999383,0.0995471971321348,-0.09458215405616482,-0.0945821709417655,-0.0945821709417655,-0.10628178218010692,0.8380853276491221,0.8380853276491221,0.8043609448457114,-0.6519406400042675,-0.6519406400042675,-0.6263627258317648,0.11546898643527001,0.11719319529173702,0.12285502596908648,0.11158539287851826,-0.03848849398644704,-0.0348341510325123,0.23185178697807524,0.9988612949454698,-0.740976819592416,-0.46304333423091965,-0.0945821709417655,0.8380853276491221,-0.6519406400042675
baseline_income_lower_ci,-0.03524392753631452,0.23487848287956234,0.8090561441256253,0.7733304429177548,0.7733304260262578,0.776101927055748,0.7743748562860097,0.7780611507079546,0.765611660358539,0.2968766785791367,0.21817916334666485,-0.25902744535695243,-0.352128306879918,0.35518794447463065,0.19317279029344372,0.10587602645525501,0.04092636956305527,0.16531439116977936,0.1668377622776988,0.23136394632266843,0.11186572426731631,0.09910185329483023,0.10503844112669909,0.0906937341429722,0.09643647282542325,0.08435203662402277,0.08992963362439635,0.071120253013178,0.07892722424648603,0.998683394578551,0.9978480476986181,1.0,0.998683394578551,0.998683394578551,0.998683394578551,0.9661857402305697,-0.7430502126828603,-0.7631141613821224,-0.7498522191018886,-0.7030400508386755,-0.7175049694464309,-0.6693638817819696,-0.6385239703149737,-0.7430502126828603,-0.7430502126828603,-0.7067303626210489,0.22867407697724249,0.12473606947936569,-0.4500614423436126,0.02956678220112004,0.3371024023489529,-0.4647678487427235,0.05552244864769696,-0.4647678487427235,-0.4517142703151242,0.00639887194463305,0.1053287326530526,-0.100887280213113,-0.10088729725492324,-0.10088729725492324,-0.1119872108313562,0.8298921818896684,0.8298921818896684,0.7963828796113538,-0.6535824413334795,-0.6535824413334795,-0.6277047295248059,0.11337473312716086,0.11499582846025348,0.120491460970464,0.1093322186390454,-0.03729061923322165,-0.03351064285427499,0.23487848287956234,0.998683394578551,-0.7430502126828603,-0.4647678487427235,-0.10088729725492324,0.8298921818896684,-0.6535824413334795
log_baseline_income,-0.035015015341466,0.23323015281652856,0.809879964014192,0.7747475356196153,0.7747475206102445,0.777466369545844,0.77579787093273,0.7793579715459431,0.7670861506864743,0.2948435091725383,0.21493637147828468,-0.2643727203631431,-0.35470952421235336,0.3597554471564481,0.19700953718869987,0.10674563768925012,0.03895925930798871,0.1677435295415776,0.1653471605019711,0.23015438152941448,0.11271469516373506,0.10002815143728963,0.10594391309171575,0.09163066558393294,0.0973575021763081,0.08539882582786579,0.09096539693147179,0.0727207013405099,0.08052057670656092,1.0,0.9988612949454698,0.998683394578551,1.0,1.0,1.0,0.9674450413506192,-0.7422637001185808,-0.7629036978097631,-0.7488528545375179,-0.7033625971398557,-0.7163584787914665,-0.6682468887422288,-0.6367905899404014,-0.7422637001185808,-0.7422637001185808,-0.7058725490399891,0.22376712592110615,0.12595148509120718,-0.44922141431944745,0.0339024564553994,0.3327371223790727,-0.4640173654214915,0.060332887162596514,-0.4640173654214915,-0.4511968447967055,0.007027738403725117,0.10246314660900126,-0.0978675781561967,-0.09786759572349518,-0.09786759572349518,-0.10923439754434862,0.8339771606387418,0.8339771606387418,0.8002564323452471,-0.652932511880637,-0.652932511880637,-0.627214305295262,0.1142027408299066,0.11587350323522817,0.12136661899657086,0.1103100089120821,-0.037972233732154706,-0.03426587252001492,0.23323015281652856,1.0,-0.7422637001185808,-0.4640173654214915,-0.09786759572349518,0.8339771606387418,-0.652932511880637
income_moderator_value,-0.035015015341466,0.23323015281652856,0.809879964014192,0.7747475356196153,0.7747475206102445,0.777466369545844,0.77579787093273,0.7793579715459431,0.7670861506864743,0.2948435091725383,0.21493637147828468,-0.2643727203631431,-0.35470952421235336,0.3597554471564481,0.19700953718869987,0.10674563768925012,0.03895925930798871,0.1677435295415776,0.1653471605019711,0.23015438152941448,0.11271469516373506,0.10002815143728963,0.10594391309171575,0.09163066558393294,0.0973575021763081,0.08539882582786579,0.09096539693147179,0.0727207013405099,0.08052057670656092,1.0,0.9988612949454698,0.998683394578551,1.0,1.0,1.0,0.9674450413506192,-0.7422637001185808,-0.7629036978097631,-0.7488528545375179,-0.7033625971398557,-0.7163584787914665,-0.6682468887422288,-0.6367905899404014,-0.7422637001185808,-0.7422637001185808,-0.7058725490399891,0.22376712592110615,0.12595148509120718,-0.44922141431944745,0.0339024564553994,0.3327371223790727,-0.4640173654214915,0.060332887162596514,-0.4640173654214915,-0.4511968447967055,0.007027738403725117,0.10246314660900126,-0.0978675781561967,-0.09786759572349518,-0.09786759572349518,-0.10923439754434862,0.8339771606387418,0.8339771606387418,0.8002564323452471,-0.652932511880637,-0.652932511880637,-0.627214305295262,0.1142027408299066,0.11587350323522817,0.12136661899657086,0.1103100089120821,-0.037972233732154706,-0.03426587252001492,0.23323015281652856,1.0,-0.7422637001185808,-0.4640173654214915,-0.09786759572349518,0.8339771606387418,-0.652932511880637
income_z,-0.035015015341466,0.23323015281652856,0.809879964014192,0.7747475356196153,0.7747475206102445,0.777466369545844,0.77579787093273,0.7793579715459431,0.7670861506864743,0.2948435091725383,0.21493637147828468,-0.2643727203631431,-0.35470952421235336,0.3597554471564481,0.19700953718869987,0.10674563768925012,0.03895925930798871,0.1677435295415776,0.1653471605019711,0.23015438152941448,0.11271469516373506,0.10002815143728963,0.10594391309171575,0.09163066558393294,0.0973575021763081,0.08539882582786579,0.09096539693147179,0.0727207013405099,0.08052057670656092,1.0,0.9988612949454698,0.998683394578551,1.0,1.0,1.0,0.9674450413506192,-0.7422637001185808,-0.7629036978097631,-0.7488528545375179,-0.7033625971398557,-0.7163584787914665,-0.6682468887422288,-0.6367905899404014,-0.7422637001185808,-0.7422637001185808,-0.7058725490399891,0.22376712592110615,0.12595148509120718,-0.44922141431944745,0.0339024564553994,0.3327371223790727,-0.4640173654214915,0.060332887162596514,-0.4640173654214915,-0.4511968447967055,0.007027738403725117,0.10246314660900126,-0.0978675781561967,-0.09786759572349518,-0.09786759572349518,-0.10923439754434862,0.8339771606387418,0.8339771606387418,0.8002564323452471,-0.652932511880637,-0.652932511880637,-0.627214305295262,0.1142027408299066,0.11587350323522817,0.12136661899657086,0.1103100089120821,-0.037972233732154706,-0.03426587252001492,0.23323015281652856,1.0,-0.7422637001185808,-0.4640173654214915,-0.09786759572349518,0.8339771606387418,-0.652932511880637
income_quartile,-0.03434431690921104,0.22403057168251214,0.783479772851584,0.7479954815731777,0.7479954650535371,0.7508566349317918,0.7490686473709967,0.7534164159579269,0.7397205536464931,0.29141744471453546,0.22028246868611565,-0.26197820557632917,-0.33825725415012886,0.33773769469933884,0.17122151703220484,0.11522676777810834,0.05317484743150495,0.16448844911777571,0.16312070383678554,0.2262227300757919,0.12117947043809484,0.1087581749603153,0.11468548966556007,0.09983403077451618,0.105616195357004,0.09332419888908783,0.09896012053296652,0.08313395661105225,0.09108299629017957,0.9674450413506192,0.9663316889333676,0.9661857402305697,0.9674450413506192,0.9674450413506192,0.9674450413506192,1.0,-0.7255528464481494,-0.7429503602705532,-0.7334748608326351,-0.6829955992306327,-0.6980294003482719,-0.6485697290691437,-0.6159642553988471,-0.7255528464481494,-0.7255528464481494,-0.695023559956816,0.21631208374479016,0.12730631665797523,-0.4319980123285252,0.022940504088440256,0.3255873617075631,-0.4457056441944176,0.04712570913959131,-0.4457056441944176,-0.435759142227636,0.014669779081131522,0.12250133908023127,-0.11559446574366136,-0.11559446574476864,-0.11559446574476864,-0.12497782150651227,0.8003179086411127,0.8003179086411127,0.7743209225751272,-0.6373161331142624,-0.6373161331142624,-0.6151949331395112,0.12300327483307576,0.12480187797152749,0.13075217283254442,0.11880319071112237,-0.03443373758966515,-0.030551312477116087,0.22403057168251214,0.9674450413506192,-0.7255528464481494,-0.4457056441944176,-0.11559446574476864,0.8003179086411127,-0.6373161331142624
imd_ex_housing,0.11797792223172045,-0.3793439967991701,-0.5669286935657534,-0.4627798566249834,-0.4627798748790414,-0.46719652151589275,-0.46515850700897143,-0.4687374228260449,-0.45410643909426834,-0.5482887364268038,-0.6296911324808865,-0.04222931873178545,0.4819821042048618,0.04543500828399336,0.15808365732630866,-0.1350345129839586,-0.2309993062367928,0.013687461418184546,-0.36988129488203364,-0.45182582676208694,-0.1478152480553109,-0.12120939791943987,-0.13397150239319977,-0.10939190839245262,-0.12188437460697066,-0.09832224077400324,-0.11056271168942199,-0.06330033209541852,-0.08060660468477342,-0.7422637001185808,-0.740976819592416,-0.7430502126828603,-0.7422637001185808,-0.7422637001185808,-0.7422637001185808,-0.7255528464481494,1.0,0.9893549596154166,0.9967562374661353,0.9730154094264389,0.9900514942934995,0.8394381638091317,0.8393812033219858,1.0,1.0,0.9682458407514949,-0.5627939780407221,0.094228905261541,0.7392923807858901,0.288271043568576,-0.7561109288983083,0.7505586422656196,0.2876258565328976,0.7505586422656196,0.7241453337794538,0.07446994690384032,-0.47225985954971844,0.47885787712027467,0.47885790875471235,0.47885790875471235,0.4670103739538277,-0.6701588560317117,-0.6701588560317117,-0.6523098865686061,0.9276821960932058,0.9276821960932058,0.9017996876139383,-0.15345382754056594,-0.15760734561251183,-0.16639661343432402,-0.14030494628570195,0.04486476547542761,0.04769393692819275,-0.3793439967991701,-0.7422637001185808,1.0,0.7505586422656196,0.47885790875471235,-0.6701588560317117,0.9276821960932058
imd_ex_housing_living,0.10789488187915497,-0.3642790829475941,-0.5922500342337849,-0.48475844494336695,-0.48475846635551667,-0.4895903598272009,-0.488290091615194,-0.48966335817548856,-0.4777173684376584,-0.5495813932182483,-0.6024045695479037,0.013564190823416446,0.47952482348991315,0.02075570246727615,0.1352475254560979,-0.14409895795951272,-0.22480313703060667,-0.004516294149588121,-0.36595207226138277,-0.4522687908784377,-0.1563826468054707,-0.13007256013599638,-0.1423408299725497,-0.11798663151555154,-0.12998130829288,-0.10685534783475839,-0.11862225877469645,-0.07225458017457244,-0.08877000861106374,-0.7629036978097631,-0.7623365449103623,-0.7631141613821224,-0.7629036978097631,-0.7629036978097631,-0.7629036978097631,-0.7429503602705532,0.9893549596154166,1.0,0.9804956292155775,0.9802900854184291,0.9711493960211619,0.8411904801859519,0.8395074866986515,0.9893549596154166,0.9893549596154166,0.9569447632363809,-0.5317538393632074,0.08252153100388215,0.7465460862829717,0.22549401858178766,-0.7183346684353976,0.7610310635966664,0.21713607710402932,0.7610310635966664,0.7358701644311817,0.06953453275796315,-0.45871404737838317,0.4631751293825843,0.4631751662853205,0.4631751662853205,0.44835318921682243,-0.7173806019110223,-0.7173806019110223,-0.6964627341613311,0.9368806499393827,0.9368806499393827,0.9107291941992288,-0.16195204468537497,-0.1661772464481091,-0.175058826745849,-0.14892533961578,0.050403987079387376,0.05370679406659839,-0.3642790829475941,-0.7629036978097631,0.9893549596154166,0.7610310635966664,0.4631751662853205,-0.7173806019110223,0.9368806499393827
imd_ex_income_housing,0.11902842446996123,-0.37140212772934017,-0.5831835067050889,-0.48291312871643227,-0.48291314727644974,-0.4870714750143603,-0.484854265424607,-0.48914218596544956,-0.4736460580803393,-0.5392710131692531,-0.620887270984683,-0.040028295806710724,0.47818349412334454,0.029152206363357053,0.14979942586199013,-0.1333701022911602,-0.22638053311754547,0.00913051523253505,-0.36207432098739817,-0.44277109592295205,-0.14615813447868348,-0.12000154788795471,-0.13277749573237171,-0.10842352049678228,-0.12094216077153329,-0.09745265501173458,-0.10971130911091476,-0.06429905655268038,-0.08168920291959715,-0.7488528545375179,-0.7472196110547287,-0.7498522191018886,-0.7488528545375179,-0.7488528545375179,-0.7488528545375179,-0.7334748608326351,0.9967562374661353,0.9804956292155775,1.0,0.9519054678411369,0.9866575959892574,0.8365952281424692,0.8335686556031824,0.9967562374661353,0.9967562374661353,0.9648860611240375,-0.5543899114462623,0.0782011094455759,0.7162756301568418,0.29246199026058944,-0.7446022014894418,0.7258409145726996,0.29269968969924554,0.7258409145726996,0.700503149592842,0.06812445674511071,-0.4608415117561712,0.46686463705272807,0.4668646659091415,0.4668646659091415,0.4568024501881827,-0.6690074327381921,-0.6690074327381921,-0.6521046445223025,0.9086070233998181,0.9086070233998181,0.8831952897773612,-0.15161720164775006,-0.15568911533104002,-0.16433659020726765,-0.13882809108962987,0.042282666365017915,0.04451523063907495,-0.37140212772934017,-0.7488528545375179,0.9967562374661353,0.7258409145726996,0.4668646659091415,-0.6690074327381921,0.9086070233998181
imd2015_income_rate_msoa,0.1112491673598627,-0.3845171205112982,-0.5088203541884829,-0.39923483595218423,-0.3992348503242597,-0.40410854372988786,-0.40270765478523507,-0.4040097176177113,-0.3925801285567206,-0.5504321103526836,-0.6253590065100837,-0.03817500530657107,0.48038143668406674,0.07885957033822628,0.1669706762861725,-0.13525571639906553,-0.230836559285408,0.021456660705315656,-0.3747981832602574,-0.45729354047878684,-0.14756704450800115,-0.1206288223143858,-0.13290345415470817,-0.10852705120486816,-0.12050604893039811,-0.09750933903209506,-0.10926300270116562,-0.059535898716608755,-0.07602972072950913,-0.7033625971398557,-0.7035945319004112,-0.7030400508386755,-0.7033625971398557,-0.7033625971398557,-0.7033625971398557,-0.6829955992306327,0.9730154094264389,0.9802900854184291,0.9519054678411369,1.0,0.9629374460171269,0.820911239683457,0.8280982061472546,0.9730154094264389,0.9730154094264389,0.9398351027144968,-0.5595841849574601,0.1321164372956989,0.7767798014687999,0.2593116764508897,-0.7551755823910686,0.7924061713018159,0.25533766488494813,0.7924061713018159,0.7644732416751812,0.08714168297527962,-0.48118393857875824,0.4887032061389127,0.48870324304189344,0.48870324304189344,0.47261722617000235,-0.6585637191877629,-0.6585637191877629,-0.6379852522382162,0.9486725452884599,0.9486725452884599,0.9220490454434698,-0.1536025686861914,-0.158010671664506,-0.1669350887113827,-0.13992941065196732,0.051279747318315916,0.055723172021895896,-0.3845171205112982,-0.7033625971398557,0.9730154094264389,0.7924061713018159,0.48870324304189344,-0.6585637191877629,0.9486725452884599
imd2015_overall_score_pw,0.10523936883798853,-0.4077147340456079,-0.5247081421323191,-0.42803387344370886,-0.4280338886881271,-0.4322268334477663,-0.42959979833620937,-0.43476032815665555,-0.418495543023069,-0.5232698668014673,-0.6097985072137208,-0.08435770803197296,0.46525257213000326,0.046985980139260974,0.14654876428916927,-0.1160897714971626,-0.21579928800972162,0.021464344070623587,-0.3534570722118729,-0.429390861996488,-0.12716069169995847,-0.10321719624743618,-0.11426239290255491,-0.09237134099359147,-0.10315442517595838,-0.08248369000509581,-0.09301636797352034,-0.04508854420399075,-0.06003399385993005,-0.7163584787914665,-0.7146044538589567,-0.7175049694464309,-0.7163584787914665,-0.7163584787914665,-0.7163584787914665,-0.6980294003482719,0.9900514942934995,0.9711493960211619,0.9866575959892574,0.9629374460171269,1.0,0.830627300205366,0.8374959314117187,0.9900514942934995,0.9900514942934995,0.9579633691603338,-0.5903155482330437,0.11503483269507525,0.742352418417427,0.3048188159889174,-0.7750070762240655,0.7567099190717108,0.31224369087610687,0.7567099190717108,0.7283882031707705,0.07730457915652106,-0.4394419470992049,0.4482369763771807,0.4482370119195561,0.4482370119195561,0.4406665990477443,-0.6411284868883317,-0.6411284868883317,-0.6222704241217315,0.9146286980545879,0.9146286980545879,0.8896332385643103,-0.1324449221191905,-0.13603156833237393,-0.14400425685730808,-0.12012403996064931,0.04287148099348415,0.04597755141793247,-0.4077147340456079,-0.7163584787914665,0.9900514942934995,0.7567099190717108,0.4482370119195561,-0.6411284868883317,0.9146286980545879
imd_ex_housing_bottom20_popshare,0.08291841160739734,-0.3735644706907219,-0.5261531968250207,-0.45539141436042246,-0.4553914268313674,-0.45908165987850663,-0.45730935664486894,-0.46082529881722845,-0.44702441342771787,-0.4141384709646907,-0.4875499958408434,-0.008892308224906914,0.388964708258122,-0.024797294350783563,0.09119015478784395,-0.1226637987914067,-0.1849830860346106,-0.016702397908965123,-0.2787709091961721,-0.3444924826648447,-0.13179537418708512,-0.11115202674315293,-0.12019362091015415,-0.10188966818185669,-0.11066951210722917,-0.09370316996656812,-0.10220804503142857,-0.0629166417885337,-0.07559738884617763,-0.6682468887422288,-0.6666383396074753,-0.6693638817819696,-0.6682468887422288,-0.6682468887422288,-0.6682468887422288,-0.6485697290691437,0.8394381638091317,0.8411904801859519,0.8365952281424692,0.820911239683457,0.830627300205366,1.0,0.9611284875096113,0.8394381638091317,0.8394381638091317,0.817966282188986,-0.5021074459391183,0.016977038799375035,0.651195338712383,0.16723625749979834,-0.6371907524950173,0.6647270616662,0.16163508560975565,0.6647270616662,0.6375810030152189,0.053774230195230206,-0.37909476610534537,0.38286442926176095,0.38286447044447763,0.38286447044447763,0.3696956461531603,-0.5862811259513423,-0.5862811259513423,-0.5593741116409893,0.7926390912549491,0.7926390912549491,0.7690236379868066,-0.13681967140892087,-0.13970007816134972,-0.14670201165404118,-0.12550219069712704,0.03846670587797136,0.039269333703649954,-0.3735644706907219,-0.6682468887422288,0.8394381638091317,0.6647270616662,0.38286447044447763,-0.5862811259513423,0.7926390912549491
imd2015_overall_bottom20_popshare_legacy,0.08178531820041207,-0.39306028035413626,-0.47986425002490724,-0.403663126112601,-0.4036631424514471,-0.4077038396556541,-0.40604919495387737,-0.40873861291741354,-0.39637778309406113,-0.42689628909382676,-0.5102697162548201,-0.04627998228668518,0.3862369085755424,0.016111615265328953,0.11931039383576296,-0.12029606082791028,-0.19832279834896618,0.0002791575559317529,-0.290426805576477,-0.3559934762965485,-0.12938781900961935,-0.10870914138176968,-0.1176997188226337,-0.09958923997486017,-0.10831096922402908,-0.09165792670652484,-0.10011680486916356,-0.05699494929163239,-0.06943694678303704,-0.6367905899404014,-0.6349093900745665,-0.6385239703149737,-0.6367905899404014,-0.6367905899404014,-0.6367905899404014,-0.6159642553988471,0.8393812033219858,0.8395074866986515,0.8335686556031824,0.8280982061472546,0.8374959314117187,0.9611284875096113,1.0,0.8393812033219858,0.8393812033219858,0.8176344796428671,-0.5315205413807209,0.04959933558260608,0.6677069566271115,0.1852987152183524,-0.6627669776229037,0.6822391781863727,0.18242648184038432,0.6822391781863727,0.656367726696567,0.0683194349506698,-0.4004164426394403,0.40665826146933676,0.40665830265206493,0.40665830265206493,0.3931840761193192,-0.557589969601214,-0.557589969601214,-0.5317635264404404,0.8023060426793305,0.8023060426793305,0.778917772132953,-0.1342346769202226,-0.13687396114056957,-0.1437709529520133,-0.12269253364254097,0.04018471265100703,0.04207001780022791,-0.39306028035413626,-0.6367905899404014,0.8393812033219858,0.6822391781863727,0.40665830265206493,-0.557589969601214,0.8023060426793305
deprivation_moderator_value,0.11797792223172045,-0.3793439967991701,-0.5669286935657534,-0.4627798566249834,-0.4627798748790414,-0.46719652151589275,-0.46515850700897143,-0.4687374228260449,-0.45410643909426834,-0.5482887364268038,-0.6296911324808865,-0.04222931873178545,0.4819821042048618,0.04543500828399336,0.15808365732630866,-0.1350345129839586,-0.2309993062367928,0.013687461418184546,-0.36988129488203364,-0.45182582676208694,-0.1478152480553109,-0.12120939791943987,-0.13397150239319977,-0.10939190839245262,-0.12188437460697066,-0.09832224077400324,-0.11056271168942199,-0.06330033209541852,-0.08060660468477342,-0.7422637001185808,-0.740976819592416,-0.7430502126828603,-0.7422637001185808,-0.7422637001185808,-0.7422637001185808,-0.7255528464481494,1.0,0.9893549596154166,0.9967562374661353,0.9730154094264389,0.9900514942934995,0.8394381638091317,0.8393812033219858,1.0,1.0,0.9682458407514949,-0.5627939780407221,0.094228905261541,0.7392923807858901,0.288271043568576,-0.7561109288983083,0.7505586422656196,0.2876258565328976,0.7505586422656196,0.7241453337794538,0.07446994690384032,-0.47225985954971844,0.47885787712027467,0.47885790875471235,0.47885790875471235,0.4670103739538277,-0.6701588560317117,-0.6701588560317117,-0.6523098865686061,0.9276821960932058,0.9276821960932058,0.9017996876139383,-0.15345382754056594,-0.15760734561251183,-0.16639661343432402,-0.14030494628570195,0.04486476547542761,0.04769393692819275,-0.3793439967991701,-0.7422637001185808,1.0,0.7505586422656196,0.47885790875471235,-0.6701588560317117,0.9276821960932058
deprivation_z,0.11797792223172045,-0.3793439967991701,-0.5669286935657534,-0.4627798566249834,-0.4627798748790414,-0.46719652151589275,-0.46515850700897143,-0.4687374228260449,-0.45410643909426834,-0.5482887364268038,-0.6296911324808865,-0.04222931873178545,0.4819821042048618,0.04543500828399336,0.15808365732630866,-0.1350345129839586,-0.2309993062367928,0.013687461418184546,-0.36988129488203364,-0.45182582676208694,-0.1478152480553109,-0.12120939791943987,-0.13397150239319977,-0.10939190839245262,-0.12188437460697066,-0.09832224077400324,-0.11056271168942199,-0.06330033209541852,-0.08060660468477342,-0.7422637001185808,-0.740976819592416,-0.7430502126828603,-0.7422637001185808,-0.7422637001185808,-0.7422637001185808,-0.7255528464481494,1.0,0.9893549596154166,0.9967562374661353,0.9730154094264389,0.9900514942934995,0.8394381638091317,0.8393812033219858,1.0,1.0,0.9682458407514949,-0.5627939780407221,0.094228905261541,0.7392923807858901,0.288271043568576,-0.7561109288983083,0.7505586422656196,0.2876258565328976,0.7505586422656196,0.7241453337794538,0.07446994690384032,-0.47225985954971844,0.47885787712027467,0.47885790875471235,0.47885790875471235,0.4670103739538277,-0.6701588560317117,-0.6701588560317117,-0.6523098865686061,0.9276821960932058,0.9276821960932058,0.9017996876139383,-0.15345382754056594,-0.15760734561251183,-0.16639661343432402,-0.14030494628570195,0.04486476547542761,0.04769393692819275,-0.3793439967991701,-0.7422637001185808,1.0,0.7505586422656196,0.47885790875471235,-0.6701588560317117,0.9276821960932058
deprivation_quartile,0.11435868637590542,-0.36499440074269324,-0.5342933239431659,-0.4314042832623969,-0.431404311054557,-0.43567433728663146,-0.43375141287975283,-0.4373060261912169,-0.4230042645329815,-0.5345435086294046,-0.6106799422862621,-0.04545048403724552,0.4588067166479727,0.055695340596390176,0.1607532411714129,-0.13317594677234926,-0.22961508890045473,0.015701175397705644,-0.3559648650955974,-0.4357446936457274,-0.14559187255675196,-0.11954863978147233,-0.13197478712016136,-0.10748602767236146,-0.11962525673726904,-0.09643600036892634,-0.10830547353321245,-0.06265373210653592,-0.0795477515431251,-0.7058725490399891,-0.7042828904929921,-0.7067303626210489,-0.7058725490399891,-0.7058725490399891,-0.7058725490399891,-0.695023559956816,0.9682458407514949,0.9569447632363809,0.9648860611240375,0.9398351027144968,0.9579633691603338,0.817966282188986,0.8176344796428671,0.9682458407514949,0.9682458407514949,1.0,-0.5444229777664595,0.09095791896067941,0.7141664939811088,0.2808704522391528,-0.7300053278628036,0.7251041562915738,0.2801267503281011,0.7251041562915738,0.7030386730404333,0.07581800180675535,-0.4650324876185592,0.47170519190921706,0.4717052255108604,0.4717052255108604,0.4575176006613158,-0.6381107155463559,-0.6381107155463559,-0.6240556231565194,0.9008714943789554,0.9008714943789554,0.8825972963542872,-0.15123228912156633,-0.15519430768004208,-0.16426026482560374,-0.13811778574266922,0.044067461229481394,0.04709518799472204,-0.36499440074269324,-0.7058725490399891,0.9682458407514949,0.7251041562915738,0.4717052255108604,-0.6381107155463559,0.9008714943789554
owner_occupied_2011,0.4619491192541107,0.681170309856205,0.08579184702374605,0.007204848698718601,0.007204890261798155,0.009585098106544745,0.008487145280258632,0.008412700957819609,0.004566906328633621,0.3610439494553787,0.547867941586134,0.26302895994710346,-0.3037601888583446,-0.24380207155904648,-0.24998044647628012,0.14224169584084462,0.28646104306670567,-0.0722180391971519,0.2580900969888768,0.3033102668203792,0.10442481447283666,0.13432671522365244,0.0958412196638755,0.13066910379581578,0.09229761066503261,0.12938444046531328,0.09094548976280696,0.09605583296869023,0.040639201917824774,0.22376712592110615,0.21954656809607057,0.22867407697724249,0.22376712592110615,0.22376712592110615,0.22376712592110615,0.21631208374479016,-0.5627939780407221,-0.5317538393632074,-0.5543899114462623,-0.5595841849574601,-0.5903155482330437,-0.5021074459391183,-0.5315205413807209,-0.5627939780407221,-0.5627939780407221,-0.5444229777664595,1.0,-0.07430527166014952,-0.47637013685011437,-0.14745449791320464,0.7281759343658014,-0.6181857907519217,-0.3568289454352035,-0.6181857907519217,-0.5959928028137562,0.41224695535297595,0.5123220428425632,-0.44207448349159717,-0.4420745314674632,-0.4420745314674632,-0.4240929101256938,0.17399691411469423,0.17399691411469423,0.16847181141313244,-0.5584320360681286,-0.5584320360681286,-0.541155581988758,0.10719675686709505,0.10807455735458589,0.11136922290810204,0.09800494464062418,-0.02058777204588491,-0.024048541489615816,0.681170309856205,0.22376712592110615,-0.5627939780407221,-0.6181857907519217,-0.4420745314674632,0.17399691411469423,-0.5584320360681286
shared_ownership_2011,0.34065452117630857,0.13759677625235214,0.18782741963118765,0.2677041678868736,0.2677041484943246,0.2639734647254871,0.26426458140100567,0.2686041411887476,0.2637674440652209,-0.2588255211572328,-0.2131532454325106,-0.2951191554779245,0.09617960772714615,0.379539186885027,0.27156829922399117,0.1442322196430324,0.005828892328574298,0.2472938750314919,-0.20803199827448013,-0.2144040534908679,0.11583069458896023,0.15362186111113046,0.1248430747138274,0.16056845286442767,0.13214235312505623,0.1709592400783853,0.14292314197966857,0.21662649970079262,0.17720391553320594,0.12595148509120718,0.12803485139262372,0.12473606947936569,0.12595148509120718,0.12595148509120718,0.12595148509120718,0.12730631665797523,0.094228905261541,0.08252153100388215,0.0782011094455759,0.1321164372956989,0.11503483269507525,0.016977038799375035,0.04959933558260608,0.094228905261541,0.094228905261541,0.09095791896067941,-0.07430527166014952,1.0,0.30284615940337917,0.3840876012457184,-0.3384642551360805,0.23252450766302513,0.31153003416318337,0.23252450766302513,0.2180741568875346,0.3541047550706543,-0.1284784720910069,0.18602670129839466,0.18602671839494977,0.18602671839494977,0.1727781405091613,0.12702581562096651,0.12702581562096651,0.11628926588409347,0.09999072889229914,0.09999072889229914,0.10070353716870112,0.11342318352244365,0.11289596841597105,0.11145408047739779,0.12149083313486707,0.008755174511669777,0.011279386967479963,0.13759677625235214,0.12595148509120718,0.094228905261541,0.23252450766302513,0.18602671839494977,0.12702581562096651,0.09999072889229914
social_rented_2011,0.3258684254156823,-0.26471827531785264,-0.2717796560814212,-0.1618197038141614,-0.16181969099814364,-0.16560015229864974,-0.16391184476136866,-0.16796248749633724,-0.15443831471419306,-0.4990910598777446,-0.5310395862167911,-0.1136229580679418,0.3764984228456641,0.21120084795527938,0.23859085497726787,0.00042360097299097983,-0.12120344486770017,0.12434967445530522,-0.33019796052282824,-0.3821896554932023,-0.027941428669416644,0.015209547969929817,-0.013408077585947134,0.026059794575144967,-0.0021076608046882894,0.036142799529866286,0.008351269776781309,0.09410062207746887,0.05483893523218767,-0.44922141431944745,-0.44794429721416124,-0.4500614423436126,-0.44922141431944745,-0.44922141431944745,-0.44922141431944745,-0.4319980123285252,0.7392923807858901,0.7465460862829717,0.7162756301568418,0.7767798014687999,0.742352418417427,0.651195338712383,0.6677069566271115,0.7392923807858901,0.7392923807858901,0.7141664939811088,-0.47637013685011437,0.30284615940337917,1.0,0.261557799379879,-0.8203183887542367,0.9696300523422243,0.17856047717092058,0.9696300523422243,0.9376775293671007,0.2796760304229973,-0.3233160635036248,0.36293134084478285,0.3629314205838885,0.3629314205838885,0.3442830832941937,-0.4110004398798652,-0.4110004398798652,-0.39758455319693553,0.7204972159348905,0.7204972159348905,0.699900527926235,-0.032510791895409855,-0.035808900567876105,-0.04330570687769407,-0.018654966457803228,0.03280822161439236,0.03650045697288131,-0.26471827531785264,-0.44922141431944745,0.7392923807858901,0.9696300523422243,0.3629314205838885,-0.4110004398798652,0.7204972159348905
private_rented_2011,0.526909291791636,0.15500658990517527,0.032150080240041505,0.11786283744491999,0.11786280856366367,0.11536968931075793,0.11793977982786431,0.11257355014197869,0.12336993098556964,-0.34569086404772725,-0.4653589596281634,-0.5236490468596472,0.27848866048594173,0.4969714904775644,0.4273182056684599,0.10951099904992652,-0.1023887780276067,0.3175670678043813,-0.3134986856258109,-0.319031506763954,0.06498830282567505,0.11781628293386089,0.07277285346613874,0.12355906275633141,0.07887243736243922,0.1334802734797409,0.08918339683285552,0.1750193358189978,0.1118135240593472,0.0339024564553994,0.03899460374252139,0.02956678220112004,0.0339024564553994,0.0339024564553994,0.0339024564553994,0.022940504088440256,0.288271043568576,0.22549401858178766,0.29246199026058944,0.2593116764508897,0.3048188159889174,0.16723625749979834,0.1852987152183524,0.288271043568576,0.288271043568576,0.2808704522391528,-0.14745449791320464,0.3840876012457184,0.261557799379879,1.0,-0.5763868518733132,0.14807736925088746,0.9385708481030001,0.14807736925088746,0.1400391812251387,0.510160631246894,-0.3221661920360032,0.4079290437825983,0.40792904650694484,0.40792904650694484,0.39382144868070873,0.18594946934624965,0.18594946934624965,0.16091728274928166,0.2693957328548837,0.2693957328548837,0.262094230803901,0.06179974389911767,0.05885313523971285,0.057499663840902306,0.07098221633257745,-0.016088721993101112,-0.015989352070071166,0.15500658990517527,0.0339024564553994,0.288271043568576,0.14807736925088746,0.40792904650694484,0.18594946934624965,0.2693957328548837
owner_share_2011,-0.19184806638910196,0.3643056201993608,0.18559590131642198,0.06053653905232641,0.06053656418292747,0.06414093240839278,0.06196212158506665,0.06537445178179807,0.053627023886235664,0.548561376027502,0.7131005291517805,0.36574275148782387,-0.4464710809898123,-0.4082889032905846,-0.3979885566507307,0.03091213130373714,0.23653667216662563,-0.21666118157956432,0.41375545106343525,0.4628622405480277,0.048458568093030306,0.015965748759797862,0.033497561546078816,0.005871171710316251,0.023060674960475078,-0.004473022431749787,0.01232863963381394,-0.06219563458241156,-0.03884490821591389,0.3327371223790727,0.3281799335054566,0.3371024023489529,0.3327371223790727,0.3327371223790727,0.3327371223790727,0.3255873617075631,-0.7561109288983083,-0.7183346684353976,-0.7446022014894418,-0.7551755823910686,-0.7750070762240655,-0.6371907524950173,-0.6627669776229037,-0.7561109288983083,-0.7561109288983083,-0.7300053278628036,0.7281759343658014,-0.3384642551360805,-0.8203183887542367,-0.5763868518733132,1.0,-0.8177934336793334,-0.5941910539736341,-0.8177934336793334,-0.7874995864107392,-0.1793349961707854,0.5359052268133242,-0.5614068339388422,-0.5614068670875522,-0.5614068670875522,-0.5404060870769977,0.2407988339415493,0.2407988339415493,0.23871742046615888,-0.7351329977014373,-0.7351329977014373,-0.7129485771089967,0.053287019127799,0.056578472646402186,0.06264620017278553,0.03849658367719756,-0.021024072894548163,-0.02475345284061104,0.3643056201993608,0.3327371223790727,-0.7561109288983083,-0.8177934336793334,-0.5614068670875522,0.2407988339415493,-0.7351329977014373
social_rent_share_2011,0.10360119478245373,-0.4027655295178889,-0.2717753271475449,-0.16730754421382202,-0.16730754124956615,-0.17095438815338793,-0.16941405683942715,-0.17305562131063185,-0.16030512536676841,-0.47698354424084216,-0.5270546513318651,-0.0833877887213595,0.388702032335412,0.17171189775511259,0.2034832638350489,-0.0471781714874976,-0.15200998823060669,0.07983484892583384,-0.31337785439986693,-0.369749587131074,-0.05668426612835183,-0.0333199384365931,-0.042793482041402466,-0.023354394665679155,-0.032511276519029526,-0.015114602671645428,-0.02397950485400411,0.037397319619378415,0.025389515707498506,-0.4640173654214915,-0.46304333423091965,-0.4647678487427235,-0.4640173654214915,-0.4640173654214915,-0.4640173654214915,-0.4457056441944176,0.7505586422656196,0.7610310635966664,0.7258409145726996,0.7924061713018159,0.7567099190717108,0.6647270616662,0.6822391781863727,0.7505586422656196,0.7505586422656196,0.7251041562915738,-0.6181857907519217,0.23252450766302513,0.9696300523422243,0.14807736925088746,-0.8177934336793334,1.0,0.13424765796221327,1.0,0.9682458411224879,0.08208738241789355,-0.34820886683151797,0.3550477962620339,0.3550478742193189,0.3550478742193189,0.33730287602272757,-0.4426928163499408,-0.4426928163499408,-0.42715008251221176,0.7359475433043753,0.7359475433043753,0.7149123309168415,-0.06117175232246346,-0.06422338790722476,-0.0715949798977886,-0.04789739445866474,0.036948656249669476,0.040913816944118005,-0.4027655295178889,-0.4640173654214915,0.7505586422656196,1.0,0.3550478742193189,-0.4426928163499408,0.7359475433043753
private_rent_share_2011,0.2273911998601055,-0.012745909812249216,0.06123184370022563,0.14326162376545454,0.14326157513344276,0.14084171125544143,0.14352103093505333,0.13827807772393258,0.14850491545783992,-0.32891480695073394,-0.485023733871787,-0.5491871632983124,0.30163849838432766,0.4933054668060382,0.41872532788370753,0.05894251913566286,-0.15236403114627367,0.29342531010299494,-0.30699966601510087,-0.31456798013260256,0.03936741744795056,0.06607427236931657,0.04635507861915187,0.07017986302640511,0.05063297822626237,0.07760017260292561,0.058351727403442466,0.11318658118360013,0.08604985930650601,0.060332887162596514,0.06547738993348237,0.05552244864769696,0.060332887162596514,0.060332887162596514,0.060332887162596514,0.04712570913959131,0.2876258565328976,0.21713607710402932,0.29269968969924554,0.25533766488494813,0.31224369087610687,0.16163508560975565,0.18242648184038432,0.2876258565328976,0.2876258565328976,0.2801267503281011,-0.3568289454352035,0.31153003416318337,0.17856047717092058,0.9385708481030001,-0.5941910539736341,0.13424765796221327,1.0,0.13424765796221327,0.12818874095140412,0.24111692160973813,-0.37734623777605575,0.42115866900329174,0.4211586706165977,0.4211586706165977,0.410089495000726,0.20509647644042672,0.20509647644042672,0.17915532017927638,0.269024309728314,0.269024309728314,0.26173210457681617,0.03611238094975803,0.03314907353489122,0.03221310324648827,0.04495827212429834,-0.01591555172050838,-0.015464976273477916,-0.012745909812249216,0.060332887162596514,0.2876258565328976,0.13424765796221327,0.4211586706165977,0.20509647644042672,0.269024309728314
social_rent_z,0.10360119478245373,-0.4027655295178889,-0.2717753271475449,-0.16730754421382202,-0.16730754124956615,-0.17095438815338793,-0.16941405683942715,-0.17305562131063185,-0.16030512536676841,-0.47698354424084216,-0.5270546513318651,-0.0833877887213595,0.388702032335412,0.17171189775511259,0.2034832638350489,-0.0471781714874976,-0.15200998823060669,0.07983484892583384,-0.31337785439986693,-0.369749587131074,-0.05668426612835183,-0.0333199384365931,-0.042793482041402466,-0.023354394665679155,-0.032511276519029526,-0.015114602671645428,-0.02397950485400411,0.037397319619378415,0.025389515707498506,-0.4640173654214915,-0.46304333423091965,-0.4647678487427235,-0.4640173654214915,-0.4640173654214915,-0.4640173654214915,-0.4457056441944176,0.7505586422656196,0.7610310635966664,0.7258409145726996,0.7924061713018159,0.7567099190717108,0.6647270616662,0.6822391781863727,0.7505586422656196,0.7505586422656196,0.7251041562915738,-0.6181857907519217,0.23252450766302513,0.9696300523422243,0.14807736925088746,-0.8177934336793334,1.0,0.13424765796221327,1.0,0.9682458411224879,0.08208738241789355,-0.34820886683151797,0.3550477962620339,0.3550478742193189,0.3550478742193189,0.33730287602272757,-0.4426928163499408,-0.4426928163499408,-0.42715008251221176,0.7359475433043753,0.7359475433043753,0.7149123309168415,-0.06117175232246346,-0.06422338790722476,-0.0715949798977886,-0.04789739445866474,0.036948656249669476,0.040913816944118005,-0.4027655295178889,-0.4640173654214915,0.7505586422656196,1.0,0.3550478742193189,-0.4426928163499408,0.7359475433043753
social_rent_quartile,0.09501289155060223,-0.3869300013917786,-0.26705345419696325,-0.16559994987254745,-0.16559994195610261,-0.16903959247334296,-0.16766888630751828,-0.17102051560266768,-0.15894087466607656,-0.4605786426996437,-0.5082100192053617,-0.07049499227231285,0.37762830776508494,0.16185807763694687,0.19100353973814693,-0.05089196989110133,-0.15056201567816946,0.07523771356861962,-0.3011946967201098,-0.3570488931574562,-0.05991915921993088,-0.03746063047962711,-0.04645692213365017,-0.027519675760620407,-0.03618968735122277,-0.019543678299084384,-0.027950129195242777,0.02967998270307254,0.018427888255554217,-0.4511968447967055,-0.45014779916386904,-0.4517142703151242,-0.4511968447967055,-0.4511968447967055,-0.4511968447967055,-0.435759142227636,0.7241453337794538,0.7358701644311817,0.700503149592842,0.7644732416751812,0.7283882031707705,0.6375810030152189,0.656367726696567,0.7241453337794538,0.7241453337794538,0.7030386730404333,-0.5959928028137562,0.2180741568875346,0.9376775293671007,0.1400391812251387,-0.7874995864107392,0.9682458411224879,0.12818874095140412,0.9682458411224879,1.0,0.07555030433136588,-0.34046048767967335,0.3462238865612925,0.34622395375885884,0.34622395375885884,0.3285579133009088,-0.4322061365154312,-0.4322061365154312,-0.41993695900604905,0.7106686478592793,0.7106686478592793,0.6926053322910185,-0.06413460873630221,-0.06710076184392896,-0.07416856246995374,-0.05135441199604444,0.0344212121479455,0.03814395296783182,-0.3869300013917786,-0.4511968447967055,0.7241453337794538,0.9682458411224879,0.34622395375885884,-0.4322061365154312,0.7106686478592793
population_2011,0.8828232870140165,0.3804986287749534,0.0363315757668114,0.07166016255828056,0.07166015122986727,0.06958330880499447,0.0690366053427568,0.07298167886578304,0.0688227235306106,-0.1239392401705831,-0.15608965584837733,-0.13476793595216557,0.06748770139732967,0.1930643732066625,0.15942716781418434,0.14472833987421646,0.051836310794583146,0.18331384463474534,-0.13543140480177832,-0.13254523149999328,0.07161949665961305,0.1502163278847253,0.07605692312759224,0.15567429510764036,0.08207722222982439,0.16339745958002125,0.0901227681247022,0.19463559235249261,0.08915607394199179,0.007027738403725117,0.009149756999383,0.00639887194463305,0.007027738403725117,0.007027738403725117,0.007027738403725117,0.014669779081131522,0.07446994690384032,0.06953453275796315,0.06812445674511071,0.08714168297527962,0.07730457915652106,0.053774230195230206,0.0683194349506698,0.07446994690384032,0.07446994690384032,0.07581800180675535,0.41224695535297595,0.3541047550706543,0.2796760304229973,0.510160631246894,-0.1793349961707854,0.08208738241789355,0.24111692160973813,0.08208738241789355,0.07555030433136588,1.0,-0.016185524556170675,0.1801144842240269,0.18011451287653626,0.18011451287653626,0.16773513716188398,0.04609253481222694,0.04609253481222694,0.041232462154720644,0.10798978750890582,0.10798978750890582,0.10358760424611592,0.07031954481629286,0.0692250040742646,0.06879573996076417,0.0746393394641611,0.005060544469818602,0.006862490228867561,0.3804986287749534,0.007027738403725117,0.07446994690384032,0.08208738241789355,0.18011451287653626,0.04609253481222694,0.10798978750890582
area_km2,0.02559453843515426,0.3041092770616235,0.026681555624338008,-0.09618086593352611,-0.09618082595723686,-0.09306858918226348,-0.0882034952568595,-0.10703715420535155,-0.08448085392721759,0.49862100333436177,0.7609818167220829,0.1750242565862032,-0.31026897735161196,-0.4355133560655988,-0.4549559878299205,0.29474430887705827,0.49589224844442426,-0.1061033250447659,0.3957147611279611,0.4705197801435018,0.29885207405187153,0.27934281479681916,0.2832633544793454,0.2645621147585613,0.26836770209733385,0.25024050278328724,0.25396073494762156,0.24273480270027623,0.24751463299364512,0.10246314660900126,0.0995471971321348,0.1053287326530526,0.10246314660900126,0.10246314660900126,0.10246314660900126,0.12250133908023127,-0.47225985954971844,-0.45871404737838317,-0.4608415117561712,-0.48118393857875824,-0.4394419470992049,-0.37909476610534537,-0.4004164426394403,-0.47225985954971844,-0.47225985954971844,-0.4650324876185592,0.5123220428425632,-0.1284784720910069,-0.3233160635036248,-0.3221661920360032,0.5359052268133242,-0.34820886683151797,-0.37734623777605575,-0.34820886683151797,-0.34046048767967335,-0.016185524556170675,1.0,-0.9811218918417621,-0.981121888498511,-0.981121888498511,-0.9481992457574838,0.08990352243749607,0.08990352243749607,0.104286551981288,-0.5440570924746643,-0.5440570924746643,-0.5309845783576912,0.30610819734634254,0.31330976587324466,0.3228232838503248,0.2896417966630726,-0.03285440182660529,-0.0398354507565298,0.3041092770616235,0.10246314660900126,-0.47225985954971844,-0.34820886683151797,-0.981121888498511,0.08990352243749607,-0.5440570924746643
population_density_2011,0.11788910727837458,-0.24185850292146646,-0.017440047504165248,0.10894784496675272,0.10894780380708062,0.10562508611617133,0.10082854432360155,0.11983908948971977,0.0971641666200557,-0.5101251033491168,-0.7788422565859625,-0.19967297604032938,0.32026960511977326,0.4637026917829164,0.4763969481171977,-0.2668398519924683,-0.4823485229262838,0.1364957867764641,-0.4097620313966673,-0.4826332046079769,-0.2820249375894744,-0.2508212964497032,-0.26602125684834854,-0.2354711790866882,-0.2504834416320003,-0.2200422948056141,-0.23493035152172556,-0.20755686447497723,-0.22889708822301197,-0.0978675781561967,-0.09458215405616482,-0.100887280213113,-0.0978675781561967,-0.0978675781561967,-0.0978675781561967,-0.11559446574366136,0.47885787712027467,0.4631751293825843,0.46686463705272807,0.4887032061389127,0.4482369763771807,0.38286442926176095,0.40665826146933676,0.47885787712027467,0.47885787712027467,0.47170519190921706,-0.44207448349159717,0.18602670129839466,0.36293134084478285,0.4079290437825983,-0.5614068339388422,0.3550477962620339,0.42115866900329174,0.3550477962620339,0.3462238865612925,0.1801144842240269,-0.9811218918417621,1.0,0.999999999990421,0.999999999990421,0.9682458407514949,-0.07711460884523219,-0.07711460884523219,-0.09215236133981355,0.5542984030565863,0.5542984030565863,0.5407254443328632,-0.2893287301820263,-0.29663643684198704,-0.30593363686764846,-0.27252665112023233,0.03343967653659375,0.04059395031226894,-0.24185850292146646,-0.0978675781561967,0.47885787712027467,0.3550477962620339,0.999999999990421,-0.07711460884523219,0.5542984030565863
log_population_density_2011,0.11788911864977658,-0.2418585770360731,-0.017440057000709875,0.10894783968610976,0.10894779852650419,0.10562508238403483,0.10082854152976176,0.11983908483141703,0.0971641628481917,-0.5101251190690176,-0.7788422373360755,-0.1996729554744916,0.32026960039074526,0.46370268466845765,0.476396954906653,-0.2668398397162226,-0.48234854146107703,0.13649581570024413,-0.4097620366399197,-0.4826332051855212,-0.28202492695323267,-0.2508212876244284,-0.26602124953637996,-0.2354711756805147,-0.2504834394990722,-0.22004229162058886,-0.2349303496698067,-0.20755686220029018,-0.22889708770642367,-0.09786759572349518,-0.0945821709417655,-0.10088729725492324,-0.09786759572349518,-0.09786759572349518,-0.09786759572349518,-0.11559446574476864,0.47885790875471235,0.4631751662853205,0.4668646659091415,0.48870324304189344,0.4482370119195561,0.38286447044447763,0.40665830265206493,0.47885790875471235,0.47885790875471235,0.4717052255108604,-0.4420745314674632,0.18602671839494977,0.3629314205838885,0.40792904650694484,-0.5614068670875522,0.3550478742193189,0.4211586706165977,0.3550478742193189,0.34622395375885884,0.18011451287653626,-0.981121888498511,0.999999999990421,1.0,1.0,0.9682458407607697,-0.07711461319483587,-0.07711461319483587,-0.09215239493782121,0.5542984395387195,0.5542984395387195,0.5407254779252746,-0.2893287178867373,-0.29663642152637343,-0.3059336235001143,-0.27252664327827547,0.03343968466702897,0.04059395704190367,-0.2418585770360731,-0.09786759572349518,0.47885790875471235,0.3550478742193189,1.0,-0.07711461319483587,0.5542984395387195
density_z,0.11788911864977658,-0.2418585770360731,-0.017440057000709875,0.10894783968610976,0.10894779852650419,0.10562508238403483,0.10082854152976176,0.11983908483141703,0.0971641628481917,-0.5101251190690176,-0.7788422373360755,-0.1996729554744916,0.32026960039074526,0.46370268466845765,0.476396954906653,-0.2668398397162226,-0.48234854146107703,0.13649581570024413,-0.4097620366399197,-0.4826332051855212,-0.28202492695323267,-0.2508212876244284,-0.26602124953637996,-0.2354711756805147,-0.2504834394990722,-0.22004229162058886,-0.2349303496698067,-0.20755686220029018,-0.22889708770642367,-0.09786759572349518,-0.0945821709417655,-0.10088729725492324,-0.09786759572349518,-0.09786759572349518,-0.09786759572349518,-0.11559446574476864,0.47885790875471235,0.4631751662853205,0.4668646659091415,0.48870324304189344,0.4482370119195561,0.38286447044447763,0.40665830265206493,0.47885790875471235,0.47885790875471235,0.4717052255108604,-0.4420745314674632,0.18602671839494977,0.3629314205838885,0.40792904650694484,-0.5614068670875522,0.3550478742193189,0.4211586706165977,0.3550478742193189,0.34622395375885884,0.18011451287653626,-0.981121888498511,0.999999999990421,1.0,1.0,0.9682458407607697,-0.07711461319483587,-0.07711461319483587,-0.09215239493782121,0.5542984395387195,0.5542984395387195,0.5407254779252746,-0.2893287178867373,-0.29663642152637343,-0.3059336235001143,-0.27252664327827547,0.03343968466702897,0.04059395704190367,-0.2418585770360731,-0.09786759572349518,0.47885790875471235,0.3550478742193189,1.0,-0.07711461319483587,0.5542984395387195
density_quartile,0.10856185018107412,-0.23331756577303822,-0.030451076034312168,0.08736554713756728,0.08736551191994013,0.08439216281438015,0.07972297748363777,0.0983373734611414,0.07573462573286435,-0.48223508562595513,-0.748208222088831,-0.177293363335805,0.31663015589098864,0.43034132723289764,0.4432198023689664,-0.26301593013586316,-0.46638691037054253,0.12393845949462622,-0.396766161076494,-0.46712516493795675,-0.2772176616727451,-0.24791113852445432,-0.2621113532665325,-0.23317266133888614,-0.24718094279915148,-0.21836695045004054,-0.23227180366277808,-0.2079026241384983,-0.22786449985472074,-0.10923439754434862,-0.10628178218010692,-0.1119872108313562,-0.10923439754434862,-0.10923439754434862,-0.10923439754434862,-0.12497782150651227,0.4670103739538277,0.44835318921682243,0.4568024501881827,0.47261722617000235,0.4406665990477443,0.3696956461531603,0.3931840761193192,0.4670103739538277,0.4670103739538277,0.4575176006613158,-0.4240929101256938,0.1727781405091613,0.3442830832941937,0.39382144868070873,-0.5404060870769977,0.33730287602272757,0.410089495000726,0.33730287602272757,0.3285579133009088,0.16773513716188398,-0.9481992457574838,0.9682458407514949,0.9682458407607697,0.9682458407607697,1.0,-0.08810364873109292,-0.08810364873109292,-0.10067288851619981,0.5340832510257922,0.5340832510257922,0.5209662221719694,-0.28390549729802983,-0.29064904352752363,-0.2993146693788067,-0.26837556240422256,0.03409974945495774,0.041295355239718015,-0.23331756577303822,-0.10923439754434862,0.4670103739538277,0.33730287602272757,0.9682458407607697,-0.08810364873109292,0.5340832510257922
degree_share_2011,0.035993260315221445,0.22063523226366144,0.6991620172455786,0.6416364930443744,0.6416364863957539,0.6424413229505429,0.644325014789585,0.6376339948779105,0.6415870965541668,0.33835333673164236,0.19141491660886306,-0.3519623475561083,-0.3728662450109146,0.37770161394319685,0.27956239301861846,0.13855995122148845,0.04179832535874025,0.19074277179333615,0.1602964083036339,0.23297790937963694,0.13801425092822175,0.13094050571806293,0.1302625547246075,0.120657019040956,0.119862196442358,0.1145774340265526,0.11368193400743648,0.11180687717081852,0.11017461325218356,0.8339771606387418,0.8380853276491221,0.8298921818896684,0.8339771606387418,0.8339771606387418,0.8339771606387418,0.8003179086411127,-0.6701588560317117,-0.7173806019110223,-0.6690074327381921,-0.6585637191877629,-0.6411284868883317,-0.5862811259513423,-0.557589969601214,-0.6701588560317117,-0.6701588560317117,-0.6381107155463559,0.17399691411469423,0.12702581562096651,-0.4110004398798652,0.18594946934624965,0.2407988339415493,-0.4426928163499408,0.20509647644042672,-0.4426928163499408,-0.4322061365154312,0.04609253481222694,0.08990352243749607,-0.07711460884523219,-0.07711461319483587,-0.07711461319483587,-0.08810364873109292,1.0,1.0,0.9682458408256934,-0.6142610469447405,-0.6142610469447405,-0.5914376319387133,0.14120703749348948,0.14454696271593978,0.15122851272022744,0.13615121721684034,-0.062250383348282236,-0.06622566404692952,0.22063523226366144,0.8339771606387418,-0.6701588560317117,-0.4426928163499408,-0.07711461319483587,1.0,-0.6142610469447405
degree_share_z,0.035993260315221445,0.22063523226366144,0.6991620172455786,0.6416364930443744,0.6416364863957539,0.6424413229505429,0.644325014789585,0.6376339948779105,0.6415870965541668,0.33835333673164236,0.19141491660886306,-0.3519623475561083,-0.3728662450109146,0.37770161394319685,0.27956239301861846,0.13855995122148845,0.04179832535874025,0.19074277179333615,0.1602964083036339,0.23297790937963694,0.13801425092822175,0.13094050571806293,0.1302625547246075,0.120657019040956,0.119862196442358,0.1145774340265526,0.11368193400743648,0.11180687717081852,0.11017461325218356,0.8339771606387418,0.8380853276491221,0.8298921818896684,0.8339771606387418,0.8339771606387418,0.8339771606387418,0.8003179086411127,-0.6701588560317117,-0.7173806019110223,-0.6690074327381921,-0.6585637191877629,-0.6411284868883317,-0.5862811259513423,-0.557589969601214,-0.6701588560317117,-0.6701588560317117,-0.6381107155463559,0.17399691411469423,0.12702581562096651,-0.4110004398798652,0.18594946934624965,0.2407988339415493,-0.4426928163499408,0.20509647644042672,-0.4426928163499408,-0.4322061365154312,0.04609253481222694,0.08990352243749607,-0.07711460884523219,-0.07711461319483587,-0.07711461319483587,-0.08810364873109292,1.0,1.0,0.9682458408256934,-0.6142610469447405,-0.6142610469447405,-0.5914376319387133,0.14120703749348948,0.14454696271593978,0.15122851272022744,0.13615121721684034,-0.062250383348282236,-0.06622566404692952,0.22063523226366144,0.8339771606387418,-0.6701588560317117,-0.4426928163499408,-0.07711461319483587,1.0,-0.6142610469447405
degree_share_quartile,0.02916494249729415,0.2085454116760344,0.6687809499522208,0.6095202311344794,0.6095202169461473,0.6105239438111507,0.6123623423568935,0.6058776937101172,0.6095251819089118,0.33966506740548813,0.2003345545901212,-0.33566731205830747,-0.3631472627198881,0.35087317879307456,0.25324974882458995,0.13768870511116488,0.04965434083007125,0.17856746946770635,0.16288415856603955,0.2332845490262444,0.13776147239820033,0.13019135086678493,0.13015880081066533,0.1197696529815265,0.11960992217922842,0.11315031039459239,0.11289276152063565,0.11106426204974637,0.11040987684406448,0.8002564323452471,0.8043609448457114,0.7963828796113538,0.8002564323452471,0.8002564323452471,0.8002564323452471,0.7743209225751272,-0.6523098865686061,-0.6964627341613311,-0.6521046445223025,-0.6379852522382162,-0.6222704241217315,-0.5593741116409893,-0.5317635264404404,-0.6523098865686061,-0.6523098865686061,-0.6240556231565194,0.16847181141313244,0.11628926588409347,-0.39758455319693553,0.16091728274928166,0.23871742046615888,-0.42715008251221176,0.17915532017927638,-0.42715008251221176,-0.41993695900604905,0.041232462154720644,0.104286551981288,-0.09215236133981355,-0.09215239493782121,-0.09215239493782121,-0.10067288851619981,0.9682458408256934,0.9682458408256934,1.0,-0.5945673540725439,-0.5945673540725439,-0.5734549844915294,0.14081179871259894,0.1441461960874369,0.15074108245658055,0.1359366379426413,-0.05928583456778635,-0.06330452972218797,0.2085454116760344,0.8002564323452471,-0.6523098865686061,-0.42715008251221176,-0.09215239493782121,0.9682458408256934,-0.5945673540725439
unemployment_rate_2011,0.09748811249179462,-0.4042693646169581,-0.4845360702356725,-0.37577869422823124,-0.3757787167317674,-0.3811226860949152,-0.3803880138349002,-0.37886335368221813,-0.3711705708692545,-0.5376513170429777,-0.6609592761635354,-0.03335314956960589,0.46536292693673165,0.11789248784852457,0.20273289592074845,-0.1708981177021571,-0.28362754384322036,0.024026887656839302,-0.38083796964313515,-0.46346918272569904,-0.18308482485805522,-0.15684198424822954,-0.16897445269010555,-0.14473416790629792,-0.15657747351352633,-0.13332723398929103,-0.1449785515032811,-0.09886785202942218,-0.11510301113997484,-0.652932511880637,-0.6519406400042675,-0.6535824413334795,-0.652932511880637,-0.652932511880637,-0.652932511880637,-0.6373161331142624,0.9276821960932058,0.9368806499393827,0.9086070233998181,0.9486725452884599,0.9146286980545879,0.7926390912549491,0.8023060426793305,0.9276821960932058,0.9276821960932058,0.9008714943789554,-0.5584320360681286,0.09999072889229914,0.7204972159348905,0.2693957328548837,-0.7351329977014373,0.7359475433043753,0.269024309728314,0.7359475433043753,0.7106686478592793,0.10798978750890582,-0.5440570924746643,0.5542984030565863,0.5542984395387195,0.5542984395387195,0.5340832510257922,-0.6142610469447405,-0.6142610469447405,-0.5945673540725439,1.0,1.0,0.9682458415769543,-0.18890839663522369,-0.1934480869202784,-0.2021464182947428,-0.17542442499984684,0.05314291242015216,0.057891792291540484,-0.4042693646169581,-0.652932511880637,0.9276821960932058,0.7359475433043753,0.5542984395387195,-0.6142610469447405,1.0
unemployment_z,0.09748811249179462,-0.4042693646169581,-0.4845360702356725,-0.37577869422823124,-0.3757787167317674,-0.3811226860949152,-0.3803880138349002,-0.37886335368221813,-0.3711705708692545,-0.5376513170429777,-0.6609592761635354,-0.03335314956960589,0.46536292693673165,0.11789248784852457,0.20273289592074845,-0.1708981177021571,-0.28362754384322036,0.024026887656839302,-0.38083796964313515,-0.46346918272569904,-0.18308482485805522,-0.15684198424822954,-0.16897445269010555,-0.14473416790629792,-0.15657747351352633,-0.13332723398929103,-0.1449785515032811,-0.09886785202942218,-0.11510301113997484,-0.652932511880637,-0.6519406400042675,-0.6535824413334795,-0.652932511880637,-0.652932511880637,-0.652932511880637,-0.6373161331142624,0.9276821960932058,0.9368806499393827,0.9086070233998181,0.9486725452884599,0.9146286980545879,0.7926390912549491,0.8023060426793305,0.9276821960932058,0.9276821960932058,0.9008714943789554,-0.5584320360681286,0.09999072889229914,0.7204972159348905,0.2693957328548837,-0.7351329977014373,0.7359475433043753,0.269024309728314,0.7359475433043753,0.7106686478592793,0.10798978750890582,-0.5440570924746643,0.5542984030565863,0.5542984395387195,0.5542984395387195,0.5340832510257922,-0.6142610469447405,-0.6142610469447405,-0.5945673540725439,1.0,1.0,0.9682458415769543,-0.18890839663522369,-0.1934480869202784,-0.2021464182947428,-0.17542442499984684,0.05314291242015216,0.057891792291540484,-0.4042693646169581,-0.652932511880637,0.9276821960932058,0.7359475433043753,0.5542984395387195,-0.6142610469447405,1.0
unemployment_quartile,0.09515579408229685,-0.38695437645696085,-0.46146208246499787,-0.3540657166857198,-0.354065751233775,-0.35905878003764397,-0.3584011898309309,-0.357065361106997,-0.34947356516711703,-0.5260845252797318,-0.6401749644557518,-0.032713287026802124,0.4451829834406335,0.12210557406276432,0.20017699863755498,-0.16578367238480968,-0.2784621396070024,0.02588196344856859,-0.37007058133289544,-0.4511478207104541,-0.1775666374741615,-0.15215101750190174,-0.1639104079287963,-0.14022679116223863,-0.15171261896089783,-0.12910124889237704,-0.1404062871170244,-0.09543961176668231,-0.11118050348256778,-0.627214305295262,-0.6263627258317648,-0.6277047295248059,-0.627214305295262,-0.627214305295262,-0.627214305295262,-0.6151949331395112,0.9017996876139383,0.9107291941992288,0.8831952897773612,0.9220490454434698,0.8896332385643103,0.7690236379868066,0.778917772132953,0.9017996876139383,0.9017996876139383,0.8825972963542872,-0.541155581988758,0.10070353716870112,0.699900527926235,0.262094230803901,-0.7129485771089967,0.7149123309168415,0.26173210457681617,0.7149123309168415,0.6926053322910185,0.10358760424611592,-0.5309845783576912,0.5407254443328632,0.5407254779252746,0.5407254779252746,0.5209662221719694,-0.5914376319387133,-0.5914376319387133,-0.5734549844915294,0.9682458415769543,0.9682458415769543,1.0,-0.1830684842252433,-0.18731424050364906,-0.19525880800890735,-0.1703415630384193,0.05126026349310587,0.055994404294869536,-0.38695437645696085,-0.627214305295262,0.9017996876139383,0.7149123309168415,0.5407254779252746,-0.5914376319387133,0.9682458415769543
nb_lead1,0.10195074712476682,0.19527082684753627,0.09839092377895682,0.07603847770448105,0.07603854101359588,0.07608720603274112,0.07809948471066797,0.07196809941084385,0.079451758163549,0.1160587878034461,0.21271407761061556,-0.10481017542688605,-0.14281973552988975,0.013993635452470506,-0.04258738712393365,0.5643369186877096,0.5211249218397563,0.27357332478823665,-0.005471572736670091,0.018527818565227196,0.5627964171213363,0.435215614150806,0.43215742218639136,0.368552154165384,0.3651588217276038,0.3146766471976581,0.31109054256987057,0.42768793167753827,0.42493358939051457,0.1142027408299066,0.11546898643527001,0.11337473312716086,0.1142027408299066,0.1142027408299066,0.1142027408299066,0.12300327483307576,-0.15345382754056594,-0.16195204468537497,-0.15161720164775006,-0.1536025686861914,-0.1324449221191905,-0.13681967140892087,-0.1342346769202226,-0.15345382754056594,-0.15345382754056594,-0.15123228912156633,0.10719675686709505,0.11342318352244365,-0.032510791895409855,0.06179974389911767,0.053287019127799,-0.06117175232246346,0.03611238094975803,-0.06117175232246346,-0.06413460873630221,0.07031954481629286,0.30610819734634254,-0.2893287301820263,-0.2893287178867373,-0.2893287178867373,-0.28390549729802983,0.14120703749348948,0.14120703749348948,0.14081179871259894,-0.18890839663522369,-0.18890839663522369,-0.1830684842252433,1.0,0.5695017119648403,0.44299698636643653,0.4368112366657147,-0.044861258772719396,-0.020156341037224815,0.19527082684753627,0.1142027408299066,-0.15345382754056594,-0.06117175232246346,-0.2893287178867373,0.14120703749348948,-0.18890839663522369
nb_lead2,0.10049692884260969,0.16791400456481875,0.09285136733260387,0.072510790394228,0.07251086856299287,0.07245718881801179,0.07490964621803321,0.06725720462928496,0.07674503065725818,0.10911713741519687,0.211988415463609,-0.1049595330893989,-0.14356297594574738,0.012833159617737585,-0.045587619494254286,0.43980657042712834,0.4121999477584151,0.21477016772629695,0.028163499646898512,0.058859539838553715,0.4368112366657147,0.371953981763949,0.368524067804269,0.3173907856185157,0.31369625248082,0.277010548611837,0.2731453420694282,0.3663662819512234,0.36265273564547523,0.11587350323522817,0.11719319529173702,0.11499582846025348,0.11587350323522817,0.11587350323522817,0.11587350323522817,0.12480187797152749,-0.15760734561251183,-0.1661772464481091,-0.15568911533104002,-0.158010671664506,-0.13603156833237393,-0.13970007816134972,-0.13687396114056957,-0.15760734561251183,-0.15760734561251183,-0.15519430768004208,0.10807455735458589,0.11289596841597105,-0.035808900567876105,0.05885313523971285,0.056578472646402186,-0.06422338790722476,0.03314907353489122,-0.06422338790722476,-0.06710076184392896,0.0692250040742646,0.31330976587324466,-0.29663643684198704,-0.29663642152637343,-0.29663642152637343,-0.29064904352752363,0.14454696271593978,0.14454696271593978,0.1441461960874369,-0.1934480869202784,-0.1934480869202784,-0.18731424050364906,0.5695017119648403,1.0,0.578426341044679,0.37190178031172194,-0.020156341037224815,0.009915347812782171,0.16791400456481875,0.11587350323522817,-0.15760734561251183,-0.06422338790722476,-0.29663642152637343,0.14454696271593978,-0.1934480869202784
nb_lead3,0.09819795794796018,0.19880508898148247,0.09272564963982186,0.07288804705062288,0.07288806652741961,0.07328842614645548,0.07602631524768456,0.06711571937360136,0.077465727329817,0.11001372898356919,0.21799537907199795,-0.107618162726761,-0.14268122163426147,0.009938131854885556,-0.05101729042765653,0.37520236528803486,0.3538620846985381,0.18864493058921858,0.039139412319908896,0.07368552885940148,0.37190178031172194,0.3227071203517775,0.31910301954771886,0.2790621028833964,0.2751748812094351,0.2513137570338734,0.24739637243584006,0.3217093010645015,0.3174225333734536,0.12136661899657086,0.12285502596908648,0.120491460970464,0.12136661899657086,0.12136661899657086,0.12136661899657086,0.13075217283254442,-0.16639661343432402,-0.175058826745849,-0.16433659020726765,-0.1669350887113827,-0.14400425685730808,-0.14670201165404118,-0.1437709529520133,-0.16639661343432402,-0.16639661343432402,-0.16426026482560374,0.11136922290810204,0.11145408047739779,-0.04330570687769407,0.057499663840902306,0.06264620017278553,-0.0715949798977886,0.03221310324648827,-0.0715949798977886,-0.07416856246995374,0.06879573996076417,0.3228232838503248,-0.30593363686764846,-0.3059336235001143,-0.3059336235001143,-0.2993146693788067,0.15122851272022744,0.15122851272022744,0.15074108245658055,-0.2021464182947428,-0.2021464182947428,-0.19525880800890735,0.44299698636643653,0.578426341044679,1.0,0.32508681058497496,0.009915347812782171,0.0430690138489961,0.19880508898148247,0.12136661899657086,-0.16639661343432402,-0.0715949798977886,-0.3059336235001143,0.15122851272022744,-0.2021464182947428
nb_lag1,0.10698458139953253,0.20047757427050555,0.121063469967783,0.10267743232900534,0.1026774462123886,0.10175204781621755,0.10432865936965202,0.09666245825196831,0.1071654170441139,0.10360776079243654,0.19957499803752685,-0.1089843310198878,-0.14161267077426704,0.03517027603565671,-0.021980014426201386,0.5649710847887234,0.5103978016025419,0.2925184337479386,-0.03088876384045055,-0.007065050792653066,0.5627964171213363,0.9952274587869201,1.0,0.5580315667662537,0.5562988977864659,0.4305119682459523,0.42730501855894665,0.7774194250126811,0.7816406831391712,0.1103100089120821,0.11158539287851826,0.1093322186390454,0.1103100089120821,0.1103100089120821,0.1103100089120821,0.11880319071112237,-0.14030494628570195,-0.14892533961578,-0.13882809108962987,-0.13992941065196732,-0.12012403996064931,-0.12550219069712704,-0.12269253364254097,-0.14030494628570195,-0.14030494628570195,-0.13811778574266922,0.09800494464062418,0.12149083313486707,-0.018654966457803228,0.07098221633257745,0.03849658367719756,-0.04789739445866474,0.04495827212429834,-0.04789739445866474,-0.05135441199604444,0.0746393394641611,0.2896417966630726,-0.27252665112023233,-0.27252664327827547,-0.27252664327827547,-0.26837556240422256,0.13615121721684034,0.13615121721684034,0.1359366379426413,-0.17542442499984684,-0.17542442499984684,-0.1703415630384193,0.4368112366657147,0.37190178031172194,0.32508681058497496,1.0,-0.02508366118168996,-0.019772510906111988,0.20047757427050555,0.1103100089120821,-0.14030494628570195,-0.04789739445866474,-0.27252664327827547,0.13615121721684034,-0.17542442499984684
d_log_price,-0.008302491658271481,0.13134994891474713,-0.001316148908754577,0.03142448901062645,0.03142441578746927,0.022027406075937887,0.021589831562251742,0.020717533981997133,0.02125041823187103,-0.06671891390780631,-0.0065609446096217125,0.011844731585263423,0.018125856370156925,0.0022405978599676726,0.006008753844265814,0.01236154911277212,0.0139047968485536,-0.00024933328819349096,-0.022860604464081297,-0.03162974963111508,0.013363948692234914,-0.025464553166935647,-0.02508366118168996,-0.0238683022270872,-0.023329850145846993,-0.019062583288542805,-0.01849329779929082,-0.020352196989253526,-0.01976231804334686,-0.037972233732154706,-0.03848849398644704,-0.03729061923322165,-0.037972233732154706,-0.037972233732154706,-0.037972233732154706,-0.03443373758966515,0.04486476547542761,0.050403987079387376,0.042282666365017915,0.051279747318315916,0.04287148099348415,0.03846670587797136,0.04018471265100703,0.04486476547542761,0.04486476547542761,0.044067461229481394,-0.02058777204588491,0.008755174511669777,0.03280822161439236,-0.016088721993101112,-0.021024072894548163,0.036948656249669476,-0.01591555172050838,0.036948656249669476,0.0344212121479455,0.005060544469818602,-0.03285440182660529,0.03343967653659375,0.03343968466702897,0.03343968466702897,0.03409974945495774,-0.062250383348282236,-0.062250383348282236,-0.05928583456778635,0.05314291242015216,0.05314291242015216,0.05126026349310587,-0.044861258772719396,-0.020156341037224815,0.009915347812782171,-0.02508366118168996,1.0,-0.12484759558259972,0.13134994891474713,-0.037972233732154706,0.04486476547542761,0.036948656249669476,0.03343968466702897,-0.062250383348282236,0.05314291242015216
d_log_price_lag1,-0.008861560050250707,-0.013418880118062512,0.034965290288022255,0.06400604634884378,0.06400596685090963,0.06293321223138044,0.0635434782234783,0.061443254228278135,0.06586513124082875,-0.07115409686668188,-0.0479240482098859,0.014452963952307742,0.0394855006131016,0.030219558256661894,0.02591953652295768,-0.04519279817250525,-0.04104390941894389,-0.022139197679748986,-0.011066714784311935,-0.016950481465472955,-0.044861258772719396,-0.020620873488722304,-0.019772510906111988,-0.03235866211249617,-0.03180842283130042,-0.024978729084753095,-0.02437872272752752,-0.022126752264245923,-0.02124622275988721,-0.03426587252001492,-0.0348341510325123,-0.03351064285427499,-0.03426587252001492,-0.03426587252001492,-0.03426587252001492,-0.030551312477116087,0.04769393692819275,0.05370679406659839,0.04451523063907495,0.055723172021895896,0.04597755141793247,0.039269333703649954,0.04207001780022791,0.04769393692819275,0.04769393692819275,0.04709518799472204,-0.024048541489615816,0.011279386967479963,0.03650045697288131,-0.015989352070071166,-0.02475345284061104,0.040913816944118005,-0.015464976273477916,0.040913816944118005,0.03814395296783182,0.006862490228867561,-0.0398354507565298,0.04059395031226894,0.04059395704190367,0.04059395704190367,0.041295355239718015,-0.06622566404692952,-0.06622566404692952,-0.06330452972218797,0.057891792291540484,0.057891792291540484,0.055994404294869536,-0.020156341037224815,0.009915347812782171,0.0430690138489961,-0.019772510906111988,-0.12484759558259972,1.0,-0.013418880118062512,-0.03426587252001492,0.04769393692819275,0.040913816944118005,0.04059395704190367,-0.06622566404692952,0.057891792291540484
log_sale_count,0.4983208763881156,1.0,0.09856459741691144,0.09474218387768368,0.09474221730183033,0.09586693790653109,0.09495628106127106,0.09411682517643537,0.09353944690201409,0.10428714648603078,0.31084232774624754,-0.017916812912582538,-0.16155960509517,0.0751388909825864,-0.002793384804447259,0.2654383200292616,0.2895832585846554,0.1393365010296748,0.053722890223533784,0.08555285772225003,0.22510465121772638,0.24430993074609386,0.20312504620425093,0.24633110282810355,0.20549473459625925,0.24847680389073323,0.20776597892918205,0.25200839725477664,0.1941580311995199,0.23323015281652856,0.23185178697807524,0.23487848287956234,0.23323015281652856,0.23323015281652856,0.23323015281652856,0.22403057168251214,-0.3793439967991701,-0.3642790829475941,-0.37140212772934017,-0.3845171205112982,-0.4077147340456079,-0.3735644706907219,-0.39306028035413626,-0.3793439967991701,-0.3793439967991701,-0.36499440074269324,0.681170309856205,0.13759677625235214,-0.26471827531785264,0.15500658990517527,0.3643056201993608,-0.4027655295178889,-0.012745909812249216,-0.4027655295178889,-0.3869300013917786,0.3804986287749534,0.3041092770616235,-0.24185850292146646,-0.2418585770360731,-0.2418585770360731,-0.23331756577303822,0.22063523226366144,0.22063523226366144,0.2085454116760344,-0.4042693646169581,-0.4042693646169581,-0.38695437645696085,0.19527082684753627,0.16791400456481875,0.19880508898148247,0.20047757427050555,0.13134994891474713,-0.013418880118062512,1.0,0.23323015281652856,-0.3793439967991701,-0.4027655295178889,-0.2418585770360731,0.22063523226366144,-0.4042693646169581
income_z_eda,-0.035015015341466,0.23323015281652856,0.809879964014192,0.7747475356196153,0.7747475206102445,0.777466369545844,0.77579787093273,0.7793579715459431,0.7670861506864743,0.2948435091725383,0.21493637147828468,-0.2643727203631431,-0.35470952421235336,0.3597554471564481,0.19700953718869987,0.10674563768925012,0.03895925930798871,0.1677435295415776,0.1653471605019711,0.23015438152941448,0.11271469516373506,0.10002815143728963,0.10594391309171575,0.09163066558393294,0.0973575021763081,0.08539882582786579,0.09096539693147179,0.0727207013405099,0.08052057670656092,1.0,0.9988612949454698,0.998683394578551,1.0,1.0,1.0,0.9674450413506192,-0.7422637001185808,-0.7629036978097631,-0.7488528545375179,-0.7033625971398557,-0.7163584787914665,-0.6682468887422288,-0.6367905899404014,-0.7422637001185808,-0.7422637001185808,-0.7058725490399891,0.22376712592110615,0.12595148509120718,-0.44922141431944745,0.0339024564553994,0.3327371223790727,-0.4640173654214915,0.060332887162596514,-0.4640173654214915,-0.4511968447967055,0.007027738403725117,0.10246314660900126,-0.0978675781561967,-0.09786759572349518,-0.09786759572349518,-0.10923439754434862,0.8339771606387418,0.8339771606387418,0.8002564323452471,-0.652932511880637,-0.652932511880637,-0.627214305295262,0.1142027408299066,0.11587350323522817,0.12136661899657086,0.1103100089120821,-0.037972233732154706,-0.03426587252001492,0.23323015281652856,1.0,-0.7422637001185808,-0.4640173654214915,-0.09786759572349518,0.8339771606387418,-0.652932511880637
deprivation_z_eda,0.11797792223172045,-0.3793439967991701,-0.5669286935657534,-0.4627798566249834,-0.4627798748790414,-0.46719652151589275,-0.46515850700897143,-0.4687374228260449,-0.45410643909426834,-0.5482887364268038,-0.6296911324808865,-0.04222931873178545,0.4819821042048618,0.04543500828399336,0.15808365732630866,-0.1350345129839586,-0.2309993062367928,0.013687461418184546,-0.36988129488203364,-0.45182582676208694,-0.1478152480553109,-0.12120939791943987,-0.13397150239319977,-0.10939190839245262,-0.12188437460697066,-0.09832224077400324,-0.11056271168942199,-0.06330033209541852,-0.08060660468477342,-0.7422637001185808,-0.740976819592416,-0.7430502126828603,-0.7422637001185808,-0.7422637001185808,-0.7422637001185808,-0.7255528464481494,1.0,0.9893549596154166,0.9967562374661353,0.9730154094264389,0.9900514942934995,0.8394381638091317,0.8393812033219858,1.0,1.0,0.9682458407514949,-0.5627939780407221,0.094228905261541,0.7392923807858901,0.288271043568576,-0.7561109288983083,0.7505586422656196,0.2876258565328976,0.7505586422656196,0.7241453337794538,0.07446994690384032,-0.47225985954971844,0.47885787712027467,0.47885790875471235,0.47885790875471235,0.4670103739538277,-0.6701588560317117,-0.6701588560317117,-0.6523098865686061,0.9276821960932058,0.9276821960932058,0.9017996876139383,-0.15345382754056594,-0.15760734561251183,-0.16639661343432402,-0.14030494628570195,0.04486476547542761,0.04769393692819275,-0.3793439967991701,-0.7422637001185808,1.0,0.7505586422656196,0.47885790875471235,-0.6701588560317117,0.9276821960932058
social_rent_z_eda,0.10360119478245373,-0.4027655295178889,-0.2717753271475449,-0.16730754421382202,-0.16730754124956615,-0.17095438815338793,-0.16941405683942715,-0.17305562131063185,-0.16030512536676841,-0.47698354424084216,-0.5270546513318651,-0.0833877887213595,0.388702032335412,0.17171189775511259,0.2034832638350489,-0.0471781714874976,-0.15200998823060669,0.07983484892583384,-0.31337785439986693,-0.369749587131074,-0.05668426612835183,-0.0333199384365931,-0.042793482041402466,-0.023354394665679155,-0.032511276519029526,-0.015114602671645428,-0.02397950485400411,0.037397319619378415,0.025389515707498506,-0.4640173654214915,-0.46304333423091965,-0.4647678487427235,-0.4640173654214915,-0.4640173654214915,-0.4640173654214915,-0.4457056441944176,0.7505586422656196,0.7610310635966664,0.7258409145726996,0.7924061713018159,0.7567099190717108,0.6647270616662,0.6822391781863727,0.7505586422656196,0.7505586422656196,0.7251041562915738,-0.6181857907519217,0.23252450766302513,0.9696300523422243,0.14807736925088746,-0.8177934336793334,1.0,0.13424765796221327,1.0,0.9682458411224879,0.08208738241789355,-0.34820886683151797,0.3550477962620339,0.3550478742193189,0.3550478742193189,0.33730287602272757,-0.4426928163499408,-0.4426928163499408,-0.42715008251221176,0.7359475433043753,0.7359475433043753,0.7149123309168415,-0.06117175232246346,-0.06422338790722476,-0.0715949798977886,-0.04789739445866474,0.036948656249669476,0.040913816944118005,-0.4027655295178889,-0.4640173654214915,0.7505586422656196,1.0,0.3550478742193189,-0.4426928163499408,0.7359475433043753
density_z_eda,0.11788911864977658,-0.2418585770360731,-0.017440057000709875,0.10894783968610976,0.10894779852650419,0.10562508238403483,0.10082854152976176,0.11983908483141703,0.0971641628481917,-0.5101251190690176,-0.7788422373360755,-0.1996729554744916,0.32026960039074526,0.46370268466845765,0.476396954906653,-0.2668398397162226,-0.48234854146107703,0.13649581570024413,-0.4097620366399197,-0.4826332051855212,-0.28202492695323267,-0.2508212876244284,-0.26602124953637996,-0.2354711756805147,-0.2504834394990722,-0.22004229162058886,-0.2349303496698067,-0.20755686220029018,-0.22889708770642367,-0.09786759572349518,-0.0945821709417655,-0.10088729725492324,-0.09786759572349518,-0.09786759572349518,-0.09786759572349518,-0.11559446574476864,0.47885790875471235,0.4631751662853205,0.4668646659091415,0.48870324304189344,0.4482370119195561,0.38286447044447763,0.40665830265206493,0.47885790875471235,0.47885790875471235,0.4717052255108604,-0.4420745314674632,0.18602671839494977,0.3629314205838885,0.40792904650694484,-0.5614068670875522,0.3550478742193189,0.4211586706165977,0.3550478742193189,0.34622395375885884,0.18011451287653626,-0.981121888498511,0.999999999990421,1.0,1.0,0.9682458407607697,-0.07711461319483587,-0.07711461319483587,-0.09215239493782121,0.5542984395387195,0.5542984395387195,0.5407254779252746,-0.2893287178867373,-0.29663642152637343,-0.3059336235001143,-0.27252664327827547,0.03343968466702897,0.04059395704190367,-0.2418585770360731,-0.09786759572349518,0.47885790875471235,0.3550478742193189,1.0,-0.07711461319483587,0.5542984395387195
degree_z_eda,0.035993260315221445,0.22063523226366144,0.6991620172455786,0.6416364930443744,0.6416364863957539,0.6424413229505429,0.644325014789585,0.6376339948779105,0.6415870965541668,0.33835333673164236,0.19141491660886306,-0.3519623475561083,-0.3728662450109146,0.37770161394319685,0.27956239301861846,0.13855995122148845,0.04179832535874025,0.19074277179333615,0.1602964083036339,0.23297790937963694,0.13801425092822175,0.13094050571806293,0.1302625547246075,0.120657019040956,0.119862196442358,0.1145774340265526,0.11368193400743648,0.11180687717081852,0.11017461325218356,0.8339771606387418,0.8380853276491221,0.8298921818896684,0.8339771606387418,0.8339771606387418,0.8339771606387418,0.8003179086411127,-0.6701588560317117,-0.7173806019110223,-0.6690074327381921,-0.6585637191877629,-0.6411284868883317,-0.5862811259513423,-0.557589969601214,-0.6701588560317117,-0.6701588560317117,-0.6381107155463559,0.17399691411469423,0.12702581562096651,-0.4110004398798652,0.18594946934624965,0.2407988339415493,-0.4426928163499408,0.20509647644042672,-0.4426928163499408,-0.4322061365154312,0.04609253481222694,0.08990352243749607,-0.07711460884523219,-0.07711461319483587,-0.07711461319483587,-0.08810364873109292,1.0,1.0,0.9682458408256934,-0.6142610469447405,-0.6142610469447405,-0.5914376319387133,0.14120703749348948,0.14454696271593978,0.15122851272022744,0.13615121721684034,-0.062250383348282236,-0.06622566404692952,0.22063523226366144,0.8339771606387418,-0.6701588560317117,-0.4426928163499408,-0.07711461319483587,1.0,-0.6142610469447405
unemployment_z_eda,0.09748811249179462,-0.4042693646169581,-0.4845360702356725,-0.37577869422823124,-0.3757787167317674,-0.3811226860949152,-0.3803880138349002,-0.37886335368221813,-0.3711705708692545,-0.5376513170429777,-0.6609592761635354,-0.03335314956960589,0.46536292693673165,0.11789248784852457,0.20273289592074845,-0.1708981177021571,-0.28362754384322036,0.024026887656839302,-0.38083796964313515,-0.46346918272569904,-0.18308482485805522,-0.15684198424822954,-0.16897445269010555,-0.14473416790629792,-0.15657747351352633,-0.13332723398929103,-0.1449785515032811,-0.09886785202942218,-0.11510301113997484,-0.652932511880637,-0.6519406400042675,-0.6535824413334795,-0.652932511880637,-0.652932511880637,-0.652932511880637,-0.6373161331142624,0.9276821960932058,0.9368806499393827,0.9086070233998181,0.9486725452884599,0.9146286980545879,0.7926390912549491,0.8023060426793305,0.9276821960932058,0.9276821960932058,0.9008714943789554,-0.5584320360681286,0.09999072889229914,0.7204972159348905,0.2693957328548837,-0.7351329977014373,0.7359475433043753,0.269024309728314,0.7359475433043753,0.7106686478592793,0.10798978750890582,-0.5440570924746643,0.5542984030565863,0.5542984395387195,0.5542984395387195,0.5340832510257922,-0.6142610469447405,-0.6142610469447405,-0.5945673540725439,1.0,1.0,0.9682458415769543,-0.18890839663522369,-0.1934480869202784,-0.2021464182947428,-0.17542442499984684,0.05314291242015216,0.057891792291540484,-0.4042693646169581,-0.652932511880637,0.9276821960932058,0.7359475433043753,0.5542984395387195,-0.6142610469447405,1.0
