var1,var2,pearson
social_rent_z,social_rent_z_eda,1.0000000000000213
social_rent_share_2011,social_rent_z,1.0000000000000213
log_baseline_income,income_z_eda,1.000000000000011
degree_share_z,degree_z_eda,1.0000000000000104
log_population_density_2011,density_z,1.0000000000000098
unemployment_rate_2011,unemployment_z,1.0000000000000069
deprivation_z,deprivation_z_eda,1.000000000000003
density_z,density_z_eda,1.0000000000000029
social_rent_share_2011,social_rent_z_eda,1.0000000000000027
income_moderator_value,income_z,1.0000000000000027
baseline_income_bhc_2011_12,income_z,1.0000000000000027
imd_ex_housing,deprivation_z_eda,1.0000000000000009
deprivation_moderator_value,deprivation_z_eda,1.0000000000000009
deprivation_moderator_value,deprivation_z,1.0000000000000002
imd_ex_housing,deprivation_z,1.0000000000000002
imd_ex_housing,deprivation_moderator_value,1.0
baseline_income_bhc_2011_12,income_moderator_value,1.0
newbuilds_lag1_per_1000,nb_lag1,1.0
log_population_density_2011,density_z_eda,0.9999999999999977
degree_share_2011,degree_share_z,0.9999999999999964
unemployment_rate_2011,unemployment_z_eda,0.9999999999999953
unemployment_z,unemployment_z_eda,0.9999999999999868
degree_share_2011,degree_z_eda,0.9999999999999697
baseline_income_upper_ci,income_z,0.9989736334496094
baseline_income_upper_ci,income_moderator_value,0.9989736334496082
baseline_income_bhc_2011_12,baseline_income_upper_ci,0.9989736334496082
baseline_income_lower_ci,income_z,0.9988370794289596
baseline_income_lower_ci,income_moderator_value,0.9988370794289486
baseline_income_bhc_2011_12,baseline_income_lower_ci,0.9988370794289486
log_median_ppsqm,mean_log_ppsqm,0.9980647370854089
median_ppsqm,mean_ppsqm,0.9979831716418022
baseline_income_upper_ci,baseline_income_lower_ci,0.9976226067933787
mean_ppsqm,p75_ppsqm,0.9972888358910165
imd_ex_income_housing,deprivation_z_eda,0.9960854437504885
imd_ex_income_housing,deprivation_z,0.9960854437504881
imd_ex_income_housing,deprivation_moderator_value,0.996085443750476
imd_ex_housing,imd_ex_income_housing,0.9960854437504759
median_ppsqm,p75_ppsqm,0.9959886403950796
mean_ppsqm,p25_ppsqm,0.995116020634734
median_ppsqm,p25_ppsqm,0.9948346336339334
imd2015_overall_score_pw,deprivation_z_eda,0.9936998247091106
imd2015_overall_score_pw,deprivation_z,0.9936998247091097
imd2015_overall_score_pw,deprivation_moderator_value,0.9936998247090877
imd_ex_housing,imd2015_overall_score_pw,0.9936998247090877
imd_ex_housing_living,deprivation_z_eda,0.9932788587737101
imd_ex_housing_living,deprivation_z,0.9932788587736984
imd_ex_housing,imd_ex_housing_living,0.9932788587736974
imd_ex_housing_living,deprivation_moderator_value,0.9932788587736971
baseline_income_lower_ci,income_z_eda,0.9890076790957745
baseline_income_lower_ci,log_baseline_income,0.9890076790957478
baseline_income_bhc_2011_12,income_z_eda,0.9887015630375454
income_moderator_value,income_z_eda,0.9887015630375454
income_z,income_z_eda,0.988701563037524
log_baseline_income,income_z,0.9887015630375198
log_baseline_income,income_moderator_value,0.988701563037519
baseline_income_bhc_2011_12,log_baseline_income,0.9887015630375184
p25_ppsqm,p75_ppsqm,0.9881443195493951
imd_ex_income_housing,imd2015_overall_score_pw,0.9872347520711087
baseline_income_upper_ci,income_z_eda,0.9859554257239423
baseline_income_upper_ci,log_baseline_income,0.9859554257239306
imd_ex_housing_living,imd_ex_income_housing,0.9851066758227303
imd_ex_housing_living,imd2015_overall_score_pw,0.9828088925891553
imd_ex_housing_living,imd2015_income_rate_msoa,0.9783759486095731
imd2015_income_rate_msoa,imd2015_overall_score_pw,0.9750325719396266
imd2015_income_rate_msoa,deprivation_z,0.9746832063274645
imd2015_income_rate_msoa,deprivation_z_eda,0.974683206327464
imd_ex_housing,imd2015_income_rate_msoa,0.9746832063274514
imd2015_income_rate_msoa,deprivation_moderator_value,0.9746832063274513
imd_ex_housing_bottom20_popshare,imd2015_overall_bottom20_popshare_legacy,0.9729619025906574
newbuilds_lag3,newbuilds_lag3_per_1000,0.9685868364917861
newbuilds_lag2,newbuilds_lag2_per_1000,0.9673244801298776
newbuilds_lag1,newbuilds_lag1_per_1000,0.9669212245450156
newbuild_total,newbuilds_per_1000,0.9664033793526904
newbuilds_lag1,nb_lag1,0.9661014254759849
newbuilds_prev3yr,newbuilds_prev3yr_per_1000,0.9645758651047103
median_newbuild_floor_area,mean_newbuild_floor_area,0.9624103747804293
imd2015_income_rate_msoa,unemployment_z_eda,0.9530721499459638
imd2015_income_rate_msoa,unemployment_z,0.9530721499459609
imd2015_income_rate_msoa,unemployment_rate_2011,0.9530721499459582
imd_ex_income_housing,imd2015_income_rate_msoa,0.9518001415389243
mean_log_ppsqm,mean_ppsqm,0.9467284710326518
social_rented_2011,social_rent_z,0.9466823904929849
social_rented_2011,social_rent_z_eda,0.946682390492971
social_rented_2011,social_rent_share_2011,0.9466823904929696
log_median_ppsqm,mean_ppsqm,0.9461758515424458
median_ppsqm,log_median_ppsqm,0.9435437971676478
mean_log_ppsqm,p25_ppsqm,0.9432934771002642
log_median_ppsqm,p25_ppsqm,0.9427654634998395
median_ppsqm,mean_log_ppsqm,0.9410061382657902
log_median_ppsqm,p75_ppsqm,0.9390487641712824
mean_log_ppsqm,p75_ppsqm,0.9382866501004394
sale_count,log_sale_count,0.9380414559464274
private_rented_2011,private_rent_share_2011,0.9337703605680726
imd2015_overall_score_pw,unemployment_z_eda,0.9327358055806413
imd2015_overall_score_pw,unemployment_rate_2011,0.9327358055806326
imd2015_overall_score_pw,unemployment_z,0.9327358055806195
imd_ex_housing_living,unemployment_z_eda,0.9302859710961607
imd_ex_housing_living,unemployment_rate_2011,0.9302859710961504
imd_ex_housing_living,unemployment_z,0.9302859710961457
unemployment_rate_2011,deprivation_z_eda,0.9287451428598877
deprivation_z,unemployment_rate_2011,0.9287451428598837
deprivation_z,unemployment_z_eda,0.9287451428598724
unemployment_z,deprivation_z_eda,0.9287451428598718
deprivation_moderator_value,unemployment_z,0.9287451428598655
imd_ex_housing,unemployment_z,0.9287451428598655
imd_ex_housing,unemployment_rate_2011,0.9287451428598625
deprivation_moderator_value,unemployment_rate_2011,0.9287451428598625
deprivation_z,unemployment_z,0.9287451428598565
deprivation_z_eda,unemployment_z_eda,0.9287451428598504
deprivation_moderator_value,unemployment_z_eda,0.9287451428598477
imd_ex_housing,unemployment_z_eda,0.9287451428598477
log_baseline_income,income_quartile,0.9209171008186782
income_quartile,income_z_eda,0.9209171008186549
median_price,mean_ppsqm,0.9167032595991325
degree_share_2011,degree_share_quartile,0.9110414684406422
degree_share_z,degree_share_quartile,0.9110414684406415
degree_share_quartile,degree_z_eda,0.9110414684406414
median_price,p25_ppsqm,0.9102418978488084
median_price,median_ppsqm,0.9099536540093711
median_price,p75_ppsqm,0.9098290123952696
imd_ex_housing_living,imd_ex_housing_bottom20_popshare,0.9083585131668482
imd_ex_housing_bottom20_popshare,deprivation_z,0.907229054108698
imd_ex_housing_bottom20_popshare,deprivation_z_eda,0.9072290541086964
imd_ex_housing_bottom20_popshare,deprivation_moderator_value,0.907229054108682
imd_ex_housing,imd_ex_housing_bottom20_popshare,0.907229054108682
imd2015_overall_score_pw,imd2015_overall_bottom20_popshare_legacy,0.9064040680660824
imd_ex_income_housing,unemployment_z_eda,0.9054493399582091
imd_ex_income_housing,unemployment_z,0.9054493399582083
imd_ex_income_housing,unemployment_rate_2011,0.9054493399582033
imd2015_overall_bottom20_popshare_legacy,deprivation_z_eda,0.9024560724507812
imd2015_overall_bottom20_popshare_legacy,deprivation_z,0.9024560724507666
imd_ex_housing,imd2015_overall_bottom20_popshare_legacy,0.9024560724507539
imd2015_overall_bottom20_popshare_legacy,deprivation_moderator_value,0.9024560724507538
imd2015_overall_score_pw,imd_ex_housing_bottom20_popshare,0.9024528024730892
imd_ex_housing_living,imd2015_overall_bottom20_popshare_legacy,0.9017144726262833
imd2015_income_rate_msoa,imd2015_overall_bottom20_popshare_legacy,0.8992884087175639
imd_ex_income_housing,imd_ex_housing_bottom20_popshare,0.8982487801408199
log_population_density_2011,density_quartile,0.8976967599672486
density_z,density_quartile,0.8976967599672456
density_quartile,density_z_eda,0.8976967599672423
imd_ex_income_housing,deprivation_quartile,0.8945006359800328
imd2015_income_rate_msoa,imd_ex_housing_bottom20_popshare,0.8932428466011376
median_price,mean_log_ppsqm,0.892588949088433
deprivation_z,deprivation_quartile,0.8925779339316254
deprivation_quartile,deprivation_z_eda,0.8925779339316252
deprivation_moderator_value,deprivation_quartile,0.8925779339316114
imd_ex_housing,deprivation_quartile,0.8925779339316114
baseline_income_lower_ci,income_quartile,0.8899794626920856
income_z,income_quartile,0.8898728269849128
baseline_income_bhc_2011_12,income_quartile,0.8898728269849113
income_moderator_value,income_quartile,0.8898728269849113
imd_ex_income_housing,imd2015_overall_bottom20_popshare_legacy,0.8896021888259953
median_price,log_median_ppsqm,0.8894512456758701
imd2015_overall_score_pw,deprivation_quartile,0.8879169430399512
baseline_income_upper_ci,income_quartile,0.8874836639087774
deprivation_quartile,unemployment_quartile,0.8825955787744908
imd_ex_housing_living,deprivation_quartile,0.8803666914337998
newbuilds_lag2,newbuilds_prev3yr,0.8788182218734154
newbuilds_lag2_per_1000,newbuilds_prev3yr_per_1000,0.8767928641427304
imd2015_overall_bottom20_popshare_legacy,unemployment_rate_2011,0.874019848174152
imd2015_overall_bottom20_popshare_legacy,unemployment_z,0.8740198481741475
imd2015_overall_bottom20_popshare_legacy,unemployment_z_eda,0.8740198481741457
imd2015_income_rate_msoa,deprivation_quartile,0.8735558278488093
social_rent_z,social_rent_quartile,0.872867296913352
social_rent_quartile,social_rent_z_eda,0.8728672969133335
social_rent_share_2011,social_rent_quartile,0.8728672969133265
baseline_households_2011,population_2011,0.8725707715445565
imd_ex_housing_bottom20_popshare,unemployment_z,0.8632596644387752
imd_ex_housing_bottom20_popshare,unemployment_z_eda,0.8632596644387737
imd_ex_housing_bottom20_popshare,unemployment_rate_2011,0.8632596644387718
imd2015_income_rate_msoa,unemployment_quartile,0.861518210811786
baseline_income_upper_ci,degree_share_z,0.8589953096441477
baseline_income_upper_ci,degree_z_eda,0.8589953096441402
baseline_income_upper_ci,degree_share_2011,0.8589953096441315
unemployment_rate_2011,unemployment_quartile,0.8562806942119509
unemployment_quartile,unemployment_z_eda,0.8562806942119396
unemployment_z,unemployment_quartile,0.8562806942119396
baseline_income_bhc_2011_12,degree_share_z,0.8538598011944571
income_moderator_value,degree_share_z,0.8538598011944571
baseline_income_bhc_2011_12,degree_share_2011,0.8538598011944567
income_moderator_value,degree_share_2011,0.8538598011944567
baseline_income_bhc_2011_12,degree_z_eda,0.8538598011944548
income_moderator_value,degree_z_eda,0.8538598011944548
income_z,degree_share_2011,0.85385980119445
income_z,degree_z_eda,0.8538598011944493
income_z,degree_share_z,0.853859801194445
newbuilds_lag2,newbuilds_prev3yr_per_1000,0.8495841208340021
baseline_income_lower_ci,degree_share_z,0.8482968117934233
baseline_income_lower_ci,degree_z_eda,0.8482968117934195
baseline_income_lower_ci,degree_share_2011,0.8482968117933951
newbuilds_lag2_per_1000,newbuilds_prev3yr,0.8445465721942704
degree_share_z,income_z_eda,0.8443636552762585
income_z_eda,degree_z_eda,0.8443636552762532
degree_share_2011,income_z_eda,0.8443636552762502
log_baseline_income,degree_share_z,0.8443636552762417
log_baseline_income,degree_z_eda,0.844363655276231
log_baseline_income,degree_share_2011,0.8443636552762168
imd_ex_housing_living,unemployment_quartile,0.8438959153129196
unemployment_quartile,deprivation_z_eda,0.8431819153449858
deprivation_z,unemployment_quartile,0.8431819153449812
deprivation_moderator_value,unemployment_quartile,0.8431819153449737
imd_ex_housing,unemployment_quartile,0.8431819153449737
imd2015_overall_score_pw,unemployment_quartile,0.8388640624842699
newbuilds_lag1,newbuilds_prev3yr,0.836007777253816
newbuilds_prev3yr_per_1000,nb_lag1,0.8312665996616997
imd_ex_income_housing,unemployment_quartile,0.8311570850968019
social_rented_2011,social_rent_quartile,0.828732063270868
newbuilds_lag1_per_1000,newbuilds_prev3yr_per_1000,0.8285348848661803
flat_sale_share,leasehold_sale_share,0.8250769738091809
newbuilds_lag3,newbuilds_prev3yr,0.8178430320215736
deprivation_quartile,unemployment_rate_2011,0.8108277632628681
deprivation_quartile,unemployment_z,0.8108277632628675
deprivation_quartile,unemployment_z_eda,0.8108277632628669
newbuild_total,newbuild_flats,0.8101725141742208
newbuilds_lag3_per_1000,newbuilds_prev3yr_per_1000,0.8089135859939757
owner_share_2011,social_rent_z,-0.8086641846548273
owner_share_2011,social_rent_share_2011,-0.8086641846548208
owner_share_2011,social_rent_z_eda,-0.8086641846548097
newbuilds_lag1,newbuilds_prev3yr_per_1000,0.8056106429071729
imd2015_income_rate_msoa,social_rent_z,0.805197921111801
imd2015_income_rate_msoa,social_rent_share_2011,0.8051979211117767
imd2015_income_rate_msoa,social_rent_z_eda,0.8051979211117762
social_rented_2011,owner_share_2011,-0.8034302924258621
population_density_2011,density_quartile,0.8029165784012535
newbuilds_prev3yr,nb_lag1,0.8014465674617303
newbuilds_lag1_per_1000,newbuilds_prev3yr,0.7989893747859937
median_price,baseline_income_upper_ci,0.7939957533181506
median_price,baseline_income_bhc_2011_12,0.7934382650026501
median_price,income_moderator_value,0.7934382650026501
median_price,income_z,0.7934382650026397
median_price,baseline_income_lower_ci,0.7920277835032822
newbuilds_lag3,newbuilds_prev3yr_per_1000,0.7877327181857183
mean_log_ppsqm,income_z_eda,0.7852201751903823
mean_log_ppsqm,log_baseline_income,0.7852201751903776
log_median_ppsqm,log_baseline_income,0.7823833110693291
log_median_ppsqm,income_z_eda,0.782383311069323
newbuilds_lag3_per_1000,newbuilds_prev3yr,0.7817023913206746
degree_share_quartile,income_z_eda,0.7760018612499788
log_baseline_income,degree_share_quartile,0.7760018612499665
median_price,income_z_eda,0.7755727285113756
median_price,log_baseline_income,0.7755727285113602
income_quartile,degree_share_quartile,0.7743218859968585
mean_log_ppsqm,baseline_income_upper_ci,0.7740975552544893
mean_log_ppsqm,baseline_income_bhc_2011_12,0.7738599369258321
mean_log_ppsqm,income_moderator_value,0.7738599369258321
mean_log_ppsqm,income_z,0.7738599369258311
mean_log_ppsqm,baseline_income_lower_ci,0.773051320256473
log_median_ppsqm,baseline_income_upper_ci,0.7712538846306697
log_median_ppsqm,income_moderator_value,0.7709289269278127
log_median_ppsqm,baseline_income_bhc_2011_12,0.7709289269278127
log_median_ppsqm,income_z,0.770928926927789
log_median_ppsqm,baseline_income_lower_ci,0.7700541477717981
income_quartile,degree_share_z,0.7685148781966664
income_quartile,degree_share_2011,0.768514878196652
income_quartile,degree_z_eda,0.7685148781966424
imd2015_overall_score_pw,social_rent_z,0.7657714831248394
imd2015_overall_score_pw,social_rent_share_2011,0.7657714831248357
imd2015_overall_score_pw,social_rent_z_eda,0.7657714831248271
population_density_2011,density_z,0.764355833923027
population_density_2011,density_z_eda,0.7643558339230235
population_density_2011,log_population_density_2011,0.7643558339230208
imd_ex_housing_living,social_rent_z,0.7641630931533557
imd_ex_housing_living,social_rent_z_eda,0.7641630931533486
imd_ex_housing_living,social_rent_share_2011,0.7641630931533371
p25_ppsqm,baseline_income_upper_ci,0.762465860692153
mean_ppsqm,baseline_income_upper_ci,0.7621514311472152
p25_ppsqm,income_z,0.7601693714594674
p25_ppsqm,income_moderator_value,0.7601693714594635
p25_ppsqm,baseline_income_bhc_2011_12,0.7601693714594635
mean_ppsqm,income_moderator_value,0.7597151980489479
mean_ppsqm,baseline_income_bhc_2011_12,0.7597151980489479
mean_ppsqm,income_z,0.7597151980489422
imd2015_income_rate_msoa,social_rented_2011,0.7583713669137758
imd_ex_housing_bottom20_popshare,deprivation_quartile,0.7582445443406274
imd2015_overall_bottom20_popshare_legacy,deprivation_quartile,0.7582188831958032
median_ppsqm,baseline_income_upper_ci,0.7573756170591063
p25_ppsqm,baseline_income_lower_ci,0.7573537952653733
mean_ppsqm,baseline_income_lower_ci,0.7567421986477839
baseline_income_upper_ci,degree_share_quartile,0.7564723659165379
median_ppsqm,baseline_income_bhc_2011_12,0.7548157942573825
median_ppsqm,income_moderator_value,0.7548157942573825
median_ppsqm,income_z,0.7548157942573732
income_moderator_value,degree_share_quartile,0.7538515208831259
baseline_income_bhc_2011_12,degree_share_quartile,0.7538515208831259
income_z,degree_share_quartile,0.7538515208831258
p75_ppsqm,baseline_income_upper_ci,0.752042660286667
owner_occupied_2011,owner_share_2011,0.751804277819129
median_ppsqm,baseline_income_lower_ci,0.7517501119126705
baseline_income_lower_ci,degree_share_quartile,0.7509469173016985
deprivation_z,social_rent_z,0.7496484333359054
social_rent_z,deprivation_z_eda,0.7496484333359048
deprivation_z_eda,social_rent_z_eda,0.7496484333359039
deprivation_moderator_value,social_rent_z,0.7496484333359003
imd_ex_housing,social_rent_z,0.7496484333359003
deprivation_z,social_rent_z_eda,0.7496484333358984
social_rent_share_2011,deprivation_z_eda,0.7496484333358946
deprivation_moderator_value,social_rent_z_eda,0.7496484333358929
imd_ex_housing,social_rent_z_eda,0.7496484333358929
deprivation_z,social_rent_share_2011,0.7496484333358925
deprivation_moderator_value,social_rent_share_2011,0.7496484333358869
imd_ex_housing,social_rent_share_2011,0.7496484333358869
p75_ppsqm,income_moderator_value,0.7493489683776945
p75_ppsqm,baseline_income_bhc_2011_12,0.7493489683776945
p75_ppsqm,income_z,0.7493489683776929
imd2015_overall_score_pw,owner_share_2011,-0.7477550363798598
social_rent_z,unemployment_z_eda,0.7472886446117133
social_rent_z,unemployment_rate_2011,0.747288644611709
social_rent_z,unemployment_z,0.747288644611706
unemployment_z,social_rent_z_eda,0.7472886446117056
social_rent_share_2011,unemployment_rate_2011,0.7472886446117019
unemployment_rate_2011,social_rent_z_eda,0.7472886446117012
social_rent_share_2011,unemployment_z_eda,0.7472886446116973
social_rent_z_eda,unemployment_z_eda,0.7472886446116922
social_rent_share_2011,unemployment_z,0.7472886446116882
p75_ppsqm,baseline_income_lower_ci,0.7461367991129608
owner_share_2011,social_rent_quartile,-0.7438656065003281
detached_sale_share,density_z_eda,-0.7434469341711648
detached_sale_share,density_z,-0.7434469341711619
detached_sale_share,log_population_density_2011,-0.7434469341711585
p25_ppsqm,income_z_eda,0.7419055823711024
p25_ppsqm,log_baseline_income,0.7419055823710754
mean_ppsqm,income_z_eda,0.7414397640590548
mean_ppsqm,log_baseline_income,0.741439764059024
newbuild_flats,newbuilds_per_1000,0.7402606154932793
mean_log_ppsqm,income_quartile,0.7374723887539153
median_ppsqm,income_z_eda,0.7358764748988685
median_ppsqm,log_baseline_income,0.7358764748988613
log_baseline_income,imd_ex_housing_living,-0.7341835353699571
imd_ex_housing_living,income_z_eda,-0.73418353536992
log_median_ppsqm,income_quartile,0.7326088225868871
imd2015_overall_bottom20_popshare_legacy,social_rent_z,0.7315026019257039
imd2015_overall_bottom20_popshare_legacy,social_rent_z_eda,0.731502601925702
imd2015_overall_bottom20_popshare_legacy,social_rent_share_2011,0.7315026019256906
p75_ppsqm,income_z_eda,0.7300682329985868
p75_ppsqm,log_baseline_income,0.7300682329985851
imd2015_income_rate_msoa,owner_share_2011,-0.7298420993555849
imd2015_overall_bottom20_popshare_legacy,unemployment_quartile,0.7276872509477283
imd2015_overall_score_pw,social_rented_2011,0.7269706219110156
imd_ex_housing_living,social_rented_2011,0.7214908662726572
log_baseline_income,imd_ex_income_housing,-0.7205458082077831
imd_ex_income_housing,income_z_eda,-0.7205458082077643
deprivation_z,owner_share_2011,-0.7202276179872639
imd_ex_housing,owner_share_2011,-0.7202276179872504
deprivation_moderator_value,owner_share_2011,-0.7202276179872504
owner_share_2011,deprivation_z_eda,-0.7202276179872433
imd2015_income_rate_msoa,social_rent_quartile,0.7201278277707199
area_km2,log_population_density_2011,-0.7197018503134157
area_km2,density_z,-0.7197018503134108
area_km2,density_z_eda,-0.7197018503134102
imd_ex_housing_bottom20_popshare,unemployment_quartile,0.7196112481996025
imd_ex_income_housing,social_rent_z,0.7183210023185882
imd_ex_income_housing,social_rent_share_2011,0.7183210023185702
imd_ex_income_housing,social_rent_z_eda,0.7183210023185687
detached_sale_share,density_quartile,-0.7180495804133475
log_baseline_income,deprivation_z,-0.7158575059511733
log_baseline_income,deprivation_z_eda,-0.7158575059511662
log_baseline_income,imd_ex_housing,-0.7158575059511614
log_baseline_income,deprivation_moderator_value,-0.7158575059511614
deprivation_z,income_z_eda,-0.7158575059511518
income_z_eda,deprivation_z_eda,-0.7158575059511361
imd_ex_housing,income_z_eda,-0.7158575059511326
deprivation_moderator_value,income_z_eda,-0.7158575059511326
income_quartile,imd_ex_housing_living,-0.7132872370888199
deprivation_z,social_rented_2011,0.7128469659749456
social_rented_2011,deprivation_z_eda,0.7128469659749423
deprivation_moderator_value,social_rented_2011,0.7128469659749312
imd_ex_housing,social_rented_2011,0.7128469659749312
income_quartile,imd_ex_income_housing,-0.7100488386245488
imd_ex_income_housing,owner_share_2011,-0.7086628731194377
median_price,degree_z_eda,0.7059402822287317
median_price,degree_share_2011,0.7059402822287238
median_price,degree_share_z,0.7059402822287227
imd_ex_housing_bottom20_popshare,social_rent_z,0.705404397741549
imd_ex_housing_bottom20_popshare,social_rent_share_2011,0.7054043977415422
imd_ex_housing_bottom20_popshare,social_rent_z_eda,0.7054043977415341
owner_share_2011,unemployment_z,-0.7043412565516953
owner_share_2011,unemployment_rate_2011,-0.7043412565516873
owner_share_2011,unemployment_z_eda,-0.7043412565516821
deprivation_quartile,social_rent_quartile,0.7030426867254022
income_quartile,deprivation_moderator_value,-0.6995542942068478
income_quartile,imd_ex_housing,-0.6995542942068478
income_quartile,deprivation_z_eda,-0.6995542942068468
income_quartile,deprivation_z,-0.6995542942068458
social_rented_2011,unemployment_rate_2011,0.6993327441690338
social_rented_2011,unemployment_z_eda,0.6993327441690249
social_rented_2011,unemployment_z,0.6993327441690245
deprivation_quartile,social_rent_z,0.6988716289870776
deprivation_quartile,social_rent_z_eda,0.6988716289870663
deprivation_quartile,social_rent_share_2011,0.6988716289870482
deprivation_quartile,owner_share_2011,-0.6980015341225982
median_price,income_quartile,0.6972699720447454
log_baseline_income,imd2015_overall_score_pw,-0.6957796198513877
imd2015_overall_score_pw,income_z_eda,-0.6957796198513615
social_rent_z,unemployment_quartile,0.6953284825575756
unemployment_quartile,social_rent_z_eda,0.6953284825575744
social_rent_share_2011,unemployment_quartile,0.6953284825575622
income_quartile,deprivation_quartile,-0.6950311403610134
social_rent_quartile,unemployment_quartile,0.692615816695503
imd_ex_housing_living,social_rent_quartile,0.6896213431446515
imd2015_overall_bottom20_popshare_legacy,social_rented_2011,0.688680441594586
imd_ex_housing_living,owner_share_2011,-0.6863013980959456
imd_ex_income_housing,social_rented_2011,0.6862536034423624
imd2015_overall_score_pw,social_rent_quartile,0.6861929627092506
log_baseline_income,imd2015_income_rate_msoa,-0.6831888688202294
imd2015_income_rate_msoa,income_z_eda,-0.6831888688201889
owner_share_2011,unemployment_quartile,-0.6805934863607555
mean_ppsqm,degree_share_z,0.6802971455715937
mean_ppsqm,degree_z_eda,0.6802971455715751
mean_ppsqm,degree_share_2011,0.6802971455715537
baseline_income_lower_ci,imd_ex_housing_living,-0.6799334805328666
owner_occupied_2011,log_sale_count,0.6784871700985309
social_rent_quartile,deprivation_z_eda,0.6780791392287133
deprivation_z,social_rent_quartile,0.6780791392287131
imd_ex_housing,social_rent_quartile,0.6780791392287064
deprivation_moderator_value,social_rent_quartile,0.6780791392287064
p75_ppsqm,degree_share_z,0.6774453137156886
p75_ppsqm,degree_z_eda,0.6774453137156753
p75_ppsqm,degree_share_2011,0.6774453137156657
mean_log_ppsqm,degree_share_z,0.6768531709135928
mean_log_ppsqm,degree_z_eda,0.6768531709135818
mean_log_ppsqm,degree_share_2011,0.676853170913564
log_median_ppsqm,degree_share_z,0.6768327338602528
log_median_ppsqm,degree_z_eda,0.676832733860252
log_median_ppsqm,degree_share_2011,0.6768327338602492
median_ppsqm,degree_share_z,0.6767670159463182
median_ppsqm,degree_share_2011,0.6767670159463072
median_ppsqm,degree_z_eda,0.676767015946305
income_z,imd_ex_housing_living,-0.6764540667327948
income_moderator_value,imd_ex_housing_living,-0.6764540667327861
baseline_income_bhc_2011_12,imd_ex_housing_living,-0.6764540667327861
income_quartile,imd2015_overall_score_pw,-0.6738075977064217
p25_ppsqm,degree_share_2011,0.6731317921885616
p25_ppsqm,degree_share_z,0.6731317921885552
p25_ppsqm,degree_z_eda,0.6731317921885431
baseline_income_upper_ci,imd_ex_housing_living,-0.6724298766031575
deprivation_quartile,social_rented_2011,0.6709826041912743
log_baseline_income,deprivation_quartile,-0.6686521672457141
deprivation_quartile,income_z_eda,-0.6686521672456912
imd_ex_housing_bottom20_popshare,social_rented_2011,0.6645696765904908
baseline_income_lower_ci,imd_ex_income_housing,-0.6643784439670484
imd2015_overall_bottom20_popshare_legacy,owner_share_2011,-0.6633882858580298
newbuild_houses,newbuilds_per_1000,0.6632738832024703
imd_ex_housing_living,degree_share_quartile,-0.6631929836797777
sale_count,owner_occupied_2011,0.6627475958785128
social_rented_2011,unemployment_quartile,0.6627281047139316
p25_ppsqm,income_quartile,0.662297911665761
mean_ppsqm,income_quartile,0.6603408971397342
baseline_income_lower_ci,deprivation_z,-0.6598117620682019
baseline_income_lower_ci,imd_ex_housing,-0.659811762068198
baseline_income_lower_ci,deprivation_moderator_value,-0.659811762068198
baseline_income_lower_ci,deprivation_z_eda,-0.6598117620681919
income_z,imd_ex_income_housing,-0.6595712963645157
baseline_income_bhc_2011_12,imd_ex_income_housing,-0.6595712963645037
income_moderator_value,imd_ex_income_housing,-0.6595712963645037
imd_ex_income_housing,social_rent_quartile,0.6571433426288049
income_quartile,imd2015_income_rate_msoa,-0.6560757043648222
income_z,deprivation_z_eda,-0.6553488498282051
income_z,imd_ex_housing,-0.6553488498281952
income_z,deprivation_moderator_value,-0.6553488498281952
income_moderator_value,deprivation_z,-0.6553488498281936
baseline_income_bhc_2011_12,deprivation_z,-0.6553488498281936
income_moderator_value,deprivation_z_eda,-0.6553488498281924
baseline_income_bhc_2011_12,deprivation_z_eda,-0.6553488498281924
income_z,deprivation_z,-0.6553488498281905
baseline_income_bhc_2011_12,imd_ex_housing,-0.6553488498281836
income_moderator_value,deprivation_moderator_value,-0.6553488498281836
income_moderator_value,imd_ex_housing,-0.6553488498281836
baseline_income_bhc_2011_12,deprivation_moderator_value,-0.6553488498281836
baseline_income_upper_ci,imd_ex_income_housing,-0.6540554709119695
detached_sale_share,owner_share_2011,0.6538047721647218
median_ppsqm,income_quartile,0.6532337515371529
social_rent_quartile,unemployment_z_eda,0.651201676111776
social_rent_quartile,unemployment_rate_2011,0.6512016761117727
social_rent_quartile,unemployment_z,0.6512016761117708
baseline_income_upper_ci,deprivation_z_eda,-0.6502575661304242
baseline_income_upper_ci,deprivation_z,-0.6502575661304094
baseline_income_upper_ci,imd_ex_housing,-0.6502575661304082
baseline_income_upper_ci,deprivation_moderator_value,-0.6502575661304082
log_baseline_income,unemployment_z,-0.6496273221750715
log_baseline_income,unemployment_z_eda,-0.6496273221750627
log_baseline_income,unemployment_rate_2011,-0.6496273221750594
income_z_eda,unemployment_z_eda,-0.6496273221750427
unemployment_rate_2011,income_z_eda,-0.6496273221750314
unemployment_z,income_z_eda,-0.6496273221750294
owner_occupied_2011,social_rent_z_eda,-0.6494005059690747
owner_occupied_2011,social_rent_z,-0.6494005059690721
owner_occupied_2011,social_rent_share_2011,-0.649400505969058
p75_ppsqm,flat_sale_share,0.6473392612288965
p75_ppsqm,income_quartile,0.6461942251361676
log_baseline_income,imd_ex_housing_bottom20_popshare,-0.64258955841832
imd_ex_housing_bottom20_popshare,income_z_eda,-0.6425895584182796
median_ppsqm,flat_sale_share,0.6419974869308027
baseline_income_lower_ci,imd2015_overall_score_pw,-0.6416299140752919
flat_sale_share,private_rented_2011,0.6398421452899765
income_moderator_value,imd2015_overall_score_pw,-0.6366419175214288
baseline_income_bhc_2011_12,imd2015_overall_score_pw,-0.6366419175214288
income_z,imd2015_overall_score_pw,-0.6366419175214272
mean_ppsqm,flat_sale_share,0.6353237711600193
imd_ex_housing_living,degree_share_z,-0.63373861951688
imd_ex_housing_living,degree_z_eda,-0.6337386195168725
imd_ex_housing_living,degree_share_2011,-0.6337386195168635
baseline_income_lower_ci,imd2015_income_rate_msoa,-0.6314681367382778
imd_ex_income_housing,degree_share_quartile,-0.6314323162464264
median_floor_area,detached_sale_share,0.6311690593890881
baseline_income_lower_ci,deprivation_quartile,-0.6311031876823074
baseline_income_upper_ci,imd2015_overall_score_pw,-0.6309518464117084
imd_ex_housing_bottom20_popshare,owner_share_2011,-0.6291223568343333
detached_sale_share,unemployment_quartile,-0.6289588635892283
income_z,imd2015_income_rate_msoa,-0.6283617655623206
baseline_income_bhc_2011_12,imd2015_income_rate_msoa,-0.6283617655623135
income_moderator_value,imd2015_income_rate_msoa,-0.6283617655623135
newbuild_total,newbuild_houses,0.6279931045897764
income_z,deprivation_quartile,-0.6279802636819978
baseline_income_bhc_2011_12,deprivation_quartile,-0.6279802636819889
income_moderator_value,deprivation_quartile,-0.6279802636819889
flat_sale_share,private_rent_share_2011,0.6279613682131611
degree_share_quartile,deprivation_z_eda,-0.6279002142306644
imd_ex_housing,degree_share_quartile,-0.6279002142306574
deprivation_moderator_value,degree_share_quartile,-0.6279002142306574
deprivation_z,degree_share_quartile,-0.6279002142306561
p25_ppsqm,flat_sale_share,0.6269100353394057
baseline_income_upper_ci,imd2015_income_rate_msoa,-0.6248749968414784
deprivation_quartile,degree_share_quartile,-0.624046405164953
baseline_income_upper_ci,deprivation_quartile,-0.6239889571553698
flat_sale_share,population_density_2011,0.6234487380573339
detached_sale_share,population_density_2011,-0.6193672538690894
owner_share_2011,private_rent_share_2011,-0.6191046576751464
owner_share_2011,population_density_2011,-0.6183832519002145
income_quartile,imd_ex_housing_bottom20_popshare,-0.618079258751854
mean_log_ppsqm,degree_share_quartile,0.6174820864529178
newbuilds_lag1,newbuilds_lag2,0.6170351288722181
log_median_ppsqm,degree_share_quartile,0.6161758813959286
income_quartile,unemployment_quartile,-0.6152101407924464
log_baseline_income,imd2015_overall_bottom20_popshare_legacy,-0.6146910660522283
imd2015_overall_bottom20_popshare_legacy,income_z_eda,-0.614691066052197
newbuilds_lag2_per_1000,nb_lag1,0.6133766743697493
median_price,degree_share_quartile,0.6127956570304015
imd2015_overall_bottom20_popshare_legacy,social_rent_quartile,0.6113040383465217
newbuild_total,newbuilds_lag1,0.6102939176582121
income_quartile,unemployment_z,-0.6094343166499866
income_quartile,unemployment_z_eda,-0.6094343166499783
income_quartile,unemployment_rate_2011,-0.6094343166499777
nb_lead1,nb_lead2,0.6079767656738678
nb_lead2,nb_lead3,0.6078132444545732
newbuilds_lag1_per_1000,newbuilds_lag2_per_1000,0.6076195980441321
newbuilds_lag2,newbuilds_lag3,0.6075950826449859
imd2015_income_rate_msoa,degree_share_quartile,-0.6054952489898145
log_baseline_income,unemployment_quartile,-0.6042621403134666
unemployment_quartile,income_z_eda,-0.6042621403134332
newbuilds_per_1000,nb_lead1,0.6037554843011677
newbuilds_per_1000,nb_lag1,0.6037554843011675
newbuilds_per_1000,newbuilds_lag1_per_1000,0.6030053605924185
imd2015_overall_score_pw,degree_share_quartile,-0.5985719354049072
newbuilds_lag2_per_1000,newbuilds_lag3_per_1000,0.5961663539294167
detached_sale_share,deprivation_quartile,-0.5948159368909772
imd2015_overall_score_pw,owner_occupied_2011,-0.594727566654814
imd_ex_housing_bottom20_popshare,social_rent_quartile,0.5945574103339399
newbuilds_lag2,nb_lag1,0.5940617760211825
baseline_income_lower_ci,unemployment_rate_2011,-0.5927395901883477
baseline_income_lower_ci,unemployment_z_eda,-0.592739590188343
baseline_income_lower_ci,unemployment_z,-0.592739590188341
private_rented_2011,owner_share_2011,-0.5925896741636412
deprivation_z,degree_share_z,-0.5903615568674636
deprivation_z,degree_share_2011,-0.590361556867461
deprivation_moderator_value,degree_share_z,-0.5903615568674574
imd_ex_housing,degree_share_z,-0.5903615568674574
degree_share_z,deprivation_z_eda,-0.5903615568674547
deprivation_z_eda,degree_z_eda,-0.5903615568674535
imd_ex_housing,degree_share_2011,-0.5903615568674487
deprivation_moderator_value,degree_share_2011,-0.5903615568674487
imd_ex_housing,degree_z_eda,-0.5903615568674484
deprivation_z,degree_z_eda,-0.5903615568674484
deprivation_moderator_value,degree_z_eda,-0.5903615568674484
degree_share_2011,deprivation_z_eda,-0.5903615568674441
newbuilds_lag1,newbuilds_lag2_per_1000,0.5902130081046904
imd_ex_income_housing,degree_share_z,-0.5892099358133959
imd_ex_income_housing,degree_share_2011,-0.5892099358133931
imd_ex_income_housing,degree_z_eda,-0.5892099358133855
newbuilds_lag1_per_1000,newbuilds_lag2,0.5888032078106188
newbuild_total,newbuilds_prev3yr,0.5882580507400449
income_z,unemployment_z_eda,-0.5879049069556951
income_moderator_value,unemployment_z_eda,-0.5879049069556926
baseline_income_bhc_2011_12,unemployment_z_eda,-0.5879049069556926
income_z,unemployment_rate_2011,-0.5879049069556906
income_z,unemployment_z,-0.5879049069556864
income_moderator_value,unemployment_rate_2011,-0.5879049069556818
baseline_income_bhc_2011_12,unemployment_rate_2011,-0.5879049069556818
income_moderator_value,unemployment_z,-0.5879049069556777
baseline_income_bhc_2011_12,unemployment_z,-0.5879049069556777
income_quartile,imd2015_overall_bottom20_popshare_legacy,-0.585492811892485
newbuild_total,newbuilds_lag1_per_1000,0.5840538508545344
newbuild_total,nb_lag1,0.5839925098950253
newbuild_total,nb_lead1,0.5839225580587355
newbuilds_per_1000,newbuilds_lag1,0.5833833838331379
baseline_income_lower_ci,imd_ex_housing_bottom20_popshare,-0.5830313943931102
baseline_income_upper_ci,unemployment_rate_2011,-0.5825846565641692
baseline_income_upper_ci,unemployment_z,-0.5825846565641688
baseline_income_upper_ci,unemployment_z_eda,-0.5825846565641624
newbuilds_lag2_per_1000,newbuilds_lag3,0.5802693151856168
imd2015_income_rate_msoa,degree_share_z,-0.580244274810006
imd2015_income_rate_msoa,degree_share_2011,-0.5802442748100052
imd2015_income_rate_msoa,degree_z_eda,-0.5802442748099986
newbuilds_lag2,newbuilds_lag3_per_1000,0.5793332859550275
imd2015_income_rate_msoa,owner_occupied_2011,-0.5790315639776974
owner_occupied_2011,social_rent_quartile,-0.5788495795707627
income_z,imd_ex_housing_bottom20_popshare,-0.5788436323658058
baseline_income_bhc_2011_12,imd_ex_housing_bottom20_popshare,-0.5788436323657928
income_moderator_value,imd_ex_housing_bottom20_popshare,-0.5788436323657928
flat_sale_share,owner_share_2011,-0.5751546243768058
baseline_income_upper_ci,imd_ex_housing_bottom20_popshare,-0.5737719687987003
degree_share_quartile,unemployment_quartile,-0.5734441425955116
owner_occupied_2011,unemployment_z,-0.572147475274802
owner_occupied_2011,unemployment_rate_2011,-0.5721474752747996
owner_occupied_2011,unemployment_z_eda,-0.5721474752747979
newbuilds_per_1000,newbuilds_prev3yr_per_1000,0.5712331044225211
mean_ppsqm,degree_share_quartile,0.5700544274056399
baseline_income_lower_ci,unemployment_quartile,-0.5692431009974418
income_z,unemployment_quartile,-0.5671071343086179
baseline_income_bhc_2011_12,unemployment_quartile,-0.5671071343086047
income_moderator_value,unemployment_quartile,-0.5671071343086047
imd2015_overall_score_pw,degree_share_z,-0.5659831611708114
imd2015_overall_score_pw,degree_z_eda,-0.565983161170804
imd2015_overall_score_pw,degree_share_2011,-0.5659831611708034
detached_sale_share,imd2015_income_rate_msoa,-0.5655607328909443
imd_ex_housing,owner_occupied_2011,-0.5650716347406392
deprivation_moderator_value,owner_occupied_2011,-0.5650716347406392
deprivation_z,owner_occupied_2011,-0.5650716347406362
owner_occupied_2011,deprivation_z_eda,-0.5650716347406354
p75_ppsqm,degree_share_quartile,0.5650699533935459
deprivation_quartile,degree_share_z,-0.5649746657043889
deprivation_quartile,degree_z_eda,-0.5649746657043803
deprivation_quartile,degree_share_2011,-0.5649746657043774
baseline_income_upper_ci,unemployment_quartile,-0.564524712269884
median_ppsqm,degree_share_quartile,0.5641799604947468
detached_sale_share,unemployment_rate_2011,-0.5627355129225599
detached_sale_share,unemployment_z_eda,-0.5627355129225589
detached_sale_share,unemployment_z,-0.5627355129225547
p25_ppsqm,degree_share_quartile,0.5622139195194267
detached_sale_share,deprivation_z_eda,-0.5605441775492805
detached_sale_share,deprivation_z,-0.5605441775492772
detached_sale_share,deprivation_moderator_value,-0.560544177549275
detached_sale_share,imd_ex_housing,-0.560544177549275
private_rent_share_2011,population_density_2011,0.5599271492927098
semidetached_sale_share,flat_sale_share,-0.559874259744689
log_median_ppsqm,flat_sale_share,0.5595280919769953
newbuild_total,newbuilds_prev3yr_per_1000,0.5589058403252666
baseline_income_lower_ci,imd2015_overall_bottom20_popshare_legacy,-0.5581944768052862
detached_sale_share,imd_ex_income_housing,-0.5558829193559073
detached_sale_share,terraced_sale_share,-0.5555385759294791
degree_share_quartile,unemployment_z,-0.5547973315374579
degree_share_quartile,unemployment_rate_2011,-0.5547973315374578
degree_share_quartile,unemployment_z_eda,-0.5547973315374559
income_z,imd2015_overall_bottom20_popshare_legacy,-0.5536117321143696
baseline_income_bhc_2011_12,imd2015_overall_bottom20_popshare_legacy,-0.5536117321143676
income_moderator_value,imd2015_overall_bottom20_popshare_legacy,-0.5536117321143676
newbuilds_per_1000,newbuilds_prev3yr,0.5534659025546885
mean_log_ppsqm,flat_sale_share,0.5531130092513081
leasehold_sale_share,population_density_2011,0.5529910156950151
imd_ex_income_housing,owner_occupied_2011,-0.5524115793901748
baseline_income_upper_ci,imd2015_overall_bottom20_popshare_legacy,-0.5481460378858514
owner_share_2011,density_quartile,-0.5480919768860493
semidetached_sale_share,private_rent_share_2011,-0.5474919572716292
detached_sale_share,imd2015_overall_score_pw,-0.5465990701023624
log_population_density_2011,unemployment_quartile,0.5452012743422675
density_z,unemployment_quartile,0.5452012743422643
unemployment_quartile,density_z_eda,0.5452012743422632
leasehold_sale_share,private_rented_2011,0.5432543830502309
imd2015_overall_bottom20_popshare_legacy,owner_occupied_2011,-0.5419179766225681
imd_ex_housing_bottom20_popshare,degree_share_quartile,-0.5414099329577153
imd_ex_housing_living,owner_occupied_2011,-0.5405375792204801
detached_sale_share,imd_ex_housing_living,-0.5395107536100725
median_floor_area,log_population_density_2011,-0.5365351485761511
median_floor_area,density_z_eda,-0.5365351485761497
median_floor_area,density_z,-0.5365351485761455
degree_share_z,unemployment_quartile,-0.5330211934475679
degree_share_2011,unemployment_quartile,-0.5330211934475652
unemployment_quartile,degree_z_eda,-0.5330211934475606
degree_z_eda,unemployment_z_eda,-0.532345817086979
degree_share_2011,unemployment_z,-0.532345817086977
degree_share_z,unemployment_z_eda,-0.5323458170869753
degree_share_2011,unemployment_z_eda,-0.5323458170869748
degree_share_z,unemployment_z,-0.5323458170869746
unemployment_z,degree_z_eda,-0.5323458170869697
degree_share_z,unemployment_rate_2011,-0.532345817086968
degree_share_2011,unemployment_rate_2011,-0.5323458170869659
unemployment_rate_2011,degree_z_eda,-0.5323458170869648
deprivation_quartile,owner_occupied_2011,-0.5302684151789634
baseline_households_2011,sale_count,0.5298648108281774
leasehold_sale_share,private_rent_share_2011,0.5297839766024934
owner_occupied_2011,unemployment_quartile,-0.5254155978741872
density_quartile,unemployment_quartile,0.5209566541525127
semidetached_sale_share,private_rented_2011,-0.52022127244973
private_rented_2011,population_density_2011,0.5200089821167486
imd_ex_housing_bottom20_popshare,degree_share_z,-0.5194260631233799
imd_ex_housing_bottom20_popshare,degree_share_2011,-0.5194260631233653
imd_ex_housing_bottom20_popshare,degree_z_eda,-0.519426063123358
median_floor_area,deprivation_quartile,-0.5179409087860718
baseline_households_2011,private_rented_2011,0.5175973476232668
leasehold_sale_share,owner_share_2011,-0.5147967406477714
median_floor_area,unemployment_quartile,-0.5133382381761716
median_floor_area,owner_share_2011,0.5109858782655761
imd_ex_housing_bottom20_popshare,owner_occupied_2011,-0.5104276105214605
owner_occupied_2011,social_rented_2011,-0.5101148680568992
owner_share_2011,density_z_eda,-0.50996662863866
owner_share_2011,density_z,-0.5099666286386575
owner_share_2011,log_population_density_2011,-0.5099666286386556
imd2015_overall_bottom20_popshare_legacy,degree_share_quartile,-0.5087349030343786
terraced_sale_share,imd_ex_income_housing,0.5061950482063404
terraced_sale_share,deprivation_z,0.5053006213163559
terraced_sale_share,imd_ex_housing,0.5053006213163523
terraced_sale_share,deprivation_moderator_value,0.5053006213163523
terraced_sale_share,deprivation_z_eda,0.5053006213163485
detached_sale_share,social_rent_quartile,-0.5036974473156667
mean_log_ppsqm,imd_ex_housing_living,-0.5029845499622787
detached_sale_share,social_rent_z,-0.5021271514348273
detached_sale_share,social_rent_z_eda,-0.502127151434818
detached_sale_share,social_rent_share_2011,-0.5021271514348101
log_sale_count,unemployment_z_eda,-0.500583693663165
unemployment_rate_2011,log_sale_count,-0.5005836936631634
unemployment_z,log_sale_count,-0.5005836936631549
log_median_ppsqm,imd_ex_housing_living,-0.49967728236467773
mean_log_ppsqm,imd_ex_income_housing,-0.4992936111790779
terraced_sale_share,unemployment_rate_2011,0.4966514808805836
terraced_sale_share,unemployment_z,0.49665148088058014
terraced_sale_share,unemployment_z_eda,0.4966514808805652
log_median_ppsqm,imd_ex_income_housing,-0.4959972176922258
detached_sale_share,social_rented_2011,-0.49599492619118724
newbuild_houses,nb_lead1,0.4957346447369199
terraced_sale_share,imd2015_overall_score_pw,0.4938066751466031
terraced_sale_share,imd_ex_housing_living,0.4928653669843115
social_rent_z,log_sale_count,-0.4915084209267673
social_rent_share_2011,log_sale_count,-0.4915084209267625
log_sale_count,social_rent_z_eda,-0.4915084209267588
terraced_sale_share,imd2015_income_rate_msoa,0.4912286300237615
imd2015_overall_bottom20_popshare_legacy,degree_share_z,-0.48958239767215994
imd2015_overall_bottom20_popshare_legacy,degree_share_2011,-0.48958239767215744
imd2015_overall_bottom20_popshare_legacy,degree_z_eda,-0.4895823976721495
newbuild_houses,nb_lag1,0.4858629449650792
detached_sale_share,owner_occupied_2011,0.4836024682702026
newbuilds_lag1,newbuilds_lag3,0.483227057124833
newbuild_houses,newbuilds_lag1_per_1000,0.48070881740894134
owner_occupied_2011,population_density_2011,-0.47976695882045706
mean_log_ppsqm,imd_ex_housing,-0.47881991567781673
mean_log_ppsqm,deprivation_moderator_value,-0.47881991567781673
mean_log_ppsqm,deprivation_z_eda,-0.4788199156778149
mean_log_ppsqm,deprivation_z,-0.4788199156778075
area_km2,density_quartile,-0.47640980742983435
log_median_ppsqm,deprivation_z,-0.4753966107473604
log_median_ppsqm,imd_ex_housing,-0.4753966107473584
log_median_ppsqm,deprivation_moderator_value,-0.4753966107473584
log_median_ppsqm,deprivation_z_eda,-0.4753966107473566
flat_sale_share,degree_share_z,0.47521075529905615
flat_sale_share,degree_share_2011,0.4752107552990546
flat_sale_share,degree_z_eda,0.47521075529905155
detached_sale_share,leasehold_sale_share,-0.47463597246395794
newbuild_total,newbuilds_lag2,0.47321440206991755
median_price,imd_ex_housing_living,-0.4692090851441616
newbuilds_lag3_per_1000,nb_lag1,0.46879829827436637
baseline_households_2011,owner_occupied_2011,0.4687606664773472
imd2015_income_rate_msoa,log_sale_count,-0.46852922068292124
imd2015_overall_score_pw,log_sale_count,-0.46806151063227314
log_population_density_2011,unemployment_rate_2011,0.4671591186951885
unemployment_rate_2011,density_z_eda,0.4671591186951822
log_population_density_2011,unemployment_z,0.46715911869518206
log_population_density_2011,unemployment_z_eda,0.46715911869518195
density_z,unemployment_rate_2011,0.4671591186951812
unemployment_z,density_z_eda,0.4671591186951754
density_z,unemployment_z_eda,0.46715911869517535
density_z,unemployment_z,0.4671591186951738
density_z_eda,unemployment_z_eda,0.46715911869517307
terraced_sale_share,deprivation_quartile,0.46628726565029227
density_quartile,unemployment_rate_2011,0.4661304134492804
density_quartile,unemployment_z,0.46613041344927436
density_quartile,unemployment_z_eda,0.4661304134492679
private_rent_share_2011,density_quartile,0.4656257425235436
median_floor_area,imd2015_income_rate_msoa,-0.4649011633566338
newbuilds_lag3,nb_lag1,0.46159908773380853
leasehold_sale_share,log_population_density_2011,0.4614423751165224
leasehold_sale_share,density_z_eda,0.46144237511651576
leasehold_sale_share,density_z,0.46144237511651237
detached_sale_share,area_km2,0.46119988522577365
median_price,imd_ex_income_housing,-0.46080136227093726
deprivation_quartile,log_population_density_2011,0.4605282600205953
deprivation_quartile,density_z_eda,0.4605282600205899
deprivation_quartile,density_z,0.46052826002058894
nb_lead1,nb_lead3,0.4604115961931751
p75_ppsqm,leasehold_sale_share,0.4603392546583305
flat_sale_share,density_quartile,0.4601860796424846
detached_sale_share,private_rent_share_2011,-0.46015634190341054
newbuilds_prev3yr_per_1000,nb_lead1,0.45932640011670167
detached_sale_share,imd2015_overall_bottom20_popshare_legacy,-0.45919457983212325
median_floor_area,density_quartile,-0.45824943076570845
newbuilds_lag1_per_1000,newbuilds_lag3_per_1000,0.45758203922952617
deprivation_quartile,density_quartile,0.4575123540283632
newbuilds_per_1000,nb_lead2,0.45741524027174735
nb_lead1,nb_lag1,0.4574152402717473
terraced_sale_share,unemployment_quartile,0.45701842990775965
median_floor_area,deprivation_moderator_value,-0.4568073916803584
median_floor_area,imd_ex_housing,-0.4568073916803584
median_floor_area,deprivation_z,-0.4568073916803544
median_floor_area,deprivation_z_eda,-0.4568073916803499
newbuild_houses,newbuilds_lag1,0.4564345374168831
flat_sale_share,density_z,0.45638331080484523
flat_sale_share,density_z_eda,0.4563833108048433
flat_sale_share,log_population_density_2011,0.45638331080483224
newbuilds_lag1_per_1000,nb_lead1,0.4559785368727288
imd2015_overall_bottom20_popshare_legacy,log_sale_count,-0.4537723060617836
median_floor_area,imd_ex_income_housing,-0.4532310375324055
newbuilds_per_1000,newbuilds_lag2_per_1000,0.45264775333176555
median_ppsqm,leasehold_sale_share,0.45237532404877234
newbuild_houses,newbuilds_prev3yr_per_1000,0.4523558561112755
median_floor_area,imd_ex_housing_living,-0.4514151054230354
newbuilds_lag1,newbuilds_lag3_per_1000,0.45134233454384204
newbuilds_lag1_per_1000,newbuilds_lag3,0.4507544194700006
baseline_households_2011,log_sale_count,0.4503344414645014
mean_log_ppsqm,imd_ex_housing_bottom20_popshare,-0.4497088051320539
median_ppsqm,population_density_2011,0.4493355151127695
newbuilds_prev3yr,nb_lead1,0.4486436206657483
log_median_ppsqm,imd_ex_housing_bottom20_popshare,-0.44803250443422665
newbuild_total,nb_lead2,0.44759369126338067
detached_sale_share,flat_sale_share,-0.44737054369739443
median_floor_area,social_rented_2011,-0.44640311030314556
newbuilds_lag1,nb_lead1,0.4460791527598104
private_rented_2011,population_2011,0.44595661037580003
detached_sale_share,imd_ex_housing_bottom20_popshare,-0.4459373672988317
median_price,deprivation_z,-0.44524960651788215
median_price,deprivation_z_eda,-0.44524960651787643
median_price,deprivation_moderator_value,-0.4452496065178734
median_price,imd_ex_housing,-0.4452496065178734
p25_ppsqm,population_density_2011,0.44488775755114174
p75_ppsqm,population_density_2011,0.444674929736974
mean_ppsqm,leasehold_sale_share,0.4446257002210281
newbuild_total,newbuilds_lag2_per_1000,0.44461448895718103
imd2015_income_rate_msoa,log_population_density_2011,0.44440454021660647
imd2015_income_rate_msoa,density_z_eda,0.4444045402166035
imd2015_income_rate_msoa,density_z,0.4444045402166022
imd2015_income_rate_msoa,density_quartile,0.4439769005510992
newbuilds_per_1000,newbuilds_lag2,0.44289694173172434
leasehold_sale_share,density_quartile,0.44281480106700355
median_floor_area,imd2015_overall_score_pw,-0.44281146321502923
log_baseline_income,social_rent_share_2011,-0.44269437914626303
log_baseline_income,social_rent_z,-0.44269437914626136
log_baseline_income,social_rent_z_eda,-0.4426943791462597
social_rent_share_2011,income_z_eda,-0.44269437914623916
social_rent_z,income_z_eda,-0.4426943791462365
income_z_eda,social_rent_z_eda,-0.44269437914623455
median_floor_area,social_rent_quartile,-0.44134363701044316
owner_share_2011,log_sale_count,0.4408906457742772
deprivation_moderator_value,log_sale_count,-0.43982670014873304
imd_ex_housing,log_sale_count,-0.43982670014873304
deprivation_z,log_sale_count,-0.4398267001487327
log_sale_count,deprivation_z_eda,-0.4398267001487308
mean_log_ppsqm,imd2015_overall_score_pw,-0.4382459070292639
newbuild_flats,newbuilds_lag1,0.43822029912493077
mean_ppsqm,population_density_2011,0.4378193895873177
income_quartile,social_rent_quartile,-0.43577506560166074
population_density_2011,unemployment_quartile,0.4352140322249474
p25_ppsqm,leasehold_sale_share,0.43465124700212554
log_median_ppsqm,imd2015_overall_score_pw,-0.4346155309226859
semidetached_sale_share,leasehold_sale_share,-0.4343940418840316
detached_sale_share,private_rented_2011,-0.43245489320122293
private_rented_2011,density_quartile,0.4317767551796069
median_floor_area,social_rent_z,-0.4315972430708114
median_floor_area,social_rent_z_eda,-0.43159724307080405
median_floor_area,social_rent_share_2011,-0.43159724307079644
imd_ex_housing_living,log_sale_count,-0.4312671270094493
terraced_sale_share,imd_ex_housing_bottom20_popshare,0.43115879973517096
newbuild_flats,newbuilds_prev3yr,0.4305172611396736
newbuild_houses,newbuilds_prev3yr,0.42950670729216484
deprivation_z,density_quartile,0.4290969453147955
deprivation_moderator_value,density_quartile,0.4290969453147922
imd_ex_housing,density_quartile,0.4290969453147922
density_quartile,deprivation_z_eda,0.42909694531479087
log_baseline_income,social_rent_quartile,-0.4287191369854066
social_rent_quartile,income_z_eda,-0.4287191369853858
imd_ex_housing_bottom20_popshare,log_sale_count,-0.4281652635043436
sale_count,unemployment_z_eda,-0.4278997935989698
sale_count,unemployment_rate_2011,-0.4278997935989683
sale_count,unemployment_z,-0.4278997935989663
income_quartile,social_rent_z_eda,-0.4266679704875265
income_quartile,social_rent_share_2011,-0.42666797048752136
income_quartile,social_rent_z,-0.42666797048752025
sale_count,social_rent_z,-0.4256538610713505
sale_count,social_rent_share_2011,-0.42565386107134345
sale_count,social_rent_z_eda,-0.4256538610713404
terraced_sale_share,imd2015_overall_bottom20_popshare_legacy,0.4251588638296806
median_price,deprivation_quartile,-0.42222551358514376
log_population_density_2011,deprivation_z_eda,0.4218402825100879
deprivation_z_eda,density_z_eda,0.4218402825100868
deprivation_z,density_z,0.4218402825100857
deprivation_z,log_population_density_2011,0.4218402825100856
deprivation_moderator_value,log_population_density_2011,0.4218402825100855
imd_ex_housing,log_population_density_2011,0.4218402825100855
deprivation_z,density_z_eda,0.4218402825100837
density_z,deprivation_z_eda,0.42184028251008326
imd_ex_housing,density_z_eda,0.4218402825100808
deprivation_moderator_value,density_z_eda,0.4218402825100808
deprivation_moderator_value,density_z,0.4218402825100801
imd_ex_housing,density_z,0.4218402825100801
imd2015_overall_score_pw,density_quartile,0.4215985380762103
median_floor_area,unemployment_rate_2011,-0.42155930068679764
median_floor_area,unemployment_z_eda,-0.4215593006867959
median_floor_area,unemployment_z,-0.42155930068678943
imd_ex_income_housing,density_quartile,0.42111761920153895
imd_ex_income_housing,log_sale_count,-0.42055894859120035
median_price,flat_sale_share,0.42053827443516845
owner_occupied_2011,density_quartile,-0.4203922131940733
social_rent_quartile,degree_share_quartile,-0.4199287762306863
imd_ex_housing_living,log_population_density_2011,0.41597318329527594
imd_ex_housing_living,density_z_eda,0.41597318329527155
imd_ex_housing_living,density_z,0.41597318329526994
owner_occupied_2011,population_2011,0.4153553716864303
median_price,imd2015_overall_score_pw,-0.4110851560880228
imd_ex_income_housing,log_population_density_2011,0.4110799148407039
imd_ex_income_housing,density_z,0.4110799148407016
imd_ex_income_housing,density_z_eda,0.41107991484069994
semidetached_sale_share,owner_share_2011,0.41078911631659065
owner_occupied_2011,private_rent_share_2011,-0.4096415156567086
sale_count,imd2015_overall_score_pw,-0.40757089220508713
median_floor_area,population_density_2011,-0.4072058346302348
sale_count,imd2015_income_rate_msoa,-0.406856448851068
mean_log_ppsqm,imd2015_income_rate_msoa,-0.40683041701023004
baseline_income_lower_ci,social_rent_z,-0.40601942465606183
baseline_income_lower_ci,social_rent_share_2011,-0.4060194246560611
baseline_income_lower_ci,social_rent_z_eda,-0.4060194246560463
flat_sale_share,baseline_income_upper_ci,0.4044707628506676
mean_log_ppsqm,deprivation_quartile,-0.40444068702229263
imd_ex_housing_living,density_quartile,0.40386143946775344
log_median_ppsqm,imd2015_income_rate_msoa,-0.4030151469376833
income_z,social_rent_z,-0.40269014956806853
baseline_income_bhc_2011_12,social_rent_z,-0.4026901495680679
income_moderator_value,social_rent_z,-0.4026901495680679
income_z,social_rent_z_eda,-0.4026901495680662
income_z,social_rent_share_2011,-0.4026901495680604
income_moderator_value,social_rent_share_2011,-0.4026901495680599
baseline_income_bhc_2011_12,social_rent_share_2011,-0.4026901495680599
income_moderator_value,social_rent_z_eda,-0.4026901495680555
baseline_income_bhc_2011_12,social_rent_z_eda,-0.4026901495680555
log_baseline_income,social_rented_2011,-0.4025556696085833
social_rented_2011,income_z_eda,-0.402555669608557
p75_ppsqm,semidetached_sale_share,-0.4004592866269774
newbuild_total,newbuilds_lag3,0.39952699676454434
baseline_income_upper_ci,social_rent_z,-0.39902114208957984
baseline_income_upper_ci,social_rent_z_eda,-0.39902114208957085
baseline_income_upper_ci,social_rent_share_2011,-0.39902114208956907
sale_count,population_2011,0.39888815332866906
median_floor_area,area_km2,0.3985828860340394
log_median_ppsqm,deprivation_quartile,-0.39789311084850787
mean_log_ppsqm,unemployment_z_eda,-0.39779081072686867
mean_log_ppsqm,unemployment_rate_2011,-0.3977908107268677
mean_log_ppsqm,unemployment_z,-0.3977908107268668
deprivation_quartile,population_density_2011,0.39603947722363714
baseline_income_lower_ci,social_rent_quartile,-0.39592195771211064
imd2015_overall_score_pw,log_population_density_2011,0.39576925168536775
imd2015_overall_score_pw,density_z_eda,0.3957692516853661
imd2015_overall_score_pw,density_z,0.3957692516853619
private_rent_share_2011,log_population_density_2011,0.39551927526162695
private_rent_share_2011,density_z_eda,0.39551927526162617
private_rent_share_2011,density_z,0.3955192752616196
mean_log_ppsqm,imd2015_overall_bottom20_popshare_legacy,-0.3953159348143441
population_density_2011,unemployment_rate_2011,0.3950107426847543
population_density_2011,unemployment_z,0.3950107426847512
population_density_2011,unemployment_z_eda,0.3950107426847469
sale_count,imd2015_overall_bottom20_popshare_legacy,-0.39492553302193084
degree_share_quartile,social_rent_z_eda,-0.3947126907891195
social_rent_z,degree_share_quartile,-0.39471269078911864
social_rent_share_2011,degree_share_quartile,-0.3947126907891153
flat_sale_share,income_moderator_value,0.3944979046594672
flat_sale_share,baseline_income_bhc_2011_12,0.3944979046594672
flat_sale_share,income_z,0.39449790465946283
mean_ppsqm,semidetached_sale_share,-0.3944281111062431
log_median_ppsqm,unemployment_z_eda,-0.3942204559542548
log_median_ppsqm,unemployment_rate_2011,-0.39422045595425137
log_median_ppsqm,unemployment_z,-0.3942204559542478
median_price,imd2015_income_rate_msoa,-0.39415197666377844
median_floor_area,leasehold_sale_share,-0.39384781742926944
income_z,social_rent_quartile,-0.3937858024336935
baseline_income_bhc_2011_12,social_rent_quartile,-0.39378580243369093
income_moderator_value,social_rent_quartile,-0.39378580243369093
median_ppsqm,semidetached_sale_share,-0.39299196210152937
log_median_ppsqm,imd2015_overall_bottom20_popshare_legacy,-0.39296383266993695
social_rented_2011,population_density_2011,0.39291556305678205
income_quartile,social_rented_2011,-0.39209492537650037
baseline_income_upper_ci,social_rent_quartile,-0.3913263701645908
unemployment_quartile,log_sale_count,-0.3913124848639503
median_price,imd_ex_housing_bottom20_popshare,-0.3890048289255557
nb_lead2,nb_lag1,0.3876616158588103
newbuilds_per_1000,nb_lead3,0.3876616158588103
newbuilds_prev3yr_per_1000,nb_lead2,0.38684021685551495
newbuild_flats,newbuilds_lag1_per_1000,0.386152054873744
social_rent_quartile,log_sale_count,-0.3861382791792714
newbuilds_lag1_per_1000,nb_lead2,0.3845535512660788
sale_count,imd_ex_housing,-0.38438211750216683
sale_count,deprivation_moderator_value,-0.38438211750216683
sale_count,deprivation_z_eda,-0.38438211750216245
sale_count,deprivation_z,-0.3843821175021562
flat_sale_share,baseline_income_lower_ci,0.3841704638585747
newbuild_total,nb_lead3,0.38381158857129943
p25_ppsqm,semidetached_sale_share,-0.3838108003879939
newbuilds_lag2_per_1000,nb_lead1,0.3823806303415547
newbuild_flats,nb_lag1,0.3819951059636565
newbuilds_prev3yr,nb_lead2,0.3818809978209335
median_floor_area,flat_sale_share,-0.38169498425477616
newbuild_houses,nb_lead2,0.3805763337130924
sale_count,imd_ex_housing_living,-0.379816083773451
newbuilds_lag1,nb_lead2,0.3796516962103749
imd2015_income_rate_msoa,population_density_2011,0.3783048763145078
social_rent_z,population_density_2011,0.3780514486287715
population_density_2011,social_rent_z_eda,0.37805144862876416
social_rent_share_2011,population_density_2011,0.3780514486287587
newbuilds_lag2,nb_lead1,0.37752531356077584
private_rented_2011,density_z,0.37746405862793203
private_rented_2011,log_population_density_2011,0.377464058627931
private_rented_2011,density_z_eda,0.37746405862792975
flat_sale_share,owner_occupied_2011,-0.37673366171112693
social_rented_2011,density_z,0.3760810652458357
social_rented_2011,density_z_eda,0.3760810652458347
social_rented_2011,log_population_density_2011,0.37608106524583257
sale_count,imd_ex_housing_bottom20_popshare,-0.37600172362436485
semidetached_sale_share,degree_z_eda,-0.37575227439705766
semidetached_sale_share,degree_share_2011,-0.37575227439705117
semidetached_sale_share,degree_share_z,-0.37575227439704845
flat_sale_share,degree_share_quartile,0.3757189990450519
newbuild_flats,newbuilds_prev3yr_per_1000,0.375502148964298
newbuild_flats,nb_lead1,0.37542458484180186
social_rent_z,log_population_density_2011,0.37512782319224836
log_population_density_2011,social_rent_z_eda,0.37512782319224464
social_rent_z,density_z_eda,0.3751278231922438
social_rent_z,density_z,0.37512782319224297
social_rent_z_eda,density_z_eda,0.3751278231922425
density_z,social_rent_z_eda,0.3751278231922387
social_rent_share_2011,log_population_density_2011,0.3751278231922356
social_rent_share_2011,density_z,0.3751278231922337
social_rent_share_2011,density_z_eda,0.37512782319223364
median_floor_area,mean_newbuild_floor_area,0.374862765733779
terraced_sale_share,owner_share_2011,-0.37412517320369904
terraced_sale_share,log_baseline_income,-0.3738786409608139
terraced_sale_share,income_z_eda,-0.37387864096079265
imd2015_overall_bottom20_popshare_legacy,density_quartile,0.3731188278128733
newbuilds_per_1000,newbuilds_lag3_per_1000,0.3731058041119845
owner_occupied_2011,density_z,-0.3730242307075741
owner_occupied_2011,density_z_eda,-0.3730242307075739
owner_occupied_2011,log_population_density_2011,-0.37302423070757096
social_rent_quartile,degree_share_z,-0.37276661305178216
social_rent_quartile,degree_share_2011,-0.372766613051782
social_rent_quartile,degree_z_eda,-0.37276661305178177
social_rent_z,degree_share_z,-0.37236140701987075
social_rent_share_2011,degree_share_z,-0.37236140701986986
degree_share_z,social_rent_z_eda,-0.3723614070198656
social_rent_z,degree_share_2011,-0.37236140701986403
social_rent_z,degree_z_eda,-0.37236140701986387
social_rent_z_eda,degree_z_eda,-0.37236140701986326
degree_share_2011,social_rent_z_eda,-0.37236140701986087
social_rent_share_2011,degree_share_2011,-0.37236140701986
social_rent_share_2011,degree_z_eda,-0.37236140701985665
deprivation_quartile,log_sale_count,-0.3708714756332245
median_price,median_floor_area,0.3707852309135853
imd2015_overall_bottom20_popshare_legacy,log_population_density_2011,0.37072197910803933
imd2015_overall_bottom20_popshare_legacy,density_z_eda,0.3707219791080368
imd2015_overall_bottom20_popshare_legacy,density_z,0.37072197910803406
flat_sale_share,income_z_eda,0.37002206440051316
flat_sale_share,log_baseline_income,0.37002206440047947
newbuild_total,newbuilds_lag3_per_1000,0.36961826325652425
sale_count,imd_ex_income_housing,-0.36936031121866214
newbuilds_per_1000,newbuilds_lag3,0.3684670623179934
baseline_income_lower_ci,social_rented_2011,-0.3675159642664249
imd2015_overall_score_pw,population_density_2011,0.3663564471949458
semidetached_sale_share,population_density_2011,-0.3656701289141381
social_rent_z,density_quartile,0.36476702422132906
density_quartile,social_rent_z_eda,0.36476702422132085
social_rent_share_2011,density_quartile,0.36476702422131774
social_rented_2011,density_quartile,0.3646659899265792
median_price,unemployment_z_eda,-0.3640530564723611
median_price,unemployment_z,-0.364053056472359
median_price,unemployment_rate_2011,-0.36405305647235336
income_z,social_rented_2011,-0.3638954422560846
income_moderator_value,social_rented_2011,-0.3638954422560794
baseline_income_bhc_2011_12,social_rented_2011,-0.3638954422560794
leasehold_sale_share,degree_share_z,0.3617416559312902
leasehold_sale_share,degree_z_eda,0.3617416559312857
leasehold_sale_share,degree_share_2011,0.3617416559312848
newbuild_houses,newbuilds_lag2_per_1000,0.36164113410288656
p25_ppsqm,imd_ex_housing_living,-0.3607535095204404
terraced_sale_share,degree_share_quartile,-0.3603287460080183
baseline_income_upper_ci,social_rented_2011,-0.35978474025154444
mean_ppsqm,imd_ex_housing_living,-0.35955639216182883
median_price,unemployment_quartile,-0.358079727471393
sale_count,social_rent_quartile,-0.3563551733441871
median_floor_area,imd2015_overall_bottom20_popshare_legacy,-0.35615582687269703
imd_ex_housing_bottom20_popshare,density_z_eda,0.35373619074163953
imd_ex_housing_bottom20_popshare,log_population_density_2011,0.35373619074163903
imd_ex_housing_bottom20_popshare,density_z,0.35373619074163604
sale_count,unemployment_quartile,-0.35200260088626323
imd_ex_housing_bottom20_popshare,density_quartile,0.35192276451110455
median_ppsqm,imd_ex_housing_living,-0.3516990419045464
median_floor_area,degree_share_quartile,0.3510876853827527
median_price,imd2015_overall_bottom20_popshare_legacy,-0.3497922511265085
log_median_ppsqm,leasehold_sale_share,0.3497891690426646
population_density_2011,deprivation_z_eda,0.34912379566840346
deprivation_moderator_value,population_density_2011,0.3491237956683969
imd_ex_housing,population_density_2011,0.3491237956683969
deprivation_z,population_density_2011,0.34912379566839236
mean_log_ppsqm,semidetached_sale_share,-0.3490799844258686
flat_sale_share,shared_ownership_2011,0.34860607772385144
terraced_sale_share,density_quartile,0.3481378498978723
social_rent_quartile,density_z_eda,0.3474029088315146
social_rent_quartile,density_z,0.3474029088315134
social_rent_quartile,log_population_density_2011,0.3474029088315073
log_median_ppsqm,semidetached_sale_share,-0.3473956058050853
p25_ppsqm,imd_ex_income_housing,-0.347380397913409
sale_count,owner_share_2011,0.3470505384565305
newbuild_houses,newbuilds_lag2,0.3459985369138417
terraced_sale_share,income_quartile,-0.3459365532728867
newbuild_flats,newbuilds_lag2,0.3458509066991592
social_rented_2011,log_sale_count,-0.3453833756409321
area_km2,unemployment_quartile,-0.3451622720254742
mean_ppsqm,imd_ex_income_housing,-0.34496517023321377
p75_ppsqm,imd_ex_housing_living,-0.3449487530670602
median_floor_area,imd_ex_housing_bottom20_popshare,-0.34299677005559864
terraced_sale_share,social_rent_quartile,0.34249595726495313
mean_log_ppsqm,leasehold_sale_share,0.34222780025238
terraced_sale_share,baseline_income_lower_ci,-0.33985039271841927
terraced_sale_share,degree_share_z,-0.33946530953449294
terraced_sale_share,degree_z_eda,-0.3394653095344905
terraced_sale_share,degree_share_2011,-0.3394653095344894
terraced_sale_share,income_z,-0.3394197087079594
terraced_sale_share,income_moderator_value,-0.33941970870795346
terraced_sale_share,baseline_income_bhc_2011_12,-0.33941970870795346
terraced_sale_share,baseline_income_upper_ci,-0.33849029695678434
social_rented_2011,degree_share_quartile,-0.3382607844381237
area_km2,population_density_2011,-0.33775208728946454
imd_ex_income_housing,population_density_2011,0.3371171609292843
median_ppsqm,imd_ex_income_housing,-0.3368798959444133
semidetached_sale_share,degree_share_quartile,-0.33657903831698255
mean_log_ppsqm,unemployment_quartile,-0.33548541115300823
leasehold_sale_share,owner_occupied_2011,-0.3354825255587535
population_density_2011,log_sale_count,-0.33480401887260075
sale_count,deprivation_quartile,-0.3337177645927663
detached_sale_share,mean_newbuild_floor_area,0.3309553106384097
median_floor_area,private_rented_2011,-0.32937996375787026
p75_ppsqm,imd_ex_income_housing,-0.32918056159126696
log_median_ppsqm,unemployment_quartile,-0.32904567919256966
newbuilds_prev3yr_per_1000,nb_lead3,0.3287896998283975
p25_ppsqm,deprivation_moderator_value,-0.3287845503559638
p25_ppsqm,imd_ex_housing,-0.3287845503559638
p25_ppsqm,deprivation_z,-0.32878455035596343
p25_ppsqm,deprivation_z_eda,-0.32878455035596343
social_rent_quartile,density_quartile,0.3285617245487352
baseline_households_2011,social_rented_2011,0.32852911235159743
newbuilds_prev3yr,nb_lead3,0.32821580121184496
mean_ppsqm,deprivation_moderator_value,-0.32661721904599716
mean_ppsqm,imd_ex_housing,-0.32661721904599716
mean_ppsqm,deprivation_z,-0.3266172190459913
mean_ppsqm,deprivation_z_eda,-0.3266172190459855
terraced_sale_share,log_population_density_2011,0.32651818792399423
terraced_sale_share,density_z_eda,0.3265181879239905
terraced_sale_share,density_z,0.3265181879239888
imd2015_overall_bottom20_popshare_legacy,population_density_2011,0.32413991169563444
mean_newbuild_floor_area,deprivation_quartile,-0.3224564746860455
median_floor_area,median_newbuild_floor_area,0.32024130437881904
median_ppsqm,deprivation_z_eda,-0.3185092672651024
median_ppsqm,imd_ex_housing,-0.31850926726509804
median_ppsqm,deprivation_moderator_value,-0.31850926726509804
median_ppsqm,deprivation_z,-0.31850926726509443
population_2011,log_sale_count,0.31790569565771326
nb_lead3,nb_lag1,0.31752820021576567
flat_sale_share,social_rented_2011,0.3171404884931445
newbuilds_lag1_per_1000,nb_lead3,0.31666923282056525
mean_newbuild_floor_area,unemployment_quartile,-0.315338165264137
flat_sale_share,newbuild_flats,0.31528405212355315
newbuilds_lag2_per_1000,nb_lead2,0.3148091068441466
shared_ownership_2011,owner_share_2011,-0.3143864431603351
p25_ppsqm,imd_ex_housing_bottom20_popshare,-0.31394077008155014
social_rent_quartile,population_density_2011,0.31379738542467756
median_floor_area,owner_occupied_2011,0.3135782667632368
newbuilds_lag1,nb_lead3,0.312542054358836
leasehold_sale_share,social_rented_2011,0.31225389007117105
log_median_ppsqm,terraced_sale_share,-0.3120856387256418
p75_ppsqm,deprivation_z_eda,-0.31109465518066515
p75_ppsqm,imd_ex_housing,-0.31109465518066454
p75_ppsqm,deprivation_moderator_value,-0.31109465518066454
p75_ppsqm,deprivation_z,-0.31109465518066143
newbuilds_lag2,nb_lead2,0.31074542832995034
log_median_ppsqm,population_density_2011,0.31070090533881395
private_rent_share_2011,degree_share_z,0.3104915315557547
private_rent_share_2011,degree_share_2011,0.3104915315557521
private_rent_share_2011,degree_z_eda,0.3104915315557418
mean_ppsqm,imd_ex_housing_bottom20_popshare,-0.3104056291660018
semidetached_sale_share,terraced_sale_share,-0.3095874173405317
social_rented_2011,degree_z_eda,-0.30934665271370204
social_rented_2011,degree_share_z,-0.30934665271370093
social_rented_2011,degree_share_2011,-0.3093466527136936
median_floor_area,income_quartile,0.309214035901897
median_price,semidetached_sale_share,-0.3091496518888637
median_floor_area,degree_share_z,0.3087567895131948
median_floor_area,degree_share_2011,0.3087567895131939
median_floor_area,degree_z_eda,0.3087567895131915
newbuilds_lag3_per_1000,nb_lead1,0.30824503608575754
private_rented_2011,degree_share_z,0.3080235974371219
private_rented_2011,degree_z_eda,0.30802359743711477
private_rented_2011,degree_share_2011,0.30802359743711205
flat_sale_share,income_quartile,0.3069705513927498
mean_log_ppsqm,terraced_sale_share,-0.30688178985287373
newbuild_houses,nb_lead3,0.30636025682567003
median_floor_area,private_rent_share_2011,-0.30581219746787935
terraced_sale_share,social_rent_z_eda,0.3056461533285265
terraced_sale_share,social_rent_share_2011,0.3056461533285246
terraced_sale_share,social_rent_z,0.3056461533285246
mean_log_ppsqm,population_density_2011,0.304980626133753
newbuilds_lag3,nb_lead1,0.30459261885113786
median_ppsqm,imd_ex_housing_bottom20_popshare,-0.30455793271220377
imd_ex_housing_living,population_density_2011,0.3040662644274206
newbuild_flats,newbuilds_lag3,0.30192874976253486
mean_newbuild_floor_area,imd2015_income_rate_msoa,-0.3018579512792931
median_floor_area,log_baseline_income,0.300918127763762
median_floor_area,income_z_eda,0.3009181277637434
terraced_sale_share,owner_occupied_2011,-0.300479433517074
mean_newbuild_floor_area,deprivation_z_eda,-0.2997035729113039
mean_newbuild_floor_area,imd_ex_housing,-0.29970357291130373
mean_newbuild_floor_area,deprivation_moderator_value,-0.29970357291130373
mean_newbuild_floor_area,deprivation_z,-0.2997035729113024
mean_newbuild_floor_area,imd_ex_income_housing,-0.29818891700490463
newbuild_flats,newbuilds_lag2_per_1000,0.2972790631319387
p75_ppsqm,imd_ex_housing_bottom20_popshare,-0.2966138626675993
semidetached_sale_share,baseline_income_upper_ci,-0.29657585705601996
shared_ownership_2011,population_2011,0.2959247871973461
mean_newbuild_floor_area,imd_ex_housing_living,-0.29542075799223355
newbuild_houses,density_quartile,-0.2953403623609512
p25_ppsqm,imd2015_overall_score_pw,-0.2930757484774409
mean_newbuild_floor_area,imd2015_overall_score_pw,-0.2925229080052736
mean_newbuild_floor_area,owner_share_2011,0.2920375606009582
median_floor_area,baseline_income_lower_ci,0.2911232787763597
mean_ppsqm,imd2015_overall_score_pw,-0.2899984096536181
newbuild_flats,nb_lead2,0.2893741867617705
semidetached_sale_share,income_z,-0.2890869092990237
semidetached_sale_share,baseline_income_bhc_2011_12,-0.28908690929902303
semidetached_sale_share,income_moderator_value,-0.28908690929902303
newbuild_houses,newbuilds_lag3_per_1000,0.28871562706833676
median_floor_area,income_z,0.2879658978485226
median_floor_area,income_moderator_value,0.2879658978485182
median_floor_area,baseline_income_bhc_2011_12,0.2879658978485182
p75_ppsqm,private_rent_share_2011,0.28758474687894886
detached_sale_share,log_sale_count,0.2873350488312723
income_quartile,owner_share_2011,0.2870924189105279
median_ppsqm,private_rent_share_2011,0.2855307282154042
detached_sale_share,median_newbuild_floor_area,0.28404267963413704
median_floor_area,baseline_income_upper_ci,0.28387103330144525
shared_ownership_2011,private_rented_2011,0.28355362830404973
baseline_households_2011,shared_ownership_2011,0.28279474021934436
sale_count,social_rented_2011,-0.28276787019029853
median_ppsqm,imd2015_overall_score_pw,-0.28212720686495724
imd_ex_housing_bottom20_popshare,population_density_2011,0.2818460707174208
semidetached_sale_share,baseline_income_lower_ci,-0.2814648048887874
newbuild_houses,density_z,-0.28037565711291895
newbuild_houses,density_z_eda,-0.2803756571129167
newbuild_houses,log_population_density_2011,-0.2803756571129159
mean_ppsqm,private_rent_share_2011,0.28015839260598263
social_rented_2011,population_2011,0.2795744784558615
newbuild_houses,newbuilds_lag3,0.2795630202307667
p25_ppsqm,private_rent_share_2011,0.2782759259399433
median_price,terraced_sale_share,-0.27748425854666064
mean_newbuild_floor_area,unemployment_z_eda,-0.27745089781081284
mean_newbuild_floor_area,unemployment_rate_2011,-0.27745089781081184
mean_newbuild_floor_area,unemployment_z,-0.2774508978108114
median_newbuild_floor_area,deprivation_quartile,-0.2761822632464057
area_km2,unemployment_rate_2011,-0.2759017256828408
area_km2,unemployment_z,-0.27590172568284044
area_km2,unemployment_z_eda,-0.2759017256828394
p75_ppsqm,private_rented_2011,0.2757436876240895
median_floor_area,terraced_sale_share,-0.27430235208096326
p75_ppsqm,imd2015_overall_score_pw,-0.27428907913561285
p25_ppsqm,deprivation_quartile,-0.2736836298509423
log_baseline_income,owner_share_2011,0.2736179474252268
owner_share_2011,income_z_eda,0.2736179474251979
terraced_sale_share,social_rented_2011,0.27358213054168395
median_ppsqm,private_rented_2011,0.2731595476015315
mean_newbuild_floor_area,density_quartile,-0.2718059795539296
semidetached_sale_share,log_baseline_income,-0.2713294932303221
semidetached_sale_share,income_z_eda,-0.2713294932303176
mean_ppsqm,deprivation_quartile,-0.2710757320721089
semidetached_sale_share,income_quartile,-0.2707297432915526
mean_newbuild_floor_area,density_z_eda,-0.27048721306833673
mean_newbuild_floor_area,density_z,-0.27048721306833384
mean_newbuild_floor_area,log_population_density_2011,-0.2704872130683283
newbuilds_lag2,nb_lead3,0.27028991346693393
semidetached_sale_share,owner_occupied_2011,0.2696465014925999
deprivation_quartile,private_rent_share_2011,0.26901314359195677
leasehold_sale_share,shared_ownership_2011,0.26823604130999584
newbuilds_lag2_per_1000,nb_lead3,0.26786187229711184
p25_ppsqm,imd2015_income_rate_msoa,-0.267464472837594
median_newbuild_floor_area,unemployment_quartile,-0.2670713735964487
mean_ppsqm,private_rented_2011,0.2669663123109037
mean_ppsqm,imd2015_income_rate_msoa,-0.26618983786139183
leasehold_sale_share,degree_share_quartile,0.26594442397570217
median_newbuild_floor_area,owner_share_2011,0.26523846012765484
density_quartile,log_sale_count,-0.2646168368080387
p25_ppsqm,private_rented_2011,0.2642880817063592
leasehold_sale_share,newbuild_flats,0.26391224496533533
newbuilds_lag3,nb_lead2,0.2638451639891736
newbuilds_prev3yr,shared_ownership_2011,0.262946305727485
p25_ppsqm,imd2015_overall_bottom20_popshare_legacy,-0.26282137136492545
mean_newbuild_floor_area,social_rent_quartile,-0.2627588275561909
newbuild_flats,nb_lead3,0.2616839554103184
median_ppsqm,deprivation_quartile,-0.26141114264721366
newbuilds_lag3_per_1000,nb_lead2,0.26135629252216974
imd_ex_income_housing,private_rent_share_2011,0.26120568222950324
imd_ex_housing_living,area_km2,-0.26069998473179085
sale_count,population_density_2011,-0.26052573029547166
imd2015_overall_score_pw,private_rent_share_2011,0.25967221242204247
mean_ppsqm,imd2015_overall_bottom20_popshare_legacy,-0.25949456989540054
leasehold_sale_share,social_rent_z,0.2592937696808594
leasehold_sale_share,social_rent_z_eda,0.2592937696808525
leasehold_sale_share,social_rent_share_2011,0.259293769680848
deprivation_quartile,private_rented_2011,0.2591175485559659
newbuild_flats,private_rented_2011,0.25905733916017865
flat_sale_share,social_rent_z,0.2588100890491196
flat_sale_share,social_rent_z_eda,0.25881008904911584
flat_sale_share,social_rent_share_2011,0.25881008904911207
median_newbuild_floor_area,imd2015_income_rate_msoa,-0.2583016483989406
median_ppsqm,imd2015_income_rate_msoa,-0.25810051884081653
imd2015_income_rate_msoa,area_km2,-0.25730810718058406
median_newbuild_floor_area,deprivation_moderator_value,-0.25723575949093397
median_newbuild_floor_area,imd_ex_housing,-0.25723575949093397
median_newbuild_floor_area,deprivation_z_eda,-0.25723575949093064
median_newbuild_floor_area,deprivation_z,-0.25723575949092925
newbuild_flats,newbuilds_lag3_per_1000,0.25652098359865716
median_newbuild_floor_area,imd_ex_income_housing,-0.2562261858895285
shared_ownership_2011,social_rented_2011,0.2562085069095561
mean_ppsqm,unemployment_z,-0.2558771655604481
mean_ppsqm,unemployment_z_eda,-0.25587716556044393
mean_ppsqm,unemployment_rate_2011,-0.2558771655604413
p25_ppsqm,unemployment_z_eda,-0.25538192712499963
p25_ppsqm,unemployment_rate_2011,-0.2553819271249995
p25_ppsqm,unemployment_z,-0.2553819271249983
p75_ppsqm,deprivation_quartile,-0.25385940368863097
mean_newbuild_floor_area,social_rented_2011,-0.25335309145655643
median_ppsqm,imd2015_overall_bottom20_popshare_legacy,-0.2532331022050541
median_newbuild_floor_area,imd2015_overall_score_pw,-0.2527609587339568
p75_ppsqm,imd2015_income_rate_msoa,-0.251725838169827
median_price,leasehold_sale_share,0.25153768692102385
median_newbuild_floor_area,imd_ex_housing_living,-0.25150931392713133
newbuild_houses,population_density_2011,-0.2511201179904282
leasehold_sale_share,baseline_income_upper_ci,0.24963373837262587
mean_newbuild_floor_area,social_rent_share_2011,-0.24947601613802595
mean_newbuild_floor_area,social_rent_z_eda,-0.24947601613802478
mean_newbuild_floor_area,social_rent_z,-0.24947601613802334
imd_ex_income_housing,private_rented_2011,0.24910541729228589
baseline_households_2011,flat_sale_share,0.24910206512044514
semidetached_sale_share,shared_ownership_2011,-0.24858170732229462
deprivation_quartile,area_km2,-0.2485783591815523
terraced_sale_share,population_density_2011,0.24830935680710056
leasehold_sale_share,area_km2,-0.2479377506320563
median_ppsqm,unemployment_rate_2011,-0.2478080961684745
median_ppsqm,unemployment_z,-0.24780809616847357
median_ppsqm,unemployment_z_eda,-0.24780809616847105
p75_ppsqm,imd2015_overall_bottom20_popshare_legacy,-0.24578388838326215
detached_sale_share,income_quartile,0.24557037790181915
private_rent_share_2011,unemployment_quartile,0.24511280718530118
p75_ppsqm,unemployment_z,-0.24310469112575997
p75_ppsqm,unemployment_rate_2011,-0.24310469112575503
p75_ppsqm,unemployment_z_eda,-0.24310469112575347
terraced_sale_share,private_rent_share_2011,0.24201089842375187
detached_sale_share,degree_share_quartile,0.24152667866296368
imd2015_overall_score_pw,private_rented_2011,0.24137869834339343
leasehold_sale_share,income_moderator_value,0.24116366495748093
leasehold_sale_share,baseline_income_bhc_2011_12,0.24116366495748093
leasehold_sale_share,income_z,0.24116366495747196
baseline_households_2011,private_rent_share_2011,0.24002541486924323
p75_ppsqm,terraced_sale_share,-0.2393962387190543
median_price,population_density_2011,0.2391785106083073
private_rent_share_2011,deprivation_z_eda,0.23820633177474307
imd_ex_housing,private_rent_share_2011,0.23820633177474196
deprivation_moderator_value,private_rent_share_2011,0.23820633177474196
deprivation_z,private_rent_share_2011,0.23820633177474085
mean_ppsqm,terraced_sale_share,-0.23767315449817278
sale_count,newbuild_houses,0.23677413955902105
median_ppsqm,terraced_sale_share,-0.2366368403118369
median_newbuild_floor_area,unemployment_z,-0.2360803607816601
median_newbuild_floor_area,unemployment_rate_2011,-0.23608036078165606
median_newbuild_floor_area,unemployment_z_eda,-0.236080360781656
terraced_sale_share,mean_newbuild_floor_area,-0.23469391925586192
log_median_ppsqm,shared_ownership_2011,0.2339245684213094
newbuilds_lag3,nb_lead3,0.23384566793612419
sale_count,detached_sale_share,0.2335358344295354
newbuild_flats,shared_ownership_2011,0.23268679533354222
leasehold_sale_share,baseline_income_lower_ci,0.23235444343907632
deprivation_moderator_value,area_km2,-0.2320464784969293
imd_ex_housing,area_km2,-0.2320464784969293
deprivation_z,area_km2,-0.2320464784969286
area_km2,deprivation_z_eda,-0.2320464784969265
private_rent_share_2011,population_2011,0.23115998738784407
median_newbuild_floor_area,social_rent_quartile,-0.2311003574845987
median_floor_area,shared_ownership_2011,-0.2309903363762596
newbuild_flats,private_rent_share_2011,0.23055839671180695
newbuilds_lag3_per_1000,nb_lead3,0.23020081157731814
owner_occupied_2011,private_rented_2011,-0.23016070384561563
newbuilds_lag3,shared_ownership_2011,0.230134694571701
median_newbuild_floor_area,density_quartile,-0.22904205718662168
baseline_income_lower_ci,owner_share_2011,0.2288871256719339
private_rented_2011,unemployment_quartile,0.22873441783711795
p25_ppsqm,terraced_sale_share,-0.22830264928580946
detached_sale_share,newbuild_houses,0.22787747687435947
mean_newbuild_floor_area,log_baseline_income,0.22775008988005604
mean_newbuild_floor_area,income_z_eda,0.22775008988004952
p25_ppsqm,density_quartile,0.22761250858777468
log_baseline_income,log_sale_count,0.2263286764962601
log_sale_count,income_z_eda,0.22632867649622918
mean_newbuild_floor_area,degree_share_quartile,0.22605910008699104
deprivation_z,private_rented_2011,0.22601435851485216
private_rented_2011,deprivation_z_eda,0.22601435851485052
deprivation_moderator_value,private_rented_2011,0.22601435851485008
imd_ex_housing,private_rented_2011,0.22601435851485008
mean_newbuild_floor_area,imd2015_overall_bottom20_popshare_legacy,-0.2253732576953739
p75_ppsqm,shared_ownership_2011,0.22495679567919596
median_newbuild_floor_area,social_rented_2011,-0.22464818441138393
median_ppsqm,shared_ownership_2011,0.22455017470225536
baseline_households_2011,leasehold_sale_share,0.2245390960587504
median_ppsqm,density_quartile,0.22447850141000322
mean_log_ppsqm,shared_ownership_2011,0.2243188752367417
mean_newbuild_floor_area,population_density_2011,-0.22359635815317358
mean_newbuild_floor_area,baseline_income_lower_ci,0.22284404225199178
newbuild_flats,owner_share_2011,-0.22243174629682547
mean_newbuild_floor_area,income_moderator_value,0.22196608934423923
mean_newbuild_floor_area,baseline_income_bhc_2011_12,0.22196608934423923
mean_newbuild_floor_area,income_z,0.22196608934423864
median_newbuild_floor_area,density_z_eda,-0.22189417414576906
median_newbuild_floor_area,density_z,-0.22189417414576884
median_newbuild_floor_area,log_population_density_2011,-0.22189417414576798
mean_newbuild_floor_area,imd_ex_housing_bottom20_popshare,-0.22158501898975794
leasehold_sale_share,unemployment_quartile,0.22133136056021385
imd_ex_income_housing,area_km2,-0.22102733994292054
mean_newbuild_floor_area,degree_share_2011,0.2208777295122082
mean_newbuild_floor_area,degree_z_eda,0.22087772951220716
mean_newbuild_floor_area,degree_share_z,0.22087772951220372
mean_newbuild_floor_area,baseline_income_upper_ci,0.22026798879692502
newbuilds_lag2,shared_ownership_2011,0.21918407065282766
income_z,owner_share_2011,0.2188271529687799
income_moderator_value,owner_share_2011,0.21882715296877453
baseline_income_bhc_2011_12,owner_share_2011,0.21882715296877453
shared_ownership_2011,private_rent_share_2011,0.21806505138993573
income_quartile,log_sale_count,0.21759538793110464
median_newbuild_floor_area,social_rent_share_2011,-0.2175615732251938
median_newbuild_floor_area,social_rent_z,-0.21756157322519154
median_newbuild_floor_area,social_rent_z_eda,-0.21756157322519112
log_population_density_2011,log_sale_count,-0.21733224560389927
log_sale_count,density_z_eda,-0.217332245603896
density_z,log_sale_count,-0.21733224560389586
newbuilds_lag1,shared_ownership_2011,0.21733091020554726
mean_ppsqm,shared_ownership_2011,0.21730466594532527
p75_ppsqm,density_quartile,0.21634195818237895
p25_ppsqm,shared_ownership_2011,0.2162601562031355
median_price,mean_newbuild_floor_area,0.21560749299790308
mean_newbuild_floor_area,income_quartile,0.215434261925228
mean_ppsqm,density_quartile,0.21421580112447855
flat_sale_share,area_km2,-0.21387457822741474
newbuild_houses,log_sale_count,0.2129148963188748
private_rent_share_2011,unemployment_rate_2011,0.2127063367823807
private_rent_share_2011,unemployment_z_eda,0.21270633678237705
private_rent_share_2011,unemployment_z,0.2127063367823763
leasehold_sale_share,income_z_eda,0.21256885335297665
leasehold_sale_share,log_baseline_income,0.212568853352935
leasehold_sale_share,deprivation_quartile,0.2122690787276094
sale_count,density_quartile,-0.21223860508680328
p25_ppsqm,density_z_eda,0.21180900808384578
p25_ppsqm,density_z,0.21180900808384512
p25_ppsqm,log_population_density_2011,0.21180900808384304
private_rent_share_2011,degree_share_quartile,0.21158125178140755
mean_ppsqm,unemployment_quartile,-0.2110540040474624
leasehold_sale_share,social_rent_quartile,0.21035948406496185
sale_count,log_baseline_income,0.21032757723278936
sale_count,income_z_eda,0.21032757723275708
imd2015_overall_bottom20_popshare_legacy,area_km2,-0.21001951285861217
p25_ppsqm,unemployment_quartile,-0.21001884569886914
median_ppsqm,density_z_eda,0.20944993572676357
median_ppsqm,density_z,0.2094499357267626
median_ppsqm,log_population_density_2011,0.20944993572675966
newbuild_total,shared_ownership_2011,0.20927671387547256
imd_ex_housing_bottom20_popshare,area_km2,-0.20912273057943653
private_rented_2011,degree_share_quartile,0.20856273509826656
baseline_income_upper_ci,owner_share_2011,0.20815494319772976
sale_count,newbuilds_prev3yr,0.20750926640102635
sale_count,income_quartile,0.2074465086591584
shared_ownership_2011,population_density_2011,0.2067955753844585
terraced_sale_share,log_sale_count,-0.20678913232739227
owner_share_2011,area_km2,0.20642327709148242
flat_sale_share,social_rent_quartile,0.20523750580990163
baseline_households_2011,median_floor_area,-0.20504028233835556
detached_sale_share,log_baseline_income,0.204813976207753
detached_sale_share,income_z_eda,0.20481397620770064
income_quartile,owner_occupied_2011,0.20448024737146375
log_baseline_income,owner_occupied_2011,0.20391835322592106
owner_occupied_2011,income_z_eda,0.20391835322589327
social_rent_z,area_km2,-0.2032833309561927
area_km2,social_rent_z_eda,-0.20328333095619247
social_rent_share_2011,area_km2,-0.20328333095618858
newbuilds_prev3yr_per_1000,shared_ownership_2011,0.20260907840652284
social_rent_quartile,area_km2,-0.20243780029011324
flat_sale_share,newbuilds_prev3yr,0.2013815629053549
terraced_sale_share,median_newbuild_floor_area,-0.2012809388709838
median_ppsqm,unemployment_quartile,-0.20125150249390306
p75_ppsqm,log_population_density_2011,0.20062492145299668
p75_ppsqm,density_z,0.20062492145299637
p75_ppsqm,density_z_eda,0.20062492145299518
baseline_households_2011,owner_share_2011,-0.19855923751894436
sale_count,degree_share_quartile,0.19853175793044542
mean_ppsqm,density_z_eda,0.1971973439791132
mean_ppsqm,density_z,0.1971973439791064
mean_ppsqm,log_population_density_2011,0.19719734397910416
p75_ppsqm,unemployment_quartile,-0.19689176672404543
social_rented_2011,private_rented_2011,0.19394401363636968
median_price,social_rent_quartile,-0.1934962100370918
degree_share_quartile,log_sale_count,0.19323263470934166
median_newbuild_floor_area,imd2015_overall_bottom20_popshare_legacy,-0.19286335529490284
social_rented_2011,area_km2,-0.19266668976299214
median_newbuild_floor_area,population_density_2011,-0.19249218114691594
median_newbuild_floor_area,imd_ex_housing_bottom20_popshare,-0.18903821007455107
mean_newbuild_floor_area,private_rented_2011,-0.18811056074331373
median_newbuild_floor_area,log_baseline_income,0.18795897964015848
median_newbuild_floor_area,income_z_eda,0.18795897964015423
shared_ownership_2011,social_rent_quartile,0.1870753890684001
private_rented_2011,unemployment_rate_2011,0.18702648999678242
private_rented_2011,unemployment_z_eda,0.18702648999677857
private_rented_2011,unemployment_z,0.18702648999677746
log_median_ppsqm,private_rent_share_2011,0.1865645821615313
imd2015_overall_score_pw,area_km2,-0.18631498952584727
sale_count,newbuilds_lag3,0.18626967344961237
median_newbuild_floor_area,degree_share_quartile,0.18585425631555522
baseline_income_lower_ci,log_sale_count,0.18563701108089772
owner_share_2011,population_2011,-0.1855164683834421
shared_ownership_2011,social_rent_z_eda,0.18524913070506607
shared_ownership_2011,social_rent_z,0.18524913070506333
shared_ownership_2011,social_rent_share_2011,0.18524913070506308
sale_count,terraced_sale_share,-0.18507621506834412
baseline_households_2011,newbuilds_prev3yr,0.18494200424787796
mean_log_ppsqm,private_rent_share_2011,0.18395730347754827
mean_newbuild_floor_area,private_rent_share_2011,-0.18378724313584108
newbuilds_prev3yr,private_rented_2011,0.1832880254750939
median_newbuild_floor_area,baseline_income_lower_ci,0.18321482178778886
population_density_2011,degree_share_z,0.1832033719521325
population_density_2011,degree_share_2011,0.18320337195212785
population_density_2011,degree_z_eda,0.18320337195212708
sale_count,newbuild_total,0.1830475172963178
median_newbuild_floor_area,private_rented_2011,-0.1825012505538645
median_newbuild_floor_area,income_z,0.1821966797382907
median_newbuild_floor_area,income_moderator_value,0.18219667973828968
median_newbuild_floor_area,baseline_income_bhc_2011_12,0.18219667973828968
income_z,log_sale_count,0.18090903050300192
income_moderator_value,log_sale_count,0.18090903050299545
baseline_income_bhc_2011_12,log_sale_count,0.18090903050299545
median_newbuild_floor_area,degree_share_2011,0.18078059302835622
median_newbuild_floor_area,degree_z_eda,0.18078059302835603
median_newbuild_floor_area,degree_share_z,0.18078059302835497
median_newbuild_floor_area,baseline_income_upper_ci,0.1806301430515404
leasehold_sale_share,imd2015_overall_score_pw,0.1795414289832813
d_log_price,d_log_price_lag1,-0.17945609344915503
terraced_sale_share,private_rented_2011,0.17804694559557593
median_newbuild_floor_area,income_quartile,0.17804061813805275
imd2015_income_rate_msoa,private_rent_share_2011,0.17785068019461814
newbuilds_lag3_per_1000,shared_ownership_2011,0.17738521385808978
log_median_ppsqm,private_rented_2011,0.17685528704237896
terraced_sale_share,area_km2,-0.1765808330858119
median_newbuild_floor_area,private_rent_share_2011,-0.17623568881273577
sale_count,baseline_income_lower_ci,0.17613762721445037
semidetached_sale_share,newbuild_flats,-0.17612685816289853
baseline_income_upper_ci,log_sale_count,0.175944480002511
flat_sale_share,newbuilds_lag3,0.17591032409862595
newbuild_houses,owner_occupied_2011,0.1757741134057615
owner_share_2011,degree_share_quartile,0.17566832100734686
population_2011,population_density_2011,0.1754243395973325
flat_sale_share,population_2011,0.17423512794969484
sale_count,newbuilds_lag2,0.17394798410953644
sale_count,degree_share_z,0.173849509250116
sale_count,degree_share_2011,0.1738495092501084
sale_count,degree_z_eda,0.1738495092501074
median_price,social_rent_share_2011,-0.17359831869713477
median_price,social_rent_z,-0.17359831869713474
median_price,social_rent_z_eda,-0.1735983186971344
mean_log_ppsqm,private_rented_2011,0.17338978534353033
sale_count,income_z,0.1733799175773505
sale_count,baseline_income_bhc_2011_12,0.17337991757734333
sale_count,income_moderator_value,0.17337991757734333
median_price,median_newbuild_floor_area,0.17316709956642762
flat_sale_share,unemployment_quartile,0.1731025980745789
owner_occupied_2011,area_km2,0.17283380062232617
p75_ppsqm,owner_share_2011,-0.17203300481261982
sale_count,baseline_income_upper_ci,0.17077330611818273
newbuild_total,median_newbuild_floor_area,-0.1690943920541706
area_km2,degree_share_quartile,0.16905738271914306
newbuild_total,mean_newbuild_floor_area,-0.16880842197971663
mean_newbuild_floor_area,owner_occupied_2011,0.16870198007374795
flat_sale_share,newbuilds_lag2,0.16857456816445793
median_newbuild_floor_area,newbuilds_per_1000,-0.16856679366487262
leasehold_sale_share,imd2015_income_rate_msoa,0.16850686104776655
baseline_income_lower_ci,owner_occupied_2011,0.1682369851482031
newbuilds_lag2_per_1000,shared_ownership_2011,0.16776303639697052
mean_newbuild_floor_area,newbuilds_per_1000,-0.16758025568461352
terraced_sale_share,flat_sale_share,-0.16657553502682484
detached_sale_share,shared_ownership_2011,-0.1662893288245909
sale_count,newbuilds_lag1,0.16622832468448803
flat_sale_share,newbuilds_lag1,0.166076023170441
imd2015_income_rate_msoa,private_rented_2011,0.16577373992554406
degree_share_z,log_sale_count,0.16570434726175817
log_sale_count,degree_z_eda,0.1657043472617577
degree_share_2011,log_sale_count,0.16570434726175587
flat_sale_share,newbuilds_prev3yr_per_1000,0.16561034379939063
newbuilds_prev3yr,population_2011,0.16489912658174685
leasehold_sale_share,deprivation_z,0.1648985591194389
leasehold_sale_share,deprivation_moderator_value,0.1648985591194386
leasehold_sale_share,imd_ex_housing,0.1648985591194386
leasehold_sale_share,deprivation_z_eda,0.1648985591194384
newbuilds_lag1_per_1000,shared_ownership_2011,0.16487385957395748
baseline_income_upper_ci,private_rent_share_2011,0.16479492461860884
median_ppsqm,owner_share_2011,-0.1644179916278804
baseline_households_2011,semidetached_sale_share,-0.16407622025714588
p75_ppsqm,newbuild_flats,0.16386899171757477
detached_sale_share,baseline_income_lower_ci,0.16374035145518784
leasehold_sale_share,imd_ex_income_housing,0.16340362520903168
shared_ownership_2011,nb_lag1,0.16324488391904038
imd_ex_housing_living,private_rent_share_2011,0.1625298742357369
imd2015_overall_bottom20_popshare_legacy,private_rent_share_2011,0.16214280774410875
median_ppsqm,newbuild_flats,0.1620975696842113
sale_count,log_population_density_2011,-0.16198738164543297
sale_count,density_z,-0.16198738164543078
sale_count,density_z_eda,-0.16198738164543008
baseline_households_2011,newbuilds_lag3,0.16111823867954234
semidetached_sale_share,density_quartile,-0.16076118059673727
newbuilds_prev3yr,log_sale_count,0.1601576492397237
leasehold_sale_share,unemployment_rate_2011,0.16005071731741144
leasehold_sale_share,unemployment_z_eda,0.16005071731740775
leasehold_sale_share,unemployment_z,0.16005071731740472
income_z,owner_occupied_2011,0.15996703813060967
income_moderator_value,owner_occupied_2011,0.15996703813060298
baseline_income_bhc_2011_12,owner_occupied_2011,0.15996703813060298
baseline_income_upper_ci,private_rented_2011,0.1598129850354697
newbuilds_lag3,private_rented_2011,0.15867849729936073
detached_sale_share,income_z,0.15854984159672514
detached_sale_share,baseline_income_bhc_2011_12,0.15854984159671168
detached_sale_share,income_moderator_value,0.15854984159671168
mean_ppsqm,newbuild_flats,0.15847863385467184
shared_ownership_2011,density_z_eda,0.15846901826673787
shared_ownership_2011,log_population_density_2011,0.1584690182667376
shared_ownership_2011,density_z,0.15846901826673698
shared_ownership_2011,nb_lead3,0.158360845505633
shared_ownership_2011,nb_lead1,0.158190609088162
newbuilds_per_1000,shared_ownership_2011,0.15781989023532608
shared_ownership_2011,nb_lead2,0.15749693039313095
flat_sale_share,newbuild_total,0.15741316881037887
median_price,social_rented_2011,-0.1568218730578448
newbuild_houses,unemployment_quartile,-0.15634732523494937
p25_ppsqm,newbuild_flats,0.15617487710648587
shared_ownership_2011,density_quartile,0.15585400657630588
imd_ex_housing_living,private_rented_2011,0.15582033059828268
mean_ppsqm,owner_share_2011,-0.15581191108251113
leasehold_sale_share,newbuild_houses,-0.15526114786389375
baseline_households_2011,newbuilds_lag2,0.15502814815639301
flat_sale_share,newbuild_houses,-0.15482108767569133
population_2011,density_z_eda,0.15437581600007724
population_2011,density_z,0.15437581600007627
population_2011,log_population_density_2011,0.15437581600007516
newbuilds_lag2,private_rented_2011,0.15406772084083295
mean_newbuild_floor_area,area_km2,0.1538187309316266
population_2011,density_quartile,0.1533298446544394
detached_sale_share,baseline_income_upper_ci,0.15313164534911572
baseline_households_2011,newbuilds_lag1,0.15271202648569238
density_z,degree_share_quartile,-0.15246412997666617
log_population_density_2011,degree_share_quartile,-0.1524641299766657
degree_share_quartile,density_z_eda,-0.15246412997666525
leasehold_sale_share,newbuilds_prev3yr,0.15212716215073163
newbuilds_lag1,private_rented_2011,0.15186286186402648
baseline_income_upper_ci,owner_occupied_2011,0.15181206204605696
income_moderator_value,private_rent_share_2011,0.15146867973486725
baseline_income_bhc_2011_12,private_rent_share_2011,0.15146867973486725
income_z,private_rent_share_2011,0.1514686797348632
log_median_ppsqm,newbuild_flats,0.15107886657771236
leasehold_sale_share,imd2015_overall_bottom20_popshare_legacy,0.1509815041235805
owner_occupied_2011,degree_share_quartile,0.15095255115582737
p25_ppsqm,owner_share_2011,-0.15030583341781484
leasehold_sale_share,income_quartile,0.1500824235456533
imd2015_overall_bottom20_popshare_legacy,private_rented_2011,0.15006192704133375
baseline_households_2011,newbuild_total,0.14997004481892096
newbuild_flats,mean_newbuild_floor_area,-0.14897630253552924
income_quartile,log_population_density_2011,-0.1488693110716713
income_quartile,density_z,-0.14886931107166584
income_quartile,density_z_eda,-0.14886931107166462
semidetached_sale_share,social_rented_2011,-0.14854532100682558
median_floor_area,newbuild_flats,-0.14773845355395943
income_moderator_value,private_rented_2011,0.1476990838328567
baseline_income_bhc_2011_12,private_rented_2011,0.1476990838328567
income_z,private_rented_2011,0.14769908383285174
mean_log_ppsqm,newbuild_flats,0.14740894021083786
newbuild_total,private_rented_2011,0.1473987037267986
leasehold_sale_share,population_2011,0.14686822627355767
mean_log_ppsqm,social_rent_quartile,-0.14612724726184942
sale_count,newbuilds_prev3yr_per_1000,0.14565716788148575
flat_sale_share,newbuilds_lag3_per_1000,0.14559314024295814
newbuild_flats,median_newbuild_floor_area,-0.14517356908973783
income_quartile,shared_ownership_2011,0.14506479473238387
detached_sale_share,degree_z_eda,0.14494283029005542
detached_sale_share,degree_share_2011,0.14494283029005528
detached_sale_share,degree_share_z,0.14494283029005403
flat_sale_share,deprivation_quartile,0.14485454370707052
semidetached_sale_share,newbuilds_prev3yr,-0.1443117554744763
newbuild_total,log_sale_count,0.14377111839848855
median_newbuild_floor_area,owner_occupied_2011,0.14359446831836217
newbuild_flats,social_rented_2011,0.1435923049795764
newbuilds_lag3,log_sale_count,0.14291376029988542
sale_count,private_rented_2011,0.14283728860031947
newbuilds_lag3,population_2011,0.14276760810452302
p75_ppsqm,owner_occupied_2011,-0.14251165927801507
median_price,private_rent_share_2011,0.14200527973196372
log_median_ppsqm,social_rent_quartile,-0.14145379792102358
detached_sale_share,population_2011,-0.14086204938746272
imd_ex_housing_bottom20_popshare,private_rent_share_2011,0.14034390328852803
semidetached_sale_share,population_2011,-0.13989714672471576
newbuild_houses,area_km2,0.1391540693249932
detached_sale_share,newbuild_flats,-0.13906199592092408
baseline_income_lower_ci,private_rent_share_2011,0.1388108918085664
newbuilds_lag2,population_2011,0.13836921036222505
median_ppsqm,owner_occupied_2011,-0.13779326476589557
flat_sale_share,newbuilds_lag2_per_1000,0.13767781537424215
newbuilds_lag1,population_2011,0.13685276752363207
baseline_income_lower_ci,private_rented_2011,0.13632458824646979
shared_ownership_2011,degree_share_quartile,0.1356321383577473
baseline_households_2011,detached_sale_share,-0.13483482034891398
leasehold_sale_share,newbuilds_lag3,0.13430549794504068
newbuild_houses,deprivation_quartile,-0.13419348787109087
sale_count,newbuilds_lag3_per_1000,0.13414209236156152
newbuild_total,population_2011,0.13394833553945248
log_baseline_income,shared_ownership_2011,0.13392099842406754
shared_ownership_2011,income_z_eda,0.13392099842406377
newbuilds_lag2,log_sale_count,0.13381215176302383
newbuild_flats,owner_occupied_2011,-0.1337588945371949
baseline_households_2011,newbuild_flats,0.13367685482196665
flat_sale_share,newbuilds_lag1_per_1000,0.13367239046191207
flat_sale_share,nb_lag1,0.1330773224029603
newbuilds_prev3yr,private_rent_share_2011,0.13295961147591254
imd_ex_housing_bottom20_popshare,private_rented_2011,0.1326830362313193
newbuilds_prev3yr,owner_share_2011,-0.13265768399312908
mean_ppsqm,owner_occupied_2011,-0.13240959655413223
newbuild_houses,owner_share_2011,0.13218235377850726
shared_ownership_2011,degree_share_z,0.1309498430168591
shared_ownership_2011,degree_z_eda,0.1309498430168563
shared_ownership_2011,degree_share_2011,0.13094984301685603
newbuild_houses,private_rent_share_2011,-0.1296259639578084
sale_count,shared_ownership_2011,0.12954716552097906
newbuilds_lag1,log_sale_count,0.12951933642682925
p25_ppsqm,owner_occupied_2011,-0.12939139803622782
mean_log_ppsqm,social_rent_z_eda,-0.1287661377470809
mean_log_ppsqm,social_rent_z,-0.1287661377470793
mean_log_ppsqm,social_rent_share_2011,-0.12876613774707918
sale_count,newbuilds_per_1000,0.12836920565465923
baseline_income_upper_ci,shared_ownership_2011,0.12786075650741593
leasehold_sale_share,newbuilds_lag2,0.1274036626224664
median_ppsqm,detached_sale_share,-0.12738652790798544
p25_ppsqm,detached_sale_share,-0.12714001272668807
mean_newbuild_floor_area,shared_ownership_2011,-0.12712496079346158
newbuild_flats,degree_share_z,0.12667903482153528
newbuild_flats,degree_share_2011,0.12667903482153187
newbuild_flats,degree_z_eda,0.12667903482153098
newbuild_flats,population_density_2011,0.1264081246181684
income_z,shared_ownership_2011,0.12520396253552665
baseline_income_bhc_2011_12,shared_ownership_2011,0.12520396253552654
income_moderator_value,shared_ownership_2011,0.12520396253552654
semidetached_sale_share,newbuilds_lag3,-0.12512770852199895
newbuild_houses,unemployment_rate_2011,-0.12508009868441144
newbuild_houses,unemployment_z,-0.12508009868440667
newbuild_houses,unemployment_z_eda,-0.12508009868440645
income_quartile,density_quartile,-0.12497419340645607
flat_sale_share,newbuilds_per_1000,0.12486310885784978
flat_sale_share,mean_newbuild_floor_area,-0.12452691442301782
semidetached_sale_share,newbuilds_prev3yr_per_1000,-0.12423465844647859
leasehold_sale_share,newbuilds_lag1,0.12407635064794569
p75_ppsqm,detached_sale_share,-0.12400627111542543
log_median_ppsqm,social_rent_z,-0.12390605260555414
log_median_ppsqm,social_rent_share_2011,-0.12390605260555372
log_median_ppsqm,social_rent_z_eda,-0.12390605260555053
leasehold_sale_share,imd_ex_housing_living,0.12334964739040945
median_floor_area,population_2011,-0.12241278329751404
baseline_income_lower_ci,shared_ownership_2011,0.12229972287936666
baseline_households_2011,median_newbuild_floor_area,-0.12205373136837376
flat_sale_share,median_newbuild_floor_area,-0.12184612580034146
flat_sale_share,nb_lead2,0.12156259323137772
sale_count,newbuilds_lag2_per_1000,0.12132493072794574
baseline_households_2011,population_density_2011,0.12131325789564856
semidetached_sale_share,newbuilds_lag2,-0.12094847731280807
flat_sale_share,nb_lead3,0.12060878233686667
log_median_ppsqm,density_quartile,0.12026454293568585
leasehold_sale_share,mean_newbuild_floor_area,-0.1202319022060399
semidetached_sale_share,newbuilds_lag1,-0.11973659703972873
flat_sale_share,nb_lead1,0.1195877715670465
log_median_ppsqm,newbuilds_prev3yr,0.11955638207208255
median_newbuild_floor_area,area_km2,0.11954346871208496
baseline_households_2011,mean_newbuild_floor_area,-0.11943998902639426
newbuilds_lag3,owner_share_2011,-0.11939293569703563
median_newbuild_floor_area,shared_ownership_2011,-0.11925144767350306
baseline_households_2011,density_z_eda,0.11912175857815871
baseline_households_2011,density_z,0.11912175857815831
baseline_households_2011,log_population_density_2011,0.11912175857815793
leasehold_sale_share,log_sale_count,-0.11893781494019463
median_floor_area,newbuild_houses,0.11874699567882258
leasehold_sale_share,newbuilds_prev3yr_per_1000,0.1182829666536607
log_median_ppsqm,newbuilds_prev3yr_per_1000,0.11814530582297333
median_price,private_rented_2011,0.11812072087237883
newbuild_flats,density_quartile,0.11805341664887993
d_log_price,log_sale_count,0.11802500274774529
mean_ppsqm,detached_sale_share,-0.11774617946348973
density_quartile,nb_lead3,-0.11766608497263746
leasehold_sale_share,imd_ex_housing_bottom20_popshare,0.11759210372028939
sale_count,d_log_price,0.1169828288992604
semidetached_sale_share,newbuild_total,-0.11690500829255003
log_population_density_2011,nb_lead3,-0.11689309371778418
density_z,nb_lead3,-0.11689309371778328
nb_lead3,density_z_eda,-0.11689309371778288
leasehold_sale_share,newbuild_total,0.11660435975200656
mean_log_ppsqm,density_quartile,0.11639137427287329
newbuilds_lag3,private_rent_share_2011,0.11579506455741158
newbuild_flats,population_2011,0.11534780934688098
mean_log_ppsqm,newbuilds_prev3yr,0.11426248946007925
baseline_income_upper_ci,population_density_2011,0.11387883382726914
median_newbuild_floor_area,newbuilds_prev3yr,-0.11375552632336115
mean_log_ppsqm,newbuilds_prev3yr_per_1000,0.11323719270768864
density_quartile,nb_lead2,-0.11288186138304106
newbuild_flats,density_z_eda,0.11284764335049989
newbuild_flats,density_z,0.11284764335049972
newbuild_flats,log_population_density_2011,0.11284764335049874
newbuilds_prev3yr_per_1000,log_sale_count,0.11264457331066671
flat_sale_share,imd2015_overall_score_pw,0.11247258970919721
private_rented_2011,social_rent_quartile,0.11219262605210008
mean_newbuild_floor_area,newbuilds_prev3yr,-0.11194373466433429
newbuilds_lag2,private_rent_share_2011,0.11186885680260228
private_rent_share_2011,area_km2,-0.11169974008568125
sale_count,newbuilds_lag1_per_1000,0.11166028289085377
median_newbuild_floor_area,newbuilds_lag1,-0.11155286904057192
newbuilds_lag2,owner_share_2011,-0.11151983055955535
newbuild_houses,imd_ex_income_housing,-0.11131173296464826
nb_lead2,density_z_eda,-0.11093344931075384
density_z,nb_lead2,-0.11093344931075287
log_population_density_2011,nb_lead2,-0.1109334493107527
private_rent_share_2011,income_z_eda,0.11084651075766375
log_baseline_income,private_rent_share_2011,0.1108465107576456
mean_newbuild_floor_area,newbuilds_lag1,-0.11076463352394361
leasehold_sale_share,median_newbuild_floor_area,-0.11067255366743449
newbuild_houses,deprivation_z,-0.11063055989728815
newbuild_houses,imd_ex_housing,-0.11063055989728739
newbuild_houses,deprivation_moderator_value,-0.11063055989728739
newbuild_houses,deprivation_z_eda,-0.11063055989728642
newbuild_flats,degree_share_quartile,0.11042024628337879
owner_occupied_2011,shared_ownership_2011,-0.11040732870850967
median_price,shared_ownership_2011,0.1102898636303724
terraced_sale_share,newbuilds_prev3yr_per_1000,-0.1102554946310324
sale_count,nb_lag1,0.11014131413349734
private_rented_2011,income_z_eda,0.1100793946820397
log_baseline_income,private_rented_2011,0.11007939468202436
private_rented_2011,area_km2,-0.10979590318706288
newbuilds_prev3yr,social_rented_2011,0.10969558579539394
newbuilds_lag1,private_rent_share_2011,0.10941985284658425
baseline_households_2011,deprivation_quartile,0.10932327360809489
newbuild_houses,imd2015_income_rate_msoa,-0.10861945607062308
density_quartile,nb_lead1,-0.1081913537960864
newbuild_houses,imd2015_overall_score_pw,-0.10768737086469941
newbuilds_prev3yr_per_1000,private_rented_2011,0.1076245945677308
p75_ppsqm,newbuilds_prev3yr,0.10755841871706757
flat_sale_share,unemployment_rate_2011,0.10741872265117985
flat_sale_share,unemployment_z_eda,0.10741872265117529
flat_sale_share,unemployment_z,0.10741872265117439
semidetached_sale_share,newbuilds_lag3_per_1000,-0.10735102517009198
median_newbuild_floor_area,nb_lag1,-0.10683592019585235
mean_log_ppsqm,mean_newbuild_floor_area,0.10674568046502
median_ppsqm,newbuilds_prev3yr,0.10625346330928077
terraced_sale_share,newbuilds_prev3yr,-0.1062208712101607
median_newbuild_floor_area,newbuilds_lag1_per_1000,-0.10619238806951015
flat_sale_share,imd2015_income_rate_msoa,0.10602102955502997
median_newbuild_floor_area,newbuilds_prev3yr_per_1000,-0.10601285231791524
leasehold_sale_share,newbuilds_lag3_per_1000,0.10600400621262461
newbuilds_lag1,owner_share_2011,-0.105667045037992
mean_log_ppsqm,social_rented_2011,-0.10529954184320753
income_moderator_value,population_density_2011,0.10526363365029588
baseline_income_bhc_2011_12,population_density_2011,0.10526363365029588
income_z,population_density_2011,0.10526363365028371
median_newbuild_floor_area,population_2011,-0.10521947074475328
mean_newbuild_floor_area,nb_lag1,-0.10520103080772454
log_population_density_2011,nb_lead1,-0.10515260839467395
density_z,nb_lead1,-0.10515260839467282
nb_lead1,density_z_eda,-0.10515260839467137
mean_newbuild_floor_area,newbuilds_lag1_per_1000,-0.10490948599803039
newbuild_total,private_rent_share_2011,0.10484067893469856
semidetached_sale_share,social_rent_z,-0.10470485189579144
semidetached_sale_share,social_rent_share_2011,-0.1047048518957907
semidetached_sale_share,social_rent_z_eda,-0.1047048518957876
newbuild_flats,social_rent_share_2011,0.10442964142724706
newbuild_flats,social_rent_z,0.1044296414272469
newbuild_flats,social_rent_z_eda,0.10442964142724631
social_rented_2011,private_rent_share_2011,0.1044239729263316
log_median_ppsqm,newbuilds_lag3,0.10425851132697907
p75_ppsqm,newbuild_houses,-0.10396907005165873
newbuilds_prev3yr_per_1000,owner_share_2011,-0.10395351678597146
log_median_ppsqm,mean_newbuild_floor_area,0.103817483928862
area_km2,degree_share_2011,0.10372369237009323
area_km2,degree_share_z,0.10372369237009312
area_km2,degree_z_eda,0.10372369237009219
mean_newbuild_floor_area,newbuilds_prev3yr_per_1000,-0.10372035474756579
semidetached_sale_share,newbuilds_lag2_per_1000,-0.10361092851366004
sale_count,nb_lead1,0.10357300633710169
newbuilds_per_1000,density_quartile,-0.10308894064544775
newbuilds_lag3_per_1000,log_sale_count,0.10300995365800385
log_median_ppsqm,newbuilds_lag3_per_1000,0.10276663390769306
semidetached_sale_share,nb_lead3,-0.1026915804904256
median_ppsqm,newbuild_houses,-0.10253971949377595
mean_ppsqm,newbuilds_prev3yr,0.10250112283516889
semidetached_sale_share,nb_lag1,-0.10244155581128758
mean_ppsqm,newbuild_houses,-0.10241481640535713
mean_newbuild_floor_area,population_2011,-0.10227883431757995
newbuilds_per_1000,log_sale_count,0.10227507836742902
owner_share_2011,degree_share_2011,0.102085037270616
owner_share_2011,degree_z_eda,0.10208503727061495
owner_share_2011,degree_share_z,0.1020850372706146
terraced_sale_share,nb_lag1,-0.10193673356894765
baseline_households_2011,density_quartile,0.10192911885924176
owner_occupied_2011,degree_share_2011,0.10187592827669494
owner_occupied_2011,degree_share_z,0.10187592827669417
owner_occupied_2011,degree_z_eda,0.10187592827669308
semidetached_sale_share,newbuilds_lag1_per_1000,-0.10169708439596002
p25_ppsqm,newbuild_houses,-0.10167658856433393
semidetached_sale_share,density_z_eda,-0.10158169400182804
semidetached_sale_share,density_z,-0.10158169400182622
semidetached_sale_share,log_population_density_2011,-0.10158169400182215
log_median_ppsqm,newbuilds_lag2,0.10130589676693175
shared_ownership_2011,unemployment_quartile,0.10095904261788195
density_quartile,degree_share_quartile,-0.10064509023790524
log_median_ppsqm,density_z,0.10057646165263155
log_median_ppsqm,density_z_eda,0.10057646165262857
log_median_ppsqm,log_population_density_2011,0.10057646165262171
population_2011,unemployment_quartile,0.10037225772941073
sale_count,nb_lead3,0.10033527999086958
p25_ppsqm,newbuilds_prev3yr,0.10007735140494983
density_quartile,nb_lag1,-0.10004962548366157
private_rent_share_2011,social_rent_quartile,0.10001091490732941
newbuilds_lag3,social_rented_2011,0.09995826769922753
semidetached_sale_share,nb_lead2,-0.0999383135428386
log_median_ppsqm,social_rented_2011,-0.09985673190064809
p75_ppsqm,newbuilds_prev3yr_per_1000,0.09977798665224541
log_median_ppsqm,newbuilds_lag2_per_1000,0.09957834097713295
mean_log_ppsqm,newbuilds_lag3,0.09940761538385746
newbuilds_per_1000,log_population_density_2011,-0.09931447243282511
newbuilds_per_1000,density_z,-0.09931447243282406
newbuilds_per_1000,density_z_eda,-0.09931447243282243
median_ppsqm,newbuilds_prev3yr_per_1000,0.0991822599513229
newbuilds_prev3yr,degree_share_quartile,0.09902157667392734
semidetached_sale_share,nb_lead1,-0.09894086734042179
semidetached_sale_share,newbuilds_per_1000,-0.09888996680373727
terraced_sale_share,newbuilds_per_1000,-0.09885021093836335
newbuilds_prev3yr_per_1000,density_quartile,-0.09872771111416803
terraced_sale_share,nb_lead2,-0.09852034031374564
leasehold_sale_share,newbuilds_lag2_per_1000,0.09833207538668026
mean_log_ppsqm,newbuilds_lag3_per_1000,0.09822882543602303
newbuild_houses,imd_ex_housing_living,-0.09821552454423989
median_newbuild_floor_area,nb_lead1,-0.0977575389804477
newbuilds_prev3yr_per_1000,private_rent_share_2011,0.09761186781341544
log_median_ppsqm,newbuilds_lag1,0.09756869664561255
terraced_sale_share,nb_lead1,-0.09752978658772792
newbuild_total,owner_share_2011,-0.09752159558740597
baseline_income_lower_ci,population_density_2011,0.09705012556697261
terraced_sale_share,nb_lead3,-0.0969768740930606
mean_log_ppsqm,newbuilds_lag2,0.09686287170193744
terraced_sale_share,newbuilds_lag1_per_1000,-0.09675459635510844
flat_sale_share,log_sale_count,-0.09629351062060441
newbuild_flats,social_rent_quartile,0.0962632645666163
p75_ppsqm,newbuilds_lag3,0.09603925028900609
mean_ppsqm,newbuilds_prev3yr_per_1000,0.09599714606625896
degree_share_quartile,nb_lead3,0.0957968503134295
log_population_density_2011,nb_lag1,-0.09565152521786555
nb_lag1,density_z_eda,-0.09565152521786473
density_z,nb_lag1,-0.09565152521786376
mean_log_ppsqm,newbuilds_lag2_per_1000,0.09549812827198642
mean_newbuild_floor_area,nb_lead1,-0.09541684471572758
terraced_sale_share,newbuild_total,-0.09533709259571393
newbuilds_lag3_per_1000,owner_share_2011,-0.09521918198574608
log_median_ppsqm,newbuilds_lag1_per_1000,0.09506631190038085
newbuild_houses,private_rented_2011,-0.09498384419392147
median_floor_area,log_sale_count,0.09494758621545416
mean_log_ppsqm,density_z_eda,0.0949224995317753
mean_log_ppsqm,density_z,0.09492249953177347
mean_log_ppsqm,log_population_density_2011,0.09492249953176925
median_ppsqm,newbuilds_lag3,0.09486366985998815
newbuilds_lag3_per_1000,private_rented_2011,0.09474406373961501
newbuilds_prev3yr,degree_share_z,0.09464969993865241
newbuilds_prev3yr,degree_share_2011,0.09464969993865016
newbuilds_prev3yr,degree_z_eda,0.09464969993864873
p25_ppsqm,newbuilds_prev3yr_per_1000,0.09446157731834573
newbuilds_lag1_per_1000,density_quartile,-0.09446140113383598
mean_log_ppsqm,median_floor_area,0.09409042878516573
log_baseline_income,log_population_density_2011,-0.09407259987609179
log_baseline_income,density_z,-0.09407259987608947
log_baseline_income,density_z_eda,-0.09407259987608743
log_population_density_2011,income_z_eda,-0.09407259987603415
density_z,income_z_eda,-0.09407259987603017
income_z_eda,density_z_eda,-0.09407259987602963
terraced_sale_share,newbuilds_lag1,-0.09399713052517147
leasehold_sale_share,newbuilds_lag1_per_1000,0.09359133339781309
leasehold_sale_share,nb_lag1,0.09349097767635407
newbuilds_lag2_per_1000,log_sale_count,0.09345450605102917
mean_log_ppsqm,newbuilds_lag1,0.09342522353636995
terraced_sale_share,newbuilds_lag2_per_1000,-0.09240806381440124
baseline_households_2011,imd_ex_income_housing,0.09239237888872831
log_median_ppsqm,nb_lag1,0.09230954707631961
baseline_households_2011,social_rent_quartile,0.09225855662760103
newbuilds_lag2,social_rented_2011,0.0921228478357171
private_rent_share_2011,log_sale_count,-0.09196784425439633
median_newbuild_floor_area,newbuilds_lag2,-0.09172077304966124
newbuild_houses,imd2015_overall_bottom20_popshare_legacy,-0.09169202601829646
mean_ppsqm,newbuilds_lag3,0.09143337730817454
mean_log_ppsqm,newbuilds_lag1_per_1000,0.09131253160118812
newbuilds_prev3yr_per_1000,degree_share_quartile,0.09107091127925392
p75_ppsqm,newbuilds_lag2,0.09100185201337586
newbuilds_prev3yr_per_1000,log_population_density_2011,-0.09093341826740584
newbuilds_prev3yr_per_1000,density_z,-0.0909334182674056
newbuilds_prev3yr_per_1000,density_z_eda,-0.0909334182674051
degree_share_quartile,nb_lead2,0.09066493522280511
newbuild_total,degree_share_quartile,0.0906481210437011
newbuild_houses,median_newbuild_floor_area,-0.09037529672572589
median_ppsqm,newbuilds_lag2,0.09006383616272143
income_quartile,area_km2,0.09003649081399803
newbuilds_lag2_per_1000,private_rented_2011,0.08991312903566351
mean_newbuild_floor_area,newbuilds_lag2,-0.0897622008446002
terraced_sale_share,newbuilds_lag2,-0.08967500724662189
baseline_households_2011,unemployment_quartile,0.08960464807469631
newbuilds_lag1_per_1000,density_z,-0.08947516226157028
newbuilds_lag1_per_1000,log_population_density_2011,-0.08947516226157012
newbuilds_lag1_per_1000,density_z_eda,-0.08947516226156864
p75_ppsqm,newbuilds_lag3_per_1000,0.08943310587354963
terraced_sale_share,newbuild_houses,-0.08931211326853529
p25_ppsqm,newbuilds_lag3,0.08915917410408042
median_ppsqm,newbuilds_lag3_per_1000,0.0888444611368059
mean_log_ppsqm,nb_lag1,0.08846472759525106
newbuilds_lag1,degree_share_quartile,0.08821509791700327
p75_ppsqm,log_sale_count,-0.08818234169476881
private_rented_2011,nb_lead3,0.08787222483270112
degree_share_quartile,nb_lead1,0.08783805574044984
terraced_sale_share,newbuilds_lag3_per_1000,-0.08782611760697041
population_2011,unemployment_rate_2011,0.08771152250762546
population_2011,unemployment_z,0.08771152250762462
population_2011,unemployment_z_eda,0.08771152250762387
newbuilds_lag1_per_1000,log_sale_count,0.08739449136509572
median_ppsqm,log_sale_count,-0.08737697183652679
private_rented_2011,nb_lag1,0.0872506759236297
median_price,newbuild_flats,0.08696320782663863
newbuilds_lag2_per_1000,owner_share_2011,-0.08693390174521398
mean_ppsqm,newbuilds_lag2,0.08683412793502544
newbuilds_lag1_per_1000,private_rented_2011,0.08632217551759856
newbuilds_lag1,social_rented_2011,0.08632073124737746
semidetached_sale_share,imd2015_overall_score_pw,-0.08625994169651595
mean_ppsqm,mean_newbuild_floor_area,0.08619763326047139
leasehold_sale_share,newbuilds_per_1000,0.08613712564767624
degree_share_quartile,nb_lag1,0.08605149422825926
mean_ppsqm,newbuilds_lag3_per_1000,0.08587312399058765
nb_lag1,log_sale_count,0.0858431935525845
p75_ppsqm,newbuilds_lag1,0.08582098494658297
newbuilds_lag3_per_1000,private_rent_share_2011,0.08577103490988366
log_median_ppsqm,median_floor_area,0.08564958679615133
baseline_households_2011,deprivation_z_eda,0.08538185171524512
baseline_households_2011,imd_ex_housing,0.08538185171524491
baseline_households_2011,deprivation_moderator_value,0.08538185171524491
baseline_households_2011,deprivation_z,0.08538185171524484
p75_ppsqm,mean_newbuild_floor_area,0.08529146874174677
terraced_sale_share,newbuilds_lag3,-0.08512614380899046
median_price,detached_sale_share,0.0848753110915999
p25_ppsqm,newbuilds_lag2,0.08476765994705605
newbuild_houses,mean_newbuild_floor_area,-0.0847551013248823
private_rented_2011,nb_lead2,0.08467506533750131
median_newbuild_floor_area,newbuilds_lag3,-0.08466532327851382
median_ppsqm,newbuilds_lag1,0.08462809056572873
newbuilds_per_1000,degree_share_quartile,0.08456014638671362
newbuild_total,degree_z_eda,0.0844419079090097
newbuild_total,degree_share_z,0.08444190790900953
newbuild_total,degree_share_2011,0.08444190790900921
p25_ppsqm,newbuilds_lag3_per_1000,0.08435263463257496
newbuild_houses,imd_ex_housing_bottom20_popshare,-0.08426052280002233
median_newbuild_floor_area,newbuilds_lag2_per_1000,-0.08417194005412831
newbuild_flats,baseline_income_upper_ci,0.08417171986082166
p75_ppsqm,newbuilds_lag2_per_1000,0.0840949197440165
degree_share_2011,nb_lead3,0.08407955844200646
nb_lead3,degree_z_eda,0.08407955844200632
degree_share_z,nb_lead3,0.08407955844200611
median_ppsqm,newbuilds_lag2_per_1000,0.08377743429169304
private_rented_2011,nb_lead1,0.08294400341976084
newbuilds_lag1,degree_share_z,0.0828439770858593
newbuilds_lag1,degree_share_2011,0.08284397708585844
newbuilds_lag1,degree_z_eda,0.08284397708585771
mean_newbuild_floor_area,newbuilds_lag3,-0.08275744587377871
newbuilds_lag2,degree_share_quartile,0.08263344486005249
newbuilds_lag2_per_1000,density_quartile,-0.08258238380371198
newbuilds_prev3yr_per_1000,degree_share_z,0.08226651035189704
newbuilds_prev3yr_per_1000,degree_share_2011,0.08226651035189628
newbuilds_prev3yr_per_1000,degree_z_eda,0.08226651035189558
newbuilds_per_1000,private_rented_2011,0.08181738350771083
log_median_ppsqm,newbuild_total,0.08179865258318221
mean_ppsqm,newbuilds_lag1,0.08176185245953463
mean_newbuild_floor_area,newbuilds_lag2_per_1000,-0.0817061526113425
newbuilds_lag2_per_1000,private_rent_share_2011,0.08169119306697266
newbuilds_lag1_per_1000,degree_share_quartile,0.08148999574908199
shared_ownership_2011,log_sale_count,0.08138503272371717
nb_lead1,log_sale_count,0.08135698613679801
flat_sale_share,imd_ex_housing,0.08131544615524927
flat_sale_share,deprivation_moderator_value,0.08131544615524927
flat_sale_share,deprivation_z_eda,0.08131544615524776
flat_sale_share,deprivation_z,0.08131544615524752
mean_ppsqm,newbuilds_lag2_per_1000,0.08102036206397935
income_quartile,nb_lead3,0.08093952018728304
nb_lead3,log_sale_count,0.08092060111995136
p25_ppsqm,log_sale_count,-0.080868201567688
log_baseline_income,density_quartile,-0.08034997045610051
density_quartile,income_z_eda,-0.08034997045604464
leasehold_sale_share,nb_lead2,0.08032561957391712
leasehold_sale_share,nb_lead1,0.08028740356013726
mean_ppsqm,log_sale_count,-0.08019419641163558
newbuild_total,density_quartile,-0.08009239618537038
median_ppsqm,mean_newbuild_floor_area,0.07996145521858133
p25_ppsqm,newbuilds_lag1,0.079945745049215
newbuilds_lag1_per_1000,owner_share_2011,-0.07983616639692627
p25_ppsqm,newbuilds_lag2_per_1000,0.07973337856831997
newbuilds_lag3,degree_share_quartile,0.07972959043388271
degree_share_z,nb_lead2,0.0797213913875931
nb_lead2,degree_z_eda,0.0797213913875927
degree_share_2011,nb_lead2,0.07972139138759238
flat_sale_share,imd2015_overall_bottom20_popshare_legacy,0.07957275575787398
population_density_2011,nb_lead3,-0.07939405741409646
newbuild_total,social_rented_2011,0.07930276786459699
newbuilds_lag2,degree_share_z,0.07910247151307773
newbuilds_lag2,degree_z_eda,0.07910247151307696
newbuilds_lag2,degree_share_2011,0.07910247151307649
population_density_2011,degree_share_quartile,0.07910008179873282
private_rent_share_2011,nb_lead3,0.07904593957919616
private_rent_share_2011,nb_lag1,0.07892261459582177
mean_log_ppsqm,median_newbuild_floor_area,0.07879810295663305
newbuild_houses,social_rent_z,-0.07875824421337926
newbuild_houses,social_rent_z_eda,-0.07875824421337771
newbuild_houses,social_rent_share_2011,-0.07875824421337667
log_median_ppsqm,newbuilds_per_1000,0.07875213464865992
leasehold_sale_share,nb_lead3,0.0783787105701846
newbuilds_lag1_per_1000,private_rent_share_2011,0.07830048367863464
mean_log_ppsqm,newbuild_total,0.07820829431244374
newbuild_flats,baseline_income_bhc_2011_12,0.07789925172600959
newbuild_flats,income_moderator_value,0.07789925172600959
newbuild_flats,income_z,0.07789925172600673
p75_ppsqm,newbuilds_lag1_per_1000,0.07782499573801527
baseline_households_2011,imd2015_overall_score_pw,0.07778040851492694
semidetached_sale_share,social_rent_quartile,-0.07771121075506988
newbuilds_lag3,degree_z_eda,0.07767188624860898
newbuilds_lag3,degree_share_z,0.07767188624860895
newbuilds_lag3,degree_share_2011,0.07767188624860824
degree_share_z,nb_lead1,0.07750321025445198
degree_share_2011,nb_lead1,0.07750321025445152
nb_lead1,degree_z_eda,0.07750321025445037
baseline_households_2011,newbuild_houses,0.07735555177714519
median_ppsqm,newbuilds_lag1_per_1000,0.07723227610921055
owner_share_2011,nb_lag1,-0.07707801720702727
income_quartile,nb_lead2,0.07691186341783382
newbuilds_prev3yr_per_1000,income_quartile,0.07688794965289443
median_ppsqm,population_2011,0.07655720625092861
degree_share_2011,nb_lag1,0.07643465712028788
degree_share_z,nb_lag1,0.07643465712028749
nb_lag1,degree_z_eda,0.07643465712028735
log_median_ppsqm,median_newbuild_floor_area,0.07637943352511052
imd2015_income_rate_msoa,shared_ownership_2011,0.07637214301216946
sale_count,nb_lead2,0.07630100071645672
p25_ppsqm,mean_newbuild_floor_area,0.07612790942420138
newbuilds_lag2_per_1000,log_population_density_2011,-0.07596844875060282
newbuilds_lag2_per_1000,density_z_eda,-0.07596844875060188
newbuilds_lag2_per_1000,density_z,-0.0759684487506011
median_newbuild_floor_area,newbuilds_lag3_per_1000,-0.0759535346492388
private_rent_share_2011,nb_lead2,0.07587228068824345
newbuild_flats,income_z_eda,0.07577700879117882
newbuild_flats,log_baseline_income,0.0757770087911761
mean_log_ppsqm,newbuilds_per_1000,0.07563408361464675
median_floor_area,semidetached_sale_share,0.07555734235477986
newbuilds_lag2_per_1000,degree_share_quartile,0.07554979548005217
newbuild_total,log_population_density_2011,-0.07541384321752544
newbuild_total,density_z,-0.07541384321752499
newbuild_total,density_z_eda,-0.07541384321752446
newbuild_flats,income_quartile,0.0752879817582049
p25_ppsqm,population_2011,0.07514764592788739
income_quartile,nb_lead1,0.07509288025721977
p75_ppsqm,population_2011,0.07509170979455294
mean_ppsqm,newbuilds_lag1_per_1000,0.07492694337016206
p75_ppsqm,nb_lag1,0.07453770558648866
population_density_2011,nb_lead2,-0.07448369609450181
newbuild_houses,population_2011,0.07446333054644759
p25_ppsqm,area_km2,-0.07445040426316771
newbuilds_per_1000,degree_z_eda,0.07436502876368549
newbuilds_per_1000,degree_share_z,0.07436502876368495
newbuilds_per_1000,degree_share_2011,0.07436502876368488
private_rent_share_2011,nb_lead1,0.07415841356454636
mean_newbuild_floor_area,newbuilds_lag3_per_1000,-0.07387819190040251
median_ppsqm,nb_lag1,0.07387527379408762
p25_ppsqm,newbuilds_lag1_per_1000,0.07385661275519205
newbuilds_prev3yr,income_quartile,0.07379343860778172
income_quartile,nb_lag1,0.07362590050537417
newbuilds_per_1000,private_rent_share_2011,0.0734835839415027
baseline_households_2011,degree_z_eda,0.07343160503226008
baseline_households_2011,degree_share_z,0.07343160503225886
baseline_households_2011,degree_share_2011,0.07343160503225796
baseline_households_2011,social_rent_z_eda,0.07337170514883844
baseline_households_2011,social_rent_z,0.07337170514883791
baseline_households_2011,social_rent_share_2011,0.07337170514883701
mean_ppsqm,population_2011,0.07324332556176061
flat_sale_share,imd_ex_income_housing,0.07314500650079084
newbuilds_prev3yr,density_quartile,-0.07300921899094842
newbuilds_per_1000,income_quartile,0.07276523384076614
social_rent_quartile,population_2011,0.07258341605766974
deprivation_quartile,population_2011,0.07228806330783244
newbuilds_lag1_per_1000,degree_share_z,0.0721869555411554
newbuilds_lag1_per_1000,degree_z_eda,0.07218695554115488
newbuilds_lag1_per_1000,degree_share_2011,0.07218695554115465
baseline_households_2011,imd_ex_housing_living,0.07213120238731342
newbuilds_lag1,density_quartile,-0.07213073241222022
newbuild_flats,baseline_income_lower_ci,0.071882533274934
newbuilds_lag3_per_1000,degree_share_quartile,0.07167014760884372
log_median_ppsqm,nb_lead1,0.07161816331531017
mean_ppsqm,nb_lag1,0.07151481181568166
sale_count,mean_log_ppsqm,0.07117268380834117
newbuilds_per_1000,owner_share_2011,-0.07103883544320001
newbuilds_lag3_per_1000,density_quartile,-0.07042433746711034
p25_ppsqm,nb_lag1,0.07037818720497391
terraced_sale_share,population_2011,0.06988775459487313
newbuilds_lag1_per_1000,income_quartile,0.06972294144782999
median_ppsqm,area_km2,-0.06967389000947014
sale_count,log_median_ppsqm,0.06951144087924443
median_floor_area,newbuilds_prev3yr,-0.06942491034880927
population_density_2011,nb_lead1,-0.06941863885062494
newbuild_total,income_quartile,0.06930303887903087
p75_ppsqm,newbuild_total,0.06903932415349913
baseline_households_2011,imd2015_income_rate_msoa,0.06892466348280006
area_km2,log_sale_count,0.06889588403815611
mean_log_ppsqm,nb_lead1,0.06888094335553066
newbuild_flats,unemployment_quartile,0.06882112866636643
median_floor_area,d_log_price_lag1,-0.06875565382749715
median_ppsqm,newbuild_total,0.06847059706209904
owner_share_2011,nb_lead1,-0.06836187249544091
newbuilds_lag2_per_1000,degree_share_z,0.06830773428890116
newbuilds_lag2_per_1000,degree_z_eda,0.06830773428889927
newbuilds_lag2_per_1000,degree_share_2011,0.06830773428889923
median_newbuild_floor_area,nb_lead2,-0.06749106380941094
owner_share_2011,nb_lead2,-0.06734945444058933
deprivation_quartile,shared_ownership_2011,0.0672391269507297
newbuilds_lag1,income_quartile,0.06687044236504773
median_floor_area,d_log_price,-0.06673685246369745
log_median_ppsqm,nb_lead2,0.06667427223470711
shared_ownership_2011,area_km2,-0.0664741167756902
unemployment_quartile,nb_lead3,-0.06638721725230012
owner_share_2011,nb_lead3,-0.0663552119086737
newbuilds_lag1,log_population_density_2011,-0.0663248508385833
newbuilds_lag1,density_z_eda,-0.06632485083858249
newbuilds_lag1,density_z,-0.06632485083858151
newbuilds_lag3_per_1000,degree_z_eda,0.06620513560295409
newbuilds_lag3_per_1000,degree_share_z,0.066205135602954
newbuilds_lag3_per_1000,degree_share_2011,0.06620513560295355
mean_log_ppsqm,newbuild_houses,-0.06592949108546901
median_floor_area,newbuilds_lag3,-0.06579895949942
mean_ppsqm,newbuild_total,0.06570967557215666
semidetached_sale_share,imd2015_overall_bottom20_popshare_legacy,-0.0655196710710291
newbuild_houses,social_rent_quartile,-0.0650999613607293
population_density_2011,income_z_eda,0.06506333846639573
log_baseline_income,population_density_2011,0.06506333846634536
median_price,newbuilds_prev3yr_per_1000,0.06505150088622687
newbuilds_per_1000,population_density_2011,-0.06503343531087664
log_median_ppsqm,newbuild_houses,-0.06470983907632938
semidetached_sale_share,unemployment_z,-0.06456205527183541
semidetached_sale_share,unemployment_rate_2011,-0.06456205527183519
semidetached_sale_share,unemployment_z_eda,-0.0645620552718351
newbuilds_prev3yr,log_population_density_2011,-0.06446209261352466
newbuilds_prev3yr,density_z,-0.06446209261352423
newbuilds_prev3yr,density_z_eda,-0.06446209261352391
p25_ppsqm,newbuild_total,0.0643256933423618
newbuilds_prev3yr_per_1000,social_rented_2011,0.06430606185315037
mean_log_ppsqm,nb_lead2,0.06421749518538636
imd2015_income_rate_msoa,population_2011,0.06418972356667077
income_quartile,private_rent_share_2011,0.06400830837505458
log_median_ppsqm,population_2011,0.0639253787780165
newbuilds_lag2_per_1000,income_quartile,0.06373863151172551
nb_lead3,income_z_eda,0.06315506506845747
log_baseline_income,nb_lead3,0.06315506506844767
log_median_ppsqm,nb_lead3,0.0630500469343252
mean_newbuild_floor_area,nb_lead2,-0.06277227263678195
newbuilds_prev3yr_per_1000,owner_occupied_2011,-0.06266492365962534
nb_lead2,log_sale_count,0.06245777286717835
newbuilds_lag3_per_1000,log_population_density_2011,-0.062312347394586125
newbuilds_lag3_per_1000,density_z_eda,-0.06231234739458463
newbuilds_lag3_per_1000,density_z,-0.062312347394584564
unemployment_quartile,nb_lead2,-0.06203490364246283
population_density_2011,nb_lag1,-0.06200950251361812
newbuilds_lag3_per_1000,social_rented_2011,0.061806263380291236
mean_ppsqm,area_km2,-0.061779239408248116
private_rented_2011,log_sale_count,0.06164682936830394
p75_ppsqm,area_km2,-0.06163528671903833
newbuilds_lag2,density_quartile,-0.06151575082996398
newbuilds_lag2,income_quartile,0.06143067052934517
newbuild_flats,deprivation_quartile,0.061396212771550565
mean_log_ppsqm,nb_lead3,0.06124361271831852
imd2015_overall_score_pw,population_2011,0.061054351896368375
mean_ppsqm,median_newbuild_floor_area,0.06105293469084908
income_quartile,private_rented_2011,0.06102954911869115
mean_log_ppsqm,population_2011,0.06098657413965905
median_ppsqm,newbuilds_per_1000,0.060711908090285774
p75_ppsqm,newbuilds_per_1000,0.06070934331381555
median_price,newbuild_houses,-0.06058223419988666
newbuilds_prev3yr,social_rent_quartile,0.06054834558259267
detached_sale_share,semidetached_sale_share,0.060467580519046576
social_rent_z,population_2011,0.06017647029658122
social_rent_share_2011,population_2011,0.06017647029657994
population_2011,social_rent_z_eda,0.060176470296579285
nb_lead2,income_z_eda,0.06002269574766521
log_baseline_income,nb_lead2,0.06002269574764874
p75_ppsqm,median_newbuild_floor_area,0.0598709640048074
imd2015_overall_score_pw,shared_ownership_2011,0.059826359179167364
baseline_income_upper_ci,nb_lead3,0.05969250270421998
newbuilds_lag3_per_1000,income_quartile,0.05956505021535294
log_baseline_income,area_km2,0.059486602111846254
area_km2,income_z_eda,0.05948660211180472
newbuilds_prev3yr_per_1000,log_baseline_income,0.0594146157662168
newbuilds_prev3yr_per_1000,income_z_eda,0.059414615766201766
deprivation_quartile,nb_lead3,-0.059239330482564356
median_price,newbuilds_prev3yr,0.059014845997017236
mean_log_ppsqm,d_log_price_lag1,0.05880261877928386
newbuilds_prev3yr,log_baseline_income,0.05879217007791283
newbuilds_prev3yr,income_z_eda,0.058792170077899435
newbuilds_lag3,social_rent_quartile,0.05875471354538621
log_baseline_income,nb_lead1,0.05867196387116986
nb_lead1,income_z_eda,0.05867196387113471
degree_share_z,d_log_price_lag1,-0.05862602982970555
d_log_price_lag1,degree_z_eda,-0.05862602982970447
degree_share_2011,d_log_price_lag1,-0.058626029829703774
unemployment_quartile,nb_lead1,-0.05856091238009891
mean_ppsqm,newbuilds_per_1000,0.058543530673134676
log_median_ppsqm,d_log_price_lag1,0.058519447638262494
imd_ex_housing_living,nb_lead3,-0.058414696308124965
newbuilds_lag3,income_quartile,0.058359594824845006
newbuilds_prev3yr,social_rent_z_eda,0.05835405120329441
newbuilds_prev3yr,social_rent_share_2011,0.058354051203294365
newbuilds_prev3yr,social_rent_z,0.05835405120329369
newbuilds_prev3yr,baseline_income_upper_ci,0.058141200128799815
private_rented_2011,social_rent_z,0.058128023734015585
private_rented_2011,social_rent_z_eda,0.05812802373401516
private_rented_2011,social_rent_share_2011,0.05812802373401359
newbuild_flats,area_km2,-0.05809452965398524
p25_ppsqm,newbuilds_per_1000,0.05803278653376907
median_price,newbuilds_lag3_per_1000,0.0579010636376293
newbuild_houses,social_rented_2011,-0.05789299635699361
log_baseline_income,nb_lag1,0.05762843694319299
nb_lag1,income_z_eda,0.05762843694315934
newbuilds_lag1_per_1000,population_density_2011,-0.05761429973503542
baseline_households_2011,newbuilds_prev3yr_per_1000,0.05759199347898358
median_floor_area,newbuilds_lag2,-0.057381403352867774
sale_count,newbuild_flats,0.0572349475616117
unemployment_quartile,d_log_price_lag1,0.057032418364380146
baseline_income_lower_ci,log_population_density_2011,-0.05702811448419921
baseline_income_lower_ci,density_z,-0.05702811448419636
baseline_income_lower_ci,density_z_eda,-0.05702811448419531
newbuilds_prev3yr_per_1000,baseline_income_upper_ci,0.05700707997819919
shared_ownership_2011,unemployment_rate_2011,0.056903259667186894
shared_ownership_2011,unemployment_z,0.056903259667185714
shared_ownership_2011,unemployment_z_eda,0.05690325966718552
newbuilds_per_1000,log_baseline_income,0.05683265938858744
newbuilds_per_1000,income_z_eda,0.056832659388573806
newbuild_flats,imd2015_overall_score_pw,0.05671883759012149
baseline_income_upper_ci,nb_lead2,0.05671662589376451
newbuilds_prev3yr_per_1000,population_density_2011,-0.056593293893005804
imd_ex_income_housing,nb_lead3,-0.05651922058471918
terraced_sale_share,leasehold_sale_share,-0.05645318537260112
unemployment_rate_2011,nb_lead3,-0.056059112927575434
nb_lead3,unemployment_z_eda,-0.056059112927574664
unemployment_z,nb_lead3,-0.056059112927574414
newbuilds_lag3,social_rent_z,0.05591662617063286
newbuilds_lag3,social_rent_share_2011,0.05591662617063259
newbuilds_lag3,social_rent_z_eda,0.05591662617063184
median_ppsqm,median_newbuild_floor_area,0.05590789310918504
d_log_price,degree_z_eda,-0.05577151223332626
degree_share_z,d_log_price,-0.05577151223332559
degree_share_2011,d_log_price,-0.05577151223332553
income_z,nb_lead3,0.05568591966385608
baseline_income_bhc_2011_12,nb_lead3,0.05568591966385483
income_moderator_value,nb_lead3,0.05568591966385483
median_newbuild_floor_area,nb_lead3,-0.05562379123629497
newbuilds_lag3_per_1000,owner_occupied_2011,-0.055532242275292715
newbuild_total,log_baseline_income,0.05547567723951924
newbuild_total,income_z_eda,0.05547567723950679
median_price,density_quartile,0.05539594396679638
baseline_income_upper_ci,nb_lead1,0.055315256798291475
median_price,newbuilds_lag2_per_1000,0.0552452466555928
newbuilds_prev3yr_per_1000,population_2011,0.05509646559930933
semidetached_sale_share,area_km2,-0.054982658415135464
nb_lead3,deprivation_z_eda,-0.054963878284382095
deprivation_z,nb_lead3,-0.05496387828438128
deprivation_moderator_value,nb_lead3,-0.05496387828438115
imd_ex_housing,nb_lead3,-0.05496387828438115
imd2015_income_rate_msoa,d_log_price_lag1,0.05484915130338482
terraced_sale_share,newbuild_flats,-0.05482835342316743
detached_sale_share,nb_lead3,0.054619092462643716
baseline_income_upper_ci,nb_lag1,0.05461019721547136
deprivation_quartile,nb_lead2,-0.054315891188867704
newbuilds_lag2,log_population_density_2011,-0.0542397185617793
newbuilds_lag2,density_z,-0.054239718561778914
newbuilds_lag2,density_z_eda,-0.05423971856177881
unemployment_quartile,d_log_price,0.0541441977873507
imd_ex_housing_living,nb_lead2,-0.05404915469541476
newbuilds_lag1_per_1000,log_baseline_income,0.05401422910205719
newbuilds_lag1_per_1000,income_z_eda,0.05401422910204436
newbuild_houses,newbuild_flats,0.05384927110188765
newbuild_total,baseline_income_upper_ci,0.053775931727071236
baseline_households_2011,newbuilds_lag3_per_1000,0.05375902649844115
median_ppsqm,nb_lead1,0.05373535103707136
p75_ppsqm,nb_lead1,0.053728863219029914
newbuilds_lag2_per_1000,social_rented_2011,0.053652782244961804
newbuilds_per_1000,baseline_income_upper_ci,0.05350700617748008
newbuilds_per_1000,unemployment_quartile,-0.05345213283819301
p25_ppsqm,median_newbuild_floor_area,0.053268334117726975
semidetached_sale_share,imd2015_income_rate_msoa,-0.053239028023911346
newbuilds_lag1,log_baseline_income,0.05321209787972323
newbuilds_lag1,income_z_eda,0.05321209787971112
newbuilds_prev3yr,income_z,0.053194982965077416
newbuilds_prev3yr,income_moderator_value,0.05319498296507489
newbuilds_prev3yr,baseline_income_bhc_2011_12,0.05319498296507489
median_floor_area,newbuilds_lag1,-0.05316389322181844
degree_share_quartile,d_log_price_lag1,-0.05302507911388494
income_moderator_value,nb_lead2,0.05290846355004767
baseline_income_bhc_2011_12,nb_lead2,0.05290846355004767
income_z,nb_lead2,0.05290846355004741
imd2015_income_rate_msoa,d_log_price,0.05289868372897448
median_price,newbuilds_lag3,0.05284414057481744
newbuilds_lag2_per_1000,owner_occupied_2011,-0.052667615814494605
newbuilds_prev3yr_per_1000,income_z,0.05256729053252451
newbuilds_prev3yr_per_1000,income_moderator_value,0.05256729053252332
newbuilds_prev3yr_per_1000,baseline_income_bhc_2011_12,0.05256729053252332
unemployment_rate_2011,d_log_price_lag1,0.052559949894477855
unemployment_z,d_log_price_lag1,0.0525599498944769
d_log_price_lag1,unemployment_z_eda,0.052559949894476696
detached_sale_share,nb_lead2,0.05255319286412071
imd_ex_income_housing,nb_lead2,-0.05248837510990684
detached_sale_share,nb_lead1,0.052458885946126355
area_km2,nb_lead3,0.052447875226344184
nb_lead2,unemployment_z_eda,-0.05222128611195612
unemployment_z,nb_lead2,-0.05222128611195599
unemployment_rate_2011,nb_lead2,-0.05222128611195561
baseline_households_2011,p75_ppsqm,0.052221080881208304
newbuilds_lag1,baseline_income_upper_ci,0.05207673227287528
baseline_income_lower_ci,nb_lead3,0.05198153561895718
income_z,log_population_density_2011,-0.05191895962433924
income_z,density_z,-0.051918959624336604
income_z,density_z_eda,-0.051918959624334564
income_moderator_value,log_population_density_2011,-0.05191895962432424
baseline_income_bhc_2011_12,log_population_density_2011,-0.05191895962432424
income_moderator_value,density_z,-0.05191895962432276
baseline_income_bhc_2011_12,density_z,-0.05191895962432276
baseline_income_bhc_2011_12,density_z_eda,-0.051918959624321144
income_moderator_value,density_z_eda,-0.051918959624321144
mean_ppsqm,nb_lead1,0.05188118502890252
baseline_income_bhc_2011_12,nb_lead1,0.051634309852381106
income_moderator_value,nb_lead1,0.051634309852381106
income_z,nb_lead1,0.05163430985238054
deprivation_moderator_value,population_2011,0.051605469212930355
imd_ex_housing,population_2011,0.051605469212930355
deprivation_z,population_2011,0.0516054692129298
population_2011,deprivation_z_eda,0.05160546921292927
detached_sale_share,d_log_price_lag1,-0.0514693440897308
unemployment_quartile,nb_lag1,-0.05140250524544452
imd2015_income_rate_msoa,nb_lead3,-0.05138043546251389
newbuilds_lag1_per_1000,baseline_income_upper_ci,0.05130955999232019
imd_ex_housing_living,nb_lead1,-0.051300906280275164
p25_ppsqm,nb_lead1,0.051120415651217006
d_log_price,unemployment_z_eda,0.05100609202699568
unemployment_rate_2011,d_log_price,0.051006092026995534
unemployment_z,d_log_price,0.05100609202699521
newbuilds_lag2,social_rent_quartile,0.05090115789562096
baseline_income_bhc_2011_12,nb_lag1,0.05087566247011045
income_moderator_value,nb_lag1,0.05087566247011045
income_z,nb_lag1,0.05087566247010881
deprivation_quartile,nb_lead1,-0.050792459361157026
imd_ex_housing,nb_lead2,-0.050772705926425125
deprivation_moderator_value,nb_lead2,-0.050772705926425125
nb_lead2,deprivation_z_eda,-0.05077270592642319
deprivation_z,nb_lead2,-0.050772705926423176
mean_log_ppsqm,log_sale_count,0.050726508669250304
median_price,newbuilds_lag1_per_1000,0.05071159089085238
newbuilds_lag3,density_quartile,-0.05056027005610031
median_price,newbuilds_lag2,0.05043098003132852
degree_share_quartile,d_log_price,-0.05019986169685144
newbuilds_lag3_per_1000,population_2011,0.05002499186993768
p75_ppsqm,nb_lead2,0.05001287798308685
imd_ex_income_housing,nb_lead1,-0.049990814841430586
newbuilds_per_1000,income_z,0.04998943831694159
newbuilds_per_1000,income_moderator_value,0.049989438316939146
newbuilds_per_1000,baseline_income_bhc_2011_12,0.049989438316939146
mean_newbuild_floor_area,nb_lead3,-0.04989867804783474
newbuild_total,income_z,0.04978469391559029
newbuild_total,income_moderator_value,0.049784693915589415
newbuild_total,baseline_income_bhc_2011_12,0.049784693915589415
p25_ppsqm,social_rent_quartile,-0.04969289496457896
newbuilds_lag1_per_1000,owner_occupied_2011,-0.0496134205502434
unemployment_rate_2011,nb_lead1,-0.04943547995281547
unemployment_z,nb_lead1,-0.0494354799528154
nb_lead1,unemployment_z_eda,-0.04943547995281514
baseline_income_lower_ci,nb_lead2,0.049431481216742616
sale_count,median_floor_area,0.049385197666086254
d_log_price_lag1,social_rent_z_eda,0.04935668695072539
social_rent_share_2011,d_log_price_lag1,0.04935668695072527
social_rent_z,d_log_price_lag1,0.04935668695072492
imd_ex_housing_living,d_log_price_lag1,0.04929979926880661
newbuilds_lag2_per_1000,log_baseline_income,0.049232634761938135
newbuilds_lag2_per_1000,income_z_eda,0.04923263476192648
median_ppsqm,nb_lead2,0.04910441060696092
newbuilds_lag2,social_rent_share_2011,0.04907477835354965
newbuilds_lag2,social_rent_z,0.049074778353548544
newbuilds_lag2,social_rent_z_eda,0.0490747783535485
baseline_households_2011,median_ppsqm,0.04899361362022853
newbuilds_lag2,log_baseline_income,0.04891445107150212
newbuilds_lag2,income_z_eda,0.0489144510714902
area_km2,nb_lead2,0.048880534392797666
imd2015_overall_bottom20_popshare_legacy,population_2011,0.04880026273951301
newbuilds_prev3yr_per_1000,social_rent_share_2011,0.04874036728579366
newbuilds_prev3yr_per_1000,social_rent_z,0.0487403672857936
newbuilds_prev3yr_per_1000,social_rent_z_eda,0.048740367285792605
newbuilds_prev3yr,baseline_income_lower_ci,0.04864302306162006
baseline_households_2011,imd_ex_housing_bottom20_popshare,0.04854143612869519
newbuilds_prev3yr_per_1000,baseline_income_lower_ci,0.04850853216332332
log_population_density_2011,degree_share_z,-0.0485066346679648
log_population_density_2011,degree_share_2011,-0.048506634667964045
density_z,degree_share_2011,-0.04850663466796365
log_population_density_2011,degree_z_eda,-0.048506634667963275
degree_share_2011,density_z_eda,-0.04850663466796267
density_z,degree_z_eda,-0.04850663466796251
density_z,degree_share_z,-0.04850663466796227
degree_share_z,density_z_eda,-0.048506634667961346
density_z_eda,degree_z_eda,-0.04850663466796011
newbuilds_lag2,baseline_income_upper_ci,0.048373646990069394
baseline_income_lower_ci,nb_lead1,0.04833842140815034
imd_ex_housing_living,d_log_price,0.04824005654437149
newbuilds_lag3_per_1000,social_rent_share_2011,0.04814558200755341
newbuilds_lag3_per_1000,social_rent_z,0.048145582007552014
newbuilds_lag3_per_1000,social_rent_z_eda,0.048145582007550855
imd_ex_housing,nb_lead1,-0.04807433864314957
deprivation_moderator_value,nb_lead1,-0.04807433864314957
deprivation_z,nb_lead1,-0.04807433864314935
nb_lead1,deprivation_z_eda,-0.04807433864314929
owner_occupied_2011,nb_lag1,-0.04801652499913247
detached_sale_share,newbuilds_per_1000,0.04795215061013934
newbuilds_lag1,income_z,0.04794027945099995
newbuilds_lag1,income_moderator_value,0.04794027945099807
newbuilds_lag1,baseline_income_bhc_2011_12,0.04794027945099807
log_median_ppsqm,log_sale_count,0.04786178450564774
newbuilds_lag2_per_1000,population_density_2011,-0.04775206994327601
baseline_households_2011,newbuilds_lag2_per_1000,0.04769826745573606
mean_ppsqm,nb_lead2,0.04769379753088297
newbuilds_lag1_per_1000,income_z,0.047648010347793805
newbuilds_lag1_per_1000,income_moderator_value,0.04764801034779194
newbuilds_lag1_per_1000,baseline_income_bhc_2011_12,0.04764801034779194
sale_count,leasehold_sale_share,-0.047611186869886364
baseline_income_lower_ci,nb_lag1,0.04747187498991864
sale_count,p75_ppsqm,-0.04729218190062044
newbuild_flats,unemployment_rate_2011,0.04728485436244134
newbuild_flats,unemployment_z,0.04728485436244091
newbuild_flats,unemployment_z_eda,0.04728485436244068
imd_ex_income_housing,population_2011,0.04726634610067623
newbuilds_lag2_per_1000,baseline_income_upper_ci,0.04721756408180297
median_price,nb_lag1,0.047107486035849654
newbuilds_per_1000,imd_ex_housing_living,-0.047053782716589755
imd2015_overall_score_pw,d_log_price_lag1,0.0470168868291135
deprivation_quartile,d_log_price_lag1,0.04689859839100877
newbuilds_lag3_per_1000,social_rent_quartile,0.046818554805279376
newbuilds_lag1_per_1000,social_rented_2011,0.04680088445220347
newbuilds_per_1000,baseline_income_lower_ci,0.04679275725507545
imd2015_income_rate_msoa,nb_lead2,-0.04673220383390039
newbuilds_lag3,baseline_income_upper_ci,0.046663909337067044
newbuild_total,population_density_2011,-0.04661507718190089
imd_ex_housing_bottom20_popshare,nb_lead3,-0.0466149614416543
newbuilds_lag3,log_baseline_income,0.04659434903414897
newbuilds_lag3,income_z_eda,0.04659434903413865
sale_count,median_ppsqm,-0.0465431006518288
baseline_households_2011,imd2015_overall_bottom20_popshare_legacy,0.04648687401832524
median_price,newbuilds_lag1,0.04646254739444748
social_rent_z,d_log_price,0.04641251970958591
d_log_price,social_rent_z_eda,0.046412519709585535
social_rent_share_2011,d_log_price,0.04641251970958465
population_2011,degree_share_z,0.04639931232399704
population_2011,degree_share_2011,0.0463993123239959
population_2011,degree_z_eda,0.04639931232399586
median_floor_area,newbuild_total,-0.04635968034007306
baseline_households_2011,unemployment_z,0.04635930822073275
baseline_households_2011,unemployment_z_eda,0.04635930822073265
baseline_households_2011,unemployment_rate_2011,0.046359308220732545
baseline_income_upper_ci,log_population_density_2011,-0.04634666557817128
baseline_income_upper_ci,density_z,-0.046346665578168765
baseline_income_upper_ci,density_z_eda,-0.04634666557816666
newbuild_houses,shared_ownership_2011,0.046197724787953184
newbuilds_per_1000,imd_ex_income_housing,-0.046167475486814796
newbuild_total,baseline_income_lower_ci,0.04613887626841886
newbuilds_per_1000,deprivation_quartile,-0.046120742994596044
mean_ppsqm,social_rent_quartile,-0.046064849080466735
newbuilds_lag3_per_1000,log_baseline_income,0.045904052391704975
newbuilds_lag3_per_1000,income_z_eda,0.04590405239169391
newbuilds_prev3yr_per_1000,social_rent_quartile,0.04582458320552137
imd2015_overall_score_pw,d_log_price,0.0458036442378692
newbuilds_lag2_per_1000,population_2011,0.04580331755833217
d_log_price_lag1,density_z_eda,0.045701366305971866
density_z,d_log_price_lag1,0.045701366305971255
log_population_density_2011,d_log_price_lag1,0.04570136630597112
deprivation_z,d_log_price_lag1,0.045618042658523844
deprivation_moderator_value,d_log_price_lag1,0.045618042658523685
imd_ex_housing,d_log_price_lag1,0.045618042658523685
d_log_price_lag1,deprivation_z_eda,0.04561804265852328
p25_ppsqm,nb_lead2,0.04560253866725805
area_km2,nb_lead1,0.04560183833299971
imd_ex_housing_living,nb_lag1,-0.04550021892173797
newbuilds_lag1_per_1000,unemployment_quartile,-0.04548328131695128
deprivation_quartile,d_log_price,0.045293942274934
density_quartile,d_log_price_lag1,0.045277381169620524
baseline_households_2011,mean_ppsqm,0.045105246941658496
newbuilds_per_1000,unemployment_rate_2011,-0.045040949122419564
newbuilds_per_1000,unemployment_z,-0.045040949122418635
newbuilds_per_1000,unemployment_z_eda,-0.04504094912241826
d_log_price,deprivation_z_eda,0.044848002598266205
deprivation_moderator_value,d_log_price,0.04484800259826618
imd_ex_housing,d_log_price,0.04484800259826618
deprivation_z,d_log_price,0.04484800259826608
newbuilds_lag3_per_1000,baseline_income_upper_ci,0.044618237619539196
p75_ppsqm,nb_lead3,0.04455811502045913
newbuild_flats,imd2015_income_rate_msoa,0.044469854868599605
imd_ex_income_housing,nb_lag1,-0.044444960690556146
newbuilds_lag1_per_1000,baseline_income_lower_ci,0.04431560324803864
sale_count,area_km2,0.0442869975265618
newbuilds_lag1,social_rent_quartile,0.04425930960386095
newbuilds_lag2,income_z,0.044184429930271406
newbuilds_lag2,baseline_income_bhc_2011_12,0.044184429930268866
newbuilds_lag2,income_moderator_value,0.044184429930268866
imd2015_overall_bottom20_popshare_legacy,d_log_price_lag1,0.04417600480680983
newbuilds_lag1,baseline_income_lower_ci,0.04414700928451279
semidetached_sale_share,median_newbuild_floor_area,0.0440541844069667
semidetached_sale_share,deprivation_z_eda,-0.04401209674812321
semidetached_sale_share,deprivation_z,-0.044012096748122724
semidetached_sale_share,deprivation_moderator_value,-0.044012096748122294
semidetached_sale_share,imd_ex_housing,-0.044012096748122294
detached_sale_share,nb_lag1,0.04391901993381856
newbuilds_per_1000,deprivation_z_eda,-0.043901966564263054
newbuilds_per_1000,deprivation_z,-0.04390196656426283
newbuilds_per_1000,deprivation_moderator_value,-0.04390196656426266
newbuilds_per_1000,imd_ex_housing,-0.04390196656426266
median_price,owner_share_2011,0.04388442802915997
newbuilds_per_1000,owner_occupied_2011,-0.04378725067620059
baseline_households_2011,newbuilds_lag1_per_1000,0.043743120858729306
deprivation_quartile,nb_lag1,-0.043670053336287186
imd2015_overall_bottom20_popshare_legacy,d_log_price,0.043616484979752075
newbuilds_prev3yr_per_1000,unemployment_quartile,-0.04347828057642622
newbuilds_lag2_per_1000,income_z,0.04347634957106502
newbuilds_lag2_per_1000,income_moderator_value,0.04347634957106336
newbuilds_lag2_per_1000,baseline_income_bhc_2011_12,0.04347634957106336
baseline_households_2011,nb_lag1,0.04343196880726651
imd2015_income_rate_msoa,nb_lead1,-0.0434176734643498
social_rented_2011,nb_lag1,0.04334351951956262
imd_ex_housing_bottom20_popshare,nb_lead2,-0.043300567192560695
newbuilds_lag1,social_rent_z,0.043297851210990196
newbuilds_lag1,social_rent_z_eda,0.043297851210989606
newbuilds_lag1,social_rent_share_2011,0.04329785121098934
nb_lag1,unemployment_z_eda,-0.04328781310230481
unemployment_rate_2011,nb_lag1,-0.04328781310230472
unemployment_z,nb_lag1,-0.043287813102304055
baseline_income_lower_ci,density_quartile,-0.043117084660042396
newbuilds_lag1_per_1000,population_2011,0.042990707027406344
median_ppsqm,nb_lead3,0.042922274705341316
mean_ppsqm,nb_lead3,0.04268208103282735
nb_lead3,d_log_price_lag1,0.04267584743953418
private_rent_share_2011,social_rent_z,0.042569645858845914
private_rent_share_2011,social_rent_z_eda,0.04256964585884459
social_rent_share_2011,private_rent_share_2011,0.04256964585884326
sale_count,p25_ppsqm,-0.04252071427444825
log_median_ppsqm,d_log_price,0.042456697666372424
newbuilds_lag3,income_z,0.042455787001006044
newbuilds_lag3,baseline_income_bhc_2011_12,0.04245578700100443
newbuilds_lag3,income_moderator_value,0.04245578700100443
newbuilds_per_1000,area_km2,0.0424056311176777
owner_occupied_2011,nb_lead1,-0.04228155122001045
population_2011,nb_lag1,0.04221707437371596
owner_occupied_2011,nb_lead2,-0.04215621370131712
imd_ex_housing_living,population_2011,0.04211489104186966
baseline_households_2011,degree_share_quartile,0.042094983702296
deprivation_z,nb_lag1,-0.04208945266002046
nb_lag1,deprivation_z_eda,-0.04208945266002027
imd_ex_housing,nb_lag1,-0.04208945266002021
deprivation_moderator_value,nb_lag1,-0.04208945266002021
imd_ex_income_housing,d_log_price_lag1,0.04189030090716746
newbuilds_lag3,log_population_density_2011,-0.04188664239500131
newbuilds_lag3,density_z,-0.04188664239499997
newbuilds_lag3,density_z_eda,-0.041886642394999916
owner_occupied_2011,nb_lead3,-0.04168063553326075
baseline_households_2011,p25_ppsqm,0.041670480586031344
sale_count,mean_ppsqm,-0.041611044135718214
imd_ex_income_housing,d_log_price,0.04153591748050325
newbuild_flats,deprivation_z,0.04151271998975679
newbuild_flats,deprivation_z_eda,0.041512719989756725
newbuild_flats,imd_ex_housing,0.04151271998975668
newbuild_flats,deprivation_moderator_value,0.04151271998975668
baseline_households_2011,newbuilds_per_1000,0.041429857530088356
sale_count,semidetached_sale_share,-0.04127439793636372
log_population_density_2011,d_log_price,0.04113214013116493
density_z,d_log_price,0.041132140131164806
d_log_price,density_z_eda,0.04113214013116458
imd_ex_housing_bottom20_popshare,nb_lead1,-0.04111398245209627
baseline_households_2011,nb_lead3,0.04108828161160073
baseline_households_2011,nb_lead1,0.0410803636063122
social_rented_2011,d_log_price_lag1,0.04094005881785007
newbuilds_lag3_per_1000,income_z,0.040850981214866876
newbuilds_lag3_per_1000,baseline_income_bhc_2011_12,0.040850981214864884
newbuilds_lag3_per_1000,income_moderator_value,0.040850981214864884
newbuilds_lag2_per_1000,social_rent_z_eda,0.040795174515888995
newbuilds_lag2_per_1000,social_rent_share_2011,0.04079517451588867
newbuilds_lag2_per_1000,social_rent_z,0.040795174515888474
median_floor_area,newbuilds_lag3_per_1000,-0.04077858581771803
baseline_households_2011,nb_lead2,0.04074086998294208
newbuild_flats,imd2015_overall_bottom20_popshare_legacy,0.04060405877802487
newbuilds_per_1000,population_2011,0.04052399760001674
newbuilds_lag1_per_1000,imd_ex_housing_living,-0.040406274324449015
newbuilds_lag2,baseline_income_lower_ci,0.04033388789915481
newbuild_flats,imd_ex_income_housing,0.04028370444838746
imd_ex_housing_bottom20_popshare,d_log_price,0.040206753535670124
social_rent_quartile,d_log_price_lag1,0.04012641353671039
density_quartile,d_log_price,0.040077141549296924
newbuilds_lag2_per_1000,baseline_income_lower_ci,0.04006424636565235
semidetached_sale_share,imd_ex_income_housing,-0.04005499695865821
population_2011,nb_lead3,0.04002297468308686
newbuilds_prev3yr_per_1000,imd_ex_housing_living,-0.03990311364020404
semidetached_sale_share,deprivation_quartile,-0.03984820651320721
newbuilds_lag1_per_1000,imd_ex_income_housing,-0.03979603997582494
area_km2,nb_lag1,0.039783336043067836
population_2011,nb_lead1,0.0397536876407698
baseline_income_upper_ci,d_log_price,-0.03974451824466687
median_ppsqm,social_rent_quartile,-0.03964743219144603
imd_ex_housing_bottom20_popshare,d_log_price_lag1,0.039630643633607944
newbuilds_lag1,population_density_2011,-0.039618208463164155
baseline_households_2011,median_price,-0.039543257024383084
newbuilds_per_1000,social_rented_2011,0.03948520225393353
p25_ppsqm,nb_lead3,0.039435912655385943
imd2015_overall_score_pw,nb_lead3,-0.0393568335201323
population_2011,degree_share_quartile,0.0393301468324814
newbuilds_prev3yr_per_1000,imd_ex_income_housing,-0.03923540109375659
income_z,d_log_price,-0.03898475825715943
baseline_income_bhc_2011_12,d_log_price,-0.03898475825715921
income_moderator_value,d_log_price,-0.03898475825715921
social_rented_2011,d_log_price,0.03898047184636817
median_floor_area,newbuilds_prev3yr_per_1000,-0.03892129291016076
population_2011,nb_lead2,0.03887278888593637
detached_sale_share,newbuilds_lag1_per_1000,0.038575988056996795
newbuilds_lag3,baseline_income_lower_ci,0.03856366744673839
newbuilds_lag1_per_1000,unemployment_rate_2011,-0.03850879285309288
newbuilds_lag1_per_1000,unemployment_z,-0.03850879285309226
newbuilds_lag1_per_1000,unemployment_z_eda,-0.0385087928530922
newbuilds_lag1_per_1000,deprivation_quartile,-0.03840930697607201
newbuilds_lag2_per_1000,social_rent_quartile,0.03834043838520035
newbuilds_per_1000,imd2015_income_rate_msoa,-0.03832440526978532
baseline_income_lower_ci,area_km2,0.03825589450021329
newbuilds_prev3yr_per_1000,unemployment_rate_2011,-0.03811525523381374
newbuilds_prev3yr_per_1000,unemployment_z_eda,-0.03811525523381257
newbuilds_prev3yr_per_1000,unemployment_z,-0.03811525523381206
baseline_income_lower_ci,d_log_price,-0.038095816822636956
social_rent_quartile,d_log_price,0.03805862331122505
median_price,newbuilds_per_1000,0.03797573766495625
newbuild_total,social_rent_quartile,0.03766859341471631
semidetached_sale_share,newbuild_houses,0.03757700430913211
newbuild_total,unemployment_quartile,-0.03757366939796995
newbuilds_per_1000,imd_ex_housing_bottom20_popshare,-0.037525222009896296
newbuilds_lag3_per_1000,baseline_income_lower_ci,0.037382701043577826
income_z,density_quartile,-0.03734925627584381
income_moderator_value,density_quartile,-0.037349256275830106
baseline_income_bhc_2011_12,density_quartile,-0.037349256275830106
baseline_income_upper_ci,d_log_price_lag1,-0.03732757920146555
newbuild_total,imd_ex_housing_living,-0.037257882662982245
newbuilds_lag1_per_1000,deprivation_z,-0.037143041131257964
newbuilds_lag1_per_1000,deprivation_z_eda,-0.037143041131257895
newbuilds_lag1_per_1000,deprivation_moderator_value,-0.03714304113125778
newbuilds_lag1_per_1000,imd_ex_housing,-0.03714304113125778
median_price,area_km2,0.036781171177531685
income_z,area_km2,0.036594269706431905
income_moderator_value,area_km2,0.036594269706423606
baseline_income_bhc_2011_12,area_km2,0.036594269706423606
median_price,log_sale_count,-0.03658587650403102
detached_sale_share,newbuilds_prev3yr_per_1000,0.0365738708523516
newbuilds_lag2_per_1000,unemployment_quartile,-0.03654306482271283
income_z,d_log_price_lag1,-0.03648477309076966
baseline_income_bhc_2011_12,d_log_price_lag1,-0.03648477309076937
income_moderator_value,d_log_price_lag1,-0.03648477309076937
newbuild_total,social_rent_z,0.03643880872314096
newbuild_total,social_rent_share_2011,0.036438808723140495
newbuild_total,social_rent_z_eda,0.036438808723139864
newbuilds_lag1_per_1000,area_km2,0.03638624664480786
imd2015_income_rate_msoa,nb_lag1,-0.03633523548641462
imd_ex_housing_bottom20_popshare,nb_lag1,-0.036328426945971624
newbuilds_lag3_per_1000,population_density_2011,-0.036221091217407984
newbuild_total,unemployment_rate_2011,-0.03617151557730426
newbuild_total,unemployment_z_eda,-0.03617151557730355
newbuild_total,unemployment_z,-0.03617151557730292
terraced_sale_share,d_log_price_lag1,0.03613506297515689
area_km2,d_log_price_lag1,-0.0361140597643343
imd_ex_housing_bottom20_popshare,population_2011,0.03607787493011471
newbuilds_prev3yr_per_1000,deprivation_z,-0.035944293079589545
newbuilds_prev3yr_per_1000,imd_ex_housing,-0.035944293079589136
newbuilds_prev3yr_per_1000,deprivation_moderator_value,-0.035944293079589136
newbuilds_prev3yr_per_1000,deprivation_z_eda,-0.03594429307958865
newbuild_total,area_km2,0.035941794514058135
imd2015_overall_bottom20_popshare_legacy,nb_lead3,-0.03588349611670335
social_rented_2011,nb_lead1,0.0358047953099844
imd2015_overall_bottom20_popshare_legacy,shared_ownership_2011,0.035784187574703995
imd2015_overall_score_pw,nb_lead2,-0.03568260286421102
newbuilds_prev3yr,population_density_2011,-0.03561506866174395
shared_ownership_2011,deprivation_z_eda,0.03558535855307292
deprivation_z,shared_ownership_2011,0.03558535855307225
imd_ex_housing,shared_ownership_2011,0.035585358553071954
deprivation_moderator_value,shared_ownership_2011,0.035585358553071954
log_baseline_income,d_log_price,-0.03557247506735174
d_log_price,income_z_eda,-0.035572475067346905
baseline_income_lower_ci,d_log_price_lag1,-0.03551277580501987
newbuilds_prev3yr_per_1000,deprivation_quartile,-0.035224933130182386
baseline_income_upper_ci,area_km2,0.03493375695153902
newbuilds_prev3yr_per_1000,area_km2,0.03482850361348205
newbuilds_lag1_per_1000,social_rent_z_eda,0.03413480447024239
newbuilds_lag1_per_1000,social_rent_share_2011,0.034134804470242364
newbuilds_lag1_per_1000,social_rent_z,0.03413480447024218
median_price,newbuild_total,0.03387933095260354
newbuild_total,imd_ex_income_housing,-0.033829235022731954
social_rented_2011,nb_lead2,0.03360389165301037
mean_newbuild_floor_area,d_log_price,-0.03341347428831537
newbuilds_lag2_per_1000,imd_ex_housing_living,-0.03340697327956617
imd2015_overall_score_pw,nb_lead1,-0.0333360899279478
p75_ppsqm,social_rent_quartile,-0.03314793292091839
population_2011,area_km2,-0.033041936175389724
imd2015_overall_bottom20_popshare_legacy,nb_lead2,-0.03298482483358523
baseline_households_2011,income_quartile,-0.03295273693833996
flat_sale_share,imd_ex_housing_living,0.03282427199424445
newbuild_total,imd_ex_housing_bottom20_popshare,-0.03280849366006168
newbuilds_lag2_per_1000,imd_ex_income_housing,-0.032733014059515904
d_log_price_lag1,income_z_eda,-0.03261685222733675
log_baseline_income,d_log_price_lag1,-0.03261685222733536
newbuilds_prev3yr_per_1000,imd_ex_housing_bottom20_popshare,-0.03261319636594908
newbuilds_lag1_per_1000,imd_ex_housing_bottom20_popshare,-0.032490397041759274
newbuild_total,deprivation_z,-0.03237596740151274
newbuild_total,imd_ex_housing,-0.03237596740151229
newbuild_total,deprivation_moderator_value,-0.03237596740151229
newbuild_total,deprivation_z_eda,-0.03237596740151206
newbuilds_lag2_per_1000,unemployment_rate_2011,-0.032065673385278305
newbuilds_lag2_per_1000,unemployment_z_eda,-0.03206567338527793
newbuilds_lag2_per_1000,unemployment_z,-0.032065673385277355
mean_ppsqm,median_floor_area,0.031862376954528426
log_median_ppsqm,owner_occupied_2011,-0.03179587219694688
area_km2,d_log_price,-0.03175486505584821
median_floor_area,newbuilds_lag2_per_1000,-0.03146049939892724
detached_sale_share,newbuilds_lag2_per_1000,0.031446307588990585
newbuilds_lag1,imd_ex_housing_living,-0.03137113993683906
semidetached_sale_share,log_sale_count,0.031210578335584296
baseline_income_upper_ci,density_quartile,-0.031201718899766088
median_price,nb_lead1,0.031148159872396153
imd2015_overall_bottom20_popshare_legacy,nb_lead1,-0.031022959154471102
newbuilds_lag1_per_1000,social_rent_quartile,0.03065831760599333
newbuilds_lag1_per_1000,imd2015_income_rate_msoa,-0.03061466755678206
social_rented_2011,nb_lead3,0.030576981339607706
newbuilds_lag2,population_density_2011,-0.03048352883861546
newbuild_total,deprivation_quartile,-0.030469888901794404
newbuilds_lag1,unemployment_rate_2011,-0.03038859205172585
newbuilds_lag1,unemployment_z_eda,-0.030388592051725522
newbuilds_lag1,unemployment_z,-0.030388592051725095
newbuilds_lag1,unemployment_quartile,-0.030267706973960678
newbuilds_lag1,area_km2,0.030267205685389324
social_rent_share_2011,nb_lag1,0.030108847206238156
nb_lag1,social_rent_z_eda,0.03010884720623807
social_rent_z,nb_lag1,0.030108847206237594
newbuilds_lag2_per_1000,deprivation_z,-0.030072082274545112
newbuilds_lag2_per_1000,deprivation_z_eda,-0.030072082274545102
newbuilds_lag2_per_1000,imd_ex_housing,-0.030072082274544294
newbuilds_lag2_per_1000,deprivation_moderator_value,-0.030072082274544294
newbuilds_prev3yr,imd_ex_housing_living,-0.029915835013874868
mean_log_ppsqm,d_log_price,0.029852879562362364
owner_occupied_2011,d_log_price_lag1,-0.029694293903178345
flat_sale_share,imd_ex_housing_bottom20_popshare,0.029638904319889896
newbuilds_prev3yr,unemployment_rate_2011,-0.029400186199383876
newbuilds_prev3yr,unemployment_z_eda,-0.029400186199383564
newbuilds_prev3yr,unemployment_z,-0.02940018619938294
newbuilds_per_1000,imd2015_overall_score_pw,-0.0293095673267092
newbuilds_lag2_per_1000,deprivation_quartile,-0.029080693871014255
owner_share_2011,d_log_price_lag1,-0.029075210435297684
newbuilds_lag2_per_1000,area_km2,0.028952414701596922
mean_log_ppsqm,owner_occupied_2011,-0.028652616769357854
newbuild_total,imd2015_income_rate_msoa,-0.028614815752468863
newbuilds_lag1,imd_ex_housing_bottom20_popshare,-0.02845760999597961
newbuilds_prev3yr,imd_ex_housing_bottom20_popshare,-0.028384354150637343
newbuilds_lag1,imd_ex_income_housing,-0.028163934237119246
newbuilds_prev3yr,area_km2,0.028056140994578812
newbuilds_prev3yr_per_1000,imd2015_income_rate_msoa,-0.0277154602331064
semidetached_sale_share,mean_newbuild_floor_area,0.027493664442922127
owner_occupied_2011,d_log_price,-0.027299242515090416
imd2015_overall_score_pw,nb_lag1,-0.02719161659759912
newbuilds_per_1000,imd2015_overall_bottom20_popshare_legacy,-0.027167355950468836
newbuilds_lag2_per_1000,imd_ex_housing_bottom20_popshare,-0.027103760260729217
income_quartile,d_log_price,-0.027102355129596918
owner_share_2011,d_log_price,-0.026947233745113895
newbuild_houses,degree_share_z,-0.02687757075393194
newbuild_houses,degree_z_eda,-0.026877570753931056
newbuild_houses,degree_share_2011,-0.026877570753930092
newbuilds_lag3_per_1000,unemployment_quartile,-0.026666758129626145
social_rent_quartile,nb_lag1,0.026621505095178268
newbuilds_per_1000,social_rent_share_2011,0.026574379674342043
newbuilds_per_1000,social_rent_z,0.026574379674341862
newbuilds_per_1000,social_rent_z_eda,0.02657437967434182
median_newbuild_floor_area,d_log_price,-0.026451960812305546
newbuild_houses,d_log_price_lag1,-0.026436401335537815
newbuilds_prev3yr,unemployment_quartile,-0.026404654922371002
newbuilds_lag1,deprivation_moderator_value,-0.026368844402350353
newbuilds_lag1,imd_ex_housing,-0.026368844402350353
newbuilds_lag1,deprivation_z,-0.026368844402350294
newbuilds_lag1,deprivation_z_eda,-0.02636884440235019
median_floor_area,newbuilds_lag1_per_1000,-0.02616602458698129
newbuilds_prev3yr,imd_ex_income_housing,-0.02614789231952176
p25_ppsqm,social_rent_share_2011,-0.02610915307685266
p25_ppsqm,social_rent_z_eda,-0.02610915307685223
p25_ppsqm,social_rent_z,-0.02610915307685178
newbuild_flats,imd_ex_housing_living,0.02610474159513117
newbuilds_lag3_per_1000,imd_ex_housing_living,-0.02604426244160317
median_price,nb_lead2,0.025942585664335965
newbuilds_lag3_per_1000,imd_ex_income_housing,-0.025657351086285876
semidetached_sale_share,unemployment_quartile,-0.02559186877108187
imd2015_overall_bottom20_popshare_legacy,nb_lag1,-0.025411274490967656
imd_ex_housing_living,shared_ownership_2011,0.02535014697340204
newbuilds_lag2,imd_ex_housing_living,-0.02520188607639959
newbuild_flats,log_sale_count,0.025075303577019904
newbuilds_lag2,unemployment_rate_2011,-0.024943231796701437
newbuilds_lag2,unemployment_z_eda,-0.024943231796700712
newbuilds_lag2,unemployment_z,-0.0249432317967007
median_price,d_log_price,-0.024833864710018656
newbuilds_lag3_per_1000,unemployment_rate_2011,-0.024808989394106824
newbuilds_lag3_per_1000,unemployment_z_eda,-0.02480898939410647
newbuilds_lag3_per_1000,unemployment_z,-0.02480898939410585
median_price,density_z_eda,0.02475421779461329
median_price,density_z,0.02475421779460981
median_price,log_population_density_2011,0.02475421779460813
population_density_2011,d_log_price_lag1,0.024690361283461217
semidetached_sale_share,imd_ex_housing_bottom20_popshare,-0.02441025939295072
detached_sale_share,newbuild_total,0.02420472889117059
median_floor_area,nb_lag1,-0.024090086157490226
newbuilds_prev3yr,deprivation_z,-0.023938660976539856
newbuilds_prev3yr,imd_ex_housing,-0.023938660976539565
newbuilds_prev3yr,deprivation_moderator_value,-0.023938660976539565
newbuilds_prev3yr,deprivation_z_eda,-0.023938660976539385
median_price,population_2011,0.023792232907190028
newbuilds_lag2,imd_ex_housing_bottom20_popshare,-0.023782330795212053
income_quartile,d_log_price_lag1,-0.02362966796298225
newbuilds_lag1,deprivation_quartile,-0.023549780726366303
newbuilds_lag2,area_km2,0.023498506556923635
newbuilds_lag2_per_1000,imd2015_income_rate_msoa,-0.023417574160294944
newbuilds_per_1000,social_rent_quartile,0.023410952604088892
p75_ppsqm,d_log_price_lag1,0.023105979214231524
mean_ppsqm,d_log_price_lag1,0.023060400754648276
p75_ppsqm,median_floor_area,0.02291712512484532
newbuilds_lag3_per_1000,imd_ex_housing,-0.02268226936930188
newbuilds_lag3_per_1000,deprivation_moderator_value,-0.02268226936930188
newbuilds_lag3_per_1000,deprivation_z_eda,-0.02268226936930172
newbuilds_lag3_per_1000,deprivation_z,-0.02268226936930171
sale_count,private_rent_share_2011,-0.022664036605693442
p75_ppsqm,social_rented_2011,0.022600750030963918
p25_ppsqm,median_floor_area,0.02252215714831198
newbuilds_lag1_per_1000,imd2015_overall_score_pw,-0.022498004070914412
nb_lead1,social_rent_z_eda,0.022492798363677985
social_rent_share_2011,nb_lead1,0.022492798363677517
social_rent_z,nb_lead1,0.022492798363677513
newbuilds_lag2,unemployment_quartile,-0.0224415464541396
log_median_ppsqm,owner_share_2011,-0.022348488416965823
imd_ex_income_housing,shared_ownership_2011,0.022214906645321976
newbuild_houses,baseline_income_upper_ci,-0.022209933389804766
newbuilds_lag3_per_1000,imd_ex_housing_bottom20_popshare,-0.022067060005204735
newbuilds_lag2,imd_ex_income_housing,-0.021920360602926098
newbuilds_lag3_per_1000,area_km2,0.02174690146256259
newbuilds_lag1,imd2015_income_rate_msoa,-0.02173361438977437
median_ppsqm,d_log_price_lag1,0.021725520522406245
newbuild_total,imd2015_overall_bottom20_popshare_legacy,-0.021666610604902027
newbuilds_lag1_per_1000,imd2015_overall_bottom20_popshare_legacy,-0.021578024724759868
median_floor_area,nb_lead3,-0.021388535295767837
detached_sale_share,newbuilds_lag3_per_1000,0.021358965822276775
p25_ppsqm,d_log_price_lag1,0.021274285907882648
mean_ppsqm,social_rent_share_2011,-0.02124875190983194
mean_ppsqm,social_rent_z_eda,-0.021248751909831252
mean_ppsqm,social_rent_z,-0.021248751909830912
newbuild_flats,imd_ex_housing_bottom20_popshare,0.021113218579365413
population_density_2011,d_log_price,0.020808537948265562
newbuild_houses,baseline_income_bhc_2011_12,-0.020671688065098188
newbuild_houses,income_moderator_value,-0.020671688065098188
newbuild_houses,income_z,-0.02067168806509177
newbuilds_lag3_per_1000,deprivation_quartile,-0.020478350201303147
median_floor_area,nb_lead2,-0.02029135150584236
median_price,nb_lead3,0.020222880425806347
newbuilds_lag2,deprivation_z,-0.020160914594528533
newbuilds_lag2,deprivation_moderator_value,-0.020160914594528314
newbuilds_lag2,imd_ex_housing,-0.020160914594528314
newbuilds_lag2,deprivation_z_eda,-0.020160914594528224
newbuilds_prev3yr_per_1000,imd2015_overall_bottom20_popshare_legacy,-0.019995953014296644
social_rent_z,nb_lead2,0.019850524688598516
social_rent_share_2011,nb_lead2,0.01985052468859791
nb_lead2,social_rent_z_eda,0.019850524688597597
newbuilds_lag2,d_log_price,-0.019789376244743032
social_rent_quartile,nb_lead1,0.019709242545169172
baseline_households_2011,area_km2,-0.01969971657651661
newbuilds_lag3,population_density_2011,-0.019411347670562143
newbuilds_lag3,imd_ex_housing_bottom20_popshare,-0.01935079545648571
newbuilds_prev3yr_per_1000,imd2015_overall_score_pw,-0.019235129515019964
sale_count,median_price,-0.019020131988643923
newbuilds_per_1000,d_log_price_lag1,-0.018988724167875597
nb_lead1,d_log_price,-0.018988724167875597
newbuild_houses,baseline_income_lower_ci,-0.018887218803982073
newbuilds_lag3,imd_ex_housing_living,-0.01877331371468533
newbuilds_lag3,unemployment_rate_2011,-0.018740711376516384
newbuilds_lag3,unemployment_z_eda,-0.018740711376515944
newbuilds_lag3,unemployment_z,-0.01874071137651573
newbuild_total,d_log_price_lag1,-0.018675033357461478
newbuild_total,imd2015_overall_score_pw,-0.018650890292726274
newbuilds_prev3yr,deprivation_quartile,-0.01853528053863077
median_ppsqm,median_floor_area,0.018408726004943105
newbuilds_prev3yr,imd2015_income_rate_msoa,-0.01810299066064227
newbuilds_prev3yr,d_log_price_lag1,-0.0180701119734437
median_floor_area,newbuilds_per_1000,-0.01796642936467778
nb_lead2,d_log_price_lag1,0.017915304761700473
nb_lead3,d_log_price,0.017915304761700473
log_median_ppsqm,area_km2,-0.01754715372383426
income_quartile,population_density_2011,0.017483611123154785
social_rent_quartile,nb_lead2,0.017431909482030397
newbuilds_lag2_per_1000,d_log_price,-0.017427332245583873
newbuilds_lag2,d_log_price_lag1,-0.017325453564794143
private_rented_2011,d_log_price_lag1,-0.017003023474760588
newbuilds_lag3,d_log_price_lag1,-0.01691492090466354
newbuilds_lag3,area_km2,0.01684048721045932
newbuilds_lag1,imd2015_overall_bottom20_popshare_legacy,-0.016755351364359884
private_rented_2011,d_log_price,-0.01674072858311406
mean_log_ppsqm,owner_share_2011,-0.01667479865643053
log_baseline_income,population_2011,-0.016634058104426006
population_2011,income_z_eda,-0.016634058104424167
newbuilds_prev3yr,d_log_price,-0.01660393314049344
newbuilds_lag2_per_1000,imd2015_overall_bottom20_popshare_legacy,-0.01641509209918079
newbuilds_prev3yr_per_1000,d_log_price_lag1,-0.01640605332838802
newbuilds_lag2_per_1000,d_log_price_lag1,-0.016396435681561572
newbuild_houses,income_quartile,0.016362264987385113
newbuilds_lag1,d_log_price,-0.016221175779702883
newbuilds_lag2_per_1000,imd2015_overall_score_pw,-0.01607922065473538
nb_lead3,social_rent_z_eda,0.01605989190153352
social_rent_z,nb_lead3,0.01605989190153352
social_rent_share_2011,nb_lead3,0.016059891901532737
sale_count,median_newbuild_floor_area,-0.016029184850487852
detached_sale_share,newbuilds_lag1,0.015772546909860307
newbuilds_lag3,imd_ex_income_housing,-0.015722014047235236
nb_lag1,d_log_price,-0.015604663832776212
newbuilds_lag1_per_1000,d_log_price,-0.015604663832776212
median_floor_area,nb_lead1,-0.015512347818571056
newbuilds_lag2,imd2015_income_rate_msoa,-0.015511403560128955
mean_newbuild_floor_area,log_sale_count,0.015322276332459
newbuilds_lag2,deprivation_quartile,-0.01526542774139527
newbuilds_lag3_per_1000,imd2015_income_rate_msoa,-0.015132392545913783
mean_newbuild_floor_area,d_log_price_lag1,-0.01509268955393638
newbuilds_prev3yr,imd2015_overall_bottom20_popshare_legacy,-0.014978482635515659
private_rent_share_2011,d_log_price_lag1,-0.01488756775397536
private_rent_share_2011,d_log_price,-0.014857120701945458
baseline_households_2011,log_median_ppsqm,0.01452075223477813
median_ppsqm,social_rent_share_2011,-0.014384910544006509
median_ppsqm,social_rent_z_eda,-0.014384910544005784
median_ppsqm,social_rent_z,-0.014384910544005066
newbuilds_lag3_per_1000,d_log_price_lag1,-0.014351904584770984
newbuilds_prev3yr_per_1000,d_log_price,-0.01421538932531438
mean_log_ppsqm,area_km2,-0.014202236505686947
median_ppsqm,social_rented_2011,0.014190481542331018
social_rent_quartile,nb_lead3,0.013693396218908088
newbuilds_lag3,deprivation_z,-0.013669678007277128
newbuilds_lag3,deprivation_z_eda,-0.013669678007277038
newbuilds_lag3,deprivation_moderator_value,-0.013669678007276788
newbuilds_lag3,imd_ex_housing,-0.013669678007276788
newbuilds_lag3,unemployment_quartile,-0.01359590077477025
newbuilds_lag3,owner_occupied_2011,-0.013328484649028671
detached_sale_share,d_log_price,-0.01287917218006452
newbuild_houses,d_log_price,0.01285043595630316
newbuilds_lag1,imd2015_overall_score_pw,-0.012574743104795118
newbuilds_prev3yr,owner_occupied_2011,-0.012465833524052339
newbuilds_lag2,imd2015_overall_bottom20_popshare_legacy,-0.012390732083604666
baseline_households_2011,income_z_eda,-0.012375896961302138
baseline_households_2011,log_baseline_income,-0.012375896961300056
median_newbuild_floor_area,d_log_price_lag1,-0.012308532455827076
baseline_income_lower_ci,population_2011,-0.012107954921919392
newbuilds_lag3_per_1000,imd2015_overall_bottom20_popshare_legacy,-0.011963491097147609
newbuilds_lag1,d_log_price_lag1,-0.011954424983933678
leasehold_sale_share,d_log_price_lag1,0.011807402982625793
baseline_households_2011,mean_log_ppsqm,0.011317612858452484
terraced_sale_share,d_log_price,0.01108355719721995
shared_ownership_2011,d_log_price_lag1,0.011066557296442358
baseline_households_2011,d_log_price_lag1,-0.010891958352499103
nb_lag1,d_log_price_lag1,-0.010862743161483925
newbuilds_lag1_per_1000,d_log_price_lag1,-0.010862743161483925
newbuilds_lag2,owner_occupied_2011,-0.010782320270976104
d_log_price_lag1,log_sale_count,0.010588577219614807
flat_sale_share,d_log_price_lag1,0.010575807603084948
detached_sale_share,newbuilds_prev3yr,0.010543648996738741
sale_count,flat_sale_share,-0.010172039104998523
shared_ownership_2011,d_log_price,0.010148664500386336
detached_sale_share,newbuilds_lag2,0.00971754951061084
baseline_households_2011,d_log_price,-0.009681031315895507
newbuilds_lag3_per_1000,imd2015_overall_score_pw,-0.00934088873426848
income_z,population_2011,-0.009185537617935165
income_moderator_value,population_2011,-0.009185537617933247
baseline_income_bhc_2011_12,population_2011,-0.009185537617933247
p75_ppsqm,d_log_price,-0.00870847691185837
newbuilds_lag3,imd2015_overall_bottom20_popshare_legacy,-0.008511645650017836
newbuilds_per_1000,d_log_price,0.00845578100499595
newbuilds_prev3yr,imd2015_overall_score_pw,-0.008300930702836577
median_price,owner_occupied_2011,-0.008240396913450887
newbuilds_lag3,imd2015_income_rate_msoa,-0.008136164378730106
newbuild_houses,income_z_eda,-0.008117581085953582
newbuild_houses,log_baseline_income,-0.008117581085928296
p25_ppsqm,d_log_price,-0.007838027737099558
semidetached_sale_share,imd_ex_housing_living,0.007710073548688214
newbuilds_lag1,owner_occupied_2011,-0.007670524393033866
newbuilds_lag3,deprivation_quartile,-0.007580811811453065
newbuilds_lag2,imd2015_overall_score_pw,-0.006996922379949061
newbuild_total,d_log_price,0.0069157777542185935
population_2011,d_log_price_lag1,0.006815380105401934
mean_ppsqm,social_rented_2011,0.006749181500244484
baseline_households_2011,baseline_income_lower_ci,-0.0067431213519959475
p75_ppsqm,social_rent_share_2011,-0.00667865944381432
p75_ppsqm,social_rent_z_eda,-0.006678659443813754
p75_ppsqm,social_rent_z,-0.006678659443812846
mean_ppsqm,d_log_price,-0.006504721259219957
density_quartile,degree_share_2011,-0.006291428827712591
density_quartile,degree_z_eda,-0.006291428827711151
density_quartile,degree_share_z,-0.006291428827709985
population_2011,d_log_price,0.006137405877459079
sale_count,d_log_price_lag1,-0.005974650236853785
newbuilds_lag3,d_log_price,-0.005743244994686253
newbuild_houses,degree_share_quartile,0.005556060234379936
semidetached_sale_share,d_log_price,0.005478171987166237
baseline_households_2011,baseline_income_bhc_2011_12,-0.005293380470011867
baseline_households_2011,income_moderator_value,-0.005293380470011867
baseline_households_2011,income_z,-0.005293380470011236
baseline_income_upper_ci,population_2011,-0.0052052681882230655
newbuild_flats,d_log_price_lag1,-0.004597671403283546
semidetached_sale_share,d_log_price_lag1,0.004045319695550026
median_newbuild_floor_area,log_sale_count,0.0038728972599593662
sale_count,mean_newbuild_floor_area,-0.0034763039389429694
mean_log_ppsqm,detached_sale_share,0.003165383553601166
income_quartile,population_2011,0.0030592496890503285
median_ppsqm,d_log_price,0.0030290113796037025
baseline_households_2011,baseline_income_upper_ci,-0.002983794004079129
baseline_households_2011,terraced_sale_share,0.0029201200064761256
leasehold_sale_share,d_log_price,0.002873405531850945
flat_sale_share,d_log_price,-0.0027185950921508155
newbuild_total,owner_occupied_2011,-0.002481386191941071
newbuilds_lag3_per_1000,d_log_price,-0.0023150319275758624
median_price,d_log_price_lag1,0.002026249558753449
terraced_sale_share,shared_ownership_2011,-0.0018103069196484256
nb_lead1,d_log_price_lag1,-0.0015590678380744687
nb_lead2,d_log_price,-0.0015590678380744687
newbuilds_lag3,imd2015_overall_score_pw,-0.0010506960952367983
newbuild_flats,d_log_price,-0.0009998344633784838
p25_ppsqm,social_rented_2011,0.0007257034359342311
detached_sale_share,newbuilds_lag3,0.0006829880154997448
imd_ex_housing_bottom20_popshare,shared_ownership_2011,0.0003029028880241938
log_median_ppsqm,detached_sale_share,-0.00011728763484812268
