spec_id,label,term,coef,se,t,p,ci_low,ci_high,n_obs,n_clusters,r2_within,pct_change_per_unit,pct_change_per_1sd_x,fe,year_controls,set,n_moderators,p_holm_within_family,term_is_interaction,interaction_change_in_effect_per_1sd_moderator_pp
M3_plain_income,income,newbuilds_lag1_per_1000,3.699458516514703e-05,3.503175630225748e-05,1.0560299873621541,0.2918244644118917,-3.195118504932923e-05,0.00010594035537962329,54312,294,0.0001901832736759257,0.003699526947320564,0.06526706994025577,M3,False,income,1,,False,
M3_plain_income,income,x_income,3.6518529741900585e-05,4.575482544726312e-05,0.7981350466300376,0.4254385292500973,-5.353124264953354e-05,0.0001265683021333347,54312,294,0.0001901832736759257,0.0036519196551454414,0.06442692673376271,M3,False,income,1,1.0,True,0.0036518529741900586
M3_plain_deprivation,deprivation,newbuilds_lag1_per_1000,4.8063437507279466e-05,3.6716777461169695e-05,1.3090320237964668,0.19154920036667344,-2.419861181768505e-05,0.00012032548683224399,54312,294,0.00017418275374159187,0.004806459257289397,0.08480338325100867,M3,False,deprivation,1,,False,
M3_plain_deprivation,deprivation,x_deprivation,3.4925361648882724e-05,4.2504792161755685e-05,0.821680565240061,0.41192682604875674,-4.872804151234083e-05,0.00011857876481010628,54312,294,0.00017418275374159187,0.0034925971546417856,0.061615352993293904,M3,False,deprivation,1,1.0,True,0.0034925361648882724
M3_plain_social_rent,social_rent,newbuilds_lag1_per_1000,2.9750026068297157e-05,3.4891113678480503e-05,0.8526533816731058,0.3945479892058166,-3.891894631915541e-05,9.841899845574972e-05,54312,294,0.00045233611136807905,0.0029750468604650138,0.05248262605725973,M3,False,social_rent,1,,False,
M3_plain_social_rent,social_rent,x_social_rent,7.086460272183166e-05,3.4215107698316035e-05,2.071149485971643,0.039220069123950374,3.52607327791567e-06,0.00013820313216574766,54312,294,0.00045233611136807905,0.007086711367709775,0.1250590268458085,M3,False,social_rent,1,0.23532041474370224,True,0.007086460272183166
M3_plain_density,density,newbuilds_lag1_per_1000,2.940038485990516e-05,3.593330049312938e-05,0.8181932763322606,0.41391173033704254,-4.131970857393091e-05,0.00010012047829374123,54312,294,0.0005230906349424913,0.0029400817055380557,0.05186565696211343,M3,False,density,1,,False,
M3_plain_density,density,x_density,9.402052988903255e-05,3.431854208662156e-05,2.7396423091552218,0.00652780279251175,2.647843190271013e-05,0.00016156262787535498,54312,294,0.0005230906349424913,0.00940249499574719,0.16595757688264712,M3,False,density,1,0.04569461954758225,True,0.009402052988903255
M3_plain_income+deprivation,income+deprivation,newbuilds_lag1_per_1000,1.331368899248618e-05,2.907350375520959e-05,0.4579320437118124,0.6473406817896081,-4.3905683394710444e-05,7.05330613796828e-05,54312,294,0.00044781151391071194,0.0013313777619927691,0.023483545356328683,M3,False,income+deprivation,2,,False,
M3_plain_income+deprivation,income+deprivation,x_income,9.364096177560025e-05,6.023740823792341e-05,1.5545317189899797,0.12113708871492612,-2.491188698407887e-05,0.00021219381053527936,54312,294,0.00044781151391071194,0.009364534622724463,0.16528703998288652,M3,False,income+deprivation,2,0.7268225322895567,True,0.009364096177560025
M3_plain_income+deprivation,income+deprivation,x_deprivation,9.9192068535628e-05,5.7634369670939446e-05,1.7210575755744386,0.08629599108672648,-1.4237757063287378e-05,0.0002126218941345434,54312,294,0.00044781151391071194,0.009919698823157574,0.17509395352321988,M3,False,income+deprivation,2,0.6903679286938118,True,0.0099192068535628
M3_plain_income+social_rent,income+social_rent,newbuilds_lag1_per_1000,-7.793023183328538e-06,3.226385635930276e-05,-0.2415403508043931,0.809305299322574,-7.129130764239262e-05,5.570526127573555e-05,54312,294,0.0007560108721530456,-0.000779299281783441,-0.013743279871136771,M3,False,income+social_rent,2,,False,
M3_plain_income+social_rent,income+social_rent,x_income,8.433509309569038e-05,4.927848759141993e-05,1.7113977562569167,0.08806597608433409,-1.2649575691127399e-05,0.00018131976188250814,54312,294,0.0007560108721530456,0.008433864939960678,0.1488488956886469,M3,False,income+social_rent,2,0.6903679286938118,True,0.008433509309569038
M3_plain_income+social_rent,income+social_rent,x_social_rent,0.00010186010945820937,3.722885086865637e-05,2.7360530094676436,0.0065976056280763196,2.8590251812677002e-05,0.00017512996710374176,54312,294,0.0007560108721530456,0.010186529737521433,0.1798078140680781,M3,False,income+social_rent,2,0.09236647879306847,True,0.010186010945820938
M3_plain_income+density,income+density,newbuilds_lag1_per_1000,1.553016266657793e-05,3.38408143324783e-05,0.4589181133171801,0.6466332192263922,-5.1071722454649964e-05,8.213204778780582e-05,54312,294,0.0006038152321679036,0.001553028326006789,0.027393640354556048,M3,False,income+density,2,,False,
M3_plain_income+density,income+density,x_income,3.957639132227359e-05,4.847030823872406e-05,0.8165079356903098,0.4148730325483039,-5.581770497190947e-05,0.00013497048761645664,54312,294,0.0006038152321679036,0.003957717447788944,0.06982356754143826,M3,False,income+density,2,1.0,True,0.003957639132227359
M3_plain_income+density,income+density,x_density,9.545997378379055e-05,3.581490612009258e-05,2.665369929037351,0.008116921115443043,2.4972891540362766e-05,0.00016594705602721835,54312,294,0.0006038152321679036,0.009546453023201451,0.16850050842753816,M3,False,income+density,2,0.10551997450075956,True,0.009545997378379054
M3_plain_deprivation+social_rent,deprivation+social_rent,newbuilds_lag1_per_1000,1.8295615155143502e-05,3.917279396555069e-05,0.46704902313664476,0.6408119244690456,-5.880010417177584e-05,9.539133448206284e-05,54312,294,0.0005746570484209679,0.0018295782520993953,0.03227240662457831,M3,False,deprivation+social_rent,2,,False,
M3_plain_deprivation+social_rent,deprivation+social_rent,x_deprivation,-8.492846662890422e-05,7.502265395174599e-05,-1.1320376200438014,0.2585442201713348,-0.00023258006067427406,6.272312741646562e-05,54312,294,0.0005746570484209679,-0.00849248603087549,-0.14967261190770298,M3,False,deprivation+social_rent,2,1.0,True,-0.008492846662890421
M3_plain_deprivation+social_rent,deprivation+social_rent,x_social_rent,0.00012455268161234734,6.25791616057992e-05,1.9903219924378959,0.04748443602047514,1.391043381552393e-06,0.0002477143198431423,54312,294,0.0005746570484209679,0.012456043861974742,0.21990972757235383,M3,False,deprivation+social_rent,2,0.4748443602047514,True,0.012455268161234734
M3_plain_deprivation+density,deprivation+density,newbuilds_lag1_per_1000,2.8507110116001685e-05,3.6507142099360485e-05,0.7808639207751368,0.43551296030442455,-4.33423572259352e-05,0.00010035657745793858,54312,294,0.0005306195811740633,0.002850751644745131,0.05028942150488991,M3,False,deprivation+density,2,,False,
M3_plain_deprivation+density,deprivation+density,x_deprivation,-1.5055236397972186e-05,5.422371440122156e-05,-0.27765040746882175,0.7814765391113292,-0.00012177257369119538,9.166210089525101e-05,54312,294,0.0005306195811740633,-0.0015055123068430376,-0.026548756865851786,M3,False,deprivation+density,2,1.0,True,-0.0015055236397972186
M3_plain_deprivation+density,deprivation+density,x_density,0.00010111080459203746,4.619906838358184e-05,2.1885896865394385,0.029415953482702317,1.0186720586233573e-05,0.00019203488859784136,54312,294,0.0005306195811740633,0.010111591646166929,0.1784839294235896,M3,False,deprivation+density,2,0.3529914417924278,True,0.010111080459203746
M3_plain_social_rent+density,social_rent+density,newbuilds_lag1_per_1000,2.1588049716384232e-05,3.474315293433831e-05,0.6213612724551472,0.5348450622179373,-4.6789722099267915e-05,8.996582153203638e-05,54312,294,0.0006377251512429405,0.0021588282739903875,0.03808117638763875,M3,False,social_rent+density,2,,False,
M3_plain_social_rent+density,social_rent+density,x_social_rent,4.604610844829302e-05,3.610913351471038e-05,1.2751928381093514,0.20325118200525272,-2.5020040804082167e-05,0.0001171122577006682,54312,294,0.0006377251512429405,0.004604716858658264,0.08124255172556882,M3,False,social_rent+density,2,1.0,True,0.004604610844829302
M3_plain_social_rent+density,social_rent+density,x_density,7.051803174320377e-05,3.7502794206785645e-05,1.8803407381961008,0.06105352431437594,-3.290971992507075e-06,0.00014432703547891462,54312,294,0.0006377251512429405,0.007052051819811389,0.12444703178400296,M3,False,social_rent+density,2,0.5494817188293835,True,0.007051803174320377
M3_plain_income+deprivation+social_rent,income+deprivation+social_rent,newbuilds_lag1_per_1000,-7.507858016366361e-06,3.170402264482498e-05,-0.23681089622208754,0.8129689756478962,-6.990433740737526e-05,5.4888621374642536e-05,54312,294,0.0007602191077078491,-0.0007507829832498203,-0.013240414020188052,M3,False,income+deprivation+social_rent,3,,False,
M3_plain_income+deprivation+social_rent,income+deprivation+social_rent,x_income,7.804455269979107e-05,5.94299360084512e-05,1.3132195311247314,0.190136471998958,-3.891911525184004e-05,0.0001950082206514222,54312,294,0.0007602191077078491,0.007804759825513763,0.13773863897330596,M3,False,income+deprivation+social_rent,3,0.9001489881791438,True,0.007804455269979107
M3_plain_income+deprivation+social_rent,income+deprivation+social_rent,x_deprivation,-1.8648629833352805e-05,9.064048953118047e-05,-0.20574281901839958,0.8371346850913106,-0.0001970375838276948,0.0001597403241609892,54312,294,0.0007602191077078491,-0.0018648455948788722,-0.03288438911294156,M3,False,income+deprivation+social_rent,3,1.0,True,-0.0018648629833352805
M3_plain_income+deprivation+social_rent,income+deprivation+social_rent,x_social_rent,0.00011133701166431216,6.15150663437638e-05,1.8099145182113445,0.0713335443614127,-9.730387648239399e-06,0.00023240441097686373,54312,294,0.0007602191077078491,0.011134320985939361,0.19655327688021806,M3,False,income+deprivation+social_rent,3,0.6420018992527143,True,0.011133701166431215
M3_plain_income+deprivation+density,income+deprivation+density,newbuilds_lag1_per_1000,1.0305942817366922e-05,2.9809968498206358e-05,0.34572135887990024,0.7298002231352578,-4.836286100865387e-05,6.897474664338771e-05,54312,294,0.0006283370023936197,0.0010305995923776123,0.018177806049868295,M3,False,income+deprivation+density,3,,False,
M3_plain_income+deprivation+density,income+deprivation+density,x_income,6.091822776857824e-05,6.224113432055975e-05,0.9787454620417397,0.32851318779909544,-6.157814117530858e-05,0.00018341459671246505,54312,294,0.0006283370023936197,0.006092008332148069,0.10749662993407849,M3,False,income+deprivation+density,3,0.9855395633972863,True,0.006091822776857824
M3_plain_income+deprivation+density,income+deprivation+density,x_deprivation,3.80123224173265e-05,7.160712236085494e-05,0.5308455522869396,0.595927945740879,-0.00010291718626657706,0.00017894183110123008,54312,294,0.0006283370023936197,0.0038013044894702475,0.06706319757583401,M3,False,income+deprivation+density,3,1.0,True,0.0038012322417326503
M3_plain_income+deprivation+density,income+deprivation+density,x_density,7.83342723083193e-05,4.614502040193325e-05,1.6975671833279216,0.09065127990406818,-1.2483440218671231e-05,0.00016915198483530983,54312,294,0.0006283370023936197,0.007833734051754249,0.13825031025975765,M3,False,income+deprivation+density,3,0.7252102392325455,True,0.00783342723083193
M3_plain_income+social_rent+density,income+social_rent+density,newbuilds_lag1_per_1000,-1.0291050195563628e-05,3.222066999317746e-05,-0.31939280585235186,0.7496562647401612,-7.370433985021132e-05,5.312223945908406e-05,54312,294,0.000872116136746981,-0.001029099724292326,-0.018148241609039495,M3,False,income+social_rent+density,3,,False,
M3_plain_income+social_rent+density,income+social_rent+density,x_income,7.521671539249749e-05,4.9355502153535155e-05,1.5239783227919197,0.12859271259702054,-2.191952524978055e-05,0.0001723529560347755,54312,294,0.000872116136746981,0.007521954424061228,0.13274455734100243,M3,False,income+social_rent+density,3,0.9001489881791438,True,0.007521671539249749
M3_plain_income+social_rent+density,income+social_rent+density,x_social_rent,7.857003793496394e-05,3.87499531462118e-05,2.027616333844392,0.04350426979039823,2.3065088561127924e-06,0.00015483356701381508,54312,294,0.000872116136746981,0.007857312464132349,0.1386666958164806,M3,False,income+social_rent+density,3,0.5220512374847788,True,0.007857003793496395
M3_plain_income+social_rent+density,income+social_rent+density,x_density,5.6653147479564166e-05,3.808394839485516e-05,1.4875859743370925,0.1379354904882677,-1.8299622008685886e-05,0.0001316059169678142,54312,294,0.000872116136746981,0.005665475229932326,0.09996668594882685,M3,False,income+social_rent+density,3,0.9001489881791438,True,0.005665314747956417
M3_plain_deprivation+social_rent+density,deprivation+social_rent+density,newbuilds_lag1_per_1000,2.629364348006872e-06,3.860907917910227e-05,0.0681022289034558,0.9457507064791386,-7.335691159852245e-05,7.86156402945362e-05,54312,294,0.0008708246155080257,0.0002629367804818372,0.004637405866358968,M3,False,deprivation+social_rent+density,3,,False,
M3_plain_deprivation+social_rent+density,deprivation+social_rent+density,x_deprivation,-0.00012169133517123786,8.032133550272489e-05,-1.5150561729281693,0.13083619803553703,-0.000279771229684944,3.6388559342468316e-05,54312,294,0.0008708246155080257,-0.012168393108102915,-0.21439169672435865,M3,False,deprivation+social_rent+density,3,0.9001489881791438,True,-0.012169133517123787
M3_plain_deprivation+social_rent+density,deprivation+social_rent+density,x_social_rent,0.00011523227486438605,5.7560748663999425e-05,2.001924532584415,0.04621444097711436,1.9473422872092914e-06,0.0002285172074415628,54312,294,0.0008708246155080257,0.01152389143579402,0.20343692679980485,M3,False,deprivation+social_rent+density,3,0.5220512374847788,True,0.011523227486438605
M3_plain_deprivation+social_rent+density,deprivation+social_rent+density,x_density,9.251518857247205e-05,4.607455965775142e-05,2.0079451493337848,0.04556684158113744,1.8361493747769798e-06,0.00018319422777016712,54312,294,0.0008708246155080257,0.009251946823440882,0.1632982995533272,M3,False,deprivation+social_rent+density,3,0.5220512374847788,True,0.009251518857247206
M3_plain_income+deprivation+social_rent+density,income+deprivation+social_rent+density,newbuilds_lag1_per_1000,-9.971600440799105e-06,3.214553163483492e-05,-0.3102017584924074,0.7566280599912418,-7.323701078434747e-05,5.3293809902749256e-05,54312,294,0.0009276207085193722,-0.0009971550724574563,-0.017584942290538308,M3,False,income+deprivation+social_rent+density,4,,False,
M3_plain_income+deprivation+social_rent+density,income+deprivation+social_rent+density,x_income,4.6845870386719685e-05,6.124367193509743e-05,0.764909563821782,0.44494103485503067,-7.36873993670407e-05,0.00016737914014048006,54312,294,0.0009276207085193722,0.004684696767154328,0.08265421381110638,M3,False,income+deprivation+social_rent+density,4,0.8898820697100613,True,0.004684587038671969
M3_plain_income+deprivation+social_rent+density,income+deprivation+social_rent+density,x_deprivation,-7.513141464792332e-05,0.00010118136039692001,-0.7425420487844157,0.4583538603837123,-0.0002742657875787094,0.0001240029582828627,54312,294,0.0009276207085193722,-0.007512859235392355,-0.13241833778743217,M3,False,income+deprivation+social_rent+density,4,0.8898820697100613,True,-0.007513141464792332
M3_plain_income+deprivation+social_rent+density,income+deprivation+social_rent+density,x_social_rent,0.00010901747630889208,5.871107381151097e-05,1.8568469154368963,0.0643364185291666,-6.531403659559306e-06,0.00022456635627734347,54312,294,0.0009276207085193722,0.010902341892982115,0.192454453894908,M3,False,income+deprivation+social_rent+density,4,0.2573456741166664,True,0.010901747630889209
M3_plain_income+deprivation+social_rent+density,income+deprivation+social_rent+density,x_density,7.546371309844214e-05,4.5579462195353054e-05,1.655651678710151,0.09886296992343335,-1.4240928025066488e-05,0.00016516835422195078,54312,294,0.0009276207085193722,0.007546656055601453,0.13318075592645418,M3,False,income+deprivation+social_rent+density,4,0.29658890977030006,True,0.007546371309844214
M3_plain_degree,degree,newbuilds_lag1_per_1000,8.153952167338866e-06,3.7222980514195624e-05,0.2190569388775629,0.8267582087698808,-6.510435207201438e-05,8.14122564066921e-05,54312,294,0.00044235436515083215,0.0008153985410874753,0.014381813565655932,M3,False,degree,1,,False,
M3_plain_degree,degree,x_degree,6.299449608152231e-05,4.4499928963339035e-05,1.4156089132955674,0.15795209372480912,-2.45855227561053e-05,0.0001505745149191499,54312,294,0.00044235436515083215,0.00629964802765226,0.11116245972344618,M3,False,degree,1,0.7897604686240456,True,0.006299449608152231
M3_plain_income+deprivation+social_rent+density+degree,income+deprivation+social_rent+density+degree,newbuilds_lag1_per_1000,-3.535869689624199e-05,3.473646350774346e-05,-1.0179129745997264,0.3095590854877217,-0.0001037233032952106,3.300590950272662e-05,54312,294,0.001126017160010817,-0.0035358071784896694,-0.062341193316794996,M3,False,income+deprivation+social_rent+density+degree,5,,False,
M3_plain_income+deprivation+social_rent+density+degree,income+deprivation+social_rent+density+degree,x_income,-2.892384263534611e-05,5.724173011262344e-05,-0.5052929493647079,0.6137329660550779,-0.00014158091689027522,8.3733231619583e-05,54312,294,0.001126017160010817,-0.00289234243450176,-0.05099874529324033,M3,False,income+deprivation+social_rent+density+degree,5,1.0,True,-0.002892384263534611
M3_plain_income+deprivation+social_rent+density+degree,income+deprivation+social_rent+density+degree,x_deprivation,-8.860805848245139e-05,9.920023884329719e-05,-0.8932242453813255,0.3724701476780252,-0.0002838433990545822,0.00010662728208967945,54312,294,0.001126017160010817,-0.008860413290434632,-0.15615222862723765,M3,False,income+deprivation+social_rent+density+degree,5,1.0,True,-0.008860805848245138
M3_plain_income+deprivation+social_rent+density+degree,income+deprivation+social_rent+density+degree,x_social_rent,0.00012766174037158004,5.5874104795985814e-05,2.284810483097918,0.02303864153160884,1.769628054804961e-05,0.00023762720019511046,54312,294,0.001126017160010817,0.012766988947832125,0.22540525160519298,M3,False,income+deprivation+social_rent+density+degree,5,0.1843091322528707,True,0.012766174037158004
M3_plain_income+deprivation+social_rent+density+degree,income+deprivation+social_rent+density+degree,x_density,4.174822278138013e-05,4.324387415851375e-05,0.9654135665169316,0.3351338499369234,-4.335976281865921e-05,0.00012685620838141947,54312,294,0.001126017160010817,0.004174909425058715,0.07365668244909696,M3,False,income+deprivation+social_rent+density+degree,5,1.0,True,0.0041748222781380125
M3_plain_income+deprivation+social_rent+density+degree,income+deprivation+social_rent+density+degree,x_degree,8.213814743625002e-05,4.625441199032704e-05,1.7757905441199247,0.07680529340165498,-8.894857959636983e-06,0.00017317115283213704,54312,294,0.001126017160010817,0.008214152086627458,0.1449685436283321,M3,False,income+deprivation+social_rent+density+degree,5,0.4608317604099299,True,0.008213814743625002
M3_plain_unemployment,unemployment,newbuilds_lag1_per_1000,4.954683956676924e-05,3.701544845459367e-05,1.338544895046933,0.1817565733341353,-2.3303022184859483e-05,0.00012239670131839795,54312,294,0.00012138919320425767,0.0049548067031723875,0.08742184941514797,M3,False,unemployment,1,,False,
M3_plain_unemployment,unemployment,x_unemployment,-6.05002812025496e-07,3.92776250358241e-05,-0.015403243232595877,0.9877209591152749,-7.790703948198773e-05,7.669703385793673e-05,54312,294,0.00012138919320425767,-6.0500262899498836e-05,-0.0010670120979217046,M3,False,unemployment,1,1.0,True,-6.0500281202549595e-05
M3_plain_income+deprivation+social_rent+density+unemployment,income+deprivation+social_rent+density+unemployment,newbuilds_lag1_per_1000,-1.5026842462364142e-05,3.1464781965906966e-05,-0.4775765641295775,0.6333076798508714,-7.695247383957895e-05,4.689878891485067e-05,54312,294,0.0014826467412919486,-0.0015026729559886043,-0.026498692968646154,M3,False,income+deprivation+social_rent+density+unemployment,5,,False,
M3_plain_income+deprivation+social_rent+density+unemployment,income+deprivation+social_rent+density+unemployment,x_income,2.3957048066067143e-05,5.789413554279454e-05,0.41380785534587394,0.6793175625198193,-8.998402104447687e-05,0.00013789811717661115,54312,294,0.0014826467412919486,0.0023957335038460315,0.042260956652673265,M3,False,income+deprivation+social_rent+density+unemployment,5,1.0,True,0.0023957048066067144
M3_plain_income+deprivation+social_rent+density+unemployment,income+deprivation+social_rent+density+unemployment,x_deprivation,6.191346222867476e-05,9.671310410717157e-05,0.6401765593219512,0.5225581092446965,-0.00012842696475334558,0.0002522538892106951,54312,294,0.0014826467412919486,0.006191537890654075,0.10925378498440885,M3,False,income+deprivation+social_rent+density+unemployment,5,1.0,True,0.006191346222867476
M3_plain_income+deprivation+social_rent+density+unemployment,income+deprivation+social_rent+density+unemployment,x_social_rent,0.00017638034244649208,5.9014635007343205e-05,2.988755965779421,0.0030384445313351716,6.023402567603449e-05,0.0002925266592169497,54312,294,0.0014826467412919486,0.01763958983735936,0.3115588654086343,M3,False,income+deprivation+social_rent+density+unemployment,5,0.027346000782016544,True,0.017638034244649207
M3_plain_income+deprivation+social_rent+density+unemployment,income+deprivation+social_rent+density+unemployment,x_density,9.162649198660423e-05,4.225055695144814e-05,2.1686457788449043,0.0309139588420706,8.473447478228555e-06,0.0001747795364949799,54312,294,0.0014826467412919486,0.009163068982176448,0.1617283959269855,M3,False,income+deprivation+social_rent+density+unemployment,5,0.2163977118944942,True,0.009162649198660423
M3_plain_income+deprivation+social_rent+density+unemployment,income+deprivation+social_rent+density+unemployment,x_unemployment,-0.00024037340126515234,5.660691098658189e-05,-4.246361390787257,2.9205895018868944e-05,-0.00035178109215448084,-0.00012896571037582385,54312,294,0.0014826467412919486,-0.024034451389376432,-0.42303902753363376,M3,False,income+deprivation+social_rent+density+unemployment,5,0.00029205895018868944,True,-0.024037340126515233
M3_plain_all_six,all_six,newbuilds_lag1_per_1000,-2.8029425343601542e-05,3.414726876420943e-05,-0.8208394509425554,0.4124050536913981,-9.52344414254653e-05,3.9175590738262225e-05,54312,294,0.001533350610575912,-0.002802903252296929,-0.049422091506268195,M3,False,all_six,6,,False,
M3_plain_all_six,all_six,x_income,-1.4079762759558579e-05,5.696446923660227e-05,-0.24716745276916735,0.8049517324975592,-0.00012619116169970514,9.803163618058798e-05,54312,294,0.001533350610575912,-0.0014079663640198525,-0.024828797347276055,M3,False,all_six,6,1.0,True,-0.0014079762759558578
M3_plain_all_six,all_six,x_deprivation,4.1212416621156544e-05,0.00010056696824233945,0.40980072623692565,0.6822515832268952,-0.0001567127751328194,0.0002391376083751325,54312,294,0.001533350610575912,0.0041213265864481485,0.07271101228578658,M3,False,all_six,6,1.0,True,0.004121241662115654
M3_plain_all_six,all_six,x_social_rent,0.00017964373844053976,5.8698488498923115e-05,3.0604491365026463,0.0024147648123107324,6.41196275433925e-05,0.00029516784933768703,54312,294,0.001533350610575912,0.01796598753431855,0.3173324764241592,M3,False,all_six,6,0.012073824061553662,True,0.017964373844053975
M3_plain_all_six,all_six,x_density,7.209920415053593e-05,4.32200037726394e-05,1.6681906028934366,0.0963461633329048,-1.2961802299351073e-05,0.00015716021060042294,54312,294,0.001533350610575912,0.007210180336070238,0.12723918779244947,M3,False,all_six,6,0.3853846533316192,True,0.007209920415053593
M3_plain_all_six,all_six,x_degree,4.3684133676683665e-05,4.5115742366377725e-05,0.9682680897042945,0.33370906489156904,-4.510786348753912e-05,0.00013247613084090644,54312,294,0.001533350610575912,0.0043685087842249,0.07707353953692042,M3,False,all_six,6,1.0,True,0.004368413367668367
M3_plain_all_six,all_six,x_unemployment,-0.0002166356831149634,6.662038848619036e-05,-3.251792552363598,0.0012806852624349663,-0.00034775083350986467,-8.552053272006214e-05,54312,294,0.001533350610575912,-0.021661221929980545,-0.3813421997143962,M3,False,all_six,6,0.007684111574609798,True,-0.02166356831149634
M3_plain_pc1,pc1,newbuilds_lag1_per_1000,4.685281117891349e-05,3.6635069933895735e-05,1.2789060117383324,0.20194213322342836,-2.52484300965882e-05,0.00011895405245441517,54312,294,0.0002468414245161421,0.004685390878900186,0.08266646511041476,M3,False,pc1,1,,False,
M3_plain_pc1,pc1,x_pc1,4.948754715483951e-05,3.6402533466933796e-05,1.35945337979818,0.17504828186878374,-2.2156040622524234e-05,0.00012113113493220326,54312,294,0.0002468414245161421,0.004948877168375887,0.08731718654026999,M3,False,pc1,1,0.7897604686240456,True,0.004948754715483951
M3_plain_pc1+pc2,pc1+pc2,newbuilds_lag1_per_1000,8.001248286374674e-06,3.336269992362986e-05,0.23982616229172793,0.8106327162485625,-5.7659662997164965e-05,7.366215956991432e-05,54312,294,0.0007248675460933551,0.0008001280296543456,0.014112457839710046,M3,False,pc1+pc2,2,,False,
M3_plain_pc1+pc2,pc1+pc2,x_pc1,4.614705466828394e-05,3.728526112190946e-05,1.2376755125141699,0.21682728609867397,-2.723382362734005e-05,0.00011952793296390793,54312,294,0.0007248675460933551,0.004614811946002106,0.08142073108925452,M3,False,pc1+pc2,2,1.0,True,0.004614705466828394
M3_plain_pc1+pc2,pc1+pc2,x_pc2,9.80170153710317e-05,4.6480004932486516e-05,2.1087995905638155,0.035810417066891365,6.5400219827090305e-06,0.00018949400875935437,54312,294,0.0007248675460933551,0.009802181919571495,0.1730179549913391,M3,False,pc1+pc2,2,0.393914587735805,True,0.00980170153710317
M3_zyear_income,income,newbuilds_lag1_per_1000,9.085867355379579e-05,3.169453559294521e-05,2.8666983709967893,0.004448472872722098,2.848086556747674e-05,0.00015323648154011484,54312,294,0.2265862218907041,0.009086280132808433,0.16037204624219648,M3,True,income,1,,False,
M3_zyear_income,income,x_income,-1.848819461058901e-05,3.20353185553429e-05,-0.5771191124149293,0.5643021511189064,-8.153669531398904e-05,4.456030609281102e-05,54312,294,0.2265862218907041,-0.0018488023704965606,-0.03260152896460422,M3,True,income,1,1.0,True,-0.001848819461058901
M3_zyear_deprivation,deprivation,newbuilds_lag1_per_1000,8.782136181276146e-05,3.755959435032992e-05,2.33818717512294,0.020050206941864657,1.3900570086429627e-05,0.0001617421535390933,54312,294,0.0567778375570801,0.008782521822148226,0.1550068213200806,M3,True,deprivation,1,,False,
M3_zyear_deprivation,deprivation,x_deprivation,3.56691539627534e-05,4.27193805929178e-05,0.8349642122073929,0.40441814790599206,-4.840657928486193e-05,0.00011974488721036873,54312,294,0.0567778375570801,0.0035669790114489786,0.0629279648161285,M3,True,deprivation,1,1.0,True,0.00356691539627534
M3_zyear_social_rent,social_rent,newbuilds_lag1_per_1000,3.2974454263470704e-05,3.4994194702996466e-05,0.9422835571251817,0.34682375349185124,-3.589739121342764e-05,0.00010184629974036905,54312,294,0.0018337336035437746,0.0032974997926871197,0.058172559620128794,M3,True,social_rent,1,,False,
M3_zyear_social_rent,social_rent,x_social_rent,7.20624311505387e-05,3.266339055904284e-05,2.2062140493430267,0.028144827016822305,7.77782604884302e-06,0.00013634703625223438,54312,294,0.0018337336035437746,0.007206502770995549,0.12717425031265606,M3,True,social_rent,1,0.16886896210093383,True,0.007206243115053869
M3_zyear_density,density,newbuilds_lag1_per_1000,-2.6007839211830006e-05,3.6453516339760266e-05,-0.7134521391414567,0.4761338959497783,-9.775176604740252e-05,4.5736087623742515e-05,54312,294,0.025167191408529743,-0.0026007501010893996,-0.045858404376397655,M3,True,density,1,,False,
M3_zyear_density,density,x_density,0.00014108111924684508,3.444815735937411e-05,4.095461994528243,5.456218712707184e-05,7.328392629085058e-05,0.00020887831220283958,54312,294,0.025167191408529743,0.014109107165594104,0.24912859507151275,M3,True,density,1,0.00038193530988950286,True,0.014108111924684507
M3_zyear_income+deprivation,income+deprivation,newbuilds_lag1_per_1000,6.548596254286108e-05,2.5503099623992557e-05,2.567764840680536,0.010731609822353327,1.5293479149746753e-05,0.0001156784459359754,54312,294,0.2523900716806188,0.0065488106795408285,0.11556153464513663,M3,True,income+deprivation,2,,False,
M3_zyear_income+deprivation,income+deprivation,x_income,-2.190944238030992e-05,3.61033009950868e-05,-0.6068542702865735,0.544417571036087,-9.29641126890013e-05,4.9145227928381455e-05,54312,294,0.2523900716806188,-0.0021909202370218317,-0.038633289375433755,M3,True,income+deprivation,2,1.0,True,-0.0021909442380309923
M3_zyear_income+deprivation,income+deprivation,x_deprivation,8.596763648245823e-06,4.432576458232466e-05,0.19394507301231909,0.8463532809310768,-7.864048341141672e-05,9.583401070790836e-05,54312,294,0.2523900716806188,0.0008596800600502164,0.015162896754294941,M3,True,income+deprivation,2,1.0,True,0.0008596763648245823
M3_zyear_income+social_rent,income+social_rent,newbuilds_lag1_per_1000,5.154947654174835e-05,2.8944465359834756e-05,1.7809787087406974,0.0759518556782528,-5.4159362243662835e-06,0.00010851488930786298,54312,294,0.2771892653395557,0.0051550805238775865,0.09095696541918663,M3,True,income+social_rent,2,,False,
M3_zyear_income+social_rent,income+social_rent,x_income,-2.9531950548564108e-05,2.8787602598066004e-05,-1.0258565452945398,0.30580537961299625,-8.618864274027181e-05,2.7124741643143592e-05,54312,294,0.2771892653395557,-0.002953151448481517,-0.05207068671219117,M3,True,income+social_rent,2,1.0,True,-0.0029531950548564107
M3_zyear_income+social_rent,income+social_rent,x_social_rent,-2.6537910174672986e-06,2.377244496855802e-05,-0.11163307017756327,0.9111907843378182,-4.944018431436472e-05,4.413260227943013e-05,54312,294,0.2771892653395557,-0.000265378749619849,-0.0046802690945702,M3,True,income+social_rent,2,1.0,True,-0.00026537910174672985
M3_zyear_income+density,income+density,newbuilds_lag1_per_1000,1.817883700396534e-05,2.8976961108447045e-05,0.6273548470431582,0.5309152338313767,-3.885053043223318e-05,7.520820444016387e-05,54312,294,0.2665794724400772,0.0018179002239993025,0.03206638369899206,M3,True,income+density,2,,False,
M3_zyear_income+density,income+density,x_income,-2.2756553715447493e-05,3.0063472684588624e-05,-0.7569502683272228,0.4496879084164358,-8.192427747091507e-05,3.641117004002008e-05,54312,294,0.2665794724400772,-0.0022756294787096287,-0.04012671535310597,M3,True,income+density,2,1.0,True,-0.0022756553715447495
M3_zyear_income+density,income+density,x_density,7.620147347030666e-05,2.4314442256624935e-05,3.1340004704218174,0.0018991990037320328,2.8348378859392535e-05,0.00012405456808122078,54312,294,0.2665794724400772,0.007620437687627657,0.13448365395929418,M3,True,income+density,2,0.022790388044784393,True,0.007620147347030666
M3_zyear_deprivation+social_rent,deprivation+social_rent,newbuilds_lag1_per_1000,4.2816464112425755e-05,3.784021953098133e-05,1.1315067577071052,0.258767096889426,-3.165662419460422e-05,0.00011728955241945573,54312,294,0.11884200180224347,0.0042817380750292955,0.07554209982272297,M3,True,deprivation+social_rent,2,,False,
M3_zyear_deprivation+social_rent,deprivation+social_rent,x_deprivation,-3.856387652638937e-05,7.637819131640213e-05,-0.5049069094427198,0.6140037587452731,-0.0001888832947840068,0.00011175554173122805,54312,294,0.11884200180224347,-0.0038563132949698264,-0.06799034892341904,M3,True,deprivation+social_rent,2,1.0,True,-0.003856387652638937
M3_zyear_deprivation+social_rent,deprivation+social_rent,x_social_rent,5.586446210903402e-05,5.3172610499643635e-05,1.0506247781347584,0.2942967111333328,-4.878420447740359e-05,0.00016051312869547164,54312,294,0.11884200180224347,0.005586602255713835,0.09857433419921957,M3,True,deprivation+social_rent,2,1.0,True,0.0055864462109034025
M3_zyear_deprivation+density,deprivation+density,newbuilds_lag1_per_1000,-1.0538901920022562e-05,3.513730987897726e-05,-0.2999347974082675,0.7644395658979537,-7.969241143774835e-05,5.861460759770323e-05,54312,294,0.13359375984213995,-0.0010538846386021206,-0.0185852868938019,M3,True,deprivation+density,2,,False,
M3_zyear_deprivation+density,deprivation+density,x_deprivation,7.866821023211842e-06,4.902701618504073e-05,0.16045889869210905,0.8726301658567459,-8.862292853517393e-05,0.00010435657058159761,54312,294,0.13359375984213995,0.0007866851966742416,0.01387534100190102,M3,True,deprivation+density,2,1.0,True,0.0007866821023211842
M3_zyear_deprivation+density,deprivation+density,x_density,0.0001361193395132936,4.0444135381383907e-05,3.3656137837959115,0.0008656107230604615,5.652150146974756e-05,0.00021571717755683963,54312,294,0.13359375984213995,0.013612860417100414,0.2403562975604734,M3,True,deprivation+density,2,0.012118550122846461,True,0.013611933951329359
M3_zyear_social_rent+density,social_rent+density,newbuilds_lag1_per_1000,-2.7030492784870673e-05,3.681922135318177e-05,-0.7341408044886535,0.4634500020126804,-9.949416126297158e-05,4.543317569323023e-05,54312,294,0.031206375709859624,-0.0027030127464411358,-0.047661171729462826,M3,True,social_rent+density,2,,False,
M3_zyear_social_rent+density,social_rent+density,x_social_rent,4.6203937983047005e-05,3.448582900573654e-05,1.339794904607374,0.1813502066416144,-2.1667396293505194e-05,0.0001140752722595992,54312,294,0.031206375709859624,0.004620500540153394,0.08152113551189721,M3,True,social_rent+density,2,1.0,True,0.0046203937983047005
M3_zyear_social_rent+density,social_rent+density,x_density,0.00012479792979523883,3.8194656972931745e-05,3.2674185262007236,0.0012144065150352379,4.962727547932035e-05,0.0001999685841111573,54312,294,0.031206375709859624,0.012480571738082702,0.220343213508567,M3,True,social_rent+density,2,0.015787284695458093,True,0.012479792979523882
M3_zyear_income+deprivation+social_rent,income+deprivation+social_rent,newbuilds_lag1_per_1000,4.796743985960061e-05,2.8587360838046254e-05,1.6779247350375155,0.09442807516726126,-8.295157835258407e-06,0.00010423003755445962,54312,294,0.2792624970704446,0.004796859031563905,0.084633932838174,M3,True,income+deprivation+social_rent,3,,False,
M3_zyear_income+deprivation+social_rent,income+deprivation+social_rent,x_income,-3.532214778522579e-05,3.64667126468791e-05,-0.9686134345934451,0.3335369587727022,-0.00010709204618643849,3.644775061598691e-05,54312,294,0.2792624970704446,-0.003532152396545918,-0.062276773364844384,M3,True,income+deprivation+social_rent,3,1.0,True,-0.0035322147785225785
M3_zyear_income+deprivation+social_rent,income+deprivation+social_rent,x_deprivation,-2.5463646446097925e-05,8.219436701930456e-05,-0.30979795051061604,0.756934827091936,-0.00018722984202425435,0.00013630254913205852,54312,294,0.2792624970704446,-0.0025463322250174336,-0.044899070215831394,M3,True,income+deprivation+social_rent,3,1.0,True,-0.0025463646446097924
M3_zyear_income+deprivation+social_rent,income+deprivation+social_rent,x_social_rent,1.2564381881705859e-05,5.1085840634762466e-05,0.24594646433509315,0.8058958735817199,-8.797732659640193e-05,0.00011310609035981365,54312,294,0.2792624970704446,0.0012564460813990763,0.022161722590685606,M3,True,income+deprivation+social_rent,3,1.0,True,0.0012564381881705858
M3_zyear_income+deprivation+density,income+deprivation+density,newbuilds_lag1_per_1000,2.0873933923086295e-05,2.6332536142543167e-05,0.7927050326672527,0.42859108253854217,-3.095095805160407e-05,7.269882589777666e-05,54312,294,0.2723072832285641,0.0020874151785088557,0.03682124898003458,M3,True,income+deprivation+density,3,,False,
M3_zyear_income+deprivation+density,income+deprivation+density,x_income,-3.161990725390913e-05,3.8948103219449956e-05,-0.8118471668761198,0.41753838797852216,-0.00010827341419454903,4.503359968673078e-05,54312,294,0.2723072832285641,-0.0031619407349858797,-0.055751142127824505,M3,True,income+deprivation+density,3,1.0,True,-0.0031619907253909126
M3_zyear_income+deprivation+density,income+deprivation+density,x_deprivation,-1.4124401558044632e-05,5.6546066831378014e-05,-0.24978574725920374,0.8029280762898834,-0.0001254123454638823,9.716354234779305e-05,54312,294,0.2723072832285641,-0.0014124301809137485,-0.02490750532414543,M3,True,income+deprivation+density,3,1.0,True,-0.0014124401558044633
M3_zyear_income+deprivation+density,income+deprivation+density,x_density,7.416577024831917e-05,3.3063701606209e-05,2.2431175774460668,0.0256365284710951,9.093315595658902e-06,0.00013923822490097943,54312,294,0.2723072832285641,0.007416852059694001,0.1308886067496795,M3,True,income+deprivation+density,3,0.2820018131820461,True,0.007416577024831917
M3_zyear_income+social_rent+density,income+social_rent+density,newbuilds_lag1_per_1000,1.3795113117668433e-05,2.9424775061319095e-05,0.468826459638873,0.6395423116780199,-4.411559402719788e-05,7.170582026253475e-05,54312,294,0.29299689639859106,0.0013795208270606096,0.024332815656613604,M3,True,income+social_rent+density,3,,False,
M3_zyear_income+social_rent+density,income+social_rent+density,x_income,-3.217556756655937e-05,2.8210885005304703e-05,-1.140537333745792,0.2549939136946766,-8.769722563990617e-05,2.334609050678743e-05,54312,294,0.29299689639859106,-0.003217504993857645,-0.05673058548832932,M3,True,income+social_rent+density,3,1.0,True,-0.0032175567566559374
M3_zyear_income+social_rent+density,income+social_rent+density,x_social_rent,-8.331232309443165e-06,2.7241704598110152e-05,-0.3058263949467072,0.7599540047299593,-6.194545276892126e-05,4.528298815003493e-05,54312,294,0.29299689639859106,-0.000833119760479395,-0.014692361513835017,M3,True,income+social_rent+density,3,1.0,True,-0.0008331232309443165
M3_zyear_income+social_rent+density,income+social_rent+density,x_density,5.33284463765191e-05,2.582444903168052e-05,2.0650371402347307,0.03979897123898479,2.5035173181103796e-06,0.00010415337543492783,54312,294,0.29299689639859106,0.005332986836337206,0.09409736207233177,M3,True,income+social_rent+density,3,0.3979897123898479,True,0.00533284463765191
M3_zyear_deprivation+social_rent+density,deprivation+social_rent+density,newbuilds_lag1_per_1000,-3.6513254948233214e-05,3.763577021150179e-05,-0.9701742449547233,0.3327598312667521,-0.00011058396788818992,3.755745799172349e-05,54312,294,0.18325084635644773,-0.00365125883474704,-0.0643761482296834,M3,True,deprivation+social_rent+density,3,,False,
M3_zyear_deprivation+social_rent+density,deprivation+social_rent+density,x_deprivation,-3.506014041868903e-05,7.993608341741749e-05,-0.43860217963906,0.6612730414785566,-0.00019238182282566905,0.000122261541988291,54312,294,0.18325084635644773,-0.0035059525819169934,-0.06181496879746895,M3,True,deprivation+social_rent+density,3,1.0,True,-0.0035060140418689033
M3_zyear_deprivation+social_rent+density,deprivation+social_rent+density,x_social_rent,3.7170454438209426e-05,5.142664932602861e-05,0.7227858498530705,0.47038799762670336,-6.40419973937969e-05,0.00013838290627021574,54312,294,0.18325084635644773,0.0037171145268022343,0.06557744603767901,M3,True,deprivation+social_rent+density,3,1.0,True,0.0037170454438209427
M3_zyear_deprivation+social_rent+density,deprivation+social_rent+density,x_density,0.00010682258909852574,3.5028637094223565e-05,3.0495788006591167,0.0025010566882048835,3.788295777695859e-05,0.0001757622204200929,54312,294,0.18325084635644773,0.01068282948344379,0.1885760495455413,M3,True,deprivation+social_rent+density,3,0.0300126802584586,True,0.010682258909852574
M3_zyear_income+deprivation+social_rent+density,income+deprivation+social_rent+density,newbuilds_lag1_per_1000,6.49928635180499e-06,2.9575577186576177e-05,0.21975180098107772,0.8262174790832781,-5.170821346843054e-05,6.470678617204053e-05,54312,294,0.2976576595112336,0.0006499307472207505,0.0114631725586678,M3,True,income+deprivation+social_rent+density,4,,False,
M3_zyear_income+deprivation+social_rent+density,income+deprivation+social_rent+density,x_income,-4.041591803531795e-05,3.966589430353909e-05,-1.0189085294797435,0.3090869696711811,-0.00011848210490894825,3.765026883831236e-05,54312,294,0.2976576595112336,-0.004041510132313242,-0.07125444183111451,M3,True,income+deprivation+social_rent+density,4,0.9272609090135433,True,-0.004041591803531795
M3_zyear_income+deprivation+social_rent+density,income+deprivation+social_rent+density,x_deprivation,-3.67058705100373e-05,9.325429816444116e-05,-0.3936104955217349,0.6941549046458824,-0.00022023904416206724,0.0001468273031419926,54312,294,0.2976576595112336,-0.0036705196857833577,-0.0647156368562607,M3,True,income+deprivation+social_rent+density,4,1.0,True,-0.0036705870510037298
M3_zyear_income+deprivation+social_rent+density,income+deprivation+social_rent+density,x_social_rent,9.003683953782146e-06,5.053093828075889e-05,0.17818161031873336,0.8587034817222761,-9.044592483453256e-05,0.00010845329274209684,54312,294,0.2976576595112336,0.000900372448708886,0.015880676227264523,M3,True,income+deprivation+social_rent+density,4,1.0,True,0.0009003683953782147
M3_zyear_income+deprivation+social_rent+density,income+deprivation+social_rent+density,x_density,6.324902566271818e-05,3.1554170342083785e-05,2.004458522503537,0.0459409326084419,1.1474696076037744e-06,0.00012535058171783258,54312,294,0.2976576595112336,0.006325102592441567,0.11161186276698043,M3,True,income+deprivation+social_rent+density,4,0.1837637304337676,True,0.006324902566271818
M3_zyear_degree,degree,newbuilds_lag1_per_1000,5.660282286525924e-05,3.295063569989207e-05,1.717806702753375,0.0868884015910627,-8.247107517456944e-06,0.00012145275324797542,54312,294,0.1684223706302561,0.005660442483534922,0.09987784187535098,M3,True,degree,1,,False,
M3_zyear_degree,degree,x_degree,3.3496560309978854e-05,3.434112388429107e-05,0.9754066414029462,0.3301632016780667,-3.408998076448676e-05,0.00010108310138444447,54312,294,0.1684223706302561,0.003349712132605376,0.05909391580685153,M3,True,degree,1,1.0,True,0.003349656030997885
M3_zyear_income+deprivation+social_rent+density+degree,income+deprivation+social_rent+density+degree,newbuilds_lag1_per_1000,-9.094846470178984e-06,2.9637050714917042e-05,-0.30687420815463695,0.7591570976309163,-6.742333193905553e-05,4.9233638998697564e-05,54312,294,0.30000836589472424,-0.0009094805112241922,-0.016038908473225977,M3,True,income+deprivation+social_rent+density+degree,5,,False,
M3_zyear_income+deprivation+social_rent+density+degree,income+deprivation+social_rent+density+degree,x_income,-9.322171004587775e-05,4.403386998833516e-05,-2.1170455849229866,0.035098542816168754,-0.00017988448126623585,-6.558938825519645e-06,54312,294,0.30000836589472424,-0.009321736503731248,-0.1642760936688581,M3,True,income+deprivation+social_rent+density+degree,5,0.28078834252935003,True,-0.009322171004587775
M3_zyear_income+deprivation+social_rent+density+degree,income+deprivation+social_rent+density+degree,x_deprivation,-4.7731129763283975e-05,9.179243988903963e-05,-0.5199897706279758,0.6034633457330061,-0.00022838722971474498,0.000132924970188177,54312,294,0.30000836589472424,-0.004772999065105754,-0.0841459458556737,M3,True,income+deprivation+social_rent+density+degree,5,1.0,True,-0.004773112976328398
M3_zyear_income+deprivation+social_rent+density+degree,income+deprivation+social_rent+density+degree,x_social_rent,2.039449325150006e-05,4.669573958749534e-05,0.4367527622790133,0.6626123449251526,-7.150708609886239e-05,0.00011229607260186252,54312,294,0.30000836589472424,0.002039470122050524,0.03597537203636758,M3,True,income+deprivation+social_rent+density+degree,5,1.0,True,0.002039449325150006
M3_zyear_income+deprivation+social_rent+density+degree,income+deprivation+social_rent+density+degree,x_density,4.0600966322608185e-05,3.2309685674027e-05,1.2566190439681793,0.20989251639494322,-2.2987514510705656e-05,0.00010418944715592202,54312,294,0.30000836589472424,0.004060179055298541,0.0716318450481257,M3,True,income+deprivation+social_rent+density+degree,5,1.0,True,0.004060096632260818
M3_zyear_income+deprivation+social_rent+density+degree,income+deprivation+social_rent+density+degree,x_degree,5.565572259091631e-05,2.847351954476999e-05,1.9546485113442587,0.05157536535410956,-3.8282480000066845e-07,0.0001116942699818333,54312,294,0.30000836589472424,0.005565727139944521,0.09820582694930469,M3,True,income+deprivation+social_rent+density+degree,5,0.3610275574787669,True,0.005565572259091631
M3_zyear_unemployment,unemployment,newbuilds_lag1_per_1000,7.839229471586263e-05,3.83413056900711e-05,2.044591161019411,0.04178866167934636,2.9330220198977533e-06,0.0001538515674118275,54312,294,0.02955275180182826,0.007839536747211717,0.1383527834444287,M3,True,unemployment,1,,False,
M3_zyear_unemployment,unemployment,x_unemployment,2.7024700106310436e-06,4.017841652561638e-05,0.0672617351385175,0.9464192133585498,-7.637240849262438e-05,8.177734851388646e-05,54312,294,0.02955275180182826,0.0002702473662408167,0.004766345284101803,M3,True,unemployment,1,1.0,True,0.00027024700106310435
M3_zyear_income+deprivation+social_rent+density+unemployment,income+deprivation+social_rent+density+unemployment,newbuilds_lag1_per_1000,5.4276900968461895e-06,2.7168076390161298e-05,0.19978190648829977,0.841789734675876,-4.804162316863495e-05,5.889700336232733e-05,54312,294,0.30089280752395997,0.0005427704826699298,0.009573044924704455,M3,True,income+deprivation+social_rent+density+unemployment,5,,False,
M3_zyear_income+deprivation+social_rent+density+unemployment,income+deprivation+social_rent+density+unemployment,x_income,-5.357922139266116e-05,4.054758719523308e-05,-1.3213911134756773,0.1874018859160833,-0.000133380662273712,2.622221948838967e-05,54312,294,0.30089280752395997,-0.005357778605186159,-0.09445076667046193,M3,True,income+deprivation+social_rent+density+unemployment,5,1.0,True,-0.005357922139266116
M3_zyear_income+deprivation+social_rent+density+unemployment,income+deprivation+social_rent+density+unemployment,x_deprivation,3.621057203544849e-05,8.184681138710883e-05,0.44241884835542644,0.6585125486602799,-0.00012487160157854027,0.00019729274564943722,54312,294,0.30089280752395997,0.0036211227646187893,0.06388344634560283,M3,True,income+deprivation+social_rent+density+unemployment,5,1.0,True,0.003621057203544849
M3_zyear_income+deprivation+social_rent+density+unemployment,income+deprivation+social_rent+density+unemployment,x_social_rent,5.1728573134750234e-05,5.2479470623825816e-05,0.9856915955868146,0.3250977260578676,-5.1555929400296487e-05,0.00015501307566979694,54312,294,0.30089280752395997,0.005172991108048919,0.09127311828214246,M3,True,income+deprivation+social_rent+density+unemployment,5,1.0,True,0.005172857313475023
M3_zyear_income+deprivation+social_rent+density+unemployment,income+deprivation+social_rent+density+unemployment,x_density,7.239511755746459e-05,3.1233105829211494e-05,2.3178968480859616,0.021143591359020775,1.092544646802315e-05,0.00013386478864690603,54312,294,0.30089280752395997,0.007239773814715633,0.12776174312532085,M3,True,income+deprivation+social_rent+density+unemployment,5,0.19029232223118697,True,0.007239511755746459
M3_zyear_income+deprivation+social_rent+density+unemployment,income+deprivation+social_rent+density+unemployment,x_unemployment,-0.0001396632562679699,4.7973309514991466e-05,-2.911269989082694,0.0038760018765628956,-0.00023407921262798279,-4.5247299907957e-05,54312,294,0.30089280752395997,-0.013965350380940045,-0.24601504520104234,M3,True,income+deprivation+social_rent+density+unemployment,5,0.038760018765628956,True,-0.01396632562679699
M3_zyear_all_six,all_six,newbuilds_lag1_per_1000,-4.081163604971822e-07,2.770162956984929e-05,-0.014732575911035205,0.9882555569206766,-5.4927512145580716e-05,5.411127942458636e-05,54312,294,0.303166992781447,-4.081162772173741e-05,-0.0007197749190779312,M3,True,all_six,6,,False,
M3_zyear_all_six,all_six,x_income,-7.670688850814825e-05,4.566201761873064e-05,-1.6798839058894968,0.09404576916110563,-0.00016657400641988983,1.3160229403593333e-05,54312,294,0.303166992781447,-0.007670394660996838,-0.1351932162678926,M3,True,all_six,6,0.3761830766444225,True,-0.007670688850814825
M3_zyear_all_six,all_six,x_deprivation,2.5393430262595645e-05,8.387572998005152e-05,0.3027506320199545,0.7622947318302988,-0.0001396818447501914,0.0001904687052753827,54312,294,0.303166992781447,0.002539375267840427,0.04479534568251342,M3,True,all_six,6,0.9150909038830268,True,0.0025393430262595643
M3_zyear_all_six,all_six,x_social_rent,5.3781054399411644e-05,5.234141235198567e-05,1.0275048376177673,0.3050303012943423,-4.9231736554737696e-05,0.00015679384535356098,54312,294,0.303166992781447,0.005378250062615386,0.09489636195607609,M3,True,all_six,6,0.9150909038830268,True,0.0053781054399411644
M3_zyear_all_six,all_six,x_density,6.212604116877067e-05,3.4769979848631675e-05,1.7867724237756657,0.07500801387412048,-6.30452852125794e-06,0.0001305566108587993,54312,294,0.303166992781447,0.006212797103133383,0.10962911175576018,M3,True,all_six,6,0.3750400693706024,True,0.006212604116877067
M3_zyear_all_six,all_six,x_degree,2.4373453104918445e-05,2.6705085395385214e-05,0.9126895774364501,0.3621561830015805,-2.8184650615092475e-05,7.693155682492937e-05,54312,294,0.303166992781447,0.0024373750139972117,0.04299566561305479,M3,True,all_six,6,0.9150909038830268,True,0.0024373453104918445
M3_zyear_all_six,all_six,x_unemployment,-0.0001313069744706333,5.40516757246738e-05,-2.429285914084872,0.015729717604885396,-0.00023768572357093452,-2.4928225370332072e-05,54312,294,0.303166992781447,-0.013129835408720592,-0.23131259892803513,M3,True,all_six,6,0.09437830562931238,True,-0.01313069744706333
M3_zyear_pc1,pc1,newbuilds_lag1_per_1000,9.478512662318772e-05,3.7580762011758885e-05,2.522171492784787,0.012193144603947603,2.0822674960988927e-05,0.0001687475782853865,54312,294,0.04421215270582701,0.009478961887521287,0.16730831072566676,M3,True,pc1,1,,False,
M3_zyear_pc1,pc1,x_pc1,4.321551354549231e-05,3.7770836440623516e-05,1.1441502920759494,0.25349515901381814,-3.112102235567751e-05,0.00011755204944666214,54312,294,0.04421215270582701,0.0043216447349170295,0.07624642051056174,M3,True,pc1,1,1.0,True,0.004321551354549231
M3_zyear_pc1+pc2,pc1+pc2,newbuilds_lag1_per_1000,-3.842660010630341e-05,3.074585441959722e-05,-1.2498140263687234,0.21236485641855096,-9.893731488667219e-05,2.2084114674065376e-05,54312,294,0.22572504018000772,-0.0038425861814017637,-0.06774840464326415,M3,True,pc1+pc2,2,,False,
M3_zyear_pc1+pc2,pc1+pc2,x_pc1,8.410417470753246e-05,3.1785440653392845e-05,2.6459968142223946,0.008585001343288434,2.1547457066930625e-05,0.0001466608923481343,54312,294,0.22572504018000772,0.00841077115627531,0.14844102935194226,M3,True,pc1+pc2,2,0.08585001343288434,True,0.008410417470753247
M3_zyear_pc1+pc2,pc1+pc2,x_pc2,9.427774777246937e-05,3.089302087089647e-05,3.051749071949323,0.002483605161957003,3.3477395662843856e-05,0.0001550780998820949,54312,294,0.22572504018000772,0.009428219205909194,0.16641197503814986,M3,True,pc1+pc2,2,0.027319656781527035,True,0.009427774777246937
M6_plain_income,income,newbuilds_lag1_per_1000,1.2041361299670138e-05,2.7511858845405914e-05,0.43767894300900256,0.6619414912932347,-4.2104547965125385e-05,6.618727056446566e-05,54312,294,1.8088977226438097e-05,0.0012041433797183032,0.021239093209968196,M6,False,income,1,,False,
M6_plain_income,income,x_income,-1.1238403180057828e-05,2.2830884292579872e-05,-0.4922456369204391,0.6229143254700469,-5.6171717075258426e-05,3.369491071514278e-05,54312,294,1.8088977226438097e-05,-0.0011238340029473548,-0.019818730696230524,M6,False,income,1,1.0,True,-0.0011238403180057828
M6_plain_deprivation,deprivation,newbuilds_lag1_per_1000,9.255947417373664e-06,2.2957514994002284e-05,0.40317723498348174,0.6871118884653304,-3.59265875322051e-05,5.443848236695243e-05,54312,294,3.897480763970229e-05,0.0009255990253809188,0.016325654238991127,M6,False,deprivation,1,,False,
M6_plain_deprivation,deprivation,x_deprivation,-2.0384226469606082e-05,3.491117476075708e-05,-0.5838882996432295,0.5597446932530183,-8.909268094174091e-05,4.832422800252875e-05,54312,294,3.897480763970229e-05,-0.002038401871262696,-0.03594433383927731,M6,False,deprivation,1,1.0,True,-0.002038422646960608
M6_plain_social_rent,social_rent,newbuilds_lag1_per_1000,9.836862416668553e-06,2.2836740862402327e-05,0.4307472102056229,0.6669688854419786,-3.51079777552548e-05,5.478170258859191e-05,54312,294,1.0001048680652325e-05,0.000983691079881055,0.017350361887502608,M6,False,social_rent,1,,False,
M6_plain_social_rent,social_rent,x_social_rent,-5.671011485966817e-06,2.0427273485910055e-05,-0.27761959959455484,0.781500167730935,-4.587379468976128e-05,3.4531771717827654e-05,54312,294,1.0001048680652325e-05,-0.0005670995405826496,-0.010001222192790316,M6,False,social_rent,1,1.0,True,-0.0005671011485966817
M6_plain_density,density,newbuilds_lag1_per_1000,6.235005631325611e-06,2.3053666072775004e-05,0.27045614400951085,0.7869997613995765,-3.91367636268542e-05,5.160677488950542e-05,54312,294,1.2167761895165441e-05,0.0006235025068912492,0.010997019521274964,M6,False,density,1,,False,
M6_plain_density,density,x_density,8.602951218849137e-06,1.9638074622152147e-05,0.4380750854844412,0.6616546395636806,-3.0046614868318153e-05,4.7252517306016424e-05,54312,294,1.2167761895165441e-05,0.0008602988224248875,0.015173811165314355,M6,False,density,1,1.0,True,0.0008602951218849137
M6_plain_income+deprivation,income+deprivation,newbuilds_lag1_per_1000,2.352024017911932e-05,2.275142003526711e-05,1.0337921827587226,0.30208583590110316,-2.1256680631541675e-05,6.829716098978032e-05,54312,294,0.00012168230622167098,0.002352051678222722,0.0414902545142537,M6,False,income+deprivation,2,,False,
M6_plain_income+deprivation,income+deprivation,x_income,-3.8000681653185376e-05,3.219145939317569e-05,-1.1804584933245117,0.23877533224132774,-0.00010135648211722064,2.535511881084988e-05,54312,294,0.00012168230622167098,-0.003799995963638114,-0.06699773642755424,M6,False,income+deprivation,2,1.0,True,-0.0038000681653185377
M6_plain_income+deprivation,income+deprivation,x_deprivation,-4.656802002249226e-05,4.71459217579939e-05,-0.9877422751756116,0.32409384874862646,-0.00013935559995512778,4.621955991014325e-05,54312,294,0.00012168230622167098,-0.004656693574911497,-0.08209632364080122,M6,False,income+deprivation,2,1.0,True,-0.004656802002249226
M6_plain_income+social_rent,income+social_rent,newbuilds_lag1_per_1000,1.7357951297759784e-05,2.7626738225097096e-05,0.6283025942596152,0.5302951721198181,-3.7014051322054294e-05,7.172995391757387e-05,54312,294,3.225281016661086e-05,0.0017358101947806404,0.03061816864613487,M6,False,income+social_rent,2,,False,
M6_plain_income+social_rent,income+social_rent,x_income,-1.6863441178393095e-05,2.5303708039052164e-05,-0.6664415014735039,0.5056533502704159,-6.666350329866606e-05,3.293662094187986e-05,54312,294,3.225281016661086e-05,-0.0016863298991420805,-0.02973691342814666,M6,False,income+social_rent,2,1.0,True,-0.0016863441178393095
M6_plain_income+social_rent,income+social_rent,x_social_rent,-1.1914843229819289e-05,2.2730570281565715e-05,-0.5241770480119505,0.6005516999090239,-5.665072977673051e-05,3.282104331709193e-05,54312,294,3.225281016661086e-05,-0.0011914772248378114,-0.021011495757949916,M6,False,income+social_rent,2,1.0,True,-0.001191484322981929
M6_plain_income+density,income+density,newbuilds_lag1_per_1000,1.0063369561148404e-05,2.6691446655764565e-05,0.37702600727993935,0.7064271946804692,-4.246789184471226e-05,6.259463096700907e-05,54312,294,2.359495127302047e-05,0.00100634201969374,0.01774991303746809,M6,False,income+density,2,,False,
M6_plain_income+density,income+density,x_income,-1.0983870393223599e-05,2.2725724715472915e-05,-0.4833232176637773,0.6292272282264917,-5.5710220413233035e-05,3.3742479626785834e-05,54312,294,2.359495127302047e-05,-0.0010983810070697153,-0.019369909980004874,M6,False,income+density,2,1.0,True,-0.0010983870393223598
M6_plain_income+density,income+density,x_density,8.20818434778754e-06,1.9212281505602003e-05,0.4272363147184868,0.6695210046707896,-2.9603381094499712e-05,4.601974979007479e-05,54312,294,2.359495127302047e-05,0.0008208218035044013,0.014477474362872833,M6,False,income+density,2,1.0,True,0.0008208184347787541
M6_plain_deprivation+social_rent,deprivation+social_rent,newbuilds_lag1_per_1000,4.9138471260456105e-06,2.8784364614977748e-05,0.17071237082262097,0.8645677594068673,-5.1736472412346195e-05,6.156416666443741e-05,54312,294,5.493868542916225e-05,0.0004913859199096038,0.008666719230121522,M6,False,deprivation+social_rent,2,,False,
M6_plain_deprivation+social_rent,deprivation+social_rent,x_deprivation,-3.809731887320087e-05,7.216764413358489e-05,-0.5279002706903023,0.5979681107941324,-0.00018012998678810079,0.00010393534904169905,54312,294,5.493868542916225e-05,-0.00380965931795485,-0.06716805705966333,M6,False,deprivation+social_rent,2,1.0,True,-0.0038097318873200874
M6_plain_deprivation+social_rent,deprivation+social_rent,x_social_rent,1.8364939067986067e-05,4.966160473108185e-05,0.3698015633492397,0.7117974935582017,-7.937374005301117e-05,0.0001161036181889833,54312,294,5.493868542916225e-05,0.0018365107704587658,0.032394709800565025,M6,False,deprivation+social_rent,2,1.0,True,0.0018364939067986067
M6_plain_deprivation+density,deprivation+density,newbuilds_lag1_per_1000,4.42357341210799e-06,2.491889862952096e-05,0.17751881725894034,0.8592235446053833,-4.46191478287356e-05,5.346629465295159e-05,54312,294,7.386180950330612e-05,0.00044235831961891847,0.007801973081833502,M6,False,deprivation+density,2,,False,
M6_plain_deprivation+density,deprivation+density,x_deprivation,-3.176954391065336e-05,4.159976495221864e-05,-0.7636952744118569,0.44566336733715284,-0.00011364176894628665,5.0102681124979934e-05,54312,294,7.386180950330612e-05,-0.003176903926405128,-0.056014902470880035,M6,False,deprivation+density,2,1.0,True,-0.003176954391065336
M6_plain_deprivation+density,deprivation+density,x_density,2.3488894228323946e-05,2.634158006542204e-05,0.8917040727999933,0.37328326170795334,-2.8353797031770903e-05,7.53315854884188e-05,54312,294,7.386180950330612e-05,0.0023489170094537215,0.04143494806878589,M6,False,deprivation+density,2,1.0,True,0.002348889422832395
M6_plain_social_rent+density,social_rent+density,newbuilds_lag1_per_1000,7.996947501371873e-06,2.282348076871381e-05,0.3503824671797654,0.7263034393346071,-3.692179556698114e-05,5.291569056972489e-05,54312,294,2.309959027146924e-05,0.0007996979477065125,0.014104871657516505,M6,False,social_rent+density,2,,False,
M6_plain_social_rent+density,social_rent+density,x_social_rent,-1.0471261825530981e-05,2.1989153379931317e-05,-0.4762012272417779,0.634285918825346,-5.3747970622626664e-05,3.280544697156471e-05,54312,294,2.309959027146924e-05,-0.0010471207002038518,-0.018466015028961724,M6,False,social_rent+density,2,1.0,True,-0.001047126182553098
M6_plain_social_rent+density,social_rent+density,x_density,1.3933957835968711e-05,2.1479986270197462e-05,0.6486949135205671,0.5170436868438439,-2.8340662506138e-05,5.6208578178075425e-05,54312,294,2.309959027146924e-05,0.0013934054913899985,0.02457775008013474,M6,False,social_rent+density,2,1.0,True,0.0013933957835968712
M6_plain_income+deprivation+social_rent,income+deprivation+social_rent,newbuilds_lag1_per_1000,1.885180468608893e-05,2.5987909132036787e-05,0.725406749358271,0.4687815015243597,-3.229482912560594e-05,6.999843849778381e-05,54312,294,0.00015103484007061851,0.001885198238249508,0.033253655884024624,M6,False,income+deprivation+social_rent,3,,False,
M6_plain_income+deprivation+social_rent,income+deprivation+social_rent,x_income,-4.14278609305547e-05,3.438416136515995e-05,-1.204853027840075,0.22923230644146608,-0.00010909910378933835,2.6243381928228944e-05,54312,294,0.00015103484007061851,-0.004142700280862499,-0.07303787497326963,M6,False,income+deprivation+social_rent,3,1.0,True,-0.00414278609305547
M6_plain_income+deprivation+social_rent,income+deprivation+social_rent,x_deprivation,-7.322176118733981e-05,8.74996522126321e-05,-0.836823453988186,0.4033738029639471,-0.0002454292538191028,9.898573144442317e-05,54312,294,0.00015103484007061851,-0.0073219080539588255,-0.12905476617612877,M6,False,income+deprivation+social_rent,3,1.0,True,-0.0073221761187339815
M6_plain_income+deprivation+social_rent,income+deprivation+social_rent,x_social_rent,2.518625837986565e-05,5.080113884927986e-05,0.49578137322058635,0.6204203290654755,-7.479513037826654e-05,0.00012516764713799784,54312,294,0.00015103484007061851,0.0025186575556279678,0.04442980241727845,M6,False,income+deprivation+social_rent,3,1.0,True,0.0025186258379865647
M6_plain_income+deprivation+density,income+deprivation+density,newbuilds_lag1_per_1000,2.1219374095404073e-05,2.3311272312473932e-05,0.910262374827543,0.36343236477068164,-2.4659388316497608e-05,6.709813650730576e-05,54312,294,0.00022709471721482632,0.0021219599227961794,0.0374307133412799,M6,False,income+deprivation+density,3,,False,
M6_plain_income+deprivation+density,income+deprivation+density,x_income,-5.617376330402941e-05,3.909172932991947e-05,-1.4369730955093853,0.15179260858060095,-0.00013310993985231876,2.0762413244259947e-05,54312,294,0.00022709471721482632,-0.005617218558773285,-0.09902222360832491,M6,False,income+deprivation+density,3,1.0,True,-0.005617376330402941
M6_plain_income+deprivation+density,income+deprivation+density,x_deprivation,-8.058294149492049e-05,6.401058794881194e-05,-1.2589001925644105,0.2090684545278585,-0.00020656176053939748,4.539587754955651e-05,54312,294,0.00022709471721482632,-0.008057969477692772,-0.1420197712832194,M6,False,income+deprivation+density,3,1.0,True,-0.008058294149492048
M6_plain_income+deprivation+density,income+deprivation+density,x_density,4.434198962463636e-05,3.197030988062637e-05,1.386974032788687,0.16650388466029464,-1.857856793168643e-05,0.00010726254718095916,54312,294,0.00022709471721482632,0.004434297274524823,0.07823467312910726,M6,False,income+deprivation+density,3,1.0,True,0.004434198962463636
M6_plain_income+social_rent+density,income+social_rent+density,newbuilds_lag1_per_1000,1.6287742719393595e-05,2.7587101540768793e-05,0.5904115260286852,0.5553698783671783,-3.8006251201507866e-05,7.058173664029506e-05,54312,294,5.247036518785109e-05,0.0016287875365339488,0.02873012708926037,M6,False,income+social_rent+density,3,,False,
M6_plain_income+social_rent+density,income+social_rent+density,x_income,-1.9666473446902628e-05,2.612889695277865e-05,-0.7526713998851459,0.4522516795533251,-7.109058446550767e-05,3.1757637571702425e-05,54312,294,5.247036518785109e-05,-0.0019666280063113106,-0.0346789102853684,M6,False,income+social_rent+density,3,1.0,True,-0.0019666473446902626
M6_plain_income+social_rent+density,income+social_rent+density,x_social_rent,-1.9006398288878092e-05,2.524849324788877e-05,-0.7527735656252426,0.4521903682726254,-6.869779254017109e-05,3.068499596241491e-05,54312,294,5.247036518785109e-05,-0.0019006217668482428,-0.033515160674280065,M6,False,income+social_rent+density,3,1.0,True,-0.0019006398288878093
M6_plain_income+social_rent+density,income+social_rent+density,x_density,1.7572442086371844e-05,2.1678069068143296e-05,0.8106091936110298,0.41824804932024584,-2.5092023713461292e-05,6.023690788620498e-05,54312,294,5.247036518785109e-05,0.0017572596482606784,0.03099657349028284,M6,False,income+social_rent+density,3,1.0,True,0.0017572442086371844
M6_plain_deprivation+social_rent+density,deprivation+social_rent+density,newbuilds_lag1_per_1000,8.483962936119296e-07,3.0537236395717606e-05,0.02778235340677078,0.9778546535733508,-5.925173871984763e-05,6.0948531307071486e-05,54312,294,8.613457085504539e-05,8.483966535965948e-05,0.0014962917416649901,M6,False,deprivation+social_rent+density,3,,False,
M6_plain_deprivation+social_rent+density,deprivation+social_rent+density,x_deprivation,-4.677797536236794e-05,7.675769511591314e-05,-0.6094239188882327,0.5427157588039564,-0.0001978442925630715,0.00010428834183833561,54312,294,8.613457085504539e-05,-0.004677688128995605,-0.08246630828684376,M6,False,deprivation+social_rent+density,3,1.0,True,-0.004677797536236795
M6_plain_deprivation+social_rent+density,deprivation+social_rent+density,x_social_rent,1.616162487836506e-05,4.8978599210830874e-05,0.3299731952070847,0.7416560087186319,-8.023283555007955e-05,0.00011255608530680967,54312,294,8.613457085504539e-05,0.0016161755478139028,0.028507634747354516,M6,False,deprivation+social_rent+density,3,1.0,True,0.001616162487836506
M6_plain_deprivation+social_rent+density,deprivation+social_rent+density,x_density,2.229322962863079e-05,2.514904925633065e-05,0.8864442310088132,0.376105174018742,-2.7202449553967957e-05,7.178890881122953e-05,54312,294,8.613457085504539e-05,0.0022293478124435495,0.03932535363042611,M6,False,deprivation+social_rent+density,3,1.0,True,0.002229322962863079
M6_plain_income+deprivation+social_rent+density,income+deprivation+social_rent+density,newbuilds_lag1_per_1000,1.6844769467315995e-05,2.659165395192201e-05,0.6334607654631605,0.5269269424145051,-3.549009057148655e-05,6.917962950611855e-05,54312,294,0.00025324951196104006,0.0016844911341351576,0.029712818604088476,M6,False,income+deprivation+social_rent+density,4,,False,
M6_plain_income+deprivation+social_rent+density,income+deprivation+social_rent+density,x_income,-5.914049492440914e-05,4.138885172045199e-05,-1.428899147138825,0.15409842966411125,-0.00014059762300951817,2.2316633160699896e-05,54312,294,0.00025324951196104006,-0.005913874615981474,-0.10424920440950114,M6,False,income+deprivation+social_rent+density,4,0.616393718656445,True,-0.005914049492440914
M6_plain_income+deprivation+social_rent+density,income+deprivation+social_rent+density,x_deprivation,-0.00010524911150212543,0.00010211001849491614,-1.0307422626445375,0.3035117804083636,-0.0003062111703553592,9.571294735110831e-05,54312,294,0.00025324951196104006,-0.010524357300867315,-0.18545121878041915,M6,False,income+deprivation+social_rent+density,4,0.616393718656445,True,-0.010524911150212542
M6_plain_income+deprivation+social_rent+density,income+deprivation+social_rent+density,x_social_rent,2.3785339334388944e-05,4.9485099593311806e-05,0.48065659218363316,0.6311192795454694,-7.360596118059806e-05,0.00012117663984937595,54312,294,0.00025324951196104006,0.0023785622207839197,0.041957993725483256,M6,False,income+deprivation+social_rent+density,4,0.6311192795454694,True,0.0023785339334388943
M6_plain_income+deprivation+social_rent+density,income+deprivation+social_rent+density,x_density,4.368363403789977e-05,3.115209802463077e-05,1.4022694074524547,0.16189338753273796,-1.762660612173008e-05,0.00010499387419752961,54312,294,0.00025324951196104006,0.0043684588181713835,0.077072657666033,M6,False,income+deprivation+social_rent+density,4,0.616393718656445,True,0.004368363403789976
M6_plain_degree,degree,newbuilds_lag1_per_1000,1.5311463949916137e-05,2.5192279352259358e-05,0.6077839855544049,0.5438015368504452,-3.4269296101438785e-05,6.489222400127105e-05,54312,294,2.3064112251947044e-05,0.001531158117096254,0.02700782579105887,M6,False,degree,1,,False,
M6_plain_degree,degree,x_degree,-1.066976780631505e-05,1.3123826094184906e-05,-0.8130074057475332,0.4168739353368487,-3.6498684016437e-05,1.5159148403806898e-05,54312,294,2.3064112251947044e-05,-0.001066971088459212,-0.01881604634346168,M6,False,degree,1,1.0,True,-0.001066976780631505
M6_plain_income+deprivation+social_rent+density+degree,income+deprivation+social_rent+density+degree,newbuilds_lag1_per_1000,2.1454768101626257e-05,2.4882612914871715e-05,0.862239354646042,0.3892609650877801,-2.751653946179022e-05,7.042607566504273e-05,54312,294,0.0002650746060174347,0.0021454998256897895,0.03784602402012727,M6,False,income+deprivation+social_rent+density+degree,5,,False,
M6_plain_income+deprivation+social_rent+density+degree,income+deprivation+social_rent+density+degree,x_income,-4.553710411612813e-05,5.4216169525217835e-05,-0.8399173994567659,0.40163952219619503,-0.00015223959238828708,6.116538415603081e-05,54312,294,0.0002650746060174347,-0.004553606731794169,-0.08027961714204279,M6,False,income+deprivation+social_rent+density+degree,5,1.0,True,-0.004553710411612813
M6_plain_income+deprivation+social_rent+density+degree,income+deprivation+social_rent+density+degree,x_deprivation,-0.00010290039899936783,0.00010239376730150029,-1.0049478763328998,0.31575115298915524,-0.0003044209020210466,9.862010402231091e-05,54312,294,0.0002650746060174347,-0.010289510493488585,-0.18131649054548005,M6,False,income+deprivation+social_rent+density+degree,5,1.0,True,-0.010290039899936782
M6_plain_income+deprivation+social_rent+density+degree,income+deprivation+social_rent+density+degree,x_social_rent,2.045886270664479e-05,4.986388921474588e-05,0.4102941633480655,0.6818900266159369,-7.767793118223108e-05,0.00011859565659552067,54312,294,0.0002650746060174347,0.0020459071990552857,0.036088938619083244,M6,False,income+deprivation+social_rent+density+degree,5,1.0,True,0.002045886270664479
M6_plain_income+deprivation+social_rent+density+degree,income+deprivation+social_rent+density+degree,x_density,4.984994530211434e-05,3.066517788252771e-05,1.625620614140238,0.10510546217227179,-1.0501990513862771e-05,0.00011020188111809145,54312,294,0.0002650746060174347,0.004985118783129572,0.08795689290563846,M6,False,income+deprivation+social_rent+density+degree,5,1.0,True,0.004984994530211434
M6_plain_income+deprivation+social_rent+density+degree,income+deprivation+social_rent+density+degree,x_degree,-1.4783595226769892e-05,2.585857349311364e-05,-0.5717096200494931,0.567957033804007,-6.567568441430149e-05,3.61084939607617e-05,54312,294,0.0002650746060174347,-0.0014783485949965147,-0.02606980090040789,M6,False,income+deprivation+social_rent+density+degree,5,1.0,True,-0.0014783595226769892
M6_plain_unemployment,unemployment,newbuilds_lag1_per_1000,9.970514913185201e-06,2.3424319713881134e-05,0.42564800322788987,0.6706768342447866,-3.613073534926887e-05,5.607176517563928e-05,54312,294,5.9316543527754284e-05,0.0009970564619043998,0.017586120300672192,M6,False,unemployment,1,,False,
M6_plain_unemployment,unemployment,x_unemployment,-2.4111516498242003e-05,2.651440465250377e-05,-0.9093742369193698,0.36390003841892904,-7.629434269663512e-05,2.807130970015112e-05,54312,294,5.9316543527754284e-05,-0.002411122581791325,-0.04251541827915428,M6,False,unemployment,1,1.0,True,-0.0024111516498242004
M6_plain_income+deprivation+social_rent+density+unemployment,income+deprivation+social_rent+density+unemployment,newbuilds_lag1_per_1000,1.5483884672857056e-05,2.73828209710092e-05,0.5654598074190453,0.5721937955237033,-3.8408065996190096e-05,6.937583534190422e-05,54312,294,0.000340451345981041,0.001548400454876031,0.02731199949554952,M6,False,income+deprivation+social_rent+density+unemployment,5,,False,
M6_plain_income+deprivation+social_rent+density+unemployment,income+deprivation+social_rent+density+unemployment,x_income,-6.584746330783468e-05,4.328674980169962e-05,-1.5211921340707641,0.12929005315814357,-0.00015103983218050772,1.9344905564838363e-05,54312,294,0.000340451345981041,-0.006584529541120432,-0.11606496971396929,M6,False,income+deprivation+social_rent+density+unemployment,5,1.0,True,-0.006584746330783468
M6_plain_income+deprivation+social_rent+density+unemployment,income+deprivation+social_rent+density+unemployment,x_deprivation,-6.545316742549048e-05,0.00010579886490989424,-0.6186566130103097,0.5366232523984471,-0.0002736752207559975,0.00014276888590501657,54312,294,0.000340451345981041,-0.006545102541366532,-0.11537037149951246,M6,False,income+deprivation+social_rent+density+unemployment,5,1.0,True,-0.006545316742549047
M6_plain_income+deprivation+social_rent+density+unemployment,income+deprivation+social_rent+density+unemployment,x_social_rent,4.342426604386517e-05,5.483932399139904e-05,0.791845392745465,0.4290914209461305,-6.450464845319548e-05,0.0001513531805409258,54312,294,0.000340451345981041,0.004342520889100143,0.07661486982810661,M6,False,income+deprivation+social_rent+density+unemployment,5,1.0,True,0.004342426604386517
M6_plain_income+deprivation+social_rent+density+unemployment,income+deprivation+social_rent+density+unemployment,x_density,4.8425692388282035e-05,3.226467872457807e-05,1.5008887211200739,0.13446117051568685,-1.5074210562496101e-05,0.00011192559533906016,54312,294,0.000340451345981041,0.004842686493100601,0.08544282066091924,M6,False,income+deprivation+social_rent+density+unemployment,5,1.0,True,0.0048425692388282034
M6_plain_income+deprivation+social_rent+density+unemployment,income+deprivation+social_rent+density+unemployment,x_unemployment,-6.994498994221248e-05,6.634068809851676e-05,-1.0543301847931286,0.2926004073324384,-0.0002005096638354203,6.0619683950995364e-05,54312,294,0.000340451345981041,-0.006994254384840026,-0.12328295518708732,M6,False,income+deprivation+social_rent+density+unemployment,5,1.0,True,-0.006994498994221248
M6_plain_all_six,all_six,newbuilds_lag1_per_1000,2.4551427824532822e-05,2.5222348855684605e-05,0.9733997402466118,0.3311575838456067,-2.508851181963877e-05,7.419136746870441e-05,54312,294,0.0003847488881658645,0.0024551729213229123,0.04330968752535025,M6,False,all_six,6,,False,
M6_plain_all_six,all_six,x_income,-3.971484291454436e-05,5.499552626352846e-05,-0.7221467928907186,0.47078017430980656,-0.00014795117808067722,6.852149225158848e-05,54312,294,0.0003847488881658645,-0.003971405429059605,-0.07001885877723213,M6,False,all_six,6,1.0,True,-0.003971484291454436
M6_plain_all_six,all_six,x_deprivation,-5.1440916544002995e-05,0.00010377588224830482,-0.49569240395297415,0.6204830315566965,-0.0002556815509433437,0.0001527997178553377,54312,294,0.0003847488881658645,-0.00514395934827494,-0.09068302005066364,M6,False,all_six,6,1.0,True,-0.0051440916544002995
M6_plain_all_six,all_six,x_social_rent,4.120926222652185e-05,5.469976125463092e-05,0.7533718846539399,0.45183140234833474,-6.644497976206686e-05,0.00014886350421511058,54312,294,0.0003847488881658645,0.004121011133983998,0.07270544496884579,M6,False,all_six,6,1.0,True,0.004120926222652185
M6_plain_all_six,all_six,x_density,6.207669832322541e-05,3.279985597758618e-05,1.8925905761795296,0.059397879428868317,-2.4764834752231214e-06,0.00012662988012167396,54312,294,0.0003847488881658645,0.006207862512130902,0.1095419925069896,M6,False,all_six,6,0.3563872765732099,True,0.0062076698323225415
M6_plain_all_six,all_six,x_degree,-3.009066769786801e-05,2.6996632609396457e-05,-1.1146081858888817,0.26593178407767515,-8.322256358092257e-05,2.304122818518655e-05,54312,294,0.0003847488881658645,-0.003009021497824005,-0.053055554493697255,M6,False,all_six,6,1.0,True,-0.003009066769786801
M6_plain_all_six,all_six,x_unemployment,-8.617047090964981e-05,6.166823384705173e-05,-1.3973234765141487,0.16337352553178475,-0.00020753931818258623,3.51983763632866e-05,54312,294,0.0003847488881658645,-0.00861667583412773,-0.1518597796731913,M6,False,all_six,6,0.8168676276589237,True,-0.008617047090964981
M6_plain_pc1,pc1,newbuilds_lag1_per_1000,8.475859600199282e-06,2.313254058517393e-05,0.3664041815463891,0.7143279373296259,-3.705114206941646e-05,5.400286126981502e-05,54312,294,7.640303751221822e-06,0.0008475895520332344,0.014949631309479905,M6,False,pc1,1,,False,
M6_plain_pc1,pc1,x_pc1,-4.0398025104446235e-06,2.4780503843742867e-05,-0.16302342098926623,0.8706123751489425,-5.2810149879512824e-05,4.473054485862357e-05,54312,294,7.640303751221822e-06,-0.0004039794350485515,-0.007124574477246348,M6,False,pc1,1,1.0,True,-0.00040398025104446236
M6_plain_pc1+pc2,pc1+pc2,newbuilds_lag1_per_1000,7.998961352965118e-06,2.4991568255276142e-05,0.3200664028467442,0.7491461129154882,-4.118678050253621e-05,5.7184703208466446e-05,54312,294,7.763091230184038e-06,0.0007998993344804362,0.014108423903169687,M6,False,pc1+pc2,2,,False,
M6_plain_pc1+pc2,pc1+pc2,x_pc1,-4.0680322313417765e-06,2.4849491231411616e-05,-0.1637068619819258,0.8700747795024859,-5.2974153226398574e-05,4.483808876371502e-05,54312,294,7.763091230184038e-06,-0.0004068023956915745,-0.007174358478712062,M6,False,pc1+pc2,2,1.0,True,-0.00040680322313417765
M6_plain_pc1+pc2,pc1+pc2,x_pc2,1.1658536851937738e-06,1.998134061271634e-05,0.05834712033544996,0.9535119072457441,-3.815929195053181e-05,4.0490999320919364e-05,54312,294,7.763091230184038e-06,0.0001165854364826302,0.0020561878190328287,M6,False,pc1+pc2,2,1.0,True,0.00011658536851937738
M6_zyear_income,income,newbuilds_lag1_per_1000,3.116723205985744e-05,2.693316145367474e-05,1.157206595054403,0.24813048676751115,-2.183974665718695e-05,8.417421077690183e-05,54312,294,0.019111939739009487,0.0031167717763125324,0.05498343517416071,M6,True,income,1,,False,
M6_zyear_income,income,x_income,-1.9651074737473485e-05,2.310174331871154e-05,-0.8506316803181194,0.3956685835490785,-6.511746450860405e-05,2.5815315033657075e-05,54312,294,0.019111939739009487,-0.0019650881656341213,-0.034651761649306945,M6,True,income,1,1.0,True,-0.0019651074737473484
M6_zyear_deprivation,deprivation,newbuilds_lag1_per_1000,2.3084946213931705e-05,2.2638107381896553e-05,1.0197383475790245,0.30869381589928047,-2.1468964705524505e-05,6.763885713338791e-05,54312,294,0.01803992606176752,0.0023085212673246147,0.04072222943996007,M6,True,deprivation,1,,False,
M6_zyear_deprivation,deprivation,x_deprivation,-1.759157128740326e-05,3.557817729504403e-05,-0.4944483564045236,0.6213600838899147,-8.761274908019153e-05,5.2429606505385e-05,54312,294,0.01803992606176752,-0.001759141655666152,-0.031020695492167683,M6,True,deprivation,1,1.0,True,-0.001759157128740326
M6_zyear_social_rent,social_rent,newbuilds_lag1_per_1000,1.749654067644872e-05,2.208627281417902e-05,0.7921907342019353,0.42889037997917856,-2.5971308243318188e-05,6.0964389596215634e-05,54312,294,0.007134576252394331,0.001749669374184748,0.030862667990283477,M6,True,social_rent,1,,False,
M6_zyear_social_rent,social_rent,x_social_rent,-1.6560276360181883e-06,2.1209414632691577e-05,-0.07807983693551049,0.9378178402560147,-4.339813770986772e-05,4.0086082437831344e-05,54312,294,0.007134576252394331,-0.00016560262647846713,-0.002920623028745961,M6,True,social_rent,1,1.0,True,-0.00016560276360181884
M6_zyear_density,density,newbuilds_lag1_per_1000,-8.286342110502236e-07,2.337017586883633e-05,-0.03545690951154505,0.9717395494522993,-4.682332432656852e-05,4.516605590446807e-05,54312,294,0.0015596977411586055,-8.286338677443439e-05,-0.0014614163219794918,M6,True,density,1,,False,
M6_zyear_density,density,x_density,1.5249836463989049e-05,2.0341331800310755e-05,0.7496970509942754,0.45403870211029806,-2.4783805471064853e-05,5.528347839904295e-05,54312,294,0.0015596977411586055,0.0015249952743268125,0.026899106713207388,M6,True,density,1,1.0,True,0.0015249836463989048
M6_zyear_income+deprivation,income+deprivation,newbuilds_lag1_per_1000,4.456105826197812e-05,2.230142766101688e-05,1.9981258123609413,0.04662703989368944,6.697644968364924e-07,8.845235202711973e-05,54312,294,0.021260836423654284,0.004456205112068901,0.07862133820619732,M6,True,income+deprivation,2,,False,
M6_zyear_income+deprivation,income+deprivation,x_income,-4.865191608393434e-05,3.0593612391423036e-05,-1.5902638583985582,0.11285370202323675,-0.00010886300432543026,1.1559172157561585e-05,54312,294,0.021260836423654284,-0.004865073259863184,-0.08576851795781826,M6,True,income+deprivation,2,1.0,True,-0.004865191608393434
M6_zyear_income+deprivation,income+deprivation,x_deprivation,-5.280846708522442e-05,4.649527926252759e-05,-1.1357812647398138,0.256976288983779,-0.00014431552178249504,3.869858761204621e-05,54312,294,0.021260836423654284,-0.005280707274268881,-0.09309269468288361,M6,True,income+deprivation,2,1.0,True,-0.005280846708522442
M6_zyear_income+social_rent,income+social_rent,newbuilds_lag1_per_1000,3.953237179580482e-05,2.6312282042369672e-05,1.5024303757518007,0.13406296844926713,-1.2252658216944088e-05,9.131740180855373e-05,54312,294,0.019939260904414557,0.003953315321036932,0.06974587799262189,M6,True,income+social_rent,2,,False,
M6_zyear_income+social_rent,income+social_rent,x_income,-2.9405101291901947e-05,2.4528626797288764e-05,-1.1988074805374835,0.23157147516892307,-7.767973109496258e-05,1.886952851115868e-05,54312,294,0.019939260904414557,-0.002940466896617089,-0.051847084301892554,M6,True,income+social_rent,2,1.0,True,-0.0029405101291901945
M6_zyear_income+social_rent,income+social_rent,x_social_rent,-1.9890717740116426e-05,2.2280490281002917e-05,-0.892741474233891,0.3727282539940071,-6.374080478473623e-05,2.3959369304503372e-05,54312,294,0.019939260904414557,-0.0019890519921128558,-0.03507426249761414,M6,True,income+social_rent,2,1.0,True,-0.0019890717740116428
M6_zyear_income+density,income+density,newbuilds_lag1_per_1000,1.4916146248923436e-05,2.6033839044637367e-05,0.5729522343342585,0.56711646436495,-3.632088192304296e-05,6.615317442088983e-05,54312,294,0.02742678634412865,0.0014916257495167784,0.026310434865539634,M6,True,income+density,2,,False,
M6_zyear_income+density,income+density,x_income,-1.9544546720492027e-05,2.3220634204101092e-05,-0.8416887561598203,0.4006486334208732,-6.524492486474151e-05,2.6155831423757454e-05,54312,294,0.02742678634412865,-0.0019544355727041385,-0.03446394763245708,M6,True,income+density,2,1.0,True,-0.0019544546720492027
M6_zyear_income+density,income+density,x_density,1.548674957120626e-05,1.8773683787829474e-05,0.8249179940511167,0.41008922689888827,-2.1461614574370964e-05,5.243511371678348e-05,54312,294,0.02742678634412865,0.001548686949148781,0.027317053575326433,M6,True,income+density,2,1.0,True,0.001548674957120626
M6_zyear_deprivation+social_rent,deprivation+social_rent,newbuilds_lag1_per_1000,1.9433246732921673e-05,2.89042834910551e-05,0.6723310314519856,0.5019028137530055,-3.7453084360331135e-05,7.631957782617448e-05,54312,294,0.020367993713405697,0.0019433435559657042,0.034279466816755644,M6,True,deprivation+social_rent,2,,False,
M6_zyear_deprivation+social_rent,deprivation+social_rent,x_deprivation,-2.706099416638344e-05,7.37588811340942e-05,-0.3668845534300656,0.7139699534411506,-0.00017222536520365345,0.00011810337687088657,54312,294,0.020367993713405697,-0.002706062802093623,-0.04771494006862165,M6,True,deprivation+social_rent,2,1.0,True,-0.002706099416638344
M6_zyear_deprivation+social_rent,deprivation+social_rent,x_social_rent,8.267606679231802e-06,5.0093919918124995e-05,0.16504211873905308,0.8690246390012075,-9.032190913088068e-05,0.00010685712248934428,54312,294,0.020367993713405697,0.0008267640855930125,0.014582290235098938,M6,True,deprivation+social_rent,2,1.0,True,0.0008267606679231803
M6_zyear_deprivation+density,deprivation+density,newbuilds_lag1_per_1000,4.25865973484535e-06,2.472058503277851e-05,0.1722718021923242,0.8633427820716899,-4.439376181467132e-05,5.291108128436202e-05,54312,294,0.025809996035241256,0.00042586688029366826,0.0075110995570781824,M6,True,deprivation+density,2,,False,
M6_zyear_deprivation+density,deprivation+density,x_deprivation,-2.113156388331432e-05,4.2126600509049045e-05,-0.5016204400061935,0.6163112351382862,-0.00010404065052898639,6.177752276235775e-05,54312,294,0.025809996035241256,-0.0021131340613433913,-0.03726189868142882,M6,True,deprivation+density,2,1.0,True,-0.0021131563883314323
M6_zyear_deprivation+density,deprivation+density,x_density,2.8055140763476946e-05,2.5906890223555922e-05,1.0829219764079487,0.27973342960978376,-2.2932040264893175e-05,7.904232179184707e-05,54312,294,0.025809996035241256,0.0028055534312620978,0.049491904645937446,M6,True,deprivation+density,2,1.0,True,0.0028055140763476945
M6_zyear_social_rent+density,social_rent+density,newbuilds_lag1_per_1000,5.010541566298745e-06,2.2219485377461258e-05,0.2255021428795682,0.8217458644998157,-3.8719482127079125e-05,4.8740565259676615e-05,54312,294,0.010561321656718303,0.0005010554119166954,0.008837270037154177,M6,True,social_rent+density,2,,False,
M6_zyear_social_rent+density,social_rent+density,x_social_rent,-3.043902999669899e-06,2.2846479269960464e-05,-0.13323291364513018,0.894100639730522,-4.8007909267747985e-05,4.1920103268408194e-05,54312,294,0.010561321656718303,-0.00030438983670277864,-0.0053682584777781095,M6,True,social_rent+density,2,1.0,True,-0.0003043902999669899
M6_zyear_social_rent+density,social_rent+density,x_density,1.9902356038083503e-05,2.1600197576726515e-05,0.9213969440505314,0.3576012564871507,-2.2608851389341566e-05,6.241356346550857e-05,54312,294,0.010561321656718303,0.0019902554091233426,0.03510710202918599,M6,True,social_rent+density,2,1.0,True,0.0019902356038083505
M6_zyear_income+deprivation+social_rent,income+deprivation+social_rent,newbuilds_lag1_per_1000,4.110888986317305e-05,2.533216448719589e-05,1.6227942102599042,0.10570882123829639,-8.747177206378202e-06,9.09649569327243e-05,54312,294,0.02445810007844551,0.004110973484516833,0.0725282939420202,M6,True,income+deprivation+social_rent,3,,False,
M6_zyear_income+deprivation+social_rent,income+deprivation+social_rent,x_income,-5.258056711976384e-05,3.2872341104794495e-05,-1.5995382547333952,0.1107787649854517,-0.00011727640642248798,1.2115272182960315e-05,54312,294,0.02445810007844551,-0.005257918478596135,-0.09269113055057066,M6,True,income+deprivation+social_rent,3,1.0,True,-0.005258056711976384
M6_zyear_income+deprivation+social_rent,income+deprivation+social_rent,x_deprivation,-7.171596349712487e-05,8.628501155030399e-05,-0.8311520414564076,0.4065645403349585,-0.00024153292979399676,9.810100279974704e-05,54312,294,0.02445810007844551,-0.007171339196887505,-0.12640244678125967,M6,True,income+deprivation+social_rent,3,1.0,True,-0.007171596349712487
M6_zyear_income+deprivation+social_rent,income+deprivation+social_rent,x_social_rent,1.4572774602838818e-05,4.969896017145667e-05,0.2932209155395633,0.7695608658512858,-8.323942351578221e-05,0.00011238497272145984,54312,294,0.02445810007844551,0.001457288078632324,0.02570468736271536,M6,True,income+deprivation+social_rent,3,1.0,True,0.0014572774602838819
M6_zyear_income+deprivation+density,income+deprivation+density,newbuilds_lag1_per_1000,2.4405853456954923e-05,2.2971812776478588e-05,1.062426099952577,0.28891716569881076,-2.080482086470335e-05,6.96165277786132e-05,54312,294,0.030390166382699868,0.0024406151282185817,0.04305283332466381,M6,True,income+deprivation+density,3,,False,
M6_zyear_income+deprivation+density,income+deprivation+density,x_income,-5.90461407229967e-05,3.659132438858842e-05,-1.6136650342563486,0.10767653125190035,-0.000131061286677195,1.2969005231201591e-05,54312,294,0.030390166382699868,-0.005904439753390278,-0.1040829692489531,M6,True,income+deprivation+density,3,1.0,True,-0.0059046140722996705
M6_zyear_income+deprivation+density,income+deprivation+density,x_deprivation,-7.342343950810511e-05,6.192069666430578e-05,-1.1857657207275913,0.23667555387613182,-0.00019528915719872525,4.8442278182515036e-05,54312,294,0.030390166382699868,-0.00734207440733492,-0.12940999800507003,M6,True,income+deprivation+density,3,1.0,True,-0.007342343950810511
M6_zyear_income+deprivation+density,income+deprivation+density,x_density,4.99796790314275e-05,3.065488685284951e-05,1.6303984180839235,0.10409178366213845,-1.0352003076418574e-05,0.00011031136113927358,54312,294,0.030390166382699868,0.004998092803631948,0.08818590029222584,M6,True,income+deprivation+density,3,1.0,True,0.00499796790314275
M6_zyear_income+social_rent+density,income+social_rent+density,newbuilds_lag1_per_1000,2.120258325691156e-05,2.6184273929009164e-05,0.8097449375299094,0.41874390220385127,-3.033051482604217e-05,7.273568133986529e-05,54312,294,0.0284292358932694,0.0021202808033304876,0.03740108897176686,M6,True,income+social_rent+density,3,,False,
M6_zyear_income+social_rent+density,income+social_rent+density,x_income,-2.9556555373934222e-05,2.536734811713883e-05,-1.165141710416512,0.2449093241921676,-7.948186711521781e-05,2.036875636734937e-05,54312,294,0.0284292358932694,-0.0029556118583240476,-0.05211405859354423,M6,True,income+social_rent+density,3,1.0,True,-0.002955655537393422
M6_zyear_income+social_rent+density,income+social_rent+density,x_social_rent,-2.0848317979390795e-05,2.464194634818449e-05,-0.8460499704369663,0.3982152900100999,-6.934597124863033e-05,2.7649335289848737e-05,54312,294,0.0284292358932694,-0.0020848100654724533,-0.03676253479230063,M6,True,income+social_rent+density,3,1.0,True,-0.0020848317979390795
M6_zyear_income+social_rent+density,income+social_rent+density,x_density,2.496936699677712e-05,2.0386301385292514e-05,1.2248110397696275,0.22163019763831948,-1.5152779284049281e-05,6.509151327760352e-05,54312,294,0.0284292358932694,0.0024969678733999245,0.04404711106529291,M6,True,income+social_rent+density,3,1.0,True,0.002496936699677712
M6_zyear_deprivation+social_rent+density,deprivation+social_rent+density,newbuilds_lag1_per_1000,-1.8461368402501053e-07,3.062296322984249e-05,-0.006028602870316025,0.9951940025048656,-6.045346711844504e-05,6.008423975039502e-05,54312,294,0.028817710413992503,-1.846136670202725e-05,-0.00032559479167248995,M6,True,deprivation+social_rent+density,3,,False,
M6_zyear_deprivation+social_rent+density,deprivation+social_rent+density,x_deprivation,-3.083259880487721e-05,7.770505146059406e-05,-0.39679014716968686,0.6918110674760118,-0.00018376340182490544,0.000122098204215151,54312,294,0.028817710413992503,-0.00308321234852027,-0.054363364113541035,M6,True,deprivation+social_rent+density,3,1.0,True,-0.003083259880487721
M6_zyear_deprivation+social_rent+density,deprivation+social_rent+density,x_social_rent,9.370190177439994e-06,4.930535173611463e-05,0.190044079344365,0.8494061853373895,-8.766734975666337e-05,0.00010640773011154337,54312,294,0.028817710413992503,0.0009370234077765716,0.016527172444602556,M6,True,deprivation+social_rent+density,3,1.0,True,0.0009370190177439994
M6_zyear_deprivation+social_rent+density,deprivation+social_rent+density,x_density,2.6595314239882544e-05,2.4835154792988508e-05,1.0708737055019673,0.2851075370407212,-2.228259130457894e-05,7.547321978434403e-05,54312,294,0.028817710413992503,0.0026595667898421382,0.04691602946809148,M6,True,deprivation+social_rent+density,3,1.0,True,0.0026595314239882544
M6_zyear_income+deprivation+social_rent+density,income+deprivation+social_rent+density,newbuilds_lag1_per_1000,1.9663363017942256e-05,2.601377719279813e-05,0.7558826568017974,0.4503268130456286,-3.153418155477064e-05,7.086090759065515e-05,54312,294,0.03484871284015678,0.001966355634319683,0.03468545309108784,M6,True,income+deprivation+social_rent+density,4,,False,
M6_zyear_income+deprivation+social_rent+density,income+deprivation+social_rent+density,x_income,-6.252154838038038e-05,3.884515670353912e-05,-1.6095069163328704,0.10858238592671698,-0.0001389724469570796,1.3929350196318838e-05,54312,294,0.03484871284015678,-0.006251959394909523,-0.11020583093795944,M6,True,income+deprivation+social_rent+density,4,0.4082491010405054,True,-0.006252154838038038
M6_zyear_income+deprivation+social_rent+density,income+deprivation+social_rent+density,x_deprivation,-9.153024085372008e-05,9.900431064448975e-05,-0.9245076326261391,0.35598284453226015,-0.00028637997642058194,0.00010331949471314177,54312,294,0.03484871284015678,-0.009152605208906373,-0.16129777743546514,M6,True,income+deprivation+social_rent+density,4,0.7119656890645203,True,-0.009153024085372007
M6_zyear_income+deprivation+social_rent+density,income+deprivation+social_rent+density,x_social_rent,1.4846797948732614e-05,4.8319942500479865e-05,0.307260256954676,0.7588635556248917,-8.025136452050413e-05,0.00010994496041796936,54312,294,0.03484871284015678,0.0014846908162891026,0.02618809610621664,M6,True,income+deprivation+social_rent+density,4,0.7588635556248917,True,0.0014846797948732614
M6_zyear_income+deprivation+social_rent+density,income+deprivation+social_rent+density,x_density,4.892136772094923e-05,2.9828702510149807e-05,1.6400769595761924,0.10206227526012634,-9.784306391319955e-06,0.00010762704183321843,54312,294,0.03484871284015678,0.004892256439048559,0.08631777298153676,M6,True,income+deprivation+social_rent+density,4,0.4082491010405054,True,0.004892136772094923
M6_zyear_degree,degree,newbuilds_lag1_per_1000,3.788662430900739e-05,2.4738500188086807e-05,1.5314842864747418,0.12672870044047713,-1.0801055940375352e-05,8.657430455839013e-05,54312,294,0.033702588428536795,0.003788734201615185,0.06684136072985236,M6,True,degree,1,,False,
M6_zyear_degree,degree,x_degree,-1.3617732946015406e-05,1.3531671371253298e-05,-1.0063600107038468,0.3150727843238501,-4.024932677564354e-05,1.3013860883612727e-05,54312,294,0.033702588428536795,-0.0013617640225116467,-0.024014133969452178,M6,True,degree,1,1.0,True,-0.0013617732946015406
M6_zyear_income+deprivation+social_rent+density+degree,income+deprivation+social_rent+density+degree,newbuilds_lag1_per_1000,2.431238991654007e-05,2.4249863791587107e-05,1.0025784113878056,0.3168915735743316,-2.341360824014876e-05,7.20383880732289e-05,54312,294,0.05282533922754995,0.0024312685465099904,0.04288792481252912,M6,True,income+deprivation+social_rent+density+degree,5,,False,
M6_zyear_income+deprivation+social_rent+density+degree,income+deprivation+social_rent+density+degree,x_income,-5.137233280573162e-05,4.8205631519736024e-05,-1.065691521636826,0.2874404856056716,-0.00014624552058219658,4.3500854970733344e-05,54312,294,0.05282533922754995,-0.005137101327001847,-0.09056217143683654,M6,True,income+deprivation+social_rent+density+degree,5,1.0,True,-0.005137233280573162
M6_zyear_income+deprivation+social_rent+density+degree,income+deprivation+social_rent+density+degree,x_deprivation,-6.389631078418522e-05,9.881701391470283e-05,-0.6466124430691604,0.5183889871461729,-0.00025837742888344445,0.00013058480731507397,54312,294,0.05282533922754995,-0.0063894269458408814,-0.11262773963841566,M6,True,income+deprivation+social_rent+density+degree,5,1.0,True,-0.006389631078418522
M6_zyear_income+deprivation+social_rent+density+degree,income+deprivation+social_rent+density+degree,x_social_rent,2.902675513748717e-06,4.837573498242389e-05,0.06000271654380717,0.9521943760453575,-9.230529177391103e-05,9.811064280140846e-05,54312,294,0.05282533922754995,0.0002902679726579649,0.0051194566887291515,M6,True,income+deprivation+social_rent+density+degree,5,1.0,True,0.00029026755137487174
M6_zyear_income+deprivation+social_rent+density+degree,income+deprivation+social_rent+density+degree,x_density,4.505282693757283e-05,2.8775623478766185e-05,1.565659453767101,0.11850771756648237,-1.1580289227871986e-05,0.00010168594310301765,54312,294,0.05282533922754995,0.004505384183151051,0.07948933541066516,M6,True,income+deprivation+social_rent+density+degree,5,0.948061740531859,True,0.004505282693757283
M6_zyear_income+deprivation+social_rent+density+degree,income+deprivation+social_rent+density+degree,x_degree,-3.751312842947123e-06,2.2554469236079325e-05,-0.16632237290453833,0.8680179744282737,-4.814061607522586e-05,4.063799038933161e-05,54312,294,0.05282533922754995,-0.0003751305806765082,-0.006615812446042479,M6,True,income+deprivation+social_rent+density+degree,5,1.0,True,-0.00037513128429471235
M6_zyear_unemployment,unemployment,newbuilds_lag1_per_1000,2.265646194827727e-05,2.2438635770186416e-05,1.0097076391061293,0.31346848127487625,-2.1504870198176002e-05,6.681779409473054e-05,54312,294,0.018281619200505528,0.002265671860790519,0.03996622503921188,M6,True,unemployment,1,,False,
M6_zyear_unemployment,unemployment,x_unemployment,-2.2582011223542673e-05,2.7045847986994587e-05,-0.8349529744603157,0.40442446514113906,-7.581076756901946e-05,3.064674512193411e-05,54312,294,0.018281619200505528,-0.002258175625180492,-0.03981900521534687,M6,True,unemployment,1,1.0,True,-0.0022582011223542674
M6_zyear_income+deprivation+social_rent+density+unemployment,income+deprivation+social_rent+density+unemployment,newbuilds_lag1_per_1000,1.6838855819267423e-05,2.6535574961887348e-05,0.6345766331972389,0.5261997396214375,-3.5385635526414806e-05,6.906334716494966e-05,54312,294,0.036044571261431124,0.0016838997593637828,0.02970238585553453,M6,True,income+deprivation+social_rent+density+unemployment,5,,False,
M6_zyear_income+deprivation+social_rent+density+unemployment,income+deprivation+social_rent+density+unemployment,x_income,-6.785162174480669e-05,4.042879066776647e-05,-1.6782995638527525,0.09435483563231783,-0.00014741925995794894,1.171601646833556e-05,54312,294,0.036044571261431124,-0.006784931987557918,-0.11959545403189553,M6,True,income+deprivation+social_rent+density+unemployment,5,0.8858524884217256,True,-0.0067851621744806695
M6_zyear_income+deprivation+social_rent+density+unemployment,income+deprivation+social_rent+density+unemployment,x_deprivation,-4.541155027671935e-05,9.605612979848709e-05,-0.4727605658481838,0.63673597724598,-0.00023445899042323653,0.00014363588986979783,54312,294,0.036044571261431124,-0.004541051918782735,-0.08005836068385452,M6,True,income+deprivation+social_rent+density+unemployment,5,1.0,True,-0.004541155027671935
M6_zyear_income+deprivation+social_rent+density+unemployment,income+deprivation+social_rent+density+unemployment,x_social_rent,3.398044545536175e-05,5.4717950897338177e-05,0.6210109278235924,0.5350752293099168,-7.370959544994579e-05,0.00014167048636066929,54312,294,0.036044571261431124,0.0033981022797169302,0.05994783146321403,M6,True,income+deprivation+social_rent+density+unemployment,5,1.0,True,0.0033980445455361746
M6_zyear_income+deprivation+social_rent+density+unemployment,income+deprivation+social_rent+density+unemployment,x_density,5.246596039637811e-05,3.0707102213446606e-05,1.7085936677347342,0.08858524884217256,-7.968486420788613e-06,0.00011290040721354485,54312,294,0.036044571261431124,0.005246733675901005,0.09257481237954224,M6,True,income+deprivation+social_rent+density+unemployment,5,0.8858524884217256,True,0.005246596039637811
M6_zyear_income+deprivation+social_rent+density+unemployment,income+deprivation+social_rent+density+unemployment,x_unemployment,-7.386219343676489e-05,5.9283769366588086e-05,-1.2459091961583857,0.2137930381629627,-0.0001905381917775445,4.281380490401471e-05,54312,294,0.036044571261431124,-0.007385946569216095,-0.13018280531388315,M6,True,income+deprivation+social_rent+density+unemployment,5,1.0,True,-0.007386219343676489
M6_zyear_all_six,all_six,newbuilds_lag1_per_1000,2.3779878711525113e-05,2.4039090536882368e-05,0.9892170702148838,0.3233731423435193,-2.3531297982578525e-05,7.109105540562875e-05,54312,294,0.05685399801329383,0.0023780161455100313,0.04194835901623062,M6,True,all_six,6,,False,
M6_zyear_all_six,all_six,x_income,-4.576414713437309e-05,4.809856528838322e-05,-0.9514659503872158,0.34215209630862775,-0.0001404266185619091,4.8898324293162926e-05,54312,294,0.05685399801329383,-0.004576309997172956,-0.08067972101871712,M6,True,all_six,6,1.0,True,-0.004576414713437309
M6_zyear_all_six,all_six,x_deprivation,-2.5656316126425075e-06,9.215441212813361e-05,-0.027840572723476273,0.9778082589048225,-0.00018393412675791755,0.00017880286353263254,54312,294,0.05685399801329383,-0.0002565628321460345,-0.004524793248850134,M6,True,all_six,6,1.0,True,-0.0002565631612642507
M6_zyear_all_six,all_six,x_social_rent,2.0785238927340615e-05,5.286172493827871e-05,0.3932001642324278,0.6944575896794223,-8.325157582124087e-05,0.0001248220536759221,54312,294,0.05685399801329383,0.0020785454941885106,0.03666476390298268,M6,True,all_six,6,1.0,True,0.0020785238927340617
M6_zyear_all_six,all_six,x_density,5.196865135114027e-05,3.0588298379668696e-05,1.6989716363458314,0.09038598215432847,-8.231978418614455e-06,0.000112169281120895,54312,294,0.05685399801329383,0.005197000174494981,0.09169692140835739,M6,True,all_six,6,0.45192991077164235,True,0.005196865135114027
M6_zyear_all_six,all_six,x_degree,-1.4443053494995079e-05,2.379698419611624e-05,-0.6069278937182402,0.5443687750589703,-6.127774228498374e-05,3.239163529499359e-05,54312,294,0.05685399801329383,-0.0014442949194615196,-0.025469356668395005,M6,True,all_six,6,1.0,True,-0.0014443053494995078
M6_zyear_all_six,all_six,x_unemployment,-8.618503391771807e-05,4.552257872603767e-05,-1.893237077723424,0.05931155105867458,-0.00017577772305770118,3.4076552222650383e-06,54312,294,0.05685399801329383,-0.008618132009441393,-0.15188542482544864,M6,True,all_six,6,0.3558693063520475,True,-0.008618503391771807
M6_zyear_pc1,pc1,newbuilds_lag1_per_1000,2.410672589911886e-05,2.2651763469669684e-05,1.064231750936184,0.2880999852595383,-2.047406147727292e-05,6.868751327551064e-05,54312,294,0.01193022141061606,0.0024107016468599696,0.04252504900554843,M6,True,pc1,1,,False,
M6_zyear_pc1,pc1,x_pc1,-5.209028650523308e-06,2.5292655922875437e-05,-0.20595024367575832,0.8369728032955801,-5.498733917331055e-05,4.456928187226393e-05,54312,294,0.01193022141061606,-0.0005209015083607049,-0.009186520835813283,M6,True,pc1,1,1.0,True,-0.0005209028650523308
M6_zyear_pc1+pc2,pc1+pc2,newbuilds_lag1_per_1000,6.4547477755433475e-06,2.4531458975469646e-05,0.26312123473772203,0.7926420690233313,-4.1825456018851905e-05,5.4734951569938597e-05,54312,294,0.027386913142346203,0.0006454768607389028,0.011384612787823656,M6,True,pc1+pc2,2,,False,
M6_zyear_pc1+pc2,pc1+pc2,x_pc1,8.840729339476014e-06,2.6030073287819654e-05,0.3396352073896345,0.7343745849506069,-4.2388887471153045e-05,6.007034615010508e-05,54312,294,0.027386913142346203,0.0008840768418894029,0.015593234860444838,M6,True,pc1+pc2,2,1.0,True,0.0008840729339476014
M6_zyear_pc1+pc2,pc1+pc2,x_pc2,5.7679637359711046e-06,1.9693352080767477e-05,0.2928888750028542,0.7698144083952259,-3.299039355557799e-05,4.452632102752021e-05,54312,294,0.027386913142346203,0.0005767980370663395,0.010173230356191887,M6,True,pc1+pc2,2,1.0,True,0.0005767963735971105
