msoa11cd,s2011,s2012,s2015,abs_diff_2011_2012,abs_diff_2011_2015
E02000001,0.0,0.0,0.0,0.0,0.0
E02000002,0.5506684704542119,0.5506684704542119,0.5502090253154513,0.0,0.00045944513876050586
E02000003,0.29860978128763094,0.29860978128763094,0.2984146909209828,0.0,0.00019509036664816515
E02000004,0.6593841378875583,0.6593841378875583,0.6591043309239605,0.0,0.0002798069635978617
E02000005,0.022362188201973943,0.022362188201973943,0.02236190355379595,0.0,2.846481779936183e-07
E02000007,0.38728275427280207,0.38728275427280207,0.387088129504952,0.0,0.0001946247678500379
E02000008,0.0,0.0,0.0,0.0,0.0
E02000009,0.0,0.0,0.0,0.0,0.0
E02000010,0.0,0.0,0.0,0.0,0.0
E02000011,0.27377743466769117,0.27377743466769117,0.2731280862848675,0.0,0.0006493483828236557
E02000012,0.0,0.0,0.0,0.0,0.0
E02000013,0.0,0.0,0.0,0.0,0.0
E02000014,0.0,0.0,0.0,0.0,0.0
E02000015,0.4425884935030271,0.4425884935030271,0.4422111961241906,0.0,0.00037729737883651637
E02000016,0.0,0.0,0.0,0.0,0.0
E02000017,0.0,0.0,0.0,0.0,0.0
E02000018,0.0,0.0,0.0,0.0,0.0
E02000019,0.0,0.0,0.0,0.0,0.0
E02000020,0.0,0.0,0.0,0.0,0.0
E02000021,0.0259713274379253,0.0259713274379253,0.025926286891141164,0.0,4.5040546784134994e-05
E02000022,0.0,0.0,0.0,0.0,0.0
E02000023,0.0,0.0,0.0,0.0,0.0
E02000024,0.4863612694863837,0.4863612694863837,0.4861761018722393,0.0,0.0001851676141443881
E02000025,0.327906420797339,0.327906420797339,0.3279053412978992,0.0,1.07949943978225e-06
E02000026,0.05724164819900091,0.05725993021940437,0.057210665344410896,1.828202040345811e-05,3.098285459001565e-05
E02000027,0.164240735901134,0.164240735901134,0.16424040782509544,0.0,3.2807603855822265e-07
E02000028,6.035080103574839e-05,6.035080103574839e-05,6.033766744447103e-05,0.0,1.3133591277357884e-08
E02000029,0.0,0.0,0.0,0.0,0.0
E02000030,0.8221682678670116,0.8221682678670116,0.8221283704376438,0.0,3.989742936783003e-05
E02000031,0.05586240216642887,0.05586240216642887,0.05586265059819856,0.0,2.48431769690749e-07
E02000032,0.0,0.0,0.0,0.0,0.0
E02000033,0.0,0.0,0.0,0.0,0.0
E02000034,0.0,0.0,0.0,0.0,0.0
E02000035,0.0007391272193312369,0.0007391272193312369,0.0007392063819607018,0.0,7.916262946495913e-08
E02000036,0.01148993734404817,0.01148993734404817,0.01149000975332221,0.0,7.240927404027209e-08
E02000037,0.6326950433517374,0.6326950433517374,0.6326614740531435,0.0,3.356929859388291e-05
E02000038,0.0,0.0,0.0,0.0,0.0
E02000039,0.31502655530691687,0.31502655530691687,0.3150260224302106,0.0,5.328767062606765e-07
E02000040,0.7204906292106167,0.7204906292106167,0.7204907208226716,0.0,9.16120549421251e-08
E02000041,0.0,0.0,0.0,0.0,0.0
E02000042,0.0,0.0,0.0,0.0,0.0
E02000043,0.15020515496976428,0.15020515496976428,0.15020622520556137,0.0,1.0702357970959753e-06
E02000044,0.0,0.0,0.0,0.0,0.0
E02000045,0.0,0.0,0.0,0.0,0.0
E02000046,0.0,0.0,0.0,0.0,0.0
E02000047,0.0,0.0,0.0,0.0,0.0
E02000048,0.4397936482537164,0.4397936482537164,0.43979372902762526,0.0,8.077390883931557e-08
E02000049,0.0,0.0,0.0,0.0,0.0
E02000050,0.0,0.0,0.0,0.0,0.0
E02000051,0.0,0.0,0.0,0.0,0.0
E02000052,0.0,0.0,0.0,0.0,0.0
E02000053,0.0,0.0,0.0,0.0,0.0
E02000054,0.0,0.0,0.0,0.0,0.0
E02000055,0.0,0.0,0.0,0.0,0.0
E02000056,0.0,0.0,0.0,0.0,0.0
E02000057,0.0,0.0,0.0,0.0,0.0
E02000058,0.0,0.0,0.0,0.0,0.0
E02000059,0.0,0.0,0.0,0.0,0.0
E02000060,0.0,0.0,0.0,0.0,0.0
E02000061,0.0,0.0,0.0,0.0,0.0
E02000062,0.0,0.0,0.0,0.0,0.0
E02000063,0.0,0.0,0.0,0.0,0.0
E02000064,0.0,0.0,0.0,0.0,0.0
E02000065,0.0,0.0,0.0,0.0,0.0
E02000066,0.0,0.0,0.0,0.0,0.0
E02000067,0.0,0.0,0.0,0.0,0.0
E02000068,0.0,0.0,0.0,0.0,0.0
E02000069,0.0,0.0,0.0,0.0,0.0
E02000070,0.0,0.0,0.0,0.0,0.0
E02000071,0.0,0.0,0.0,0.0,0.0
E02000072,0.4547420921906003,0.4547420921906003,0.4547417829843677,0.0,3.092062326182088e-07
E02000073,0.0,0.0,0.0,0.0,0.0
E02000074,0.0,0.0,0.0,0.0,0.0
E02000075,0.0,0.0,0.0,0.0,0.0
E02000077,0.0,0.0,0.0,0.0,0.0
E02000078,0.0,0.0,0.0,0.0,0.0
E02000079,0.0,0.0,0.0,0.0,0.0
E02000080,0.0,0.0,0.0,0.0,0.0
E02000081,0.1826396280889088,0.1826396280889088,0.18263957714605927,0.0,5.0942849522117584e-08
E02000082,0.0,0.0,0.0,0.0,0.0
E02000083,0.2771865375404741,0.2771865375404741,0.2769995897006201,0.0,0.00018694783985401253
E02000084,0.0,0.0,0.0,0.0,0.0
E02000085,0.0,0.0,0.0,0.0,0.0
E02000086,0.0,0.0,0.0,0.0,0.0
E02000087,0.41305361324112966,0.41305361324112966,0.4129338744298964,0.0,0.00011973881123328312
E02000088,0.11296901335939213,0.11296901335939213,0.1129686483683338,0.0,3.6499105833531775e-07
E02000089,0.00016367354129843785,0.00016367354129843785,0.00016369066802923927,0.0,1.7126730801413862e-08
E02000090,0.04750792654933785,0.04750792654933785,0.047471562839031894,0.0,3.6363710305957475e-05
E02000091,0.38553893608798784,0.38553893608798784,0.38553398698593844,0.0,4.9491020494008e-06
E02000092,0.7955414046980764,0.7955414046980764,0.7950403154277674,0.0,0.0005010892703090075
E02000093,0.0,0.0,0.0,0.0,0.0
E02000094,0.0,0.0,0.0,0.0,0.0
E02000095,0.0,0.0,0.0,0.0,0.0
E02000096,0.0,0.0,0.0,0.0,0.0
E02000097,0.0,0.0,0.0,0.0,0.0
E02000098,0.0,0.0,0.0,0.0,0.0
E02000099,0.0,0.0,0.0,0.0,0.0
E02000100,0.0,0.0,0.0,0.0,0.0
E02000101,0.0,0.0,0.0,0.0,0.0
E02000102,0.0,0.0,0.0,0.0,0.0
E02000103,0.0,0.0,0.0,0.0,0.0
E02000104,0.0,0.0,0.0,0.0,0.0
E02000105,0.0,0.0,0.0,0.0,0.0
E02000106,0.0,0.0,0.0,0.0,0.0
E02000107,0.0,0.0,0.0,0.0,0.0
E02000108,0.0,0.0,0.0,0.0,0.0
E02000109,0.0,0.0,0.0,0.0,0.0
E02000110,0.0,0.0,0.0,0.0,0.0
E02000111,0.0,0.0,0.0,0.0,0.0
E02000112,0.0,0.0,0.0,0.0,0.0
E02000113,0.0,0.0,0.0,0.0,0.0
E02000114,0.0,0.0,0.0,0.0,0.0
E02000115,0.0,0.0,0.0,0.0,0.0
E02000116,0.0,0.0,0.0,0.0,0.0
E02000117,0.0,0.0,0.0,0.0,0.0
E02000118,0.0,0.0,0.0,0.0,0.0
E02000119,0.0,0.0,0.0,0.0,0.0
E02000120,0.0,0.0,0.0,0.0,0.0
E02000121,0.0,0.0,0.0,0.0,0.0
E02000122,0.0,0.0,0.0,0.0,0.0
E02000123,0.0,0.0,0.0,0.0,0.0
E02000124,0.0,0.0,0.0,0.0,0.0
E02000125,0.0,0.0,0.0,0.0,0.0
E02000126,0.0,0.0,0.0,0.0,0.0
E02000127,0.0,0.0,0.0,0.0,0.0
E02000128,0.5034342969185952,0.5034342969185952,0.5034275233916891,0.0,6.7735269061453e-06
E02000130,0.0,0.0,0.0,0.0,0.0
E02000131,0.0,0.0,0.0,0.0,0.0
E02000132,0.0,0.0,0.0,0.0,0.0
E02000133,0.30093742884739094,0.30093742884739094,0.30093711501352916,0.0,3.138338617869607e-07
E02000134,0.0,0.0,0.0,0.0,0.0
E02000135,0.0,0.0,0.0,0.0,0.0
E02000136,0.5954080869414241,0.5954080869414241,0.5953037828399639,0.0,0.00010430410146022862
E02000137,0.0,0.0,0.0,0.0,0.0
E02000138,0.0,0.0,0.0,0.0,0.0
E02000139,0.0,0.0,0.0,0.0,0.0
E02000140,0.14863623414351854,0.14863623414351854,0.14861478416389207,0.0,2.1449979626469995e-05
E02000141,0.0,0.0,0.0,0.0,0.0
E02000142,0.0,0.0,0.0,0.0,0.0
E02000144,0.000338695603483841,0.000338695603483841,0.00033860158705794144,0.0,9.401642589955666e-08
E02000145,0.8760809050219703,0.8760809050219703,0.8760173826351483,0.0,6.352238682205691e-05
E02000146,0.22442347085696351,0.22442347085696351,0.2244233945850966,0.0,7.627186690561949e-08
E02000147,0.0,0.0,0.0,0.0,0.0
E02000148,0.3998559813354928,0.3998559813354928,0.3998557044693494,0.0,2.768661434005004e-07
E02000149,0.00019817320128834586,0.00019817320128834586,0.0001981635633362717,0.0,9.637952074148743e-09
E02000150,0.0,0.0,0.0,0.0,0.0
E02000151,0.13332832733422817,0.13332832733422817,0.13332854643013875,0.0,2.1909591058077993e-07
E02000152,0.6031122094122309,0.6031122094122309,0.6031121992436084,0.0,1.0168622499584501e-08
E02000153,0.24917313681781397,0.24917313681781397,0.24917276294803406,0.0,3.7386977991271664e-07
E02000154,0.0,0.0,0.0,0.0,0.0
E02000155,0.14725537230490818,0.14725537230490818,0.14725486085083123,0.0,5.11454076951301e-07
E02000156,0.09740296254130398,0.09740296254130398,0.09737773563006791,0.0,2.52269112360759e-05
E02000157,0.15870708879256884,0.15870708879256884,0.1587073409587573,0.0,2.521661884580251e-07
E02000158,0.21853005672569062,0.21853005672569062,0.21852937984019025,0.0,6.768855003724816e-07
E02000159,0.5510534184007853,0.5510534184007853,0.5510535758092953,0.0,1.5740851000423106e-07
E02000160,0.7953458546726169,0.7953458546726169,0.7953399962972401,0.0,5.858375376810443e-06
E02000161,0.0,0.0,0.0,0.0,0.0
E02000162,0.8927940015958968,0.8927940015958968,0.8927939876840195,0.0,1.3911877316807875e-08
E02000163,0.789100909975075,0.789100909975075,0.789025452429529,0.0,7.545754554594275e-05
E02000165,0.7551923277928173,0.7551923277928173,0.7546825665960211,0.0,0.0005097611967962434
E02000166,0.0,0.0,0.0,0.0,0.0
E02000167,0.0,0.0,0.0,0.0,0.0
E02000168,0.0,0.0,0.0,0.0,0.0
E02000169,0.0,0.0,0.0,0.0,0.0
E02000170,0.0,0.0,0.0,0.0,0.0
E02000171,0.0,0.0,0.0,0.0,0.0
E02000172,0.0,0.0,0.0,0.0,0.0
E02000173,0.0,0.0,0.0,0.0,0.0
E02000174,0.0,0.0,0.0,0.0,0.0
E02000175,0.0,0.0,0.0,0.0,0.0
E02000176,0.0,0.0,0.0,0.0,0.0
E02000177,0.0,0.0,0.0,0.0,0.0
E02000178,0.0,0.0,0.0,0.0,0.0
E02000179,0.0,0.0,0.0,0.0,0.0
E02000180,0.0,0.0,0.0,0.0,0.0
E02000181,0.0,0.0,0.0,0.0,0.0
E02000182,0.0,0.0,0.0,0.0,0.0
E02000183,0.0,0.0,0.0,0.0,0.0
E02000184,0.0,0.0,0.0,0.0,0.0
E02000185,0.0,0.0,0.0,0.0,0.0
E02000186,0.0,0.0,0.0,0.0,0.0
E02000187,0.0,0.0,0.0,0.0,0.0
E02000188,0.0,0.0,0.0,0.0,0.0
E02000189,0.0,0.0,0.0,0.0,0.0
E02000190,0.0,0.0,0.0,0.0,0.0
E02000191,0.0,0.0,0.0,0.0,0.0
E02000192,0.0,0.0,0.0,0.0,0.0
E02000193,0.0,0.0,0.0,0.0,0.0
E02000194,0.0,0.0,0.0,0.0,0.0
E02000195,0.0,0.0,0.0,0.0,0.0
E02000196,0.0,0.0,0.0,0.0,0.0
E02000197,0.0,0.0,0.0,0.0,0.0
E02000198,0.0,0.0,0.0,0.0,0.0
E02000199,0.0,0.0,0.0,0.0,0.0
E02000200,0.0,0.0,0.0,0.0,0.0
E02000201,0.0,0.0,0.0,0.0,0.0
E02000202,0.0,0.0,0.0,0.0,0.0
E02000203,0.0,0.0,0.0,0.0,0.0
E02000204,0.0,0.0,0.0,0.0,0.0
E02000206,0.0,0.0,0.0,0.0,0.0
E02000207,0.0,0.0,0.0,0.0,0.0
E02000208,0.0,0.0,0.0,0.0,0.0
E02000209,0.0,0.0,0.0,0.0,0.0
E02000210,0.0,0.0,0.0,0.0,0.0
E02000211,0.0,0.0,0.0,0.0,0.0
E02000212,0.0,0.0,0.0,0.0,0.0
E02000213,0.0,0.0,0.0,0.0,0.0
E02000214,0.0,0.0,0.0,0.0,0.0
E02000215,0.0,0.0,0.0,0.0,0.0
E02000216,0.3371218431410232,0.3371218431410232,0.33712122107382203,0.0,6.220672011947315e-07
E02000217,0.0,0.0,0.0,0.0,0.0
E02000218,0.07359522051033475,0.07359522051033475,0.07359494085241629,0.0,2.796579184616288e-07
E02000219,0.6854865122180843,0.6854865122180843,0.685456477471347,0.0,3.0034746737350737e-05
E02000220,0.0,0.0,0.0,0.0,0.0
E02000221,0.0,0.0,0.0,0.0,0.0
E02000222,0.1943652207802707,0.1943652207802707,0.19436451398902388,0.0,7.067912468072812e-07
E02000223,0.18891678782185384,0.18891678782185384,0.18891592076875943,0.0,8.670530944054899e-07
E02000224,0.0,0.0,0.0,0.0,0.0
E02000225,0.30224488114166276,0.30224488114166276,0.3022412330783385,0.0,3.648063324257489e-06
E02000226,0.41744577525168663,0.41744577525168663,0.41744607779086934,0.0,3.0253918270606306e-07
E02000227,0.5962250670043223,0.5962250670043223,0.5959302123555916,0.0,0.00029485464873069134
E02000228,0.19365361411382223,0.19365361411382223,0.19365364053359524,0.0,2.6419773008212744e-08
E02000229,0.15274913558989567,0.15274913558989567,0.15129162929784598,0.0,0.0014575062920496873
E02000230,0.0003186773874855269,0.0003186773874855269,0.00031860755694135983,0.0,6.983054416708021e-08
E02000231,0.048518722144040724,0.048518722144040724,0.04851842414274635,0.0,2.9800129437707046e-07
E02000232,0.6786952391902108,0.6786952391902108,0.6785692707121164,0.0,0.00012596847809442924
E02000233,0.14434334410306607,0.14434334410306607,0.1443432013077876,0.0,1.4279527846272622e-07
E02000234,0.22488466555332828,0.22488466555332828,0.22488463013314972,0.0,3.5420178567946436e-08
E02000235,0.6286082999959629,0.6286082999959629,0.6285886218710292,0.0,1.9678124933752983e-05
E02000236,0.5131682588485729,0.5131682588485729,0.5123442199420014,0.0,0.000824038906571456
E02000237,0.6347335302917351,0.6347335302917351,0.634598084070111,0.0,0.00013544622162409148
E02000238,0.0,0.0,0.0,0.0,0.0
E02000239,0.0,0.0,0.0,0.0,0.0
E02000240,0.22251442595993018,0.22251442595993018,0.22201377603167774,0.0,0.000500649928252439
E02000241,0.130081098510938,0.130081098510938,0.1300810675938001,0.0,3.091713790537298e-08
E02000242,0.0,0.0,0.0,0.0,0.0
E02000243,0.06980646548110697,0.06980646548110697,0.06980644143925877,0.0,2.4041848206701744e-08
E02000244,0.0,0.0,0.0,0.0,0.0
E02000245,0.5701133037523471,0.5701133042261286,0.5623035375317459,4.737814585098477e-10,0.007809766220601255
E02000246,0.4722753373421319,0.4722753373421319,0.4721603006372144,0.0,0.00011503670491747053
E02000247,0.2684038296905515,0.2684038296905515,0.26840465197994756,0.0,8.22289396074094e-07
E02000248,0.0,0.0,0.0,0.0,0.0
E02000249,0.030315625190091403,0.030315625190091403,0.03031574173979027,0.0,1.1654969886767952e-07
E02000250,0.0,0.0,0.0,0.0,0.0
E02000251,0.0,0.0,0.0,0.0,0.0
E02000252,0.0,0.0,0.0,0.0,0.0
E02000253,0.0,0.0,0.0,0.0,0.0
E02000254,0.20436991575023858,0.20436991575023858,0.2041674953701117,0.0,0.00020242038012688313
E02000255,0.0,0.0,0.0,0.0,0.0
E02000256,0.0,0.0,0.0,0.0,0.0
E02000257,0.0,0.0,0.0,0.0,0.0
E02000258,0.0,0.0,0.0,0.0,0.0
E02000259,0.0,0.0,0.0,0.0,0.0
E02000260,0.0,0.0,0.0,0.0,0.0
E02000261,0.0,0.0,0.0,0.0,0.0
E02000262,0.0,0.0,0.0,0.0,0.0
E02000263,0.026974663741050783,0.026974663741050783,0.026975502461501145,0.0,8.38720450362096e-07
E02000264,0.0,0.0,0.0,0.0,0.0
E02000265,0.0,0.0,0.0,0.0,0.0
E02000266,0.0,0.0,0.0,0.0,0.0
E02000267,0.0,0.0,0.0,0.0,0.0
E02000268,0.0,0.0,0.0,0.0,0.0
E02000269,0.0,0.0,0.0,0.0,0.0
E02000270,0.0,0.0,0.0,0.0,0.0
E02000271,0.0,0.0,0.0,0.0,0.0
E02000272,0.0,0.0,0.0,0.0,0.0
E02000274,0.0,0.0,0.0,0.0,0.0
E02000275,0.0,0.0,0.0,0.0,0.0
E02000276,0.0,0.0,0.0,0.0,0.0
E02000277,0.0,0.0,0.0,0.0,0.0
E02000278,0.10473431006480574,0.10504183521577871,0.10503627890662458,0.00030752515097297317,0.00030196884181883654
E02000279,0.5037315676555699,0.40309706833467407,0.4030411006843299,0.10063449932089585,0.10069046697124001
E02000280,0.9348277074699564,0.9344306154694443,0.9344293301261531,0.00039709200051207816,0.00039837734380321344
E02000281,0.41258764988560415,0.4132646356915816,0.4132650719919587,0.0006769858059774703,0.0006774221063545749
E02000282,0.12386189532922513,0.12442870041485975,0.12442884534856508,0.0005668050856346141,0.0005669500193399429
E02000283,0.0,0.0,0.0,0.0,0.0
E02000284,0.0,0.0,0.0,0.0,0.0
E02000285,0.0,0.0,0.0,0.0,0.0
E02000286,0.22615143607010998,0.22678590707916627,0.22678622845115154,0.0006344710090562811,0.0006347923810415546
E02000287,0.7233921863240966,0.7171748536798085,0.7169076264099739,0.006217332644288143,0.006484559914122778
E02000288,0.0,0.0,0.0,0.0,0.0
E02000289,0.4898383518060153,0.4912338159305694,0.491234218900377,0.0013954641245541022,0.0013958670943616802
E02000290,0.5110153828319649,0.5119877388174976,0.511800551551101,0.0009723559855326913,0.0007851687191361423
E02000291,0.0,0.0,0.0,0.0,0.0
E02000292,0.0,0.0,0.0,0.0,0.0
E02000293,0.0,0.0,0.0,0.0,0.0
E02000294,0.43430525192918756,0.43411620188836064,0.43411081001059165,0.00018905004082692134,0.0001944419185959112
E02000295,0.0,0.0,0.0,0.0,0.0
E02000296,0.18104994262303384,0.18129954413606417,0.18129981191543884,0.0002496015130303286,0.0002498692924050028
E02000297,0.0,0.0,0.0,0.0,0.0
E02000298,0.0,0.0,0.0,0.0,0.0
E02000299,0.0,0.0,0.0,0.0,0.0
E02000300,0.0,0.0,0.0,0.0,0.0
E02000301,0.5159189065125798,0.5217337846769112,0.521732946691496,0.005814878164331461,0.00581404017891618
E02000302,0.0,0.0,0.0,0.0,0.0
E02000303,0.0,0.0,0.0,0.0,0.0
E02000304,0.0,0.0,0.0,0.0,0.0
E02000305,0.0,0.0,0.0,0.0,0.0
E02000306,0.16249658648294024,0.16284331617905506,0.16270723029426556,0.0003467296961148225,0.00021064381132532284
E02000307,0.0,0.0,0.0,0.0,0.0
E02000308,0.0,0.0,0.0,0.0,0.0
E02000309,0.0568672768099524,0.05899464395883098,0.05874426838732931,0.002127367148878581,0.0018769915773769116
E02000311,0.0,0.0,0.0,0.0,0.0
E02000312,0.0,0.0,0.0,0.0,0.0
E02000313,0.0,0.0,0.0,0.0,0.0
E02000314,0.0,0.0,0.0,0.0,0.0
E02000315,0.0,0.0,0.0,0.0,0.0
E02000316,0.0,0.0,0.0,0.0,0.0
E02000317,0.0,0.0,0.0,0.0,0.0
E02000318,0.0,0.0,0.0,0.0,0.0
E02000319,0.0,0.0,0.0,0.0,0.0
E02000320,0.0,0.0,0.0,0.0,0.0
E02000321,0.0,0.0,0.0,0.0,0.0
E02000323,0.0,0.0,0.0,0.0,0.0
E02000324,0.0,0.0,0.0,0.0,0.0
E02000326,0.0,0.0,0.0,0.0,0.0
E02000327,0.0,0.0,0.0,0.0,0.0
E02000328,0.0,0.0,0.0,0.0,0.0
E02000329,0.0,0.0,0.0,0.0,0.0
E02000331,0.0,0.0,0.0,0.0,0.0
E02000332,0.0,0.0,0.0,0.0,0.0
E02000333,0.0,0.0,0.0,0.0,0.0
E02000334,0.0,0.0,0.0,0.0,0.0
E02000335,0.0,0.0,0.0,0.0,0.0
E02000337,0.0,0.0,0.0,0.0,0.0
E02000339,0.0,0.0,0.0,0.0,0.0
E02000340,0.0,0.0,0.0,0.0,0.0
E02000341,0.0,0.0,0.0,0.0,0.0
E02000342,0.0,0.0,0.0,0.0,0.0
E02000343,0.0,0.0,0.0,0.0,0.0
E02000344,0.004301913071843007,0.004301913071843007,0.00430173153958172,0.0,1.8153226128726774e-07
E02000345,0.00015590063607339957,0.00015590063607339957,0.00015585662307594965,0.0,4.401299744991971e-08
E02000346,0.0,0.0,0.0,0.0,0.0
E02000347,0.0,0.0,0.0,0.0,0.0
E02000348,5.7574830353607096e-05,5.7574830353607096e-05,5.757542828520047e-05,0.0,5.97931593370989e-10
E02000350,0.0,0.0,0.0,0.0,0.0
E02000351,0.0,0.0,0.0,0.0,0.0
E02000352,0.0,0.0,0.0,0.0,0.0
E02000353,0.0,0.0,0.0,0.0,0.0
E02000354,0.0,0.0,0.0,0.0,0.0
E02000355,0.0,0.0,0.0,0.0,0.0
E02000356,0.0,0.0,0.0,0.0,0.0
E02000357,0.0,0.0,0.0,0.0,0.0
E02000358,0.0,0.0,0.0,0.0,0.0
E02000359,0.0,0.0,0.0,0.0,0.0
E02000360,0.0,0.0,0.0,0.0,0.0
E02000361,0.0,0.0,0.0,0.0,0.0
E02000362,0.0,0.0,0.0,0.0,0.0
E02000363,0.0,0.0,0.0,0.0,0.0
E02000364,0.0,0.0,0.0,0.0,0.0
E02000365,0.0,0.0,0.0,0.0,0.0
E02000366,0.0,0.0,0.0,0.0,0.0
E02000367,0.0,0.0,0.0,0.0,0.0
E02000368,0.0,0.0,0.0,0.0,0.0
E02000369,0.0,0.0,0.0,0.0,0.0
E02000370,0.0,0.0,0.0,0.0,0.0
E02000371,0.0,0.0,0.0,0.0,0.0
E02000372,0.0,0.0,0.0,0.0,0.0
E02000373,0.0,0.0,0.0,0.0,0.0
E02000374,0.0,0.0,0.0,0.0,0.0
E02000375,0.0,0.0,0.0,0.0,0.0
E02000376,0.0,0.0,0.0,0.0,0.0
E02000377,0.0,0.0,0.0,0.0,0.0
E02000378,0.0,0.0,0.0,0.0,0.0
E02000379,0.0,0.0,0.0,0.0,0.0
E02000380,0.0,0.0,0.0,0.0,0.0
E02000381,0.0,0.0,0.0,0.0,0.0
E02000382,0.0,0.0,0.0,0.0,0.0
E02000383,0.0,0.0,0.0,0.0,0.0
E02000384,0.0,0.0,0.0,0.0,0.0
E02000385,0.0,0.0,0.0,0.0,0.0
E02000386,0.0,0.0,0.0,0.0,0.0
E02000387,0.0,0.0,0.0,0.0,0.0
E02000388,0.0,0.0,0.0,0.0,0.0
E02000389,0.0,0.0,0.0,0.0,0.0
E02000390,0.0,0.0,0.0,0.0,0.0
E02000391,0.0,0.0,0.0,0.0,0.0
E02000392,0.0,0.0,0.0,0.0,0.0
E02000393,0.0,0.0,0.0,0.0,0.0
E02000394,0.0,0.0,0.0,0.0,0.0
E02000395,0.0,0.0,0.0,0.0,0.0
E02000396,0.0,0.0,0.0,0.0,0.0
E02000397,0.0,0.0,0.0,0.0,0.0
E02000398,0.20278198114411305,0.20278198114411305,0.2027813911083206,0.0,5.900357924470967e-07
E02000400,0.0,0.0,0.0,0.0,0.0
E02000401,0.0,0.0,0.0,0.0,0.0
E02000402,0.0,0.0,0.0,0.0,0.0
E02000403,0.0,0.0,0.0,0.0,0.0
E02000404,0.0,0.0,0.0,0.0,0.0
E02000405,0.0,0.0,0.0,0.0,0.0
E02000406,0.0,0.0,0.0,0.0,0.0
E02000407,0.0,0.0,0.0,0.0,0.0
E02000408,0.0,0.0,0.0,0.0,0.0
E02000409,0.0,0.0,0.0,0.0,0.0
E02000410,0.0,0.0,0.0,0.0,0.0
E02000411,0.19110224702860984,0.19110224702860984,0.1908615379828368,0.0,0.00024070904577302987
E02000412,0.0,0.0,0.0,0.0,0.0
E02000413,0.0,0.0,0.0,0.0,0.0
E02000414,0.0,0.0,0.0,0.0,0.0
E02000415,0.0,0.0,0.0,0.0,0.0
E02000416,0.0,0.0,0.0,0.0,0.0
E02000417,0.0,0.0,0.0,0.0,0.0
E02000418,0.0,0.0,0.0,0.0,0.0
E02000419,0.0,0.0,0.0,0.0,0.0
E02000420,0.0,0.0,0.0,0.0,0.0
E02000421,0.0,0.0,0.0,0.0,0.0
E02000422,0.0,0.0,0.0,0.0,0.0
E02000423,0.0,0.0,0.0,0.0,0.0
E02000424,0.0,0.0,0.0,0.0,0.0
E02000425,0.16541971531731334,0.16541971531731334,0.16540255367100673,0.0,1.7161646306607103e-05
E02000426,0.0,0.0,0.0,0.0,0.0
E02000427,0.0,0.0,0.0,0.0,0.0
E02000428,0.0,0.0,0.0,0.0,0.0
E02000429,0.0,0.0,0.0,0.0,0.0
E02000430,0.0,0.0,0.0,0.0,0.0
E02000431,0.0,0.0,0.0,0.0,0.0
E02000432,0.0,0.0,0.0,0.0,0.0
E02000433,0.7796784784696685,0.7796784784696685,0.7796632000020989,0.0,1.5278467569657117e-05
E02000434,0.0,0.0,0.0,0.0,0.0
E02000435,0.07986727823324176,0.07986727823324176,0.07986761425649572,0.0,3.3602325395787336e-07
E02000436,0.7121958683225014,0.7121958683225014,0.7121325629819544,0.0,6.3305340546993e-05
E02000437,0.05322387389692075,0.05322387389692075,0.05322426840318003,0.0,3.945062592783377e-07
E02000438,0.1369533536557203,0.1369533536557203,0.1369528491107832,0.0,5.045449371077204e-07
E02000439,0.0,0.0,0.0,0.0,0.0
E02000440,0.0,0.0,0.0,0.0,0.0
E02000441,0.44007616000261,0.44007616000261,0.4397893633968045,0.0,0.00028679660580549493
E02000442,0.0,0.0,0.0,0.0,0.0
E02000443,0.0,0.0,0.0,0.0,0.0
E02000444,0.0,0.0,0.0,0.0,0.0
E02000445,0.0,0.0,0.0,0.0,0.0
E02000447,0.3509816604338792,0.3509816604338792,0.35098196949295607,0.0,3.090590768861645e-07
E02000448,0.0052004628317191765,0.0052004628317191765,0.005200340454352949,0.0,1.2237736622764533e-07
E02000449,0.0,0.0,0.0,0.0,0.0
E02000451,0.22103931400367066,0.22103931400367066,0.2210396212277329,0.0,3.0722406224592547e-07
E02000452,0.0,0.0,0.0,0.0,0.0
E02000453,0.0,0.0,0.0,0.0,0.0
E02000454,0.0,0.0,0.0,0.0,0.0
E02000455,0.0,0.0,0.0,0.0,0.0
E02000456,0.0,0.0,0.0,0.0,0.0
E02000457,0.0,0.0,0.0,0.0,0.0
E02000459,0.0,0.0,0.0,0.0,0.0
E02000460,0.0,0.0,0.0,0.0,0.0
E02000461,0.0,0.0,0.0,0.0,0.0
E02000462,0.0,0.0,0.0,0.0,0.0
E02000463,0.0,0.0,0.0,0.0,0.0
E02000464,0.8204983974865879,0.8204983974865879,0.8204985008245053,0.0,1.0333791733430076e-07
E02000465,0.4925391102059916,0.4925391102059916,0.49253901949286943,0.0,9.071312218056349e-08
E02000466,0.8313833932319734,0.8313833932319734,0.831287161050693,0.0,9.6232181280409e-05
E02000467,0.0013497957320518803,0.0013497957320518803,0.0013499245244562202,0.0,1.2879240433990788e-07
E02000468,0.6996959198632318,0.6996959198632318,0.6994217306869773,0.0,0.00027418917625443573
E02000469,0.4477432569610372,0.4477432569610372,0.44774396334196365,0.0,7.063809264740151e-07
E02000470,0.719359191986001,0.719359191986001,0.7193588386360781,0.0,3.5334992287694433e-07
E02000471,0.2832582168252767,0.2832582168252767,0.2832578970779218,0.0,3.197473548710583e-07
E02000472,0.0,0.0,0.0,0.0,0.0
E02000473,0.31922402863538113,0.31922402863538113,0.31922365461574326,0.0,3.740196378720917e-07
E02000474,0.39510443728742406,0.39510443728742406,0.3941427692613227,0.0,0.0009616680261013699
E02000475,0.1961268724230314,0.1961268724230314,0.1961269708718983,0.0,9.844886689203136e-08
E02000476,0.0,0.0,0.0,0.0,0.0
E02000477,0.0,0.0,0.0,0.0,0.0
E02000478,0.20031742432660632,0.20031742432660632,0.20031709403278847,0.0,3.302938178517678e-07
E02000479,0.0,0.0,0.0,0.0,0.0
E02000480,0.4438816008366562,0.4438816008366562,0.44370603994787156,0.0,0.0001755608887846205
E02000481,0.8996097210423717,0.8996097210423717,0.8993440456689757,0.0,0.00026567537339594605
E02000482,0.325762973013605,0.325762973013605,0.3257634701624339,0.0,4.971488288818549e-07
E02000483,0.0,0.0,0.0,0.0,0.0
E02000484,0.0986616978405629,0.0986616978405629,0.09687415523269113,0.0,0.0017875426078717699
E02000485,0.18980971040602734,0.18980971040602734,0.18980933914209722,0.0,3.7126393012676395e-07
E02000486,0.0,0.0,0.0,0.0,0.0
E02000487,0.8775749375438122,0.8775749375438122,0.8775179004992547,0.0,5.7037044557506356e-05
E02000488,0.3437210072984312,0.3437210072984312,0.3437201617765842,0.0,8.455218469816117e-07
E02000489,0.5380920229788617,0.5380920229788617,0.5379553878805738,0.0,0.0001366350982878739
E02000490,0.48434559101528013,0.48434559101528013,0.4843454700278915,0.0,1.209873886076629e-07
E02000491,0.17157222089561527,0.17157222089561527,0.17148484174033712,0.0,8.737915527814999e-05
E02000492,0.5604597341122287,0.5604597341122287,0.5602037981608532,0.0,0.00025593595137551883
E02000493,0.27314387430517456,0.27314387430517456,0.2731435177365206,0.0,3.565686539364066e-07
E02000494,0.6196769843008643,0.6196769847147322,0.6196469379197915,4.138679399190437e-10,3.0046381072734718e-05
E02000495,0.30401916894125763,0.30401916894125763,0.30401938387529415,0.0,2.1493403651318133e-07
E02000496,0.896321062656968,0.896321062656968,0.8961715076113655,0.0,0.00014955504560243416
E02000497,0.2827253182689235,0.2827253182689235,0.28272563943743484,0.0,3.2116851134134095e-07
E02000498,0.6045714511665959,0.6045714511665959,0.6045717090569543,0.0,2.5789035840162455e-07
E02000499,0.0,0.0,0.0,0.0,0.0
E02000500,0.2570286266987649,0.2570286266987649,0.2570288565872412,0.0,2.2988847625526887e-07
E02000501,0.0,0.0,0.0,0.0,0.0
E02000502,0.28800930926539464,0.28800930926539464,0.2880096622507525,0.0,3.5298535783212515e-07
E02000503,0.0,0.0,0.0,0.0,0.0
E02000504,0.4477581894418356,0.4477581894418356,0.4477578875306541,0.0,3.0191118149947016e-07
E02000506,0.5804110136709733,0.5804110136709733,0.5799532243934559,0.0,0.0004577892775173842
E02000507,0.5821821091872909,0.5821821091872909,0.5821818420549257,0.0,2.671323651171065e-07
E02000508,0.33927989282187637,0.3392798923165628,0.33927954139968985,5.053135687660415e-10,3.514221865175138e-07
E02000509,0.11653540226321821,0.11653540226321821,0.11606001794646639,0.0,0.0004753843167518146
E02000510,0.2509287684415844,0.2509287684415844,0.2509293004966668,0.0,5.320550823806336e-07
E02000511,0.4987737152081102,0.4987737152081102,0.49866021283612333,0.0,0.0001135023719868733
E02000512,0.2538865427571672,0.2538865427571672,0.25388630351261543,0.0,2.3924455178070403e-07
E02000513,0.21561056687637065,0.21561056687637065,0.21561100487696086,0.0,4.380005902138162e-07
E02000514,0.14404087879640184,0.14404087879640184,0.14404121182429983,0.0,3.3302789798073107e-07
E02000515,0.4441352842461925,0.4441352842461925,0.4433171199465083,0.0,0.0008181642996841765
E02000516,0.38437564054018425,0.38437564054018425,0.3842844630986825,0.0,9.117744150172191e-05
E02000517,0.1928541585494268,0.1928541585494268,0.19285368097967948,0.0,4.775697473313745e-07
E02000518,0.3761756025385409,0.3761756025385409,0.3761756313131994,0.0,2.877465854478345e-08
E02000519,0.06818766443667816,0.06818766443667816,0.06818758678993701,0.0,7.764674114785208e-08
E02000520,0.31523638072561316,0.31523638072561316,0.31523647172178365,0.0,9.099617048757835e-08
E02000521,0.2981439562182328,0.2981439562182328,0.2981437671064948,0.0,1.891117379915208e-07
E02000522,0.09325249175976395,0.09325249175976395,0.09324906346148247,0.0,3.4282982814826113e-06
E02000523,0.10476523049863651,0.10476523049863651,0.10459802999098339,0.0,0.00016720050765312022
E02000524,0.3774511776867092,0.3774472284243568,0.377296941597015,3.949262352420657e-06,0.0001542360896942263
E02000525,0.5044231568304641,0.5044231568487868,0.5042052925448572,1.8322676709203733e-11,0.00021786428560688353
E02000526,0.0,0.0,0.0,0.0,0.0
E02000528,0.0,0.0,0.0,0.0,0.0
E02000529,0.0001020024368472119,0.0001020024368472119,0.00010205554113289851,0.0,5.310428568660718e-08
E02000530,0.5923991737110179,0.5923991737110179,0.592348531999519,0.0,5.064171149893326e-05
E02000531,0.0,0.0,0.0,0.0,0.0
E02000532,0.0,0.0,0.0,0.0,0.0
E02000533,0.0,0.0,0.0,0.0,0.0
E02000534,0.0,0.0,0.0,0.0,0.0
E02000535,0.31119320905115716,0.31119320905115716,0.31119380446020384,0.0,5.954090466775419e-07
E02000536,0.0,0.0,0.0,0.0,0.0
E02000537,0.0,0.0,0.0,0.0,0.0
E02000538,0.33352958228521673,0.33352958228521673,0.3329866069199184,0.0,0.0005429753652983482
E02000539,0.0,0.0,0.0,0.0,0.0
E02000540,0.0,0.0,0.0,0.0,0.0
E02000541,0.0,0.0,0.0,0.0,0.0
E02000542,0.0,0.0,0.0,0.0,0.0
E02000543,0.0,0.0,0.0,0.0,0.0
E02000544,0.0,0.0,0.0,0.0,0.0
E02000545,0.0,0.0,0.0,0.0,0.0
E02000546,0.5847140479715999,0.5847140479715999,0.584711744139656,0.0,2.3038319438839494e-06
E02000547,0.43015384954667907,0.43015384954667907,0.4301538205043658,0.0,2.904231327649498e-08
E02000548,0.5246956814932806,0.5246956814932806,0.524692286032278,0.0,3.395461002586586e-06
E02000549,0.2771074171667665,0.2771074171667665,0.27710373002891825,0.0,3.6871378482628003e-06
E02000550,0.0,0.0,0.0,0.0,0.0
E02000551,0.2836955321415548,0.2836955321415548,0.2836955284374286,0.0,3.704126172454636e-09
E02000552,0.5873874755539394,0.5873874755539394,0.587384213931348,0.0,3.2616225914550157e-06
E02000553,0.6217430831593672,0.6217430825767979,0.6217302396837223,5.825693261130027e-10,1.2843475644896962e-05
E02000554,0.0,0.0,0.0,0.0,0.0
E02000555,0.0,0.0,0.0,0.0,0.0
E02000556,0.0,0.0,0.0,0.0,0.0
E02000557,0.0,0.0,0.0,0.0,0.0
E02000558,0.0,0.0,0.0,0.0,0.0
E02000559,0.0,0.0,0.0,0.0,0.0
E02000560,0.0,0.0,0.0,0.0,0.0
E02000561,0.0,0.0,0.0,0.0,0.0
E02000562,0.0,0.0,0.0,0.0,0.0
E02000563,0.0,0.0,0.0,0.0,0.0
E02000564,0.0,0.0,0.0,0.0,0.0
E02000565,0.0,0.0,0.0,0.0,0.0
E02000566,0.0,0.0,0.0,0.0,0.0
E02000567,0.0,0.0,0.0,0.0,0.0
E02000568,0.0,0.0,0.0,0.0,0.0
E02000569,0.0,0.0,0.0,0.0,0.0
E02000570,0.0,0.0,0.0,0.0,0.0
E02000571,0.0,0.0,0.0,0.0,0.0
E02000572,0.0,0.0,0.0,0.0,0.0
E02000573,0.0,0.0,0.0,0.0,0.0
E02000574,0.0,0.0,0.0,0.0,0.0
E02000575,0.0,0.0,0.0,0.0,0.0
E02000576,0.0,0.0,0.0,0.0,0.0
E02000577,0.0,0.0,0.0,0.0,0.0
E02000578,0.0,0.0,0.0,0.0,0.0
E02000579,0.0,0.0,0.0,0.0,0.0
E02000580,0.0,0.0,0.0,0.0,0.0
E02000581,0.0,0.0,0.0,0.0,0.0
E02000582,0.0,0.0,0.0,0.0,0.0
E02000583,0.0,0.0,0.0,0.0,0.0
E02000584,0.0,0.0,0.0,0.0,0.0
E02000585,0.0,0.0,0.0,0.0,0.0
E02000586,0.0,0.0,0.0,0.0,0.0
E02000587,0.0,0.0,0.0,0.0,0.0
E02000588,0.0,0.0,0.0,0.0,0.0
E02000589,0.0,0.0,0.0,0.0,0.0
E02000590,0.0,0.0,0.0,0.0,0.0
E02000591,0.0,0.0,0.0,0.0,0.0
E02000592,0.0,0.0,0.0,0.0,0.0
E02000593,0.0,0.0,0.0,0.0,0.0
E02000594,0.0,0.0,0.0,0.0,0.0
E02000595,0.0,0.0,0.0,0.0,0.0
E02000596,0.0,0.0,0.0,0.0,0.0
E02000597,0.0,0.0,0.0,0.0,0.0
E02000598,0.0,0.0,0.0,0.0,0.0
E02000599,0.0,0.0,0.0,0.0,0.0
E02000600,0.0,0.0,0.0,0.0,0.0
E02000601,0.0,0.0,0.0,0.0,0.0
E02000602,0.0,0.0,0.0,0.0,0.0
E02000603,0.0,0.0,0.0,0.0,0.0
E02000604,0.0,0.0,0.0,0.0,0.0
E02000605,0.0,0.0,0.0,0.0,0.0
E02000606,0.0,0.0,0.0,0.0,0.0
E02000607,0.0,0.0,0.0,0.0,0.0
E02000608,0.0,0.0,0.0,0.0,0.0
E02000609,0.0,0.0,0.0,0.0,0.0
E02000610,0.0,0.0,0.0,0.0,0.0
E02000611,0.0,0.0,0.0,0.0,0.0
E02000612,0.0,0.0,0.0,0.0,0.0
E02000613,0.049134396048255924,0.049134396048255924,0.04913341681309098,0.0,9.7923516494125e-07
E02000614,0.0,0.0,0.0,0.0,0.0
E02000615,0.23849469055495431,0.23849469055495431,0.23849113920839313,0.0,3.551346561186941e-06
E02000616,0.1574549288979451,0.1574549288979451,0.15740416150510797,0.0,5.0767392837131053e-05
E02000617,0.8099675014266978,0.8099675014266978,0.8097515293473685,0.0,0.0002159720793293296
E02000619,0.0,0.0,0.0,0.0,0.0
E02000620,0.0,0.0,0.0,0.0,0.0
E02000621,0.0,0.0,0.0,0.0,0.0
E02000622,0.0,0.0,0.0,0.0,0.0
E02000623,0.0,0.0,0.0,0.0,0.0
E02000624,0.0,0.0,0.0,0.0,0.0
E02000625,0.0,0.0,0.0,0.0,0.0
E02000626,0.0,0.0,0.0,0.0,0.0
E02000627,0.0,0.0,0.0,0.0,0.0
E02000628,0.0,0.0,0.0,0.0,0.0
E02000629,0.0,0.0,0.0,0.0,0.0
E02000630,0.0,0.0,0.0,0.0,0.0
E02000631,0.0,0.0,0.0,0.0,0.0
E02000632,0.0,0.0,0.0,0.0,0.0
E02000633,0.0,0.0,0.0,0.0,0.0
E02000634,0.0,0.0,0.0,0.0,0.0
E02000635,0.0,0.0,0.0,0.0,0.0
E02000636,0.0,0.0,0.0,0.0,0.0
E02000637,0.0,0.0,0.0,0.0,0.0
E02000638,0.0,0.0,0.0,0.0,0.0
E02000639,0.0,0.0,0.0,0.0,0.0
E02000640,0.0,0.0,0.0,0.0,0.0
E02000641,0.0,0.0,0.0,0.0,0.0
E02000642,0.0,0.0,0.0,0.0,0.0
E02000643,0.0,0.0,0.0,0.0,0.0
E02000644,0.0,0.0,0.0,0.0,0.0
E02000645,0.0,0.0,0.0,0.0,0.0
E02000646,0.0,0.0,0.0,0.0,0.0
E02000647,0.0,0.0,0.0,0.0,0.0
E02000648,0.0,0.0,0.0,0.0,0.0
E02000649,0.0,0.0,0.0,0.0,0.0
E02000650,0.0,0.0,0.0,0.0,0.0
E02000651,0.0,0.0,0.0,0.0,0.0
E02000652,0.0,0.0,0.0,0.0,0.0
E02000653,0.0,0.0,0.0,0.0,0.0
E02000654,0.0,0.0,0.0,0.0,0.0
E02000655,0.0,0.0,0.0,0.0,0.0
E02000657,0.0,0.0,0.0,0.0,0.0
E02000658,0.0,0.0,0.0,0.0,0.0
E02000659,0.0,0.0,0.0,0.0,0.0
E02000660,0.0,0.0,0.0,0.0,0.0
E02000661,0.0,0.0,0.0,0.0,0.0
E02000662,0.0,0.0,0.0,0.0,0.0
E02000663,0.0,0.0,0.0,0.0,0.0
E02000664,0.0,0.0,0.0,0.0,0.0
E02000665,0.0,0.0,0.0,0.0,0.0
E02000666,0.0,0.0,0.0,0.0,0.0
E02000667,0.0,0.0,0.0,0.0,0.0
E02000668,0.0,0.0,0.0,0.0,0.0
E02000669,0.0,0.0,0.0,0.0,0.0
E02000670,0.0,0.0,0.0,0.0,0.0
E02000671,0.0,0.0,0.0,0.0,0.0
E02000672,0.0,0.0,0.0,0.0,0.0
E02000673,0.0,0.0,0.0,0.0,0.0
E02000674,0.0,0.0,0.0,0.0,0.0
E02000675,0.0,0.0,0.0,0.0,0.0
E02000676,0.0,0.0,0.0,0.0,0.0
E02000677,0.0,0.0,0.0,0.0,0.0
E02000678,0.0,0.0,0.0,0.0,0.0
E02000679,0.0,0.0,0.0,0.0,0.0
E02000680,0.0,0.0,0.0,0.0,0.0
E02000681,0.0,0.0,0.0,0.0,0.0
E02000682,0.0,0.0,0.0,0.0,0.0
E02000683,0.0,0.0,0.0,0.0,0.0
E02000685,0.0,0.0,0.0,0.0,0.0
E02000686,0.0,0.0,0.0,0.0,0.0
E02000687,0.0,0.0,0.0,0.0,0.0
E02000689,0.0,0.0,0.0,0.0,0.0
E02000690,0.0,0.0,0.0,0.0,0.0
E02000691,0.0,0.0,0.0,0.0,0.0
E02000692,0.0,0.0,0.0,0.0,0.0
E02000693,0.0,0.0,0.0,0.0,0.0
E02000694,0.0,0.0,0.0,0.0,0.0
E02000695,0.0,0.0,0.0,0.0,0.0
E02000696,0.0,0.0,0.0,0.0,0.0
E02000697,0.0,0.0,0.0,0.0,0.0
E02000698,0.0,0.0,0.0,0.0,0.0
E02000699,0.0,0.0,0.0,0.0,0.0
E02000700,0.0,0.0,0.0,0.0,0.0
E02000701,0.0,0.0,0.0,0.0,0.0
E02000702,0.0,0.0,0.0,0.0,0.0
E02000703,0.0,0.0,0.0,0.0,0.0
E02000704,0.0,0.0,0.0,0.0,0.0
E02000705,0.0,0.0,0.0,0.0,0.0
E02000706,0.0,0.0,0.0,0.0,0.0
E02000707,0.0,0.0,0.0,0.0,0.0
E02000708,0.0,0.0,0.0,0.0,0.0
E02000709,0.0,0.0,0.0,0.0,0.0
E02000710,0.0,0.0,0.0,0.0,0.0
E02000711,0.0,0.0,0.0,0.0,0.0
E02000712,0.0,0.0,0.0,0.0,0.0
E02000713,0.0,0.0,0.0,0.0,0.0
E02000714,0.001228727227970898,0.001228727227970898,0.0012287540167497167,0.0,2.6788778818712458e-08
E02000715,0.0,0.0,0.0,0.0,0.0
E02000716,0.504045700002392,0.5040457000023919,0.5123603225270831,1.1102230246251565e-16,0.008314622524691062
E02000717,0.0,0.0,0.0,0.0,0.0
E02000718,0.0,0.0,0.0,0.0,0.0
E02000719,0.0,0.0,0.0,0.0,0.0
E02000720,0.001593576585037779,0.001593576585037779,0.001593728372598705,0.0,1.517875609258635e-07
E02000721,0.0,0.0,0.0,0.0,0.0
E02000722,0.0,0.0,0.0,0.0,0.0
E02000723,0.0,0.0,0.0,0.0,0.0
E02000724,0.0,0.0,0.0,0.0,0.0
E02000725,0.0,0.0,0.0,0.0,0.0
E02000726,0.0,0.0,0.0,0.0,0.0
E02000727,0.0,0.0,0.0,0.0,0.0
E02000728,0.0,0.0,0.0,0.0,0.0
E02000729,0.0,0.0,0.0,0.0,0.0
E02000730,0.0,0.0,0.0,0.0,0.0
E02000731,0.0,0.0,0.0,0.0,0.0
E02000732,0.0,0.0,0.0,0.0,0.0
E02000733,0.0,0.0,0.0,0.0,0.0
E02000734,0.0,0.0,0.0,0.0,0.0
E02000735,0.0,0.0,0.0,0.0,0.0
E02000736,0.0,0.0,0.0,0.0,0.0
E02000737,0.0,0.0,0.0,0.0,0.0
E02000738,0.0,0.0,0.0,0.0,0.0
E02000739,0.0,0.0,0.0,0.0,0.0
E02000740,0.0,0.0,0.0,0.0,0.0
E02000741,0.0,0.0,0.0,0.0,0.0
E02000742,0.0,0.0,0.0,0.0,0.0
E02000743,0.0,0.0,0.0,0.0,0.0
E02000744,0.0,0.0,0.0,0.0,0.0
E02000745,0.0,0.0,0.0,0.0,0.0
E02000746,0.0,0.0,0.0,0.0,0.0
E02000747,0.0,0.0,0.0,0.0,0.0
E02000748,0.0,0.0,0.0,0.0,0.0
E02000749,0.0,0.0,0.0,0.0,0.0
E02000750,0.0,0.0,0.0,0.0,0.0
E02000751,0.2860097663922467,0.2860097663922467,0.28545222034266376,0.0,0.0005575460495829132
E02000752,0.7472053359916956,0.7472053359916956,0.7467882718834701,0.0,0.00041706410822550666
E02000753,0.0014557754737163928,0.0014557754737163928,0.00145575750494955,0.0,1.796876684273009e-08
E02000754,0.3015525007405742,0.3015525007405742,0.29993668417579916,0.0,0.0016158165647750522
E02000755,0.44395892584366864,0.44395892584366864,0.44329063580722444,0.0,0.0006682900364441968
E02000756,0.5475419976274642,0.5475419976274642,0.5473776702435816,0.0,0.00016432738388261203
E02000757,0.02031486325041159,0.02031486325041159,0.01993007764339961,0.0,0.00038478560701198095
E02000758,0.1936182044997463,0.1936182044997463,0.19361874140807753,0.0,5.369083312389833e-07
E02000759,0.30808037097451924,0.30808037097451924,0.30807987206502446,0.0,4.989094947727146e-07
E02000760,0.0012906214393276117,0.0012906214393276117,0.0012906773704924035,0.0,5.5931164791864565e-08
E02000762,0.0,0.0,0.0,0.0,0.0
E02000763,0.869439728595688,0.869439728595688,0.8693914417433141,0.0,4.828685237390218e-05
E02000764,0.08275330807161299,0.08275330807161299,0.08215547141837755,0.0,0.0005978366532354423
E02000765,0.0,0.0,0.0,0.0,0.0
E02000767,0.0,0.0,0.0,0.0,0.0
E02000768,0.4225601786356188,0.4225601786356188,0.4225522443171294,0.0,7.934318489388748e-06
E02000769,0.0,0.0,0.0,0.0,0.0
E02000770,0.3112827579622432,0.3112827579622432,0.31128173858280955,0.0,1.0193794336421647e-06
E02000772,0.36655864403506605,0.36655864403506605,0.3665596303344692,0.0,9.862994031495376e-07
E02000773,0.0,0.0,0.0,0.0,0.0
E02000774,0.0003452238668353838,0.0003452238668353838,0.00034548621657027543,0.0,2.6234973489160573e-07
E02000776,0.0,0.0,0.0,0.0,0.0
E02000777,0.7825490581080304,0.7825490581080304,0.7823982514643696,0.0,0.00015080664366085017
E02000779,0.19817859864942983,0.19817859864942983,0.19812908006374289,0.0,4.9518585686941785e-05
E02000780,0.0,0.0,0.0,0.0,0.0
E02000781,0.0,0.0,0.0,0.0,0.0
E02000782,0.0,0.0,0.0,0.0,0.0
E02000783,0.0,0.0,0.0,0.0,0.0
E02000784,0.0,0.0,0.0,0.0,0.0
E02000785,0.0,0.0,0.0,0.0,0.0
E02000786,0.0,0.0,0.0,0.0,0.0
E02000787,0.0,0.0,0.0,0.0,0.0
E02000788,0.0,0.0,0.0,0.0,0.0
E02000789,0.0,0.0,0.0,0.0,0.0
E02000790,0.0,0.0,0.0,0.0,0.0
E02000791,0.0,0.0,0.0,0.0,0.0
E02000792,0.0,0.0,0.0,0.0,0.0
E02000793,0.0,0.0,0.0,0.0,0.0
E02000794,0.0,0.0,0.0,0.0,0.0
E02000795,0.0,0.0,0.0,0.0,0.0
E02000796,0.027889081958058656,0.027889081958058656,0.027886844013341124,0.0,2.2379447175320533e-06
E02000797,0.0,0.0,0.0,0.0,0.0
E02000798,0.0,0.0,0.0,0.0,0.0
E02000799,0.0,0.0,0.0,0.0,0.0
E02000800,0.0,0.0,0.0,0.0,0.0
E02000801,0.0,0.0,0.0,0.0,0.0
E02000802,0.0,0.0,0.0,0.0,0.0
E02000803,0.09123163186653192,0.09123163186653192,0.09122692275846687,0.0,4.7091080650485395e-06
E02000804,0.0,0.0,0.0,0.0,0.0
E02000805,0.0,0.0,0.0,0.0,0.0
E02000806,0.16051748528379775,0.16051748528379775,0.16051030719428022,0.0,7.178089517528852e-06
E02000807,0.0,0.0,0.0,0.0,0.0
E02000808,0.0,0.0,0.0,0.0,0.0
E02000809,0.0,0.0,0.0,0.0,0.0
E02000810,0.0,0.0,0.0,0.0,0.0
E02000812,0.0,0.0,0.0,0.0,0.0
E02000813,0.0,0.0,0.0,0.0,0.0
E02000814,0.0,0.0,0.0,0.0,0.0
E02000815,0.0,0.0,0.0,0.0,0.0
E02000816,0.0,0.0,0.0,0.0,0.0
E02000817,0.0,0.0,0.0,0.0,0.0
E02000818,0.0,0.0,0.0,0.0,0.0
E02000819,0.0,0.0,0.0,0.0,0.0
E02000820,0.0,0.0,0.0,0.0,0.0
E02000821,0.0,0.0,0.0,0.0,0.0
E02000822,0.0,0.0,0.0,0.0,0.0
E02000823,0.0,0.0,0.0,0.0,0.0
E02000824,0.0,0.0,0.0,0.0,0.0
E02000825,0.0,0.0,0.0,0.0,0.0
E02000826,0.0,0.0,0.0,0.0,0.0
E02000827,0.0,0.0,0.0,0.0,0.0
E02000828,0.0,0.0,0.0,0.0,0.0
E02000829,0.0,0.0,0.0,0.0,0.0
E02000830,0.0,0.0,0.0,0.0,0.0
E02000831,0.0,0.0,0.0,0.0,0.0
E02000832,0.0,0.0,0.0,0.0,0.0
E02000833,0.0,0.0,0.0,0.0,0.0
E02000834,0.0,0.0,0.0,0.0,0.0
E02000835,0.0,0.0,0.0,0.0,0.0
E02000836,0.0,0.0,0.0,0.0,0.0
E02000837,0.0,0.0,0.0,0.0,0.0
E02000838,0.0,0.0,0.0,0.0,0.0
E02000839,0.0,0.0,0.0,0.0,0.0
E02000840,0.0,0.0,0.0,0.0,0.0
E02000841,0.0,0.0,0.0,0.0,0.0
E02000842,0.0,0.0,0.0,0.0,0.0
E02000843,0.0,0.0,0.0,0.0,0.0
E02000844,0.0,0.0,0.0,0.0,0.0
E02000845,0.0,0.0,0.0,0.0,0.0
E02000846,0.0,0.0,0.0,0.0,0.0
E02000847,0.0,0.0,0.0,0.0,0.0
E02000848,0.0,0.0,0.0,0.0,0.0
E02000849,0.0,0.0,0.0,0.0,0.0
E02000850,0.0,0.0,0.0,0.0,0.0
E02000851,0.0,0.0,0.0,0.0,0.0
E02000852,0.0,0.0,0.0,0.0,0.0
E02000853,0.0,0.0,0.0,0.0,0.0
E02000854,0.0,0.0,0.0,0.0,0.0
E02000855,0.0,0.0,0.0,0.0,0.0
E02000856,0.0,0.0,0.0,0.0,0.0
E02000857,0.0,0.0,0.0,0.0,0.0
E02000858,0.0,0.0,0.0,0.0,0.0
E02000859,0.053931355733104126,0.053931355733104126,0.05393118195268791,0.0,1.7378041621690654e-07
E02000860,0.0,0.0,0.0,0.0,0.0
E02000861,0.08331737633202653,0.08331737633202653,0.08331712459327664,0.0,2.5173874988737577e-07
E02000863,0.7310223236083182,0.7310223236083182,0.7309753853039055,0.0,4.693830441271363e-05
E02000864,0.0,0.0,0.0,0.0,0.0
E02000865,0.0,0.0,0.0,0.0,0.0
E02000866,0.0,0.0,0.0,0.0,0.0
E02000867,0.0,0.0,0.0,0.0,0.0
E02000868,0.0,0.0,0.0,0.0,0.0
E02000869,0.0,0.0,0.0,0.0,0.0
E02000870,0.0,0.0,0.0,0.0,0.0
E02000871,0.0,0.0,0.0,0.0,0.0
E02000872,0.0,0.0,0.0,0.0,0.0
E02000873,0.0,0.0,0.0,0.0,0.0
E02000874,0.0,0.0,0.0,0.0,0.0
E02000875,0.0,0.0,0.0,0.0,0.0
E02000876,0.0,0.0,0.0,0.0,0.0
E02000877,0.0,0.0,0.0,0.0,0.0
E02000878,0.0,0.0,0.0,0.0,0.0
E02000879,0.0,0.0,0.0,0.0,0.0
E02000880,0.0,0.0,0.0,0.0,0.0
E02000881,0.0,0.0,0.0,0.0,0.0
E02000882,0.0,0.0,0.0,0.0,0.0
E02000883,0.0,0.0,0.0,0.0,0.0
E02000884,0.0,0.0,0.0,0.0,0.0
E02000885,0.0,0.0,0.0,0.0,0.0
E02000886,0.0,0.0,0.0,0.0,0.0
E02000887,0.0,0.0,0.0,0.0,0.0
E02000888,0.0,0.0,0.0,0.0,0.0
E02000889,0.0,0.0,0.0,0.0,0.0
E02000890,0.0,0.0,0.0,0.0,0.0
E02000891,0.0,0.0,0.0,0.0,0.0
E02000893,0.0,0.0,0.0,0.0,0.0
E02000894,0.0,0.0,0.0,0.0,0.0
E02000895,0.3395886114618952,0.34266936606227644,0.3422154687346933,0.0030807546003812636,0.0026268572727981
E02000896,0.48462571178871117,0.48462571178871117,0.4836714594218233,0.0,0.0009542523668878422
E02000897,0.3292985076546954,0.3292985076546954,0.3290798831351918,0.0,0.0002186245195036074
E02000898,0.0,0.0,0.0,0.0,0.0
E02000899,0.027542900256094457,0.029874798677017853,0.029654095553285582,0.0023318984209233957,0.0021111952971911256
E02000900,0.1257274786961449,0.12573127112769492,0.12538088328838648,3.792431550020403e-06,0.00034659540775841546
E02000901,0.22352632390718677,0.22352632390718677,0.22342922109036956,0.0,9.710281681721278e-05
E02000902,0.0,0.0,0.0,0.0,0.0
E02000903,0.48022777846447706,0.4802422365655893,0.4800174510396919,1.4458101112224675e-05,0.00021032742478516164
E02000904,0.4250743034319866,0.4250743034319866,0.42506681293577,0.0,7.490496216622233e-06
E02000905,0.0,0.0,0.0,0.0,0.0
E02000906,0.0,0.0,0.0,0.0,0.0
E02000907,0.05615684464957474,0.05615684464957474,0.056156509397467164,0.0,3.3525210757501256e-07
E02000908,0.5760139679491042,0.5760139679491042,0.575687278041623,0.0,0.0003266899074811924
E02000909,0.410590164749977,0.410590164749977,0.4105143426266993,0.0,7.582212327772453e-05
E02000910,0.0,0.0,0.0,0.0,0.0
E02000911,0.0,0.0,0.0,0.0,0.0
E02000912,0.2924813438514537,0.2924813438514537,0.2924708071731594,0.0,1.0536678294315038e-05
E02000913,0.08521393692977265,0.08521393692977265,0.08521360393813146,0.0,3.329916411914935e-07
E02000914,0.0,0.0,0.0,0.0,0.0
E02000915,0.43618422286569586,0.43618422286569586,0.4356935601756308,0.0,0.0004906626900650357
E02000916,0.0,0.0,0.0,0.0,0.0
E02000917,0.0,0.0,0.0,0.0,0.0
E02000918,0.06093410406496962,0.06093410406496962,0.06056712013256319,0.0,0.0003669839324064311
E02000919,0.0,0.0,0.0,0.0,0.0
E02000920,0.0,0.0,0.0,0.0,0.0
E02000921,0.0,0.0,0.0,0.0,0.0
E02000922,0.0001285112145988504,0.0001285112145988504,0.00012852157312611488,0.0,1.0358527264485136e-08
E02000923,0.0,0.0,0.0,0.0,0.0
E02000924,0.0,0.0,0.0,0.0,0.0
E02000925,0.0,0.0,0.0,0.0,0.0
E02000926,0.0,0.0,0.0,0.0,0.0
E02000927,0.0,0.0,0.0,0.0,0.0
E02000928,0.0,0.0,0.0,0.0,0.0
E02000929,0.0,0.0,0.0,0.0,0.0
E02000930,0.0,0.0,0.0,0.0,0.0
E02000931,0.0,0.0,0.0,0.0,0.0
E02000932,0.0,0.0,0.0,0.0,0.0
E02000933,0.0,0.0,0.0,0.0,0.0
E02000934,0.0,0.0,0.0,0.0,0.0
E02000935,0.0,0.0,0.0,0.0,0.0
E02000936,0.0,0.0,0.0,0.0,0.0
E02000937,0.0,0.0,0.0,0.0,0.0
E02000938,0.0,0.0,0.0,0.0,0.0
E02000939,0.0,0.0,0.0,0.0,0.0
E02000940,0.0,0.0,0.0,0.0,0.0
E02000941,0.0,0.0,0.0,0.0,0.0
E02000942,0.0,0.0,0.0,0.0,0.0
E02000943,0.0,0.0,0.0,0.0,0.0
E02000944,0.0,0.0,0.0,0.0,0.0
E02000945,0.0,0.0,0.0,0.0,0.0
E02000946,0.0,0.0,0.0,0.0,0.0
E02000947,0.0,0.0,0.0,0.0,0.0
E02000948,0.0,0.0,0.0,0.0,0.0
E02000949,0.0,0.0,0.0,0.0,0.0
E02000950,0.0,0.0,0.0,0.0,0.0
E02000951,0.0,0.0,0.0,0.0,0.0
E02000952,0.0,0.0,0.0,0.0,0.0
E02000953,0.0,0.0,0.0,0.0,0.0
E02000954,0.0,0.0,0.0,0.0,0.0
E02000955,0.0,0.0,0.0,0.0,0.0
E02000956,0.0,0.0,0.0,0.0,0.0
E02000957,0.0,0.0,0.0,0.0,0.0
E02000958,0.0,0.0,0.0,0.0,0.0
E02000959,0.0,0.0,0.0,0.0,0.0
E02000960,0.0,0.0,0.0,0.0,0.0
E02000961,0.0,0.0,0.0,0.0,0.0
E02000962,0.0,0.0,0.0,0.0,0.0
E02000963,0.0,0.0,0.0,0.0,0.0
E02000964,0.0,0.0,0.0,0.0,0.0
E02000965,0.0,0.0,0.0,0.0,0.0
E02000966,0.0,0.0,0.0,0.0,0.0
E02000967,0.0,0.0,0.0,0.0,0.0
E02000968,0.0,0.0,0.0,0.0,0.0
E02000969,0.0,0.0,0.0,0.0,0.0
E02000970,0.0,0.0,0.0,0.0,0.0
E02000971,0.0,0.0,0.0,0.0,0.0
E02000972,0.0,0.0,0.0,0.0,0.0
E02000973,0.0,0.0,0.0,0.0,0.0
E02000974,0.0,0.0,0.0,0.0,0.0
E02000975,0.0,0.0,0.0,0.0,0.0
E02000976,0.0,0.0,0.0,0.0,0.0
E02000977,0.0,0.0,0.0,0.0,0.0
E02000978,0.0,0.0,0.0,0.0,0.0
E02000979,0.0,0.0,0.0,0.0,0.0
E02000980,0.0,0.0,0.0,0.0,0.0
E02000981,0.0,0.0,0.0,0.0,0.0
E02000982,0.0,0.0,0.0,0.0,0.0
E02000983,0.0,0.0,0.0,0.0,0.0
E02000984,0.7948069799287131,0.7948069799287131,0.7947643610427196,0.0,4.261888599343955e-05
E02000985,0.4887734725444462,0.4887734725444462,0.4887812188314191,0.0,7.746286972920569e-06
E02000986,0.22402473943126652,0.22402473943126652,0.2240340695651559,0.0,9.330133889373649e-06
E02000987,0.07405186737008407,0.07405186737008407,0.0740105940255009,0.0,4.127334458316201e-05
E02000988,0.13691757576548672,0.13691757576548672,0.13691959330476502,0.0,2.017539278309499e-06
E02000989,0.7879338103956486,0.7879338103956486,0.7880436431210807,0.0,0.00010983272543207967
E02000990,0.5717084466655643,0.5717084466655643,0.5714563079594174,0.0,0.00025213870614693157
E02000991,0.8254327940491568,0.8254327940491568,0.8254337874988525,0.0,9.934496957297867e-07
E02000992,0.8276277602026263,0.8276277602026263,0.8273544424968557,0.0,0.00027331770577054826
E02000993,0.1498935249794003,0.1498935249794003,0.1499048599925039,0.0,1.1335013103602742e-05
E02000994,0.0,0.0,0.0,0.0,0.0
E02000995,0.6562926627438164,0.6562926627438164,0.6563030755782351,0.0,1.0412834418715988e-05
E02000996,0.14071131868256181,0.14071131868256181,0.14071943781245894,0.0,8.119129897121713e-06
E02000997,0.7686377204350453,0.7686377204350453,0.7685095124562383,0.0,0.0001282079788069712
E02000998,0.0,0.0,0.0,0.0,0.0
E02000999,0.0,0.0,0.0,0.0,0.0
E02001000,0.12067954173929607,0.12067954173929607,0.12068524918694672,0.0,5.707447650646347e-06
E02001001,0.0,0.0,0.0,0.0,0.0
E02001002,0.33942212861128207,0.33942212861128207,0.33940834462968705,0.0,1.3783981595016925e-05
E02001003,0.15501456369333605,0.15501456369333605,0.15501029687037934,0.0,4.2668229567055516e-06
E02001004,0.0,0.0,0.0,0.0,0.0
E02001005,0.013431922142461573,0.013431922142461573,0.013429597788466382,0.0,2.3243539951905284e-06
E02001006,0.0008653162381091701,0.0008653162381091701,0.0008616800983019918,0.0,3.636139807178208e-06
E02001007,0.341532349260996,0.341532349260996,0.3415170142671175,0.0,1.5334993878513004e-05
E02001008,0.06764398505209246,0.06764398505209246,0.06763477407472254,0.0,9.210977369916717e-06
E02001009,0.73014065063591,0.73014065063591,0.6543013710176785,0.0,0.07583927961823156
E02001010,0.4286656154657096,0.4286656154657096,0.4286870833462362,0.0,2.146788052659332e-05
E02001011,0.39446836817866576,0.39446836817866576,0.3944616028942313,0.0,6.765284434440133e-06
E02001012,0.00021469294785921746,0.00021469294785921746,0.00021344008272560405,0.0,1.2528651336134102e-06
E02001013,0.7655447648427768,0.7655447648427768,0.7655487677001086,0.0,4.002857331819598e-06
E02001014,0.5747799860375489,0.5747799860375489,0.5745979878964589,0.0,0.00018199814108998957
E02001015,0.12045132821717926,0.12045132821717926,0.12046092631591052,0.0,9.59809873125883e-06
E02001016,0.004404715316514191,0.004404715316514191,0.004399929243486891,0.0,4.786073027300032e-06
E02001017,0.5345926854171865,0.5345926854171865,0.5345883426548845,0.0,4.342762301989822e-06
E02001018,0.69628209858345,0.69628209858345,0.6957120201057168,0.0,0.0005700784777332712
E02001019,0.8102286641113344,0.8102286641113344,0.8101195055199331,0.0,0.00010915859140137041
E02001020,0.36485611725115946,0.36485611725115946,0.36485610115494344,0.0,1.6096216026717514e-08
E02001021,0.9101184414573947,0.9101184414573947,0.909975845426357,0.0,0.00014259603103772278
E02001022,0.7115453355946609,0.7115453355946609,0.7111371620262145,0.0,0.00040817356844646824
E02001023,0.5450664996997278,0.5450664996997278,0.5450664422827416,0.0,5.741698616557045e-08
E02001024,0.3897213787917006,0.3897213787917006,0.38972141183456566,0.0,3.3042865055232795e-08
E02001025,0.5266034532968218,0.5266034532968218,0.5259641183077705,0.0,0.0006393349890513322
E02001026,5.377665814426356e-05,5.377665814426356e-05,5.377251031740895e-05,0.0,4.147826854614047e-09
E02001027,0.1333262195209318,0.1333262195209318,0.13332627174677414,0.0,5.222584234521044e-08
E02001028,0.41460631722333824,0.41460631722333824,0.4144105305024283,0.0,0.00019578672090991844
E02001029,2.7138771939422926e-05,2.7138771939422926e-05,2.7139502815392068e-05,0.0,7.308759691413542e-10
E02001030,0.8557710548926951,0.8557710548926951,0.855849348031292,0.0,7.829313859686327e-05
E02001031,0.45269664427530043,0.45269664427530043,0.4525970215913749,0.0,9.962268392554874e-05
E02001032,0.6103648938892584,0.6103648938892584,0.6103648141332912,0.0,7.97559671639192e-08
E02001033,0.31524406913016356,0.31524406913016356,0.3152441279027801,0.0,5.877261655129473e-08
E02001034,0.03815084256539929,0.03815084256539929,0.0381508439393968,0.0,1.3739975129878346e-09
E02001035,0.7329962501539652,0.7329962501539652,0.7328807716302678,0.0,0.00011547852369742095
E02001036,0.7304934673183563,0.7304934673183563,0.7304355683412712,0.0,5.789897708508018e-05
E02001037,0.7057740847333326,0.7057740847333326,0.7057875816397754,0.0,1.349690644281143e-05
E02001038,0.31962706837207716,0.31962706837207716,0.3196271019219975,0.0,3.354992034187987e-08
E02001039,0.16560513590669995,0.16560513590669995,0.16560511342822212,0.0,2.247847782910206e-08
E02001040,0.7005968981140704,0.7005968981140704,0.7005910994287226,0.0,5.798685347890853e-06
E02001041,0.0038494368958744084,0.0038494368958744084,0.003849062322718536,0.0,3.745731558726234e-07
E02001042,0.0839836616438619,0.0839836616438619,0.08398364721318373,0.0,1.4430678166310607e-08
E02001043,0.6727163390002144,0.6727163390002144,0.6726967150598346,0.0,1.96239403797982e-05
E02001044,0.0014139781336562586,0.0014139781336562586,0.0014141800718462092,0.0,2.0193818995066157e-07
E02001045,0.0,0.0,0.0,0.0,0.0
E02001046,0.0,0.0,0.0,0.0,0.0
E02001047,0.0,0.0,0.0,0.0,0.0
E02001048,0.5583841516515466,0.5583841516515466,0.5583555738530769,0.0,2.857779846976438e-05
E02001049,0.0,0.0,0.0,0.0,0.0
E02001050,0.0,0.0,0.0,0.0,0.0
E02001051,0.0,0.0,0.0,0.0,0.0
E02001052,0.0,0.0,0.0,0.0,0.0
E02001053,0.0,0.0,0.0,0.0,0.0
E02001055,0.024074904568381857,0.024074904568381857,0.024061104909565943,0.0,1.3799658815913385e-05
E02001056,0.26537851505965193,0.26537851505965193,0.2653786391238753,0.0,1.2406422339461542e-07
E02001057,0.0,0.0,0.0,0.0,0.0
E02001059,0.000577984631767188,0.000577984631767188,0.0005779510473162611,0.0,3.358445092686846e-08
E02001061,0.0,0.0,0.0,0.0,0.0
E02001062,0.0,0.0,0.0,0.0,0.0
E02001063,0.0,0.0,0.0,0.0,0.0
E02001064,0.0,0.0,0.0,0.0,0.0
E02001065,0.0,0.0,0.0,0.0,0.0
E02001066,0.0,0.0,0.0,0.0,0.0
E02001067,0.0,0.0,0.0,0.0,0.0
E02001068,0.0,0.0,0.0,0.0,0.0
E02001069,0.0,0.0,0.0,0.0,0.0
E02001070,0.0,0.0,0.0,0.0,0.0
E02001071,0.0,0.0,0.0,0.0,0.0
E02001072,0.0,0.0,0.0,0.0,0.0
E02001073,0.0003783122202953394,0.0003783122202953394,0.0003783492596137846,0.0,3.7039318445241526e-08
E02001074,0.0,0.0,0.0,0.0,0.0
E02001075,0.0,0.0,0.0,0.0,0.0
E02001076,0.0,0.0,0.0,0.0,0.0
E02001077,0.0,0.0,0.0,0.0,0.0
E02001078,0.0,0.0,0.0,0.0,0.0
E02001079,0.0,0.0,0.0,0.0,0.0
E02001080,0.0,0.0,0.0,0.0,0.0
E02001081,0.5891741397684415,0.5891741397684415,0.583902641075979,0.0,0.005271498692462462
E02001082,0.0,0.0,0.0,0.0,0.0
E02001083,0.0,0.0,0.0,0.0,0.0
E02001084,0.0,0.0,0.0,0.0,0.0
E02001085,0.0,0.0,0.0,0.0,0.0
E02001086,0.31548986969717996,0.31548986969717996,0.3142388363451982,0.0,0.001251033351981734
E02001087,0.24835506685122782,0.24835506685122782,0.2483550129462911,0.0,5.3904936736515197e-08
E02001088,0.05295209308490057,0.05295209308490057,0.0529520151050244,0.0,7.797987617436108e-08
E02001089,0.3385440845279995,0.3385440845279995,0.33841890174934725,0.0,0.00012518277865225524
E02001090,0.5497896731567594,0.5497896731567594,0.5496503191141598,0.0,0.00013935404259957096
E02001091,0.0,0.0,0.0,0.0,0.0
E02001092,0.0,0.0,0.0,0.0,0.0
E02001093,0.006906912623739295,0.006906912623739295,0.006907020367217093,0.0,1.0774347779848176e-07
E02001094,0.0,0.0,0.0,0.0,0.0
E02001095,0.135102379949939,0.135102379949939,0.13477645055001863,0.0,0.00032592939992037717
E02001096,0.40649071932791664,0.40649071932791664,0.4052183610339936,0.0,0.001272358293923026
E02001097,0.7804237245427232,0.7804237245427232,0.7799674066049704,0.0,0.0004563179377528037
E02001098,0.6810989666824666,0.6810989666824666,0.6804948274354184,0.0,0.0006041392470481632
E02001099,0.3266676491672446,0.3266676491672446,0.3266676615057343,0.0,1.2338489674412756e-08
E02001100,0.7291516870242147,0.7291516870242147,0.7290024761369868,0.0,0.0001492108872279685
E02001101,0.6458284910133957,0.6458284910133957,0.645459417916753,0.0,0.0003690730966426914
E02001102,0.25087263539075316,0.25087263539075316,0.250872693786615,0.0,5.839586181277667e-08
E02001103,0.6945161207315058,0.6945161207315058,0.6944652875180849,0.0,5.0833213420919954e-05
E02001104,0.6795701743644457,0.6795701743644457,0.679569937079641,0.0,2.3728480469387137e-07
E02001105,0.40852104568810815,0.40852104568810815,0.40844188173870966,0.0,7.916394939849747e-05
E02001106,0.04388992287836507,0.04388992287836507,0.04388970007472519,0.0,2.2280363988491647e-07
E02001107,0.5871948630634795,0.5871948630634795,0.5871926208976553,0.0,2.2421658241178477e-06
E02001108,0.2872329755335019,0.2872329755335019,0.2872331127154579,0.0,1.3718195596146288e-07
E02001109,0.16482177861258307,0.16482177861258307,0.16482144589110306,0.0,3.327214800064038e-07
E02001110,0.8597939014992643,0.8597939014992643,0.8597935205579409,0.0,3.809413233746284e-07
E02001111,3.806021786824961e-05,3.806021786824961e-05,3.8037716316196194e-05,0.0,2.2501552053416347e-08
E02001112,0.016413717290119284,0.016413717290119284,0.016413852412370204,0.0,1.3512225091952268e-07
E02001113,0.0,0.0,0.0,0.0,0.0
E02001114,0.0,0.0,0.0,0.0,0.0
E02001115,0.15157406724755823,0.15157406724755823,0.15157352946360633,0.0,5.377839518982963e-07
E02001116,0.0,0.0,0.0,0.0,0.0
E02001117,0.17102160375488293,0.17102160375488293,0.17102158327840683,0.0,2.0476476098041374e-08
E02001118,0.46812352864374135,0.46812352864374135,0.4680746551183447,0.0,4.8873525396675443e-05
E02001119,0.1800389377345976,0.1800389377345976,0.18003892957748588,0.0,8.157111708317899e-09
E02001121,0.0037500883644480403,0.0037500883644480403,0.0037500077625229958,0.0,8.060192504448851e-08
E02001123,0.5523777247855243,0.5523777247855243,0.5523450482529599,0.0,3.2676532564335226e-05
E02001124,0.0,0.0,0.0,0.0,0.0
E02001125,0.0,0.0,0.0,0.0,0.0
E02001126,0.3216482718146313,0.3216482718146313,0.3216456085623567,0.0,2.6632522746039555e-06
E02001127,0.0962256399993586,0.0962256399993586,0.09622489608435553,0.0,7.439150030708053e-07
E02001128,0.0,0.0,0.0,0.0,0.0
E02001129,0.0,0.0,0.0,0.0,0.0
E02001130,0.7734009986932913,0.7734009986932913,0.7734007481265552,0.0,2.505667360264141e-07
E02001131,0.1329181970997086,0.1329181970997086,0.1329175922336499,0.0,6.048660586843724e-07
E02001132,0.8123086639863955,0.8123086639863955,0.8122037998854017,0.0,0.00010486410099375121
E02001133,0.9007131889103284,0.9007131889103284,0.9006782367078359,0.0,3.495220249249975e-05
E02001134,0.8733427069223054,0.8733427069223054,0.8732822600063419,0.0,6.044691596351903e-05
E02001135,0.10694356392117516,0.10694356392117516,0.10694414379446074,0.0,5.798732855832878e-07
E02001136,0.3428147268520933,0.3428147268520933,0.3427540947793718,0.0,6.0632072721500396e-05
E02001137,0.9627067253483306,0.9627067253483306,0.9626114412872334,0.0,9.528406109715615e-05
E02001138,0.2505404242864525,0.2505404242864525,0.2505407796612725,0.0,3.5537481996028575e-07
E02001139,0.0,0.0,0.0,0.0,0.0
E02001140,0.054778173312941075,0.054778173312941075,0.05477815090850263,0.0,2.240443844336859e-08
E02001141,0.0,0.0,0.0,0.0,0.0
E02001142,0.012978666971873097,0.012978666971873097,0.012978837455908703,0.0,1.7048403560572523e-07
E02001143,0.03639669321953222,0.03639669321953222,0.03639651500837961,0.0,1.7821115261273945e-07
E02001144,0.1554836658015806,0.1554836658015806,0.15498194858878336,0.0,0.0005017172127972369
E02001145,0.9182927666438863,0.9182927666438863,0.9180401801732787,0.0,0.000252586470607552
E02001146,0.0,0.0,0.0,0.0,0.0
E02001147,0.3791804002033974,0.3791804002033974,0.3785935118443914,0.0,0.0005868883590059992
E02001148,0.4678318802366608,0.4678318802366608,0.46783202305932775,0.0,1.4282266697085433e-07
E02001149,0.03880860401149522,0.03880860401149522,0.038808654835833074,0.0,5.082433785635887e-08
E02001150,0.36292855648753297,0.36292855648753297,0.36259888953305797,0.0,0.00032966695447500527
E02001151,0.7188649041231847,0.7188649041231847,0.7188493289529767,0.0,1.5575170208004252e-05
E02001152,0.5149927210666333,0.5149927210666333,0.5148274089576761,0.0,0.00016531210895720516
E02001153,0.3696052655290089,0.3696052655290089,0.36955932352732984,0.0,4.594200167906681e-05
E02001154,0.006669692243327931,0.006669692243327931,0.006669602445798378,0.0,8.979752955280695e-08
E02001155,3.946912331138268e-05,3.946912331138268e-05,3.9520457987345904e-05,0.0,5.133467596322251e-08
E02001156,0.0,0.0,0.0,0.0,0.0
E02001157,0.00046283969394424185,0.00046283969394424185,0.00046342743514549937,0.0,5.877412012575151e-07
E02001158,0.0,0.0,0.0,0.0,0.0
E02001159,0.41489513544323986,0.41489513544323986,0.4149037204766208,0.0,8.585033380914542e-06
E02001160,0.14567666426224402,0.14567666426224402,0.14565847523498948,0.0,1.818902725453375e-05
E02001161,0.5083226571643833,0.5083226571643833,0.5083109962781351,0.0,1.1660886248154867e-05
E02001162,0.3857780895376684,0.3857780895376684,0.3857786313291788,0.0,5.417915103778093e-07
E02001163,0.26290691903346225,0.26290691903346225,0.26290670625418994,0.0,2.127792723127797e-07
E02001164,0.26986374444818045,0.26986374444818045,0.26985081290159285,0.0,1.2931546587602316e-05
E02001165,0.15439500816815693,0.15439500816815693,0.1543953596831419,0.0,3.515149849531163e-07
E02001166,0.0,0.0,0.0,0.0,0.0
E02001167,0.0,0.0,0.0,0.0,0.0
E02001168,2.3875143557070643e-09,2.3875143557070643e-09,2.3383602209747223e-09,0.0,4.915413473234203e-11
E02001169,0.7541323301039065,0.7541323301039065,0.7540791009896294,0.0,5.322911427707577e-05
E02001170,0.3767023806924108,0.3767023806924108,0.37670266688488524,0.0,2.861924744412825e-07
E02001171,0.0,0.0,0.0,0.0,0.0
E02001172,0.0,0.0,0.0,0.0,0.0
E02001173,0.0,0.0,0.0,0.0,0.0
E02001174,0.0,0.0,0.0,0.0,0.0
E02001175,0.0003419026847132595,0.0003419026847132595,0.00034199822699832713,0.0,9.55422850676315e-08
E02001176,0.0,0.0,0.0,0.0,0.0
E02001177,0.0,0.0,0.0,0.0,0.0
E02001178,0.0,0.0,0.0,0.0,0.0
E02001179,0.0,0.0,0.0,0.0,0.0
E02001180,0.0,0.0,0.0,0.0,0.0
E02001181,0.4198892242082556,0.4198892242082556,0.41988961050845847,0.0,3.8630020288143996e-07
E02001182,0.0,0.0,0.0,0.0,0.0
E02001183,0.0,0.0,0.0,0.0,0.0
E02001184,0.0,0.0,0.0,0.0,0.0
E02001185,0.7109914363373431,0.7109914363373431,0.7109448895941602,0.0,4.654674318282925e-05
E02001186,0.7002793917805202,0.7002793917805202,0.7000969665315231,0.0,0.0001824252489971423
E02001187,0.008862401076441224,0.008862401076441224,0.008833528440190249,0.0,2.8872636250974748e-05
E02001188,0.0,0.0,0.0,0.0,0.0
E02001189,0.3503060461583016,0.3503060461583016,0.3503035236183327,0.0,2.522539968852211e-06
E02001190,0.561657968713289,0.561657968713289,0.5612101197897778,0.0,0.0004478489235112404
E02001191,0.3623097111920186,0.3623097111920186,0.36173447954731675,0.0,0.0005752316447018568
E02001192,0.0,0.0,0.0,0.0,0.0
E02001193,0.20392796282190753,0.20392796282190753,0.203927629830722,0.0,3.329911855420864e-07
E02001194,0.0,0.0,0.0,0.0,0.0
E02001195,0.40488411093447335,0.40488411093447335,0.40482328026687386,0.0,6.083066759948741e-05
E02001196,0.7853052394935632,0.7853052394935632,0.7852989766762198,0.0,6.262817343394289e-06
E02001197,0.009736796370020484,0.009736796370020484,0.009736845503912241,0.0,4.9133891757285886e-08
E02001198,0.582740627135797,0.582740627135797,0.5827405900658443,0.0,3.7069952663060235e-08
E02001199,0.1743225196995287,0.1743225196995287,0.17432240543763566,0.0,1.142618930305428e-07
E02001200,0.22027377773404613,0.22027377773404613,0.22027369499552582,0.0,8.273852031281947e-08
E02001201,0.5143455145575526,0.5143455145575526,0.5143449723540269,0.0,5.422035257440783e-07
E02001202,0.0,0.0,0.0,0.0,0.0
E02001203,0.9218532784419012,0.9218532784419012,0.9218151112342349,0.0,3.8167207666361946e-05
E02001204,0.2694838366459323,0.2694838366459323,0.2694843607683731,0.0,5.241224408369938e-07
E02001205,0.0,0.0,0.0,0.0,0.0
E02001206,0.5611846031742999,0.5611846031742999,0.5611849465241852,0.0,3.433498853011585e-07
E02001207,0.5588609897303951,0.5588609897303951,0.5588606810013381,0.0,3.0872905698586806e-07
E02001208,0.41001123002942685,0.41001123002942685,0.409968666558846,0.0,4.256347058084753e-05
E02001209,0.0,0.0,0.0,0.0,0.0
E02001210,0.13613420847848373,0.13613420847848373,0.13613410189424263,0.0,1.0658424109966091e-07
E02001211,0.31529453717451406,0.31529453717451406,0.3152522139203493,0.0,4.2323254164755575e-05
E02001212,0.0,0.0,0.0,0.0,0.0
E02001213,0.0003756919852718211,0.0003756919852718211,0.00037566933242613,0.0,2.2652845691102392e-08
E02001214,0.03822049796126259,0.03822049796126259,0.0382173477793889,0.0,3.1501818736900944e-06
E02001215,0.7914690344518384,0.7914690344518384,0.7914591912229807,0.0,9.843228857664421e-06
E02001216,0.06332778457206814,0.06332778457206814,0.0633276547397184,0.0,1.2983234974617286e-07
E02001217,0.0892013587700246,0.0892013587700246,0.08920140321260611,0.0,4.444258151770075e-08
E02001218,0.13765847667955844,0.13765847667955844,0.13765855111824613,0.0,7.443868768608475e-08
E02001219,0.1988843219735656,0.1988843219735656,0.19888424413553493,0.0,7.783803065986028e-08
E02001220,0.12226527118140762,0.12226527118140762,0.12226507439824706,0.0,1.9678316055815603e-07
E02001221,0.23564849450928385,0.23564849450928385,0.23072337549602723,0.0,0.004925119013256624
E02001222,0.1638335732595728,0.1638335732595728,0.16366313667137766,0.0,0.00017043658819512753
E02001223,0.4477031268780206,0.4477031268780206,0.44764832628085854,0.0,5.4800597162063536e-05
E02001224,0.7644500786603509,0.7644500786603509,0.7643670408735833,0.0,8.303778676754803e-05
E02001225,0.3722617341107866,0.3722617341107866,0.3722619312008068,0.0,1.970900201930803e-07
E02001226,0.48518340376444397,0.48518340376444397,0.48498986165540586,0.0,0.00019354210903810287
E02001227,0.16539673714895442,0.16539673714895442,0.16539664299771958,0.0,9.415123483624832e-08
E02001228,0.8398669946259242,0.8398669946259242,0.8397079570192248,0.0,0.00015903760669933042
E02001229,0.5306893236256108,0.5306893236256108,0.5306127173210574,0.0,7.66063045534171e-05
E02001230,0.7707774266398882,0.7707774266398882,0.7707622500239135,0.0,1.5176615974721308e-05
E02001231,0.8176358082079608,0.8176358082079608,0.8176336660234319,0.0,2.1421845288749353e-06
E02001232,0.19362965155353254,0.19362965155353254,0.19362932644660175,0.0,3.2510693079301767e-07
E02001233,0.4634857460456998,0.4634857460456998,0.46348643820279434,0.0,6.921570945284117e-07
E02001234,0.0,0.0,0.0,0.0,0.0
E02001235,0.027108216722722983,0.027108216722722983,0.027108068596030266,0.0,1.481266927172431e-07
E02001236,0.07935871046019859,0.07935871046019859,0.0793587432304633,0.0,3.277026471015798e-08
E02001237,0.8988501106704023,0.8988501106704023,0.8988486877573779,0.0,1.422913024407002e-06
E02001238,0.4131657854775986,0.4131657854775986,0.41316556055198966,0.0,2.2492560891596014e-07
E02001239,0.15000039396896184,0.15000039396896184,0.15000028930050854,0.0,1.0466845329348828e-07
E02001240,0.05753064800004943,0.05753064800004943,0.0569115814798373,0.0,0.0006190665202121318
E02001241,0.04906461433630531,0.04906461433630531,0.049064918934848836,0.0,3.045985435268239e-07
E02001242,0.05137275777640385,0.05137275777640385,0.05137271938716821,0.0,3.8389235637592556e-08
E02001243,0.5108139691556763,0.5108139691556763,0.5108138630027028,0.0,1.0615297352245534e-07
E02001244,0.27175930321450154,0.27175930321450154,0.2717587461361153,0.0,5.570783862540729e-07
E02001245,0.09603300269749199,0.09603300269749199,0.09603301199707696,0.0,9.29958497708494e-09
E02001246,0.0,0.0,0.0,0.0,0.0
E02001247,0.0420135353194755,0.0420135353194755,0.042013330484633994,0.0,2.0483484150513043e-07
E02001248,0.10408003910360321,0.10408003910360321,0.10408030846183726,0.0,2.6935823405072057e-07
E02001249,0.0972295196871121,0.0972295196871121,0.0972293101689728,0.0,2.0951813931024965e-07
E02001250,0.4210354881960116,0.4210354881960116,0.4210350859797189,0.0,4.0221629271641746e-07
E02001251,0.8236792004957899,0.8236792004957899,0.8236608513664025,0.0,1.8349129387362773e-05
E02001252,0.0005532403503117232,0.0005532403503117232,0.0005513692550701358,0.0,1.8710952415873722e-06
E02001253,0.4351467801749056,0.4351467801749056,0.43489738197719474,0.0,0.00024939819771085947
E02001254,0.3596162659467527,0.3596162659467527,0.35961525087582846,0.0,1.0150709242595646e-06
E02001255,0.381898346180157,0.381898346180157,0.3818983203755014,0.0,2.5804655578998137e-08
E02001256,0.19376224694584407,0.19376224694584407,0.19376259780961183,0.0,3.5086376776183315e-07
E02001257,0.32390774792900434,0.32390774792900434,0.3234872669414211,0.0,0.00042048098758323826
E02001258,0.7476104482481284,0.7476104482481284,0.7475469953644747,0.0,6.345288365372515e-05
E02001259,0.0,0.0,0.0,0.0,0.0
E02001260,0.0,0.0,0.0,0.0,0.0
E02001261,0.0,0.0,0.0,0.0,0.0
E02001262,0.0,0.0,0.0,0.0,0.0
E02001263,0.0895033499688963,0.0895033499688963,0.08950324671397157,0.0,1.0325492473539644e-07
E02001264,0.0,0.0,0.0,0.0,0.0
E02001265,0.42163805430841933,0.42163805430841933,0.4216378893014862,0.0,1.650069331171622e-07
E02001266,0.47241044759324313,0.47241044759324313,0.47241043997417587,0.0,7.619067265984825e-09
E02001267,0.5312628333274746,0.5312628333274746,0.5312626643559646,0.0,1.6897151000616617e-07
E02001268,0.2782130403074946,0.2782130403074946,0.2782129680823186,0.0,7.222517600657952e-08
E02001269,0.37307606053298653,0.37307606053298653,0.373075912862396,0.0,1.476705905334441e-07
E02001270,0.32947204836389193,0.32947204836389193,0.3294721036954634,0.0,5.533157149129053e-08
E02001271,0.48522072375854597,0.48522072375854597,0.48522105072761196,0.0,3.2696906598905784e-07
E02001272,0.2647417711342756,0.2647417711342756,0.26333868899381924,0.0,0.0014030821404563687
E02001273,0.0,0.0,0.0,0.0,0.0
E02001274,0.0,0.0,0.0,0.0,0.0
E02001275,0.38929838957919427,0.38929838957919427,0.389298237341142,0.0,1.522380522755995e-07
E02001276,0.4219092565959589,0.4219092565959589,0.42034220231931607,0.0,0.001567054276642832
E02001277,0.31777960679716893,0.31777960679716893,0.31778024635899166,0.0,6.395618227239552e-07
E02001278,0.0,0.0,0.0,0.0,0.0
E02001279,0.0,0.0,0.0,0.0,0.0
E02001280,0.10315970865484378,0.10315970865484378,0.10315954260775742,0.0,1.6604708635847842e-07
E02001281,0.3688106467864693,0.3688106467864693,0.36881058758590546,0.0,5.920056384001171e-08
E02001282,0.0023921700334671894,0.0023921700334671894,0.002392031376860706,0.0,1.3865660648338177e-07
E02001283,0.8302754338013361,0.8302754338013361,0.8302754487090888,0.0,1.4907752698967158e-08
E02001284,0.19422322802072053,0.19422322802072053,0.19422321988202876,0.0,8.138691776071738e-09
E02001285,0.3178292368170101,0.3178292368170101,0.31782824503200546,0.0,9.917850046226029e-07
E02001286,0.5138756411482354,0.5138756411482354,0.5137222520515223,0.0,0.00015338909671303025
E02001287,0.6739479487855611,0.6739479487855611,0.6729413513233798,0.0,0.0010065974621812357
E02001288,0.5010654979742833,0.5010654979742833,0.501065630234384,0.0,1.3226010064926186e-07
E02001289,0.7460014754198563,0.7460014754198563,0.7453567332681034,0.0,0.0006447421517529195
E02001290,0.9086801375412535,0.9086801375412535,0.9082730826873783,0.0,0.0004070548538752661
E02001291,0.44379827298966334,0.44379827298966334,0.44379869012129,0.0,4.171316266288194e-07
E02001292,0.2079086730880038,0.2079086730880038,0.20790832144127622,0.0,3.51646727569932e-07
E02001293,0.7374066976898666,0.7374066976898666,0.7369895797764645,0.0,0.00041711791340204307
E02001294,0.0,0.0,0.0,0.0,0.0
E02001295,0.0,0.0,0.0,0.0,0.0
E02001296,0.10325547684542677,0.10325547684542677,0.10325552717782314,0.0,5.033239637575182e-08
E02001297,0.6010884158101135,0.6010884158101135,0.6010889721847813,0.0,5.563746677816894e-07
E02001298,0.2753409597102752,0.2753409597102752,0.27534077068922325,0.0,1.8902105197726726e-07
E02001299,0.5070112374817505,0.5070112374817505,0.5068185016647693,0.0,0.00019273581698120434
E02001300,0.01200949371348024,0.01200949371348024,0.012009517109844802,0.0,2.3396364562736083e-08
E02001301,0.008720232693344612,0.008720232693344612,0.00872016620981895,0.0,6.648352566217264e-08
E02001302,0.009200023137927909,0.009200023137927909,0.009197444891299098,0.0,2.578246628810732e-06
E02001303,0.28519597820540155,0.28519597820540155,0.28468836397672986,0.0,0.0005076142286716823
E02001304,0.7739990622583525,0.7739990622583525,0.7726183988669744,0.0,0.0013806633913781008
E02001305,0.167799892005284,0.167799892005284,0.16659653348454853,0.0,0.0012033585207354702
E02001306,0.4678782629503847,0.4678782629503847,0.467877726541138,0.0,5.364092466875192e-07
E02001307,0.5656219214812552,0.5656219214812552,0.5656220373242558,0.0,1.1584300052547292e-07
E02001308,0.11075382736850867,0.11075382736850867,0.1107537613923844,0.0,6.597612427217125e-08
E02001309,0.5850415441255823,0.5850415441255823,0.5849240974741654,0.0,0.00011744665141688593
E02001310,0.7180885601654726,0.7180885601654726,0.7180886079242498,0.0,4.775877715523791e-08
E02001311,0.5750312190538541,0.5750312190538541,0.5748779027972538,0.0,0.000153316256600311
E02001312,0.6981773203354235,0.6981773203354235,0.6981773308735157,0.0,1.0538092287681877e-08
E02001313,0.20033046382420833,0.20033046382420833,0.20033032454635027,0.0,1.3927785805223358e-07
E02001314,0.37534176817032633,0.37534176817032633,0.37534226937548704,0.0,5.012051607078405e-07
E02001315,0.8622663299162919,0.8622663299162919,0.8617896242267034,0.0,0.0004767056895885746
E02001316,0.00034839899941141255,0.00034839899941141255,0.0003483937210937773,0.0,5.278317635238911e-09
E02001317,0.49995124466540225,0.49995124466540225,0.4999511974809431,0.0,4.718445917317737e-08
E02001318,0.32758044271912484,0.32758044271912484,0.3275805553840533,0.0,1.1266492844219655e-07
E02001319,0.6655170103096677,0.6655170103096677,0.6655173590480631,0.0,3.4873839538374085e-07
E02001320,0.2633638100833969,0.2633638100833969,0.26177988207005654,0.0,0.001583928013340341
E02001321,0.6598179284495541,0.6598179284495541,0.6597574064856851,0.0,6.052196386896469e-05
E02001322,0.0005344882958050629,0.0005344882958050629,0.0005344988137859335,0.0,1.05179808705929e-08
E02001323,0.470328508362746,0.470328508362746,0.4692135747731408,0.0,0.0011149335896051826
E02001324,0.1848599843056585,0.1848599843056585,0.1840260700843896,0.0,0.000833914221268911
E02001325,0.7492221775516493,0.7492221775516493,0.7484456947445838,0.0,0.0007764828070655483
E02001326,0.5554697075187166,0.5554697075187166,0.5542997541387953,0.0,0.001169953379921318
E02001327,0.0030051791553928945,0.0030051791553928945,0.0028083657634677493,0.0,0.00019681339192514523
E02001328,0.07381517279249729,0.07381517279249729,0.07374674962652965,0.0,6.842316596764042e-05
E02001329,0.26320706887514256,0.26320706887514256,0.2632071456324947,0.0,7.67573521409659e-08
E02001330,0.42064102535061093,0.42064102535061093,0.42062327875355615,0.0,1.7746597054779656e-05
E02001331,0.7165882961233278,0.7165882961660799,0.7161386123179225,4.275213516535814e-11,0.000449683805405221
E02001332,0.12847229091063112,0.12847229091063112,0.12847190089289257,0.0,3.900177385496306e-07
E02001333,0.21236926678632634,0.21236926678632634,0.2123697885541647,0.0,5.217678383517832e-07
E02001334,0.0,0.0,0.0,0.0,0.0
E02001335,0.02947094897723392,0.02947094897723392,0.029186706360895164,0.0,0.00028424261633875486
E02001336,0.6308643365737627,0.6308643365737627,0.6308598338691096,0.0,4.502704653130962e-06
E02001337,0.3627005147757974,0.3627005147757974,0.36270002528327444,0.0,4.894925229592673e-07
E02001338,0.0,0.0,0.0,0.0,0.0
E02001339,0.45158851299515873,0.45158851299515873,0.4515885087903833,0.0,4.204775416738471e-09
E02001340,0.02271084778652466,0.02271084778652466,0.022710622810401794,0.0,2.2497612286662139e-07
E02001341,0.05549319508024293,0.05549319508024293,0.055492994711492986,0.0,2.0036874994605602e-07
E02001342,0.49961418136189145,0.49961418136189145,0.4995988591882935,0.0,1.5322173597953626e-05
E02001343,0.9080458747168931,0.9080458747021369,0.9079185745751759,1.475619626489788e-11,0.0001273001417172459
E02001344,0.5914284761292107,0.5914284761292107,0.591330823432703,0.0,9.765269650763297e-05
E02001345,0.0021263767940266536,0.0021263767940266536,0.0021263890089392736,0.0,1.2214912620007318e-08
E02001346,0.025352915211159555,0.025352915211159555,0.025346031248244912,0.0,6.883962914643049e-06
E02001347,0.02062449177606802,0.02062449177606802,0.02062407283621166,0.0,4.1893985636143327e-07
E02001348,7.989159582530401e-09,7.989159582530401e-09,8.051512871731766e-09,0.0,6.235328920136484e-11
E02001349,0.0,0.0,0.0,0.0,0.0
E02001350,0.0008272854286713093,0.0008272854286713093,0.0008272603770128256,0.0,2.505165848365725e-08
E02001351,0.0,0.0,0.0,0.0,0.0
E02001352,0.0,0.0,0.0,0.0,0.0
E02001353,0.3206181728726081,0.3206181728726081,0.3206151323628228,0.0,3.040509785279255e-06
E02001354,0.0,0.0,0.0,0.0,0.0
E02001355,0.0,0.0,0.0,0.0,0.0
E02001356,0.0,0.0,0.0,0.0,0.0
E02001357,0.0,0.0,0.0,0.0,0.0
E02001358,0.0,0.0,0.0,0.0,0.0
E02001359,0.5443652132481219,0.5443652132481219,0.5443291007632755,0.0,3.6112484846473336e-05
E02001360,0.0,0.0,0.0,0.0,0.0
E02001361,0.0,0.0,0.0,0.0,0.0
E02001362,0.0,0.0,0.0,0.0,0.0
E02001363,0.0,0.0,0.0,0.0,0.0
E02001364,0.0,0.0,0.0,0.0,0.0
E02001365,0.0,0.0,0.0,0.0,0.0
E02001366,0.0,0.0,0.0,0.0,0.0
E02001367,0.04381161226840736,0.04381161226840736,0.04381168068507299,0.0,6.841666563145443e-08
E02001368,0.0,0.0,0.0,0.0,0.0
E02001369,0.0,0.0,0.0,0.0,0.0
E02001370,0.0,0.0,0.0,0.0,0.0
E02001371,0.0,0.0,0.0,0.0,0.0
E02001372,0.0,0.0,0.0,0.0,0.0
E02001373,0.0,0.0,0.0,0.0,0.0
E02001374,0.0,0.0,0.0,0.0,0.0
E02001375,0.0,0.0,0.0,0.0,0.0
E02001376,0.0,0.0,0.0,0.0,0.0
E02001377,0.0,0.0,0.0,0.0,0.0
E02001378,0.0,0.0,0.0,0.0,0.0
E02001380,0.0,0.0,0.0,0.0,0.0
E02001381,0.0,0.0,0.0,0.0,0.0
E02001382,0.0001357859924329534,0.0001357859924329534,0.00013577867410496307,0.0,7.318327990325519e-09
E02001383,0.0,0.0,0.0,0.0,0.0
E02001384,0.0,0.0,0.0,0.0,0.0
E02001385,0.0,0.0,0.0,0.0,0.0
E02001386,0.00979846798446206,0.00979846798446206,0.009795260477367023,0.0,3.2075070950376983e-06
E02001387,0.0,0.0,0.0,0.0,0.0
E02001388,0.0,0.0,0.0,0.0,0.0
E02001389,0.0,0.0,0.0,0.0,0.0
E02001390,0.0,0.0,0.0,0.0,0.0
E02001391,0.5529187253992676,0.5529187253992676,0.5526181833941264,0.0,0.00030054200514118
E02001392,0.0,0.0,0.0,0.0,0.0
E02001393,0.0,0.0,0.0,0.0,0.0
E02001394,0.0,0.0,0.0,0.0,0.0
E02001395,0.0,0.0,0.0,0.0,0.0
E02001396,0.0,0.0,0.0,0.0,0.0
E02001397,0.0,0.0,0.0,0.0,0.0
E02001398,0.0,0.0,0.0,0.0,0.0
E02001399,0.0,0.0,0.0,0.0,0.0
E02001400,0.0,0.0,0.0,0.0,0.0
E02001401,0.0,0.0,0.0,0.0,0.0
E02001402,0.0,0.0,0.0,0.0,0.0
E02001403,0.0,0.0,0.0,0.0,0.0
E02001404,0.13266235005539465,0.13266235005539465,0.13266220568057008,0.0,1.4437482456775008e-07
E02001405,0.06880498580881908,0.06880498580881908,0.06817010527742427,0.0,0.0006348805313948075
E02001406,0.9340556289869186,0.9340556289869186,0.9331245344509478,0.0,0.0009310945359708445
E02001407,0.8288159933488771,0.8288159933488771,0.8285564007442034,0.0,0.0002595926046736752
E02001408,0.8905995213660208,0.8905995213660208,0.8905127107659548,0.0,8.681060006598962e-05
E02001409,0.3931855865853006,0.3931855865853006,0.39318571166298627,0.0,1.2507768565317434e-07
E02001410,0.6313412361490776,0.6313412361490776,0.631173180691607,0.0,0.00016805545747056172
E02001411,0.5202882731031325,0.5202882731031325,0.5197238755110464,0.0,0.0005643975920861521
E02001412,0.6590663581915728,0.6590663581915728,0.6590632989736005,0.0,3.059217972278816e-06
E02001413,0.12601955678934476,0.12601955678934476,0.12601931336259545,0.0,2.4342674931343566e-07
E02001414,0.7262816091832586,0.7262816091832586,0.726251020240078,0.0,3.0588943180531736e-05
E02001415,0.47518068155061816,0.47518068155061816,0.47517478310271477,0.0,5.898447903385229e-06
E02001416,0.4108310110100187,0.4108310110100187,0.41083078386459154,0.0,2.2714542713409003e-07
E02001417,0.0,0.0,0.0,0.0,0.0
E02001418,0.2659718448481238,0.2659718448481238,0.2633582056722633,0.0,0.0026136391758604938
E02001419,0.0,0.0,0.0,0.0,0.0
E02001420,0.6843405131862987,0.6843405131862987,0.6826271926321406,0.0,0.001713320554158182
E02001421,0.08100618859995293,0.08100618859995293,0.08100641098776311,0.0,2.2238781018091291e-07
E02001422,0.38249144897054965,0.38249144897054965,0.38025430264617244,0.0,0.002237146324377215
E02001423,0.5992774929132303,0.5992774929132303,0.5992640906459733,0.0,1.3402267256990008e-05
E02001424,0.10264277556396088,0.10264277556396088,0.10264281649604716,0.0,4.0932086275979884e-08
E02001425,0.19036958034118703,0.19036958034118703,0.19036927946840113,0.0,3.0087278590773536e-07
E02001426,0.28911911033696513,0.28911911033696513,0.28911866409546144,0.0,4.4624150369321214e-07
E02001427,0.8701991686973188,0.8701991686973188,0.8692645291984229,0.0,0.0009346394988959394
E02001428,0.7415563112883805,0.7415563112883805,0.7415068161552744,0.0,4.9495133106147726e-05
E02001429,0.4748390414492001,0.4748390414492001,0.4746988532495902,0.0,0.00014018819960986972
E02001430,0.43548774538734,0.43548774538734,0.43536609476511495,0.0,0.00012165062222502243
E02001431,0.026436513701415757,0.026436513701415757,0.02643692521734264,0.0,4.115159268833213e-07
E02001432,0.19895139147664478,0.19895139147664478,0.19895119321946028,0.0,1.982571845027259e-07
E02001433,0.24951683326036847,0.24951683326036847,0.24949339767378703,0.0,2.3435586581438406e-05
E02001434,0.20418609191455156,0.20418609191455156,0.20408744491176375,0.0,9.864700278780503e-05
E02001435,0.0,0.0,0.0,0.0,0.0
E02001436,0.00017784524396792468,0.00017784524396792468,0.00018666804907517496,0.0,8.822805107250282e-06
E02001437,0.4172424836477731,0.4172424836477731,0.4172423652082078,0.0,1.1843956532198163e-07
E02001438,0.014367055291474536,0.014367055291474536,0.014346544095311763,0.0,2.0511196162772624e-05
E02001439,0.32710681018695736,0.32710681018695736,0.3270875591778614,0.0,1.9251009095944127e-05
E02001440,0.6470768428587332,0.6470768428587332,0.6470668258480811,0.0,1.001701065217464e-05
E02001441,0.8382938729963062,0.8382938729963062,0.8381405398288574,0.0,0.00015333316744881031
E02001442,0.13975187809806927,0.13975187809806927,0.13967822644258907,0.0,7.36516554802058e-05
E02001443,0.678778301744623,0.678778301744623,0.6787784561743715,0.0,1.5442974854451563e-07
E02001444,0.9059208105622577,0.9059208105622577,0.905899042593907,0.0,2.1767968350738798e-05
E02001445,0.8172731893775006,0.8172731893775006,0.817137144060081,0.0,0.00013604531741961967
E02001446,0.5369473601067082,0.5369473601067082,0.5368968324057406,0.0,5.052770096758419e-05
E02001447,0.5101588995161211,0.5101588995161211,0.510158507486185,0.0,3.920299361803714e-07
E02001448,0.2595363077356812,0.2595363077356812,0.25952527643510803,0.0,1.1031300573172143e-05
E02001449,0.8627912705945402,0.8627912705945402,0.8627864178217866,0.0,4.85277275363849e-06
E02001450,0.3761154384371664,0.3761154384371664,0.376115518278553,0.0,7.984138661321083e-08
E02001451,0.08758776685186205,0.08758776685186205,0.08758792581839216,0.0,1.5896653010605277e-07
E02001452,0.36497267994997623,0.36497267994997623,0.36497273358393867,0.0,5.3633962437960037e-08
E02001453,0.04244762638293681,0.04244762638293681,0.042447389516646866,0.0,2.3686628994323833e-07
E02001454,0.8901334336591351,0.8901334336591351,0.8898042601984708,0.0,0.0003291734606643004
E02001455,0.21860132888137862,0.21860132888137862,0.21860103523395857,0.0,2.936474200465611e-07
E02001456,0.0,0.0,0.0,0.0,0.0
E02001457,0.0,0.0,0.0,0.0,0.0
E02001458,0.04130698671173268,0.04130698671173268,0.04130673179056418,0.0,2.5492116849379354e-07
E02001459,0.004114950288520129,0.004114950288520129,0.00411539012585077,0.0,4.3983733064110325e-07
E02001460,0.22630785940847414,0.22630785940847414,0.2263077824542239,0.0,7.695425024989433e-08
E02001461,0.0,0.0,0.0,0.0,0.0
E02001462,0.0,0.0,0.0,0.0,0.0
E02001463,0.0,0.0,0.0,0.0,0.0
E02001464,0.0,0.0,0.0,0.0,0.0
E02001465,0.0,0.0,0.0,0.0,0.0
E02001466,0.0,0.0,0.0,0.0,0.0
E02001467,0.0,0.0,0.0,0.0,0.0
E02001468,0.0,0.0,0.0,0.0,0.0
E02001469,0.0684380861141981,0.0684380861141981,0.06843806434208437,0.0,2.1772113736884258e-08
E02001470,0.0,0.0,0.0,0.0,0.0
E02001471,0.0,0.0,0.0,0.0,0.0
E02001472,0.5339370532614702,0.5339370532614702,0.5339399157497078,0.0,2.862488237553862e-06
E02001473,0.0,0.0,0.0,0.0,0.0
E02001474,0.0,0.0,0.0,0.0,0.0
E02001475,0.40893885168915056,0.40893885168915056,0.4089381743659133,0.0,6.773232372747628e-07
E02001476,0.0,0.0,0.0,0.0,0.0
E02001477,0.17159425182748902,0.17159425182748902,0.1715948116760839,0.0,5.598485948721255e-07
E02001478,0.04751323012870124,0.04751323012870124,0.047513610957358926,0.0,3.8082865768535035e-07
E02001479,0.8067742926763649,0.8067742926763649,0.8067742680267295,0.0,2.4649635443907414e-08
E02001480,0.4539097092331087,0.4539097092331087,0.4539089836985399,0.0,7.255345688128578e-07
E02001481,0.0,0.0,0.0,0.0,0.0
E02001482,0.0,0.0,0.0,0.0,0.0
E02001483,0.2542773551552933,0.2542773551552933,0.2542777484633786,0.0,3.933080852669413e-07
E02001484,0.08095204098078915,0.08095204098078915,0.08095160100307489,0.0,4.399777142616301e-07
E02001485,0.17694774333675375,0.17694774333675375,0.17694811709138522,0.0,3.737546314663831e-07
E02001486,0.0,0.0,0.0,0.0,0.0
E02001487,0.0,0.0,0.0,0.0,0.0
E02001488,0.0,0.0,0.0,0.0,0.0
E02001489,0.6539968066836391,0.6539968066836391,0.653996960302354,0.0,1.5361871485986e-07
E02001490,0.18312221781901153,0.18312221781901153,0.18312333884360524,0.0,1.1210245937087748e-06
E02001491,0.3779983561021681,0.3779983561021681,0.3779982673192579,0.0,8.878291019032147e-08
E02001492,0.43323952440210356,0.43323952440210356,0.4332399339830482,0.0,4.095809446602594e-07
E02001493,0.0,0.0,0.0,0.0,0.0
E02001494,0.4880766287725641,0.4880766287725641,0.4880762355237117,0.0,3.932488523705757e-07
E02001495,0.0,0.0,0.0,0.0,0.0
E02001496,0.25479748546855024,0.25479748546855024,0.25479739548351343,0.0,8.998503681079129e-08
E02001497,0.0,0.0,0.0,0.0,0.0
E02001498,0.15667804232644095,0.15667804232644095,0.156678145124729,0.0,1.0279828804860003e-07
E02001499,0.8070672561066359,0.8070672561066359,0.8070673471491404,0.0,9.104250453528806e-08
E02001500,0.8252528487387633,0.8252528487387633,0.8252527441253484,0.0,1.0461341481970976e-07
E02001501,0.7743911897673466,0.7743911897673466,0.7743913776422323,0.0,1.8787488575977562e-07
E02001502,0.0,0.0,0.0,0.0,0.0
E02001503,0.2531280517729745,0.2531280517729745,0.253128432048081,0.0,3.8027510651517105e-07
E02001504,0.9213639444647276,0.9213639444647276,0.9212163331450842,0.0,0.00014761131964335927
E02001505,0.02697541472082797,0.02697541472082797,0.02697510667521102,0.0,3.080456169486656e-07
E02001506,0.6237261066638381,0.6237261066638381,0.6237238598132592,0.0,2.2468505789241533e-06
E02001507,0.17084589211772402,0.17084589211772402,0.17075403575330056,0.0,9.18563644234649e-05
E02001508,0.5330186114287999,0.5330186114287999,0.5334404847957235,0.0,0.00042187336692356414
E02001509,0.5959703543941622,0.5959703543941622,0.5954157659077768,0.0,0.0005545884863854544
E02001510,0.392953752224396,0.392953752224396,0.3928295593940338,0.0,0.00012419283036219086
E02001511,0.7591242238550732,0.7591242238550732,0.7589283885985728,0.0,0.00019583525650035405
E02001512,0.61057716601982,0.61057716601982,0.6102906425702183,0.0,0.0002865234496017832
E02001513,0.7709815128292916,0.7709815128292916,0.7707894511499717,0.0,0.00019206167931995477
E02001514,0.788349661408723,0.788349661408723,0.7881687377979413,0.0,0.0001809236107817025
E02001515,0.15688553480258227,0.15688553480258227,0.15688591097712565,0.0,3.7617454337612877e-07
E02001516,0.6875685287326694,0.6875685287326694,0.6875684588722034,0.0,6.986046596768603e-08
E02001517,0.24697882208694386,0.24697882208694386,0.24697883378377664,0.0,1.1696832780128119e-08
E02001518,0.32303862645215875,0.32303862645215875,0.32303879151640075,0.0,1.6506424199702607e-07
E02001519,0.4915438538326801,0.4915438538326801,0.49154331695581976,0.0,5.368768603575269e-07
E02001520,0.5784922686163394,0.5784922686163394,0.578492467124241,0.0,1.9850790156095144e-07
E02001521,0.27227600336434726,0.27227600336434726,0.27227543909135515,0.0,5.642729921095935e-07
E02001522,0.488741724483525,0.488741724483525,0.4882640350948497,0.0,0.000477689388675262
E02001523,0.46601292213227735,0.46601292213227735,0.46601268421690295,0.0,2.3791537440143173e-07
E02001524,0.9513000949969453,0.9513000949969453,0.950999849104344,0.0,0.0003002458926013585
E02001525,0.2646861721953167,0.2646861721953167,0.26468610272509546,0.0,6.947022124226265e-08
E02001526,0.22731956238352138,0.22731956238352138,0.22731947928804733,0.0,8.309547405715989e-08
E02001527,0.6358966395519497,0.6358966395519497,0.6358965320552329,0.0,1.0749671686127726e-07
E02001528,0.8620491702918534,0.8620491702918534,0.8619815658188156,0.0,6.76044730377745e-05
E02001529,0.770633624112188,0.770633624112188,0.7706332827966691,0.0,3.413155189591066e-07
E02001530,0.5255008520770177,0.5255008520770177,0.5246396181056334,0.0,0.0008612339713842676
E02001531,0.5044968991103377,0.5044968991103377,0.504497012817128,0.0,1.1370679031674769e-07
E02001532,0.7011030305922473,0.7011030305922473,0.701103034249474,0.0,3.657226632647337e-09
E02001533,0.5718336667455655,0.5718336667455655,0.5706517573996004,0.0,0.001181909345965071
E02001534,0.6297613557068231,0.6297613557068231,0.629743743986869,0.0,1.7611719954069294e-05
E02001535,0.7203770910626722,0.7203770910626722,0.7201423897255433,0.0,0.0002347013371288842
E02001536,0.7721810266338626,0.7721810266338626,0.7712574772158071,0.0,0.0009235494180555026
E02001537,0.7347689237305076,0.7347689237305076,0.7342734465883588,0.0,0.0004954771421488147
E02001538,0.3999930651298009,0.3999930651298009,0.39981828476365394,0.0,0.0001747803661469316
E02001539,0.0,0.0,0.0,0.0,0.0
E02001540,0.5683347121601282,0.5683347121601282,0.5682167451693931,0.0,0.00011796699073507444
E02001541,0.0,0.0,0.0,0.0,0.0
E02001542,0.0002624418433546909,0.0002624418433546909,0.0002624425555658579,0.0,7.12211166995283e-10
E02001543,0.5926342939128559,0.5926342939128559,0.5926343319897236,0.0,3.807686765888718e-08
E02001544,0.0,0.0,0.0,0.0,0.0
E02001545,0.0,0.0,0.0,0.0,0.0
E02001546,0.0,0.0,0.0,0.0,0.0
E02001547,0.6290860183746245,0.6290860183746245,0.6290470671953626,0.0,3.89511792618924e-05
E02001548,0.38181544741109974,0.38181544741109974,0.3818155488709998,0.0,1.0145990003707084e-07
E02001549,0.0,0.0,0.0,0.0,0.0
E02001550,0.2681817501841684,0.2681817501841684,0.26818208244058755,0.0,3.3225641915546333e-07
E02001551,0.1886110052170992,0.1886110052170992,0.1886112961055481,0.0,2.9088844891167476e-07
E02001552,0.0,0.0,0.0,0.0,0.0
E02001553,0.0,0.0,0.0,0.0,0.0
E02001554,0.6675986159470941,0.6675986159470941,0.6675988448873811,0.0,2.2894028695041868e-07
E02001555,0.0,0.0,0.0,0.0,0.0
E02001556,0.0,0.0,0.0,0.0,0.0
E02001557,0.0,0.0,0.0,0.0,0.0
E02001558,0.9669104864973372,0.9669104864973372,0.9666383383214607,0.0,0.00027214817587650764
E02001559,0.7564767743179913,0.7564767743179913,0.7564767689730922,0.0,5.344899078885135e-09
E02001560,0.07539032403332951,0.07539032403332951,0.07539069938297968,0.0,3.753496501668341e-07
E02001561,0.09978744604478185,0.09978744604478185,0.09978779226955362,0.0,3.4622477176893263e-07
E02001562,0.0,0.0,0.0,0.0,0.0
E02001563,0.003978477201918348,0.003978477201918348,0.003978481622685263,0.0,4.4207669148629836e-09
E02001564,0.0,0.0,0.0,0.0,0.0
E02001565,0.1216217191182618,0.1216217191182618,0.12162185791545171,0.0,1.3879718990805756e-07
E02001566,0.11132069398987697,0.11132069398987697,0.111320541420987,0.0,1.525688899661759e-07
E02001567,0.08772127179307479,0.08772127179307479,0.08772155935430291,0.0,2.8756122812112483e-07
E02001568,0.49247587588986885,0.49247587588986885,0.4924756413255168,0.0,2.3456435205293502e-07
E02001569,0.1306766555558761,0.1306766555558761,0.13067696514133145,0.0,3.09585455354755e-07
E02001570,0.5875934509155011,0.5875934509155011,0.5870677838664138,0.0,0.0005256670490872972
E02001571,0.947674342850667,0.947674342850667,0.9474475505725666,0.0,0.00022679227810040725
E02001572,0.7535730659311664,0.7535730659311664,0.7535732251640093,0.0,1.5923284291119444e-07
E02001573,0.3629380314395569,0.3629380314395569,0.362937715725778,0.0,3.1571377889783037e-07
E02001574,0.24873839444363993,0.24873839444363993,0.24873857413221823,0.0,1.7968857829453455e-07
E02001575,0.40963599469798906,0.40963599469798906,0.4096362136006776,0.0,2.1890268853130834e-07
E02001576,0.2672438540091533,0.2672438540091533,0.2672439664900178,0.0,1.124808645114328e-07
E02001577,0.9584053355845663,0.9584053355845663,0.9582599774586541,0.0,0.00014535812591220942
E02001578,0.22431822401195486,0.22431822401195486,0.2243180765126148,0.0,1.4749934007518561e-07
E02001579,0.5173247852555272,0.5173247852555272,0.5171428260552943,0.0,0.00018195920023289514
E02001580,0.3016448647294815,0.3016448647294815,0.30163942353991324,0.0,5.4411895682449085e-06
E02001581,0.31166601654802417,0.31166601654802417,0.31140573537293736,0.0,0.00026028117508680726
E02001582,0.6179978966809867,0.6179978966809867,0.6179980701269323,0.0,1.734459456059767e-07
E02001583,0.5828221599517976,0.5828221599517976,0.5827277259314102,0.0,9.443402038744608e-05
E02001584,0.9316418176748194,0.9316418176748194,0.9311085014263929,0.0,0.000533316248426452
E02001585,0.18905055061955367,0.18905055061955367,0.18905092794350292,0.0,3.7732394925216184e-07
E02001586,0.5245276410508953,0.5245276410508953,0.5245278127439013,0.0,1.7169300592367875e-07
E02001587,0.8175746511988142,0.8175746511988142,0.8169705198183391,0.0,0.0006041313804751036
E02001588,0.06104044214757555,0.06104044214757555,0.06104070454285498,0.0,2.6239527942811813e-07
E02001589,0.8357761425523134,0.8357761425523134,0.8335359310869368,0.0,0.0022402114653765626
E02001590,0.11406995047026422,0.11406995047026422,0.11406963744436686,0.0,3.1302589735549e-07
E02001591,0.0,0.0,0.0,0.0,0.0
E02001592,0.6216725937513378,0.6216725937513378,0.6216728621877546,0.0,2.68436416872575e-07
E02001593,0.09160742573341096,0.09160742573341096,0.0916073657061758,0.0,6.002723516862485e-08
E02001594,0.02349514981105483,0.02349514981105483,0.023494976517851603,0.0,1.7329320322820307e-07
E02001595,0.4143696839940346,0.4143696839940346,0.41422470959282637,0.0,0.00014497440120825322
E02001596,0.05025538282015481,0.05025538282015481,0.05025562436288393,0.0,2.4154272911663943e-07
E02001597,0.8819311523045454,0.8819311523045454,0.8813732172097739,0.0,0.0005579350947715334
E02001598,0.5260063727174658,0.5260063727174658,0.5260064722299104,0.0,9.951244461792186e-08
E02001599,0.6448609794345341,0.6448609794345341,0.6448607975622883,0.0,1.8187224581911465e-07
E02001600,0.2386719240002329,0.2386719240002329,0.2386722245631081,0.0,3.005628751995282e-07
E02001601,0.8916103897303669,0.8916103897303669,0.8916101518023922,0.0,2.379279746556051e-07
E02001602,0.09034601206332402,0.09034601206332402,0.09034577002179373,0.0,2.4204153029061537e-07
E02001603,0.8726325750464793,0.8726325750464793,0.8726326250819263,0.0,5.0035447007878986e-08
E02001604,0.5970901410488538,0.5970901410488538,0.5962191084048967,0.0,0.0008710326439571592
E02001605,0.913061288380535,0.913061288380535,0.9130613783481716,0.0,8.996763656288209e-08
E02001606,0.6509771071359205,0.6509771071359205,0.6509767837816725,0.0,3.233542480440832e-07
E02001607,0.69256581197034,0.69256581197034,0.6925656666254325,0.0,1.453449074428903e-07
E02001608,0.7954045985498782,0.7954045985498782,0.7951872749376545,0.0,0.00021732361222370766
E02001609,0.8503185072994691,0.8503185072994691,0.8503185799660002,0.0,7.266653112569799e-08
E02001610,0.9243963356059168,0.9243963356059168,0.9242633153409155,0.0,0.0001330202650012824
E02001611,0.4952987251183178,0.4952987251183178,0.49522026686993575,0.0,7.845824838204063e-05
E02001612,0.7078577659572459,0.7078577659572459,0.7077951882698033,0.0,6.257768744266645e-05
E02001613,0.5200362856357483,0.5200362856357483,0.5175005941981513,0.0,0.0025356914375970208
E02001614,0.44462451516892243,0.44462451516892243,0.44459125565149377,0.0,3.325951742866318e-05
E02001615,0.7408429328228067,0.7408429328228067,0.7390265075071594,0.0,0.0018164253156472965
E02001616,0.1244306641191634,0.1244306641191634,0.1244298454153107,0.0,8.187038526979995e-07
E02001617,0.11349563776144592,0.11349563776144592,0.11349600042821582,0.0,3.626667699069275e-07
E02001618,0.1355796722435832,0.13557967224358314,0.13551892037463922,5.551115123125783e-17,6.075186894397011e-05
E02001619,0.08848394862855358,0.08848394862855358,0.08848441209581091,0.0,4.634672573361476e-07
E02001620,0.024986729683870827,0.024986729683870827,0.024987029734012838,0.0,3.0005014201028857e-07
E02001621,0.05186137313675882,0.05186137313675882,0.05186185111006311,0.0,4.77973304290058e-07
E02001622,0.06623221055948782,0.06623221055948782,0.06623225497026317,0.0,4.441077534889093e-08
E02001623,0.0,0.0,0.0,0.0,0.0
E02001624,0.00011922110847334602,0.00011922110847334602,0.00011919741324709871,0.0,2.3695226247308766e-08
E02001625,0.0,0.0,0.0,0.0,0.0
E02001626,0.02283482020647883,0.02283482020647883,0.022835107754985023,0.0,2.8754850619344685e-07
E02001627,0.12918849844560887,0.12918849844560887,0.12918857899820374,0.0,8.055259487216304e-08
E02001628,0.030265253895267973,0.030265253895267973,0.030260119908505034,0.0,5.133986762939635e-06
E02001629,0.0,0.0,0.0,0.0,0.0
E02001630,0.0,0.0,0.0,0.0,0.0
E02001631,0.2252998047997257,0.2252998047997257,0.22530032483248075,0.0,5.200327550525241e-07
E02001632,0.0,0.0,0.0,0.0,0.0
E02001633,0.5591998020057114,0.5591998020057114,0.5591996724419578,0.0,1.2956375361472539e-07
E02001634,0.11765407815130732,0.11765407815130732,0.11765431334954353,0.0,2.3519823620643532e-07
E02001635,0.5125049048109148,0.5125049048109148,0.5125047358851836,0.0,1.6892573118099108e-07
E02001636,0.0,0.0,0.0,0.0,0.0
E02001637,0.17288804147582548,0.17288804147582548,0.17281192674620588,0.0,7.611472961960297e-05
E02001638,0.0,0.0,0.0,0.0,0.0
E02001639,0.15989224225892706,0.15989224225892706,0.15989302368532562,0.0,7.814263985606029e-07
E02001640,0.0,0.0,0.0,0.0,0.0
E02001642,0.2602482897461648,0.2602482897461648,0.2602476599073316,0.0,6.298388331993365e-07
E02001643,0.5733998875004338,0.5733998875004338,0.5734002110347967,0.0,3.235343628560372e-07
E02001646,0.0,0.0,0.0,0.0,0.0
E02001647,0.4669598676234038,0.4669598676234038,0.4655621926914294,0.0,0.001397674931974402
E02001648,0.05624156922189479,0.05624156922189479,0.05624140017509601,0.0,1.690467987813804e-07
E02001649,0.06969268471666447,0.06969268471666447,0.06968958452940473,0.0,3.1001872597413715e-06
E02001650,0.0,0.0,0.0,0.0,0.0
E02001651,0.18839776480304637,0.18839776480304637,0.1883977000742248,0.0,6.472882158048421e-08
E02001652,0.0,0.0,0.0,0.0,0.0
E02001653,0.0,0.0,0.0,0.0,0.0
E02001654,0.4164675071844932,0.4164675071844932,0.4150396263440605,0.0,0.001427880840432716
E02001655,0.2898052007163618,0.2898052007163618,0.2898048300900278,0.0,3.7062633401196976e-07
E02001656,0.0,0.0,0.0,0.0,0.0
E02001657,0.16555283916343103,0.16555283916343103,0.16555334434408542,0.0,5.0518065439209e-07
E02001658,0.0,0.0,0.0,0.0,0.0
E02001659,0.5354413730356983,0.5354413730356983,0.5354413679516616,0.0,5.0840366361271094e-09
E02001660,0.0,0.0,0.0,0.0,0.0
E02001661,0.0,0.0,0.0,0.0,0.0
E02001662,0.00123578023309148,0.00123578023309148,0.0012357427596836551,0.0,3.7473407824917607e-08
E02001663,0.0,0.0,0.0,0.0,0.0
E02001664,0.0,0.0,0.0,0.0,0.0
E02001665,0.5475862005800175,0.5475862005800175,0.5475864742811163,0.0,2.737010987852173e-07
E02001666,0.3181903657943334,0.3181903657943334,0.3180907998528061,0.0,9.956594152732423e-05
E02001669,0.0,0.0,0.0,0.0,0.0
E02001670,0.022879925187012633,0.022879925187012633,0.02286817206317862,0.0,1.1753123834012252e-05
E02001671,0.11411191836906885,0.11411191836906885,0.11411164789083976,0.0,2.70478229091875e-07
E02001672,0.3565019769769407,0.3565019769769407,0.35411657592810714,0.0,0.0023854010488335575
E02001673,0.23708231780803862,0.23708231780803862,0.23612919872878507,0.0,0.0009531190792535504
E02001674,0.09865074086475885,0.09865074086475885,0.09833426782585808,0.0,0.00031647303890076917
E02001675,0.01842772685535961,0.01842772685535961,0.018103001224064302,0.0,0.0003247256312953091
E02001676,0.4556430241065729,0.4556430241065729,0.4556431662213324,0.0,1.4211475946046548e-07
E02001678,0.5369395789359745,0.5369395789359745,0.5368706150700236,0.0,6.896386595089954e-05
E02001679,0.06335590214220961,0.06335590214220961,0.06295480119553305,0.0,0.00040110094667655805
E02001680,0.12961481836634814,0.12961481836634814,0.12662820793657414,0.0,0.002986610429773995
E02001681,0.2841455201013208,0.2841455201013208,0.2834218502118236,0.0,0.000723669889497236
E02001682,0.7145983388822622,0.7145983388822622,0.6678954830694284,0.0,0.04670285581283384
E02001683,0.8890828098150529,0.8890828098150529,0.8739773241567663,0.0,0.015105485658286621
E02001684,0.10454942928950654,0.10454942928950654,0.10404336838096775,0.0,0.0005060609085387885
E02001685,0.14279343260225716,0.14279343260225716,0.14329386917003262,0.0,0.0005004365677754585
E02001686,0.42702725718033036,0.42702725718033036,0.42848708937692215,0.0,0.0014598321965917926
E02001688,0.018784944288192714,0.018784944288192714,0.01783424728027701,0.0,0.0009506970079157032
E02001689,0.0,0.0,0.0,0.0,0.0
E02001690,0.24532025835429738,0.24532025835429738,0.2448408363770199,0.0,0.0004794219772774888
E02001691,0.0,0.0,0.0,0.0,0.0
E02001692,0.0,0.0,0.0,0.0,0.0
E02001693,0.0,0.0,0.0,0.0,0.0
E02001694,0.38755463473312274,0.38755463473312274,0.2647384213375387,0.0,0.12281621339558402
E02001695,0.5343149363799243,0.5343149363799243,0.4337239741532992,0.0,0.10059096222662511
E02001696,0.0,0.0,0.0,0.0,0.0
E02001697,0.0,0.0,0.0,0.0,0.0
E02001698,0.0031012956566052415,0.0031012956566052415,0.0024805311910280543,0.0,0.0006207644655771873
E02001699,0.06286661206078331,0.06286661206078331,0.06219199892811581,0.0,0.0006746131326674995
E02001700,0.857429664529749,0.857429664529749,0.8508698328540946,0.0,0.006559831675654437
E02001701,0.002339364620258826,0.002339364620258826,0.0007334577102935144,0.0,0.0016059069099653117
E02001702,0.1441380008033832,0.1441380008033832,0.1421220738118498,0.0,0.002015926991533412
E02001703,0.8552809573142467,0.8552809573142467,0.854676531704623,0.0,0.0006044256096237044
E02001704,0.0017407547917445074,0.0017407547917445074,0.0010231245359821348,0.0,0.0007176302557623726
E02001705,0.9089178453353448,0.9089178453353448,0.8976713523057893,0.0,0.011246493029555493
E02001706,0.8807089371245276,0.8807089371245276,0.8780128515912733,0.0,0.002696085533254289
E02001707,0.003615253836848868,0.003615253836848868,0.004076862118777167,0.0,0.0004616082819282985
E02001708,0.7642844897847033,0.7642844897847033,0.745012230273963,0.0,0.019272259510740297
E02001709,0.6764184324874037,0.6764184324874037,0.6803243820286098,0.0,0.003905949541206044
E02001710,0.019467974452181784,0.019467974452181784,0.020569526397122378,0.0,0.0011015519449405937
E02001711,0.7748883099136304,0.7748883099136304,0.6264968517195746,0.0,0.14839145819405586
E02001712,0.04294246837938717,0.04294246837938717,0.04295389429116565,0.0,1.1425911778474573e-05
E02001713,0.0,0.0,0.0,0.0,0.0
E02001714,0.0,0.0,0.0,0.0,0.0
E02001715,0.0,0.0,0.0,0.0,0.0
E02001718,0.0,0.0,0.0,0.0,0.0
E02001719,0.0,0.0,0.0,0.0,0.0
E02001720,0.0,0.0,0.0,0.0,0.0
E02001721,0.7107381075346518,0.7107381075346518,0.6259025608793406,0.0,0.08483554665531123
E02001722,0.011482703103509196,0.011482703103509196,0.01143889832877676,0.0,4.380477473243591e-05
E02001723,0.0,0.0,0.0,0.0,0.0
E02001724,0.0,0.0,0.0,0.0,0.0
E02001725,0.0,0.0,0.0,0.0,0.0
E02001726,0.0,0.0,0.0,0.0,0.0
E02001727,0.0,0.0,0.0,0.0,0.0
E02001728,0.07674019490468562,0.07674019490468562,0.07673374436030732,0.0,6.450544378297507e-06
E02001729,0.0,0.0,0.0,0.0,0.0
E02001730,0.0,0.0,0.0,0.0,0.0
E02001731,0.0,0.0,0.0,0.0,0.0
E02001732,0.0,0.0,0.0,0.0,0.0
E02001733,0.0,0.0,0.0,0.0,0.0
E02001734,0.0,0.0,0.0,0.0,0.0
E02001735,0.0,0.0,0.0,0.0,0.0
E02001736,0.0,0.0,0.0,0.0,0.0
E02001737,0.0,0.0,0.0,0.0,0.0
E02001738,0.6906036379060561,0.6906036379060561,0.690164115303782,0.0,0.00043952260227408946
E02001739,0.4657839519430135,0.4657839519430135,0.4656133874335983,0.0,0.00017056450941516088
E02001740,0.0,0.0,0.0,0.0,0.0
E02001741,0.6256071013122225,0.6256071013122225,0.6252556258349574,0.0,0.0003514754772651063
E02001742,0.0,0.0,0.0,0.0,0.0
E02001743,0.0,0.0,0.0,0.0,0.0
E02001744,0.6826354794098421,0.6826354794098421,0.6823798018893177,0.0,0.00025567752052446657
E02001745,0.1811255885606815,0.1811255885606815,0.18112581035361158,0.0,2.2179293007740242e-07
E02001746,0.0,0.0,0.0,0.0,0.0
E02001747,0.0,0.0,0.0,0.0,0.0
E02001748,0.0006043506567684123,0.0006043506567684123,0.0006043179832319815,0.0,3.267353643080038e-08
E02001749,0.0,0.0,0.0,0.0,0.0
E02001750,0.0,0.0,0.0,0.0,0.0
E02001751,0.0005254422355343367,0.0005254422355343367,0.0005251880057070192,0.0,2.542298273175382e-07
E02001752,0.0,0.0,0.0,0.0,0.0
E02001753,0.0,0.0,0.0,0.0,0.0
E02001754,0.0,0.0,0.0,0.0,0.0
E02001755,0.0,0.0,0.0,0.0,0.0
E02001756,0.0016452746151657946,0.0016452746151657946,0.0016425288980112488,0.0,2.745717154545779e-06
E02001757,0.0,0.0,0.0,0.0,0.0
E02001758,0.0,0.0,0.0,0.0,0.0
E02001759,0.0,0.0,0.0,0.0,0.0
E02001760,0.0,0.0,0.0,0.0,0.0
E02001761,0.0,0.0,0.0,0.0,0.0
E02001762,0.0,0.0,0.0,0.0,0.0
E02001763,0.0,0.0,0.0,0.0,0.0
E02001764,0.0,0.0,0.0,0.0,0.0
E02001765,0.0,0.0,0.0,0.0,0.0
E02001766,0.0,0.0,0.0,0.0,0.0
E02001767,0.0,0.0,0.0,0.0,0.0
E02001768,0.0,0.0,0.0,0.0,0.0
E02001769,0.0,0.0,0.0,0.0,0.0
E02001770,0.0,0.0,0.0,0.0,0.0
E02001771,0.0,0.0,0.0,0.0,0.0
E02001772,0.0,0.0,0.0,0.0,0.0
E02001773,0.0,0.0,0.0,0.0,0.0
E02001774,0.0,0.0,0.0,0.0,0.0
E02001775,0.0,0.0,0.0,0.0,0.0
E02001776,0.0,0.0,0.0,0.0,0.0
E02001777,0.0,0.0,0.0,0.0,0.0
E02001778,0.0,0.0,0.0,0.0,0.0
E02001779,0.0,0.0,0.0,0.0,0.0
E02001780,0.0404251390812845,0.0404251390812845,0.04042010270130104,0.0,5.036379983461292e-06
E02001781,0.0,0.0,0.0,0.0,0.0
E02001782,0.06006015214468607,0.06006015214468607,0.059896564830873036,0.0,0.00016358731381303088
E02001783,0.15461680097204816,0.15461680097204816,0.15460743207467603,0.0,9.368897372130647e-06
E02001784,0.0,0.0,0.0,0.0,0.0
E02001785,0.7496193944037973,0.7496193944037973,0.7496193624099904,0.0,3.199380693708065e-08
E02001786,0.0522088673761888,0.0522088673761888,0.05220721594514855,0.0,1.6514310402504506e-06
E02001787,0.8249099885727617,0.8249099885727617,0.824531017200438,0.0,0.0003789713723236776
E02001788,0.308819775979496,0.308819775979496,0.30882133011513746,0.0,1.5541356414572327e-06
E02001789,0.7379353092365453,0.7379353092365453,0.7380014490827816,0.0,6.613984623637936e-05
E02001790,0.7808415501422477,0.7808415501422477,0.7807756926849415,0.0,6.58574573061399e-05
E02001791,0.3882431244973429,0.3882431244973429,0.3881385673083013,0.0,0.0001045571890415653
E02001792,0.00040478918384763635,0.00040478918384763635,0.0004041820506013253,0.0,6.071332463110281e-07
E02001793,0.21777980810587028,0.21777980810587028,0.21558279098806687,0.0,0.0021970171178034015
E02001794,0.2521895325916572,0.2521895325916572,0.25218914772768897,0.0,3.848639682502153e-07
E02001795,0.0,0.0,0.0,0.0,0.0
E02001796,0.0,0.0,0.0,0.0,0.0
E02001797,0.5029677429218081,0.5029677428620538,0.5022470012114622,5.975431260907271e-11,0.0007207417103459735
E02001798,0.12205813743286323,0.12205813743286323,0.12205788507806972,0.0,2.523547935062709e-07
E02001799,0.0,0.0,0.0,0.0,0.0
E02001800,0.3086483601434465,0.3086483601434465,0.3080243888915527,0.0,0.0006239712518937846
E02001801,0.0,0.0,0.0,0.0,0.0
E02001802,0.0,0.0,0.0,0.0,0.0
E02001803,0.0,0.0,0.0,0.0,0.0
E02001804,0.08837632344020391,0.08837632344020391,0.08837688792724216,0.0,5.644870382515155e-07
E02001805,0.0,0.0,0.0,0.0,0.0
E02001806,0.0,0.0,0.0,0.0,0.0
E02001807,0.27317598005585325,0.27317598005585325,0.27317552636517645,0.0,4.536906768048965e-07
E02001808,0.0,0.0,0.0,0.0,0.0
E02001809,0.0,0.0,0.0,0.0,0.0
E02001810,0.0,0.0,0.0,0.0,0.0
E02001811,0.08535653533333719,0.08535653533333719,0.08535666779496742,0.0,1.3246163023394875e-07
E02001812,0.0,0.0,0.0,0.0,0.0
E02001813,0.0008383415413889059,0.0008383415413889059,0.0008372031590717137,0.0,1.1383823171921478e-06
E02001814,0.0,0.0,0.0,0.0,0.0
E02001815,0.1921106390243279,0.1921106390243279,0.1920790883973999,0.0,3.155062692800081e-05
E02001816,0.0,0.0,0.0,0.0,0.0
E02001817,0.0,0.0,0.0,0.0,0.0
E02001818,0.0878393389719806,0.0878393389719806,0.0877639408667668,0.0,7.53981052138003e-05
E02001819,0.2553148982112582,0.2553148982112582,0.2553152027791902,0.0,3.0456793198574417e-07
E02001820,0.15833191506984268,0.15833191506984268,0.15830627311470793,0.0,2.564195513474199e-05
E02001821,0.57593232063124,0.57593232063124,0.575769368654978,0.0,0.00016295197626203795
E02001822,0.8584303547556791,0.8584303547556791,0.8584303851602038,0.0,3.040452467573118e-08
E02001823,0.00044680119433742065,0.00044680119433742065,0.0004467641087797158,0.0,3.708555770484158e-08
E02001824,0.012078189558875872,0.012078189558875872,0.012078223957020484,0.0,3.439814461221602e-08
E02001825,0.11494005514840683,0.11494005514840683,0.11494010066196787,0.0,4.5513561044985273e-08
E02001826,0.0,0.0,0.0,0.0,0.0
E02001827,0.34090876807228443,0.34090876807228443,0.3407607805963615,0.0,0.00014798747592292827
E02001828,0.3653837316566389,0.3653837316566389,0.3653478540831722,0.0,3.5877573466680523e-05
E02001829,0.6155758662559495,0.6155758662559495,0.6152600919750455,0.0,0.00031577428090401316
E02001830,0.6914551451527315,0.6914551451527315,0.691455193704513,0.0,4.855178148410744e-08
E02001831,0.1910270525795875,0.1910270525795875,0.19102707242791325,0.0,1.9848325760740693e-08
E02001832,0.3195578244319445,0.3195578244319445,0.3195579455365533,0.0,1.2110460878567153e-07
E02001833,0.0006776968538132897,0.0006776968538132897,0.0006776968538132897,0.0,0.0
E02001834,1.3030646848146028e-07,1.3030646848146028e-07,1.319614768620822e-07,0.0,1.6550083806219044e-09
E02001835,0.0867163294128588,0.0867163294128588,0.08671647589390018,0.0,1.464810413798201e-07
E02001836,0.00018562196678481693,0.00018562196678481693,0.0001856479842837927,0.0,2.6017498975768397e-08
E02001837,0.0,0.0,0.0,0.0,0.0
E02001838,0.8388213914084877,0.8388213914084877,0.8388175862002283,0.0,3.8052082593775793e-06
E02001839,0.0,0.0,0.0,0.0,0.0
E02001840,0.0,0.0,0.0,0.0,0.0
E02001841,0.27385958021309054,0.27385958021309054,0.27385901175265837,0.0,5.684604321709585e-07
E02001842,0.0,0.0,0.0,0.0,0.0
E02001843,0.0,0.0,0.0,0.0,0.0
E02001844,0.0,0.0,0.0,0.0,0.0
E02001845,0.0,0.0,0.0,0.0,0.0
E02001846,0.0,0.0,0.0,0.0,0.0
E02001847,0.6065767553332009,0.6065767553332009,0.6065747878716046,0.0,1.9674615963083397e-06
E02001848,0.0,0.0,0.0,0.0,0.0
E02001849,0.0,0.0,0.0,0.0,0.0
E02001850,0.2717099268080633,0.2717099268080633,0.2717099257603559,0.0,1.0477073653092361e-09
E02001851,0.18511205546582718,0.18511205546582718,0.18511200792315113,0.0,4.754267604600848e-08
E02001852,0.0,0.0,0.0,0.0,0.0
E02001854,0.0,0.0,0.0,0.0,0.0
E02001855,0.0003208624582685089,0.0003208624582685089,0.00032076850975791804,0.0,9.394851059087161e-08
E02001856,0.0,0.0,0.0,0.0,0.0
E02001857,0.0,0.0,0.0,0.0,0.0
E02001858,0.0,0.0,0.0,0.0,0.0
E02001859,0.0,0.0,0.0,0.0,0.0
E02001860,0.1708032365530942,0.1708032365530942,0.17080368691526948,0.0,4.5036217527494316e-07
E02001861,0.0,0.0,0.0,0.0,0.0
E02001862,0.2921320598901475,0.2921320598901475,0.29213219616046215,0.0,1.3627031464347183e-07
E02001863,0.0,0.0,0.0,0.0,0.0
E02001864,0.0,0.0,0.0,0.0,0.0
E02001865,0.0,0.0,0.0,0.0,0.0
E02001866,0.0,0.0,0.0,0.0,0.0
E02001867,0.0,0.0,0.0,0.0,0.0
E02001868,0.1069919434590801,0.1069919434590801,0.1069915051906835,0.0,4.382683966019929e-07
E02001869,0.0,0.0,0.0,0.0,0.0
E02001870,0.0,0.0,0.0,0.0,0.0
E02001871,0.2027005498317634,0.2027005498317634,0.20270062572904676,0.0,7.589728337475954e-08
E02001872,0.2284394209057298,0.2284394209057298,0.22843925362856224,0.0,1.6727716756204103e-07
E02001873,0.0,0.0,0.0,0.0,0.0
E02001874,0.0,0.0,0.0,0.0,0.0
E02001875,0.0,0.0,0.0,0.0,0.0
E02001876,0.0,0.0,0.0,0.0,0.0
E02001877,0.0,0.0,0.0,0.0,0.0
E02001878,0.0,0.0,0.0,0.0,0.0
E02001879,0.0,0.0,0.0,0.0,0.0
E02001880,0.009201741018042804,0.009201741018042804,0.009201828211892716,0.0,8.719384991112689e-08
E02001881,0.0,0.0,0.0,0.0,0.0
E02001882,0.03247784961684396,0.03247784961684396,0.032478102014650914,0.0,2.5239780695324177e-07
E02001883,0.1825217774730468,0.1825217774730468,0.1825210808480105,0.0,6.966250362949733e-07
E02001884,0.0,0.0,0.0,0.0,0.0
E02001886,0.0,0.0,0.0,0.0,0.0
E02001888,0.0,0.0,0.0,0.0,0.0
E02001889,0.0,0.0,0.0,0.0,0.0
E02001890,0.0,0.0,0.0,0.0,0.0
E02001892,0.0,0.0,0.0,0.0,0.0
E02001893,0.0,0.0,0.0,0.0,0.0
E02001895,0.09160178057818351,0.09160178057818351,0.09160139962707499,0.0,3.8095110851954495e-07
E02001896,0.0,0.0,0.0,0.0,0.0
E02001897,0.0,0.0,0.0,0.0,0.0
E02001898,0.0,0.0,0.0,0.0,0.0
E02001899,0.0,0.0,0.0,0.0,0.0
E02001900,0.0,0.0,0.0,0.0,0.0
E02001901,0.0,0.0,0.0,0.0,0.0
E02001902,0.0,0.0,0.0,0.0,0.0
E02001903,0.0,0.0,0.0,0.0,0.0
E02001904,0.0,0.0,0.0,0.0,0.0
E02001905,0.0,0.0,0.0,0.0,0.0
E02001906,0.0002552954744641259,0.0002552954744641259,0.0002552703632518335,0.0,2.511121229242753e-08
E02001907,0.32950930399808254,0.32950930399808254,0.3295089528915904,0.0,3.5110649215797096e-07
E02001908,0.0,0.0,0.0,0.0,0.0
E02001909,0.0,0.0,0.0,0.0,0.0
E02001910,0.0,0.0,0.0,0.0,0.0
E02001911,0.1324136931906449,0.1324136931906449,0.13241368581052343,0.0,7.3801214584001684e-09
E02001913,0.0,0.0,0.0,0.0,0.0
E02001914,0.0,0.0,0.0,0.0,0.0
E02001915,0.0,0.0,0.0,0.0,0.0
E02001916,0.0,0.0,0.0,0.0,0.0
E02001918,0.0,0.0,0.0,0.0,0.0
E02001919,0.0,0.0,0.0,0.0,0.0
E02001920,0.46087848670616555,0.46087848670616555,0.4608783228551742,0.0,1.6385099133042758e-07
E02001921,0.07441931255684774,0.07441931255684774,0.07441957579565445,0.0,2.6323880671086375e-07
E02001922,0.0,0.0,0.0,0.0,0.0
E02001923,0.0,0.0,0.0,0.0,0.0
E02001924,0.0,0.0,0.0,0.0,0.0
E02001925,0.0,0.0,0.0,0.0,0.0
E02001926,0.0,0.0,0.0,0.0,0.0
E02001927,0.0,0.0,0.0,0.0,0.0
E02001928,0.21362459048755453,0.21362459048755453,0.21360204472107888,0.0,2.2545766475645657e-05
E02001929,0.0,0.0,0.0,0.0,0.0
E02001930,0.0,0.0,0.0,0.0,0.0
E02001931,0.0,0.0,0.0,0.0,0.0
E02001932,0.5180131116065574,0.5180131116065574,0.5180034793671258,0.0,9.632239431622835e-06
E02001933,0.0,0.0,0.0,0.0,0.0
E02001934,0.0,0.0,0.0,0.0,0.0
E02001935,0.0,0.0,0.0,0.0,0.0
E02001936,0.0,0.0,0.0,0.0,0.0
E02001937,0.0,0.0,0.0,0.0,0.0
E02001938,0.0,0.0,0.0,0.0,0.0
E02001939,0.0,0.0,0.0,0.0,0.0
E02001941,0.0,0.0,0.0,0.0,0.0
E02001942,0.0,0.0,0.0,0.0,0.0
E02001943,0.0,0.0,0.0,0.0,0.0
E02001944,0.0,0.0,0.0,0.0,0.0
E02001945,0.0014185349074238524,0.0014185349074238524,0.0014186255338036818,0.0,9.062637982941435e-08
E02001946,0.0,0.0,0.0,0.0,0.0
E02001947,0.0021926122199690144,0.0021926122199690144,0.0021925522657840328,0.0,5.995418498163166e-08
E02001948,0.001324584277140374,0.001324584277140374,0.0013245292060387575,0.0,5.507110161645512e-08
E02001949,0.02426118743070099,0.02426118743070099,0.024260875306991003,0.0,3.1212370998554007e-07
E02001950,0.0,0.0,0.0,0.0,0.0
E02001951,0.0039120156885225545,0.0039120156885225545,0.003912083680611541,0.0,6.799208898677911e-08
E02001952,0.0,0.0,0.0,0.0,0.0
E02001953,0.030248173864787654,0.030248172546048547,0.030248006293672795,1.3187391074975796e-09,1.675711148590997e-07
E02001954,0.2268609561289993,0.2268609561289993,0.2268264645363135,0.0,3.44915926858147e-05
E02001955,0.003924709508142232,0.003924709508142232,0.00392475877958175,0.0,4.9271439518661087e-08
E02001956,0.03850886784418805,0.03850886784418805,0.0385084751483298,0.0,3.9269585824786013e-07
E02001957,0.005206714452247542,0.005206714452247542,0.005206647660446732,0.0,6.679180080976926e-08
E02001958,0.18290492739284747,0.18290492739284747,0.18282200064488674,0.0,8.292674796073207e-05
E02001959,0.6376964745870122,0.6376964745870122,0.6376950860077728,0.0,1.3885792393697471e-06
E02001961,0.14194044548239027,0.14194044548239027,0.14193958724739725,0.0,8.582349930175148e-07
E02001962,0.0,0.0,0.0,0.0,0.0
E02001963,0.22038908448026118,0.22038908448026118,0.2203900395037503,0.0,9.550234891242404e-07
E02001964,0.3629457992242566,0.3629457992242566,0.36293887334657826,0.0,6.925877678365389e-06
E02001965,0.0007671318945753828,0.0007671318945753828,0.0007671202591269179,0.0,1.1635448464962506e-08
E02001966,0.0,0.0,0.0,0.0,0.0
E02001967,0.8989876494607972,0.8989876494607972,0.8988571285575396,0.0,0.00013052090325760268
E02001968,0.0,0.0,0.0,0.0,0.0
E02001969,0.0,0.0,0.0,0.0,0.0
E02001970,0.4288172646446086,0.4288172646446086,0.42881721321516636,0.0,5.1429442260442215e-08
E02001971,0.0,0.0,0.0,0.0,0.0
E02001972,0.0,0.0,0.0,0.0,0.0
E02001973,0.0028822323824211327,0.0028822323824211327,0.0028821209182886185,0.0,1.1146413251422738e-07
E02001974,0.1546017798116364,0.1546017798116364,0.15460245254190647,0.0,6.727302700737514e-07
E02001975,0.05311844079569575,0.05311844079569575,0.053118659916734014,0.0,2.1912103826543516e-07
E02001976,0.2799756516309549,0.2799756516309549,0.2799256425322751,0.0,5.0009098679804076e-05
E02001977,0.0,0.0,0.0,0.0,0.0
E02001978,0.0,0.0,0.0,0.0,0.0
E02001979,0.3123619474529812,0.3123619474529812,0.31236247213601087,0.0,5.246830296901095e-07
E02001980,0.11097606371049872,0.11097606371049872,0.11097622382195625,0.0,1.6011145753669354e-07
E02001981,0.0,0.0,0.0,0.0,0.0
E02001982,0.21015774312932617,0.21015774312932617,0.21012030498679504,0.0,3.743814253112654e-05
E02001983,0.0,0.0,0.0,0.0,0.0
E02001984,0.0003639476310598551,0.0003639476310598551,0.00036391740814570306,0.0,3.0222914152019595e-08
E02001985,0.17156229713854204,0.17156229713854204,0.17156232021054052,0.0,2.3071998478396694e-08
E02001986,0.23001040730514524,0.23001040730514524,0.23001066585839713,0.0,2.585532518917244e-07
E02001987,0.0,0.0,0.0,0.0,0.0
E02001988,0.07498769143791752,0.07498769143791752,0.07498757220052081,0.0,1.192373967062732e-07
E02001989,0.0,0.0,0.0,0.0,0.0
E02001990,0.10183811052915001,0.10183811052915001,0.10183456733782045,0.0,3.5431913295580486e-06
E02001991,0.3480424375390927,0.3480424375390927,0.34804238301102075,0.0,5.4528071946613466e-08
E02001992,0.2210878729889499,0.2210878729889499,0.22108776928763083,0.0,1.0370131908743474e-07
E02001993,0.2933119998104085,0.2933119998104085,0.2932527734739899,0.0,5.922633641858299e-05
E02001994,0.05015175108335833,0.05015175108335833,0.050151642549913285,0.0,1.0853344504374585e-07
E02001995,0.38574171863354684,0.38574171863354684,0.38571268463511527,0.0,2.9033998431571284e-05
E02001996,0.10426139023813884,0.10426139023813884,0.10424735872062155,0.0,1.4031517517290593e-05
E02001997,0.0781178369422667,0.0781178369422667,0.07810220363354492,0.0,1.5633308721785255e-05
E02001998,0.13108480123872768,0.13108480123872768,0.13097220697650155,0.0,0.00011259426222612334
E02001999,0.2582168131957256,0.2582168131957256,0.25805802616175616,0.0,0.00015878703396943195
E02002000,0.0,0.0,0.0,0.0,0.0
E02002001,0.3312316257416038,0.3312316257416038,0.3312149271900329,0.0,1.6698551570881737e-05
E02002002,0.32911277631338864,0.32911277631338864,0.3288301098739965,0.0,0.00028266643939212077
E02002003,0.044448694173361614,0.044448694173361614,0.04444890968653438,0.0,2.1551317276602422e-07
E02002004,0.08546531913685447,0.08546531913685447,0.08546531240323862,0.0,6.733615845466723e-09
E02002005,0.0,0.0,0.0,0.0,0.0
E02002006,0.055296537313034085,0.055296537313034085,0.05529702584797159,0.0,4.885349375038928e-07
E02002007,0.33836644539331423,0.33836644539331423,0.33798132446217577,0.0,0.0003851209311384607
E02002008,0.20605849588613986,0.20605849588613986,0.20605822270474042,0.0,2.7318139944609854e-07
E02002009,0.0,0.0,0.0,0.0,0.0
E02002010,0.0,0.0,0.0,0.0,0.0
E02002011,0.12673012926665864,0.12673012926665864,0.12643139916205146,0.0,0.0002987301046071811
E02002012,0.2716993122192321,0.2716993122192321,0.2716998248687727,0.0,5.126495405960441e-07
E02002013,0.23594781571074874,0.23594781571074874,0.23569239540865627,0.0,0.00025542030209246835
E02002014,0.0,0.0,0.0,0.0,0.0
E02002015,0.17022977353199878,0.17022977353199878,0.1702294475393594,0.0,3.2599263938282164e-07
E02002016,0.226485389958541,0.226485389958541,0.22648544332339174,0.0,5.3364850732817715e-08
E02002017,0.0,0.0,0.0,0.0,0.0
E02002018,0.044221545764375834,0.044221545764375834,0.044219585665639924,0.0,1.960098735910576e-06
E02002019,0.0,0.0,0.0,0.0,0.0
E02002020,0.1945202220866522,0.1945202220866522,0.19452016189821442,0.0,6.018843778932137e-08
E02002021,0.0007818798714605126,0.0007818798714605126,0.0007819613685403075,0.0,8.149707979494304e-08
E02002022,3.445154212269735e-05,3.445154212269735e-05,3.446219174908968e-05,0.0,1.0649626392326788e-08
E02002023,0.09988125812018826,0.09988125812018826,0.09969345793162794,0.0,0.000187800188560322
E02002024,0.0,0.0,0.0,0.0,0.0
E02002025,0.18436076636027957,0.18436076636027957,0.18436044116024627,0.0,3.2520003329095104e-07
E02002026,0.0,0.0,0.0,0.0,0.0
E02002027,0.0,0.0,0.0,0.0,0.0
E02002028,0.038563177021523176,0.038563177021523176,0.037731095850537015,0.0,0.0008320811709861611
E02002029,0.1501609991052039,0.1501609991052039,0.1501612740795728,0.0,2.7497436891343874e-07
E02002030,0.0,0.0,0.0,0.0,0.0
E02002031,0.023031693366806414,0.023031693366806414,0.02303137507685446,0.0,3.182899519539595e-07
E02002032,0.2632002402851163,0.2632002402851163,0.2632001835264301,0.0,5.675868619547941e-08
E02002033,0.0,0.0,0.0,0.0,0.0
E02002034,0.0,0.0,0.0,0.0,0.0
E02002035,0.6575886797764724,0.6575886797764724,0.6569286701552326,0.0,0.0006600096212397988
E02002036,0.21015485729869984,0.21015485729869984,0.20996326927542702,0.0,0.00019158802327282065
E02002037,0.11214005965875802,0.11214005965875802,0.1108560058705135,0.0,0.0012840537882445185
E02002038,0.051046249209368275,0.051046249209368275,0.050952630841340954,0.0,9.36183680273206e-05
E02002039,0.0,0.0,0.0,0.0,0.0
E02002040,0.5454036722718959,0.5454036722718959,0.5448845625829454,0.0,0.0005191096889505253
E02002041,0.4037510217904398,0.4037510217904398,0.4016610056940344,0.0,0.0020900160964054115
E02002042,0.5963778252897967,0.5963778252897967,0.5953426211939067,0.0,0.0010352040958899744
E02002043,0.0,0.0,0.0,0.0,0.0
E02002044,0.34242952536425825,0.34242952536425825,0.3424160663669034,0.0,1.3458997354831581e-05
E02002045,0.012994808311954697,0.012994808311954697,0.012990170614917472,0.0,4.637697037224858e-06
E02002046,0.0,0.0,0.0,0.0,0.0
E02002047,0.0,0.0,0.0,0.0,0.0
E02002048,0.49072184504875527,0.49072184504875527,0.490691242817061,0.0,3.060223169426557e-05
E02002049,0.0,0.0,0.0,0.0,0.0
E02002051,0.0,0.0,0.0,0.0,0.0
E02002052,0.0,0.0,0.0,0.0,0.0
E02002053,0.021095283650691257,0.021095283650691257,0.02109525922257315,0.0,2.4428118108182906e-08
E02002054,0.4391030820977008,0.4391030820977008,0.4391006947323165,0.0,2.3873653843264897e-06
E02002055,0.0,0.0,0.0,0.0,0.0
E02002056,0.0,0.0,0.0,0.0,0.0
E02002057,0.0,0.0,0.0,0.0,0.0
E02002058,0.0,0.0,0.0,0.0,0.0
E02002059,0.5010566098455412,0.5010566098455412,0.5010562518816153,0.0,3.579639259454481e-07
E02002060,0.0,0.0,0.0,0.0,0.0
E02002061,0.0,0.0,0.0,0.0,0.0
E02002062,0.3642800578569856,0.3642800578569856,0.36427995084477965,0.0,1.0701220592990168e-07
E02002063,0.0,0.0,0.0,0.0,0.0
E02002064,0.0,0.0,0.0,0.0,0.0
E02002065,0.0,0.0,0.0,0.0,0.0
E02002066,0.0,0.0,0.0,0.0,0.0
E02002067,0.0,0.0,0.0,0.0,0.0
E02002068,0.0,0.0,0.0,0.0,0.0
E02002069,0.0,0.0,0.0,0.0,0.0
E02002070,0.0,0.0,0.0,0.0,0.0
E02002071,0.0,0.0,0.0,0.0,0.0
E02002072,0.0,0.0,0.0,0.0,0.0
E02002073,0.0,0.0,0.0,0.0,0.0
E02002074,0.0,0.0,0.0,0.0,0.0
E02002075,0.0,0.0,0.0,0.0,0.0
E02002076,0.0,0.0,0.0,0.0,0.0
E02002077,0.0,0.0,0.0,0.0,0.0
E02002078,0.0,0.0,0.0,0.0,0.0
E02002079,0.0,0.0,0.0,0.0,0.0
E02002080,0.0,0.0,0.0,0.0,0.0
E02002081,0.0005941241883959068,0.0005941241883959068,0.0005941932845425321,0.0,6.90961466253857e-08
E02002082,0.0,0.0,0.0,0.0,0.0
E02002083,0.0,0.0,0.0,0.0,0.0
E02002084,0.024645901748216657,0.024645901748216657,0.024645799926746068,0.0,1.01821470588348e-07
E02002085,0.36918495290010245,0.36918495290010245,0.34455084004755254,0.0,0.024634112852549905
E02002086,0.4322340252612916,0.4322340252612916,0.3975564869822392,0.0,0.0346775382790524
E02002087,0.1889080216777914,0.1889080216777914,0.17844359282118397,0.0,0.010464428856607422
E02002088,0.09049285265959832,0.09049285265959832,0.06320353273265561,0.0,0.02728931992694271
E02002089,0.4598649689106683,0.4598649689106683,0.43455114965088687,0.0,0.025313819259781434
E02002090,0.0,0.0,0.0,0.0,0.0
E02002091,0.3660745177004452,0.3660745177004452,0.3660745117333983,0.0,5.967046912136453e-09
E02002092,0.0,0.0,0.0,0.0,0.0
E02002093,0.0,0.0,0.0,0.0,0.0
E02002094,0.0,0.0,0.0,0.0,0.0
E02002095,0.8423255030360689,0.8423255030360689,0.8388343678389366,0.0,0.003491135197132289
E02002096,0.02506213766067389,0.02506213766067389,0.013642338150972485,0.0,0.011419799509701404
E02002097,0.9784710646830521,0.9784710646830521,0.9778472975790244,0.0,0.0006237671040276727
E02002098,0.0,0.0,0.0,0.0,0.0
E02002099,0.09020407974908932,0.09020407974908932,0.0902040852428616,0.0,5.493772270437347e-09
E02002101,0.009791650496083614,0.009791650496083614,0.009791651158221235,0.0,6.621376207743834e-10
E02002102,0.0015003436108779542,0.0015003436108779542,0.0015003434748378632,0.0,1.36040091084505e-10
E02002103,0.07934144604506894,0.07934144604506894,0.07934145827074095,0.0,1.2225672002541543e-08
E02002104,0.4109216203576883,0.4109216203576883,0.41092160195957234,0.0,1.8398115975148954e-08
E02002105,0.9198647452683856,0.9198647452683856,0.9174885090446666,0.0,0.002376236223718964
E02002106,0.7394134279894771,0.7394134279894771,0.7388940965005669,0.0,0.0005193314889101464
E02002107,0.26439429171638884,0.26439429171638884,0.26439429752403454,0.0,5.8076456976863255e-09
E02002108,0.686947020096487,0.686947020096487,0.6869366263692448,0.0,1.0393727242208328e-05
E02002109,0.8638015453061321,0.8638015453061321,0.8592414823865872,0.0,0.004560062919544916
E02002110,0.6418381620278318,0.6418381620278318,0.6416890000511345,0.0,0.00014916197669734288
E02002111,0.23208714210859607,0.23208714210859607,0.2319614533778496,0.0,0.00012568873074647602
E02002112,0.5890352727660648,0.5890352727660648,0.5889951107366217,0.0,4.016202944312486e-05
E02002113,0.6216080441164128,0.6216080441164128,0.6211752298776937,0.0,0.00043281423871910363
E02002114,0.23578648788871484,0.23578648788871484,0.23578592218294878,0.0,5.657057660646281e-07
E02002115,0.4986651121055817,0.4986651121055817,0.4985347030956183,0.0,0.00013040900996336147
E02002116,0.5996143387535662,0.5996143387535662,0.5990073160571536,0.0,0.0006070226964125514
E02002117,0.11963530446373179,0.11963530446373179,0.11962847720091054,0.0,6.827262821251789e-06
E02002118,0.35127099725369565,0.35127099725369565,0.35083339730436974,0.0,0.0004375999493259064
E02002119,0.25105418102304944,0.25105418102304944,0.25105415036216805,0.0,3.066088138936607e-08
E02002120,0.0007877720724223653,0.0007877720724223653,0.0007872996499581889,0.0,4.7242246417633117e-07
E02002121,0.0,0.0,0.0,0.0,0.0
E02002122,0.28113029665496864,0.28113029665496864,0.28112973406253855,0.0,5.625924300867169e-07
E02002123,2.1555566086304126e-09,2.1555566086304126e-09,2.156986097779594e-09,0.0,1.42948914918153e-12
E02002124,0.5322123295201353,0.5322123295201353,0.5316410911227314,0.0,0.000571238397403917
E02002125,0.5480915185264148,0.5480915185264148,0.5480916817955607,0.0,1.6326914586972663e-07
E02002126,0.1275139134508115,0.1275139134508115,0.1275142477664549,0.0,3.343156433910366e-07
E02002127,0.284996296583023,0.284996296583023,0.2849959565672306,0.0,3.400157924104974e-07
E02002128,0.5038643360792591,0.5038643360792591,0.503864222531306,0.0,1.1354795304008292e-07
E02002129,0.0,0.0,0.0,0.0,0.0
E02002130,0.0,0.0,0.0,0.0,0.0
E02002131,0.7704311386489803,0.7704311386489803,0.77043118587373,0.0,4.7224749777363684e-08
E02002132,0.0,0.0,0.0,0.0,0.0
E02002133,0.6177468905799123,0.6177468905799123,0.6177467235465045,0.0,1.6703340777191045e-07
E02002134,0.0,0.0,0.0,0.0,0.0
E02002135,0.0,0.0,0.0,0.0,0.0
E02002136,0.0,0.0,0.0,0.0,0.0
E02002137,0.2102439670636895,0.2102439670636895,0.2094546188812075,0.0,0.000789348182481997
E02002138,0.28629360760608086,0.28629360760608086,0.2862934004902248,0.0,2.071158560768005e-07
E02002139,0.0,0.0,0.0,0.0,0.0
E02002140,0.0,0.0,0.0,0.0,0.0
E02002141,0.5033888733481939,0.5033888733481939,0.5033890944675294,0.0,2.211193355083907e-07
E02002142,0.0,0.0,0.0,0.0,0.0
E02002143,0.004336289584634742,0.004336289584634742,0.004329364144731924,0.0,6.925439902817805e-06
E02002144,0.35791581689379665,0.35791581689379665,0.35748864519031176,0.0,0.0004271717034848854
E02002145,0.0,0.0,0.0,0.0,0.0
E02002146,0.4027400463382731,0.4027400463382731,0.4027346238693876,0.0,5.422468885518672e-06
E02002147,0.0,0.0,0.0,0.0,0.0
E02002148,0.7686511650280057,0.7686511650280057,0.7686169300251879,0.0,3.423500281773961e-05
E02002149,0.3375515281467389,0.3375515281467389,0.33721306560772596,0.0,0.0003384625390129292
E02002150,0.1761769920708886,0.1761769920708886,0.1761771830265347,0.0,1.909556461010542e-07
E02002151,0.17827062231268478,0.17827062231268478,0.17827027516969457,0.0,3.47142990214655e-07
E02002152,0.3661021758842055,0.3661021758842055,0.36592130247236326,0.0,0.0001808734118422528
E02002153,0.0521184719033902,0.0521184719033902,0.052061530017964604,0.0,5.694188542559875e-05
E02002154,0.3344405016029411,0.3344405016029411,0.33444091761507827,0.0,4.160121371832304e-07
E02002155,0.0005466042024070556,0.0005466042024070556,0.0005465768045915633,0.0,2.7397815492344844e-08
E02002156,0.0,0.0,0.0,0.0,0.0
E02002157,0.39206235710635445,0.39206235710635445,0.3917574641060683,0.0,0.00030489300028613275
E02002158,0.0011089716057058176,0.0011089716057058176,0.0011089740669052706,0.0,2.461199453008406e-09
E02002159,0.0,0.0,0.0,0.0,0.0
E02002160,0.0,0.0,0.0,0.0,0.0
E02002161,0.26946008019498974,0.26946008019498974,0.2694605809403578,0.0,5.007453680594409e-07
E02002162,0.14009377870818207,0.14009377870818207,0.13998901003569553,0.0,0.00010476867248654376
E02002163,0.0,0.0,0.0,0.0,0.0
E02002164,0.0,0.0,0.0,0.0,0.0
E02002165,0.06728413142194231,0.06728413142194231,0.06728450360636333,0.0,3.721844210186065e-07
E02002166,0.0,0.0,0.0,0.0,0.0
E02002167,0.29505836274807107,0.29505836274807107,0.2947894422067419,0.0,0.000268920541329154
E02002168,0.0,0.0,0.0,0.0,0.0
E02002169,0.16801935333516532,0.16801935333516532,0.16801965897836607,0.0,3.05643200748662e-07
E02002170,0.0,0.0,0.0,0.0,0.0
E02002171,0.0,0.0,0.0,0.0,0.0
E02002174,0.0,0.0,0.0,0.0,0.0
E02002175,0.0,0.0,0.0,0.0,0.0
E02002176,0.05513765202762436,0.05513765202762436,0.05497517127859528,0.0,0.00016248074902908138
E02002177,0.0,0.0,0.0,0.0,0.0
E02002178,0.3704053272133606,0.3704053272133606,0.3700682076284387,0.0,0.00033711958492194105
E02002179,0.11347678441754963,0.11347678441754963,0.11338638460075832,0.0,9.039981679130615e-05
E02002180,0.020215558970045257,0.020215558970045257,0.020177925390153374,0.0,3.7633579891883234e-05
E02002181,0.0,0.0,0.0,0.0,0.0
E02002182,0.01333815099070219,0.01333815099070219,0.013338278782206312,0.0,1.2779150412173257e-07
E02002183,0.9178400605415793,0.9178400605415793,0.9179382512051708,0.0,9.819066359151307e-05
E02002184,0.42919488148430185,0.42919488148430185,0.4298446192001044,0.0,0.0006497377158025675
E02002185,0.7377856833953046,0.7377856833953046,0.7379789091475668,0.0,0.00019322575226221606
E02002186,0.7801411831175212,0.7801411831175211,0.7801410134029122,1.1102230246251565e-16,1.6971460903292268e-07
E02002187,0.8571068609738111,0.8571068609738111,0.8571050173355147,0.0,1.8436382963615827e-06
E02002188,0.8588629457685284,0.8588629457685284,0.8588629771024104,0.0,3.133388204457077e-08
E02002189,0.3690650848024799,0.3690650848024799,0.36906536773826054,0.0,2.829357806377608e-07
E02002190,0.46773216449495764,0.46773216449495764,0.4677318664958717,0.0,2.9799908596306324e-07
E02002191,0.028101294547276598,0.028101294547276598,0.02810159679220716,0.0,3.022449305625785e-07
E02002192,0.8252531186140675,0.8252531186140675,0.8252509073198679,0.0,2.2112941995278135e-06
E02002193,0.576520329880072,0.576520329880072,0.5765197763135101,0.0,5.535665618117136e-07
E02002194,0.11439619980599834,0.11439619980599834,0.11439654640236413,0.0,3.465963657883764e-07
E02002195,0.7901959725883949,0.7901959725883949,0.790194475094956,0.0,1.4974934389178074e-06
E02002196,0.9145200840856393,0.9145200840856393,0.9145201764257633,0.0,9.234012399161884e-08
E02002197,0.7368865895650024,0.7368865895650024,0.7368867887349125,0.0,1.9916991012003393e-07
E02002198,0.11508198285840278,0.11508198285840278,0.11508211976045452,0.0,1.369020517366648e-07
E02002199,0.8178906617729712,0.8178906617729712,0.8178865326455711,0.0,4.129127400109844e-06
E02002200,0.5621066313483776,0.5621066313483776,0.5621066786817988,0.0,4.7333421182571556e-08
E02002201,0.009252824510172227,0.009252824510172227,0.009252079178612874,0.0,7.45331559352802e-07
E02002202,0.26562931805028916,0.26562931805028916,0.265629222530248,0.0,9.552004115453983e-08
E02002203,0.0,0.0,0.0,0.0,0.0
E02002204,0.7761149312717139,0.7761149312717139,0.7761149433638808,0.0,1.2092166823407524e-08
E02002205,0.8213916141690987,0.8213916141690987,0.8213881151793027,0.0,3.4989897960135963e-06
E02002206,0.0,0.0,0.0,0.0,0.0
E02002207,0.1337977298841464,0.1337977298841464,0.13379822493838872,0.0,4.950542423221016e-07
E02002208,0.0,0.0,0.0,0.0,0.0
E02002209,0.10710049042196548,0.10710049042196548,0.10709451439253871,0.0,5.976029426771334e-06
E02002210,0.0,0.0,0.0,0.0,0.0
E02002211,0.40238332219940803,0.40238332219940803,0.4023836591568894,0.0,3.3695748136164383e-07
E02002212,0.4272662865860679,0.4272662865860679,0.427266655244838,0.0,3.686587700668653e-07
E02002213,0.9326073598312145,0.9326073598312145,0.9326069874769227,0.0,3.7235429173332335e-07
E02002214,0.0,0.0,0.0,0.0,0.0
E02002215,0.0,0.0,0.0,0.0,0.0
E02002216,0.0,0.0,0.0,0.0,0.0
E02002217,0.0,0.0,0.0,0.0,0.0
E02002218,0.42085375805927233,0.42085375805927233,0.4208540781661803,0.0,3.201069079805663e-07
E02002219,0.0,0.0,0.0,0.0,0.0
E02002220,0.0013703211811354659,0.0013703211811354659,0.0013702168954235878,0.0,1.0428571187810418e-07
E02002221,0.0,0.0,0.0,0.0,0.0
E02002222,0.0,0.0,0.0,0.0,0.0
E02002223,0.0,0.0,0.0,0.0,0.0
E02002224,0.0,0.0,0.0,0.0,0.0
E02002225,0.8527175217356814,0.8527175217356814,0.852662519177415,0.0,5.500255826640377e-05
E02002226,0.0,0.0,0.0,0.0,0.0
E02002227,0.0,0.0,0.0,0.0,0.0
E02002228,0.0,0.0,0.0,0.0,0.0
E02002229,0.5878900077417771,0.5878900077417771,0.5878903282442998,0.0,3.2050252263271517e-07
E02002230,0.0,0.0,0.0,0.0,0.0
E02002231,0.21636190208192874,0.21636190208192874,0.21636219022731043,0.0,2.881453816938606e-07
E02002232,0.0,0.0,0.0,0.0,0.0
E02002233,0.0,0.0,0.0,0.0,0.0
E02002234,0.09940298920770914,0.09940298920770914,0.09940256554483844,0.0,4.2366287070216835e-07
E02002235,0.0,0.0,0.0,0.0,0.0
E02002236,0.0,0.0,0.0,0.0,0.0
E02002237,0.0,0.0,0.0,0.0,0.0
E02002238,0.0,0.0,0.0,0.0,0.0
E02002239,0.6743531808344717,0.6743531808344717,0.6742985816568979,0.0,5.4599177573777524e-05
E02002240,0.7202981989888347,0.7202981989888347,0.7202027885752605,0.0,9.541041357419289e-05
E02002241,0.0361468225182566,0.0361468225182566,0.03614619707663729,0.0,6.254416193077206e-07
E02002242,0.007576630545466943,0.007576630545466943,0.007576673375565997,0.0,4.283009905330787e-08
E02002243,0.5569830768331502,0.5569830763180299,0.5569777730549623,5.15120279764858e-10,5.3037781878595425e-06
E02002244,0.8360316935523823,0.8360316935523823,0.8359399316208833,0.0,9.176193149895706e-05
E02002245,0.8019014912422514,0.8019014912422514,0.8019017154088212,0.0,2.2416656975110527e-07
E02002246,0.7671774573466915,0.7671774573466915,0.7671530374121996,0.0,2.441993449187052e-05
E02002247,0.4872600243464833,0.4872600243464833,0.4872597748072587,0.0,2.495392246171235e-07
E02002248,0.2507009653209988,0.2507009653209988,0.2507013238050386,0.0,3.584840398418443e-07
E02002249,0.08766398576402269,0.08766398576402269,0.0876635628001674,0.0,4.2296385528717284e-07
E02002250,0.9612715840309126,0.9612715840309126,0.9612715594035707,0.0,2.4627341943528336e-08
E02002251,0.6599558583085903,0.6599558583085903,0.659940608527526,0.0,1.5249781064263779e-05
E02002252,0.8220013606242792,0.8220013606242792,0.8220015735332176,0.0,2.1290893836845015e-07
E02002253,0.1318404041316724,0.1318404041316724,0.13184097075716003,0.0,5.666254876413035e-07
E02002254,0.6565926509689207,0.6565926509689207,0.6565926655396199,0.0,1.4570699202742787e-08
E02002255,0.0,0.0,0.0,0.0,0.0
E02002256,9.570384936093967e-05,9.570384936093967e-05,9.570938004657086e-05,0.0,5.5306856311924555e-09
E02002257,0.0,0.0,0.0,0.0,0.0
E02002258,0.7871227617020886,0.7871227610928824,0.7868410727782963,6.092062410090193e-10,0.0002816889237923226
E02002259,0.04445109668987965,0.04445109668987965,0.04445113666707684,0.0,3.997719719150972e-08
E02002260,0.06062785198407324,0.06062785198407324,0.060627922311757836,0.0,7.032768459258598e-08
E02002261,0.7078674338949518,0.7078674338949518,0.7078671291896252,0.0,3.0470532652593363e-07
E02002262,0.4974687332846665,0.4974687332846665,0.49746879930617716,0.0,6.602151064738493e-08
E02002263,0.8714897554768795,0.8714897554768795,0.871489875450867,0.0,1.1997398752239263e-07
E02002264,0.2179098835626751,0.2179098835626751,0.21790982585091315,0.0,5.771176195268346e-08
E02002265,0.11744022035792227,0.11744022035792227,0.11741554479064267,0.0,2.4675567279600075e-05
E02002266,0.36193749000861786,0.36193749000861786,0.36144626359366144,0.0,0.0004912264149564138
E02002267,0.6224423177924373,0.6224423177924373,0.6223384819188499,0.0,0.00010383587358742119
E02002268,0.49384270352551496,0.49384270352551496,0.4936009887370792,0.0,0.0002417147884357651
E02002269,0.881393059384192,0.881393059384192,0.8810489266874015,0.0,0.00034413269679045566
E02002270,0.9753747345774303,0.9753747345774303,0.9752050057001472,0.0,0.00016972887728305963
E02002271,0.7535630533248676,0.7535630533248676,0.7534960648262604,0.0,6.698849860720113e-05
E02002272,0.4347537020105864,0.4347537020105864,0.43426783621837267,0.0,0.0004858657922137133
E02002273,0.7764891844583628,0.7764891844916079,0.7763290416532611,3.3245073360888e-11,0.00016014280510168177
E02002274,0.6265328924358058,0.6265328924358058,0.6265328352449998,0.0,5.719080597987869e-08
E02002275,0.17868512758726865,0.17868512758726865,0.1786850887465738,0.0,3.8840694854824775e-08
E02002276,0.3676558736107668,0.3676558736107668,0.36722278967151156,0.0,0.0004330839392552299
E02002277,0.6851592074577469,0.6851592074577469,0.6847290810890169,0.0,0.00043012636873007715
E02002278,0.4749923495676329,0.4749923495676329,0.4749185100562132,0.0,7.383951141970435e-05
E02002279,0.4838385705557012,0.4838385705557012,0.4838389401172717,0.0,3.695615705123778e-07
E02002280,0.0,0.0,0.0,0.0,0.0
E02002281,0.0011094944069458446,0.0011094944069458446,0.0011096149518295614,0.0,1.205448837168603e-07
E02002282,0.0,0.0,0.0,0.0,0.0
E02002283,0.15575411590251587,0.15575411590251587,0.1557537926675771,0.0,3.232349387594091e-07
E02002284,0.5239378051087171,0.5239378051087171,0.5239136235150997,0.0,2.4181593617389474e-05
E02002285,0.7615959074570919,0.7615959074570919,0.7615910712724148,0.0,4.8361846771705075e-06
E02002286,0.1430105987680444,0.1430105987680444,0.14301108955252337,0.0,4.907844789736604e-07
E02002287,0.00089817060219966,0.00089817060219966,0.000898175444676192,0.0,4.842476531959419e-09
E02002288,0.23016488148329892,0.23016488148329892,0.2299803546010374,0.0,0.00018452688226150427
E02002289,0.14261905549472517,0.14261905549472517,0.14261923227547335,0.0,1.7678074817895073e-07
E02002290,0.5762697396708021,0.5762697396708021,0.5762694795283627,0.0,2.6014243936778314e-07
E02002291,0.1838296608218327,0.1838296608218327,0.183830313514473,0.0,6.526926402961042e-07
E02002292,0.5317187841077942,0.5317187841077942,0.5309375248983618,0.0,0.0007812592094323945
E02002293,0.12143918939088955,0.12143918939088955,0.1214395538157343,0.0,3.644248447592924e-07
E02002294,0.23590537529980737,0.23590537529980737,0.23564299918383777,0.0,0.00026237611596960364
E02002295,0.11413542147458305,0.11413542147458305,0.11413500568622066,0.0,4.15788362392866e-07
E02002296,0.7130171198716199,0.7130171198716199,0.7130170852892564,0.0,3.458236341735699e-08
E02002297,0.5063918646238518,0.5063918646238518,0.5063065610308075,0.0,8.530359304426138e-05
E02002298,0.8118964122596631,0.8118964122596631,0.8115059345238888,0.0,0.00039047773577438605
E02002299,0.0,0.0,0.0,0.0,0.0
E02002300,0.2269971282714658,0.2269971282714658,0.2260020794811759,0.0,0.0009950487902898875
E02002301,0.02396836178201539,0.02396836178201539,0.023968339981916362,0.0,2.1800099028052022e-08
E02002302,0.8203977481820797,0.8203977481820797,0.8203976559392452,0.0,9.224283448183712e-08
E02002303,0.0,0.0,0.0,0.0,0.0
E02002304,0.0,0.0,0.0,0.0,0.0
E02002305,0.0,0.0,0.0,0.0,0.0
E02002306,0.8561662171178189,0.8561662171178189,0.8558647061548114,0.0,0.0003015109630075674
E02002307,0.21960990608941883,0.21960990608941883,0.21960919560680417,0.0,7.104826146575594e-07
E02002308,0.11423258723596645,0.11423258723596645,0.11423293984870511,0.0,3.5261273866049603e-07
E02002309,0.0,0.0,0.0,0.0,0.0
E02002310,0.0,0.0,0.0,0.0,0.0
E02002311,0.39885632413146427,0.39885632413146427,0.39885640736289524,0.0,8.323143096955476e-08
E02002312,0.16790106239671132,0.16790106239671132,0.1679006286492233,0.0,4.3374748801006113e-07
E02002313,0.022486912963583686,0.022486912963583686,0.02248677328236542,0.0,1.3968121826551938e-07
E02002314,0.666119831032441,0.666119831032441,0.6661197052988427,0.0,1.2573359831069553e-07
E02002315,0.28414832307002746,0.28414832307002746,0.2841478692624776,0.0,4.538075498716765e-07
E02002316,0.8883027407682776,0.8883027407682776,0.888092798692491,0.0,0.00020994207578661772
E02002317,0.23618584320083938,0.23618584320083938,0.23618615441606688,0.0,3.112152275053237e-07
E02002318,0.4877502145306256,0.4877502145306256,0.48774977071385556,0.0,4.4381677005711495e-07
E02002319,0.7358449226671572,0.7358449226671572,0.7358447750340671,0.0,1.4763309008625214e-07
E02002320,0.678732319273978,0.678732319273978,0.6787324806890285,0.0,1.61415050436986e-07
E02002321,0.9119303415846084,0.9119303415846084,0.9119303411906301,0.0,3.93978294432884e-10
E02002322,0.7047716331436246,0.7047716331436246,0.7045622655073428,0.0,0.00020936763628176536
E02002323,0.807142609956257,0.807142609956257,0.8071425545741874,0.0,5.538206959698755e-08
E02002324,0.9110193135390758,0.9110193135390758,0.9105201427784944,0.0,0.0004991707605814799
E02002325,0.5173666903275741,0.5173666903275741,0.5173666074716673,0.0,8.28559068022372e-08
E02002326,0.9006390914622305,0.9006390914622305,0.9006391178497635,0.0,2.6387532936489322e-08
E02002327,0.8879332422061755,0.8879332422061755,0.8871019751924872,0.0,0.0008312670136882971
E02002328,0.28738066450260064,0.28738066450260064,0.2873806647404173,0.0,2.378166552574612e-10
E02002329,0.8814733247272083,0.8814733247272083,0.881271162805639,0.0,0.00020216192156929935
E02002330,0.33072525122510193,0.33072525122510193,0.3310371616127598,0.0,0.0003119103876578766
E02002331,0.1532519927081162,0.1532519927081162,0.15325207814044847,0.0,8.543233226410152e-08
E02002332,0.5070294084167183,0.5070294084167183,0.5077682644231941,0.0,0.0007388560064758298
E02002333,0.7729671624555302,0.7729671624555302,0.7731737122005451,0.0,0.00020654974501488343
E02002334,0.909702779417328,0.909702779417328,0.9096494656985669,0.0,5.331371876116098e-05
E02002335,0.9509702772930518,0.9509702772930518,0.9510200119800903,0.0,4.973468703850514e-05
E02002336,0.9102422325001328,0.9102422325001328,0.9103191365810656,0.0,7.690408093274925e-05
E02002337,0.8971068912732156,0.8971068912732156,0.897099865514394,0.0,7.025758821610495e-06
E02002338,0.17038418246278333,0.17038418246278333,0.17037184321654325,0.0,1.2339246240083979e-05
E02002339,0.04010611834317476,0.04010611834317476,0.04010608302804639,0.0,3.531512837023909e-08
E02002340,0.47039079182625004,0.47039079182625004,0.47039072823947337,0.0,6.358677667739343e-08
E02002341,0.815119676362624,0.815119676362624,0.8151197982843305,0.0,1.2192170650848766e-07
E02002342,0.5838346330381724,0.5838346330381724,0.5838350041935582,0.0,3.7115538575882567e-07
E02002343,0.5336155172236324,0.5336155172236324,0.5336129736675884,0.0,2.5435560440101312e-06
E02002344,0.0,0.0,0.0,0.0,0.0
E02002345,0.6451056256105601,0.6451056256105601,0.6451053871732305,0.0,2.384373295472031e-07
E02002346,0.09157257160177222,0.09157257160177222,0.09157269863169146,0.0,1.2702991923629892e-07
E02002347,0.08421218260839704,0.08421218260839704,0.0842126210118922,0.0,4.384034951593341e-07
E02002348,0.06803129869312272,0.06803129869312272,0.06803119362524115,0.0,1.0506788156172675e-07
E02002349,0.6870362144018577,0.6870362144018577,0.6870358053659311,0.0,4.0903592657404175e-07
E02002350,0.5693206098134748,0.5693206098134748,0.5693209723213807,0.0,3.625079059155212e-07
E02002351,0.8699955726608282,0.8699955726608282,0.8699954387901352,0.0,1.338706929754352e-07
E02002352,0.0,0.0,0.0,0.0,0.0
E02002353,0.0,0.0,0.0,0.0,0.0
E02002354,0.005411494791452425,0.005411494791452425,0.00541154923505873,0.0,5.44436063055348e-08
E02002356,0.6847680968821405,0.6847680968821405,0.6847678839265712,0.0,2.1295556928979664e-07
E02002357,0.06741332275783661,0.06741332275783661,0.06741244720410208,0.0,8.755537345278563e-07
E02002358,0.01811834849208826,0.01811834849208826,0.018118430300518813,0.0,8.180843055413667e-08
E02002359,0.9520439305680164,0.9520439305680164,0.9519962466599252,0.0,4.7683908091178395e-05
E02002360,0.19402254756454276,0.19402254756454276,0.194023079845591,0.0,5.322810482377704e-07
E02002361,0.125706876424339,0.125706876424339,0.12570686416893184,0.0,1.225540716132123e-08
E02002362,0.26056516595075224,0.26056516595075224,0.2605657693775385,0.0,6.034267862609077e-07
E02002363,0.0,0.0,0.0,0.0,0.0
E02002364,0.0,0.0,0.0,0.0,0.0
E02002366,0.27686309636964496,0.27686309636964496,0.27686338737531063,0.0,2.910056656757476e-07
E02002367,0.0,0.0,0.0,0.0,0.0
E02002368,0.7557125620948754,0.7557125620948754,0.7557120078374783,0.0,5.542573970895859e-07
E02002369,0.0002348351756312088,0.0002348351756312088,0.0002348948266093,0.0,5.965097809120965e-08
E02002370,0.17682521848101476,0.17682521848101476,0.17682499113277808,0.0,2.2734823668102422e-07
E02002371,0.0,0.0,0.0,0.0,0.0
E02002373,0.0,0.0,0.0,0.0,0.0
E02002374,0.11872080659509873,0.11872080659509873,0.11872112437095395,0.0,3.1777585521308715e-07
E02002375,0.6057455921047018,0.6057455921047018,0.6057455582502427,0.0,3.38544591249601e-08
E02002376,0.0,0.0,0.0,0.0,0.0
E02002377,0.0,0.0,0.0,0.0,0.0
E02002379,0.0,0.0,0.0,0.0,0.0
E02002380,0.2443844494228379,0.2443844494228379,0.24438491536768425,0.0,4.6594484634510103e-07
E02002381,0.2976983595256822,0.2976983595256822,0.29769809227903404,0.0,2.672466481445923e-07
E02002382,0.0,0.0,0.0,0.0,0.0
E02002383,0.0,0.0,0.0,0.0,0.0
E02002384,0.0,0.0,0.0,0.0,0.0
E02002385,0.0,0.0,0.0,0.0,0.0
E02002386,0.5120596093067805,0.5120596093067805,0.5120593485169747,0.0,2.6078980586152767e-07
E02002387,0.0,0.0,0.0,0.0,0.0
E02002388,0.0,0.0,0.0,0.0,0.0
E02002389,0.0,0.0,0.0,0.0,0.0
E02002390,0.0,0.0,0.0,0.0,0.0
E02002391,0.02742081179453546,0.02742081179453546,0.027420975598479325,0.0,1.6380394386381059e-07
E02002392,0.0,0.0,0.0,0.0,0.0
E02002393,0.0,0.0,0.0,0.0,0.0
E02002394,0.0,0.0,0.0,0.0,0.0
E02002395,0.40147019007826046,0.40147019007826046,0.4014699603028779,0.0,2.2977538255419816e-07
E02002396,0.0,0.0,0.0,0.0,0.0
E02002397,0.10950400219047575,0.10950400219047575,0.10950357289256778,0.0,4.292979079723036e-07
E02002398,0.6226810747978939,0.6226810747978939,0.6226807332507082,0.0,3.4154718575596377e-07
E02002399,0.0,0.0,0.0,0.0,0.0
E02002400,0.0,0.0,0.0,0.0,0.0
E02002401,0.037785722862055095,0.037785722862055095,0.03778555517472469,0.0,1.6768733040323225e-07
E02002402,0.46551853044062835,0.46551853044062835,0.4655184214737994,0.0,1.0896682894889764e-07
E02002403,0.36475369580558153,0.36475369580558153,0.3647543353057348,0.0,6.395001532766287e-07
E02002404,0.0,0.0,0.0,0.0,0.0
E02002405,0.629039102313105,0.629039102313105,0.6290338823001548,0.0,5.220012950224451e-06
E02002406,0.42314995670617545,0.42314995670617545,0.42314930938040596,0.0,6.473257694872281e-07
E02002407,0.02656216195620088,0.02656216195620088,0.026562205368632713,0.0,4.341243183339505e-08
E02002408,0.5066883253462274,0.5066883253462274,0.506671333349324,0.0,1.6991996903414908e-05
E02002409,0.7290521357081295,0.7290521357081295,0.7290513147415262,0.0,8.209666033653917e-07
E02002410,0.0,0.0,0.0,0.0,0.0
E02002411,0.0,0.0,0.0,0.0,0.0
E02002412,0.5720977681198834,0.5720977681198834,0.5720979103424451,0.0,1.4222256161655622e-07
E02002414,0.0,0.0,0.0,0.0,0.0
E02002415,0.0,0.0,0.0,0.0,0.0
E02002416,0.871996004225508,0.871996004225508,0.8719960095070398,0.0,5.281531767487024e-09
E02002417,0.9199261667350055,0.9199261667350055,0.919855465252621,0.0,7.070148238452756e-05
E02002418,0.43111825128644327,0.43111825128644327,0.4311186366462586,0.0,3.853598153358284e-07
E02002419,0.0,0.0,0.0,0.0,0.0
E02002420,0.050977057620143526,0.050977057620143526,0.050976662545010015,0.0,3.950751335107805e-07
E02002421,0.04191082216385183,0.04191082216385183,0.04191102471592201,0.0,2.0255207017899624e-07
E02002422,0.26954403644340347,0.26954403644340347,0.2695438976802664,0.0,1.387631370919351e-07
E02002423,0.013990085107695348,0.013990085107695348,0.01399028017505048,0.0,1.950673551315979e-07
E02002424,0.45545629520340836,0.45545629520340836,0.4554565417060626,0.0,2.465026542330939e-07
E02002425,0.6568794355190869,0.6568794355190869,0.6565867328349032,0.0,0.0002927026841836877
E02002426,0.5119118576980504,0.5119118576980504,0.5119116955509428,0.0,1.621471075186065e-07
E02002427,0.22644605983582022,0.22644605983582022,0.2264462113657495,0.0,1.5152992927092157e-07
E02002428,0.47483729431029126,0.47483729431029126,0.47483722502104314,0.0,6.92892481168883e-08
E02002429,0.8696909656584033,0.8696909656584033,0.8696773594456322,0.0,1.3606212771133386e-05
E02002430,0.5178726216589257,0.5178726216589257,0.5178729498752346,0.0,3.282163089091128e-07
E02002431,0.431619248002524,0.431619248002524,0.4316185906013516,0.0,6.574011723881057e-07
E02002432,0.8075602470983769,0.8075602470983769,0.8075470289457097,0.0,1.3218152667193728e-05
E02002433,0.0,0.0,0.0,0.0,0.0
E02002434,0.6939378687494822,0.6939378687494822,0.6939194038428189,0.0,1.84649066632403e-05
E02002435,0.6319423381818458,0.6319423381818458,0.6315628937268964,0.0,0.000379444454949307
E02002436,0.6740880288472825,0.6740880288472825,0.6740633471987443,0.0,2.468164853819399e-05
E02002437,0.6908182394031867,0.6908182394031867,0.6903340058238203,0.0,0.00048423357936633327
E02002438,0.5152634363786056,0.5152634363786056,0.5151785874209237,0.0,8.484895768190448e-05
E02002439,0.02335491904355062,0.02335491904355062,0.02335510812853692,0.0,1.8908498630038073e-07
E02002440,0.17977012705467837,0.17977012705467837,0.17976983621852038,0.0,2.90836157990082e-07
E02002441,0.13408887390001165,0.13408887390001165,0.1340880481506307,0.0,8.257493809560312e-07
E02002442,0.24574406931669596,0.24574406931669596,0.24574373260902369,0.0,3.367076722715634e-07
E02002443,0.6812643750393692,0.6812643750393692,0.6812575971205449,0.0,6.777918824307783e-06
E02002444,0.8626770968323418,0.8626770968323418,0.8626585008842674,0.0,1.85959480744069e-05
E02002445,0.19276709399568157,0.19276709399568157,0.19273481141395307,0.0,3.22825817284933e-05
E02002446,0.6094746220354118,0.6094746220354118,0.6094066001820229,0.0,6.802185338894429e-05
E02002447,0.42725134140706583,0.42725134140706583,0.42723262570529613,0.0,1.8715701769700388e-05
E02002448,0.4693751793753014,0.4693751793753014,0.4693620236998848,0.0,1.3155675416598456e-05
E02002449,0.5436938696896714,0.5436938696896714,0.543693627899166,0.0,2.4179050539530067e-07
E02002450,0.14996633239588042,0.14996633239588042,0.1499657671860269,0.0,5.652098535313677e-07
E02002451,0.5057438032374483,0.5057438032374483,0.5057392087980987,0.0,4.594439349525636e-06
E02002452,0.6593315532633841,0.6593315532633841,0.6593318042003544,0.0,2.5093697031408624e-07
E02002453,0.797654865879375,0.797654865879375,0.797654911018408,0.0,4.513903306690992e-08
E02002454,0.03752741914001447,0.03752741914001447,0.03752718355846303,0.0,2.3558155144015602e-07
E02002455,0.4827353488468436,0.4827353488468436,0.48273469659706986,0.0,6.522497737471156e-07
E02002456,0.0,0.0,0.0,0.0,0.0
E02002457,0.09796633918318108,0.09796633918318108,0.0979658183160922,0.0,5.208670888767752e-07
E02002458,0.6844673590111019,0.6844673590111019,0.6843083168106516,0.0,0.00015904220045026563
E02002459,0.3448083226159351,0.3448083226159351,0.34480856639024876,0.0,2.437743136796122e-07
E02002460,0.4623248776102537,0.4623248776102537,0.462325061061279,0.0,1.8345102531514001e-07
E02002461,0.800240187176091,0.800240187176091,0.8002400300793727,0.0,1.570967183006644e-07
E02002462,0.6704846289893499,0.6704846289893499,0.670146927691484,0.0,0.0003377012978659222
E02002463,0.1749393200794227,0.1749393200794227,0.1749396894458903,0.0,3.6936646760632463e-07
E02002464,0.6247351866489003,0.6247351866489003,0.6247351164160748,0.0,7.02328254442719e-08
E02002465,0.32681207599383016,0.32681207599383016,0.3268120380794947,0.0,3.791433544897416e-08
E02002466,0.41900777924080757,0.41900777924080757,0.41900754577545846,0.0,2.3346534910873018e-07
E02002467,0.29897966632747136,0.29897966632747136,0.2989793917700609,0.0,2.745574104734416e-07
E02002468,0.49718496849252874,0.49718496849252874,0.4971847146770693,0.0,2.538154594278197e-07
E02002469,0.9215266667307467,0.9215266667307467,0.921526688657541,0.0,2.192679426915589e-08
E02002470,0.454819858317527,0.454819858317527,0.45481983927916425,0.0,1.9038362775170015e-08
E02002471,0.9390847196446234,0.9390847196446234,0.9390611773579619,0.0,2.3542286661459855e-05
E02002472,0.9195931952009612,0.9195931952009612,0.9191350522746842,0.0,0.00045814292627699427
E02002473,0.7468862930886447,0.7468862930886447,0.7468865557288978,0.0,2.6264025310140937e-07
E02002474,0.72107938502801,0.72107938502801,0.721079034257444,0.0,3.5077056592669464e-07
E02002475,0.9528474616535931,0.9528474616535931,0.9525172509306313,0.0,0.000330210722961799
E02002476,0.8396375647435199,0.8396375647435199,0.8395211820193859,0.0,0.00011638272413405648
E02002477,0.8841297459374018,0.8841297459374018,0.8832065158486219,0.0,0.000923230088779925
E02002478,0.877426075178274,0.877426075178274,0.8771177222535161,0.0,0.0003083529247578376
E02002479,0.6850419200413264,0.6850419200413264,0.6848534255855381,0.0,0.0001884944557882795
E02002480,0.09239076523861992,0.09239076523861992,0.09239105263361694,0.0,2.8739499702279403e-07
E02002481,0.617762223289645,0.617762223289645,0.6177531872026685,0.0,9.036086976554891e-06
E02002482,0.7046678560443684,0.7046678560443684,0.7042280458853917,0.0,0.0004398101589767611
E02002483,0.0,0.0,0.0,0.0,0.0
E02002484,0.0,0.0,0.0,0.0,0.0
E02002485,0.0,0.0,0.0,0.0,0.0
E02002487,0.0,0.0,0.0,0.0,0.0
E02002488,0.0,0.0,0.0,0.0,0.0
E02002489,0.0,0.0,0.0,0.0,0.0
E02002490,0.0,0.0,0.0,0.0,0.0
E02002491,0.0,0.0,0.0,0.0,0.0
E02002492,0.0,0.0,0.0,0.0,0.0
E02002493,0.0,0.0,0.0,0.0,0.0
E02002494,0.0,0.0,0.0,0.0,0.0
E02002496,0.0,0.0,0.0,0.0,0.0
E02002497,0.0,0.0,0.0,0.0,0.0
E02002498,0.0,0.0,0.0,0.0,0.0
E02002499,0.0,0.0,0.0,0.0,0.0
E02002500,0.0,0.0,0.0,0.0,0.0
E02002501,0.0,0.0,0.0,0.0,0.0
E02002502,0.0,0.0,0.0,0.0,0.0
E02002503,0.0,0.0,0.0,0.0,0.0
E02002504,0.0,0.0,0.0,0.0,0.0
E02002505,0.0,0.0,0.0,0.0,0.0
E02002506,0.0,0.0,0.0,0.0,0.0
E02002507,0.0,0.0,0.0,0.0,0.0
E02002508,0.0,0.0,0.0,0.0,0.0
E02002509,0.0,0.0,0.0,0.0,0.0
E02002510,0.0,0.0,0.0,0.0,0.0
E02002512,0.0,0.0,0.0,0.0,0.0
E02002513,0.0,0.0,0.0,0.0,0.0
E02002514,0.0,0.0,0.0,0.0,0.0
E02002515,0.0,0.0,0.0,0.0,0.0
E02002516,0.0,0.0,0.0,0.0,0.0
E02002517,0.0,0.0,0.0,0.0,0.0
E02002518,0.0,0.0,0.0,0.0,0.0
E02002519,0.0,0.0,0.0,0.0,0.0
E02002520,0.0,0.0,0.0,0.0,0.0
E02002521,0.0,0.0,0.0,0.0,0.0
E02002523,0.0,0.0,0.0,0.0,0.0
E02002524,0.0,0.0,0.0,0.0,0.0
E02002525,0.0,0.0,0.0,0.0,0.0
E02002526,0.0,0.0,0.0,0.0,0.0
E02002527,0.0,0.0,0.0,0.0,0.0
E02002529,0.0,0.0,0.0,0.0,0.0
E02002530,0.0,0.0,0.0,0.0,0.0
E02002532,0.0,0.0,0.0,0.0,0.0
E02002533,0.0,0.0,0.0,0.0,0.0
E02002534,0.0,0.0,0.0,0.0,0.0
E02002535,0.0,0.0,0.0,0.0,0.0
E02002536,0.0,0.0,0.0,0.0,0.0
E02002537,0.0,0.0,0.0,0.0,0.0
E02002538,0.0,0.0,0.0,0.0,0.0
E02002539,0.0,0.0,0.0,0.0,0.0
E02002540,0.0,0.0,0.0,0.0,0.0
E02002541,0.0,0.0,0.0,0.0,0.0
E02002542,0.0,0.0,0.0,0.0,0.0
E02002543,0.0,0.0,0.0,0.0,0.0
E02002544,0.0,0.0,0.0,0.0,0.0
E02002545,0.0,0.0,0.0,0.0,0.0
E02002546,0.0,0.0,0.0,0.0,0.0
E02002547,0.0,0.0,0.0,0.0,0.0
E02002548,0.0,0.0,0.0,0.0,0.0
E02002549,0.0,0.0,0.0,0.0,0.0
E02002550,0.0,0.0,0.0,0.0,0.0
E02002551,0.0,0.0,0.0,0.0,0.0
E02002552,0.0,0.0,0.0,0.0,0.0
E02002553,0.0,0.0,0.0,0.0,0.0
E02002554,0.0,0.0,0.0,0.0,0.0
E02002555,0.0,0.0,0.0,0.0,0.0
E02002556,0.0,0.0,0.0,0.0,0.0
E02002557,0.0,0.0,0.0,0.0,0.0
E02002558,0.0,0.0,0.0,0.0,0.0
E02002559,0.0,0.0,0.0,0.0,0.0
E02002560,0.0,0.0,0.0,0.0,0.0
E02002561,0.0,0.0,0.0,0.0,0.0
E02002562,0.0,0.0,0.0,0.0,0.0
E02002563,0.0,0.0,0.0,0.0,0.0
E02002564,0.0,0.0,0.0,0.0,0.0
E02002565,0.0,0.0,0.0,0.0,0.0
E02002566,0.0,0.0,0.0,0.0,0.0
E02002567,0.0,0.0,0.0,0.0,0.0
E02002568,0.0,0.0,0.0,0.0,0.0
E02002569,0.0,0.0,0.0,0.0,0.0
E02002570,0.0,0.0,0.0,0.0,0.0
E02002571,0.0,0.0,0.0,0.0,0.0
E02002572,0.0,0.0,0.0,0.0,0.0
E02002573,0.0,0.0,0.0,0.0,0.0
E02002574,0.5174447162164998,0.5174447162164998,0.5166160327775667,0.0,0.0008286834389330533
E02002575,0.09496650520951022,0.09496650520951022,0.09492514471692369,0.0,4.1360492586531294e-05
E02002576,0.028569006034675073,0.028569006034675073,0.02728095890053155,0.0,0.0012880471341435232
E02002577,0.0017836604247479936,0.0017836604247479936,0.0017838276732041545,0.0,1.6724845616094587e-07
E02002578,0.0,0.0,0.0,0.0,0.0
E02002579,0.0,0.0,0.0,0.0,0.0
E02002580,0.0,0.0,0.0,0.0,0.0
E02002581,0.6745273895257501,0.6745273895257501,0.6744025613172631,0.0,0.0001248282084870267
E02002582,0.5179312842698048,0.5179312842698048,0.5158430910865008,0.0,0.002088193183303999
E02002583,0.28474982358037404,0.28474982358037404,0.28467254897962707,0.0,7.727460074696824e-05
E02002584,0.0,0.0,0.0,0.0,0.0
E02002585,0.07708129630340788,0.07708129630340788,0.07707581022951047,0.0,5.486073897401078e-06
E02002586,0.0,0.0,0.0,0.0,0.0
E02002587,0.0002907617126981472,0.0002907617126981472,0.0002907617126981472,0.0,0.0
E02002588,0.000780615301519582,0.000780615301519582,0.0007806412281644604,0.0,2.592664487841099e-08
E02002589,0.008951496529601588,0.008951496529601588,0.00893136669714053,0.0,2.012983246105736e-05
E02002590,0.9253819267045914,0.9253819267045914,0.925135529317583,0.0,0.0002463973870083791
E02002591,0.9140876398499375,0.9140876398499375,0.9139262236749163,0.0,0.00016141617502118955
E02002592,0.8952600208017194,0.8952600208017195,0.8941640261872226,1.1102230246251565e-16,0.0010959946144968313
E02002593,1.202593934163045e-05,1.202593934163045e-05,1.2012111472153407e-05,0.0,1.3827869477043832e-08
E02002594,0.5166929423445007,0.5166929423445007,0.5166921919545896,0.0,7.503899110972156e-07
E02002595,0.0,0.0,0.0,0.0,0.0
E02002596,0.0,0.0,0.0,0.0,0.0
E02002597,0.0,0.0,0.0,0.0,0.0
E02002598,0.00021008081828641895,0.00021008081828641895,0.00021012013124484938,0.0,3.931295843042867e-08
E02002599,0.0,0.0,0.0,0.0,0.0
E02002600,0.0,0.0,0.0,0.0,0.0
E02002601,0.12955853353399047,0.12955853353399047,0.12955845003756708,0.0,8.349642338645324e-08
E02002602,0.0,0.0,0.0,0.0,0.0
E02002603,0.6343457221755415,0.6343457221755415,0.634345524342617,0.0,1.978329244867183e-07
E02002604,0.03701015901465369,0.03701015901465369,0.03700683196850997,0.0,3.327046143718204e-06
E02002605,0.12145113901784067,0.12145113901784067,0.12145092691064723,0.0,2.1210719344799678e-07
E02002606,0.0,0.0,0.0,0.0,0.0
E02002607,0.17515744736649003,0.17515744736649003,0.17515748604099218,0.0,3.8674502156332835e-08
E02002608,0.7639966648665987,0.7639966648665987,0.7637609956985001,0.0,0.00023566916809858451
E02002609,0.013572853073665403,0.013572853073665403,0.013572724764047353,0.0,1.283096180502291e-07
E02002610,0.8412507745813762,0.8412507745813764,0.8410422830233476,2.220446049250313e-16,0.00020849155802860064
E02002611,0.3830576238089143,0.3830576238089143,0.3830547504503875,0.0,2.873358526778169e-06
E02002612,0.021021727963494195,0.021021727963494195,0.02102150679245629,0.0,2.2117103790422754e-07
E02002613,0.9062181694750028,0.9062181694750028,0.9042932705313557,0.0,0.0019248989436471131
E02002614,0.5884473164891089,0.5884473164891089,0.5884472740517945,0.0,4.24373143292911e-08
E02002615,0.26086936878523265,0.26086936878523265,0.26086402686194027,0.0,5.341923292379036e-06
E02002616,0.1370108735150112,0.1370108735150112,0.13699921913846808,0.0,1.165437654312984e-05
E02002617,0.0,0.0,0.0,0.0,0.0
E02002618,0.0,0.0,0.0,0.0,0.0
E02002619,0.0,0.0,0.0,0.0,0.0
E02002620,0.0,0.0,0.0,0.0,0.0
E02002621,0.0,0.0,0.0,0.0,0.0
E02002622,0.0,0.0,0.0,0.0,0.0
E02002623,0.0,0.0,0.0,0.0,0.0
E02002624,0.7076430406034926,0.7076430406034926,0.7075012352918078,0.0,0.00014180531168483945
E02002625,8.730174534672503e-06,8.730174534672503e-06,8.729711055716532e-06,0.0,4.6347895597081653e-10
E02002626,0.05338619943355363,0.05338619943355363,0.053386281219174485,0.0,8.178562085209284e-08
E02002627,0.2352216305709078,0.2352216305709078,0.23522181590991287,0.0,1.8533900505990353e-07
E02002628,0.2623564969044508,0.2623564969044508,0.2623566533507116,0.0,1.5644626083499702e-07
E02002629,0.14745381070345193,0.14745381070345193,0.14745365566654048,0.0,1.550369114478034e-07
E02002630,0.012853738399700382,0.012853738399700382,0.012853763372826132,0.0,2.497312574963051e-08
E02002631,0.21598921660803308,0.21598921660803308,0.21598913076884935,0.0,8.583918373328281e-08
E02002632,0.5295669097882408,0.5295669097882408,0.5295265998152003,0.0,4.030997304049766e-05
E02002633,0.0,0.0,0.0,0.0,0.0
E02002634,0.09268416689124939,0.09268416689124939,0.09244398626238336,0.0,0.0002401806288660352
E02002635,0.0,0.0,0.0,0.0,0.0
E02002636,0.13299879894319758,0.13299879894319758,0.13284963636601002,0.0,0.000149162577187556
E02002637,0.0,0.0,0.0,0.0,0.0
E02002638,0.0,0.0,0.0,0.0,0.0
E02002639,0.0003123229194362061,0.0003123229194362061,0.00031230783406185864,0.0,1.508537434747638e-08
E02002640,0.0,0.0,0.0,0.0,0.0
E02002641,0.0011876125431269262,0.0011876125431269262,0.001187481894606747,0.0,1.3064852017927696e-07
E02002642,0.0,0.0,0.0,0.0,0.0
E02002643,0.0,0.0,0.0,0.0,0.0
E02002644,0.0,0.0,0.0,0.0,0.0
E02002645,0.0,0.0,0.0,0.0,0.0
E02002646,0.0,0.0,0.0,0.0,0.0
E02002647,0.0,0.0,0.0,0.0,0.0
E02002648,0.0,0.0,0.0,0.0,0.0
E02002649,0.0,0.0,0.0,0.0,0.0
E02002650,0.032814602817209805,0.032814602817209805,0.032787499089319896,0.0,2.7103727889908613e-05
E02002651,0.00035446221113573866,0.00035446221113573866,0.00035440783120934614,0.0,5.437992639252109e-08
E02002652,0.0,0.0,0.0,0.0,0.0
E02002653,0.0,0.0,0.0,0.0,0.0
E02002654,0.0,0.0,0.0,0.0,0.0
E02002655,0.0,0.0,0.0,0.0,0.0
E02002656,0.0,0.0,0.0,0.0,0.0
E02002657,0.0,0.0,0.0,0.0,0.0
E02002658,0.0,0.0,0.0,0.0,0.0
E02002659,0.0,0.0,0.0,0.0,0.0
E02002660,0.0,0.0,0.0,0.0,0.0
E02002661,0.0,0.0,0.0,0.0,0.0
E02002662,0.0,0.0,0.0,0.0,0.0
E02002663,0.0,0.0,0.0,0.0,0.0
E02002664,0.0,0.0,0.0,0.0,0.0
E02002665,0.0,0.0,0.0,0.0,0.0
E02002666,0.0,0.0,0.0,0.0,0.0
E02002667,0.0,0.0,0.0,0.0,0.0
E02002668,0.0,0.0,0.0,0.0,0.0
E02002669,0.0,0.0,0.0,0.0,0.0
E02002670,0.0,0.0,0.0,0.0,0.0
E02002671,0.0,0.0,0.0,0.0,0.0
E02002672,0.0,0.0,0.0,0.0,0.0
E02002673,0.0,0.0,0.0,0.0,0.0
E02002674,0.0,0.0,0.0,0.0,0.0
E02002675,0.0,0.0,0.0,0.0,0.0
E02002676,0.0,0.0,0.0,0.0,0.0
E02002677,0.0,0.0,0.0,0.0,0.0
E02002678,0.0,0.0,0.0,0.0,0.0
E02002679,0.0,0.0,0.0,0.0,0.0
E02002680,0.0,0.0,0.0,0.0,0.0
E02002681,0.0,0.0,0.0,0.0,0.0
E02002682,0.0,0.0,0.0,0.0,0.0
E02002684,0.0,0.0,0.0,0.0,0.0
E02002685,0.0,0.0,0.0,0.0,0.0
E02002686,0.0,0.0,0.0,0.0,0.0
E02002687,0.0,0.0,0.0,0.0,0.0
E02002688,0.0,0.0,0.0,0.0,0.0
E02002689,0.0,0.0,0.0,0.0,0.0
E02002691,0.0,0.0,0.0,0.0,0.0
E02002692,0.000432091411793878,0.000432091411793878,0.000432115282943829,0.0,2.387114995104113e-08
E02002693,0.0,0.0,0.0,0.0,0.0
E02002694,0.0,0.0,0.0,0.0,0.0
E02002695,0.0,0.0,0.0,0.0,0.0
E02002696,0.0,0.0,0.0,0.0,0.0
E02002697,0.0,0.0,0.0,0.0,0.0
E02002698,0.0,0.0,0.0,0.0,0.0
E02002699,0.0,0.0,0.0,0.0,0.0
E02002700,0.0,0.0,0.0,0.0,0.0
E02002701,0.0,0.0,0.0,0.0,0.0
E02002702,0.0,0.0,0.0,0.0,0.0
E02002703,0.0,0.0,0.0,0.0,0.0
E02002704,0.0,0.0,0.0,0.0,0.0
E02002705,0.0,0.0,0.0,0.0,0.0
E02002706,0.0,0.0,0.0,0.0,0.0
E02002707,0.0,0.0,0.0,0.0,0.0
E02002708,0.0,0.0,0.0,0.0,0.0
E02002709,0.0,0.0,0.0,0.0,0.0
E02002710,0.0,0.0,0.0,0.0,0.0
E02002711,0.0,0.0,0.0,0.0,0.0
E02002712,0.0,0.0,0.0,0.0,0.0
E02002714,0.0,0.0,0.0,0.0,0.0
E02002715,0.0,0.0,0.0,0.0,0.0
E02002716,0.0,0.0,0.0,0.0,0.0
E02002717,0.0,0.0,0.0,0.0,0.0
E02002718,0.0,0.0,0.0,0.0,0.0
E02002719,0.0,0.0,0.0,0.0,0.0
E02002720,0.0,0.0,0.0,0.0,0.0
E02002721,0.0,0.0,0.0,0.0,0.0
E02002722,0.0,0.0,0.0,0.0,0.0
E02002723,0.0,0.0,0.0,0.0,0.0
E02002724,0.0,0.0,0.0,0.0,0.0
E02002725,0.00014647597554475223,0.00014647597554475223,0.00014647841360471614,0.0,2.438059963904291e-09
E02002726,0.0,0.0,0.0,0.0,0.0
E02002727,0.0,0.0,0.0,0.0,0.0
E02002728,0.0,0.0,0.0,0.0,0.0
E02002729,0.0,0.0,0.0,0.0,0.0
E02002730,0.0,0.0,0.0,0.0,0.0
E02002731,0.0,0.0,0.0,0.0,0.0
E02002732,0.0,0.0,0.0,0.0,0.0
E02002733,0.0,0.0,0.0,0.0,0.0
E02002734,0.0,0.0,0.0,0.0,0.0
E02002735,0.0,0.0,0.0,0.0,0.0
E02002736,0.0,0.0,0.0,0.0,0.0
E02002737,0.0,0.0,0.0,0.0,0.0
E02002738,0.0,0.0,0.0,0.0,0.0
E02002739,0.0,0.0,0.0,0.0,0.0
E02002740,0.0,0.0,0.0,0.0,0.0
E02002741,0.0,0.0,0.0,0.0,0.0
E02002742,0.0,0.0,0.0,0.0,0.0
E02002743,0.0,0.0,0.0,0.0,0.0
E02002744,0.0,0.0,0.0,0.0,0.0
E02002745,0.0,0.0,0.0,0.0,0.0
E02002746,0.0,0.0,0.0,0.0,0.0
E02002747,0.0,0.0,0.0,0.0,0.0
E02002748,0.0,0.0,0.0,0.0,0.0
E02002749,0.0,0.0,0.0,0.0,0.0
E02002750,0.0,0.0,0.0,0.0,0.0
E02002751,0.0,0.0,0.0,0.0,0.0
E02002752,0.0,0.0,0.0,0.0,0.0
E02002753,0.0,0.0,0.0,0.0,0.0
E02002754,0.0,0.0,0.0,0.0,0.0
E02002755,0.0,0.0,0.0,0.0,0.0
E02002756,0.0,0.0,0.0,0.0,0.0
E02002757,0.0,0.0,0.0,0.0,0.0
E02002758,0.0,0.0,0.0,0.0,0.0
E02002759,0.0,0.0,0.0,0.0,0.0
E02002760,0.0,0.0,0.0,0.0,0.0
E02002761,0.0,0.0,0.0,0.0,0.0
E02002762,0.0,0.0,0.0,0.0,0.0
E02002763,0.0,0.0,0.0,0.0,0.0
E02002764,0.0,0.0,0.0,0.0,0.0
E02002765,0.0,0.0,0.0,0.0,0.0
E02002766,0.0,0.0,0.0,0.0,0.0
E02002767,0.0,0.0,0.0,0.0,0.0
E02002768,0.0,0.0,0.0,0.0,0.0
E02002769,0.0,0.0,0.0,0.0,0.0
E02002770,0.0,0.0,0.0,0.0,0.0
E02002771,0.0,0.0,0.0,0.0,0.0
E02002772,0.8482667476355235,0.8482667476355235,0.8482667116564081,0.0,3.597911535369036e-08
E02002773,0.8281149357098831,0.8281149357098831,0.8281147785282588,0.0,1.5718162438282945e-07
E02002774,0.8428635939795203,0.8428635939795203,0.8428587881164651,0.0,4.805863055179493e-06
E02002775,0.5679678510981657,0.5679678510981657,0.5679683402157029,0.0,4.891175371390943e-07
E02002776,0.6402886996985334,0.6402886996985334,0.6402883325043797,0.0,3.671941537497503e-07
E02002777,0.7986341458456728,0.7986341458456728,0.7986071005039381,0.0,2.7045341734699413e-05
E02002778,0.5537351982261612,0.5537351982261612,0.5537357638099336,0.0,5.655837723717028e-07
E02002779,0.8803849219615383,0.8803849219615384,0.8773974350727638,1.1102230246251565e-16,0.002987486888774482
E02002780,0.046572330766918496,0.046572330766918496,0.04657245809170674,0.0,1.2732478824051263e-07
E02002781,0.04264632451854454,0.04264632451854454,0.04264612969456517,0.0,1.948239793728157e-07
E02002782,0.9354078476126642,0.9354078476135579,0.9355275639410634,8.93729534823251e-13,0.00011971632839924418
E02002783,0.08782790236775842,0.08782790236775842,0.08782800197840636,0.0,9.961064793839736e-08
E02002784,0.0009745448296935236,0.0009745448296935236,0.0009745454469316148,0.0,6.172380912590134e-10
E02002785,0.6934707747154834,0.6934707747154834,0.6934706989354429,0.0,7.578004046493447e-08
E02002786,0.0011014109819998453,0.0011014109819998453,0.0011014992156379174,0.0,8.823363807208134e-08
E02002787,0.00022834111901883495,0.00022834111901883495,0.0002283392609183491,0.0,1.8581004858385982e-09
E02002788,0.09450034399974926,0.09450034399974926,0.09450020274835723,0.0,1.4125139202736392e-07
E02002789,0.0190693743297778,0.0190693743297778,0.019069799249205148,0.0,4.249194273490964e-07
E02002790,0.3645378936534852,0.3645378936534852,0.3645379552364696,0.0,6.158298437863863e-08
E02002791,0.930653122947944,0.930653122947944,0.9297640156364183,0.0,0.0008891073115256942
E02002792,0.5838839857363635,0.5838839857363635,0.5838836302330268,0.0,3.5550333665756995e-07
E02002793,0.4345101505341405,0.4345101505341405,0.4345102045696388,0.0,5.40354982980773e-08
E02002794,0.9433483395521387,0.9433483395521387,0.9433356337506478,0.0,1.2705801490930924e-05
E02002795,0.9123404650819043,0.9123404650819043,0.9123208441589797,0.0,1.9620922924512563e-05
E02002796,0.2262699658620819,0.2262699658620819,0.22595121723207737,0.0,0.00031874863000452835
E02002797,0.00019890286119973467,0.00019890286119973467,0.00019890636564095563,0.0,3.504441220965023e-09
E02002798,0.0015609838045527813,0.0015609838045527813,0.001560930693495426,0.0,5.311105735522799e-08
E02002799,0.000145988787237077,0.000145988787237077,0.00014600143417995988,0.0,1.2646942882863204e-08
E02002800,0.00036618435811607556,0.00036618435811607556,0.0003661238968835612,0.0,6.046123251433584e-08
E02002801,0.002867721596993073,0.002867721596993073,0.0028676776732634124,0.0,4.3923729660822614e-08
E02002802,0.0,0.0,0.0,0.0,0.0
E02002803,0.0,0.0,0.0,0.0,0.0
E02002804,0.0,0.0,0.0,0.0,0.0
E02002805,0.2831888177991065,0.2831888177991065,0.28295616187432066,0.0,0.00023265592478582953
E02002806,0.0,0.0,0.0,0.0,0.0
E02002807,0.00244850210916847,0.00244850210916847,0.002448392198289574,0.0,1.0991087889562073e-07
E02002808,0.0,0.0,0.0,0.0,0.0
E02002809,0.14721721518124714,0.14721721518124714,0.1471065879757231,0.0,0.00011062720552404426
E02002810,0.0,0.0,0.0,0.0,0.0
E02002811,0.0,0.0,0.0,0.0,0.0
E02002812,0.0,0.0,0.0,0.0,0.0
E02002813,0.0,0.0,0.0,0.0,0.0
E02002814,0.0,0.0,0.0,0.0,0.0
E02002815,0.0,0.0,0.0,0.0,0.0
E02002816,0.0,0.0,0.0,0.0,0.0
E02002817,0.0,0.0,0.0,0.0,0.0
E02002818,0.0,0.0,0.0,0.0,0.0
E02002819,0.009560023746034717,0.009560023746034717,0.00955992409154327,0.0,9.965449144708205e-08
E02002820,0.0,0.0,0.0,0.0,0.0
E02002821,0.0,0.0,0.0,0.0,0.0
E02002822,0.0,0.0,0.0,0.0,0.0
E02002823,0.0,0.0,0.0,0.0,0.0
E02002824,0.0,0.0,0.0,0.0,0.0
E02002825,0.0,0.0,0.0,0.0,0.0
E02002826,0.0654663808779914,0.0654663808779914,0.06544308401157076,0.0,2.3296866420649542e-05
E02002827,0.0,0.0,0.0,0.0,0.0
E02002828,0.0,0.0,0.0,0.0,0.0
E02002829,0.0,0.0,0.0,0.0,0.0
E02002830,0.0,0.0,0.0,0.0,0.0
E02002831,0.0,0.0,0.0,0.0,0.0
E02002832,0.0,0.0,0.0,0.0,0.0
E02002833,0.0,0.0,0.0,0.0,0.0
E02002834,0.0,0.0,0.0,0.0,0.0
E02002835,0.0,0.0,0.0,0.0,0.0
E02002836,0.0,0.0,0.0,0.0,0.0
E02002837,0.0,0.0,0.0,0.0,0.0
E02002838,0.0,0.0,0.0,0.0,0.0
E02002839,0.0,0.0,0.0,0.0,0.0
E02002842,0.0,0.0,0.0,0.0,0.0
E02002843,0.0,0.0,0.0,0.0,0.0
E02002844,0.0,0.0,0.0,0.0,0.0
E02002845,0.0,0.0,0.0,0.0,0.0
E02002846,0.0,0.0,0.0,0.0,0.0
E02002847,0.0,0.0,0.0,0.0,0.0
E02002848,0.0,0.0,0.0,0.0,0.0
E02002849,0.0,0.0,0.0,0.0,0.0
E02002851,0.0,0.0,0.0,0.0,0.0
E02002852,0.0,0.0,0.0,0.0,0.0
E02002853,0.0,0.0,0.0,0.0,0.0
E02002854,0.0,0.0,0.0,0.0,0.0
E02002855,0.0,0.0,0.0,0.0,0.0
E02002856,0.0,0.0,0.0,0.0,0.0
E02002857,0.0,0.0,0.0,0.0,0.0
E02002858,0.0,0.0,0.0,0.0,0.0
E02002860,0.0,0.0,0.0,0.0,0.0
E02002861,0.0,0.0,0.0,0.0,0.0
E02002862,0.0,0.0,0.0,0.0,0.0
E02002863,0.0,0.0,0.0,0.0,0.0
E02002864,0.0,0.0,0.0,0.0,0.0
E02002865,0.0,0.0,0.0,0.0,0.0
E02002866,0.0,0.0,0.0,0.0,0.0
E02002867,0.0,0.0,0.0,0.0,0.0
E02002868,0.001248253647521222,0.001248253647521222,0.0012482763033973433,0.0,2.265587612133857e-08
E02002869,0.31621931792091185,0.31621931792091185,0.316215192570944,0.0,4.125349967853964e-06
E02002871,0.0,0.0,0.0,0.0,0.0
E02002872,0.009514274587765124,0.009514274587765124,0.009482544243709536,0.0,3.1730344055588486e-05
E02002873,0.0,0.0,0.0,0.0,0.0
E02002874,0.0,0.0,0.0,0.0,0.0
E02002875,0.0,0.0,0.0,0.0,0.0
E02002876,0.0,0.0,0.0,0.0,0.0
E02002877,0.0,0.0,0.0,0.0,0.0
E02002878,0.0,0.0,0.0,0.0,0.0
E02002879,0.0,0.0,0.0,0.0,0.0
E02002880,0.0,0.0,0.0,0.0,0.0
E02002881,0.18935837706874148,0.18935837706874148,0.18931712683706245,0.0,4.125023167902975e-05
E02002882,0.0,0.0,0.0,0.0,0.0
E02002883,0.0,0.0,0.0,0.0,0.0
E02002884,0.0,0.0,0.0,0.0,0.0
E02002885,0.0,0.0,0.0,0.0,0.0
E02002886,0.0,0.0,0.0,0.0,0.0
E02002887,0.0,0.0,0.0,0.0,0.0
E02002888,0.0,0.0,0.0,0.0,0.0
E02002889,0.0,0.0,0.0,0.0,0.0
E02002890,0.0,0.0,0.0,0.0,0.0
E02002891,0.33423850575170394,0.33423850575170394,0.33423826960454733,0.0,2.36147156607025e-07
E02002892,0.011541088938107636,0.011541088938107636,0.011539456559759118,0.0,1.6323783485188564e-06
E02002893,0.0,0.0,0.0,0.0,0.0
E02002894,0.0,0.0,0.0,0.0,0.0
E02002895,0.0,0.0,0.0,0.0,0.0
E02002896,0.44261563318883806,0.44261563318883806,0.4427511169343594,0.0,0.00013548374552135867
E02002897,0.0,0.0,0.0,0.0,0.0
E02002898,0.1546723056843266,0.1546723056843266,0.154672392858853,0.0,8.717452640305545e-08
E02002899,0.0,0.0,0.0,0.0,0.0
E02002901,0.22239574419734934,0.22239574419734934,0.2223397318391497,0.0,5.6012358199630796e-05
E02002902,0.37884690942034344,0.37884690942034344,0.3786313825807543,0.0,0.00021552683958914187
E02002903,0.5102767363643413,0.5102767363643413,0.5095009658545188,0.0,0.000775770509822582
E02002904,0.2072656013200888,0.2072656013200888,0.2065557987061941,0.0,0.0007098026138947222
E02002905,0.0,0.0,0.0,0.0,0.0
E02002906,0.0,0.0,0.0,0.0,0.0
E02002907,0.0,0.0,0.0,0.0,0.0
E02002908,0.0,0.0,0.0,0.0,0.0
E02002909,0.0,0.0,0.0,0.0,0.0
E02002910,0.0,0.0,0.0,0.0,0.0
E02002911,0.0,0.0,0.0,0.0,0.0
E02002912,0.0,0.0,0.0,0.0,0.0
E02002913,0.0,0.0,0.0,0.0,0.0
E02002914,0.0,0.0,0.0,0.0,0.0
E02002915,0.0,0.0,0.0,0.0,0.0
E02002916,0.0,0.0,0.0,0.0,0.0
E02002917,0.0,0.0,0.0,0.0,0.0
E02002918,0.0,0.0,0.0,0.0,0.0
E02002919,0.0,0.0,0.0,0.0,0.0
E02002920,0.0,0.0,0.0,0.0,0.0
E02002921,0.0,0.0,0.0,0.0,0.0
E02002922,0.0,0.0,0.0,0.0,0.0
E02002923,0.0,0.0,0.0,0.0,0.0
E02002924,0.0,0.0,0.0,0.0,0.0
E02002925,0.0,0.0,0.0,0.0,0.0
E02002926,0.0,0.0,0.0,0.0,0.0
E02002927,0.0,0.0,0.0,0.0,0.0
E02002928,0.0,0.0,0.0,0.0,0.0
E02002929,0.0,0.0,0.0,0.0,0.0
E02002930,0.0,0.0,0.0,0.0,0.0
E02002931,6.911085871727778e-05,6.911085871727778e-05,6.911092647293873e-05,0.0,6.77556609451381e-11
E02002932,0.0,0.0,0.0,0.0,0.0
E02002933,0.0,0.0,0.0,0.0,0.0
E02002934,0.0,0.0,0.0,0.0,0.0
E02002935,0.0,0.0,0.0,0.0,0.0
E02002936,0.0,0.0,0.0,0.0,0.0
E02002937,1.2498809622792732e-05,1.2498809622792732e-05,1.2498461960013433e-05,0.0,3.47662779299232e-10
E02002938,0.0,0.0,0.0,0.0,0.0
E02002939,0.0,0.0,0.0,0.0,0.0
E02002940,0.0,0.0,0.0,0.0,0.0
E02002941,0.0,0.0,0.0,0.0,0.0
E02002942,0.0016595267930174993,0.0016595267930174993,0.0016594543988090792,0.0,7.239420842007974e-08
E02002943,0.0,0.0,0.0,0.0,0.0
E02002944,0.0,0.0,0.0,0.0,0.0
E02002945,2.9302464702000596e-05,2.9302464702000596e-05,2.929231346965295e-05,0.0,1.0151232347647353e-08
E02002946,0.0,0.0,0.0,0.0,0.0
E02002947,0.0,0.0,0.0,0.0,0.0
E02002948,0.0,0.0,0.0,0.0,0.0
E02002949,0.0,0.0,0.0,0.0,0.0
E02002950,0.001562252320170862,0.001562252320170862,0.001562108913896894,0.0,1.434062739680015e-07
E02002951,0.27902602122891246,0.27902602122891246,0.2781694376508244,0.0,0.0008565835780880438
E02002952,0.4903369868504441,0.4903369868504441,0.48942219999284875,0.0,0.0009147868575953289
E02002953,0.0009145612450087868,0.0009145612450087868,0.0009145104967826909,0.0,5.074822609590999e-08
E02002954,0.6618474787965796,0.6618474787965796,0.6612029045602233,0.0,0.0006445742363562212
E02002955,0.0006103042071693906,0.0006103042071693906,0.0006103553227182168,0.0,5.111554882619371e-08
E02002956,0.0,0.0,0.0,0.0,0.0
E02002957,0.28596313675671337,0.28596313675671337,0.2853642881344026,0.0,0.0005988486223107437
E02002958,0.0,0.0,0.0,0.0,0.0
E02002959,0.0,0.0,0.0,0.0,0.0
E02002960,0.0,0.0,0.0,0.0,0.0
E02002961,0.0,0.0,0.0,0.0,0.0
E02002962,0.3235936837741911,0.3235936837741911,0.3234400989129102,0.0,0.00015358486128091986
E02002963,0.0,0.0,0.0,0.0,0.0
E02002964,0.1492481612465014,0.1492481612465014,0.1488808246186126,0.0,0.0003673366278887924
E02002965,0.0,0.0,0.0,0.0,0.0
E02002966,0.0,0.0,0.0,0.0,0.0
E02002967,0.4431536983320098,0.4431536983320098,0.4428274786630522,0.0,0.0003262196689575725
E02002968,4.499519684260157e-05,4.499519684260157e-05,4.500041026884239e-05,0.0,5.213426240816303e-09
E02002969,0.0,0.0,0.0,0.0,0.0
E02002970,0.0,0.0,0.0,0.0,0.0
E02002971,0.0,0.0,0.0,0.0,0.0
E02002972,0.0,0.0,0.0,0.0,0.0
E02002973,0.0975928985389609,0.0975928985389609,0.09740969051685085,0.0,0.00018320802211005405
E02002974,0.05981178213023881,0.05981178213023881,0.058484056537347846,0.0,0.0013277255928909604
E02002975,0.2118574953039306,0.2118574953039306,0.21168394315778588,0.0,0.0001735521461447287
E02002976,0.0,0.0,0.0,0.0,0.0
E02002977,0.0002286954255124597,0.0002286954255124597,0.00022867939060280425,0.0,1.603490965544239e-08
E02002978,0.09759158048578664,0.09759158048578664,0.09668139018322411,0.0,0.0009101903025625357
E02002979,0.0001170075723307049,0.0001170075723307049,0.00011701004574802443,0.0,2.4734173195380994e-09
E02002980,0.23554017697102353,0.23554017697102353,0.23527844587759303,0.0,0.0002617310934305006
E02002981,0.49779281745716414,0.49779281745716414,0.4977809483247091,0.0,1.1869132455044618e-05
E02002982,0.3571244560562428,0.3571244560562428,0.35639174489893755,0.0,0.0007327111573052769
E02002983,0.08736409702557585,0.08736409702557585,0.008702115524158454,0.0,0.0786619815014174
E02002984,0.5412671817657155,0.5412671817657155,0.5412608072236194,0.0,6.374542096176938e-06
E02002985,0.7477454278770623,0.7477454278770623,0.7487931312615133,0.0,0.0010477033844509265
E02002986,0.473821171953145,0.473821171953145,0.3705974100315866,0.0,0.10322376192155841
E02002987,0.6410820230747567,0.6410820230747567,0.5422494254038712,0.0,0.09883259767088548
E02002988,0.19044538585684856,0.19044538585684856,0.19006703343533127,0.0,0.00037835242151729176
E02002989,0.3810044607150415,0.3810044607150415,0.38100205543508775,0.0,2.4052799537654934e-06
E02002990,0.0015858543408484907,0.0015858543408484907,0.0015858630766627955,0.0,8.735814304794767e-09
E02002991,0.26645413982874167,0.26645413982874167,0.2664540676585718,0.0,7.217016984029101e-08
E02002992,0.2430584742091292,0.2430584742091292,0.243058449920505,0.0,2.4288624222990052e-08
E02002993,0.0,0.0,0.0,0.0,0.0
E02002994,0.9700081251735141,0.9700081251735141,0.9672315833116016,0.0,0.0027765418619124516
E02002995,0.2691215336639566,0.2691215336639566,0.2691215791530118,0.0,4.548905524481839e-08
E02002996,0.49570959450269414,0.49570959450269414,0.49570908331863883,0.0,5.111840553073677e-07
E02002997,0.0,0.0,0.0,0.0,0.0
E02002998,0.0,0.0,0.0,0.0,0.0
E02002999,0.25591455985472283,0.25591455985472283,0.25591463962947714,0.0,7.977475430243075e-08
E02003000,0.897533057009092,0.897533057009092,0.8975271058064699,0.0,5.951202622145324e-06
E02003001,0.06542601780149761,0.06542601780149761,0.06542601164336583,0.0,6.158131782285636e-09
E02003002,0.43357942756474444,0.43357942756474444,0.4335794741726041,0.0,4.6607859682801234e-08
E02003003,0.11983271462397661,0.11983271462397661,0.09155131115901584,0.0,0.028281403464960775
E02003004,0.7291618545471463,0.7291618545471463,0.7264693855364257,0.0,0.0026924690107206217
E02003005,0.6763755166930405,0.6763755166930405,0.6766064722549984,0.0,0.00023095556195784628
E02003006,0.8061628266542654,0.8061628266542654,0.8060599327660127,0.0,0.00010289388825268642
E02003007,0.01852223249418049,0.01852223249418049,0.01852222689896914,0.0,5.595211349795903e-09
E02003008,0.0,0.0,0.0,0.0,0.0
E02003009,0.0,0.0,0.0,0.0,0.0
E02003010,0.0,0.0,0.0,0.0,0.0
E02003011,0.0,0.0,0.0,0.0,0.0
E02003012,0.0010424559088344117,0.0010424559088344117,0.0010424421566363339,0.0,1.3752198077792571e-08
E02003013,0.0,0.0,0.0,0.0,0.0
E02003014,0.00045411534027963774,0.00045411534027963774,0.0004540844169834128,0.0,3.092329622494125e-08
E02003015,0.0,0.0,0.0,0.0,0.0
E02003016,0.0,0.0,0.0,0.0,0.0
E02003017,0.0,0.0,0.0,0.0,0.0
E02003018,0.008224271433781748,0.008224271433781748,0.0016024481384148107,0.0,0.006621823295366938
E02003019,0.001875217370240551,0.001875217370240551,0.0003433627501329069,0.0,0.001531854620107644
E02003020,0.0,0.0,0.0,0.0,0.0
E02003021,0.0,0.0,0.0,0.0,0.0
E02003022,0.0,0.0,0.0,0.0,0.0
E02003023,0.09341102143075479,0.09341102143075479,0.09393518018797921,0.0,0.0005241587572244188
E02003024,0.0,0.0,0.0,0.0,0.0
E02003025,0.03284353992842549,0.03284353992842549,0.032864956765152685,0.0,2.141683672719774e-05
E02003026,0.008390623250216039,0.008390623250216039,0.0017890305706442164,0.0,0.006601592679571822
E02003027,0.0,0.0,0.0,0.0,0.0
E02003028,0.0,0.0,0.0,0.0,0.0
E02003029,0.0,0.0,0.0,0.0,0.0
E02003030,0.0,0.0,0.0,0.0,0.0
E02003031,0.0,0.0,0.0,0.0,0.0
E02003032,0.0,0.0,0.0,0.0,0.0
E02003033,0.0,0.0,0.0,0.0,0.0
E02003034,0.0,0.0,0.0,0.0,0.0
E02003036,0.0,0.0,0.0,0.0,0.0
E02003037,0.0,0.0,0.0,0.0,0.0
E02003038,0.0,0.0,0.0,0.0,0.0
E02003039,0.0,0.0,0.0,0.0,0.0
E02003040,0.0,0.0,0.0,0.0,0.0
E02003041,0.005427977238750488,0.005427977238750488,0.0018029774922170875,0.0,0.0036249997465334005
E02003043,0.0,0.0,0.0,0.0,0.0
E02003044,0.14473533890643153,0.14473533890643153,0.14473582021455145,0.0,4.813081199150915e-07
E02003045,0.007313826675177517,0.007313826675177517,0.007627425205450197,0.0,0.00031359853027267993
E02003046,0.01995404812905171,0.01995404812905171,0.020400448121293806,0.0,0.0004463999922420976
E02003047,0.2526116161226086,0.2526116161226086,0.2542976967116393,0.0,0.0016860805890307473
E02003048,0.0,0.0,0.0,0.0,0.0
E02003049,0.35656640825018554,0.35656640825018554,0.3580815931534267,0.0,0.0015151849032411513
E02003050,0.0,0.0,0.0,0.0,0.0
E02003051,0.0,0.0,0.0,0.0,0.0
E02003052,0.10515897270602093,0.10515897270602093,0.10532626656713817,0.0,0.00016729386111724587
E02003053,0.0,0.0,0.0,0.0,0.0
E02003054,0.35201762108906115,0.35201762108906115,0.35274786024816956,0.0,0.0007302391591084145
E02003055,0.0,0.0,0.0,0.0,0.0
E02003056,0.0,0.0,0.0,0.0,0.0
E02003057,0.30168077396264986,0.30168077396264986,0.3023537038482166,0.0,0.0006729298855667198
E02003058,2.9876101883776582e-05,2.9876101883776582e-05,0.0,0.0,2.9876101883776582e-05
E02003059,0.0,0.0,0.0,0.0,0.0
E02003060,0.2610210367581499,0.2610210367581499,0.2612746161718909,0.0,0.0002535794137409897
E02003061,0.16603915559985408,0.16603915559985408,0.1682591348282812,0.0,0.0022199792284271214
E02003062,0.14884084587754784,0.14884084587754784,0.14920628551021903,0.0,0.0003654396326711884
E02003063,0.08919510928790769,0.08919510928790769,0.0882922157898865,0.0,0.0009028934980211956
E02003064,0.31679161327929156,0.31679161327929156,0.3178166518426664,0.0,0.001025038563374825
E02003065,0.0703084941931563,0.0703084941931563,0.07030835042459445,0.0,1.4376856184716846e-07
E02003066,0.12959368941591604,0.12959368941591604,0.12959326421053216,0.0,4.252053838749159e-07
E02003067,0.4973831692556662,0.4973831692556662,0.4973830159219309,0.0,1.533337353198938e-07
E02003068,0.7538746766617093,0.7538746766617093,0.7537570467005981,0.0,0.00011762996111119861
E02003069,0.3635659093341448,0.3635659093341448,0.36356579818529905,0.0,1.1114884573837358e-07
E02003070,0.9211847117004273,0.9211847117004273,0.9212452145114072,0.0,6.050281097991217e-05
E02003071,0.015676763570259517,0.015676763570259517,0.015676763678930655,0.0,1.0867113806045658e-10
E02003072,0.027923297662570033,0.027923297662570033,0.02792338512072403,0.0,8.745815399668899e-08
E02003073,0.0003166038430751175,0.0003166038430751175,0.00031653345934961366,0.0,7.038372550386383e-08
E02003074,0.0,0.0,0.0,0.0,0.0
E02003075,0.8404358939844214,0.8404358939844214,0.8404357689591786,0.0,1.2502524282531624e-07
E02003076,0.14904739735459335,0.14904739735459335,0.14904731168281252,0.0,8.567178083618288e-08
E02003077,0.902147573271301,0.902147573271301,0.9027950033917785,0.0,0.0006474301204775212
E02003078,0.0679574596176877,0.0679574596176877,0.0679574603747759,0.0,7.570881976892707e-10
E02003079,0.0,0.0,0.0,0.0,0.0
E02003080,0.0,0.0,0.0,0.0,0.0
E02003081,0.0,0.0,0.0,0.0,0.0
E02003082,0.0,0.0,0.0,0.0,0.0
E02003084,0.0,0.0,0.0,0.0,0.0
E02003085,0.0,0.0,0.0,0.0,0.0
E02003086,0.0,0.0,0.0,0.0,0.0
E02003087,0.0,0.0,0.0,0.0,0.0
E02003088,0.04860460171312373,0.04860460171312373,0.04864784473918606,0.0,4.3243026062331213e-05
E02003089,0.0,0.0,0.0,0.0,0.0
E02003090,0.03048144807482863,0.03048144807482863,0.030481428338668876,0.0,1.9736159755090465e-08
E02003091,0.5272903310395453,0.5272903310395453,0.5272903877731375,0.0,5.673359226854302e-08
E02003092,0.20745196988485684,0.20745196988485684,0.20745202006986763,0.0,5.018501078590809e-08
E02003093,0.651129071973937,0.651129071973937,0.6511290740005196,0.0,2.0265825684262495e-09
E02003094,0.6998478787350045,0.6998478787350045,0.6861028394450257,0.0,0.013745039289978833
E02003095,0.0,0.0,0.0,0.0,0.0
E02003096,0.0,0.0,0.0,0.0,0.0
E02003097,0.04036109798459029,0.04036109798459029,0.04036104154991449,0.0,5.643467580057626e-08
E02003098,0.0010056987633302495,0.0010056987633302495,0.0010053265341632622,0.0,3.722291669872556e-07
E02003099,0.0,0.0,0.0,0.0,0.0
E02003100,0.0004527870936664685,0.0004527870936664685,0.00045289556486591005,0.0,1.0847119944157281e-07
E02003101,0.0,0.0,0.0,0.0,0.0
E02003102,0.832719021214905,0.832719021214905,0.832719128220757,0.0,1.070058519569983e-07
E02003103,0.06627993551932031,0.06627993551932031,0.06627990025999206,0.0,3.5259328248771205e-08
E02003104,0.0,0.0,0.0,0.0,0.0
E02003105,0.8153485726465676,0.8153485726465676,0.7783058260561218,0.0,0.03704274659044582
E02003106,0.37816889079289334,0.37816889079289334,0.2624694149424728,0.0,0.11569947585042056
E02003107,0.0,0.0,0.0,0.0,0.0
E02003108,0.8556776381889817,0.8556776381889817,0.8556775406955206,0.0,9.749346108200996e-08
E02003109,0.0006468568331288032,0.0006468568331288032,0.0006470405395933927,0.0,1.837064645895817e-07
E02003110,0.15505371791042763,0.15505371791042763,0.15505363755189572,0.0,8.035853191201703e-08
E02003111,2.387239279976796e-05,2.387239279976796e-05,2.3884798340645806e-05,0.0,1.240554087784574e-08
E02003112,0.0006019967647374427,0.0006019967647374427,0.0006018332802436112,0.0,1.6348449383152015e-07
E02003113,0.48173190708765756,0.48173190708765756,0.481731934895904,0.0,2.780824642778512e-08
E02003114,0.0,0.0,0.0,0.0,0.0
E02003115,0.0,0.0,0.0,0.0,0.0
E02003116,2.0152561857665074e-08,2.0152561857665074e-08,2.004538057580456e-08,0.0,1.0718128186051361e-10
E02003117,0.0,0.0,0.0,0.0,0.0
E02003118,0.288704906839918,0.288704906839918,0.288704811334512,0.0,9.550540602809576e-08
E02003119,0.4701004326090439,0.4701004326090439,0.47010011740428254,0.0,3.152047613474984e-07
E02003120,0.3217419395841204,0.3217419395841204,0.32167759198587687,0.0,6.434759824353042e-05
E02003121,0.48287876821933734,0.48287876821933734,0.482879625797694,0.0,8.57578356661115e-07
E02003122,0.0,0.0,0.0,0.0,0.0
E02003123,0.0,0.0,0.0,0.0,0.0
E02003124,0.0,0.0,0.0,0.0,0.0
E02003125,0.0,0.0,0.0,0.0,0.0
E02003126,0.0,0.0,0.0,0.0,0.0
E02003127,0.0,0.0,0.0,0.0,0.0
E02003128,0.0,0.0,0.0,0.0,0.0
E02003129,0.0,0.0,0.0,0.0,0.0
E02003130,0.0,0.0,0.0,0.0,0.0
E02003131,0.0,0.0,0.0,0.0,0.0
E02003132,0.0,0.0,0.0,0.0,0.0
E02003133,0.0,0.0,0.0,0.0,0.0
E02003134,0.0,0.0,0.0,0.0,0.0
E02003135,0.0,0.0,0.0,0.0,0.0
E02003136,0.0,0.0,0.0,0.0,0.0
E02003137,0.0,0.0,0.0,0.0,0.0
E02003138,0.0,0.0,0.0,0.0,0.0
E02003139,0.0,0.0,0.0,0.0,0.0
E02003140,0.0,0.0,0.0,0.0,0.0
E02003141,0.0,0.0,0.0,0.0,0.0
E02003142,0.0,0.0,0.0,0.0,0.0
E02003143,0.0,0.0,0.0,0.0,0.0
E02003144,0.0,0.0,0.0,0.0,0.0
E02003145,0.0,0.0,0.0,0.0,0.0
E02003146,0.0,0.0,0.0,0.0,0.0
E02003147,0.0,0.0,0.0,0.0,0.0
E02003148,0.0,0.0,0.0,0.0,0.0
E02003149,0.0,0.0,0.0,0.0,0.0
E02003150,0.0,0.0,0.0,0.0,0.0
E02003151,0.0,0.0,0.0,0.0,0.0
E02003152,0.0,0.0,0.0,0.0,0.0
E02003153,0.0,0.0,0.0,0.0,0.0
E02003154,0.0,0.0,0.0,0.0,0.0
E02003155,0.0,0.0,0.0,0.0,0.0
E02003156,0.0,0.0,0.0,0.0,0.0
E02003157,0.0,0.0,0.0,0.0,0.0
E02003158,0.0,0.0,0.0,0.0,0.0
E02003159,0.0,0.0,0.0,0.0,0.0
E02003161,0.0,0.0,0.0,0.0,0.0
E02003163,0.0,0.0,0.0,0.0,0.0
E02003164,0.0,0.0,0.0,0.0,0.0
E02003165,0.0,0.0,0.0,0.0,0.0
E02003166,0.0,0.0,0.0,0.0,0.0
E02003167,0.0,0.0,0.0,0.0,0.0
E02003168,0.0,0.0,0.0,0.0,0.0
E02003169,0.0,0.0,0.0,0.0,0.0
E02003170,0.0,0.0,0.0,0.0,0.0
E02003171,0.0,0.0,0.0,0.0,0.0
E02003172,0.38769656146162446,0.38769656146162446,0.38813978282161377,0.0,0.0004432213599893098
E02003173,0.16961679812618596,0.16961679812618596,0.16989432764238377,0.0,0.0002775295161978053
E02003174,0.19768179973652733,0.19768179973652733,0.19768331448396462,0.0,1.5147474372867453e-06
E02003175,0.49003110221006346,0.49003110221006346,0.49055883501425834,0.0,0.0005277328041948803
E02003176,0.0,0.0,0.0,0.0,0.0
E02003177,0.019692643267382792,0.019692643267382792,0.019759461890305852,0.0,6.68186229230601e-05
E02003178,0.0,0.0,0.0,0.0,0.0
E02003179,0.29009895637928357,0.29009895637928357,0.29200953355371634,0.0,0.0019105771744327704
E02003180,0.0,0.0,0.0,0.0,0.0
E02003181,0.0,0.0,0.0,0.0,0.0
E02003182,0.040649997359218516,0.040649997359218516,0.041307373859502866,0.0,0.0006573765002843499
E02003183,0.0,0.0,0.0,0.0,0.0
E02003184,0.0,0.0,0.0,0.0,0.0
E02003185,0.13375673205292116,0.13375673205292116,0.13437582201837267,0.0,0.0006190899654515136
E02003186,0.0,0.0,0.0,0.0,0.0
E02003187,0.0,0.0,0.0,0.0,0.0
E02003188,0.0,0.0,0.0,0.0,0.0
E02003189,0.0,0.0,0.0,0.0,0.0
E02003190,0.0,0.0,0.0,0.0,0.0
E02003191,0.5023438757029073,0.5023438757029073,0.5023436515527869,0.0,2.2415012035370552e-07
E02003192,0.0,0.0,0.0,0.0,0.0
E02003194,0.8805847834509462,0.8805847834509462,0.8820994992966958,0.0,0.0015147158457496923
E02003195,0.2233990852078887,0.2233990852078887,0.22339978708513442,0.0,7.018772457123568e-07
E02003196,0.35721407069332756,0.35721407069332756,0.3572141175537431,0.0,4.6860415547911316e-08
E02003197,0.31296384707946334,0.31296384707946334,0.312963908347302,0.0,6.126783863580343e-08
E02003198,0.0,0.0,0.0,0.0,0.0
E02003199,0.24014224865627407,0.24014224865668304,0.24035999025710247,4.0897840669629204e-13,0.00021774160082840832
E02003200,0.0,0.0,0.0,0.0,0.0
E02003201,0.0,0.0,0.0,0.0,0.0
E02003202,0.0,0.0,0.0,0.0,0.0
E02003203,0.0,0.0,0.0,0.0,0.0
E02003204,0.0,0.0,0.0,0.0,0.0
E02003205,0.0,0.0,0.0,0.0,0.0
E02003206,0.0,0.0,0.0,0.0,0.0
E02003207,0.1895125025403296,0.1895125025403296,0.18952576637824503,0.0,1.3263837915417076e-05
E02003208,0.0,0.0,0.0,0.0,0.0
E02003209,0.0,0.0,0.0,0.0,0.0
E02003210,0.0,0.0,0.0,0.0,0.0
E02003211,0.0,0.0,0.0,0.0,0.0
E02003212,0.0,0.0,0.0,0.0,0.0
E02003214,0.0,0.0,0.0,0.0,0.0
E02003215,0.0,0.0,0.0,0.0,0.0
E02003216,0.0,0.0,0.0,0.0,0.0
E02003217,0.0,0.0,0.0,0.0,0.0
E02003218,0.0,0.0,0.0,0.0,0.0
E02003219,0.0,0.0,0.0,0.0,0.0
E02003220,0.0,0.0,0.0,0.0,0.0
E02003221,0.0,0.0,0.0,0.0,0.0
E02003222,0.0,0.0,0.0,0.0,0.0
E02003223,0.0,0.0,0.0,0.0,0.0
E02003224,0.0,0.0,0.0,0.0,0.0
E02003225,0.0,0.0,0.0,0.0,0.0
E02003226,0.0,0.0,0.0,0.0,0.0
E02003227,0.0,0.0,0.0,0.0,0.0
E02003228,0.0,0.0,0.0,0.0,0.0
E02003229,0.0,0.0,0.0,0.0,0.0
E02003230,0.0,0.0,0.0,0.0,0.0
E02003231,0.0,0.0,0.0,0.0,0.0
E02003232,0.0,0.0,0.0,0.0,0.0
E02003233,0.0,0.0,0.0,0.0,0.0
E02003234,0.0,0.0,0.0,0.0,0.0
E02003235,0.0,0.0,0.0,0.0,0.0
E02003236,0.0,0.0,0.0,0.0,0.0
E02003237,0.0,0.0,0.0,0.0,0.0
E02003238,0.0,0.0,0.0,0.0,0.0
E02003239,0.0,0.0,0.0,0.0,0.0
E02003240,0.0,0.0,0.0,0.0,0.0
E02003241,0.0,0.0,0.0,0.0,0.0
E02003242,0.0,0.0,0.0,0.0,0.0
E02003243,0.0,0.0,0.0,0.0,0.0
E02003244,0.0,0.0,0.0,0.0,0.0
E02003245,0.0,0.0,0.0,0.0,0.0
E02003246,0.0,0.0,0.0,0.0,0.0
E02003247,0.0,0.0,0.0,0.0,0.0
E02003248,0.0,0.0,0.0,0.0,0.0
E02003249,0.0,0.0,0.0,0.0,0.0
E02003250,0.0,0.0,0.0,0.0,0.0
E02003251,0.0,0.0,0.0,0.0,0.0
E02003252,0.0,0.0,0.0,0.0,0.0
E02003253,0.0,0.0,0.0,0.0,0.0
E02003254,0.0,0.0,0.0,0.0,0.0
E02003255,0.0,0.0,0.0,0.0,0.0
E02003257,0.0,0.0,0.0,0.0,0.0
E02003258,0.01110689226900351,0.01110689226900351,0.01110703177390472,0.0,1.3950490120907821e-07
E02003259,0.0022849795622655183,0.0022849795622655183,0.0021997210255267925,0.0,8.52585367387259e-05
E02003260,0.0006624331561264914,0.0006624331561264914,0.0006624750103404467,0.0,4.185421395531616e-08
E02003261,0.0,0.0,0.0,0.0,0.0
E02003262,7.484722635199577e-08,7.484722635199577e-08,7.988845287796849e-08,0.0,5.0412265259727165e-09
E02003263,0.0,0.0,0.0,0.0,0.0
E02003264,0.0023971088331084657,0.0023971088331084657,0.0023971191935155665,0.0,1.036040710080538e-08
E02003265,0.3371855833645811,0.3371855833645811,0.33718501745280294,0.0,5.659117781608991e-07
E02003266,0.0004125780444123916,0.0004125780444123916,0.00041260741544107624,0.0,2.937102868463262e-08
E02003267,0.0,0.0,0.0,0.0,0.0
E02003268,1.5023016108299936e-05,1.5023016108299936e-05,1.5022594442228859e-05,0.0,4.216660710767132e-10
E02003269,0.04079083666781561,0.04079083666781561,0.04079083666781561,0.0,0.0
E02003270,0.0031350569486772685,0.0031350569486772685,0.0031350833933160276,0.0,2.6444638759164085e-08
E02003271,0.054841757067487416,0.054841757067487416,0.0548123273295688,0.0,2.9429737918619525e-05
E02003272,0.0,0.0,0.0,0.0,0.0
E02003273,2.229670638917517e-06,2.229670638917517e-06,2.2288656435922716e-06,0.0,8.049953252454793e-10
E02003274,0.0,0.0,0.0,0.0,0.0
E02003275,0.0,0.0,0.0,0.0,0.0
E02003276,0.002743067432217775,0.002743067432217775,0.0027432056533063655,0.0,1.3822108859036508e-07
E02003277,0.0003669918467610211,0.0003669918467610211,0.0003669907948168395,0.0,1.051944181610677e-09
E02003278,0.0031034663173829125,0.0031034663173829125,0.0031032845055495735,0.0,1.818118333389747e-07
E02003279,0.013993260962642126,0.01399326091004061,0.013522879952162776,5.260151689223669e-11,0.00047038101047935064
E02003280,0.00022144535648150308,0.00022144535648150308,0.0001744914512210046,0.0,4.6953905260498476e-05
E02003281,0.243918032948176,0.243918032948176,0.24391810908540532,0.0,7.613722932675593e-08
E02003282,0.0,0.0,0.0,0.0,0.0
E02003283,0.0,0.0,0.0,0.0,0.0
E02003284,0.17490088739075724,0.17490088739075724,0.17447145122120317,0.0,0.0004294361695540705
E02003285,0.0,0.0,0.0,0.0,0.0
E02003286,0.4089689900266128,0.40896898991214303,0.40858130541536747,1.1446976699858169e-10,0.0003876846112453314
E02003287,0.48454539009188313,0.48454539009188313,0.4843344564519374,0.0,0.00021093363994573178
E02003288,0.0,0.0,0.0,0.0,0.0
E02003289,0.09900551882449547,0.09900551882449547,0.09900574905060153,0.0,2.3022610605438754e-07
E02003290,0.0,0.0,0.0,0.0,0.0
E02003291,0.02736355614736237,0.02736355614736237,0.02709932243071247,0.0,0.0002642337166498983
E02003292,0.0,0.0,0.0,0.0,0.0
E02003293,0.0,0.0,0.0,0.0,0.0
E02003294,0.0,0.0,0.0,0.0,0.0
E02003295,0.2832907282192498,0.2832907282192498,0.28317437787481725,0.0,0.00011635034443252534
E02003296,0.5942127369543599,0.5942127374031946,0.6103496339447517,4.488346361242179e-10,0.01613689699039178
E02003297,0.38915396782023204,0.38915396782023204,0.3891535240637385,0.0,4.4375649355110625e-07
E02003298,0.29166253326469394,0.29166253326469394,0.29166223697318466,0.0,2.962915092719065e-07
E02003299,0.9811486967334757,0.9811486967508438,0.9813338632237002,1.7368106952631024e-11,0.0001851664902244865
E02003300,0.7364728221003897,0.7364728221003897,0.7808231203999334,0.0,0.04435029829954373
E02003301,0.8982418240904659,0.8982418240904659,0.9146570942882095,0.0,0.01641527019774358
E02003302,0.49825514518038355,0.49825514518038355,0.4983411133890043,0.0,8.596820862072363e-05
E02003303,0.8324355273231498,0.8324355273231498,0.8067783527751672,0.0,0.025657174547982664
E02003304,0.4841515109916634,0.4841515109916634,0.48365147292267785,0.0,0.0005000380689855755
E02003305,0.5049761890985204,0.5049761890985204,0.505525038210932,0.0,0.000548849112411598
E02003307,0.5663111165034669,0.5663111165034669,0.5671867890689786,0.0,0.000875672565511687
E02003308,0.9366058856685208,0.9366058856685208,0.9373284970119437,0.0,0.0007226113434228854
E02003309,0.2561299647383055,0.2561299647383055,0.25632782254031816,0.0,0.00019785780201264647
E02003310,0.20205104298746776,0.20205104298746776,0.20174986024595468,0.0,0.0003011827415130841
E02003311,0.0,0.0,0.0,0.0,0.0
E02003312,0.0,0.0,0.0,0.0,0.0
E02003313,0.377414815062005,0.377414815062005,0.37601354303601486,0.0,0.0014012720259901634
E02003314,0.0,0.0,0.0,0.0,0.0
E02003315,0.021491921149494796,0.021491921149494796,0.021472623446333418,0.0,1.92977031613778e-05
E02003316,0.0,0.0,0.0,0.0,0.0
E02003317,0.021030613716858545,0.021030613716858545,0.021030672995517474,0.0,5.9278658929434735e-08
E02003318,0.24922202222609097,0.24922202491085238,0.24888792177571853,2.6847614131852993e-09,0.00033410045037243763
E02003319,0.0,0.0,0.0,0.0,0.0
E02003320,0.0,0.0,0.0,0.0,0.0
E02003321,0.00014837325037577817,0.00014837325037577817,0.00014839273926789284,0.0,1.9488892114672514e-08
E02003322,0.0,0.0,0.0,0.0,0.0
E02003323,0.0,0.0,0.0,0.0,0.0
E02003324,0.0,0.0,0.0,0.0,0.0
E02003325,0.0,0.0,0.0,0.0,0.0
E02003326,0.0,0.0,0.0,0.0,0.0
E02003327,0.0,0.0,0.0,0.0,0.0
E02003328,0.0,0.0,0.0,0.0,0.0
E02003329,0.0,0.0,0.0,0.0,0.0
E02003330,0.0,0.0,0.0,0.0,0.0
E02003331,0.0,0.0,0.0,0.0,0.0
E02003332,0.0,0.0,0.0,0.0,0.0
E02003333,0.0,0.0,0.0,0.0,0.0
E02003334,0.0,0.0,0.0,0.0,0.0
E02003335,0.0,0.0,0.0,0.0,0.0
E02003336,0.0,0.0,0.0,0.0,0.0
E02003337,0.0,0.0,0.0,0.0,0.0
E02003338,0.0,0.0,0.0,0.0,0.0
E02003339,0.0,0.0,0.0,0.0,0.0
E02003340,0.0,0.0,0.0,0.0,0.0
E02003341,0.8148048934024527,0.8148048934024527,0.8130981544996225,0.0,0.0017067389028301294
E02003342,0.0,0.0,0.0,0.0,0.0
E02003343,0.0,0.0,0.0,0.0,0.0
E02003344,0.0,0.0,0.0,0.0,0.0
E02003345,0.0,0.0,0.0,0.0,0.0
E02003346,0.0,0.0,0.0,0.0,0.0
E02003347,0.0,0.0,0.0,0.0,0.0
E02003348,0.0,0.0,0.0,0.0,0.0
E02003349,0.0,0.0,0.0,0.0,0.0
E02003350,0.0,0.0,0.0,0.0,0.0
E02003351,0.0,0.0,0.0,0.0,0.0
E02003352,0.8663937555862494,0.8663937555862494,0.8660655771964488,0.0,0.000328178389800593
E02003353,0.4566993626112543,0.4566993626112543,0.45661855769203363,0.0,8.080491922068944e-05
E02003354,0.0,0.0,0.0,0.0,0.0
E02003355,0.0,0.0,0.0,0.0,0.0
E02003356,0.4277098057800581,0.4277098057800581,0.4274406695888377,0.0,0.00026913619122043153
E02003357,0.0,0.0,0.0,0.0,0.0
E02003358,0.0,0.0,0.0,0.0,0.0
E02003359,0.0,0.0,0.0,0.0,0.0
E02003360,0.0,0.0,0.0,0.0,0.0
E02003361,0.0,0.0,0.0,0.0,0.0
E02003362,0.0,0.0,0.0,0.0,0.0
E02003363,0.0,0.0,0.0,0.0,0.0
E02003364,0.0,0.0,0.0,0.0,0.0
E02003365,0.0,0.0,0.0,0.0,0.0
E02003366,0.0,0.0,0.0,0.0,0.0
E02003367,0.0,0.0,0.0,0.0,0.0
E02003368,0.0,0.0,0.0,0.0,0.0
E02003369,0.0,0.0,0.0,0.0,0.0
E02003370,0.0,0.0,0.0,0.0,0.0
E02003371,0.0,0.0,0.0,0.0,0.0
E02003372,0.0,0.0,0.0,0.0,0.0
E02003373,0.0,0.0,0.0,0.0,0.0
E02003374,0.0,0.0,0.0,0.0,0.0
E02003375,0.0,0.0,0.0,0.0,0.0
E02003376,0.0,0.0,0.0,0.0,0.0
E02003377,0.0,0.0,0.0,0.0,0.0
E02003378,0.0,0.0,0.0,0.0,0.0
E02003379,0.0,0.0,0.0,0.0,0.0
E02003380,0.0,0.0,0.0,0.0,0.0
E02003381,0.0,0.0,0.0,0.0,0.0
E02003382,0.0,0.0,0.0,0.0,0.0
E02003383,0.0,0.0,0.0,0.0,0.0
E02003384,0.0,0.0,0.0,0.0,0.0
E02003385,0.0,0.0,0.0,0.0,0.0
E02003386,0.0,0.0,0.0,0.0,0.0
E02003387,0.0,0.0,0.0,0.0,0.0
E02003388,0.0,0.0,0.0,0.0,0.0
E02003389,0.0,0.0,0.0,0.0,0.0
E02003390,0.0,0.0,0.0,0.0,0.0
E02003391,0.0,0.0,0.0,0.0,0.0
E02003392,0.0,0.0,0.0,0.0,0.0
E02003393,0.0,0.0,0.0,0.0,0.0
E02003394,0.0,0.0,0.0,0.0,0.0
E02003395,0.0,0.0,0.0,0.0,0.0
E02003396,0.0,0.0,0.0,0.0,0.0
E02003397,0.0,0.0,0.0,0.0,0.0
E02003398,0.0,0.0,0.0,0.0,0.0
E02003399,0.0,0.0,0.0,0.0,0.0
E02003400,0.0,0.0,0.0,0.0,0.0
E02003401,0.0,0.0,0.0,0.0,0.0
E02003402,0.0,0.0,0.0,0.0,0.0
E02003403,0.0,0.0,0.0,0.0,0.0
E02003404,0.0,0.0,0.0,0.0,0.0
E02003405,0.0,0.0,0.0,0.0,0.0
E02003406,0.0,0.0,0.0,0.0,0.0
E02003407,0.11570225178147898,0.125575682721761,0.12550954363083247,0.009873430940282021,0.009807291849353486
E02003408,0.002835438263119619,0.002870784727396591,0.0028692076600483874,3.5346464276971804e-05,3.37693969287684e-05
E02003409,0.0018923134068285206,0.002828601211738151,0.0028285214786669013,0.0009362878049096303,0.0009362080718383807
E02003410,0.016211133981412426,0.016496411983201103,0.016446132896256814,0.00028527800178867677,0.0002349989148443879
E02003411,0.30959561130874697,0.31083582192922476,0.3105374917484189,0.0012402106204777996,0.000941880439671916
E02003412,0.0011050220417414612,0.0011050220417414612,0.001105036456692228,0.0,1.4414950766893087e-08
E02003413,0.028666153832717714,0.028835769356462586,0.028665893663769978,0.00016961552374487182,2.6016894773620014e-07
E02003414,0.441484643803661,0.533157676519062,0.5321401776516547,0.091673032715401,0.09065553384799369
E02003415,0.1595683391916426,0.15974262565378983,0.15837826089394183,0.00017428646214723287,0.001190078297700764
E02003416,0.17721328130884995,0.17876884904891363,0.1782269272200788,0.0015555677400636847,0.0010136459112288498
E02003417,0.3623481046589532,0.3647889908895844,0.3633864921850396,0.002440886230631212,0.0010383875260864261
E02003418,0.0,0.0,0.0,0.0,0.0
E02003419,0.002364516183321121,0.002616183514617261,0.0026159066405472523,0.00025166733129613995,0.0002513904572261313
E02003420,0.7164497539943244,0.7161945465763665,0.7155867355780992,0.00025520741795792556,0.0008630184162252696
E02003421,0.6892828010087588,0.6892828010087588,0.6892833755611363,0.0,5.745523774525196e-07
E02003422,0.9805161110857151,0.9805161110859616,0.9804219334822599,2.4646951146678475e-13,9.417760345520332e-05
E02003423,0.016189834148614593,0.016189834148614593,0.016189508996126648,0.0,3.2515248794481866e-07
E02003424,0.4510917249838646,0.4510917249838646,0.450932803262366,0.0,0.00015892172149856165
E02003425,0.011549955609446676,0.011549955609446676,0.011549891003556833,0.0,6.460588984277815e-08
E02003426,0.2819879949586883,0.2819879949586883,0.28198832478955776,0.0,3.298308694499319e-07
E02003427,0.054240418054423464,0.054240418054423464,0.05424010959979497,0.0,3.0845462849204974e-07
E02003428,0.6308120715576871,0.6308120715576871,0.6308119421482116,0.0,1.2940947557993354e-07
E02003429,0.9537386386672606,0.9537386386672606,0.9535104716659601,0.0,0.00022816700130046108
E02003430,0.8349339772366396,0.8349479128063253,0.8343448036718062,1.393556968565246e-05,0.0005891735648334562
E02003431,0.9000362861643542,0.9000319753074291,0.8993197471660519,4.310856925093809e-06,0.000716538998302263
E02003432,0.32109832552396983,0.32109832552396983,0.32099259278768827,0.0,0.00010573273628156077
E02003433,0.4281687868318535,0.4281687868318535,0.4276503830493171,0.0,0.0005184037825364252
E02003434,0.0,0.0,0.0,0.0,0.0
E02003435,0.8065121043543662,0.8065121043543662,0.8065119631810492,0.0,1.4117331692542479e-07
E02003436,0.9150801922828679,0.9150801922828679,0.9145950525895145,0.0,0.000485139693353398
E02003437,0.7825182646127924,0.7825182646127925,0.7818210876725193,1.1102230246251565e-16,0.0006971769402730477
E02003438,0.5549602579034485,0.5549602579034486,0.5545515093464999,1.1102230246251565e-16,0.0004087485569486127
E02003439,0.9209339582616164,0.9209339582616164,0.9207483152233014,0.0,0.00018564303831503093
E02003440,0.035438786644275654,0.035438786644275654,0.03543877019625039,0.0,1.6448025261239785e-08
E02003441,0.0,0.0,0.0,0.0,0.0
E02003442,0.0020713055231995335,0.0020713055231995335,0.0020712946610410062,0.0,1.0862158527236848e-08
E02003443,0.0,0.0,0.0,0.0,0.0
E02003444,0.0,0.0,0.0,0.0,0.0
E02003445,0.0,0.0,0.0,0.0,0.0
E02003446,0.0,0.0,0.0,0.0,0.0
E02003447,0.0,0.0,0.0,0.0,0.0
E02003448,0.051543630204906814,0.05154363024546737,0.05146477601443437,4.056055491474808e-11,7.885419047244657e-05
E02003449,0.0,0.0,0.0,0.0,0.0
E02003450,0.0,0.0,0.0,0.0,0.0
E02003451,0.0,0.0,0.0,0.0,0.0
E02003452,0.0,0.0,0.0,0.0,0.0
E02003453,0.0,0.0,0.0,0.0,0.0
E02003454,0.0,0.0,0.0,0.0,0.0
E02003455,0.0,0.0,0.0,0.0,0.0
E02003456,0.0,0.0,0.0,0.0,0.0
E02003457,0.0,0.0,0.0,0.0,0.0
E02003458,0.0,0.0,0.0,0.0,0.0
E02003459,0.0,0.0,0.0,0.0,0.0
E02003460,0.0,0.0,0.0,0.0,0.0
E02003461,0.0,0.0,0.0,0.0,0.0
E02003462,0.0,0.0,0.0,0.0,0.0
E02003463,0.0,0.0,0.0,0.0,0.0
E02003464,0.0,0.0,0.0,0.0,0.0
E02003465,0.0,0.0,0.0,0.0,0.0
E02003466,0.0,0.0,0.0,0.0,0.0
E02003467,0.0,0.0,0.0,0.0,0.0
E02003468,0.0,0.0,0.0,0.0,0.0
E02003469,0.0,0.0,0.0,0.0,0.0
E02003470,0.0,0.0,0.0,0.0,0.0
E02003471,0.0,0.0,0.0,0.0,0.0
E02003472,0.0,0.0,0.0,0.0,0.0
E02003473,0.0,0.0,0.0,0.0,0.0
E02003474,0.0,0.0,0.0,0.0,0.0
E02003475,0.0,0.0,0.0,0.0,0.0
E02003476,0.0,0.0,0.0,0.0,0.0
E02003477,0.0,0.0,0.0,0.0,0.0
E02003478,0.0,0.0,0.0,0.0,0.0
E02003479,0.0,0.0,0.0,0.0,0.0
E02003480,0.0,0.0,0.0,0.0,0.0
E02003481,0.0,0.0,0.0,0.0,0.0
E02003482,0.0006579356948212122,0.0006579356948212122,0.000657889893470449,0.0,4.580135076314839e-08
E02003483,0.0,0.0,0.0,0.0,0.0
E02003484,0.0,0.0,0.0,0.0,0.0
E02003485,0.0,0.0,0.0,0.0,0.0
E02003486,0.0,0.0,0.0,0.0,0.0
E02003487,0.0,0.0,0.0,0.0,0.0
E02003488,0.0,0.0,0.0,0.0,0.0
E02003489,0.0,0.0,0.0,0.0,0.0
E02003490,0.0,0.0,0.0,0.0,0.0
E02003491,0.0,0.0,0.0,0.0,0.0
E02003492,0.0,0.0,0.0,0.0,0.0
E02003493,0.0,0.0,0.0,0.0,0.0
E02003494,0.0,0.0,0.0,0.0,0.0
E02003495,0.0,0.0,0.0,0.0,0.0
E02003496,0.0,0.0,0.0,0.0,0.0
E02003497,0.0,0.0,0.0,0.0,0.0
E02003498,0.0,0.0,0.0,0.0,0.0
E02003499,0.0,0.0,0.0,0.0,0.0
E02003500,0.0,0.0,0.0,0.0,0.0
E02003501,0.0,0.0,0.0,0.0,0.0
E02003502,0.0,0.0,0.0,0.0,0.0
E02003503,0.0,0.0,0.0,0.0,0.0
E02003504,0.0,0.0,0.0,0.0,0.0
E02003505,0.0,0.0,0.0,0.0,0.0
E02003506,0.0,0.0,0.0,0.0,0.0
E02003507,0.0,0.0,0.0,0.0,0.0
E02003508,0.0,0.0,0.0,0.0,0.0
E02003509,0.0,0.0,0.0,0.0,0.0
E02003510,0.0,0.0,0.0,0.0,0.0
E02003511,0.0,0.0,0.0,0.0,0.0
E02003512,0.0,0.0,0.0,0.0,0.0
E02003513,0.0,0.0,0.0,0.0,0.0
E02003514,0.0,0.0,0.0,0.0,0.0
E02003515,0.0,0.0,0.0,0.0,0.0
E02003516,0.0,0.0,0.0,0.0,0.0
E02003517,0.0,0.0,0.0,0.0,0.0
E02003518,0.0,0.0,0.0,0.0,0.0
E02003519,0.0,0.0,0.0,0.0,0.0
E02003520,0.0,0.0,0.0,0.0,0.0
E02003521,0.0,0.0,0.0,0.0,0.0
E02003522,0.0,0.0,0.0,0.0,0.0
E02003523,0.0,0.0,0.0,0.0,0.0
E02003524,0.0,0.0,0.0,0.0,0.0
E02003525,0.0,0.0,0.0,0.0,0.0
E02003526,0.0,0.0,0.0,0.0,0.0
E02003527,0.0,0.0,0.0,0.0,0.0
E02003529,0.0,0.0,0.0,0.0,0.0
E02003530,0.0,0.0,0.0,0.0,0.0
E02003531,0.0,0.0,0.0,0.0,0.0
E02003532,0.0,0.0,0.0,0.0,0.0
E02003533,0.0,0.0,0.0,0.0,0.0
E02003534,0.0,0.0,0.0,0.0,0.0
E02003535,0.0,0.0,0.0,0.0,0.0
E02003536,0.0,0.0,0.0,0.0,0.0
E02003537,0.0,0.0,0.0,0.0,0.0
E02003538,0.0,0.0,0.0,0.0,0.0
E02003539,0.0,0.0,0.0,0.0,0.0
E02003540,0.0,0.0,0.0,0.0,0.0
E02003541,0.0,0.0,0.0,0.0,0.0
E02003542,0.0,0.0,0.0,0.0,0.0
E02003543,0.0,0.0,0.0,0.0,0.0
E02003544,0.0,0.0,0.0,0.0,0.0
E02003545,0.0,0.0,0.0,0.0,0.0
E02003546,0.0,0.0,0.0,0.0,0.0
E02003547,0.0,0.0,0.0,0.0,0.0
E02003548,0.0,0.0,0.0,0.0,0.0
E02003549,0.0,0.0,0.0,0.0,0.0
E02003550,0.0,0.0,0.0,0.0,0.0
E02003551,0.0,0.0,0.0,0.0,0.0
E02003552,0.0,0.0,0.0,0.0,0.0
E02003553,0.0,0.0,0.0,0.0,0.0
E02003554,0.0,0.0,0.0,0.0,0.0
E02003555,0.0,0.0,0.0,0.0,0.0
E02003556,0.0,0.0,0.0,0.0,0.0
E02003557,0.0,0.0,0.0,0.0,0.0
E02003558,0.0,0.0,0.0,0.0,0.0
E02003559,0.0,0.0,0.0,0.0,0.0
E02003560,0.0,0.0,0.0,0.0,0.0
E02003561,0.0,0.0,0.0,0.0,0.0
E02003562,0.0,0.0,0.0,0.0,0.0
E02003563,0.0,0.0,0.0,0.0,0.0
E02003564,0.0,0.0,0.0,0.0,0.0
E02003565,0.0,0.0,0.0,0.0,0.0
E02003566,0.0,0.0,0.0,0.0,0.0
E02003567,0.0,0.0,0.0,0.0,0.0
E02003568,0.0,0.0,0.0,0.0,0.0
E02003569,0.0,0.0,0.0,0.0,0.0
E02003570,0.0,0.0,0.0,0.0,0.0
E02003571,0.0,0.0,0.0,0.0,0.0
E02003572,0.0,0.0,0.0,0.0,0.0
E02003573,0.0,0.0,0.0,0.0,0.0
E02003574,0.0,0.0,0.0,0.0,0.0
E02003575,0.0,0.0,0.0,0.0,0.0
E02003576,0.0,0.0,0.0,0.0,0.0
E02003577,0.0,0.0,0.0,0.0,0.0
E02003578,0.0,0.0,0.0,0.0,0.0
E02003579,0.0,0.0,0.0,0.0,0.0
E02003580,0.0,0.0,0.0,0.0,0.0
E02003581,0.0,0.0,0.0,0.0,0.0
E02003582,0.0,0.0,0.0,0.0,0.0
E02003583,0.0,0.0,0.0,0.0,0.0
E02003584,0.0,0.0,0.0,0.0,0.0
E02003585,0.0,0.0,0.0,0.0,0.0
E02003586,0.0,0.0,0.0,0.0,0.0
E02003587,0.0,0.0,0.0,0.0,0.0
E02003588,0.0,0.0,0.0,0.0,0.0
E02003589,0.0,0.0,0.0,0.0,0.0
E02003590,0.0,0.0,0.0,0.0,0.0
E02003591,0.0,0.0,0.0,0.0,0.0
E02003592,0.0,0.0,0.0,0.0,0.0
E02003593,0.0,0.0,0.0,0.0,0.0
E02003594,0.0,0.0,0.0,0.0,0.0
E02003595,0.0,0.0,0.0,0.0,0.0
E02003596,0.0,0.0,0.0,0.0,0.0
E02003597,0.0,0.0,0.0,0.0,0.0
E02003598,0.0,0.0,0.0,0.0,0.0
E02003599,0.0,0.0,0.0,0.0,0.0
E02003600,0.0,0.0,0.0,0.0,0.0
E02003601,0.0,0.0,0.0,0.0,0.0
E02003602,0.0,0.0,0.0,0.0,0.0
E02003603,0.0,0.0,0.0,0.0,0.0
E02003604,0.0,0.0,0.0,0.0,0.0
E02003605,0.22304328790661052,0.22304328790661052,0.22304322551953135,0.0,6.238707916939035e-08
E02003606,0.031766898759748044,0.031766898759748044,0.03176692035182672,0.0,2.1592078673637882e-08
E02003607,0.6148490764347155,0.6148490764347155,0.6148731129711787,0.0,2.4036536463212244e-05
E02003608,0.0003071254767521095,0.0003071254767521095,0.0003071178870711951,0.0,7.589680914397035e-09
E02003609,0.05249074774361598,0.05249074774361598,0.05249134669101925,0.0,5.989474032713771e-07
E02003610,0.31443167237751185,0.31443167237751185,0.314431543060759,0.0,1.2931675286154132e-07
E02003611,0.0,0.0,0.0,0.0,0.0
E02003612,0.0009748774033383536,0.0009748774033383536,0.000974764087205958,0.0,1.1331613239558801e-07
E02003613,0.6384809280992493,0.6384809280992493,0.6384808005992684,0.0,1.2749998090644254e-07
E02003614,0.8435452356931478,0.8435452356931478,0.8435453417054055,0.0,1.0601225775008771e-07
E02003615,0.49917970932630035,0.49917970932630035,0.49924390803645075,0.0,6.419871015039824e-05
E02003616,0.0,0.0,0.0,0.0,0.0
E02003617,0.0,0.0,0.0,0.0,0.0
E02003618,0.0,0.0,0.0,0.0,0.0
E02003619,0.0,0.0,0.0,0.0,0.0
E02003620,0.0,0.0,0.0,0.0,0.0
E02003621,0.0,0.0,0.0,0.0,0.0
E02003622,0.0,0.0,0.0,0.0,0.0
E02003623,0.0,0.0,0.0,0.0,0.0
E02003624,0.0,0.0,0.0,0.0,0.0
E02003625,0.0,0.0,0.0,0.0,0.0
E02003626,0.0,0.0,0.0,0.0,0.0
E02003627,0.0,0.0,0.0,0.0,0.0
E02003628,0.0,0.0,0.0,0.0,0.0
E02003629,0.0,0.0,0.0,0.0,0.0
E02003630,0.0,0.0,0.0,0.0,0.0
E02003631,0.0,0.0,0.0,0.0,0.0
E02003632,0.0,0.0,0.0,0.0,0.0
E02003633,0.0,0.0,0.0,0.0,0.0
E02003634,0.0,0.0,0.0,0.0,0.0
E02003635,0.0,0.0,0.0,0.0,0.0
E02003636,0.9649749746009674,0.9649749746009674,0.9649478786734768,0.0,2.7095927490616845e-05
E02003637,0.9756549425569305,0.9756549425569305,0.9757037949767522,0.0,4.885241982166555e-05
E02003638,0.6178000743796118,0.6178000743796118,0.6178001309747934,0.0,5.659518154121912e-08
E02003639,0.08003452893163547,0.08003452893163547,0.0800345053407765,0.0,2.3590858974631423e-08
E02003640,0.6952259321937004,0.6952259321937004,0.6952257360796532,0.0,1.9611404722397197e-07
E02003641,0.5381767055590008,0.5381767055590008,0.5381768180756649,0.0,1.1251666409695105e-07
E02003642,0.6992858813475537,0.6992858813475537,0.6992860115022725,0.0,1.3015471889143981e-07
E02003643,0.29331436152856616,0.29331436152856616,0.2933142397676294,0.0,1.2176093677762623e-07
E02003644,0.6304581929382264,0.6304581929382264,0.6304584099974156,0.0,2.1705918928915935e-07
E02003645,0.0037515050969289254,0.0037515050969289254,0.003751210476559255,0.0,2.9462036967020655e-07
E02003646,0.16973976486688908,0.16973976486688908,0.169740299399753,0.0,5.345328639161373e-07
E02003647,0.02823633492887011,0.02823633492887011,0.02823638696872442,0.0,5.2039854307739386e-08
E02003648,0.24662260950975118,0.24662260950975118,0.24662169716636317,0.0,9.123433880042775e-07
E02003649,0.08865487242380156,0.08865487242380156,0.08865473686672168,0.0,1.35557079880555e-07
E02003650,0.9864720545492472,0.9864720545492472,0.9864664508436748,0.0,5.603705572454487e-06
E02003651,0.9656675181841309,0.9656675181841309,0.9656107027396955,0.0,5.6815444435365237e-05
E02003652,0.0,0.0,0.0,0.0,0.0
E02003653,0.0,0.0,0.0,0.0,0.0
E02003654,0.0,0.0,0.0,0.0,0.0
E02003655,0.0,0.0,0.0,0.0,0.0
E02003656,0.0,0.0,0.0,0.0,0.0
E02003657,0.0001495376207154765,0.0001495376207154765,0.00015070531832394002,0.0,1.1676976084635062e-06
E02003658,3.3656125726369946e-05,3.3656125726369946e-05,3.365596167719475e-05,0.0,1.640491751976939e-10
E02003659,0.0,0.0,0.0,0.0,0.0
E02003660,0.323696037082227,0.323696037082227,0.3236777933984802,0.0,1.824368374681029e-05
E02003661,0.00016293501858881542,0.00016293501858881542,0.00016293888558545984,0.0,3.866996644419493e-09
E02003662,0.0,0.0,0.0,0.0,0.0
E02003663,0.0,0.0,0.0,0.0,0.0
E02003664,0.0,0.0,0.0,0.0,0.0
E02003665,0.0,0.0,0.0,0.0,0.0
E02003666,0.0,0.0,0.0,0.0,0.0
E02003667,0.0,0.0,0.0,0.0,0.0
E02003668,0.0,0.0,0.0,0.0,0.0
E02003669,0.0,0.0,0.0,0.0,0.0
E02003670,0.0,0.0,0.0,0.0,0.0
E02003671,0.0,0.0,0.0,0.0,0.0
E02003672,0.26288457904494555,0.26288457904494555,0.2628685388354276,0.0,1.6040209517953485e-05
E02003673,0.0,0.0,0.0,0.0,0.0
E02003674,0.0002398616780216264,0.0002398616780216264,0.00023987088589682293,0.0,9.207875196527455e-09
E02003675,0.8061418683339803,0.8061418683339803,0.8059479227823246,0.0,0.00019394555165563876
E02003676,0.997026595596285,0.997026595596285,0.9968650850303026,0.0,0.00016151056598245894
E02003677,0.4642343660863296,0.4642343660863296,0.46423473371083046,0.0,3.6762450084104614e-07
E02003678,0.7557109367391758,0.7557109367391758,0.7557106707071203,0.0,2.660320554959128e-07
E02003679,0.8276542981520526,0.8276542981520526,0.8276542164942644,0.0,8.165778819790859e-08
E02003680,0.8782368925705716,0.8782368925705716,0.878264207083484,0.0,2.731451291237974e-05
E02003681,0.4442706719899297,0.4442706719899297,0.44427084111892506,0.0,1.6912899536425385e-07
E02003682,0.8883733752093763,0.8883733752093763,0.8883733371443961,0.0,3.806498016789561e-08
E02003683,0.7585930668213228,0.7585930668213228,0.7585930670896363,0.0,2.683134825431921e-10
E02003685,0.8297224216256084,0.8297224216256084,0.8296192815254003,0.0,0.00010314010020806563
E02003686,0.7822023400650319,0.7822023400650319,0.782117804382289,0.0,8.453568274291445e-05
E02003687,0.7465925790571992,0.7465925790571992,0.746346532403477,0.0,0.00024604665372218726
E02003688,0.7603177935234942,0.7603177935234942,0.7599104957043834,0.0,0.00040729781911075236
E02003689,0.6891604237295438,0.6891604237295438,0.6889382563059281,0.0,0.00022216742361569342
E02003690,0.9174098857339443,0.9174098858415703,0.9171026113324708,1.0762601920788484e-10,0.0003072744014734896
E02003691,0.8899631228921537,0.8899631228921537,0.8899631746208446,0.0,5.172869088632126e-08
E02003692,0.9547279655441878,0.9546839076987118,0.9546698588271251,4.405784547600877e-05,5.810671706274473e-05
E02003693,0.9697766253536063,0.9697868571573275,0.9695874068902092,1.0231803721172383e-05,0.000189218463397145
E02003694,0.3222990417001152,0.3224921741467081,0.32245088512667536,0.00019313244659291406,0.00015184342656016092
E02003695,0.8589711159839306,0.858970682883133,0.8587547170680999,4.331007975588719e-07,0.0002163989158306956
E02003696,0.523483903139617,0.523483903139617,0.5227837785188848,0.0,0.000700124620732212
E02003697,0.5922101204674192,0.5922101204674192,0.5921225881115352,0.0,8.753235588399022e-05
E02003698,0.8860884463355416,0.8860884463355416,0.9171675283752271,0.0,0.031079082039685457
E02003699,0.4815927180708177,0.4815927180708177,0.4815835320482195,0.0,9.186022598195454e-06
E02003701,0.632544523460434,0.632544523460434,0.6328994026641549,0.0,0.00035487920372090365
E02003702,0.2941672375206278,0.2941672375206278,0.29416556703649777,0.0,1.67048413002302e-06
E02003703,0.12175124308778147,0.12175124308778147,0.12216450659575775,0.0,0.0004132635079762831
E02003704,0.42827013311760165,0.42827013311760165,0.4281569744439723,0.0,0.00011315867362932108
E02003705,0.0,0.0,0.0,0.0,0.0
E02003706,0.0,0.0,0.0,0.0,0.0
E02003707,0.4714705961240362,0.4714705961240362,0.4708624172941077,0.0,0.000608178829928474
E02003708,0.0,0.0,0.0,0.0,0.0
E02003709,0.0004719360422836723,0.0004719360422836723,0.0004705767276964056,0.0,1.359314587266703e-06
E02003710,0.0,0.0,0.0,0.0,0.0
E02003711,0.1804114994620601,0.1804114994620601,0.17990979036411933,0.0,0.0005017090979407557
E02003712,0.48526597485287176,0.48526597485287176,0.4858838752621652,0.0,0.000617900409293437
E02003713,0.6742988362971343,0.6742988362971343,0.6742640729460452,0.0,3.476335108909545e-05
E02003714,0.7219470750608713,0.7219470750608713,0.7214854696347681,0.0,0.00046160542610318434
E02003715,0.7851135455712143,0.7851135455712144,0.7851110504673618,1.1102230246251565e-16,2.4951038524179125e-06
E02003716,0.6280576601737369,0.6280576601737369,0.6276154575491045,0.0,0.0004422026246323485
E02003717,0.49340142373140466,0.49340142492493916,0.4927647596603066,1.1935344934599357e-09,0.0006366640710980809
E02003718,0.26709120713067686,0.26709120713067686,0.2674008714315818,0.0,0.0003096643009049549
E02003719,0.0,0.0,0.0,0.0,0.0
E02003720,0.0,0.0,0.0,0.0,0.0
E02003721,0.05469787625935125,0.05469787625935125,0.012747184213583012,0.0,0.041950692045768234
E02003722,0.0,0.0,0.0,0.0,0.0
E02003723,0.05255743382209682,0.05255743382209682,0.1369593268291706,0.0,0.08440189300707379
E02003724,0.22729997701833823,0.22729997701833823,0.30734640156064746,0.0,0.08004642454230923
E02003725,0.29418018119830036,0.29418018094789045,0.2937902851802402,2.5040991502578436e-10,0.00038989601806016516
E02003726,0.0,0.0,0.0,0.0,0.0
E02003727,0.06048261162799634,0.06048261162799634,0.060464288837397254,0.0,1.832279059908737e-05
E02003728,0.0,0.0,0.0,0.0,0.0
E02003729,0.3715986632572386,0.3715986632572386,0.37152036516602277,0.0,7.829809121584486e-05
E02003730,0.5046464756228461,0.5046464756228461,0.504622067768,0.0,2.4407854846142385e-05
E02003731,0.24810924294504208,0.24810924294504208,0.24809970587969843,0.0,9.537065343651063e-06
E02003732,0.0,0.0,0.0,0.0,0.0
E02003733,0.0,0.0,0.0,0.0,0.0
E02003734,0.0,0.0,0.0,0.0,0.0
E02003735,0.0,0.0,0.0,0.0,0.0
E02003736,0.0,0.0,0.0,0.0,0.0
E02003737,0.0,0.0,0.0,0.0,0.0
E02003738,0.0,0.0,0.0,0.0,0.0
E02003739,0.0,0.0,0.0,0.0,0.0
E02003740,0.22583744864810598,0.22583744864810598,0.2259483440405704,0.0,0.00011089539246442182
E02003742,0.0,0.0,0.0,0.0,0.0
E02003743,0.0,0.0,0.0,0.0,0.0
E02003744,0.0,0.0,0.0,0.0,0.0
E02003745,0.0,0.0,0.0,0.0,0.0
E02003746,0.0,0.0,0.0,0.0,0.0
E02003747,0.0,0.0,0.0,0.0,0.0
E02003748,0.0,0.0,0.0,0.0,0.0
E02003749,0.0,0.0,0.0,0.0,0.0
E02003750,0.0,0.0,0.0,0.0,0.0
E02003751,0.0,0.0,0.0,0.0,0.0
E02003752,0.0,0.0,0.0,0.0,0.0
E02003753,0.0,0.0,0.0,0.0,0.0
E02003754,0.0,0.0,0.0,0.0,0.0
E02003755,0.0,0.0,0.0,0.0,0.0
E02003756,0.0,0.0,0.0,0.0,0.0
E02003757,0.0,0.0,0.0,0.0,0.0
E02003758,0.0,0.0,0.0,0.0,0.0
E02003759,0.0,0.0,0.0,0.0,0.0
E02003760,0.0,0.0,0.0,0.0,0.0
E02003761,0.0,0.0,0.0,0.0,0.0
E02003762,0.0,0.0,0.0,0.0,0.0
E02003763,0.0,0.0,0.0,0.0,0.0
E02003764,0.0,0.0,0.0,0.0,0.0
E02003765,0.0,0.0,0.0,0.0,0.0
E02003766,0.0,0.0,0.0,0.0,0.0
E02003767,0.0,0.0,0.0,0.0,0.0
E02003768,0.0,0.0,0.0,0.0,0.0
E02003769,0.0,0.0,0.0,0.0,0.0
E02003770,0.0,0.0,0.0,0.0,0.0
E02003771,0.0,0.0,0.0,0.0,0.0
E02003772,0.0,0.0,0.0,0.0,0.0
E02003773,0.0,0.0,0.0,0.0,0.0
E02003774,0.0,0.0,0.0,0.0,0.0
E02003775,0.0,0.0,0.0,0.0,0.0
E02003776,0.10186516214127052,0.10186516214127052,0.10186511541869699,0.0,4.672257353233178e-08
E02003777,0.0881272623387662,0.0881272623387662,0.08812718756193934,0.0,7.477682685552711e-08
E02003778,0.24407799478180178,0.24407799478180178,0.24407796307587493,0.0,3.170592685619589e-08
E02003779,0.19439793201372402,0.19439793201372402,0.19439780681676072,0.0,1.2519696329649221e-07
E02003780,0.7828182878293483,0.7828182878293481,0.7828183568051198,1.1102230246251565e-16,6.897577153885948e-08
E02003781,0.8761956727541202,0.8761956727541202,0.876283758947048,0.0,8.808619292777209e-05
E02003783,0.9159215580948067,0.9159215580948067,0.9159038588441031,0.0,1.7699250703606673e-05
E02003784,0.5323191986334846,0.5323191986334846,0.53231903986771,0.0,1.587657746382476e-07
E02003785,0.8742615554964198,0.8742615554964198,0.8743183080397618,0.0,5.675254334203128e-05
E02003786,0.8697814296361316,0.8697814296361316,0.8698899079392017,0.0,0.0001084783030701475
E02003787,0.018536993902865836,0.018536993902865836,0.018536990810361125,0.0,3.0925047106444836e-09
E02003788,0.8390513618334328,0.8390513618334328,0.8390383467681407,0.0,1.301506529205465e-05
E02003789,0.7306297674648152,0.7306297674648152,0.7306297620740372,0.0,5.390778046177047e-09
E02003790,0.00010644930180753489,0.00010644930180753489,0.00010644990521220283,0.0,6.034046679334474e-10
E02003791,0.3780339113293983,0.3780339113293983,0.3780340384112831,0.0,1.2708188479315652e-07
E02003792,0.008525583388705724,0.008525583388705724,0.008525557319608147,0.0,2.6069097576811306e-08
E02003793,0.0,0.0,0.0,0.0,0.0
E02003794,0.957056059722849,0.957056059722849,0.957070943062562,0.0,1.4883339713001043e-05
E02003795,0.9947667979340571,0.9947667979340571,0.9949705913685865,0.0,0.0002037934345293646
E02003796,0.36734820040787064,0.36734820040787064,0.3672806529969295,0.0,6.75474109411156e-05
E02003797,0.4098308214243769,0.4098308214243769,0.4104483434525974,0.0,0.0006175220282205185
E02003798,0.1224320803953382,0.1224320803953382,0.12149263225655041,0.0,0.0009394481387877962
E02003799,0.0017670483853965847,0.0017670483853965847,0.001818398164709598,0.0,5.134977931301344e-05
E02003800,0.5273344197857258,0.5273344197857258,0.5274373022499859,0.0,0.00010288246426004566
E02003801,0.05252753894060346,0.05252753894060346,0.05249991401514122,0.0,2.7624925462238492e-05
E02003802,0.0,0.0,0.0,0.0,0.0
E02003803,0.0,0.0,0.0,0.0,0.0
E02003804,0.14782452501293925,0.14782452501293925,0.14768312275860157,0.0,0.00014140225433767473
E02003805,0.9662390336650404,0.9662390336650404,0.9662561885887232,0.0,1.7154923682816126e-05
E02003806,0.7151392191457931,0.7151392191457931,0.7127438230058074,0.0,0.0023953961399857393
E02003807,0.3105708839461769,0.3105708839461769,0.30670835447047673,0.0,0.0038625294757001494
E02003808,0.07075867861963951,0.07075867861963951,0.055573524026961085,0.0,0.015185154592678426
E02003809,0.3338352628441425,0.3338352628441425,0.3295505883211772,0.0,0.004284674522965326
E02003810,0.0,0.0,0.0,0.0,0.0
E02003811,0.20357854531846417,0.20357854531846417,0.20357834849084533,0.0,1.9682761884243227e-07
E02003812,0.0,0.0,0.0,0.0,0.0
E02003813,0.0,0.0,0.0,0.0,0.0
E02003814,0.0,0.0,0.0,0.0,0.0
E02003815,0.6130123035197854,0.6130123035197854,0.6130117597855823,0.0,5.43734203106716e-07
E02003816,0.003344120636139976,0.003344120636139976,0.0033440391992254864,0.0,8.143691448969648e-08
E02003817,0.03220463945206428,0.03220463945206428,0.03220453210564328,0.0,1.0734642100218572e-07
E02003818,0.8677583605950646,0.8677583605950646,0.8677294460688199,0.0,2.8914526244760985e-05
E02003819,0.0,0.0,0.0,0.0,0.0
E02003820,0.0,0.0,0.0,0.0,0.0
E02003821,0.0,0.0,0.0,0.0,0.0
E02003822,0.278115301285175,0.278115301285175,0.2780791042631797,0.0,3.619702199525454e-05
E02003823,0.3954381005722411,0.3954381005722411,0.3950178301008831,0.0,0.00042027047135800855
E02003824,0.2827955258980153,0.2827955258980153,0.28262761328579183,0.0,0.0001679126122234864
E02003825,0.0,0.0,0.0,0.0,0.0
E02003826,0.0,0.0,0.0,0.0,0.0
E02003827,0.0,0.0,0.0,0.0,0.0
E02003828,0.0,0.0,0.0,0.0,0.0
E02003829,0.0,0.0,0.0,0.0,0.0
E02003830,0.0,0.0,0.0,0.0,0.0
E02003831,0.25891080405757144,0.25891080405757144,0.2588304401214444,0.0,8.036393612703696e-05
E02003832,0.0,0.0,0.0,0.0,0.0
E02003833,0.0,0.0,0.0,0.0,0.0
E02003834,0.0,0.0,0.0,0.0,0.0
E02003835,0.0,0.0,0.0,0.0,0.0
E02003836,0.0,0.0,0.0,0.0,0.0
E02003837,0.012569393553168415,0.012569393553168415,0.01256026757930548,0.0,9.125973862935191e-06
E02003838,0.0,0.0,0.0,0.0,0.0
E02003839,0.0,0.0,0.0,0.0,0.0
E02003840,0.0,0.0,0.0,0.0,0.0
E02003841,0.5077337407682218,0.5077337407682218,0.5081665578977351,0.0,0.00043281712951337425
E02003842,0.7912157662431807,0.7912157662431807,0.7922806331352682,0.0,0.0010648668920875126
E02003843,0.37904897357369505,0.37904897357369505,0.37863651058153547,0.0,0.00041246299215957904
E02003844,0.2800816492377109,0.2800816492377109,0.2850331319069852,0.0,0.00495148266927431
E02003845,0.00017931989888146963,0.00017931989888146963,0.00014271432172652056,0.0,3.660557715494907e-05
E02003846,0.0,0.0,0.0,0.0,0.0
E02003847,0.0914728884763946,0.0914728884763946,0.09174124727528456,0.0,0.0002683587988899505
E02003848,0.0,0.0,0.0,0.0,0.0
E02003849,0.0731101867571555,0.0731101867571555,0.07224520298507968,0.0,0.0008649837720758197
E02003850,0.0,0.0,0.0,0.0,0.0
E02003851,0.10284949710262956,0.10284949710262956,0.10309803561068591,0.0,0.00024853850805635347
E02003852,0.00040952298137056766,0.00040952298137056766,0.00044509571664561065,0.0,3.557273527504299e-05
E02003853,0.5238775315870935,0.5238775315870935,0.5238047928395434,0.0,7.273874755009402e-05
E02003854,0.6678472131587251,0.6678472131587251,0.6674254207454512,0.0,0.0004217924132738915
E02003855,0.47306020081521694,0.47306020081521694,0.4730294347239421,0.0,3.076609127483643e-05
E02003856,0.5907306316586322,0.5907306316586322,0.5906954930236604,0.0,3.5138634971731975e-05
E02003857,0.2780190116938664,0.2780190116938664,0.27801954894451747,0.0,5.37250651078125e-07
E02003858,0.6486173117467947,0.6486173117467947,0.6486171667190074,0.0,1.4502778733493926e-07
E02003859,0.9927107564762278,0.9927107564762278,0.9925768766841766,0.0,0.0001338797920511503
E02003860,0.5360638430335355,0.5360638430335355,0.5360639770403892,0.0,1.3400685372477739e-07
E02003861,0.5667071503903621,0.5667071503903621,0.5667073458793704,0.0,1.9548900831445337e-07
E02003862,0.9389267745420504,0.9389267745420504,0.9389053705690324,0.0,2.140397301797492e-05
E02003863,0.5870159290062258,0.5870159290062258,0.5870158797020665,0.0,4.9304159310814555e-08
E02003864,0.9255387260308479,0.9255387260308479,0.9255387168863638,0.0,9.144484058865032e-09
E02003865,0.7044138390248752,0.7044138390248752,0.7044140000977872,0.0,1.6107291200828655e-07
E02003866,0.2609639931108346,0.2609639931108346,0.2609645250704402,0.0,5.319596055874953e-07
E02003867,0.6001581464990341,0.6001581464990341,0.600158315673177,0.0,1.6917414291661714e-07
E02003868,0.4956403510805863,0.4956403510805863,0.4956400617769978,0.0,2.8930358847434334e-07
E02003869,0.06377682673107181,0.06377682673107181,0.06377693826792251,0.0,1.1153685069986707e-07
E02003870,0.02408414171559729,0.02408414171559729,0.024084055654905616,0.0,8.606069167374497e-08
E02003871,0.17611360814797794,0.17611360814797794,0.17611404937453862,0.0,4.4122656067679955e-07
E02003872,0.34663027833736987,0.34663027833736987,0.3466303358890912,0.0,5.7551721333037875e-08
E02003873,0.4965733984844233,0.4965733984844233,0.49657292740551073,0.0,4.710789125450532e-07
E02003874,0.887928746984161,0.887928746984161,0.887828532207288,0.0,0.00010021477687305325
E02003875,0.9919496603700886,0.9919496603700886,0.991821341950595,0.0,0.00012831841949356715
E02003876,0.5764326813004319,0.5764326813004319,0.5765388299832441,0.0,0.00010614868281222378
E02003877,0.9674324615510513,0.9674324615510513,0.9670564724522606,0.0,0.00037598909879077436
E02003878,0.058760644636654424,0.058760644636654424,0.05838585567327603,0.0,0.00037478896337839185
E02003879,0.10937194047493635,0.10937194047493635,0.10920597605569816,0.0,0.00016596441923819039
E02003880,0.8021938938700766,0.8021938938700766,0.8018634643194059,0.0,0.00033042955067064117
E02003881,0.0025771683169507637,0.0025771683169507637,0.002596485502364224,0.0,1.9317185413460225e-05
E02003882,0.0,0.0,0.0,0.0,0.0
E02003883,0.20722823434585655,0.20722823434585655,0.20719429611516366,0.0,3.393823069289259e-05
E02003884,0.3174810580233483,0.3174810580233483,0.31732836184768615,0.0,0.0001526961756621592
E02003885,0.0,0.0,0.0,0.0,0.0
E02003886,0.0,0.0,0.0,0.0,0.0
E02003887,0.0,0.0,0.0,0.0,0.0
E02003888,0.0,0.0,0.0,0.0,0.0
E02003889,0.0,0.0,0.0,0.0,0.0
E02003890,0.0,0.0,0.0,0.0,0.0
E02003891,0.12810446130048592,0.12810446130048592,0.12820738427577247,0.0,0.00010292297528655125
E02003892,0.0,0.0,0.0,0.0,0.0
E02003893,0.0,0.0,0.0,0.0,0.0
E02003894,0.0,0.0,0.0,0.0,0.0
E02003895,0.0,0.0,0.0,0.0,0.0
E02003896,0.0,0.0,0.0,0.0,0.0
E02003897,0.0,0.0,0.0,0.0,0.0
E02003898,0.0,0.0,0.0,0.0,0.0
E02003899,0.0,0.0,0.0,0.0,0.0
E02003900,0.0,0.0,0.0,0.0,0.0
E02003901,0.0,0.0,0.0,0.0,0.0
E02003902,0.0,0.0,0.0,0.0,0.0
E02003903,0.0,0.0,0.0,0.0,0.0
E02003904,0.0,0.0,0.0,0.0,0.0
E02003905,0.0,0.0,0.0,0.0,0.0
E02003906,0.0,0.0,0.0,0.0,0.0
E02003907,0.0,0.0,0.0,0.0,0.0
E02003908,0.0,0.0,0.0,0.0,0.0
E02003909,0.0,0.0,0.0,0.0,0.0
E02003910,0.0,0.0,0.0,0.0,0.0
E02003911,0.0,0.0,0.0,0.0,0.0
E02003912,0.0,0.0,0.0,0.0,0.0
E02003913,0.0,0.0,0.0,0.0,0.0
E02003914,0.0,0.0,0.0,0.0,0.0
E02003915,0.0,0.0,0.0,0.0,0.0
E02003916,0.0,0.0,0.0,0.0,0.0
E02003917,0.0,0.0,0.0,0.0,0.0
E02003918,0.0,0.0,0.0,0.0,0.0
E02003919,0.0,0.0,0.0,0.0,0.0
E02003920,0.0,0.0,0.0,0.0,0.0
E02003921,0.0,0.0,0.0,0.0,0.0
E02003922,0.0,0.0,0.0,0.0,0.0
E02003923,0.0,0.0,0.0,0.0,0.0
E02003924,0.0,0.0,0.0,0.0,0.0
E02003925,0.0,0.0,0.0,0.0,0.0
E02003926,0.0,0.0,0.0,0.0,0.0
E02003927,0.0,0.0,0.0,0.0,0.0
E02003928,0.0,0.0,0.0,0.0,0.0
E02003929,0.0,0.0,0.0,0.0,0.0
E02003930,0.0,0.0,0.0,0.0,0.0
E02003931,0.0,0.0,0.0,0.0,0.0
E02003932,0.0,0.0,0.0,0.0,0.0
E02003933,0.0,0.0,0.0,0.0,0.0
E02003934,0.0,0.0,0.0,0.0,0.0
E02003935,0.0,0.0,0.0,0.0,0.0
E02003936,0.0,0.0,0.0,0.0,0.0
E02003937,0.0,0.0,0.0,0.0,0.0
E02003938,0.0,0.0,0.0,0.0,0.0
E02003939,0.0,0.0,0.0,0.0,0.0
E02003940,0.0,0.0,0.0,0.0,0.0
E02003941,0.0,0.0,0.0,0.0,0.0
E02003942,0.0,0.0,0.0,0.0,0.0
E02003943,0.0,0.0,0.0,0.0,0.0
E02003944,0.0,0.0,0.0,0.0,0.0
E02003945,0.0,0.0,0.0,0.0,0.0
E02003946,0.0,0.0,0.0,0.0,0.0
E02003947,0.0,0.0,0.0,0.0,0.0
E02003948,0.0,0.0,0.0,0.0,0.0
E02003949,0.0,0.0,0.0,0.0,0.0
E02003950,0.0,0.0,0.0,0.0,0.0
E02003951,0.0,0.0,0.0,0.0,0.0
E02003952,0.0,0.0,0.0,0.0,0.0
E02003953,0.0,0.0,0.0,0.0,0.0
E02003954,0.0,0.0,0.0,0.0,0.0
E02003955,0.0,0.0,0.0,0.0,0.0
E02003956,0.0,0.0,0.0,0.0,0.0
E02003957,0.0,0.0,0.0,0.0,0.0
E02003958,0.0,0.0,0.0,0.0,0.0
E02003959,0.0,0.0,0.0,0.0,0.0
E02003960,0.0,0.0,0.0,0.0,0.0
E02003961,0.0,0.0,0.0,0.0,0.0
E02003962,0.0,0.0,0.0,0.0,0.0
E02003963,0.0,0.0,0.0,0.0,0.0
E02003964,0.0,0.0,0.0,0.0,0.0
E02003965,0.0,0.0,0.0,0.0,0.0
E02003966,0.0,0.0,0.0,0.0,0.0
E02003967,0.0,0.0,0.0,0.0,0.0
E02003968,0.0,0.0,0.0,0.0,0.0
E02003969,0.0,0.0,0.0,0.0,0.0
E02003970,0.0,0.0,0.0,0.0,0.0
E02003971,0.0,0.0,0.0,0.0,0.0
E02003972,0.0,0.0,0.0,0.0,0.0
E02003973,0.0,0.0,0.0,0.0,0.0
E02003974,0.0,0.0,0.0,0.0,0.0
E02003975,0.0,0.0,0.0,0.0,0.0
E02003976,0.0,0.0,0.0,0.0,0.0
E02003977,0.0,0.0,0.0,0.0,0.0
E02003978,0.0,0.0,0.0,0.0,0.0
E02003979,0.0,0.0,0.0,0.0,0.0
E02003980,0.0,0.0,0.0,0.0,0.0
E02003981,0.0,0.0,0.0,0.0,0.0
E02003982,0.0,0.0,0.0,0.0,0.0
E02003983,0.0,0.0,0.0,0.0,0.0
E02003984,0.0,0.0,0.0,0.0,0.0
E02003985,0.0,0.0,0.0,0.0,0.0
E02003986,0.0,0.0,0.0,0.0,0.0
E02003987,0.0,0.0,0.0,0.0,0.0
E02003988,0.0,0.0,0.0,0.0,0.0
E02003989,0.0,0.0,0.0,0.0,0.0
E02003990,0.0,0.0,0.0,0.0,0.0
E02003991,0.0,0.0,0.0,0.0,0.0
E02003992,0.0,0.0,0.0,0.0,0.0
E02003993,0.0,0.0,0.0,0.0,0.0
E02003994,0.0,0.0,0.0,0.0,0.0
E02003995,0.0,0.0,0.0,0.0,0.0
E02003996,0.0,0.0,0.0,0.0,0.0
E02003997,0.0,0.0,0.0,0.0,0.0
E02003998,0.0,0.0,0.0,0.0,0.0
E02003999,0.0,0.0,0.0,0.0,0.0
E02004000,0.0,0.0,0.0,0.0,0.0
E02004001,0.0,0.0,0.0,0.0,0.0
E02004002,0.0,0.0,0.0,0.0,0.0
E02004003,0.0,0.0,0.0,0.0,0.0
E02004004,0.0,0.0,0.0,0.0,0.0
E02004005,0.0,0.0,0.0,0.0,0.0
E02004006,0.0,0.0,0.0,0.0,0.0
E02004007,0.0,0.0,0.0,0.0,0.0
E02004008,0.0,0.0,0.0,0.0,0.0
E02004009,0.0,0.0,0.0,0.0,0.0
E02004010,0.0,0.0,0.0,0.0,0.0
E02004011,0.0,0.0,0.0,0.0,0.0
E02004012,0.0,0.0,0.0,0.0,0.0
E02004013,0.0,0.0,0.0,0.0,0.0
E02004014,0.0,0.0,0.0,0.0,0.0
E02004015,0.0,0.0,0.0,0.0,0.0
E02004016,0.0,0.0,0.0,0.0,0.0
E02004017,0.0,0.0,0.0,0.0,0.0
E02004018,0.0,0.0,0.0,0.0,0.0
E02004019,0.0,0.0,0.0,0.0,0.0
E02004020,0.0,0.0,0.0,0.0,0.0
E02004021,0.0,0.0,0.0,0.0,0.0
E02004022,0.0,0.0,0.0,0.0,0.0
E02004023,0.0,0.0,0.0,0.0,0.0
E02004024,0.0,0.0,0.0,0.0,0.0
E02004025,0.0,0.0,0.0,0.0,0.0
E02004026,0.0,0.0,0.0,0.0,0.0
E02004027,0.0,0.0,0.0,0.0,0.0
E02004028,0.0,0.0,0.0,0.0,0.0
E02004029,0.0,0.0,0.0,0.0,0.0
E02004030,0.061769303174394094,0.061769303174394094,0.06176926007636179,0.0,4.309803230267972e-08
E02004031,0.12334732410761001,0.12334732410761001,0.12330769310738827,0.0,3.96310002217376e-05
E02004032,0.31341690923862714,0.31341690923862714,0.31341688180801214,0.0,2.7430615001655667e-08
E02004033,0.6604932941101621,0.6604932941101621,0.6604329575133767,0.0,6.033659678539305e-05
E02004034,0.7420742139340083,0.7420742139340083,0.742074315592374,0.0,1.0165836572539888e-07
E02004035,0.05875413036866362,0.05875413036866362,0.05875404076772072,0.0,8.960094290133558e-08
E02004036,0.4703983998713104,0.4703983998713104,0.4703983191755484,0.0,8.069576196145789e-08
E02004037,0.4413717737385644,0.4413717737385644,0.4413714720730374,0.0,3.0166552700272575e-07
E02004038,0.55707939243529,0.55707939243529,0.5570794663963783,0.0,7.396108825385994e-08
E02004039,0.7644779838173965,0.7644779838173965,0.764428554040404,0.0,4.9429776992515606e-05
E02004040,0.7761710019880724,0.7761710019880724,0.7760141818063178,0.0,0.00015682018175466883
E02004041,0.14398395131894884,0.14398395131894884,0.14398353600269895,0.0,4.153162498909957e-07
E02004043,0.8639143608469074,0.8639143608469074,0.8638491946284815,0.0,6.516621842589387e-05
E02004044,0.16353235650324746,0.16353235650324746,0.16349888495775305,0.0,3.3471545494406785e-05
E02004045,0.5201181614273406,0.5201181614273406,0.5199437987654686,0.0,0.00017436266187198513
E02004046,0.00011032601279735243,0.00011032601279735243,0.00011035093435895047,0.0,2.492156159804098e-08
E02004047,0.0,0.0,0.0,0.0,0.0
E02004048,0.0,0.0,0.0,0.0,0.0
E02004049,0.0,0.0,0.0,0.0,0.0
E02004050,0.0,0.0,0.0,0.0,0.0
E02004051,0.0,0.0,0.0,0.0,0.0
E02004052,0.0,0.0,0.0,0.0,0.0
E02004053,0.0,0.0,0.0,0.0,0.0
E02004054,6.345668615845255e-05,6.345668615845255e-05,6.345134120812951e-05,0.0,5.344950323036743e-09
E02004055,0.49145683212380187,0.49145683212380187,0.49144393342464116,0.0,1.2898699160712734e-05
E02004056,0.2809849158596455,0.2809849158596455,0.280808071764292,0.0,0.0001768440953535122
E02004057,0.5658637402423067,0.5658637402423067,0.565712459625926,0.0,0.00015128061638070012
E02004058,0.2279732411695271,0.2279732411695271,0.22791781076884057,0.0,5.543040068653471e-05
E02004059,0.0,0.0,0.0,0.0,0.0
E02004060,0.0,0.0,0.0,0.0,0.0
E02004061,0.0,0.0,0.0,0.0,0.0
E02004062,0.12806842426608667,0.12806842426608667,0.12797048725575416,0.0,9.793701033250501e-05
E02004063,0.0,0.0,0.0,0.0,0.0
E02004064,0.0,0.0,0.0,0.0,0.0
E02004065,0.10632323983888435,0.10632323983888435,0.10631950770427405,0.0,3.7321346103014186e-06
E02004066,0.0520775533646984,0.0520775533646984,0.052057564518083896,0.0,1.9988846614506228e-05
E02004067,0.0012888083287164957,0.0012888083287164957,0.001288709623856777,0.0,9.870485971857738e-08
E02004068,0.0,0.0,0.0,0.0,0.0
E02004069,3.4609152810116584e-05,3.4609152810116584e-05,3.4607526621689665e-05,0.0,1.6261884269188308e-09
E02004070,0.0,0.0,0.0,0.0,0.0
E02004071,0.0,0.0,0.0,0.0,0.0
E02004072,0.0,0.0,0.0,0.0,0.0
E02004073,0.0,0.0,0.0,0.0,0.0
E02004074,0.0,0.0,0.0,0.0,0.0
E02004075,0.0,0.0,0.0,0.0,0.0
E02004076,0.0,0.0,0.0,0.0,0.0
E02004077,0.0,0.0,0.0,0.0,0.0
E02004078,0.3874212669840433,0.3874212669840433,0.38730049731348026,0.0,0.00012076967056301458
E02004080,0.08683516142700061,0.08683516142700061,0.0868293089950494,0.0,5.852431951211545e-06
E02004081,0.9418988752583002,0.9418988752583002,0.9417830090484828,0.0,0.0001158662098174057
E02004082,0.8573115336883078,0.8573115336883078,0.8572517929742404,0.0,5.974071406744663e-05
E02004083,0.1353994587657744,0.1353994587657744,0.13540503678292057,0.0,5.578017146179448e-06
E02004084,0.4047961584575614,0.4047961584575614,0.40479661825449015,0.0,4.597969287534198e-07
E02004085,0.7522229732472961,0.7522229732472961,0.7522225516641527,0.0,4.2158314339513225e-07
E02004086,0.7963859008687497,0.7963859008687497,0.7963112886249849,0.0,7.461224376481557e-05
E02004087,0.10591112983069409,0.10591113550316696,0.10590253737278486,5.672472866424805e-09,8.592457909226137e-06
E02004088,0.37040719411425405,0.37040719411425405,0.3704075607148038,0.0,3.666005497504621e-07
E02004089,0.03319178854725264,0.03319178854725264,0.03318227909654476,0.0,9.509450707878564e-06
E02004090,0.8911137322304084,0.8911137322304084,0.8909876089740771,0.0,0.00012612325633121202
E02004091,0.6399734506336137,0.6399734506336137,0.6399276829415521,0.0,4.576769206154907e-05
E02004092,0.2995283943183334,0.2995283943183334,0.2995285846345981,0.0,1.9031626469212526e-07
E02004093,0.05394298558293558,0.05394298558293558,0.053942527742200444,0.0,4.578407351366054e-07
E02004094,0.1807417824024975,0.1807417824024975,0.18072214959718771,0.0,1.963280530978273e-05
E02004095,0.35591573887028183,0.35591573887028183,0.3559153859057174,0.0,3.529645644095858e-07
E02004096,0.13991216451906388,0.13991216451906388,0.13990787387613532,0.0,4.290642928561628e-06
E02004097,0.4755671939224247,0.4755671939224247,0.475526844067498,0.0,4.0349854926680084e-05
E02004098,0.2617211056053557,0.2617211056053557,0.2617211768262134,0.0,7.122085765587371e-08
E02004100,0.10606619086905392,0.10606619086905392,0.10606622158576472,0.0,3.071671079990512e-08
E02004102,0.0,0.0,0.0,0.0,0.0
E02004103,0.0,0.0,0.0,0.0,0.0
E02004104,0.0,0.0,0.0,0.0,0.0
E02004105,0.6418185472472936,0.6418185472472936,0.6409556248489594,0.0,0.0008629223983341872
E02004106,0.924876416788144,0.924876416788144,0.9244210345699043,0.0,0.00045538221823970826
E02004108,0.8190012546222745,0.8190012546222745,0.8188061962567956,0.0,0.0001950583654788396
E02004109,0.5843330570010468,0.5843330570010468,0.5842628386968476,0.0,7.021830419917663e-05
E02004110,0.4793013105919506,0.4793013105919506,0.4793012491286914,0.0,6.146325920441953e-08
E02004111,0.10272077611284149,0.10272077611284149,0.10271626318413189,0.0,4.512928709593522e-06
E02004112,0.6937112803710233,0.6937112803710233,0.6937031925363957,0.0,8.087834627579227e-06
E02004113,0.02265411873032913,0.02265411873032913,0.022654133943605267,0.0,1.5213276135378484e-08
E02004114,0.022244531138176267,0.022244531138176267,0.022244413196884198,0.0,1.1794129206946224e-07
E02004115,0.0,0.0,0.0,0.0,0.0
E02004116,0.0,0.0,0.0,0.0,0.0
E02004117,0.0,0.0,0.0,0.0,0.0
E02004118,0.0,0.0,0.0,0.0,0.0
E02004119,0.0,0.0,0.0,0.0,0.0
E02004120,0.0,0.0,0.0,0.0,0.0
E02004121,0.40226727941542473,0.40226727941542473,0.40214169571517816,0.0,0.00012558370024656762
E02004122,0.056358277684108685,0.05635827759752479,0.0563570707187273,8.658389283322521e-11,1.2069653813825965e-06
E02004123,0.0,0.0,0.0,0.0,0.0
E02004124,0.0,0.0,0.0,0.0,0.0
E02004125,0.496181681220771,0.496181681220771,0.49618199207232594,0.0,3.1085155494103844e-07
E02004126,0.0,0.0,0.0,0.0,0.0
E02004128,0.009160730395949493,0.009160730395949493,0.00916027362904627,0.0,4.567669032225913e-07
E02004129,0.0,0.0,0.0,0.0,0.0
E02004130,0.0,0.0,0.0,0.0,0.0
E02004131,0.0,0.0,0.0,0.0,0.0
E02004132,0.0,0.0,0.0,0.0,0.0
E02004133,0.0,0.0,0.0,0.0,0.0
E02004134,0.0,0.0,0.0,0.0,0.0
E02004135,0.0,0.0,0.0,0.0,0.0
E02004136,0.0,0.0,0.0,0.0,0.0
E02004137,0.0,0.0,0.0,0.0,0.0
E02004138,0.0,0.0,0.0,0.0,0.0
E02004139,0.0,0.0,0.0,0.0,0.0
E02004140,0.0,0.0,0.0,0.0,0.0
E02004141,0.0,0.0,0.0,0.0,0.0
E02004142,0.0,0.0,0.0,0.0,0.0
E02004143,0.0,0.0,0.0,0.0,0.0
E02004144,0.0,0.0,0.0,0.0,0.0
E02004145,0.0,0.0,0.0,0.0,0.0
E02004146,0.0,0.0,0.0,0.0,0.0
E02004147,0.0,0.0,0.0,0.0,0.0
E02004148,0.0,0.0,0.0,0.0,0.0
E02004149,0.0,0.0,0.0,0.0,0.0
E02004150,0.0,0.0,0.0,0.0,0.0
E02004151,0.0,0.0,0.0,0.0,0.0
E02004152,0.0,0.0,0.0,0.0,0.0
E02004153,0.0,0.0,0.0,0.0,0.0
E02004154,0.0,0.0,0.0,0.0,0.0
E02004155,0.0,0.0,0.0,0.0,0.0
E02004156,0.0,0.0,0.0,0.0,0.0
E02004157,0.0,0.0,0.0,0.0,0.0
E02004158,0.0,0.0,0.0,0.0,0.0
E02004159,0.0,0.0,0.0,0.0,0.0
E02004160,0.0,0.0,0.0,0.0,0.0
E02004161,0.0,0.0,0.0,0.0,0.0
E02004162,0.0,0.0,0.0,0.0,0.0
E02004163,0.0,0.0,0.0,0.0,0.0
E02004164,0.0,0.0,0.0,0.0,0.0
E02004165,0.0,0.0,0.0,0.0,0.0
E02004166,0.0,0.0,0.0,0.0,0.0
E02004167,0.0,0.0,0.0,0.0,0.0
E02004168,0.0,0.0,0.0,0.0,0.0
E02004169,0.0,0.0,0.0,0.0,0.0
E02004170,0.0,0.0,0.0,0.0,0.0
E02004171,0.0,0.0,0.0,0.0,0.0
E02004172,0.0,0.0,0.0,0.0,0.0
E02004173,0.0,0.0,0.0,0.0,0.0
E02004174,0.0,0.0,0.0,0.0,0.0
E02004175,0.0,0.0,0.0,0.0,0.0
E02004176,0.0,0.0,0.0,0.0,0.0
E02004177,0.0,0.0,0.0,0.0,0.0
E02004178,0.0,0.0,0.0,0.0,0.0
E02004179,0.0,0.0,0.0,0.0,0.0
E02004180,0.0,0.0,0.0,0.0,0.0
E02004181,0.0,0.0,0.0,0.0,0.0
E02004182,0.0,0.0,0.0,0.0,0.0
E02004183,0.0,0.0,0.0,0.0,0.0
E02004184,0.0,0.0,0.0,0.0,0.0
E02004185,0.0,0.0,0.0,0.0,0.0
E02004186,0.0,0.0,0.0,0.0,0.0
E02004187,0.0,0.0,0.0,0.0,0.0
E02004188,0.0,0.0,0.0,0.0,0.0
E02004189,0.0,0.0,0.0,0.0,0.0
E02004190,0.0,0.0,0.0,0.0,0.0
E02004191,0.0,0.0,0.0,0.0,0.0
E02004192,0.0,0.0,0.0,0.0,0.0
E02004193,0.0,0.0,0.0,0.0,0.0
E02004194,0.0,0.0,0.0,0.0,0.0
E02004195,0.0,0.0,0.0,0.0,0.0
E02004196,0.0,0.0,0.0,0.0,0.0
E02004197,0.0,0.0,0.0,0.0,0.0
E02004198,0.0,0.0,0.0,0.0,0.0
E02004199,0.0,0.0,0.0,0.0,0.0
E02004200,0.0,0.0,0.0,0.0,0.0
E02004201,0.0,0.0,0.0,0.0,0.0
E02004202,0.0,0.0,0.0,0.0,0.0
E02004203,0.0,0.0,0.0,0.0,0.0
E02004204,0.0,0.0,0.0,0.0,0.0
E02004205,0.0,0.0,0.0,0.0,0.0
E02004206,0.0,0.0,0.0,0.0,0.0
E02004207,0.0,0.0,0.0,0.0,0.0
E02004208,0.0,0.0,0.0,0.0,0.0
E02004209,0.0,0.0,0.0,0.0,0.0
E02004210,0.0,0.0,0.0,0.0,0.0
E02004211,0.0,0.0,0.0,0.0,0.0
E02004212,0.0,0.0,0.0,0.0,0.0
E02004213,0.0,0.0,0.0,0.0,0.0
E02004214,0.0,0.0,0.0,0.0,0.0
E02004215,0.0,0.0,0.0,0.0,0.0
E02004216,0.0,0.0,0.0,0.0,0.0
E02004217,0.0,0.0,0.0,0.0,0.0
E02004218,0.0,0.0,0.0,0.0,0.0
E02004219,0.0,0.0,0.0,0.0,0.0
E02004220,0.0,0.0,0.0,0.0,0.0
E02004221,0.0,0.0,0.0,0.0,0.0
E02004222,0.0,0.0,0.0,0.0,0.0
E02004223,0.0,0.0,0.0,0.0,0.0
E02004224,0.0,0.0,0.0,0.0,0.0
E02004225,0.0,0.0,0.0,0.0,0.0
E02004226,0.0,0.0,0.0,0.0,0.0
E02004227,0.0,0.0,0.0,0.0,0.0
E02004228,0.0,0.0,0.0,0.0,0.0
E02004229,0.0,0.0,0.0,0.0,0.0
E02004230,0.0,0.0,0.0,0.0,0.0
E02004231,0.0,0.0,0.0,0.0,0.0
E02004232,0.0,0.0,0.0,0.0,0.0
E02004233,0.0,0.0,0.0,0.0,0.0
E02004234,0.0,0.0,0.0,0.0,0.0
E02004235,0.0,0.0,0.0,0.0,0.0
E02004236,0.9219242950330971,0.9219242950330971,0.8722429175517485,0.0,0.0496813774813486
E02004237,0.24815409890813592,0.24815409890813592,0.24820749650479568,0.0,5.339759665975996e-05
E02004238,0.14141238628582628,0.14141238628582628,0.14138697518826204,0.0,2.5411097564237428e-05
E02004239,0.09969383917798219,0.09969383917798219,0.00022068065418650996,0.0,0.09947315852379568
E02004240,0.11232037866181561,0.11232037866181561,0.07982102670448331,0.0,0.032499351957332306
E02004241,0.4242337860110513,0.4242337860110513,0.42425186319838853,0.0,1.8077187337262046e-05
E02004242,0.013989613492979102,0.013989613492979102,0.013989618222960559,0.0,4.7299814568552145e-09
E02004243,0.1983517280666835,0.1983517280666835,0.19834906593761123,0.0,2.662129072267261e-06
E02004244,0.6313236882719712,0.6313236882719712,0.6255457112366949,0.0,0.005777977035276272
E02004245,0.8245099919086676,0.8245099919086676,0.8069831451175109,0.0,0.01752684679115668
E02004246,0.8493812397176694,0.8493812397176694,0.8492635375267443,0.0,0.00011770219092510636
E02004247,0.49516449036662713,0.49516449036662713,0.49516281521783956,0.0,1.6751487875721338e-06
E02004248,0.7337614744828511,0.7337614744828513,0.7340218968741798,2.220446049250313e-16,0.0002604223913287296
E02004249,0.7446946282015323,0.7446946282015323,0.7070174180599342,0.0,0.03767721014159808
E02004250,0.30311454955358563,0.30311454955358563,0.3180789000946534,0.0,0.014964350541067761
E02004251,0.757725842829098,0.757725842829098,0.725816264185492,0.0,0.031909578643605996
E02004252,0.48941399735426977,0.48941399735426977,0.38567303424956684,0.0,0.10374096310470293
E02004253,0.7673368966521286,0.7673368966521286,0.7364930545044064,0.0,0.030843842147722178
E02004254,0.7913182393711238,0.7913182393830107,0.7883630914544065,1.1886935880056626e-11,0.002955147916717249
E02004255,0.0,0.0,0.0,0.0,0.0
E02004256,0.0,0.0,0.0,0.0,0.0
E02004257,0.0,0.0,0.0,0.0,0.0
E02004258,0.0,0.0,0.0,0.0,0.0
E02004259,0.0,0.0,0.0,0.0,0.0
E02004260,0.0,0.0,0.0,0.0,0.0
E02004261,0.0,0.0,0.0,0.0,0.0
E02004262,4.142040834903889e-05,4.142040834903889e-05,4.150824750498259e-05,0.0,8.783915594370151e-08
E02004263,0.38243382490955824,0.38243382490955824,0.38243560473346383,0.0,1.77982390558995e-06
E02004264,0.8822104765581945,0.8822104765581945,0.8822597735560254,0.0,4.9296997830849953e-05
E02004265,0.8924368369641867,0.8924368369641867,0.8924368167777678,0.0,2.0186418980827625e-08
E02004266,5.7871306641386317e-05,5.7871306641386317e-05,5.787235907123446e-05,0.0,1.0524298481442507e-09
E02004267,7.235241274398649e-05,7.235241274398649e-05,7.235170447815089e-05,0.0,7.082658356018842e-10
E02004268,0.0,0.0,0.0,0.0,0.0
E02004269,0.0,0.0,0.0,0.0,0.0
E02004270,0.0,0.0,0.0,0.0,0.0
E02004271,0.0,0.0,0.0,0.0,0.0
E02004272,0.0,0.0,0.0,0.0,0.0
E02004273,0.0,0.0,0.0,0.0,0.0
E02004274,0.0,0.0,0.0,0.0,0.0
E02004275,0.0,0.0,0.0,0.0,0.0
E02004276,0.0,0.0,0.0,0.0,0.0
E02004277,0.0,0.0,0.0,0.0,0.0
E02004278,0.0,0.0,0.0,0.0,0.0
E02004279,0.0,0.0,0.0,0.0,0.0
E02004280,0.0,0.0,0.0,0.0,0.0
E02004281,0.0,0.0,0.0,0.0,0.0
E02004282,0.0,0.0,0.0,0.0,0.0
E02004283,0.0,0.0,0.0,0.0,0.0
E02004284,0.0,0.0,0.0,0.0,0.0
E02004285,0.0,0.0,0.0,0.0,0.0
E02004286,0.0,0.0,0.0,0.0,0.0
E02004287,0.0,0.0,0.0,0.0,0.0
E02004288,0.0,0.0,0.0,0.0,0.0
E02004289,0.0,0.0,0.0,0.0,0.0
E02004290,0.6947693507152864,0.6947693507152863,0.6942060978505219,1.1102230246251565e-16,0.0005632528647645518
E02004291,0.153169206010119,0.153169206010119,0.15316918355889952,0.0,2.245121946686801e-08
E02004292,0.503644872478132,0.503644872478132,0.5035735875600472,0.0,7.128491808483517e-05
E02004293,0.00018022151424355133,0.00018022151424355133,0.00018020165970123098,0.0,1.9854542320342852e-08
E02004294,0.38148350137508025,0.38148350137508025,0.381483281948791,0.0,2.194262892496468e-07
E02004295,0.6357641979576308,0.6357641979576308,0.6356911182712746,0.0,7.307968635628104e-05
E02004296,0.2645387624408124,0.2645387624408124,0.26455151964151485,0.0,1.2757200702429028e-05
E02004297,0.0013468494957513803,0.0013468494957513803,0.0011618071248393855,0.0,0.00018504237091199476
E02004298,0.0006091309763727356,0.0006091309763727356,0.000562187209392555,0.0,4.6943766980180675e-05
E02004299,0.0013433312460452984,0.0013433312460452984,0.0013369361686515076,0.0,6.39507739379078e-06
E02004300,0.0,0.0,0.0,0.0,0.0
E02004301,0.0,0.0,0.0,0.0,0.0
E02004302,0.0,0.0,0.0,0.0,0.0
E02004303,0.0,0.0,0.0,0.0,0.0
E02004304,0.0,0.0,0.0,0.0,0.0
E02004305,0.0,0.0,0.0,0.0,0.0
E02004306,0.0,0.0,0.0,0.0,0.0
E02004307,2.8904942492701085e-05,2.8904942492701085e-05,2.8899160642414568e-05,0.0,5.781850286516548e-09
E02004308,0.8530804112195197,0.8530804112195197,0.8530883109712041,0.0,7.899751684359302e-06
E02004309,0.26544105397442463,0.26544105397442463,0.2654417089003246,0.0,6.549258999566376e-07
E02004310,0.6182619622247951,0.6182619622247951,0.6182617456377487,0.0,2.1658704640881155e-07
E02004311,0.21547559160636515,0.21547559160636515,0.21547576249509878,0.0,1.7088873363602097e-07
E02004312,0.5883296044933597,0.5883296044933597,0.5883295895142909,0.0,1.4979068763132375e-08
E02004313,0.4757556862609771,0.4757556862609771,0.47575564170974644,0.0,4.455123064905919e-08
E02004314,0.6830028943023093,0.6830028943023093,0.6830026487004836,0.0,2.4560182576571776e-07
E02004315,0.4835513517977238,0.4835513517977238,0.4835512798274087,0.0,7.197031509642571e-08
E02004316,0.0,0.0,0.0,0.0,0.0
E02004317,0.01963011084594159,0.01963011084594159,0.019630099222798757,0.0,1.1623142833622202e-08
E02004318,0.401605449253883,0.401605449253883,0.4016055937261301,0.0,1.4447224711000572e-07
E02004319,0.0,0.0,0.0,0.0,0.0
E02004320,0.2580903701968619,0.2580903701968619,0.258074370266945,0.0,1.5999929916854505e-05
E02004321,0.0,0.0,0.0,0.0,0.0
E02004322,0.0,0.0,0.0,0.0,0.0
E02004323,0.0,0.0,0.0,0.0,0.0
E02004324,0.0,0.0,0.0,0.0,0.0
E02004325,0.0,0.0,0.0,0.0,0.0
E02004326,0.0,0.0,0.0,0.0,0.0
E02004327,0.0,0.0,0.0,0.0,0.0
E02004328,0.0,0.0,0.0,0.0,0.0
E02004329,0.0,0.0,0.0,0.0,0.0
E02004330,0.0,0.0,0.0,0.0,0.0
E02004331,0.0,0.0,0.0,0.0,0.0
E02004332,0.0,0.0,0.0,0.0,0.0
E02004333,0.0,0.0,0.0,0.0,0.0
E02004334,0.0,0.0,0.0,0.0,0.0
E02004335,0.0,0.0,0.0,0.0,0.0
E02004336,0.0,0.0,0.0,0.0,0.0
E02004337,0.0,0.0,0.0,0.0,0.0
E02004338,0.0,0.0,0.0,0.0,0.0
E02004339,0.0,0.0,0.0,0.0,0.0
E02004340,0.0,0.0,0.0,0.0,0.0
E02004341,0.0,0.0,0.0,0.0,0.0
E02004342,0.0,0.0,0.0,0.0,0.0
E02004343,0.0,0.0,0.0,0.0,0.0
E02004344,0.0,0.0,0.0,0.0,0.0
E02004345,0.0,0.0,0.0,0.0,0.0
E02004346,0.0,0.0,0.0,0.0,0.0
E02004347,0.0,0.0,0.0,0.0,0.0
E02004348,0.0,0.0,0.0,0.0,0.0
E02004349,0.0,0.0,0.0,0.0,0.0
E02004350,0.0,0.0,0.0,0.0,0.0
E02004351,0.0,0.0,0.0,0.0,0.0
E02004352,0.0,0.0,0.0,0.0,0.0
E02004353,0.0,0.0,0.0,0.0,0.0
E02004354,0.0,0.0,0.0,0.0,0.0
E02004355,0.0,0.0,0.0,0.0,0.0
E02004356,0.0,0.0,0.0,0.0,0.0
E02004357,0.0,0.0,0.0,0.0,0.0
E02004358,0.0,0.0,0.0,0.0,0.0
E02004359,0.0,0.0,0.0,0.0,0.0
E02004361,0.0,0.0,0.0,0.0,0.0
E02004362,0.0,0.0,0.0,0.0,0.0
E02004363,0.0,0.0,0.0,0.0,0.0
E02004364,0.0,0.0,0.0,0.0,0.0
E02004365,0.0,0.0,0.0,0.0,0.0
E02004366,0.0,0.0,0.0,0.0,0.0
E02004367,0.0,0.0,0.0,0.0,0.0
E02004368,0.0,0.0,0.0,0.0,0.0
E02004369,0.0,0.0,0.0,0.0,0.0
E02004370,0.0,0.0,0.0,0.0,0.0
E02004371,0.0,0.0,0.0,0.0,0.0
E02004372,0.0,0.0,0.0,0.0,0.0
E02004373,0.0,0.0,0.0,0.0,0.0
E02004374,0.0,0.0,0.0,0.0,0.0
E02004375,0.0,0.0,0.0,0.0,0.0
E02004376,0.0,0.0,0.0,0.0,0.0
E02004377,0.0,0.0,0.0,0.0,0.0
E02004378,0.0,0.0,0.0,0.0,0.0
E02004379,0.0,0.0,0.0,0.0,0.0
E02004380,0.0,0.0,0.0,0.0,0.0
E02004381,0.0,0.0,0.0,0.0,0.0
E02004382,0.0,0.0,0.0,0.0,0.0
E02004383,0.0,0.0,0.0,0.0,0.0
E02004384,0.0,0.0,0.0,0.0,0.0
E02004385,0.0,0.0,0.0,0.0,0.0
E02004386,0.0,0.0,0.0,0.0,0.0
E02004387,0.0,0.0,0.0,0.0,0.0
E02004388,0.0,0.0,0.0,0.0,0.0
E02004389,0.0,0.0,0.0,0.0,0.0
E02004390,0.0,0.0,0.0,0.0,0.0
E02004391,0.0,0.0,0.0,0.0,0.0
E02004392,0.0,0.0,0.0,0.0,0.0
E02004393,0.0,0.0,0.0,0.0,0.0
E02004394,0.0,0.0,0.0,0.0,0.0
E02004395,0.0,0.0,0.0,0.0,0.0
E02004396,0.0,0.0,0.0,0.0,0.0
E02004397,0.0,0.0,0.0,0.0,0.0
E02004398,0.0,0.0,0.0,0.0,0.0
E02004399,0.0,0.0,0.0,0.0,0.0
E02004400,0.0,0.0,0.0,0.0,0.0
E02004401,0.0,0.0,0.0,0.0,0.0
E02004402,0.0,0.0,0.0,0.0,0.0
E02004403,0.00028853619359394723,0.00028853619359394723,0.0002972937143035156,0.0,8.75752070956837e-06
E02004404,0.0003520066948012318,0.0003520066948012318,0.0003530189049420158,0.0,1.012210140784002e-06
E02004405,0.0,0.0,0.0,0.0,0.0
E02004406,0.0,0.0,0.0,0.0,0.0
E02004407,0.0,0.0,0.0,0.0,0.0
E02004408,0.0,0.0,0.0,0.0,0.0
E02004409,0.0,0.0,0.0,0.0,0.0
E02004410,0.0,0.0,0.0,0.0,0.0
E02004411,0.0,0.0,0.0,0.0,0.0
E02004412,0.0,0.0,0.0,0.0,0.0
E02004413,0.0,0.0,0.0,0.0,0.0
E02004414,0.0,0.0,0.0,0.0,0.0
E02004415,0.0,0.0,0.0,0.0,0.0
E02004416,0.0,0.0,0.0,0.0,0.0
E02004417,0.0,0.0,0.0,0.0,0.0
E02004418,0.0,0.0,0.0,0.0,0.0
E02004419,0.0,0.0,0.0,0.0,0.0
E02004420,0.0,0.0,0.0,0.0,0.0
E02004421,0.0,0.0,0.0,0.0,0.0
E02004422,0.0,0.0,0.0,0.0,0.0
E02004423,0.0,0.0,0.0,0.0,0.0
E02004424,0.4912432247935808,0.999252348093225,0.49167928247954623,0.5080091232996442,0.0004360576859654408
E02004425,0.679955356985331,0.9996919744701496,0.6792012106624669,0.3197366174848185,0.0007541463228641909
E02004426,0.42750151211115867,0.9993346289131466,0.4273946618533351,0.5718331168019879,0.00010685025782358748
E02004427,0.6688219650728977,0.9995990661762819,0.6698774706491389,0.3307771011033842,0.0010555055762412335
E02004428,0.2503014739334674,0.313058388699152,0.313007925269578,0.06275691476568457,0.06270645133611058
E02004429,0.8185617292619871,0.8188519637562303,0.8187239526292439,0.00029023449424314673,0.00016222336725679742
E02004430,0.43757460852687763,0.43502175985061076,0.43460879640305283,0.0025528486762668723,0.002965812123824796
E02004431,0.6760676517567331,0.6764789027029273,0.6760829853307265,0.0004112509461942082,1.5333573993414618e-05
E02004432,0.9486765695288869,0.9767686894850116,0.9493588252175301,0.028092119956124706,0.0006822556886432185
E02004433,0.5249126715865503,0.5222560897526053,0.5222560802954513,0.0026565818339450153,0.002656591291098964
E02004434,0.8017341994441498,0.8023922425326666,0.8018510960199727,0.000658043088516802,0.00011689657582292234
E02004435,0.011974614170436063,0.011710125085259709,0.011710527654635707,0.0002644890851763535,0.00026408651580035573
E02004436,0.0,0.0,0.0,0.0,0.0
E02004437,0.3474879904431772,0.34689085186390495,0.346790516447273,0.0005971385792722383,0.0006974739959041965
E02004438,0.006344065093629798,0.0055359301258717806,0.005536122830693372,0.0008081349677580172,0.000807942262936426
E02004439,0.0057555671801378565,0.005738546200784424,0.005738320205267856,1.7020979353432088e-05,1.7246974870000105e-05
E02004440,0.0010398065717150311,0.00123639705549726,0.0012363971607335803,0.00019659048378222886,0.00019659058901854917
E02004441,0.41035438126888735,0.41058626185313635,0.4105857316945778,0.00023188058424900015,0.0002313504256904464
E02004442,0.1031499923335762,0.10386627669092398,0.10386633395693112,0.000716284357347774,0.0007163416233549186
E02004443,0.3867753170579699,0.47707739721429304,0.4770259007868238,0.09030208015632313,0.09025058372885386
E02004444,0.692110061781461,0.6932634234801471,0.6928214859792621,0.0011533616986861839,0.0007114241978011249
E02004445,0.8083590516470932,0.8087477431341535,0.8086198217071316,0.0003886914870603331,0.00026077006003843994
E02004446,0.0,0.0,0.0,0.0,0.0
E02004447,0.0,0.0,0.0,0.0,0.0
E02004448,0.0,0.0,0.0,0.0,0.0
E02004449,0.0,0.0,0.0,0.0,0.0
E02004450,0.0,0.0,0.0,0.0,0.0
E02004451,0.0,0.0,0.0,0.0,0.0
E02004452,0.0,0.0,0.0,0.0,0.0
E02004453,0.0,0.0,0.0,0.0,0.0
E02004454,0.0,0.0,0.0,0.0,0.0
E02004455,0.0,0.0,0.0,0.0,0.0
E02004456,0.0,0.0,0.0,0.0,0.0
E02004457,0.0,0.0,0.0,0.0,0.0
E02004458,0.0,0.0,0.0,0.0,0.0
E02004459,0.0,0.0,0.0,0.0,0.0
E02004460,0.0,0.0,0.0,0.0,0.0
E02004461,0.0,0.0,0.0,0.0,0.0
E02004462,0.0,0.0,0.0,0.0,0.0
E02004463,0.0,0.0,0.0,0.0,0.0
E02004464,0.9640403396221268,0.9640403396221268,0.9635308288126756,0.0,0.0005095108094511636
E02004465,0.9575347122119474,0.9575347121339789,0.9570558957033513,7.796852052877057e-11,0.0004788165085961582
E02004466,0.767247666804399,0.7672476660408716,0.7670950517460178,7.63527463476521e-10,0.00015261505838126688
E02004467,0.273059426682593,0.273059426682593,0.273059784581979,0.0,3.578993860164914e-07
E02004468,0.6277789957448007,0.6277789957448007,0.627779075163404,0.0,7.941860336035944e-08
E02004469,0.9268896038779666,0.9268896038779666,0.9268896235199856,0.0,1.9642019011278933e-08
E02004470,0.2962194364315698,0.2962194364315698,0.29621932129841305,0.0,1.1513315673061797e-07
E02004471,0.9092840314402446,0.9092840314402446,0.9092835176239769,0.0,5.138162677553737e-07
E02004472,0.9229322580222115,0.9229322581043063,0.9224634835689454,8.209488644439489e-11,0.00046877445326609646
E02004473,0.08565633920211431,0.08565634368753942,0.08565158835544778,4.48542511466421e-09,4.750846666526365e-06
E02004474,0.6953898662833362,0.6953898664289719,0.6949869208997671,1.4563572570125416e-10,0.0004029453835691088
E02004475,0.24712353728730668,0.24712353728730668,0.24391641474109368,0.0,0.003207122546212998
E02004476,0.6967997429783824,0.6967997429783824,0.6967995537598948,0.0,1.892184876561842e-07
E02004477,0.6324466720060825,0.6324466720060825,0.6322269812094088,0.0,0.0002196907966737216
E02004478,0.7811795164109862,0.781179516413935,0.7808821226702986,2.9488633757068783e-12,0.0002973937406876015
E02004479,0.4273054946303518,0.42730549498844267,0.4263485793530765,3.5809089027338814e-10,0.0009569152772752609
E02004480,0.5281462166696332,0.5281462166696332,0.5281464914657743,0.0,2.7479614106429295e-07
E02004481,0.400441574247412,0.400441574247412,0.40044141208964734,0.0,1.6215776466044218e-07
E02004482,0.7665068847414996,0.7665068847414996,0.7665071400928903,0.0,2.553513906988769e-07
E02004483,0.10733718056701018,0.10733718056701018,0.10733737890854307,0.0,1.983415328921101e-07
E02004484,0.11974715058072968,0.11974715058072968,0.11974729090658746,0.0,1.4032585778089857e-07
E02004485,0.0,0.0,0.0,0.0,0.0
E02004486,0.0,0.0,0.0,0.0,0.0
E02004487,0.13485842003304385,0.13485842003304385,0.1348583223552363,0.0,9.767780756453348e-08
E02004488,0.0,0.0,0.0,0.0,0.0
E02004489,0.0,0.0,0.0,0.0,0.0
E02004490,0.0,0.0,0.0,0.0,0.0
E02004491,0.0,0.0,0.0,0.0,0.0
E02004492,0.0,0.0,0.0,0.0,0.0
E02004493,0.06631223505976107,0.06631223505976107,0.06631264446897388,0.0,4.0940921280929743e-07
E02004494,0.0,0.0,0.0,0.0,0.0
E02004495,0.8986925352875116,0.8986925352875116,0.8986453214064708,0.0,4.7213881040786276e-05
E02004496,0.1650667756226045,0.1650667756226045,0.16506673291159396,0.0,4.2711010533880156e-08
E02004497,0.08404629171582459,0.08404629171582459,0.08404641211867382,0.0,1.2040284923242606e-07
E02004498,0.3378695102633425,0.3378695102633425,0.33786910767529993,0.0,4.025880425695405e-07
E02004499,0.001322399625403403,0.001322399625403403,0.0013221094490021906,0.0,2.901764012124431e-07
E02004500,0.05685148315001772,0.05685148315001772,0.05685153466425422,0.0,5.151423650151532e-08
E02004501,0.8922795575023523,0.8922795575023523,0.8922796025262918,0.0,4.50239394655938e-08
E02004502,0.9802747374603956,0.9802747367590459,0.9801710000782159,7.013497560492965e-10,0.00010373738217972495
E02004503,0.0,0.0,0.0,0.0,0.0
E02004504,2.1797044583302536e-07,2.1797044583302536e-07,2.1795508646357506e-07,0.0,1.5359369450303454e-11
E02004505,0.6324816579556743,0.6324817674456877,0.6324606419822603,1.0949001338911302e-07,2.1015973414084677e-05
E02004506,0.0,0.0,0.0,0.0,0.0
E02004507,0.0,0.0,0.0,0.0,0.0
E02004508,0.0,0.0,0.0,0.0,0.0
E02004509,0.0,0.0,0.0,0.0,0.0
E02004512,0.0,0.0,0.0,0.0,0.0
E02004513,0.0,0.0,0.0,0.0,0.0
E02004514,0.0,0.0,0.0,0.0,0.0
E02004515,0.0,0.0,0.0,0.0,0.0
E02004516,0.0,0.0,0.0,0.0,0.0
E02004517,0.0,0.0,0.0,0.0,0.0
E02004518,0.0,0.0,0.0,0.0,0.0
E02004519,0.0,0.0,0.0,0.0,0.0
E02004520,0.0,0.0,0.0,0.0,0.0
E02004521,0.0,0.0,0.0,0.0,0.0
E02004522,0.0,0.0,0.0,0.0,0.0
E02004523,0.0,0.0,0.0,0.0,0.0
E02004524,0.0,0.0,0.0,0.0,0.0
E02004525,0.0,0.0,0.0,0.0,0.0
E02004526,0.0,0.0,0.0,0.0,0.0
E02004527,0.9630797674917291,0.9630797674917291,0.9629816978299865,0.0,9.806966174252807e-05
E02004528,0.9675972549374402,0.9675972500692834,0.9674949107470535,4.868156766590914e-09,0.00010234419038668285
E02004529,0.9974149063735418,0.9974149063735418,0.9973289067510158,0.0,8.599962252597848e-05
E02004530,0.8735414772968249,0.8735414772968249,0.8734004635484423,0.0,0.00014101374838260128
E02004531,0.851418333175297,0.851418333175297,0.8514184516676238,0.0,1.1849232672833665e-07
E02004532,0.7641382419917361,0.7641382419917361,0.7641380081823209,0.0,2.3380941516215614e-07
E02004533,0.4586893250688006,0.4586893250688006,0.4586893832254207,0.0,5.81566200752448e-08
E02004534,0.6158515348663561,0.615857231201908,0.6158493139126567,5.696335551919063e-06,2.2209536993944567e-06
E02004535,0.9883768774161579,0.9883786083734332,0.9883510353840606,1.7309572752921554e-06,2.5842032097322942e-05
E02004536,0.9358483796811466,0.9358483796811466,0.9358313877157044,0.0,1.6991965442247903e-05
E02004537,0.42399624200467223,0.42399624200467223,0.4239957472534557,0.0,4.947512165509593e-07
E02004538,0.675468055421686,0.675468055421686,0.6754680236044253,0.0,3.181726071499469e-08
E02004539,0.2635081644955096,0.2635081644955096,0.2635073490436647,0.0,8.15451844937698e-07
E02004540,0.600812945382367,0.600812945382367,0.6008092329722546,0.0,3.71241011232204e-06
E02004541,0.4691391470040116,0.4691391470040116,0.46879737900353335,0.0,0.0003417680004782486
E02004542,0.8999194018920573,0.8999194018920573,0.8998545758832325,0.0,6.482600882484757e-05
E02004543,0.18461220023140165,0.18461220023140165,0.18461251289932115,0.0,3.1266791949979833e-07
E02004544,0.36046286305014613,0.36046286305014613,0.360443080240532,0.0,1.978280961412171e-05
E02004545,0.034905380469606305,0.034905380469606305,0.03478380304142397,0.0,0.00012157742818233452
E02004546,0.0010957414874416952,0.0010957414874416952,0.00109582874679098,0.0,8.725934928484683e-08
E02004547,0.37948377761785157,0.37948377761785157,0.3792906432403056,0.0,0.00019313437754597818
E02004548,0.08387842896778416,0.08387842896778416,0.0838214733221294,0.0,5.695564565476319e-05
E02004549,0.0,0.0,0.0,0.0,0.0
E02004550,0.0,0.0,0.0,0.0,0.0
E02004551,0.33534931297027143,0.33534931297027143,0.33482342060394954,0.0,0.0005258923663218895
E02004552,0.05108605359160333,0.05108605359160333,0.05103941847036261,0.0,4.6635121240715116e-05
E02004553,0.0049751011607257955,0.0049751011607257955,0.0049750829951471605,0.0,1.8165578635070956e-08
E02004554,0.42198181171403976,0.42198181171403976,0.42141298632316504,0.0,0.0005688253908747165
E02004555,0.0,0.0,0.0,0.0,0.0
E02004556,0.0,0.0,0.0,0.0,0.0
E02004557,0.0,0.0,0.0,0.0,0.0
E02004558,0.0,0.0,0.0,0.0,0.0
E02004559,0.0,0.0,0.0,0.0,0.0
E02004560,0.0,0.0,0.0,0.0,0.0
E02004561,0.0,0.0,0.0,0.0,0.0
E02004562,0.0,0.0,0.0,0.0,0.0
E02004563,0.8475220326874674,0.8475220326874674,0.8467374974416728,0.0,0.000784535245794582
E02004564,0.892644897903152,0.892644897903152,0.8615407601251378,0.0,0.03110413777801424
E02004565,0.7205530142537744,0.7205530142537744,0.7038743280609733,0.0,0.016678686192801107
E02004566,0.9783402278747069,0.9783402278747069,0.979422193935832,0.0,0.0010819660611250947
E02004567,0.5346435660062155,0.5346435660062155,0.5337503992158468,0.0,0.0008931667903687712
E02004568,0.8652525197579047,0.8652678522636509,0.8224878452615298,1.5332505746146197e-05,0.04276467449637489
E02004569,0.7589436509914003,0.7589436509914003,0.7331739024508348,0.0,0.025769748540565462
E02004570,0.4178647350639973,0.4178647350639973,0.3890177353475104,0.0,0.02884699971648691
E02004571,0.46370342726145153,0.46370342726145153,0.4534597442270312,0.0,0.010243683034420303
E02004572,0.4872055097697909,0.4872055097697909,0.48437333249544545,0.0,0.0028321772743454265
E02004573,0.0,0.0,0.0,0.0,0.0
E02004574,0.0,0.0,0.0,0.0,0.0
E02004575,0.0,0.0,0.0,0.0,0.0
E02004576,0.0,0.0,0.0,0.0,0.0
E02004577,0.0,0.0,0.0,0.0,0.0
E02004578,0.0,0.0,0.0,0.0,0.0
E02004579,0.0,0.0,0.0,0.0,0.0
E02004580,0.0,0.0,0.0,0.0,0.0
E02004581,0.0,0.0,0.0,0.0,0.0
E02004582,0.0,0.0,0.0,0.0,0.0
E02004583,0.0,0.0,0.0,0.0,0.0
E02004584,0.0,0.0,0.0,0.0,0.0
E02004585,0.0,0.0,0.0,0.0,0.0
E02004586,0.0,0.0,0.0,0.0,0.0
E02004587,0.0,0.0,0.0,0.0,0.0
E02004588,0.0,0.0,0.0,0.0,0.0
E02004589,0.0,0.0,0.0,0.0,0.0
E02004590,0.0,0.0,0.0,0.0,0.0
E02004591,0.0,0.0,0.0,0.0,0.0
E02004592,0.0,0.0,0.0,0.0,0.0
E02004593,0.0,0.0,0.0,0.0,0.0
E02004594,0.0,0.0,0.0,0.0,0.0
E02004595,0.1037095969714892,0.1037095969714892,0.10369050574050233,0.0,1.909123098686738e-05
E02004596,0.03368693411334604,0.03368693411334604,0.0336869511746371,0.0,1.706129106049392e-08
E02004597,0.0,0.0,0.0,0.0,0.0
E02004598,0.0,0.0,0.0,0.0,0.0
E02004599,0.3329854724690462,0.3329854724690462,0.3329617786158301,0.0,2.369385321610018e-05
E02004600,0.6482491354606653,0.6482491354606653,0.6478390913284401,0.0,0.00041004413222522906
E02004601,0.6420753904712582,0.6420753904712582,0.6420407025485294,0.0,3.468792272875998e-05
E02004602,0.33749225240908287,0.33749225240908287,0.3372042529965811,0.0,0.00028799941250179373
E02004603,0.0,0.0,0.0,0.0,0.0
E02004604,0.0,0.0,0.0,0.0,0.0
E02004605,0.0,0.0,0.0,0.0,0.0
E02004606,0.0,0.0,0.0,0.0,0.0
E02004607,0.0,0.0,0.0,0.0,0.0
E02004608,0.0,0.0,0.0,0.0,0.0
E02004609,0.3724083550271904,0.3724083550271904,0.37232346566841396,0.0,8.488935877642989e-05
E02004610,0.0,0.0,0.0,0.0,0.0
E02004611,0.0,0.0,0.0,0.0,0.0
E02004612,0.08454944472825703,0.08454944472825703,0.08431781119225219,0.0,0.00023163353600483272
E02004613,1.376417713818854e-07,1.376417713818854e-07,0.0,0.0,1.376417713818854e-07
E02004614,0.04220913308604374,0.04220913308604374,0.042040692334791435,0.0,0.0001684407512523023
E02004615,0.0,0.0,0.0,0.0,0.0
E02004616,0.0,0.0,0.0,0.0,0.0
E02004617,0.0,0.0,0.0,0.0,0.0
E02004618,0.004367435063447328,0.004367435063447328,0.004364626197736581,0.0,2.8088657107469897e-06
E02004619,0.0,0.0,0.0,0.0,0.0
E02004620,0.0,0.0,0.0,0.0,0.0
E02004621,0.0,0.0,0.0,0.0,0.0
E02004622,0.0,0.0,0.0,0.0,0.0
E02004623,0.0,0.0,0.0,0.0,0.0
E02004624,0.0,0.0,0.0,0.0,0.0
E02004625,0.0,0.0,0.0,0.0,0.0
E02004626,0.0,0.0,0.0,0.0,0.0
E02004627,0.0,0.0,0.0,0.0,0.0
E02004628,0.0,0.0,0.0,0.0,0.0
E02004629,0.0,0.0,0.0,0.0,0.0
E02004630,0.0,0.0,0.0,0.0,0.0
E02004631,0.0,0.0,0.0,0.0,0.0
E02004632,0.0,0.0,0.0,0.0,0.0
E02004633,0.0,0.0,0.0,0.0,0.0
E02004634,0.0,0.0,0.0,0.0,0.0
E02004635,0.0,0.0,0.0,0.0,0.0
E02004636,0.00032190876175614436,0.00032190876175614436,0.0003219027024230719,0.0,6.059333072458168e-09
E02004637,0.0,0.0,0.0,0.0,0.0
E02004638,0.00037177949557451776,0.00037177949557451776,0.00037168611576904195,0.0,9.337980547580735e-08
E02004639,0.0,0.0,0.0,0.0,0.0
E02004640,0.0,0.0,0.0,0.0,0.0
E02004641,0.0,0.0,0.0,0.0,0.0
E02004642,0.0,0.0,0.0,0.0,0.0
E02004643,0.0,0.0,0.0,0.0,0.0
E02004644,0.0,0.0,0.0,0.0,0.0
E02004645,0.0,0.0,0.0,0.0,0.0
E02004646,0.0,0.0,0.0,0.0,0.0
E02004647,0.0,0.0,0.0,0.0,0.0
E02004648,0.0,0.0,0.0,0.0,0.0
E02004649,0.0,0.0,0.0,0.0,0.0
E02004650,0.0,0.0,0.0,0.0,0.0
E02004651,0.0,0.0,0.0,0.0,0.0
E02004652,0.0,0.0,0.0,0.0,0.0
E02004653,0.0,0.0,0.0,0.0,0.0
E02004654,0.0,0.0,0.0,0.0,0.0
E02004655,0.0,0.0,0.0,0.0,0.0
E02004656,0.0,0.0,0.0,0.0,0.0
E02004657,0.0,0.0,0.0,0.0,0.0
E02004658,0.0,0.0,0.0,0.0,0.0
E02004659,0.0,0.0,0.0,0.0,0.0
E02004660,0.0,0.0,0.0,0.0,0.0
E02004661,0.0,0.0,0.0,0.0,0.0
E02004662,0.0,0.0,0.0,0.0,0.0
E02004663,0.0,0.0,0.0,0.0,0.0
E02004664,0.0,0.0,0.0,0.0,0.0
E02004665,0.0,0.0,0.0,0.0,0.0
E02004666,0.0,0.0,0.0,0.0,0.0
E02004667,0.0,0.0,0.0,0.0,0.0
E02004668,0.0,0.0,0.0,0.0,0.0
E02004669,0.0980476572776221,0.0980476572776221,0.09803175611236034,0.0,1.590116526176133e-05
E02004670,0.3626831879070473,0.3626831879070473,0.36267993979693625,0.0,3.248110111042646e-06
E02004671,0.08683592264097943,0.08683592264097943,0.08683582248366341,0.0,1.0015731602419642e-07
E02004672,0.6663426311386095,0.6663426311386095,0.6663425361352215,0.0,9.500338793433372e-08
E02004673,0.8188526697763784,0.8188526697763784,0.8187979551291591,0.0,5.4714647219289425e-05
E02004674,0.42729789874827223,0.42729789874827223,0.4272978088114132,0.0,8.993685901570458e-08
E02004675,0.0,0.0,0.0,0.0,0.0
E02004676,0.0,0.0,0.0,0.0,0.0
E02004677,0.0,0.0,0.0,0.0,0.0
E02004678,0.0,0.0,0.0,0.0,0.0
E02004679,0.0,0.0,0.0,0.0,0.0
E02004680,0.0,0.0,0.0,0.0,0.0
E02004681,0.0,0.0,0.0,0.0,0.0
E02004682,0.0,0.0,0.0,0.0,0.0
E02004683,0.0,0.0,0.0,0.0,0.0
E02004684,0.0,0.0,0.0,0.0,0.0
E02004685,0.0,0.0,0.0,0.0,0.0
E02004686,0.0,0.0,0.0,0.0,0.0
E02004687,0.0,0.0,0.0,0.0,0.0
E02004688,0.0,0.0,0.0,0.0,0.0
E02004689,0.0,0.0,0.0,0.0,0.0
E02004690,0.0,0.0,0.0,0.0,0.0
E02004691,0.0,0.0,0.0,0.0,0.0
E02004692,0.0,0.0,0.0,0.0,0.0
E02004693,0.0,0.0,0.0,0.0,0.0
E02004694,0.0,0.0,0.0,0.0,0.0
E02004695,0.0,0.0,0.0,0.0,0.0
E02004696,0.0,0.0,0.0,0.0,0.0
E02004697,0.0,0.0,0.0,0.0,0.0
E02004698,0.0,0.0,0.0,0.0,0.0
E02004699,0.0,0.0,0.0,0.0,0.0
E02004700,0.0007824046707871276,0.0007824046707871276,0.0007823763753511855,0.0,2.829543594210209e-08
E02004702,0.0,0.0,0.0,0.0,0.0
E02004703,0.0,0.0,0.0,0.0,0.0
E02004704,0.0,0.0,0.0,0.0,0.0
E02004705,0.0,0.0,0.0,0.0,0.0
E02004706,0.0,0.0,0.0,0.0,0.0
E02004707,0.0,0.0,0.0,0.0,0.0
E02004708,0.0,0.0,0.0,0.0,0.0
E02004709,0.0,0.0,0.0,0.0,0.0
E02004710,0.0,0.0,0.0,0.0,0.0
E02004712,0.0,0.0,0.0,0.0,0.0
E02004713,0.0,0.0,0.0,0.0,0.0
E02004714,0.0,0.0,0.0,0.0,0.0
E02004715,0.0,0.0,0.0,0.0,0.0
E02004716,0.0,0.0,0.0,0.0,0.0
E02004717,0.0,0.0,0.0,0.0,0.0
E02004718,0.0,0.0,0.0,0.0,0.0
E02004719,0.0,0.0,0.0,0.0,0.0
E02004720,0.0,0.0,0.0,0.0,0.0
E02004721,0.0,0.0,0.0,0.0,0.0
E02004722,0.0,0.0,0.0,0.0,0.0
E02004723,0.0,0.0,0.0,0.0,0.0
E02004724,0.0,0.0,0.0,0.0,0.0
E02004725,0.0,0.0,0.0,0.0,0.0
E02004726,0.0,0.0,0.0,0.0,0.0
E02004727,0.0,0.0,0.0,0.0,0.0
E02004728,0.0,0.0,0.0,0.0,0.0
E02004729,0.0,0.0,0.0,0.0,0.0
E02004730,0.0,0.0,0.0,0.0,0.0
E02004731,0.0,0.0,0.0,0.0,0.0
E02004732,0.0,0.0,0.0,0.0,0.0
E02004733,0.0,0.0,0.0,0.0,0.0
E02004734,0.0,0.0,0.0,0.0,0.0
E02004735,0.0,0.0,0.0,0.0,0.0
E02004736,0.0,0.0,0.0,0.0,0.0
E02004737,0.0,0.0,0.0,0.0,0.0
E02004738,0.0,0.0,0.0,0.0,0.0
E02004739,0.0,0.0,0.0,0.0,0.0
E02004740,0.0,0.0,0.0,0.0,0.0
E02004741,0.0,0.0,0.0,0.0,0.0
E02004742,0.0,0.0,0.0,0.0,0.0
E02004743,0.0,0.0,0.0,0.0,0.0
E02004744,0.0,0.0,0.0,0.0,0.0
E02004745,0.0,0.0,0.0,0.0,0.0
E02004746,0.0,0.0,0.0,0.0,0.0
E02004747,0.0,0.0,0.0,0.0,0.0
E02004748,0.0,0.0,0.0,0.0,0.0
E02004749,0.0,0.0,0.0,0.0,0.0
E02004750,0.0,0.0,0.0,0.0,0.0
E02004751,0.0,0.0,0.0,0.0,0.0
E02004752,0.0,0.0,0.0,0.0,0.0
E02004753,0.0,0.0,0.0,0.0,0.0
E02004754,0.0,0.0,0.0,0.0,0.0
E02004755,0.0,0.0,0.0,0.0,0.0
E02004756,0.0,0.0,0.0,0.0,0.0
E02004757,0.0,0.0,0.0,0.0,0.0
E02004758,0.0,0.0,0.0,0.0,0.0
E02004759,0.0,0.0,0.0,0.0,0.0
E02004760,0.0,0.0,0.0,0.0,0.0
E02004761,0.0,0.0,0.0,0.0,0.0
E02004764,0.0,0.0,0.0,0.0,0.0
E02004765,0.0,0.0,0.0,0.0,0.0
E02004766,0.0,0.0,0.0,0.0,0.0
E02004767,0.0,0.0,0.0,0.0,0.0
E02004768,0.0,0.0,0.0,0.0,0.0
E02004769,0.0,0.0,0.0,0.0,0.0
E02004770,0.0,0.0,0.0,0.0,0.0
E02004771,0.0,0.0,0.0,0.0,0.0
E02004772,0.0,0.0,0.0,0.0,0.0
E02004774,0.0,0.0,0.0,0.0,0.0
E02004775,0.0,0.0,0.0,0.0,0.0
E02004776,0.0,0.0,0.0,0.0,0.0
E02004777,0.0,0.0,0.0,0.0,0.0
E02004778,0.0,0.0,0.0,0.0,0.0
E02004779,0.0,0.0,0.0,0.0,0.0
E02004780,0.0,0.0,0.0,0.0,0.0
E02004781,0.0,0.0,0.0,0.0,0.0
E02004782,0.0,0.0,0.0,0.0,0.0
E02004783,0.0,0.0,0.0,0.0,0.0
E02004784,0.0,0.0,0.0,0.0,0.0
E02004785,0.0,0.0,0.0,0.0,0.0
E02004786,0.0,0.0,0.0,0.0,0.0
E02004787,0.0,0.0,0.0,0.0,0.0
E02004788,0.0018177617407363954,0.0018177617407363954,0.0017972434188891105,0.0,2.0518321847284903e-05
E02004789,0.0,0.0,0.0,0.0,0.0
E02004790,0.5686587524626123,0.5686587524626123,0.5681041699524718,0.0,0.0005545825101405111
E02004791,0.0,0.0,0.0,0.0,0.0
E02004792,0.0,0.0,0.0,0.0,0.0
E02004793,1.3517249287366677e-05,1.3517249287366677e-05,0.0,0.0,1.3517249287366677e-05
E02004794,0.1945900117247692,0.1945900117247692,0.19330947087801795,0.0,0.0012805408467512491
E02004795,0.0006078785445605119,0.0006078785445605119,0.0005765666748290905,0.0,3.1311869731421335e-05
E02004796,0.41764301184230773,0.4176430118423078,0.415917118579219,5.551115123125783e-17,0.0017258932630887514
E02004797,0.34939326465740345,0.34939326465740345,0.3321712849603014,0.0,0.01722197969710204
E02004798,0.38469986282309704,0.38469986282309704,0.3791169461609233,0.0,0.005582916662173754
E02004799,0.21624723053407285,0.21624723053407285,0.19698244758890823,0.0,0.01926478294516462
E02004800,0.6594159834941345,0.6594159834941345,0.6543428698894088,0.0,0.005073113604725732
E02004801,0.606290756857518,0.606290756857518,0.6047649320071902,0.0,0.0015258248503278171
E02004802,0.0,0.0,0.0,0.0,0.0
E02004803,0.0,0.0,0.0,0.0,0.0
E02004804,0.0,0.0,0.0,0.0,0.0
E02004805,0.0,0.0,0.0,0.0,0.0
E02004806,0.0,0.0,0.0,0.0,0.0
E02004807,0.0,0.0,0.0,0.0,0.0
E02004808,0.0,0.0,0.0,0.0,0.0
E02004809,0.0,0.0,0.0,0.0,0.0
E02004810,0.0,0.0,0.0,0.0,0.0
E02004811,0.0,0.0,0.0,0.0,0.0
E02004812,0.0,0.0,0.0,0.0,0.0
E02004813,0.0,0.0,0.0,0.0,0.0
E02004814,0.0,0.0,0.0,0.0,0.0
E02004815,0.0,0.0,0.0,0.0,0.0
E02004816,0.0,0.0,0.0,0.0,0.0
E02004817,0.0,0.0,0.0,0.0,0.0
E02004818,0.0,0.0,0.0,0.0,0.0
E02004819,0.0,0.0,0.0,0.0,0.0
E02004820,0.0,0.0,0.0,0.0,0.0
E02004821,0.0,0.0,0.0,0.0,0.0
E02004822,0.0,0.0,0.0,0.0,0.0
E02004823,0.0,0.0,0.0,0.0,0.0
E02004824,0.0,0.0,0.0,0.0,0.0
E02004825,0.0,0.0,0.0,0.0,0.0
E02004826,0.0,0.0,0.0,0.0,0.0
E02004827,0.0,0.0,0.0,0.0,0.0
E02004828,0.0,0.0,0.0,0.0,0.0
E02004829,0.0,0.0,0.0,0.0,0.0
E02004830,0.0,0.0,0.0,0.0,0.0
E02004831,0.0,0.0,0.0,0.0,0.0
E02004832,0.0,0.0,0.0,0.0,0.0
E02004833,0.0,0.0,0.0,0.0,0.0
E02004834,0.0,0.0,0.0,0.0,0.0
E02004835,0.0,0.0,0.0,0.0,0.0
E02004836,0.0,0.0,0.0,0.0,0.0
E02004837,0.0,0.0,0.0,0.0,0.0
E02004838,0.0,0.0,0.0,0.0,0.0
E02004839,0.0,0.0,0.0,0.0,0.0
E02004840,0.0,0.0,0.0,0.0,0.0
E02004841,0.0,0.0,0.0,0.0,0.0
E02004842,0.0,0.0,0.0,0.0,0.0
E02004843,0.3295537193752078,0.3295535321788587,0.3291111899260773,1.8719634908848093e-07,0.00044252944913047987
E02004844,0.0531292309812886,0.05312879693084033,0.05288194130497874,4.3405044827110606e-07,0.00024728967630986004
E02004845,0.7277317367663021,0.7277323453761313,0.7275003835319782,6.086098292001907e-07,0.00023135323432388333
E02004846,0.6095045592609197,0.6095044958374157,0.6088710257852442,6.342350400423413e-08,0.0006335334756755184
E02004847,0.6311130819161217,0.6311128462942719,0.6310920472531589,2.356218498089646e-07,2.1034662962771122e-05
E02004848,0.8571638599849039,0.8571636935765153,0.8569688409429601,1.664083885133394e-07,0.00019501904194374475
E02004849,0.8744898166534162,0.8742414533746687,0.8741632723647205,0.00024836327874744324,0.00032654428869571817
E02004850,0.3295547883724581,0.32955600168504134,0.3295516811527625,1.2133125832369807e-06,3.107219695597241e-06
E02004851,0.3721459433730052,0.372146282601041,0.37214683382746067,3.3922803577279836e-07,8.904544554488858e-07
E02004852,0.17154408430403356,0.1715434720102964,0.1715432342689554,6.12293737156655e-07,8.500350781592836e-07
E02004853,0.7735348343942576,0.7735152639776224,0.7735119446845243,1.957041663525061e-05,2.288970973329807e-05
E02004854,0.44189575739703746,0.44189619455784096,0.4418933143425371,4.3716080350142406e-07,2.443054500367303e-06
E02004855,0.1915668917918768,0.19153944853882773,0.19080131118407961,2.7443253049069805e-05,0.0007655806077971894
E02004856,0.41396037194935514,0.41396037194935514,0.41377156680584515,0.0,0.00018880514350999578
E02004857,0.11295118024648715,0.11295118024648715,0.112920548970239,0.0,3.063127624815254e-05
E02004858,0.5136275386338224,0.5136275386338224,0.5136276603073405,0.0,1.2167351814973415e-07
E02004859,0.7116698213478138,0.7116698213478138,0.7116229402741445,0.0,4.6881073669235995e-05
E02004860,0.09281494383807247,0.09281494383807247,0.0928155450041517,0.0,6.011660792365481e-07
E02004861,0.3776491598471671,0.3776491598471671,0.3776191167068225,0.0,3.0043140344604424e-05
E02004862,0.2233285683054203,0.2233285683054203,0.2233293983067437,0.0,8.300013233930592e-07
E02004863,0.06378416073325346,0.06378416073325346,0.06378447807000012,0.0,3.173367466580146e-07
E02004864,0.6405866984068687,0.6405866984068687,0.6405864693233206,0.0,2.2908354802009256e-07
E02004865,0.5761108297071716,0.5761108297071716,0.5761109136166125,0.0,8.390944084002427e-08
E02004866,0.5816656529728965,0.5816656529728965,0.5816662865143889,0.0,6.335414923785976e-07
E02004867,0.3058848747610669,0.3058848747610669,0.3058680076529335,0.0,1.6867108133422626e-05
E02004868,0.0004917365687817093,0.0004917365687817093,0.0004916677596853545,0.0,6.880909635478827e-08
E02004869,0.7842667215530151,0.7842667215530151,0.784192193329958,0.0,7.452822305709095e-05
E02004870,3.82733686243684e-07,3.82733686243684e-07,3.8435075527003734e-07,0.0,1.6170690263533582e-09
E02004871,0.6329250486910191,0.6329250486910191,0.6329254674057884,0.0,4.1871476930133156e-07
E02004872,0.0020453495042178586,0.0020453495042178586,0.0020431575693777874,0.0,2.191934840071151e-06
E02004873,0.09300009694387545,0.09300009694387545,0.09300027630931088,0.0,1.7936543542096395e-07
E02004874,0.0,0.0,0.0,0.0,0.0
E02004875,0.3705950410730657,0.3705950410730657,0.36923441574377536,0.0,0.0013606253292903214
E02004876,0.9575144392545251,0.9575144392545251,0.9574238180913617,0.0,9.062116316338464e-05
E02004877,0.8605515257391742,0.8605515257391742,0.8604160636350421,0.0,0.00013546210413206694
E02004878,0.0,0.0,0.0,0.0,0.0
E02004879,0.20829216172634799,0.20829216172634799,0.2081695922969417,0.0,0.00012256942940627735
E02004880,0.08970651455363378,0.08970651455363378,0.08968471665368906,0.0,2.1797899944719923e-05
E02004881,0.4116959810936774,0.4116959810936774,0.411351295127184,0.0,0.00034468596649339656
E02004882,0.2542956777975891,0.2542956777975891,0.25409615617255654,0.0,0.00019952162503256154
E02004883,0.139537574133914,0.139537574133914,0.13953757497958505,0.0,8.456710609561213e-10
E02004884,0.10856028745519629,0.10856028745519629,0.10856023900936392,0.0,4.844583237351152e-08
E02004885,0.5833069692721762,0.5833069692721762,0.5826724730934062,0.0,0.0006344961787699832
E02004886,0.3872045802232978,0.3872045802232978,0.38719049770091124,0.0,1.4082522386549279e-05
E02004887,0.7838498137467853,0.7838498137467853,0.7837434371120685,0.0,0.00010637663471679826
E02004888,0.8245229721461772,0.8245229721461773,0.8241086614330404,1.1102230246251565e-16,0.0004143107131368007
E02004889,0.3322593900055357,0.3322593900055357,0.33225894145514584,0.0,4.485503898865595e-07
E02004890,0.5084947884831538,0.5084947884831538,0.5084950677126768,0.0,2.792295230591435e-07
E02004891,0.7739765703473674,0.7739765703473674,0.7739766675321387,0.0,9.71847712305518e-08
E02004892,0.6621126156692113,0.6621126156692113,0.6621128374352473,0.0,2.2176603597934275e-07
E02004893,0.41089957313569275,0.41089957313569275,0.41089936600569793,0.0,2.0712999482253025e-07
E02004894,0.6968347487291882,0.6968347487291882,0.6968345555303187,0.0,1.9319886945812215e-07
E02004895,0.8899749009164573,0.8899748667635993,0.889694190644223,3.41528579861361e-08,0.000280710272234308
E02004896,0.668806585118884,0.6688065851188855,0.6687186246542675,1.4432899320127035e-15,8.796046461656548e-05
E02004897,0.7228123274759075,0.7228123274759075,0.722697173532351,0.0,0.00011515394355654518
E02004898,0.5587238440837884,0.5586936329709848,0.5586318701613543,3.021111280354649e-05,9.197392243409652e-05
E02004899,0.9984389038094995,0.9984389038094995,0.9982725944023356,0.0,0.0001663094071638893
E02004900,0.6848390103438077,0.6848390103438077,0.684742073511642,0.0,9.693683216571714e-05
E02004901,0.2135599322656997,0.2135599322656997,0.21356018336836652,0.0,2.511026668261529e-07
E02004902,0.18610353014827813,0.18610353014827813,0.18610375518961597,0.0,2.250413378424021e-07
E02004903,0.754246226955126,0.7542462269551261,0.7542362840185644,1.1102230246251565e-16,9.942936561646576e-06
E02004904,0.3256161275188281,0.3256161275188281,0.32561560498762915,0.0,5.225311989764947e-07
E02004905,0.9410916626378225,0.9410916626378225,0.9408794751351579,0.0,0.00021218750266460695
E02004906,0.19118981760224754,0.19118981760224754,0.19084350290360683,0.0,0.00034631469864071507
E02004907,0.605307061597367,0.605307061597367,0.6052085128043613,0.0,9.854879300574826e-05
E02004908,0.6264861409391856,0.6264861409391856,0.6264286514103612,0.0,5.748952882445035e-05
E02004909,0.0,0.0,0.0,0.0,0.0
E02004910,0.0,0.0,0.0,0.0,0.0
E02004911,0.7031126645276605,0.7031126645276605,0.7031127597279682,0.0,9.520030763709997e-08
E02004912,0.30124941984398024,0.30124941984398024,0.30124947243082423,0.0,5.258684399045421e-08
E02004913,0.2528805448778362,0.2528805448778362,0.2528691250292835,0.0,1.1419848552685075e-05
E02004914,0.10755742351455,0.10755742351455,0.10755729472111535,0.0,1.2879343465332926e-07
E02004915,0.3982786054495102,0.3982786054495102,0.3982789107587258,0.0,3.053092155758108e-07
E02004916,0.44436281796334137,0.44436281796334137,0.4443629259557561,0.0,1.0799241473291588e-07
E02004917,0.7403585858354628,0.7403585858354628,0.7403580764151908,0.0,5.094202719657659e-07
E02004918,0.39970761245427355,0.39970761245427355,0.3997077561889173,0.0,1.4373464374273226e-07
E02004919,0.5356865849904461,0.5356865849904461,0.5356861261235543,0.0,4.5886689181706686e-07
E02004920,0.6279599910690183,0.6279599910690183,0.6279601556685747,0.0,1.6459955631820122e-07
E02004921,0.001249016682493222,0.001249016682493222,0.0012487885820681647,0.0,2.2810042505727948e-07
E02004922,0.45224252541572,0.45224252541572,0.4522303946312238,0.0,1.2130784496244829e-05
E02004923,0.715861679526031,0.715861679526031,0.715703368726266,0.0,0.0001583107997649158
E02004924,0.5022515838779493,0.5022515838779493,0.5022515155951991,0.0,6.828275023185171e-08
E02004925,0.3318195556524166,0.3318195556524166,0.33181907154432044,0.0,4.841080961659472e-07
E02004926,0.2804394264901831,0.2804394264901831,0.2804397131445431,0.0,2.866543599711058e-07
E02004927,0.9589727889649544,0.9589727889649544,0.9589423411940061,0.0,3.0447770948294206e-05
E02004928,0.44596758349357335,0.44596758349357335,0.4459673412193538,0.0,2.4227421957512263e-07
E02004929,0.9695516169400668,0.9695516169400668,0.9694140081904142,0.0,0.00013760874965251801
E02004930,0.9203778049871735,0.9203778049871735,0.9203778268890278,0.0,2.1901854330153014e-08
E02004931,0.3265417214707666,0.3265417214707666,0.32654155886956887,0.0,1.626011977284847e-07
E02004932,0.2803043265576589,0.2803043265576589,0.28030511393368496,0.0,7.873760260457274e-07
E02004933,0.0,0.0,0.0,0.0,0.0
E02004934,0.0,0.0,0.0,0.0,0.0
E02004935,0.0,0.0,0.0,0.0,0.0
E02004936,0.09445647369400813,0.09445647369400813,0.09445604907873775,0.0,4.2461527037518376e-07
E02004937,0.5137243592468947,0.5137243592468947,0.5137249110001514,0.0,5.517532566390315e-07
E02004938,0.955589648343752,0.955589648343752,0.955341816698493,0.0,0.00024783164525898904
E02004939,0.3687413876866913,0.3687413876866913,0.36874092364497835,0.0,4.640417129442298e-07
E02004940,0.5210525233912485,0.5210525233912485,0.521052333921669,0.0,1.8946957947019172e-07
E02004941,0.6841244554265276,0.6841244554265276,0.6841049076323035,0.0,1.9547794224084036e-05
E02004942,0.8479333617148443,0.8479333617148445,0.8479012845846918,1.1102230246251565e-16,3.207713015251912e-05
E02004943,0.8779649426549258,0.8779649426549258,0.8778121801806479,0.0,0.0001527624742778677
E02004944,0.0001520430319239586,0.0001520430319239586,0.00015200651957551016,0.0,3.6512348448441154e-08
E02004945,0.23872952989576496,0.23872952989576496,0.2386244237118499,0.0,0.00010510618391507132
E02004946,0.0,0.0,0.0,0.0,0.0
E02004947,0.030296623992530716,0.030296623992530716,0.030266956887166387,0.0,2.9667105364328955e-05
E02004948,0.043544887665605145,0.043544887665605145,0.04354228653584055,0.0,2.6011297645928133e-06
E02004949,0.0,0.0,0.0,0.0,0.0
E02004950,0.0004394169688244699,0.0004394169688244699,0.0004393452373723532,0.0,7.173145211668286e-08
E02004951,0.0,0.0,0.0,0.0,0.0
E02004952,0.045002555645266,0.045002555645266,0.04447418270360427,0.0,0.0005283729416617269
E02004953,0.016012419326864504,0.016012419326864504,0.015727047688676825,0.0,0.00028537163818767933
E02004954,0.03625236587411034,0.03625236587411034,0.03625234727189175,0.0,1.8602218591901032e-08
E02004955,0.46035492857734683,0.46035492857734683,0.45999958565210014,0.0,0.0003553429252466933
E02004956,0.8400993390937661,0.8400993390937661,0.8264017476491623,0.0,0.013697591444603807
E02004957,0.7146452351278884,0.7146452351278884,0.5538270163331258,0.0,0.16081821879476255
E02004958,0.9565258889250136,0.9565258889250136,0.9516574409748418,0.0,0.004868447950171717
E02004959,0.5793408997209254,0.5793408997209254,0.5794686833771878,0.0,0.00012778365626242572
E02004960,0.6250517139361895,0.6250517139361895,0.6250914882155696,0.0,3.977427938006706e-05
E02004961,0.45813709529921487,0.45813709529921487,0.45806097720615074,0.0,7.611809306412587e-05
E02004962,0.1620970728683465,0.1620970728683465,0.16204338180639455,0.0,5.369106195193818e-05
E02004963,0.627500981325542,0.627500981325542,0.627440556549581,0.0,6.042477596102103e-05
E02004964,0.9102695393269405,0.9102695393269405,0.9019658819391515,0.0,0.008303657387789043
E02004965,0.49877497238051005,0.49877497238051005,0.49607211410320606,0.0,0.0027028582773039878
E02004966,0.7330870493103778,0.7330870493103778,0.7324439169684414,0.0,0.0006431323419364698
E02004967,0.47227307510973787,0.47227307510973787,0.44653392217040055,0.0,0.025739152939337318
E02004968,0.109050065015252,0.109050065015252,0.10605153990377789,0.0,0.0029985251114741096
E02004969,0.0,0.0,0.0,0.0,0.0
E02004970,0.2711545694814222,0.2711545694814222,0.2710117237702398,0.0,0.0001428457111823933
E02004971,0.0,0.0,0.0,0.0,0.0
E02004972,0.14985833274371457,0.14985833274371457,0.1498523913974306,0.0,5.941346283983018e-06
E02004973,0.0,0.0,0.0,0.0,0.0
E02004974,0.056084950601749985,0.056084950601749985,0.05600012271077286,0.0,8.4827890977128e-05
E02004975,0.5777464500855658,0.5777464500855658,0.5762367422226794,0.0,0.0015097078628864002
E02004976,0.05347274963233774,0.05347274963233774,0.0534584229098918,0.0,1.4326722445938411e-05
E02004977,0.00041995697760427333,0.00041995697760427333,0.0004199855696799151,0.0,2.8592075641776724e-08
E02004978,0.14444546512097703,0.14444546512097703,0.1442179885180073,0.0,0.00022747660296973393
E02004979,0.0648870858010914,0.0648870858010914,0.06464716522566304,0.0,0.00023992057542836231
E02004980,0.770219149065594,0.770219149065594,0.7699964478375918,0.0,0.00022270122800216452
E02004981,0.9402926111287314,0.9402926111287313,0.9402637051080684,1.1102230246251565e-16,2.8906020662966547e-05
E02004982,0.49166491351376235,0.49166491351376235,0.4916654230768207,0.0,5.095630583595856e-07
E02004983,0.28873509890347376,0.28873509890347376,0.28871383784925464,0.0,2.126105421912383e-05
E02004984,0.29472471467037403,0.29472471467037403,0.2937168820331147,0.0,0.0010078326372593427
E02004985,0.3251769140018278,0.3251769140018278,0.32517748057412177,0.0,5.665722939696138e-07
E02004986,0.0,0.0,0.0,0.0,0.0
E02004987,0.3163860409652645,0.3163860409652645,0.3163853587900791,0.0,6.821751853958169e-07
E02004988,0.12301271368833001,0.12301271368833001,0.1230125545778279,0.0,1.5911050210704047e-07
E02004989,0.3952030489372646,0.3952030489372646,0.3952033546142534,0.0,3.056769887765931e-07
E02004990,0.9352821243034236,0.9352821243034236,0.9351688131804298,0.0,0.00011331112299384216
E02004991,0.0033108514014602046,0.0033108514014602046,0.0033106624114523564,0.0,1.889900078481943e-07
E02004992,0.11625683920515928,0.11625683920515928,0.11625630988215115,0.0,5.293230081332423e-07
E02004993,0.9062555852500904,0.9062555852500903,0.9060684672674201,1.1102230246251565e-16,0.0001871179826703484
E02004994,0.9352501307951165,0.9352501260548103,0.9351398995511562,4.740306258632643e-09,0.0001102312439603681
E02004995,0.9101068703427302,0.9097827531237189,0.9097708489938473,0.0003241172190112662,0.0003360213488828867
E02004996,0.0,0.0,0.0,0.0,0.0
E02004997,0.0,0.0,0.0,0.0,0.0
E02004998,0.0,0.0,0.0,0.0,0.0
E02004999,0.0,0.0,0.0,0.0,0.0
E02005000,0.0,0.0,0.0,0.0,0.0
E02005001,0.0,0.0,0.0,0.0,0.0
E02005002,0.0,0.0,0.0,0.0,0.0
E02005003,0.0,0.0,0.0,0.0,0.0
E02005004,0.0,0.0,0.0,0.0,0.0
E02005005,0.0,0.0,0.0,0.0,0.0
E02005006,0.0,0.0,0.0,0.0,0.0
E02005007,0.0,0.0,0.0,0.0,0.0
E02005008,0.0,0.0,0.0,0.0,0.0
E02005009,0.0,0.0,0.0,0.0,0.0
E02005010,0.0,0.0,0.0,0.0,0.0
E02005011,0.0,0.0,0.0,0.0,0.0
E02005012,0.0,0.0,0.0,0.0,0.0
E02005013,0.0,0.0,0.0,0.0,0.0
E02005014,0.0,0.0,0.0,0.0,0.0
E02005015,0.0,0.0,0.0,0.0,0.0
E02005016,0.0,0.0,0.0,0.0,0.0
E02005017,0.0,0.0,0.0,0.0,0.0
E02005018,0.0,0.0,0.0,0.0,0.0
E02005019,0.0,0.0,0.0,0.0,0.0
E02005020,0.0,0.0,0.0,0.0,0.0
E02005021,0.0,0.0,0.0,0.0,0.0
E02005022,0.0,0.0,0.0,0.0,0.0
E02005023,0.0,0.0,0.0,0.0,0.0
E02005025,0.0,0.0,0.0,0.0,0.0
E02005026,0.0,0.0,0.0,0.0,0.0
E02005027,0.0,0.0,0.0,0.0,0.0
E02005028,0.3557816875496378,0.3557816875496378,0.3557819886610239,0.0,3.0111138610289245e-07
E02005029,0.0007248104273709131,0.0007248104273709131,0.0007248166788126245,0.0,6.251441711404952e-09
E02005030,0.10036213046664386,0.10036213013589967,0.10030332451771755,3.3074418204215306e-10,5.880594892630764e-05
E02005031,0.0,0.0,0.0,0.0,0.0
E02005032,0.0,0.0,0.0,0.0,0.0
E02005033,0.0,0.0,0.0,0.0,0.0
E02005034,0.5549053341100028,0.5549053341100028,0.5547769064882777,0.0,0.00012842762172504685
E02005035,0.6359314381283606,0.6359314381283606,0.6359310855769511,0.0,3.525514095104043e-07
E02005036,0.09682439122553871,0.09682439122553871,0.09682465563792418,0.0,2.64412385472812e-07
E02005037,0.7596051321067547,0.7596051321067547,0.7593070657763014,0.0,0.0002980663304533726
E02005038,0.8496476999774083,0.8496476999774083,0.8496393225644164,0.0,8.377412991866784e-06
E02005039,0.9292893901236496,0.9292893901236496,0.9291618796599054,0.0,0.00012751046374426256
E02005040,0.8570593894237758,0.8570593894237758,0.857075045493994,0.0,1.5656070218250662e-05
E02005041,0.0,0.0,0.0,0.0,0.0
E02005042,0.0,0.0,0.0,0.0,0.0
E02005043,0.0,0.0,0.0,0.0,0.0
E02005044,0.0,0.0,0.0,0.0,0.0
E02005045,0.0,0.0,0.0,0.0,0.0
E02005046,0.0,0.0,0.0,0.0,0.0
E02005047,0.0,0.0,0.0,0.0,0.0
E02005048,0.0,0.0,0.0,0.0,0.0
E02005049,0.0,0.0,0.0,0.0,0.0
E02005050,0.0,0.0,0.0,0.0,0.0
E02005051,0.0,0.0,0.0,0.0,0.0
E02005052,0.0,0.0,0.0,0.0,0.0
E02005053,0.0,0.0,0.0,0.0,0.0
E02005054,0.0,0.0,0.0,0.0,0.0
E02005055,0.0,0.0,0.0,0.0,0.0
E02005056,0.0,0.0,0.0,0.0,0.0
E02005057,0.48692233113662,0.48692233113662,0.48692211967282634,0.0,2.1146379364234136e-07
E02005058,0.0,0.0,0.0,0.0,0.0
E02005059,0.0,0.0,0.0,0.0,0.0
E02005060,0.0,0.0,0.0,0.0,0.0
E02005061,0.0,0.0,0.0,0.0,0.0
E02005062,0.6178007322119027,0.6178007322119027,0.6178002409616811,0.0,4.912502216125603e-07
E02005063,0.019403115681461434,0.019403115681461434,0.019403151767105387,0.0,3.608564395213287e-08
E02005064,0.9609510949861736,0.9609510949861736,0.9608830409855779,0.0,6.805400059572975e-05
E02005065,0.0020409067044532834,0.0020409067044532834,0.002040743462645648,0.0,1.632418076351859e-07
E02005066,0.8941400451158031,0.8941400451158031,0.8940854469854581,0.0,5.459813034502936e-05
E02005067,0.9497476585052333,0.9497476585052333,0.9464709487120629,0.0,0.003276709793170407
E02005068,0.0,0.0,0.0,0.0,0.0
E02005069,0.0,0.0,0.0,0.0,0.0
E02005070,0.0,0.0,0.0,0.0,0.0
E02005071,0.0,0.0,0.0,0.0,0.0
E02005072,0.0,0.0,0.0,0.0,0.0
E02005073,0.0,0.0,0.0,0.0,0.0
E02005074,0.0,0.0,0.0,0.0,0.0
E02005075,0.0,0.0,0.0,0.0,0.0
E02005076,0.0,0.0,0.0,0.0,0.0
E02005077,0.0,0.0,0.0,0.0,0.0
E02005078,0.0,0.0,0.0,0.0,0.0
E02005079,0.0,0.0,0.0,0.0,0.0
E02005080,0.0,0.0,0.0,0.0,0.0
E02005081,0.18235422640910537,0.18235422637460572,0.18226179157618264,3.449965313429004e-11,9.243483292273313e-05
E02005082,0.0,0.0,0.0,0.0,0.0
E02005083,0.0,0.0,0.0,0.0,0.0
E02005084,0.0,0.0,0.0,0.0,0.0
E02005085,9.000644950845207e-06,9.000644950845207e-06,9.002160711852222e-06,0.0,1.5157610070149201e-09
E02005086,0.0,0.0,0.0,0.0,0.0
E02005087,0.7765048655041312,0.7765048655041312,0.7758709400999586,0.0,0.0006339254041726194
E02005088,0.21415249273442297,0.21415249273442297,0.21414027322180065,0.0,1.2219512622313466e-05
E02005089,0.873205841017928,0.873205841017928,0.8731082393446926,0.0,9.760167323535907e-05
E02005090,0.8943469187791963,0.8943469187791963,0.8944813322590367,0.0,0.00013441347984044505
E02005091,0.9631164591263562,0.9631164591263562,0.9630797303534003,0.0,3.6728772955907374e-05
E02005093,0.9491231864473182,0.9491231864473182,0.9490560432407043,0.0,6.714320661393991e-05
E02005094,0.9591698270106491,0.9591698270106491,0.958942207339635,0.0,0.00022761967101414537
E02005095,0.8248874365454693,0.8248874365454693,0.8248568103211804,0.0,3.062622428884332e-05
E02005096,0.5469172579026461,0.5469172579026461,0.5469376170878153,0.0,2.0359185169183114e-05
E02005097,0.8300884034086824,0.8300884034086824,0.8301117530638311,0.0,2.3349655148718895e-05
E02005098,0.896831852635744,0.896831852635744,0.8966653653396779,0.0,0.00016648729606616453
E02005099,0.9824485019966464,0.9824485019966464,0.9824204536312509,0.0,2.804836539549438e-05
E02005100,0.9070183250211041,0.9070183250211041,0.9069563404738882,0.0,6.198454721595414e-05
E02005101,0.9959647584279426,0.9959647584279426,0.9959230342628141,0.0,4.17241651284872e-05
E02005102,0.0,0.0,0.0,0.0,0.0
E02005103,0.0,0.0,0.0,0.0,0.0
E02005104,0.0,0.0,0.0,0.0,0.0
E02005105,0.0,0.0,0.0,0.0,0.0
E02005106,0.0,0.0,0.0,0.0,0.0
E02005107,0.0,0.0,0.0,0.0,0.0
E02005109,0.0,0.0,0.0,0.0,0.0
E02005110,0.0,0.0,0.0,0.0,0.0
E02005111,0.0,0.0,0.0,0.0,0.0
E02005112,0.0,0.0,0.0,0.0,0.0
E02005113,0.0,0.0,0.0,0.0,0.0
E02005114,0.0,0.0,0.0,0.0,0.0
E02005115,0.0,0.0,0.0,0.0,0.0
E02005116,0.0,0.0,0.0,0.0,0.0
E02005117,0.0,0.0,0.0,0.0,0.0
E02005118,0.0,0.0,0.0,0.0,0.0
E02005119,0.0,0.0,0.0,0.0,0.0
E02005120,0.0,0.0,0.0,0.0,0.0
E02005121,0.0,0.0,0.0,0.0,0.0
E02005122,0.0,0.0,0.0,0.0,0.0
E02005123,0.0,0.0,0.0,0.0,0.0
E02005124,0.0,0.0,0.0,0.0,0.0
E02005125,0.0,0.0,0.0,0.0,0.0
E02005126,0.0,0.0,0.0,0.0,0.0
E02005127,0.0,0.0,0.0,0.0,0.0
E02005128,0.0,0.0,0.0,0.0,0.0
E02005129,0.0,0.0,0.0,0.0,0.0
E02005130,0.0,0.0,0.0,0.0,0.0
E02005131,0.0,0.0,0.0,0.0,0.0
E02005132,0.0,0.0,0.0,0.0,0.0
E02005133,0.0,0.0,0.0,0.0,0.0
E02005134,0.0,0.0,0.0,0.0,0.0
E02005135,0.0,0.0,0.0,0.0,0.0
E02005136,0.0,0.0,0.0,0.0,0.0
E02005137,0.0,0.0,0.0,0.0,0.0
E02005138,0.0,0.0,0.0,0.0,0.0
E02005139,0.0,0.0,0.0,0.0,0.0
E02005140,0.0,0.0,0.0,0.0,0.0
E02005141,0.0,0.0,0.0,0.0,0.0
E02005142,0.0,0.0,0.0,0.0,0.0
E02005143,0.0,0.0,0.0,0.0,0.0
E02005144,0.0,0.0,0.0,0.0,0.0
E02005145,0.0,0.0,0.0,0.0,0.0
E02005146,0.0,0.0,0.0,0.0,0.0
E02005147,0.0,0.0,0.0,0.0,0.0
E02005148,0.0,0.0,0.0,0.0,0.0
E02005149,0.0,0.0,0.0,0.0,0.0
E02005150,0.6016465767012111,0.6016465767012111,0.6002102167804739,0.0,0.0014363599207372069
E02005151,0.00542824288419242,0.00542824288419242,0.005428412981032654,0.0,1.700968402344738e-07
E02005153,0.0,0.0,0.0,0.0,0.0
E02005154,0.9549226592530816,0.9549226592530816,0.9548674461676926,0.0,5.521308538902758e-05
E02005155,0.8433835167934051,0.8433835167934051,0.8433686385244106,0.0,1.4878268994489297e-05
E02005156,0.9652675134889104,0.9652675134889104,0.9651112742533237,0.0,0.00015623923558671926
E02005157,0.47611374475731466,0.47611374475731466,0.47611408077259765,0.0,3.3601528298676797e-07
E02005158,0.9196566862776225,0.9196566862776225,0.9195573834232346,0.0,9.93028543879726e-05
E02005159,0.6158763530959628,0.6158763530959628,0.6158759943898438,0.0,3.5870611903021654e-07
E02005160,0.4707141975539974,0.4707141975539974,0.4706727817451682,0.0,4.141580882921492e-05
E02005161,0.6738974418486732,0.6738974418486732,0.6732962563473125,0.0,0.0006011855013606793
E02005162,0.6581834112927479,0.6581834112927479,0.6580192059632441,0.0,0.00016420532950378597
E02005163,0.7286664110251422,0.7286664110251422,0.7285804469974226,0.0,8.596402771954281e-05
E02005164,0.39269032180145963,0.39269032180145963,0.3926901264104003,0.0,1.9539105933219503e-07
E02005165,0.5212966411949331,0.521296641194933,0.521296862465222,1.1102230246251565e-16,2.21270288869313e-07
E02005166,0.06435515557465932,0.06435515557465932,0.06435501785394274,0.0,1.3772071658091356e-07
E02005167,0.9112551249951476,0.9112551249951476,0.9111219941981712,0.0,0.00013313079697641061
E02005168,0.0489441548907685,0.0489441548907685,0.048944620348525696,0.0,4.654577571983065e-07
E02005169,0.03271168497666668,0.03271168497666668,0.03271176562907998,0.0,8.065241329652251e-08
E02005170,0.7316982209065708,0.7316982209065708,0.7316980307791291,0.0,1.9012744167934414e-07
E02005171,0.6749816890459862,0.6749816890459862,0.6749819821794902,0.0,2.9313350402571103e-07
E02005172,0.0,0.0,0.0,0.0,0.0
E02005173,0.0006772896223076858,0.0006772896223076858,0.0006773599142317032,0.0,7.029192401742084e-08
E02005174,0.0,0.0,0.0,0.0,0.0
E02005175,0.0,0.0,0.0,0.0,0.0
E02005176,0.0,0.0,0.0,0.0,0.0
E02005177,0.12407705087639362,0.12407705087639359,0.12407751223871565,2.7755575615628914e-17,4.613623220267593e-07
E02005178,0.3891961024672755,0.3891961024672755,0.3891468684215486,0.0,4.923404572687584e-05
E02005179,0.2797411432151687,0.2797411432151687,0.27972730253884415,0.0,1.3840676324539114e-05
E02005180,0.6909217825627062,0.6909217825627062,0.6905286232889796,0.0,0.00039315927372662873
E02005181,0.0,0.0,0.0,0.0,0.0
E02005182,0.0,0.0,0.0,0.0,0.0
E02005183,0.0,0.0,0.0,0.0,0.0
E02005184,0.0,0.0,0.0,0.0,0.0
E02005185,0.0,0.0,0.0,0.0,0.0
E02005186,0.16721604233795903,0.16721604233795903,0.16721612733032132,0.0,8.499236228698415e-08
E02005189,0.1180576452303839,0.1180576452303839,0.11804916159969492,0.0,8.48363068897684e-06
E02005190,0.8032674932764473,0.8032674932764473,0.8032119063703735,0.0,5.558690607376793e-05
E02005191,0.5648337155673615,0.5648337155673615,0.5646966662840069,0.0,0.00013704928335456223
E02005192,0.21662480291328126,0.21662480291328126,0.2166247710660899,0.0,3.1847191356293436e-08
E02005193,0.7631821535477286,0.7631821535477286,0.7631233110809313,0.0,5.884246679721539e-05
E02005194,0.10129747874441954,0.10129747874441954,0.10129761659122011,0.0,1.37846800571384e-07
E02005195,0.9669400981167979,0.9669400981167979,0.9668253187256237,0.0,0.00011477939117421343
E02005196,0.27348135299090937,0.27348135299090937,0.27348135296877646,0.0,2.213290661856604e-11
E02005197,0.029809459501692972,0.029809459501692972,0.02980932123427694,0.0,1.3826741603051307e-07
E02005198,0.4795796853905319,0.4795796853905319,0.47957944463674834,0.0,2.407537835757978e-07
E02005199,0.9487800512142308,0.9487800512142308,0.9487713296335348,0.0,8.721580695980613e-06
E02005200,0.40664669607871584,0.40664669607871584,0.40664684620945657,0.0,1.5013074072811605e-07
E02005201,0.8367073357212815,0.8367073357212815,0.8365247580162145,0.0,0.00018257770506702187
E02005202,0.7937810452713681,0.7937810452713681,0.7936494690125395,0.0,0.0001315762588285363
E02005203,0.018798694951742717,0.018798694951742717,0.018798604492397356,0.0,9.045934536155986e-08
E02005204,0.033337822045561134,0.033337822045561134,0.033337753814614096,0.0,6.823094703817256e-08
E02005205,0.08854549410683801,0.08854549410683801,0.08854552262759491,0.0,2.8520756895078492e-08
E02005206,0.6004992465354251,0.6004992465354251,0.6004994121021399,0.0,1.6556671478262786e-07
E02005207,0.24290518875048123,0.24290518875048123,0.2429053302185492,0.0,1.4146806798231992e-07
E02005208,0.0038102898466828095,0.0038102898466828095,0.0038103222632890443,0.0,3.241660623482315e-08
E02005209,0.3734137379283574,0.3734137379283574,0.3734137556063633,0.0,1.7678005892474147e-08
E02005210,0.0,0.0,0.0,0.0,0.0
E02005211,0.10419837619441703,0.10419837619441703,0.10419831929106455,0.0,5.690335248831335e-08
E02005212,0.7995511833693196,0.7995511833693196,0.799551085407043,0.0,9.796227662395296e-08
E02005213,0.64754841719667,0.64754841719667,0.6475455300646691,0.0,2.8871320009171697e-06
E02005214,0.8277630422848774,0.8277630422848774,0.8277627802012212,0.0,2.6208365622171215e-07
E02005215,0.01301936421981032,0.01301936421981032,0.013019535262042118,0.0,1.7104223179811862e-07
E02005216,0.5695760612833269,0.5695760612833269,0.5695767454594232,0.0,6.841760962217336e-07
E02005217,0.1277942714754939,0.1277942714754939,0.12779408623507724,0.0,1.8524041667244973e-07
E02005218,0.006955216992308278,0.006955216992308278,0.006955255128541539,0.0,3.813623326073129e-08
E02005219,0.2957629478444281,0.2957629478444281,0.2957631355331404,0.0,1.8768871229424278e-07
E02005220,0.468566045946298,0.468566045946298,0.4685659547509878,0.0,9.11953102478158e-08
E02005221,0.0471423544675903,0.0471423544675903,0.04714235754885243,0.0,3.0812621343301316e-09
E02005222,0.0074411288758128155,0.0074411288758128155,0.007441135416620971,0.0,6.540808155514055e-09
E02005223,0.7041911807874301,0.7041911807874301,0.7041909600235576,0.0,2.207638725160166e-07
E02005224,0.2612525318553059,0.2612525318553059,0.2612520736354172,0.0,4.582198886993183e-07
E02005225,0.030875651123517055,0.030875651123517055,0.030875687126104074,0.0,3.6002587019273724e-08
E02005226,0.0,0.0,0.0,0.0,0.0
E02005228,0.0,0.0,0.0,0.0,0.0
E02005229,0.0,0.0,0.0,0.0,0.0
E02005230,0.0,0.0,0.0,0.0,0.0
E02005231,0.011343089953036822,0.011343089953036822,0.011343354185887182,0.0,2.6423285036034083e-07
E02005233,0.0,0.0,0.0,0.0,0.0
E02005234,0.0,0.0,0.0,0.0,0.0
E02005235,0.0,0.0,0.0,0.0,0.0
E02005236,0.0,0.0,0.0,0.0,0.0
E02005237,0.0,0.0,0.0,0.0,0.0
E02005238,0.0,0.0,0.0,0.0,0.0
E02005239,0.0,0.0,0.0,0.0,0.0
E02005240,0.0,0.0,0.0,0.0,0.0
E02005241,0.0,0.0,0.0,0.0,0.0
E02005242,0.0,0.0,0.0,0.0,0.0
E02005243,0.35852626729745674,0.35852626729745674,0.35852637506091034,0.0,1.0776345360508088e-07
E02005244,0.5502383957644035,0.5502383957644035,0.5502384981660019,0.0,1.0240159842300756e-07
E02005245,0.09215454721227044,0.09215454721227044,0.09215454877601954,0.0,1.5637491024289574e-09
E02005246,0.010802529934626244,0.010802529934626244,0.010802591217165317,0.0,6.128253907285164e-08
E02005247,0.2058587666668159,0.2058587666668159,0.20581418789718642,0.0,4.457876962948859e-05
E02005248,0.05764243392437264,0.05764243392437264,0.057642713182352104,0.0,2.792579794630434e-07
E02005249,0.0,0.0,0.0,0.0,0.0
E02005250,0.0,0.0,0.0,0.0,0.0
E02005251,0.0,0.0,0.0,0.0,0.0
E02005252,0.5302831969951719,0.5302831969951719,0.5302242716017946,0.0,5.892539337726266e-05
E02005253,0.03963819892287502,0.03963819892287502,0.039638204584224214,0.0,5.66134919499639e-09
E02005254,0.0,0.0,0.0,0.0,0.0
E02005255,0.0,0.0,0.0,0.0,0.0
E02005256,0.0,0.0,0.0,0.0,0.0
E02005257,0.0,0.0,0.0,0.0,0.0
E02005258,0.0,0.0,0.0,0.0,0.0
E02005259,0.0,0.0,0.0,0.0,0.0
E02005260,0.0,0.0,0.0,0.0,0.0
E02005261,0.3371856420682208,0.3371856420682208,0.3371854971843844,0.0,1.4488383642818903e-07
E02005262,0.0004807533020975098,0.0004807533020975098,0.00048071332829648154,0.0,3.9973801028276267e-08
E02005263,0.0,0.0,0.0,0.0,0.0
E02005264,0.0,0.0,0.0,0.0,0.0
E02005265,0.0,0.0,0.0,0.0,0.0
E02005266,0.0,0.0,0.0,0.0,0.0
E02005267,0.0,0.0,0.0,0.0,0.0
E02005268,0.587957777111878,0.587957777111878,0.5879575575076242,0.0,2.1960425378164672e-07
E02005269,0.0009824209532993935,0.0009824209532993935,0.0009824523426998075,0.0,3.138940041398641e-08
E02005270,0.0,0.0,0.0,0.0,0.0
E02005271,0.0,0.0,0.0,0.0,0.0
E02005272,0.0,0.0,0.0,0.0,0.0
E02005273,0.0,0.0,0.0,0.0,0.0
E02005274,0.048122528419865016,0.048122528419865016,0.04812218035709508,0.0,3.4806276993232244e-07
E02005275,0.00022500528550820211,0.00022500528550820211,0.00022501135500000756,0.0,6.0694918054438485e-09
E02005276,0.1462594072941222,0.1462594072941222,0.1462593308147058,0.0,7.647941641097944e-08
E02005277,0.2575932330566041,0.2575932330566041,0.2575604835161146,0.0,3.2749540489485085e-05
E02005278,0.0,0.0,0.0,0.0,0.0
E02005279,0.09706756319053443,0.09706756319053443,0.09706755224735088,0.0,1.0943183553768776e-08
E02005280,0.005361554916135431,0.005361554916135431,0.0053614981411970195,0.0,5.677493841119846e-08
E02005281,0.09794034787145142,0.09794034787145142,0.09794044971051806,0.0,1.0183906663796538e-07
E02005284,0.10451572823980355,0.10451572823980355,0.10450505641901488,0.0,1.06718207886769e-05
E02005285,0.5710180800344646,0.5710180800344646,0.5707626273023882,0.0,0.00025545273207638886
E02005286,0.7239337001996169,0.7239337001996169,0.723878362285737,0.0,5.533791387990483e-05
E02005287,0.756756137668503,0.756756137668503,0.7567563794827438,0.0,2.4181424074232183e-07
E02005288,0.9344918265016631,0.9344918265016631,0.934272195513158,0.0,0.00021963098850508178
E02005289,0.3537949690605193,0.3537949690605193,0.35379489853173346,0.0,7.052878586710776e-08
E02005290,0.4849903136212961,0.4849903136212961,0.4849904040100717,0.0,9.038877563094516e-08
E02005291,0.2253150741803695,0.2253150741803695,0.2253150481278169,0.0,2.605255258747441e-08
E02005292,0.0334772228449627,0.0334772228449627,0.033477513366314264,0.0,2.905213515660976e-07
E02005293,0.0,0.0,0.0,0.0,0.0
E02005294,0.18047778564932787,0.18047778564932787,0.18019833640758004,0.0,0.00027944924174783115
E02005295,0.035003301516024134,0.035003301516024134,0.03500323449462365,0.0,6.702140048497895e-08
E02005296,0.8520113820773055,0.8520113820773056,0.8520113529557573,1.1102230246251565e-16,2.912154828393909e-08
E02005297,0.926217706404888,0.926217706404888,0.9262006381204922,0.0,1.7068284395738154e-05
E02005298,0.4350178735187748,0.4350178735187748,0.43501785270838395,0.0,2.081039085499725e-08
E02005299,0.000500977045744241,0.000500977045744241,0.0005008385599373085,0.0,1.384858069324469e-07
E02005300,0.5706600488998999,0.5706600488998999,0.570633941664254,0.0,2.6107235645889126e-05
E02005301,0.25834166262161196,0.25834166262161196,0.25807097862257905,0.0,0.00027068399903290574
E02005302,0.3042958637187904,0.3042958637187904,0.30393213006863634,0.0,0.00036373365015407444
E02005303,0.3991527136603337,0.3991527136603337,0.39844357958599336,0.0,0.0007091340743403673
E02005304,0.8865158700049185,0.8865158700049185,0.8865041031760377,0.0,1.1766828880821478e-05
E02005305,0.9631765141985575,0.9631765142282861,0.9631559358568033,2.972855295269028e-11,2.0578341754284857e-05
E02005306,0.9843508898559182,0.9843508898559182,0.9834386199011728,0.0,0.0009122699547454705
E02005307,0.7785973542837572,0.7785973542837572,0.7140520533257042,0.0,0.064545300958053
E02005308,0.9410787727142925,0.9410787727142924,0.9409170182830653,1.1102230246251565e-16,0.00016175443122723454
E02005309,0.7115589918380762,0.7115589918380762,0.6935220959438965,0.0,0.018036895894179783
E02005310,0.34396420552564444,0.34396420552564444,0.3365371089736008,0.0,0.007427096552043655
E02005311,0.9643341086140143,0.9643341086140143,0.9622172536685878,0.0,0.0021168549454264607
E02005312,0.190944875543083,0.190944875543083,0.19094710573252832,0.0,2.2301894453125026e-06
E02005313,0.0,0.0,0.0,0.0,0.0
E02005314,0.4705191779092005,0.4705191779092005,0.472084225445779,0.0,0.00156504753657849
E02005315,0.8627529270308901,0.8627529270308901,0.8471527989366903,0.0,0.015600128094199861
E02005316,0.29636228891298755,0.29636228891298755,0.29632418768881613,0.0,3.810122417141626e-05
E02005317,0.0,0.0,0.0,0.0,0.0
E02005318,0.7501109997555689,0.7501109997555689,0.74531891949684,0.0,0.0047920802587289035
E02005319,0.0,0.0,0.0,0.0,0.0
E02005320,0.0,0.0,0.0,0.0,0.0
E02005321,0.2510487498230158,0.2510487498230158,0.2510487614119925,0.0,1.1588976722709532e-08
E02005322,0.0,0.0,0.0,0.0,0.0
E02005323,0.2993965208073029,0.2993965208073029,0.2993966382004298,0.0,1.1739312688607839e-07
E02005324,0.0,0.0,0.0,0.0,0.0
E02005325,0.0,0.0,0.0,0.0,0.0
E02005326,0.08203165426985355,0.08203165426985355,0.08203163824562199,0.0,1.602423156665811e-08
E02005327,0.0,0.0,0.0,0.0,0.0
E02005328,0.08061813468900278,0.08061813468900278,0.08061780964326322,0.0,3.250457395603812e-07
E02005329,0.0838173301863823,0.0838173301863823,0.08381748758804264,0.0,1.5740166034450276e-07
E02005330,0.3712446538447244,0.3712446538447244,0.3712445832758732,0.0,7.056885120704237e-08
E02005331,0.23861798201382525,0.23861798201382525,0.2386182216421165,0.0,2.3962829123758134e-07
E02005332,0.3040056685418209,0.3040056685418209,0.3040004234895731,0.0,5.245052247748738e-06
E02005334,0.0,0.0,0.0,0.0,0.0
E02005335,0.0,0.0,0.0,0.0,0.0
E02005336,0.0,0.0,0.0,0.0,0.0
E02005337,0.0,0.0,0.0,0.0,0.0
E02005338,0.0,0.0,0.0,0.0,0.0
E02005339,0.0,0.0,0.0,0.0,0.0
E02005340,0.0,0.0,0.0,0.0,0.0
E02005341,0.0,0.0,0.0,0.0,0.0
E02005342,0.0,0.0,0.0,0.0,0.0
E02005343,0.0,0.0,0.0,0.0,0.0
E02005344,1.3496660264874045e-05,1.3496660264874045e-05,1.3496823671028209e-05,0.0,1.634061541642745e-10
E02005345,0.0,0.0,0.0,0.0,0.0
E02005346,0.0,0.0,0.0,0.0,0.0
E02005347,0.0,0.0,0.0,0.0,0.0
E02005348,0.0,0.0,0.0,0.0,0.0
E02005349,0.0,0.0,0.0,0.0,0.0
E02005350,0.0,0.0,0.0,0.0,0.0
E02005351,0.0,0.0,0.0,0.0,0.0
E02005352,0.0,0.0,0.0,0.0,0.0
E02005353,0.0,0.0,0.0,0.0,0.0
E02005354,0.0,0.0,0.0,0.0,0.0
E02005355,0.0,0.0,0.0,0.0,0.0
E02005356,0.0,0.0,0.0,0.0,0.0
E02005357,0.0,0.0,0.0,0.0,0.0
E02005358,0.0,0.0,0.0,0.0,0.0
E02005359,0.0,0.0,0.0,0.0,0.0
E02005360,0.0,0.0,0.0,0.0,0.0
E02005361,0.0,0.0,0.0,0.0,0.0
E02005362,0.0,0.0,0.0,0.0,0.0
E02005363,0.0,0.0,0.0,0.0,0.0
E02005364,0.0,0.0,0.0,0.0,0.0
E02005365,0.0,0.0,0.0,0.0,0.0
E02005366,0.0,0.0,0.0,0.0,0.0
E02005368,0.0,0.0,0.0,0.0,0.0
E02005369,0.0,0.0,0.0,0.0,0.0
E02005370,0.0,0.0,0.0,0.0,0.0
E02005371,0.0,0.0,0.0,0.0,0.0
E02005372,9.666262089618998e-05,9.666262089618998e-05,9.66638533589041e-05,0.0,1.2324627141193983e-09
E02005373,0.0,0.0,0.0,0.0,0.0
E02005374,0.0,0.0,0.0,0.0,0.0
E02005375,0.0,0.0,0.0,0.0,0.0
E02005376,0.0,0.0,0.0,0.0,0.0
E02005377,0.0,0.0,0.0,0.0,0.0
E02005378,0.0,0.0,0.0,0.0,0.0
E02005379,0.0,0.0,0.0,0.0,0.0
E02005380,0.0,0.0,0.0,0.0,0.0
E02005381,0.0,0.0,0.0,0.0,0.0
E02005382,0.0,0.0,0.0,0.0,0.0
E02005383,0.0,0.0,0.0,0.0,0.0
E02005384,0.0,0.0,0.0,0.0,0.0
E02005385,0.0,0.0,0.0,0.0,0.0
E02005386,0.0,0.0,0.0,0.0,0.0
E02005387,0.00024359507204585535,0.00024359507204585535,0.00024356871508251167,0.0,2.6356963343679516e-08
E02005388,0.0,0.0,0.0,0.0,0.0
E02005389,0.0,0.0,0.0,0.0,0.0
E02005390,0.0006454302870125348,0.0006454302870125348,0.000645436697093929,0.0,6.41008139417535e-09
E02005391,0.0,0.0,0.0,0.0,0.0
E02005392,0.0,0.0,0.0,0.0,0.0
E02005393,0.0,0.0,0.0,0.0,0.0
E02005394,0.0,0.0,0.0,0.0,0.0
E02005395,0.0,0.0,0.0,0.0,0.0
E02005396,0.0,0.0,0.0,0.0,0.0
E02005397,0.0004656979383357966,0.0004656979383357966,0.00046613247120523446,0.0,4.345328694378681e-07
E02005398,0.00015500811751255924,0.00015500811751255924,0.00015575505048534056,0.0,7.469329727813161e-07
E02005399,0.0,0.0,0.0,0.0,0.0
E02005400,0.0,0.0,0.0,0.0,0.0
E02005401,0.0,0.0,0.0,0.0,0.0
E02005402,0.0,0.0,0.0,0.0,0.0
E02005403,0.0,0.0,0.0,0.0,0.0
E02005404,0.0,0.0,0.0,0.0,0.0
E02005405,0.0,0.0,0.0,0.0,0.0
E02005406,0.0,0.0,0.0,0.0,0.0
E02005407,0.0,0.0,0.0,0.0,0.0
E02005408,0.0,0.0,0.0,0.0,0.0
E02005409,0.0,0.0,0.0,0.0,0.0
E02005412,0.0,0.0,0.0,0.0,0.0
E02005414,0.0,0.0,0.0,0.0,0.0
E02005415,0.0,0.0,0.0,0.0,0.0
E02005416,0.0,0.0,0.0,0.0,0.0
E02005417,0.0,0.0,0.0,0.0,0.0
E02005418,0.0,0.0,0.0,0.0,0.0
E02005419,0.0,0.0,0.0,0.0,0.0
E02005420,0.0,0.0,0.0,0.0,0.0
E02005422,0.0,0.0,0.0,0.0,0.0
E02005423,0.0,0.0,0.0,0.0,0.0
E02005424,0.0,0.0,0.0,0.0,0.0
E02005425,0.0,0.0,0.0,0.0,0.0
E02005426,0.0,0.0,0.0,0.0,0.0
E02005427,0.0,0.0,0.0,0.0,0.0
E02005428,0.0,0.0,0.0,0.0,0.0
E02005429,0.0,0.0,0.0,0.0,0.0
E02005430,0.0,0.0,0.0,0.0,0.0
E02005431,0.0,0.0,0.0,0.0,0.0
E02005432,0.0,0.0,0.0,0.0,0.0
E02005433,0.0,0.0,0.0,0.0,0.0
E02005434,0.0,0.0,0.0,0.0,0.0
E02005435,0.0,0.0,0.0,0.0,0.0
E02005436,0.0,0.0,0.0,0.0,0.0
E02005437,0.0,0.0,0.0,0.0,0.0
E02005438,0.0,0.0,0.0,0.0,0.0
E02005439,0.0,0.0,0.0,0.0,0.0
E02005440,0.0,0.0,0.0,0.0,0.0
E02005441,0.0,0.0,0.0,0.0,0.0
E02005442,0.0,0.0,0.0,0.0,0.0
E02005443,0.0,0.0,0.0,0.0,0.0
E02005444,0.0,0.0,0.0,0.0,0.0
E02005445,0.0,0.0,0.0,0.0,0.0
E02005446,0.0,0.0,0.0,0.0,0.0
E02005447,0.0,0.0,0.0,0.0,0.0
E02005448,0.0,0.0,0.0,0.0,0.0
E02005449,0.0,0.0,0.0,0.0,0.0
E02005450,0.0,0.0,0.0,0.0,0.0
E02005451,0.0,0.0,0.0,0.0,0.0
E02005452,0.0,0.0,0.0,0.0,0.0
E02005453,0.0,0.0,0.0,0.0,0.0
E02005455,0.0,0.0,0.0,0.0,0.0
E02005456,0.0,0.0,0.0,0.0,0.0
E02005457,0.0,0.0,0.0,0.0,0.0
E02005458,0.0,0.0,0.0,0.0,0.0
E02005459,0.0,0.0,0.0,0.0,0.0
E02005460,0.0,0.0,0.0,0.0,0.0
E02005461,0.0,0.0,0.0,0.0,0.0
E02005462,0.0,0.0,0.0,0.0,0.0
E02005463,0.0,0.0,0.0,0.0,0.0
E02005464,0.0,0.0,0.0,0.0,0.0
E02005465,0.0,0.0,0.0,0.0,0.0
E02005466,0.0,0.0,0.0,0.0,0.0
E02005467,0.0,0.0,0.0,0.0,0.0
E02005468,0.0,0.0,0.0,0.0,0.0
E02005469,0.0,0.0,0.0,0.0,0.0
E02005470,0.0,0.0,0.0,0.0,0.0
E02005471,0.0,0.0,0.0,0.0,0.0
E02005472,0.0,0.0,0.0,0.0,0.0
E02005473,0.0,0.0,0.0,0.0,0.0
E02005474,0.0,0.0,0.0,0.0,0.0
E02005475,0.0,0.0,0.0,0.0,0.0
E02005476,0.0,0.0,0.0,0.0,0.0
E02005477,0.0,0.0,0.0,0.0,0.0
E02005478,0.0,0.0,0.0,0.0,0.0
E02005479,0.0,0.0,0.0,0.0,0.0
E02005480,0.0,0.0,0.0,0.0,0.0
E02005481,0.0,0.0,0.0,0.0,0.0
E02005482,0.0,0.0,0.0,0.0,0.0
E02005483,0.0,0.0,0.0,0.0,0.0
E02005484,0.0,0.0,0.0,0.0,0.0
E02005485,0.0,0.0,0.0,0.0,0.0
E02005486,0.0,0.0,0.0,0.0,0.0
E02005487,0.0,0.0,0.0,0.0,0.0
E02005488,0.0,0.0,0.0,0.0,0.0
E02005489,0.0,0.0,0.0,0.0,0.0
E02005490,0.0,0.0,0.0,0.0,0.0
E02005491,0.0,0.0,0.0,0.0,0.0
E02005492,0.0,0.0,0.0,0.0,0.0
E02005493,0.0,0.0,0.0,0.0,0.0
E02005494,0.0,0.0,0.0,0.0,0.0
E02005495,0.0,0.0,0.0,0.0,0.0
E02005496,0.0,0.0,0.0,0.0,0.0
E02005497,0.0,0.0,0.0,0.0,0.0
E02005498,0.0,0.0,0.0,0.0,0.0
E02005499,0.0,0.0,0.0,0.0,0.0
E02005500,0.0,0.0,0.0,0.0,0.0
E02005501,0.0,0.0,0.0,0.0,0.0
E02005502,0.0,0.0,0.0,0.0,0.0
E02005503,0.0,0.0,0.0,0.0,0.0
E02005504,0.0,0.0,0.0,0.0,0.0
E02005505,0.0,0.0,0.0,0.0,0.0
E02005506,0.0,0.0,0.0,0.0,0.0
E02005507,0.0,0.0,0.0,0.0,0.0
E02005508,0.0,0.0,0.0,0.0,0.0
E02005509,0.0,0.0,0.0,0.0,0.0
E02005510,0.0,0.0,0.0,0.0,0.0
E02005511,0.0,0.0,0.0,0.0,0.0
E02005512,0.0,0.0,0.0,0.0,0.0
E02005513,0.0,0.0,0.0,0.0,0.0
E02005514,0.0,0.0,0.0,0.0,0.0
E02005515,0.0,0.0,0.0,0.0,0.0
E02005516,0.0,0.0,0.0,0.0,0.0
E02005517,0.0,0.0,0.0,0.0,0.0
E02005518,0.0,0.0,0.0,0.0,0.0
E02005519,0.0,0.0,0.0,0.0,0.0
E02005520,0.0,0.0,0.0,0.0,0.0
E02005521,0.0,0.0,0.0,0.0,0.0
E02005522,0.0,0.0,0.0,0.0,0.0
E02005523,0.0,0.0,0.0,0.0,0.0
E02005524,0.0,0.0,0.0,0.0,0.0
E02005525,0.0,0.0,0.0,0.0,0.0
E02005526,0.0,0.0,0.0,0.0,0.0
E02005527,0.0,0.0,0.0,0.0,0.0
E02005528,0.0,0.0,0.0,0.0,0.0
E02005529,0.0,0.0,0.0,0.0,0.0
E02005530,0.0,0.0,0.0,0.0,0.0
E02005531,0.0,0.0,0.0,0.0,0.0
E02005532,0.0,0.0,0.0,0.0,0.0
E02005533,0.0,0.0,0.0,0.0,0.0
E02005534,0.0,0.0,0.0,0.0,0.0
E02005535,0.0,0.0,0.0,0.0,0.0
E02005536,0.0,0.0,0.0,0.0,0.0
E02005537,0.0,0.0,0.0,0.0,0.0
E02005538,0.0,0.0,0.0,0.0,0.0
E02005539,0.0,0.0,0.0,0.0,0.0
E02005540,0.0,0.0,0.0,0.0,0.0
E02005541,0.0,0.0,0.0,0.0,0.0
E02005542,0.0,0.0,0.0,0.0,0.0
E02005543,0.0,0.0,0.0,0.0,0.0
E02005544,0.0,0.0,0.0,0.0,0.0
E02005545,0.0,0.0,0.0,0.0,0.0
E02005546,0.0,0.0,0.0,0.0,0.0
E02005547,0.0,0.0,0.0,0.0,0.0
E02005548,0.0,0.0,0.0,0.0,0.0
E02005549,0.0,0.0,0.0,0.0,0.0
E02005550,0.0,0.0,0.0,0.0,0.0
E02005551,0.0,0.0,0.0,0.0,0.0
E02005552,0.0,0.0,0.0,0.0,0.0
E02005553,0.0,0.0,0.0,0.0,0.0
E02005554,0.0,0.0,0.0,0.0,0.0
E02005555,0.0,0.0,0.0,0.0,0.0
E02005556,0.0,0.0,0.0,0.0,0.0
E02005557,0.0,0.0,0.0,0.0,0.0
E02005558,0.0,0.0,0.0,0.0,0.0
E02005559,0.0,0.0,0.0,0.0,0.0
E02005560,0.0,0.0,0.0,0.0,0.0
E02005561,0.0,0.0,0.0,0.0,0.0
E02005562,0.0,0.0,0.0,0.0,0.0
E02005563,0.0,0.0,0.0,0.0,0.0
E02005564,0.0,0.0,0.0,0.0,0.0
E02005565,0.0,0.0,0.0,0.0,0.0
E02005566,0.0,0.0,0.0,0.0,0.0
E02005567,0.0,0.0,0.0,0.0,0.0
E02005568,0.0,0.0,0.0,0.0,0.0
E02005569,0.0,0.0,0.0,0.0,0.0
E02005570,0.0,0.0,0.0,0.0,0.0
E02005571,0.0,0.0,0.0,0.0,0.0
E02005572,0.0,0.0,0.0,0.0,0.0
E02005573,0.0,0.0,0.0,0.0,0.0
E02005574,0.0,0.0,0.0,0.0,0.0
E02005575,0.0,0.0,0.0,0.0,0.0
E02005576,0.0,0.0,0.0,0.0,0.0
E02005577,0.0,0.0,0.0,0.0,0.0
E02005578,0.0,0.0,0.0,0.0,0.0
E02005579,0.0,0.0,0.0,0.0,0.0
E02005580,0.0,0.0,0.0,0.0,0.0
E02005581,0.0,0.0,0.0,0.0,0.0
E02005582,0.0,0.0,0.0,0.0,0.0
E02005583,0.0,0.0,0.0,0.0,0.0
E02005584,0.0,0.0,0.0,0.0,0.0
E02005585,0.0,0.0,0.0,0.0,0.0
E02005586,0.0,0.0,0.0,0.0,0.0
E02005587,0.0,0.0,0.0,0.0,0.0
E02005588,0.0,0.0,0.0,0.0,0.0
E02005589,0.0,0.0,0.0,0.0,0.0
E02005590,0.0,0.0,0.0,0.0,0.0
E02005592,0.0,0.0,0.0,0.0,0.0
E02005593,0.0,0.0,0.0,0.0,0.0
E02005594,0.0,0.0,0.0,0.0,0.0
E02005595,0.0,0.0,0.0,0.0,0.0
E02005596,0.0,0.0,0.0,0.0,0.0
E02005597,0.0,0.0,0.0,0.0,0.0
E02005598,0.0,0.0,0.0,0.0,0.0
E02005599,0.0,0.0,0.0,0.0,0.0
E02005600,0.0,0.0,0.0,0.0,0.0
E02005601,0.0,0.0,0.0,0.0,0.0
E02005602,0.0,0.0,0.0,0.0,0.0
E02005603,0.0,0.0,0.0,0.0,0.0
E02005604,0.0,0.0,0.0,0.0,0.0
E02005605,0.0,0.0,0.0,0.0,0.0
E02005606,0.0,0.0,0.0,0.0,0.0
E02005607,0.0,0.0,0.0,0.0,0.0
E02005608,0.0,0.0,0.0,0.0,0.0
E02005609,0.0,0.0,0.0,0.0,0.0
E02005610,0.0,0.0,0.0,0.0,0.0
E02005611,0.0,0.0,0.0,0.0,0.0
E02005612,0.0,0.0,0.0,0.0,0.0
E02005613,0.0,0.0,0.0,0.0,0.0
E02005614,0.0,0.0,0.0,0.0,0.0
E02005615,0.0,0.0,0.0,0.0,0.0
E02005616,0.0,0.0,0.0,0.0,0.0
E02005617,0.0,0.0,0.0,0.0,0.0
E02005619,0.0,0.0,0.0,0.0,0.0
E02005620,0.0,0.0,0.0,0.0,0.0
E02005621,0.0,0.0,0.0,0.0,0.0
E02005622,0.0,0.0,0.0,0.0,0.0
E02005623,0.0,0.0,0.0,0.0,0.0
E02005624,0.0,0.0,0.0,0.0,0.0
E02005625,0.0,0.0,0.0,0.0,0.0
E02005626,0.0,0.0,0.0,0.0,0.0
E02005627,0.0,0.0,0.0,0.0,0.0
E02005628,0.0,0.0,0.0,0.0,0.0
E02005629,0.0,0.0,0.0,0.0,0.0
E02005630,0.0,0.0,0.0,0.0,0.0
E02005631,0.0,0.0,0.0,0.0,0.0
E02005632,0.0,0.0,0.0,0.0,0.0
E02005633,0.0,0.0,0.0,0.0,0.0
E02005634,0.0,0.0,0.0,0.0,0.0
E02005635,0.0,0.0,0.0,0.0,0.0
E02005636,0.0,0.0,0.0,0.0,0.0
E02005637,0.0,0.0,0.0,0.0,0.0
E02005638,0.0,0.0,0.0,0.0,0.0
E02005639,0.0,0.0,0.0,0.0,0.0
E02005640,0.0,0.0,0.0,0.0,0.0
E02005641,0.0,0.0,0.0,0.0,0.0
E02005642,0.0,0.0,0.0,0.0,0.0
E02005643,0.0,0.0,0.0,0.0,0.0
E02005644,0.0,0.0,0.0,0.0,0.0
E02005645,0.0,0.0,0.0,0.0,0.0
E02005646,0.0,0.0,0.0,0.0,0.0
E02005647,0.0,0.0,0.0,0.0,0.0
E02005648,0.0,0.0,0.0,0.0,0.0
E02005649,0.0,0.0,0.0,0.0,0.0
E02005650,0.0,0.0,0.0,0.0,0.0
E02005651,0.0,0.0,0.0,0.0,0.0
E02005652,0.0,0.0,0.0,0.0,0.0
E02005653,0.0,0.0,0.0,0.0,0.0
E02005654,0.0,0.0,0.0,0.0,0.0
E02005655,0.0,0.0,0.0,0.0,0.0
E02005656,0.0,0.0,0.0,0.0,0.0
E02005657,0.0,0.0,0.0,0.0,0.0
E02005658,0.0,0.0,0.0,0.0,0.0
E02005659,0.0,0.0,0.0,0.0,0.0
E02005660,0.0,0.0,0.0,0.0,0.0
E02005661,0.0,0.0,0.0,0.0,0.0
E02005662,0.0,0.0,0.0,0.0,0.0
E02005663,0.0,0.0,0.0,0.0,0.0
E02005664,0.0,0.0,0.0,0.0,0.0
E02005665,0.0,0.0,0.0,0.0,0.0
E02005666,0.0,0.0,0.0,0.0,0.0
E02005667,0.0,0.0,0.0,0.0,0.0
E02005668,0.0,0.0,0.0,0.0,0.0
E02005669,0.0,0.0,0.0,0.0,0.0
E02005670,0.0,0.0,0.0,0.0,0.0
E02005671,0.0,0.0,0.0,0.0,0.0
E02005672,0.0,0.0,0.0,0.0,0.0
E02005673,0.0,0.0,0.0,0.0,0.0
E02005674,0.0,0.0,0.0,0.0,0.0
E02005675,0.0,0.0,0.0,0.0,0.0
E02005676,0.0,0.0,0.0,0.0,0.0
E02005677,0.0,0.0,0.0,0.0,0.0
E02005678,0.0,0.0,0.0,0.0,0.0
E02005679,0.0,0.0,0.0,0.0,0.0
E02005680,0.0,0.0,0.0,0.0,0.0
E02005681,0.0,0.0,0.0,0.0,0.0
E02005682,0.0,0.0,0.0,0.0,0.0
E02005683,0.0,0.0,0.0,0.0,0.0
E02005684,0.0,0.0,0.0,0.0,0.0
E02005685,0.0,0.0,0.0,0.0,0.0
E02005686,0.0,0.0,0.0,0.0,0.0
E02005687,0.0,0.0,0.0,0.0,0.0
E02005688,0.0,0.0,0.0,0.0,0.0
E02005689,0.0,0.0,0.0,0.0,0.0
E02005690,0.0,0.0,0.0,0.0,0.0
E02005691,0.0,0.0,0.0,0.0,0.0
E02005692,0.0,0.0,0.0,0.0,0.0
E02005693,0.0,0.0,0.0,0.0,0.0
E02005694,0.0,0.0,0.0,0.0,0.0
E02005695,0.0,0.0,0.0,0.0,0.0
E02005696,0.0,0.0,0.0,0.0,0.0
E02005697,0.0,0.0,0.0,0.0,0.0
E02005698,0.0,0.0,0.0,0.0,0.0
E02005699,0.0,0.0,0.0,0.0,0.0
E02005700,0.0,0.0,0.0,0.0,0.0
E02005701,0.0,0.0,0.0,0.0,0.0
E02005702,0.0,0.0,0.0,0.0,0.0
E02005703,0.0,0.0,0.0,0.0,0.0
E02005704,0.0,0.0,0.0,0.0,0.0
E02005705,0.0,0.0,0.0,0.0,0.0
E02005706,0.0,0.0,0.0,0.0,0.0
E02005707,0.0,0.0,0.0,0.0,0.0
E02005708,0.0,0.0,0.0,0.0,0.0
E02005709,0.0,0.0,0.0,0.0,0.0
E02005710,0.0,0.0,0.0,0.0,0.0
E02005711,0.0,0.0,0.0,0.0,0.0
E02005712,0.05336422840168701,0.05336422840168701,0.053364199522050564,0.0,2.887963644615521e-08
E02005713,0.47382324951327737,0.47382324951327737,0.4738231879716128,0.0,6.154166454219734e-08
E02005714,0.0,0.0,0.0,0.0,0.0
E02005715,0.3135831230006462,0.3135831230006462,0.3134252089857531,0.0,0.0001579140148931235
E02005716,0.06217459497674168,0.06217459497674168,0.06217447720722804,0.0,1.1776951364117494e-07
E02005717,0.8786462299610256,0.8786462299610256,0.8782645817697882,0.0,0.000381648191237427
E02005718,0.15829648395570378,0.15829648395570378,0.15829645194555583,0.0,3.2010147948957623e-08
E02005719,0.7053887309568433,0.7053887309568433,0.7052426426322463,0.0,0.0001460883245969491
E02005720,0.0,0.0,0.0,0.0,0.0
E02005721,0.0005216640910438631,0.0005216640910438631,0.0005215991632233712,0.0,6.4927820491909e-08
E02005722,0.07241456044980871,0.07241456044980871,0.07241394943006291,0.0,6.110197457998012e-07
E02005723,0.0,0.0,0.0,0.0,0.0
E02005724,0.0,0.0,0.0,0.0,0.0
E02005725,0.925382388214,0.925382388214,0.9251099873976447,0.0,0.00027240081635526714
E02005726,0.5051681686017606,0.5051681686017606,0.5051603190458716,0.0,7.849555889061222e-06
E02005727,0.0030825341053312997,0.0030825341053312997,0.0030826107921780315,0.0,7.668684673172929e-08
E02005728,0.0,0.0,0.0,0.0,0.0
E02005729,0.9653969655177566,0.9653969655177566,0.9654073047499571,0.0,1.033923220050692e-05
E02005730,0.886776095246612,0.886776095246612,0.8867761171653004,0.0,2.1918688308808498e-08
E02005731,0.47761553720403555,0.47761553720403555,0.47752781351020573,0.0,8.772369382981093e-05
E02005732,0.5888934225842489,0.5888934225842489,0.5888873829334367,0.0,6.039650812250663e-06
E02005733,0.17574013570540642,0.17574013570540642,0.17574010467146184,0.0,3.10339445808161e-08
E02005734,0.0,0.0,0.0,0.0,0.0
E02005735,0.0,0.0,0.0,0.0,0.0
E02005736,0.0,0.0,0.0,0.0,0.0
E02005737,0.23467571146956295,0.23467571146956295,0.2346758320708525,0.0,1.206012895382802e-07
E02005738,0.0,0.0,0.0,0.0,0.0
E02005739,0.20836717839405205,0.20836717839405205,0.2083671923823346,0.0,1.398828253229567e-08
E02005740,0.0,0.0,0.0,0.0,0.0
E02005741,0.3367608841577186,0.3367608841577186,0.33673181930570967,0.0,2.906485200893094e-05
E02005742,0.0,0.0,0.0,0.0,0.0
E02005743,0.0,0.0,0.0,0.0,0.0
E02005744,0.0,0.0,0.0,0.0,0.0
E02005745,5.277751860138032e-05,5.277751860138032e-05,5.778774509967303e-05,0.0,5.010226498292711e-06
E02005746,0.0,0.0,0.0,0.0,0.0
E02005747,0.0,0.0,0.0,0.0,0.0
E02005748,7.322498375781122e-05,7.322498375781122e-05,7.322018828332335e-05,0.0,4.795474487870473e-09
E02005749,0.0005058138933965895,0.0005058138933965895,0.0005057816491213441,0.0,3.22442752453923e-08
E02005750,0.0,0.0,0.0,0.0,0.0
E02005751,0.0,0.0,0.0,0.0,0.0
E02005752,0.0,0.0,0.0,0.0,0.0
E02005753,0.0,0.0,0.0,0.0,0.0
E02005754,0.0,0.0,0.0,0.0,0.0
E02005755,0.0,0.0,0.0,0.0,0.0
E02005756,0.0,0.0,0.0,0.0,0.0
E02005757,0.0,0.0,0.0,0.0,0.0
E02005758,0.0,0.0,0.0,0.0,0.0
E02005759,0.021251228553604597,0.021251228553604597,0.021239418336679142,0.0,1.1810216925454281e-05
E02005760,0.09974309558513911,0.09974309557888744,0.09972228150142173,6.2516658516642565e-12,2.0814083717374254e-05
E02005761,0.0,0.0,0.0,0.0,0.0
E02005762,0.0,0.0,0.0,0.0,0.0
E02005763,0.0,0.0,0.0,0.0,0.0
E02005764,0.0,0.0,0.0,0.0,0.0
E02005765,0.0,0.0,0.0,0.0,0.0
E02005766,0.0,0.0,0.0,0.0,0.0
E02005767,0.02867916463111832,0.02867916463111832,0.028679192780500056,0.0,2.814938173528736e-08
E02005768,0.015501076279786969,0.015501076279786969,0.015501079146256369,0.0,2.86646940038382e-09
E02005769,0.40941100312760803,0.40941100312760803,0.409411054066122,0.0,5.0938513962428544e-08
E02005770,0.6163831095181391,0.6163831095181391,0.6163829131679558,0.0,1.9635018333463705e-07
E02005771,0.0,0.0,0.0,0.0,0.0
E02005772,0.39217564785452147,0.39217564785452147,0.392175670647354,0.0,2.279283251027664e-08
E02005773,0.0,0.0,0.0,0.0,0.0
E02005774,0.26024675515017465,0.26024675515017465,0.2602464273043688,0.0,3.278458058364464e-07
E02005775,0.0,0.0,0.0,0.0,0.0
E02005776,0.07957588583481552,0.07957588581603359,0.07970429502385569,1.8781934341127737e-11,0.0001284091890401684
E02005777,0.1405093084896612,0.1405093084896612,0.14050923867227655,0.0,6.981738465139387e-08
E02005778,0.30703051697697553,0.30703051697697553,0.30761491922232365,0.0,0.0005844022453481146
E02005779,0.0,0.0,0.0,0.0,0.0
E02005780,0.0,0.0,0.0,0.0,0.0
E02005781,0.857144486870093,0.857144486870093,0.8573436556912528,0.0,0.00019916882115977863
E02005782,0.0,0.0,0.0,0.0,0.0
E02005783,0.0,0.0,0.0,0.0,0.0
E02005784,0.0,0.0,0.0,0.0,0.0
E02005785,0.0,0.0,0.0,0.0,0.0
E02005786,0.0,0.0,0.0,0.0,0.0
E02005787,0.0,0.0,0.0,0.0,0.0
E02005788,0.0,0.0,0.0,0.0,0.0
E02005789,0.0,0.0,0.0,0.0,0.0
E02005790,0.0,0.0,0.0,0.0,0.0
E02005791,0.0,0.0,0.0,0.0,0.0
E02005794,0.029921195214464326,0.029921195214464326,0.029866653848142122,0.0,5.454136632220344e-05
E02005795,0.0,0.0,0.0,0.0,0.0
E02005796,0.0,0.0,0.0,0.0,0.0
E02005797,0.0,0.0,0.0,0.0,0.0
E02005798,0.0,0.0,0.0,0.0,0.0
E02005799,0.0,0.0,0.0,0.0,0.0
E02005800,0.0,0.0,0.0,0.0,0.0
E02005801,0.0,0.0,0.0,0.0,0.0
E02005802,0.0,0.0,0.0,0.0,0.0
E02005803,0.0,0.0,0.0,0.0,0.0
E02005804,0.0,0.0,0.0,0.0,0.0
E02005805,0.0,0.0,0.0,0.0,0.0
E02005806,0.0,0.0,0.0,0.0,0.0
E02005807,0.0,0.0,0.0,0.0,0.0
E02005808,0.0,0.0,0.0,0.0,0.0
E02005809,0.7382121929258112,0.7382121929258112,0.738020769039411,0.0,0.00019142388640014385
E02005810,0.25826426610212544,0.25826426610212544,0.2582627976523894,0.0,1.4684497360306636e-06
E02005811,0.05590057889985835,0.05590057889985835,0.05231616191481193,0.0,0.0035844169850464194
E02005812,0.5963821591443726,0.5963821591443726,0.595895656496601,0.0,0.0004865026477716139
E02005813,0.0,0.0,0.0,0.0,0.0
E02005814,0.0,0.0,0.0,0.0,0.0
E02005815,0.0,0.0,0.0,0.0,0.0
E02005816,0.0,0.0,0.0,0.0,0.0
E02005817,0.6659369343875063,0.6659369343875063,0.6642440249653289,0.0,0.0016929094221774799
E02005818,0.6462897570802617,0.6462897570802617,0.6462155784992999,0.0,7.417858096181451e-05
E02005819,0.0,0.0,0.0,0.0,0.0
E02005820,0.0,0.0,0.0,0.0,0.0
E02005821,0.0,0.0,0.0,0.0,0.0
E02005822,0.0,0.0,0.0,0.0,0.0
E02005823,0.0,0.0,0.0,0.0,0.0
E02005824,0.0,0.0,0.0,0.0,0.0
E02005825,0.42699444884331544,0.42699444884331544,0.4269879036548476,0.0,6.545188467821372e-06
E02005826,0.0,0.0,0.0,0.0,0.0
E02005827,0.3732329214713809,0.3732329214713809,0.3730358834254397,0.0,0.00019703804594117802
E02005828,0.8479963126439917,0.8479963126439917,0.8479590507190743,0.0,3.7261924917375566e-05
E02005829,0.7308360377356525,0.7308360377356524,0.7308348072114609,1.1102230246251565e-16,1.2305241916532594e-06
E02005830,0.8610761157414931,0.861076115741493,0.8609349916490385,1.1102230246251565e-16,0.000141124092454592
E02005831,0.4249174360716306,0.4249174360716306,0.42481957525937414,0.0,9.786081225648946e-05
E02005832,0.0,0.0,0.0,0.0,0.0
E02005833,0.6255325689377537,0.6255325689377537,0.6254955256377737,0.0,3.7043299979999667e-05
E02005834,0.33288160291082014,0.33288160291082014,0.3327135546825448,0.0,0.0001680482282753193
E02005835,0.0008865235276738608,0.0008865235276738608,0.0008865595845870954,0.0,3.605691323456655e-08
E02005836,0.0,0.0,0.0,0.0,0.0
E02005837,0.0,0.0,0.0,0.0,0.0
E02005838,0.0005070440190606527,0.0005070440190606527,0.0005070847453726597,0.0,4.072631200704481e-08
E02005839,0.0,0.0,0.0,0.0,0.0
E02005840,3.044979293146503e-06,3.044979293146503e-06,3.0550147231258874e-06,0.0,1.0035429979384378e-08
E02005842,0.0,0.0,0.0,0.0,0.0
E02005843,0.0012415383657516433,0.0012415383657516433,0.0012416280856079288,0.0,8.97198562854664e-08
E02005844,0.0,0.0,0.0,0.0,0.0
E02005846,0.0,0.0,0.0,0.0,0.0
E02005847,0.0,0.0,0.0,0.0,0.0
E02005848,0.0,0.0,0.0,0.0,0.0
E02005849,0.0,0.0,0.0,0.0,0.0
E02005850,0.819830577807832,0.819830577807832,0.8195766435128331,0.0,0.0002539342949988699
E02005851,0.19733877281480763,0.19733877281480763,0.1969688973594948,0.0,0.0003698754553128347
E02005852,0.745707671770585,0.745707671770585,0.7455126572064004,0.0,0.0001950145641845813
E02005853,0.7092799615427605,0.7092799615427605,0.7092748554861874,0.0,5.106056573112028e-06
E02005856,0.40494847919824245,0.40494847919824245,0.4050245908602577,0.0,7.611166201526576e-05
E02005857,0.3973712048860167,0.3973712048860167,0.2985025456526187,0.0,0.09886865923339799
E02005858,0.0,0.0,0.0,0.0,0.0
E02005859,0.22665660289680284,0.22665660289680284,0.22662287040642165,0.0,3.373249038118864e-05
E02005860,0.0,0.0,0.0,0.0,0.0
E02005861,0.28466331322120203,0.28466331322120203,0.28464450644654987,0.0,1.8806774652158076e-05
E02005862,0.12293844926627069,0.12293844926627069,0.12286885155442553,0.0,6.959771184515684e-05
E02005863,0.5161623546073126,0.5161623546073126,0.5163675036243012,0.0,0.00020514901698853727
E02005864,0.5276622635692313,0.5276622636676925,0.5275068741713824,9.846123916190663e-11,0.00015538939784887074
E02005865,0.9107241241044094,0.9107241241044094,0.9105126513816695,0.0,0.0002114727227399138
E02005866,0.9395415958470416,0.9395415958470416,0.9392947900704401,0.0,0.0002468057766014109
E02005868,0.44695758249920503,0.44695758249920503,0.446957770366932,0.0,1.878677269862017e-07
E02005869,0.37092297695823495,0.37092297695823495,0.37092282127827303,0.0,1.5567996192178413e-07
E02005870,2.825756738620401e-06,2.825756738620401e-06,2.8380294387916735e-06,0.0,1.227270017127254e-08
E02005871,0.23695080320950082,0.23695080320950082,0.2369504360726542,0.0,3.6713684661848767e-07
E02005872,0.9043029692753399,0.9043029692753399,0.9042555132277774,0.0,4.745604756251076e-05
E02005873,0.0,0.0,0.0,0.0,0.0
E02005874,0.0,0.0,0.0,0.0,0.0
E02005875,0.19674094508089518,0.19674094508089518,0.196740686435495,0.0,2.586454001807237e-07
E02005876,0.24493614767465272,0.24493614767465272,0.24493598683146897,0.0,1.6084318374409712e-07
E02005877,0.0,0.0,0.0,0.0,0.0
E02005878,3.872997795373142e-05,3.872997795373142e-05,3.8744757518393784e-05,0.0,1.4779564662365614e-08
E02005879,0.005293167433986996,0.005293167433986996,0.005318380156125,0.0,2.521272213800406e-05
E02005880,0.0,0.0,0.0,0.0,0.0
E02005881,0.0,0.0,0.0,0.0,0.0
E02005882,0.0,0.0,0.0,0.0,0.0
E02005883,0.0,0.0,0.0,0.0,0.0
E02005884,0.0,0.0,0.0,0.0,0.0
E02005885,0.0,0.0,0.0,0.0,0.0
E02005886,0.0,0.0,0.0,0.0,0.0
E02005887,0.0,0.0,0.0,0.0,0.0
E02005888,0.0,0.0,0.0,0.0,0.0
E02005889,0.0,0.0,0.0,0.0,0.0
E02005890,0.0,0.0,0.0,0.0,0.0
E02005891,0.0,0.0,0.0,0.0,0.0
E02005892,5.6774280397624735e-06,5.6774280397624735e-06,5.6728948069841425e-06,0.0,4.533232778330925e-09
E02005893,0.0,0.0,0.0,0.0,0.0
E02005894,0.0,0.0,0.0,0.0,0.0
E02005895,0.0,0.0,0.0,0.0,0.0
E02005896,0.0,0.0,0.0,0.0,0.0
E02005897,0.12596549965071896,0.12596549965071896,0.12593004196316712,0.0,3.5457687551837536e-05
E02005898,0.6129381555504927,0.6129381555504927,0.6128425360620304,0.0,9.561948846226187e-05
E02005899,0.0,0.0,0.0,0.0,0.0
E02005900,0.0,0.0,0.0,0.0,0.0
E02005901,0.0,0.0,0.0,0.0,0.0
E02005902,0.0,0.0,0.0,0.0,0.0
E02005903,0.0,0.0,0.0,0.0,0.0
E02005904,0.0,0.0,0.0,0.0,0.0
E02005905,0.671753658090626,0.6717536577794135,0.6716703974594223,3.1121250021470814e-10,8.326063120378535e-05
E02005906,0.09590786183592728,0.09590786183529797,0.09589059398290338,6.293160437209622e-13,1.726785302390288e-05
E02005907,0.33674357679905365,0.33674357679905365,0.33646249557695185,0.0,0.00028108122210179776
E02005908,0.9056403050615247,0.9056403050615247,0.8774063077151988,0.0,0.028233997346325923
E02005909,0.2210704131750937,0.2210704131750937,0.22098218162649907,0.0,8.823154859463611e-05
E02005910,0.0003520233188075324,0.0003520233188075324,0.0003695792630552905,0.0,1.75559442477581e-05
E02005911,0.8077219488610252,0.8077219488610252,0.7956952143195569,0.0,0.012026734541468298
E02005912,0.09445078550662414,0.09445078550662414,0.09459663093139446,0.0,0.0001458454247703217
E02005913,0.4869436734645433,0.4869436734645433,0.13369450035208702,0.0,0.3532491731124563
E02005914,0.9049627171506985,0.9049627171506985,0.881531841677096,0.0,0.023430875473602564
E02005915,0.2696744648568375,0.2696744648568375,0.26962340464026857,0.0,5.1060216568921124e-05
E02005916,0.8471295423780165,0.8471295423780165,0.8471392847673901,0.0,9.742389373568194e-06
E02005917,0.5270424979079072,0.5270424979079072,0.47866324646043584,0.0,0.048379251447471405
E02005918,0.7638352953166654,0.7638352953166654,0.763883757251914,0.0,4.846193524865594e-05
E02005919,0.7441544106662801,0.7441544106662801,0.70541081434809,0.0,0.03874359631819002
E02005920,0.3348128949951074,0.3348128949951074,0.33475321697327587,0.0,5.9678021831544026e-05
E02005921,0.0,0.0,0.0,0.0,0.0
E02005922,0.0,0.0,0.0,0.0,0.0
E02005923,0.0,0.0,0.0,0.0,0.0
E02005924,0.0,0.0,0.0,0.0,0.0
E02005925,0.0,0.0,0.0,0.0,0.0
E02005926,0.0,0.0,0.0,0.0,0.0
E02005927,0.0,0.0,0.0,0.0,0.0
E02005928,0.0,0.0,0.0,0.0,0.0
E02005929,0.0,0.0,0.0,0.0,0.0
E02005930,0.0,0.0,0.0,0.0,0.0
E02005931,0.0,0.0,0.0,0.0,0.0
E02005932,0.0,0.0,0.0,0.0,0.0
E02005933,0.0,0.0,0.0,0.0,0.0
E02005934,0.0,0.0,0.0,0.0,0.0
E02005935,0.0,0.0,0.0,0.0,0.0
E02005936,0.43744972868795545,0.43744972868795545,0.43742231493771433,0.0,2.7413750241123136e-05
E02005937,0.5380030818090252,0.5380030818090252,0.5380031802845902,0.0,9.847556492470488e-08
E02005938,0.44047214032919724,0.44047214032919724,0.44047216575018133,0.0,2.5420984095525512e-08
E02005939,0.9092306356192741,0.9092306354037725,0.9088775895774401,2.155016165517054e-10,0.0003530460418339487
E02005940,0.4605499184343532,0.4605499178865554,0.45970341158585737,5.477978071155576e-10,0.0008465068484958538
E02005941,0.20061799112032128,0.20061799112032128,0.20061782586695487,0.0,1.652533664076028e-07
E02005942,0.18483705386432694,0.18483705386432694,0.18483689917628962,0.0,1.5468803732376912e-07
E02005943,0.6934212422820926,0.6934212422820926,0.6933217425081611,0.0,9.949977393142184e-05
E02005944,0.008438023374442207,0.008438023374442207,0.008438205044221441,0.0,1.8166977923395056e-07
E02005945,0.0,0.0,0.0,0.0,0.0
E02005946,0.0024351914455587416,0.0024351914455587416,0.002434688395835584,0.0,5.030497231576711e-07
E02005947,0.3056966372999123,0.3056966372999123,0.30569600379241363,0.0,6.335074986818512e-07
E02005948,0.7647854498659061,0.7647854490955321,0.7647583913769024,7.703739868247794e-10,2.705848900375063e-05
E02005949,5.442391624372179e-06,5.442391624372179e-06,5.423991497198195e-06,0.0,1.8400127173984634e-08
E02005950,0.057397171145191564,0.057397171145191564,0.057397909626462885,0.0,7.384812713215338e-07
E02005951,0.5333440601051841,0.5333440671196752,0.5323237655845061,7.014491099077702e-09,0.0010202945206779779
E02005952,0.0516339975068059,0.0516339975068059,0.05162032600241842,0.0,1.3671504387476052e-05
E02005953,0.2759309703484462,0.2759309703484462,0.2759316137369593,0.0,6.433885130774364e-07
E02005954,0.052540711148406936,0.052540711148406936,0.052540915760511564,0.0,2.0461210462757728e-07
E02005955,0.0063707053965495995,0.0063707053965495995,0.006370681969371837,0.0,2.342717776281783e-08
E02005956,0.007169679277148618,0.007169679277148618,0.007169612146644799,0.0,6.713050381898511e-08
E02005957,0.005358495286819306,0.005358495286819306,0.0053581201399701345,0.0,3.7514684917121927e-07
E02005958,0.0,0.0,0.0,0.0,0.0
E02005959,0.997289605025224,0.997289605025224,0.997203814117336,0.0,8.579090788796151e-05
E02005960,0.0,0.0,0.0,0.0,0.0
E02005961,0.5288658515681064,0.5288658515681064,0.528865980461837,0.0,1.2889373057767273e-07
E02005962,0.0,0.0,0.0,0.0,0.0
E02005963,0.6783755238542761,0.6783755237924655,0.6783753952414033,6.181066769528343e-11,1.286128727961966e-07
E02005964,0.35498187956264937,0.35498187956264937,0.35498204204431016,0.0,1.6248166079257942e-07
E02005965,0.0,0.0,0.0,0.0,0.0
E02005966,0.0,0.0,0.0,0.0,0.0
E02005967,0.0,0.0,0.0,0.0,0.0
E02005968,0.0,0.0,0.0,0.0,0.0
E02005969,0.0,0.0,0.0,0.0,0.0
E02005970,0.0,0.0,0.0,0.0,0.0
E02005971,0.0,0.0,0.0,0.0,0.0
E02005972,0.0,0.0,0.0,0.0,0.0
E02005973,0.0018007702934280747,0.0018007702934280747,0.0018006354382072967,0.0,1.3485522077803444e-07
E02005974,0.00011753004700731989,0.00011753004700731989,0.00011751761139661866,0.0,1.2435610701236853e-08
E02005975,0.0,0.0,0.0,0.0,0.0
E02005976,0.0001676381947887068,0.0001676381947887068,0.00016762565735997702,0.0,1.2537428729773219e-08
E02005977,0.0,0.0,0.0,0.0,0.0
E02005978,0.9348185139431217,0.9344727955400097,0.9344649868373834,0.0003457184031119276,0.0003535271057382161
E02005979,0.859929676660862,0.8598443182867301,0.8594159133501433,8.535837413181646e-05,0.0005137633107186179
E02005980,0.7836269410890075,0.7836351852871539,0.7836352224834452,8.244198146378778e-06,8.281394437648082e-06
E02005981,0.01288664804327248,0.01288664804327248,0.01288646048951307,0.0,1.875537594103055e-07
E02005982,0.0024861379973417585,0.0024861379973417585,0.002485933197006981,0.0,2.0480033477736012e-07
E02005983,0.042523349052213937,0.04252334766402737,0.04252332219990584,1.3881865656983905e-09,2.6852308099289957e-08
E02005984,0.03485537163487903,0.03485537163487903,0.034855365953806026,0.0,5.681073000918246e-09
E02005985,0.0013988020171359025,0.0013988020171359025,0.0013986452130854497,0.0,1.5680405045280857e-07
E02005986,0.0,0.0,0.0,0.0,0.0
E02005987,0.0005162766433408686,0.0005162766433408686,0.0005162729142241847,0.0,3.729116683959428e-09
E02005988,0.0,0.0,0.0,0.0,0.0
E02005991,0.0,0.0,0.0,0.0,0.0
E02005992,0.0,0.0,0.0,0.0,0.0
E02005993,0.0,0.0,0.0,0.0,0.0
E02005994,0.0,0.0,0.0,0.0,0.0
E02005995,0.0,0.0,0.0,0.0,0.0
E02005996,0.04268611984791452,0.04268611984791452,0.04268097692572662,0.0,5.142922187895138e-06
E02005997,0.0,0.0,0.0,0.0,0.0
E02005998,0.5033262666758375,0.5033262666830008,0.5033174241730004,7.163380999486435e-12,8.842502837058674e-06
E02005999,0.0,0.0,0.0,0.0,0.0
E02006000,0.0,0.0,0.0,0.0,0.0
E02006001,0.0,0.0,0.0,0.0,0.0
E02006002,0.0,0.0,0.0,0.0,0.0
E02006003,0.012938570188690409,0.0129385701576594,0.01293385015187394,3.1031009359305806e-11,4.720036816468001e-06
E02006004,0.0,0.0,0.0,0.0,0.0
E02006005,0.0,0.0,0.0,0.0,0.0
E02006006,0.0,0.0,0.0,0.0,0.0
E02006007,8.822710231600137e-05,8.822711918597219e-05,8.82160339832834e-05,1.6869970820136172e-11,1.1068332717966822e-08
E02006008,0.6059973385838198,0.6059973385838198,0.6059972461400199,0.0,9.244379983730511e-08
E02006009,0.9730715694764549,0.9730715694764549,0.9729455442954955,0.0,0.0001260251809593882
E02006010,1.564837890455643e-07,1.564837890455643e-07,1.5627287647618026e-07,0.0,2.109125693840434e-10
E02006011,0.0,0.0,0.0,0.0,0.0
E02006012,0.5761038783252508,0.5761038783252508,0.5761033777338053,0.0,5.005914455180616e-07
E02006013,0.9902201804807241,0.9902201804807241,0.9901699387477664,0.0,5.024173295775647e-05
E02006014,2.9402459990886934e-05,2.9402459990886934e-05,2.9402385943979003e-05,0.0,7.404690793153174e-11
E02006015,0.0,0.0,0.0,0.0,0.0
E02006016,0.0,0.0,0.0,0.0,0.0
E02006017,0.0,0.0,0.0,0.0,0.0
E02006018,0.0,0.0,0.0,0.0,0.0
E02006019,0.0,0.0,0.0,0.0,0.0
E02006020,0.0,0.0,0.0,0.0,0.0
E02006021,0.0,0.0,0.0,0.0,0.0
E02006022,0.0,0.0,0.0,0.0,0.0
E02006023,0.0,0.0,0.0,0.0,0.0
E02006024,0.0,0.0,0.0,0.0,0.0
E02006025,0.0,0.0,0.0,0.0,0.0
E02006026,0.0,0.0,0.0,0.0,0.0
E02006027,0.0,0.0,0.0,0.0,0.0
E02006028,0.0,0.0,0.0,0.0,0.0
E02006029,0.0,0.0,0.0,0.0,0.0
E02006030,0.0,0.0,0.0,0.0,0.0
E02006031,0.0,0.0,0.0,0.0,0.0
E02006032,0.0,0.0,0.0,0.0,0.0
E02006033,0.0,0.0,0.0,0.0,0.0
E02006034,0.0,0.0,0.0,0.0,0.0
E02006035,0.0,0.0,0.0,0.0,0.0
E02006036,0.0,0.0,0.0,0.0,0.0
E02006037,0.0,0.0,0.0,0.0,0.0
E02006038,0.0,0.0,0.0,0.0,0.0
E02006039,0.0,0.0,0.0,0.0,0.0
E02006040,0.0,0.0,0.0,0.0,0.0
E02006041,0.0,0.0,0.0,0.0,0.0
E02006042,0.0,0.0,0.0,0.0,0.0
E02006043,0.0,0.0,0.0,0.0,0.0
E02006044,0.0,0.0,0.0,0.0,0.0
E02006045,0.0,0.0,0.0,0.0,0.0
E02006046,0.0,0.0,0.0,0.0,0.0
E02006047,0.06313296712638199,0.06313296711740045,0.06327506010840289,8.981537735763823e-12,0.00014209298202090548
E02006048,0.0,0.0,0.0,0.0,0.0
E02006049,0.0,0.0,0.0,0.0,0.0
E02006050,0.0,0.0,0.0,0.0,0.0
E02006051,0.0,0.0,0.0,0.0,0.0
E02006052,0.0,0.0,0.0,0.0,0.0
E02006053,0.0,0.0,0.0,0.0,0.0
E02006054,0.0,0.0,0.0,0.0,0.0
E02006055,0.0,0.0,0.0,0.0,0.0
E02006056,0.0,0.0,0.0,0.0,0.0
E02006057,0.0,0.0,0.0,0.0,0.0
E02006058,0.0,0.0,0.0,0.0,0.0
E02006059,0.0,0.0,0.0,0.0,0.0
E02006060,0.0,0.0,0.0,0.0,0.0
E02006061,0.0,0.0,0.0,0.0,0.0
E02006062,0.0,0.0,0.0,0.0,0.0
E02006063,0.0,0.0,0.0,0.0,0.0
E02006064,0.0,0.0,0.0,0.0,0.0
E02006065,0.0,0.0,0.0,0.0,0.0
E02006066,0.0,0.0,0.0,0.0,0.0
E02006067,0.0,0.0,0.0,0.0,0.0
E02006068,0.0,0.0,0.0,0.0,0.0
E02006069,0.0,0.0,0.0,0.0,0.0
E02006070,0.0,0.0,0.0,0.0,0.0
E02006071,0.0,0.0,0.0,0.0,0.0
E02006072,0.0,0.0,0.0,0.0,0.0
E02006073,0.0,0.0,0.0,0.0,0.0
E02006074,0.0,0.0,0.0,0.0,0.0
E02006075,0.0,0.0,0.0,0.0,0.0
E02006076,0.0,0.0,0.0,0.0,0.0
E02006077,0.0,0.0,0.0,0.0,0.0
E02006078,0.0,0.0,0.0,0.0,0.0
E02006079,0.0,0.0,0.0,0.0,0.0
E02006080,0.0,0.0,0.0,0.0,0.0
E02006081,0.0,0.0,0.0,0.0,0.0
E02006082,0.0,0.0,0.0,0.0,0.0
E02006083,0.0,0.0,0.0,0.0,0.0
E02006084,0.0,0.0,0.0,0.0,0.0
E02006085,0.0,0.0,0.0,0.0,0.0
E02006086,0.0,0.0,0.0,0.0,0.0
E02006087,0.0,0.0,0.0,0.0,0.0
E02006088,0.0,0.0,0.0,0.0,0.0
E02006089,0.0,0.0,0.0,0.0,0.0
E02006090,0.0,0.0,0.0,0.0,0.0
E02006091,0.0,0.0,0.0,0.0,0.0
E02006092,0.0,0.0,0.0,0.0,0.0
E02006093,0.0,0.0,0.0,0.0,0.0
E02006094,0.0,0.0,0.0,0.0,0.0
E02006095,0.0,0.0,0.0,0.0,0.0
E02006096,0.0,0.0,0.0,0.0,0.0
E02006097,0.0,0.0,0.0,0.0,0.0
E02006098,0.0,0.0,0.0,0.0,0.0
E02006099,0.0,0.0,0.0,0.0,0.0
E02006100,0.0,0.0,0.0,0.0,0.0
E02006101,0.0,0.0,0.0,0.0,0.0
E02006102,0.0,0.0,0.0,0.0,0.0
E02006103,0.0,0.0,0.0,0.0,0.0
E02006104,0.0,0.0,0.0,0.0,0.0
E02006105,0.0,0.0,0.0,0.0,0.0
E02006106,0.0,0.0,0.0,0.0,0.0
E02006107,0.0,0.0,0.0,0.0,0.0
E02006108,0.0,0.0,0.0,0.0,0.0
E02006109,0.0,0.0,0.0,0.0,0.0
E02006110,0.0,0.0,0.0,0.0,0.0
E02006111,0.0,0.0,0.0,0.0,0.0
E02006112,0.0,0.0,0.0,0.0,0.0
E02006113,0.0,0.0,0.0,0.0,0.0
E02006114,0.0,0.0,0.0,0.0,0.0
E02006115,0.0,0.0,0.0,0.0,0.0
E02006116,0.0,0.0,0.0,0.0,0.0
E02006117,0.0,0.0,0.0,0.0,0.0
E02006118,0.8902600772668536,0.8902600772668536,0.8901195498223922,0.0,0.00014052744446146903
E02006119,0.20861980515036802,0.20861980515036802,0.20862011782551995,0.0,3.1267515193666995e-07
E02006120,0.46331336938408285,0.46331336938408285,0.4632735688521956,0.0,3.98005318872352e-05
E02006121,0.8522561414818264,0.8522561414818264,0.8521903206842768,0.0,6.582079754957615e-05
E02006122,0.004892391497107991,0.004892391497107991,0.004892389135828832,0.0,2.3612791591812177e-09
E02006123,0.8544612541345752,0.8544612541345752,0.854188456120789,0.0,0.00027279801378621293
E02006124,0.0012519030270698216,0.0012519030270698216,0.001252179253367756,0.0,2.762262979343934e-07
E02006125,0.0,0.0,0.0,0.0,0.0
E02006126,0.1720450939608213,0.1720450939608213,0.17204473312756716,0.0,3.608332541371606e-07
E02006127,0.0010992034311155838,0.0010992034311155838,0.0010991692629726312,0.0,3.416814295257101e-08
E02006128,0.001210996179422929,0.001210996179422929,0.0012111221464625927,0.0,1.2596703966374911e-07
E02006129,0.02020084691366704,0.02020084691366704,0.019883481540389304,0.0,0.0003173653732777351
E02006130,0.7794208693136715,0.7794208693136715,0.7791384352600952,0.0,0.00028243405357630813
E02006131,0.0,0.0,0.0,0.0,0.0
E02006132,0.0,0.0,0.0,0.0,0.0
E02006133,0.0,0.0,0.0,0.0,0.0
E02006134,0.0,0.0,0.0,0.0,0.0
E02006135,0.0,0.0,0.0,0.0,0.0
E02006136,0.0,0.0,0.0,0.0,0.0
E02006137,0.0,0.0,0.0,0.0,0.0
E02006138,0.0,0.0,0.0,0.0,0.0
E02006139,0.0,0.0,0.0,0.0,0.0
E02006140,0.0015258550397789228,0.0015258550397789228,0.0015248434026318802,0.0,1.0116371470425718e-06
E02006141,0.0,0.0,0.0,0.0,0.0
E02006142,0.14871081051256246,0.14871081051256246,0.14863592848056853,0.0,7.488203199393362e-05
E02006143,0.0,0.0,0.0,0.0,0.0
E02006144,0.047274741374595766,0.047274741374595766,0.0472748817381873,0.0,1.4036359153452027e-07
E02006145,0.0,0.0,0.0,0.0,0.0
E02006146,0.08604552187855713,0.08604552187855713,0.08604356927161734,0.0,1.952606939789603e-06
E02006147,0.08251411529376604,0.08251411529376604,0.08251415659851179,0.0,4.1304745748704796e-08
E02006148,0.9584319586999873,0.9584319586999873,0.9582032590029859,0.0,0.00022869969700145543
E02006149,0.2635925555600979,0.2635925555600979,0.26359296495908,0.0,4.093989821041255e-07
E02006150,0.1034959725474715,0.1034959725474715,0.10349596413217804,0.0,8.415293462071816e-09
E02006151,0.6352567289460396,0.6352567289460396,0.6347356244559644,0.0,0.0005211044900751416
E02006152,0.5797345404202698,0.5797345404202698,0.5797347328893896,0.0,1.9246911975301373e-07
E02006153,0.15149017132440248,0.15149017132440248,0.15149020047828854,0.0,2.915388605528868e-08
E02006154,0.8037907806876793,0.8037907806876793,0.8033342211964406,0.0,0.0004565594912386839
E02006155,0.0,0.0,0.0,0.0,0.0
E02006156,0.9306832468649461,0.9306832468649461,0.9303318202149834,0.0,0.0003514266499626828
E02006157,0.974349173184968,0.974349173184968,0.9741611061055669,0.0,0.00018806707940111078
E02006158,0.7758557300689857,0.7758557300689857,0.7751483885928421,0.0,0.000707341476143597
E02006159,0.2185519566693249,0.2185519566693249,0.21826520779171893,0.0,0.00028674887760596346
E02006160,0.4109929306422459,0.4109929306422459,0.4107746396303542,0.0,0.00021829101189169142
E02006161,0.6043771811879726,0.6043771811879726,0.6043774087639523,0.0,2.2757597972766774e-07
E02006162,0.9519329081068292,0.9519329081068292,0.9519023805984667,0.0,3.052750836252116e-05
E02006163,0.006495789575066059,0.006495789575066059,0.006495885575992413,0.0,9.600092635425606e-08
E02006164,0.1854415362363637,0.1854415362363637,0.18544203428769246,0.0,4.98051328762239e-07
E02006165,0.0,0.0,0.0,0.0,0.0
E02006166,0.0,0.0,0.0,0.0,0.0
E02006167,0.0797455070217921,0.0797455070217921,0.07974563977644397,0.0,1.3275465186868285e-07
E02006168,0.034718173705332214,0.034718173705332214,0.0347155443896335,0.0,2.6293156987142186e-06
E02006169,0.8392564985694138,0.8392564985694138,0.8392565264215606,0.0,2.7852146811113698e-08
E02006170,0.6764455038836003,0.6764455038836003,0.6763801740462866,0.0,6.53298373136657e-05
E02006171,0.17474360944115977,0.17474360944115977,0.17459343312762018,0.0,0.00015017631353958505
E02006172,0.42504397493448476,0.42504397493448476,0.4249948152598492,0.0,4.9159674635534945e-05
E02006173,0.18246954421715192,0.18246954421715192,0.18243694405760605,0.0,3.2600159545870255e-05
E02006174,0.5695580364510069,0.5695580364510069,0.5695465709081178,0.0,1.1465542889110836e-05
E02006175,0.9524810335926072,0.9524810335926072,0.9524081631685797,0.0,7.287042402748245e-05
E02006176,0.65320481386349,0.65320481386349,0.6531385513022205,0.0,6.626256126951446e-05
E02006177,0.3223543031399195,0.3223543031399195,0.32174869049133514,0.0,0.0006056126485843305
E02006178,0.6625402051169637,0.6625402051169637,0.6622130386893051,0.0,0.00032716642765850956
E02006179,0.8761154645645395,0.8761154645645395,0.876098214021427,0.0,1.725054311252361e-05
E02006180,0.9179258030832033,0.9179258030832033,0.9176353281604787,0.0,0.00029047492272460396
E02006181,0.6212399255104708,0.6212399255104708,0.6211599146523581,0.0,8.001085811271125e-05
E02006182,0.8559636568939444,0.8559636568939444,0.8554596605294245,0.0,0.0005039963645199208
E02006183,0.9601347571785535,0.9601347571785535,0.9599507473422657,0.0,0.00018400983628774625
E02006184,0.21233850032840595,0.21233850032840595,0.21230802340641872,0.0,3.047692198723806e-05
E02006185,0.7284129095188667,0.7284129095188667,0.7282829881600735,0.0,0.00012992135879319466
E02006186,0.9643492098408853,0.9643492098408853,0.9642020946325209,0.0,0.00014711520836441228
E02006187,0.9546562842704114,0.9546562842704114,0.9542200157638766,0.0,0.000436268506534776
E02006188,0.8789164443904218,0.8789164443904218,0.8784493103429286,0.0,0.00046713404749321175
E02006189,0.9798244312084171,0.9798244312084171,0.9797116003027344,0.0,0.00011283090568270371
E02006190,0.10352865097863129,0.10352865097863129,0.10352893623355115,0.0,2.8525491986564067e-07
E02006191,0.070474741835206,0.070474741835206,0.07047478408346342,0.0,4.224825742027427e-08
E02006192,0.0467412683989481,0.0467412683989481,0.046741267127912864,0.0,1.2710352353950682e-09
E02006193,0.0,0.0,0.0,0.0,0.0
E02006194,0.0,0.0,0.0,0.0,0.0
E02006195,0.13593244952852532,0.13593244952852532,0.13592492621938299,0.0,7.523309142332124e-06
E02006196,0.0,0.0,0.0,0.0,0.0
E02006197,0.0,0.0,0.0,0.0,0.0
E02006198,0.03240333667725202,0.03240333667725202,0.03240330062270233,0.0,3.605454969302091e-08
E02006199,0.0,0.0,0.0,0.0,0.0
E02006200,0.0,0.0,0.0,0.0,0.0
E02006201,0.4723341627960553,0.4723341627960553,0.4721317696786254,0.0,0.00020239311742986654
E02006202,0.0,0.0,0.0,0.0,0.0
E02006203,0.0,0.0,0.0,0.0,0.0
E02006204,0.0006166145170073895,0.0006166145170073895,0.0006166137018587013,0.0,8.151486882409034e-10
E02006205,0.9259800831287275,0.9259800831287275,0.9259744490476673,0.0,5.634081060135188e-06
E02006206,0.16159013397461114,0.16159013397461114,0.16158970394810798,0.0,4.300265031564887e-07
E02006207,0.8568314301781649,0.8568314301781649,0.8567409867626086,0.0,9.04434155563072e-05
E02006208,0.023982784694768743,0.023982784694768743,0.023982881509935806,0.0,9.681516706383508e-08
E02006209,0.37011659165945787,0.37011659165945787,0.37011687329813825,0.0,2.816386803772275e-07
E02006210,0.0005569798640265639,0.0005569798640265639,0.0005569867373095796,0.0,6.873283015657039e-09
E02006211,0.9412281802142601,0.9412281802142601,0.9411108700626114,0.0,0.00011731015164873071
E02006212,0.9469032676383217,0.9469032676383217,0.9468662672643441,0.0,3.700037397758038e-05
E02006213,0.18362348400155584,0.18362348400155584,0.1836235452682591,0.0,6.12667032662273e-08
E02006214,0.7320518242033197,0.7320518242033197,0.7320520209670209,0.0,1.9676370122123643e-07
E02006215,0.7468286565938281,0.7468286565938281,0.7467011326680917,0.0,0.00012752392573645022
E02006216,0.0829408347807355,0.0829408347807355,0.08294088296208954,0.0,4.8181354045384595e-08
E02006217,5.014700597306312e-05,5.014700597306312e-05,5.014700597306312e-05,0.0,0.0
E02006218,0.0007638730337811743,0.0007638730337811743,0.0007639309242439631,0.0,5.789046278871328e-08
E02006219,0.0,0.0,0.0,0.0,0.0
E02006220,0.0,0.0,0.0,0.0,0.0
E02006221,0.001712312005737791,0.001712312005737791,0.0017123883283285117,0.0,7.632259072074161e-08
E02006222,0.0,0.0,0.0,0.0,0.0
E02006223,0.0,0.0,0.0,0.0,0.0
E02006224,0.0,0.0,0.0,0.0,0.0
E02006225,0.4396579957405696,0.4396579957405696,0.439302197219133,0.0,0.00035579852143657886
E02006226,0.20511305386138867,0.20511305386138867,0.20505832423137574,0.0,5.472963001293407e-05
E02006227,0.0,0.0,0.0,0.0,0.0
E02006228,0.0,0.0,0.0,0.0,0.0
E02006229,0.0,0.0,0.0,0.0,0.0
E02006230,0.0,0.0,0.0,0.0,0.0
E02006231,0.0,0.0,0.0,0.0,0.0
E02006232,0.0,0.0,0.0,0.0,0.0
E02006233,0.0,0.0,0.0,0.0,0.0
E02006234,0.0,0.0,0.0,0.0,0.0
E02006235,0.0,0.0,0.0,0.0,0.0
E02006236,0.0,0.0,0.0,0.0,0.0
E02006237,0.0,0.0,0.0,0.0,0.0
E02006238,0.0,0.0,0.0,0.0,0.0
E02006239,0.0,0.0,0.0,0.0,0.0
E02006240,0.0,0.0,0.0,0.0,0.0
E02006241,0.0,0.0,0.0,0.0,0.0
E02006242,0.0,0.0,0.0,0.0,0.0
E02006243,0.0,0.0,0.0,0.0,0.0
E02006245,0.0,0.0,0.0,0.0,0.0
E02006246,0.0,0.0,0.0,0.0,0.0
E02006247,0.0,0.0,0.0,0.0,0.0
E02006248,0.0,0.0,0.0,0.0,0.0
E02006249,0.0,0.0,0.0,0.0,0.0
E02006250,0.0,0.0,0.0,0.0,0.0
E02006251,0.0,0.0,0.0,0.0,0.0
E02006252,0.0,0.0,0.0,0.0,0.0
E02006253,0.0,0.0,0.0,0.0,0.0
E02006254,0.0,0.0,0.0,0.0,0.0
E02006255,0.0,0.0,0.0,0.0,0.0
E02006256,0.0,0.0,0.0,0.0,0.0
E02006257,0.0,0.0,0.0,0.0,0.0
E02006258,0.0,0.0,0.0,0.0,0.0
E02006259,0.0,0.0,0.0,0.0,0.0
E02006260,0.0,0.0,0.0,0.0,0.0
E02006261,0.0,0.0,0.0,0.0,0.0
E02006262,0.0,0.0,0.0,0.0,0.0
E02006263,0.0,0.0,0.0,0.0,0.0
E02006264,0.0,0.0,0.0,0.0,0.0
E02006265,0.0,0.0,0.0,0.0,0.0
E02006266,0.0,0.0,0.0,0.0,0.0
E02006267,0.0,0.0,0.0,0.0,0.0
E02006268,0.0,0.0,0.0,0.0,0.0
E02006269,0.0,0.0,0.0,0.0,0.0
E02006270,0.0,0.0,0.0,0.0,0.0
E02006271,0.0,0.0,0.0,0.0,0.0
E02006272,0.0,0.0,0.0,0.0,0.0
E02006273,0.0,0.0,0.0,0.0,0.0
E02006274,0.0,0.0,0.0,0.0,0.0
E02006275,0.0,0.0,0.0,0.0,0.0
E02006276,0.0,0.0,0.0,0.0,0.0
E02006277,0.0,0.0,0.0,0.0,0.0
E02006278,0.0,0.0,0.0,0.0,0.0
E02006279,0.0,0.0,0.0,0.0,0.0
E02006280,0.0,0.0,0.0,0.0,0.0
E02006281,0.0,0.0,0.0,0.0,0.0
E02006282,0.0,0.0,0.0,0.0,0.0
E02006283,0.0,0.0,0.0,0.0,0.0
E02006284,0.0,0.0,0.0,0.0,0.0
E02006285,0.0,0.0,0.0,0.0,0.0
E02006286,0.0,0.0,0.0,0.0,0.0
E02006287,0.0,0.0,0.0,0.0,0.0
E02006288,0.0,0.0,0.0,0.0,0.0
E02006289,0.0,0.0,0.0,0.0,0.0
E02006290,0.0,0.0,0.0,0.0,0.0
E02006291,0.0,0.0,0.0,0.0,0.0
E02006292,0.0,0.0,0.0,0.0,0.0
E02006293,0.0,0.0,0.0,0.0,0.0
E02006294,0.0,0.0,0.0,0.0,0.0
E02006295,0.0,0.0,0.0,0.0,0.0
E02006296,0.0,0.0,0.0,0.0,0.0
E02006297,0.0,0.0,0.0,0.0,0.0
E02006298,0.0,0.0,0.0,0.0,0.0
E02006299,0.0,0.0,0.0,0.0,0.0
E02006300,0.0,0.0,0.0,0.0,0.0
E02006301,0.0,0.0,0.0,0.0,0.0
E02006302,0.0,0.0,0.0,0.0,0.0
E02006303,0.0,0.0,0.0,0.0,0.0
E02006304,0.0,0.0,0.0,0.0,0.0
E02006305,0.0,0.0,0.0,0.0,0.0
E02006306,0.0,0.0,0.0,0.0,0.0
E02006307,0.0,0.0,0.0,0.0,0.0
E02006308,0.0,0.0,0.0,0.0,0.0
E02006309,0.0,0.0,0.0,0.0,0.0
E02006310,0.0,0.0,0.0,0.0,0.0
E02006311,0.0,0.0,0.0,0.0,0.0
E02006312,0.0,0.0,0.0,0.0,0.0
E02006313,0.0,0.0,0.0,0.0,0.0
E02006314,0.0,0.0,0.0,0.0,0.0
E02006315,0.0,0.0,0.0,0.0,0.0
E02006316,0.0,0.0,0.0,0.0,0.0
E02006317,0.09317722785626163,0.09317722785626163,0.09317764194328598,0.0,4.1408702435019595e-07
E02006318,0.4133475841358471,0.4133475841358471,0.4133475928063601,0.0,8.670512974262579e-09
E02006319,0.01814475293819332,0.01814475293819332,0.018144234314928235,0.0,5.1862326508334e-07
E02006320,0.8334537414219544,0.8334537414219546,0.8334534864862406,2.220446049250313e-16,2.5493571376156154e-07
E02006321,0.008401503950135628,0.008401503950135628,0.008401621811665903,0.0,1.1786153027507074e-07
E02006322,0.299396716959982,0.299396716959982,0.29938811117524655,0.0,8.60578473543816e-06
E02006323,0.12099384072059348,0.12099384072059348,0.12098913587813305,0.0,4.704842460429015e-06
E02006324,0.35966937396902754,0.35966937396902754,0.35966920915597195,0.0,1.6481305559201687e-07
E02006325,0.5068211566457652,0.5068211566457652,0.5068189310098519,0.0,2.225635913344348e-06
E02006326,0.0010726281246000225,0.0010726281246000225,0.0010725232769156297,0.0,1.0484768439285135e-07
E02006327,0.12174363206294136,0.12174363206294136,0.12174390928379179,0.0,2.7722085042813926e-07
E02006328,0.5590538389734855,0.5590538389734855,0.5590501237455149,0.0,3.7152279706020863e-06
E02006329,0.6822503617034323,0.6822503617034323,0.6822504382259529,0.0,7.652252054235475e-08
E02006330,0.7001001544031199,0.7001001528387953,0.7000999545279895,1.5643245587781962e-09,1.9987513044661398e-07
E02006331,0.5949154460520448,0.5949154460520448,0.5948746734028935,0.0,4.0772649151366025e-05
E02006332,0.5295713715849539,0.5295711950237901,0.5295476292263182,1.765611638004927e-07,2.3742358635781002e-05
E02006333,0.7778085629715681,0.7778080398505547,0.7778016098993551,5.231210133960218e-07,6.953072212989575e-06
E02006334,0.6860238220762916,0.6860238220762916,0.6859261857782891,0.0,9.76362980025236e-05
E02006335,0.0,0.0,0.0,0.0,0.0
E02006336,0.0008495472864151123,0.0008495472864151123,0.000849606268838175,0.0,5.898242306265171e-08
E02006337,0.0,0.0,0.0,0.0,0.0
E02006338,0.001807312144301132,0.001807312144301132,0.0018074124593404305,0.0,1.0031503929852463e-07
E02006339,0.8097063610774351,0.8097063610774351,0.8096891502563591,0.0,1.7210821075974714e-05
E02006341,0.05301015008846953,0.05301015008846953,0.053010448674977756,0.0,2.9858650822667254e-07
E02006342,0.039171902888852396,0.039171902888852396,0.03917198105307065,0.0,7.816421825068698e-08
E02006343,0.8198830380555753,0.8198830380555753,0.8198304276528564,0.0,5.2610402718866744e-05
E02006344,0.9995228831966302,0.999555444796624,0.999497684913143,3.25615999937634e-05,2.5198283487237738e-05
E02006345,0.9989953607319743,0.9989938801200082,0.9989921773147765,1.480611966031553e-06,3.183417197738514e-06
E02006346,0.9996358415348798,0.9996362940326352,0.9995974194554393,4.5249775537659076e-07,3.842207944049214e-05
E02006347,0.532803978759737,0.5328055841029006,0.5328051231473717,1.605343163624262e-06,1.1443876347660975e-06
E02006348,0.9671433689098407,0.9996360188754801,0.9671349059036703,0.0324926499656395,8.463006170300602e-06
E02006349,0.0008998243928595694,1.0,0.000907230791377216,0.9991001756071405,7.406398517646566e-06
E02006350,0.17952543443832755,0.9999999999999987,0.1795334631061976,0.8204745655616711,8.02866787005807e-06
E02006351,0.2869250303040787,0.9997048045333159,0.28693602924122286,0.7127797742292372,1.0998937144179877e-05
E02006352,0.00532464351062392,1.0,0.005328851528281706,0.9946753564893761,4.208017657785293e-06
E02006353,0.125190163537558,0.12520032750272517,0.1252000288756612,1.0163965167175881e-05,9.865338103209886e-06
E02006354,0.372278400104,0.9999999999999994,0.372275491974805,0.6277215998959995,2.9081291950117105e-06
E02006355,0.14528402024704293,0.9999999999999997,0.14528209999674196,0.8547159797529568,1.920250300962989e-06
E02006356,0.0005727951762985194,1.0,0.0005718795538410377,0.9994272048237015,9.15622457481704e-07
E02006357,0.059673962441048216,0.05967421141569725,0.05967394574686393,2.489746490363931e-07,1.6694184284959945e-08
E02006358,0.039665300536799245,1.0,0.039652632909521625,0.9603346994632007,1.2667627277619664e-05
E02006359,0.745777928686806,1.0,0.7457706141205818,0.25422207131319396,7.31456622427018e-06
E02006360,0.9988574959157929,0.9988597476037302,0.9984462146036392,2.251687937326885e-06,0.00041128131215362185
E02006361,0.9995470843478164,0.9995469943276758,0.9994752763234674,9.002014056402885e-08,7.180802434891831e-05
E02006362,0.5739781290071635,0.5739781290071635,0.5739608045876297,0.0,1.7324419533837343e-05
E02006363,0.6504431752971673,0.6504431752971673,0.6504373547389195,0.0,5.820558247826568e-06
E02006364,0.6750592714472319,0.6750592714472319,0.6748100350712938,0.0,0.0002492363759381
E02006365,0.7456912852107563,0.7456912852107563,0.745691093316053,0.0,1.9189470334968206e-07
E02006366,0.7015467810880796,0.7015467810880796,0.701427825741675,0.0,0.00011895534640460337
E02006367,0.5222392611949469,0.5222390135165326,0.522218437587019,2.4767841433348536e-07,2.0823607927877852e-05
E02006368,0.7580608324575012,0.7580602382935027,0.758040450899076,5.941639985573843e-07,2.0381558425208723e-05
E02006369,0.9815118169763256,0.9815118169763256,0.9814812997417538,0.0,3.05172345718141e-05
E02006370,0.8861212290366497,0.8861212290366497,0.8861213682708755,0.0,1.3923422581552103e-07
E02006371,0.541393285455814,0.541393285455814,0.5413930197991044,0.0,2.65656709630413e-07
E02006372,0.9158731024867911,0.9158731024867911,0.9158730530000355,0.0,4.948675558225091e-08
E02006373,0.632225743428284,0.6322258552719435,0.6321939310301605,1.1184365955596576e-07,3.181239812344305e-05
E02006374,0.8657623352745804,0.8657623352745804,0.8657264275756801,0.0,3.590769890027268e-05
E02006375,0.22374743304024752,0.22374743304024752,0.2237140471965505,0.0,3.3385843697025797e-05
E02006376,0.5631479183164967,0.5631479183164967,0.5631463068434854,0.0,1.61147301125375e-06
E02006377,0.04318201324243336,0.04318201324243336,0.0431819022632715,0.0,1.1097916186031398e-07
E02006378,0.8820037609492551,0.8820037609492551,0.8819090676935283,0.0,9.469325572686316e-05
E02006379,0.17475607681733252,0.17475607681733252,0.17475541649393295,0.0,6.603233995705615e-07
E02006380,0.8138430838083472,0.8138430838083472,0.8138263802996186,0.0,1.6703508728621586e-05
E02006381,0.7703548973322066,0.7703548973322066,0.7703548601744157,0.0,3.715779095525562e-08
E02006382,0.5466678390603639,0.5466678390603639,0.5445319874851305,0.0,0.0021358515752333274
E02006383,0.8360369109105485,0.8360369109105485,0.8358463766281335,0.0,0.00019053428241500026
E02006384,0.00021677322240365142,0.00021677322240365142,0.00021684402639695127,0.0,7.080399329985115e-08
E02006385,0.4423142490081577,0.4423142490081577,0.4404347983650792,0.0,0.001879450643078484
E02006386,0.32904161551476824,0.32904161551476824,0.3290414040836448,0.0,2.1143112344246262e-07
E02006387,0.2822472277325741,0.2822472277325741,0.28224755557007736,0.0,3.2783750325560135e-07
E02006388,0.7978001592895129,0.7978001592895129,0.797097653180156,0.0,0.0007025061093568485
E02006389,0.9247658356924433,0.9247658356924433,0.9244756945321196,0.0,0.00029014116032366477
E02006390,0.007556376082766209,0.007556376082766209,0.007556703315985938,0.0,3.2723321972873837e-07
E02006391,0.2770547438996627,0.2770547438996627,0.2766047686226774,0.0,0.0004499752769853149
E02006392,0.0007787603891077909,0.0007787603891077909,0.0007787720065355855,0.0,1.1617427794611591e-08
E02006393,0.5770176354967472,0.5770176354967472,0.5756237568208553,0.0,0.001393878675891913
E02006394,0.8068841076486164,0.8068841076486164,0.8063911479549284,0.0,0.000492959693688011
E02006395,0.49087418416811446,0.49087418416811446,0.4905698130506513,0.0,0.0003043711174631758
E02006396,0.8967730457774634,0.8967730457774634,0.8965913213313901,0.0,0.00018172444607333915
E02006397,0.8703497973557938,0.8703497973557938,0.869955961447924,0.0,0.0003938359078697884
E02006398,0.43072291854492917,0.43072291854492917,0.4306655458361655,0.0,5.737270876365885e-05
E02006399,0.694485293379385,0.694485293379385,0.6944829206888886,0.0,2.3726904964105344e-06
E02006400,0.9619466775474224,0.9619466775474224,0.9619106749814758,0.0,3.600256594660234e-05
E02006401,0.48507653969776643,0.48507653969776643,0.48507610730213535,0.0,4.323956310781085e-07
E02006402,0.5179865448539808,0.5179865448539808,0.5179255621492754,0.0,6.098270470533684e-05
E02006403,0.862779956449672,0.8627807998383712,0.8627600428953239,8.433886992120776e-07,1.9913554348049978e-05
E02006404,0.472160252120434,0.472160252120434,0.4721497885667317,0.0,1.0463553702322326e-05
E02006405,0.35274519356413736,0.35274519356413736,0.35274559846624315,0.0,4.0490210578836283e-07
E02006406,0.7525713001617601,0.7525736382055206,0.7517221359535634,2.338043760485853e-06,0.0008491642081966955
E02006407,0.3002881952753349,0.3002881952753349,0.3002833348433976,0.0,4.860431937314669e-06
E02006408,0.24272848829532806,0.24272848829532806,0.24271609556706183,0.0,1.2392728266225062e-05
E02006409,0.3665395194479481,0.3665395194479481,0.36653882410748273,0.0,6.953404653731177e-07
E02006410,0.22708639250212032,0.22708639250212032,0.22708339599926133,0.0,2.9965028589817866e-06
E02006411,0.2637685510879788,0.2637685510879788,0.2637676641467698,0.0,8.869412090328765e-07
E02006412,0.4866963461744527,0.4866963461744527,0.4866876344126398,0.0,8.711761812885133e-06
E02006413,0.6725537182137412,0.6725537182137412,0.6725534519183449,0.0,2.662953962895287e-07
E02006414,0.8755542731420293,0.8755542731420293,0.8755328061261665,0.0,2.1467015862808303e-05
E02006415,0.7524797286412742,0.7524797286412742,0.7522172839458215,0.0,0.00026244469545266824
E02006416,0.9682779962520431,0.9682779962520431,0.9681090693751983,0.0,0.00016892687684488816
E02006417,0.2366904626419429,0.2366904626419429,0.23669026966207138,0.0,1.929798715272213e-07
E02006418,0.22216776264634458,0.22216776264634458,0.22216781525512008,0.0,5.260877550261611e-08
E02006419,0.0,0.0,0.0,0.0,0.0
E02006420,0.0,0.0,0.0,0.0,0.0
E02006421,0.4002159163531547,0.40021584878443994,0.4002065387277812,6.756871473445614e-08,9.377625373452325e-06
E02006422,0.0,0.0,0.0,0.0,0.0
E02006423,0.0,0.0,0.0,0.0,0.0
E02006424,0.0,0.0,0.0,0.0,0.0
E02006425,0.0,0.0,0.0,0.0,0.0
E02006426,0.0,0.0,0.0,0.0,0.0
E02006427,0.0004910069493719828,0.0004908726203812869,0.0004908620471665572,1.3432899069595536e-07,1.449022054255929e-07
E02006429,0.5317693783994771,0.5317693783994771,0.5317463241487612,0.0,2.3054250715914826e-05
E02006430,0.2575298356815248,0.2575298356815248,0.257183584655545,0.0,0.000346251025979849
E02006431,0.8318505436984299,0.8318505436984299,0.8318969046404393,0.0,4.6360942009382455e-05
E02006432,0.7655144259023714,0.7655144259023714,0.7650256998509617,0.0,0.0004887260514097047
E02006433,0.9230783341525054,0.9230783341525054,0.9230871471882465,0.0,8.813035741073172e-06
E02006434,0.7926794550925162,0.7926794550925162,0.7926794559515369,0.0,8.590206324043947e-10
E02006435,0.9995831373788319,0.9995831373788319,0.9993228656744757,0.0,0.0002602717043561631
E02006436,0.9999999999999996,0.9999999999999996,0.9999999999999996,0.0,0.0
E02006437,0.982680933902057,0.9826809337430833,0.9825941171857329,1.5897372307449587e-10,8.681671632415622e-05
E02006438,0.9813115424298119,0.9813115424099468,0.981271287183377,1.9865109557315463e-11,4.025524643491707e-05
E02006439,0.0,0.0,0.0,0.0,0.0
E02006440,0.0,0.0,0.0,0.0,0.0
E02006441,0.0,0.0,0.0,0.0,0.0
E02006442,0.2634012653792443,0.26340131478372336,0.2634006049022867,4.9404479063319684e-08,6.604769576257219e-07
E02006443,0.4054702215533444,0.40547229890303715,0.40547050538116763,2.0773496927639634e-06,2.838278232442093e-07
E02006444,0.0,0.0,0.0,0.0,0.0
E02006445,0.3978286434217285,0.3978287403330705,0.3978267090591052,9.691134195133344e-08,1.9343626233014888e-06
E02006446,0.990010384821727,0.9900109444803517,0.9900079750332902,5.59658624665893e-07,2.4097884367968447e-06
E02006447,0.0,0.0,0.0,0.0,0.0
E02006448,0.44715413791286074,0.4471541366726784,0.4471525035695319,1.2401823457075523e-09,1.6343433288379394e-06
E02006449,0.9995962157537515,0.9995965156920401,0.99959568136201,2.9993828865038097e-07,5.343917414135646e-07
E02006450,0.9810284657871583,0.9810284657885345,0.9810284867318902,1.376232461325344e-12,2.0944731948802087e-08
E02006451,0.15728862628425463,0.15728862628425463,0.157288733547786,0.0,1.0726353136258915e-07
E02006453,0.3442034683469905,0.34420355113827433,0.3441884981717145,8.279128382859824e-08,1.497017527601896e-05
E02006454,0.6152922109402731,0.6152922109402731,0.6152920620982494,0.0,1.4884202370613053e-07
E02006455,0.29380264998253036,0.29380264998253036,0.29380246967987456,0.0,1.8030265580559757e-07
E02006456,0.49172089784379175,0.49171820883667683,0.4915674130540463,2.689007114919928e-06,0.00015348478974547275
E02006457,0.24960439091801925,0.24960439091801925,0.24960385642854144,0.0,5.344894778158693e-07
E02006458,0.7394869674481225,0.7394869674481225,0.7394142720415732,0.0,7.269540654930573e-05
E02006459,0.0005913543089567069,0.0005913543089567069,0.0005915681605324874,0.0,2.13851575780479e-07
E02006460,0.12451347854987659,0.12451347854987659,0.12451353253451296,0.0,5.3984636372295114e-08
E02006461,0.7369583195854654,0.7369569258327232,0.7368590058518784,1.3937527422180906e-06,9.931373358706974e-05
E02006462,0.6172900196116285,0.6172900196116285,0.617168229882826,0.0,0.0001217897288025016
E02006463,0.0,0.0,0.0,0.0,0.0
E02006464,0.48103129943741446,0.48103129943741446,0.48103109685539197,0.0,2.0258202249046064e-07
E02006465,0.1296971526571769,0.1296971526571769,0.1296971597274903,0.0,7.070313390311611e-09
E02006466,0.5773035554663569,0.5773036188194703,0.5771593790801723,6.335311342198224e-08,0.00014417638618458017
E02006467,0.9435700072210524,0.9435683738536996,0.9435215590903272,1.6333673528157178e-06,4.844813072524268e-05
E02006468,0.0,0.0,0.0,0.0,0.0
E02006469,0.5651564874083522,0.5651564874083522,0.5651442241912061,0.0,1.2263217146091243e-05
E02006470,0.0,0.0,0.0,0.0,0.0
E02006471,0.9390716249890851,0.9390716249890851,0.9389601756013359,0.0,0.00011144938774920732
E02006472,0.1829561332837246,0.1829561332837246,0.18295618490118185,0.0,5.161745725290601e-08
E02006473,0.8327779255590305,0.8327779255590305,0.8327771329012301,0.0,7.926578003969453e-07
E02006474,0.9896480538737451,0.9896480538737451,0.989614805411509,0.0,3.324846223606848e-05
E02006475,0.0,0.0,0.0,0.0,0.0
E02006476,0.0,0.0,0.0,0.0,0.0
E02006477,0.1723294371690233,0.1723294371690233,0.1723289979779999,0.0,4.3919102341027916e-07
E02006478,0.0019855899680016565,0.0019855899680016565,0.0019855728989779005,0.0,1.706902375605418e-08
E02006479,0.0,0.0,0.0,0.0,0.0
E02006480,0.0,0.0,0.0,0.0,0.0
E02006481,0.3267775488751401,0.3267775488751401,0.3267765821444542,0.0,9.667306858918145e-07
E02006482,0.786160042920942,0.786160042920942,0.7860826680021434,0.0,7.737491879855618e-05
E02006483,0.4107059114535707,0.4107059114535707,0.4107057472702263,0.0,1.6418334441992144e-07
E02006484,0.11339171500788314,0.11339171500788314,0.1133916774624746,0.0,3.7545408546058034e-08
E02006485,0.6105862765251663,0.6105862765251663,0.6105853201364192,0.0,9.563887470864785e-07
E02006486,0.3747863362486593,0.3747863362486593,0.3747295131241376,0.0,5.68231245217099e-05
E02006487,0.12334114539344564,0.12334114539344564,0.12334099563478142,0.0,1.4975866421962358e-07
E02006488,0.9043176168456643,0.9043176168456643,0.9043110155356558,0.0,6.601310008402805e-06
E02006489,0.14495536851550947,0.14495536851550947,0.14495460206626598,0.0,7.664492434888981e-07
E02006490,0.6012462939589204,0.6012462939589204,0.6010617236308785,0.0,0.00018457032804186646
E02006492,0.7966161713440327,0.7966161713440327,0.7966138333921787,0.0,2.3379518540034283e-06
E02006493,0.0,0.0,0.0,0.0,0.0
E02006494,0.3084414696440663,0.3084414696440663,0.3084418567747631,0.0,3.871306967773158e-07
E02006495,0.9476961332514074,0.9476961332514074,0.9476766560795001,0.0,1.9477171907311686e-05
E02006496,0.0,0.0,0.0,0.0,0.0
E02006497,0.26597860265469914,0.26597860265469914,0.2659790952554763,0.0,4.92600777168839e-07
E02006498,0.8662404852390401,0.8662404852390401,0.8662405697759082,0.0,8.453686817233574e-08
E02006499,0.0,0.0,0.0,0.0,0.0
E02006500,0.0,0.0,0.0,0.0,0.0
E02006501,0.0,0.0,0.0,0.0,0.0
E02006502,0.0,0.0,0.0,0.0,0.0
E02006503,0.2403610015750269,0.2403610015750269,0.24034605628118993,0.0,1.4945293836970963e-05
E02006504,0.9953347548356846,0.9953347548356846,0.9953112612947256,0.0,2.349354095898537e-05
E02006505,0.9850057169459582,0.9850057169459582,0.9850021564849277,0.0,3.560461030449602e-06
E02006506,0.8436174000925118,0.8436174000925118,0.8436173138285841,0.0,8.626392777877356e-08
E02006507,0.0,0.0,0.0,0.0,0.0
E02006508,0.0009924499875979367,0.0009924499875979367,0.0009924276881145952,0.0,2.2299483341467474e-08
E02006509,0.4834108399465659,0.4834108399465659,0.4833847998798628,0.0,2.6040066703092446e-05
E02006510,0.602156577164947,0.602156577164947,0.6021566219362107,0.0,4.477126369639706e-08
E02006511,0.3040911289393287,0.3040911289393287,0.3040872764433684,0.0,3.85249596029924e-06
E02006512,0.35579335698502024,0.35579335698502024,0.35579357873162554,0.0,2.2174660530005497e-07
E02006513,0.0,0.0,0.0,0.0,0.0
E02006514,0.0,0.0,0.0,0.0,0.0
E02006515,0.0,0.0,0.0,0.0,0.0
E02006516,0.0,0.0,0.0,0.0,0.0
E02006517,0.0,0.0,0.0,0.0,0.0
E02006518,0.0,0.0,0.0,0.0,0.0
E02006519,0.9993122229860102,0.9993122229860102,0.9992962048275295,0.0,1.6018158480735067e-05
E02006520,0.9999999999999983,0.9999999999999983,0.9999999999999983,0.0,0.0
E02006521,0.9999999999999997,0.9999999999999997,0.9999999999999997,0.0,0.0
E02006522,0.9994639480550919,0.9994639480550919,0.9994545122507947,0.0,9.435804297130979e-06
E02006523,0.8156002595979424,0.8156002595979424,0.8155116279728215,0.0,8.863162512084966e-05
E02006524,0.001831552901340647,0.001831552901340647,0.0018311605413870611,0.0,3.9235995358591867e-07
E02006525,0.0009507297332356511,0.0009507297332356511,0.0009510022060204915,0.0,2.724727848404116e-07
E02006526,0.43440195246984487,0.43440195246984487,0.4344023397315409,0.0,3.872616960443054e-07
E02006527,0.10733628370801561,0.10733628370801561,0.10733661313962277,0.0,3.294316071600356e-07
E02006528,0.5308227056148714,0.5308227056148714,0.530822394297537,0.0,3.113173344670983e-07
E02006529,0.19909937918772974,0.19909937918772974,0.19909978756352412,0.0,4.083757943751376e-07
E02006530,0.0,0.0,0.0,0.0,0.0
E02006531,0.0,0.0,0.0,0.0,0.0
E02006532,0.42457695983613397,0.42457695983613397,0.424570756102768,0.0,6.203733365961472e-06
E02006533,0.0,0.0,0.0,0.0,0.0
E02006534,0.0,0.0,0.0,0.0,0.0
E02006535,0.0,0.0,0.0,0.0,0.0
E02006536,0.0,0.0,0.0,0.0,0.0
E02006537,0.0,0.0,0.0,0.0,0.0
E02006538,0.0,0.0,0.0,0.0,0.0
E02006539,0.0,0.0,0.0,0.0,0.0
E02006540,0.0,0.0,0.0,0.0,0.0
E02006541,0.0,0.0,0.0,0.0,0.0
E02006542,0.0,0.0,0.0,0.0,0.0
E02006543,0.0,0.0,0.0,0.0,0.0
E02006544,0.0,0.0,0.0,0.0,0.0
E02006545,0.0,0.0,0.0,0.0,0.0
E02006546,0.0,0.0,0.0,0.0,0.0
E02006547,0.0,0.0,0.0,0.0,0.0
E02006548,0.0,0.0,0.0,0.0,0.0
E02006549,0.0,0.0,0.0,0.0,0.0
E02006550,0.0,0.0,0.0,0.0,0.0
E02006551,0.0,0.0,0.0,0.0,0.0
E02006552,0.0,0.0,0.0,0.0,0.0
E02006553,0.0,0.0,0.0,0.0,0.0
E02006554,0.0,0.0,0.0,0.0,0.0
E02006555,0.0,0.0,0.0,0.0,0.0
E02006556,0.0,0.0,0.0,0.0,0.0
E02006557,0.0,0.0,0.0,0.0,0.0
E02006558,0.0,0.0,0.0,0.0,0.0
E02006559,0.0,0.0,0.0,0.0,0.0
E02006560,0.0,0.0,0.0,0.0,0.0
E02006561,0.00012141723561375773,0.00012141723561375773,0.00012141931626281651,0.0,2.0806490587789526e-09
E02006562,2.266616297106626e-05,2.266616297106626e-05,2.2666592313880475e-05,0.0,4.2934281421376226e-10
E02006563,0.0,0.0,0.0,0.0,0.0
E02006564,0.0,0.0,0.0,0.0,0.0
E02006565,0.0,0.0,0.0,0.0,0.0
E02006566,0.0,0.0,0.0,0.0,0.0
E02006567,0.0,0.0,0.0,0.0,0.0
E02006568,0.0,0.0,0.0,0.0,0.0
E02006569,0.0,0.0,0.0,0.0,0.0
E02006570,0.0,0.0,0.0,0.0,0.0
E02006571,0.0,0.0,0.0,0.0,0.0
E02006572,0.0,0.0,0.0,0.0,0.0
E02006573,0.0,0.0,0.0,0.0,0.0
E02006574,0.0,0.0,0.0,0.0,0.0
E02006575,0.0007012289230912307,0.0007012289230912307,0.0007013348369210943,0.0,1.0591382986369514e-07
E02006576,0.0007914552403067563,0.0007914552403067563,0.0007913459413260797,0.0,1.0929898067656933e-07
E02006577,0.0,0.0,0.0,0.0,0.0
E02006578,0.0,0.0,0.0,0.0,0.0
E02006579,0.0,0.0,0.0,0.0,0.0
E02006580,0.0,0.0,0.0,0.0,0.0
E02006581,0.0,0.0,0.0,0.0,0.0
E02006582,0.0,0.0,0.0,0.0,0.0
E02006583,0.0,0.0,0.0,0.0,0.0
E02006584,0.0,0.0,0.0,0.0,0.0
E02006585,0.0,0.0,0.0,0.0,0.0
E02006586,0.0,0.0,0.0,0.0,0.0
E02006587,0.0,0.0,0.0,0.0,0.0
E02006588,0.0,0.0,0.0,0.0,0.0
E02006589,0.0,0.0,0.0,0.0,0.0
E02006590,0.0,0.0,0.0,0.0,0.0
E02006591,0.0,0.0,0.0,0.0,0.0
E02006592,0.0,0.0,0.0,0.0,0.0
E02006593,0.0,0.0,0.0,0.0,0.0
E02006594,0.0,0.0,0.0,0.0,0.0
E02006595,0.0,0.0,0.0,0.0,0.0
E02006596,0.0,0.0,0.0,0.0,0.0
E02006597,0.0,0.0,0.0,0.0,0.0
E02006598,0.0,0.0,0.0,0.0,0.0
E02006599,0.0,0.0,0.0,0.0,0.0
E02006600,0.0,0.0,0.0,0.0,0.0
E02006601,0.0,0.0,0.0,0.0,0.0
E02006602,0.0,0.0,0.0,0.0,0.0
E02006603,0.0,0.0,0.0,0.0,0.0
E02006604,0.012749794900588252,0.012749794900588252,0.012706096450072655,0.0,4.369845051559705e-05
E02006605,0.007989247735995755,0.007989247735995755,0.007936047565989972,0.0,5.320017000578353e-05
E02006606,0.0004403136968001812,0.0004403136968001812,0.00044035839840393735,0.0,4.470160375614606e-08
E02006607,0.0012725969904637115,0.0012725969904637115,0.001268246083917597,0.0,4.350906546114405e-06
E02006608,0.0008318093763459214,0.0008318093763459214,0.0008318081838776016,0.0,1.1924683198348551e-09
E02006609,0.0,0.0,0.0,0.0,0.0
E02006610,0.0,0.0,0.0,0.0,0.0
E02006611,0.0,0.0,0.0,0.0,0.0
E02006612,0.0,0.0,0.0,0.0,0.0
E02006613,0.0,0.0,0.0,0.0,0.0
E02006614,0.0,0.0,0.0,0.0,0.0
E02006615,0.0,0.0,0.0,0.0,0.0
E02006616,0.0,0.0,0.0,0.0,0.0
E02006617,0.0,0.0,0.0,0.0,0.0
E02006618,0.0,0.0,0.0,0.0,0.0
E02006619,0.0,0.0,0.0,0.0,0.0
E02006620,0.0,0.0,0.0,0.0,0.0
E02006621,0.0,0.0,0.0,0.0,0.0
E02006622,0.0,0.0,0.0,0.0,0.0
E02006623,0.0,0.0,0.0,0.0,0.0
E02006624,0.0,0.0,0.0,0.0,0.0
E02006625,0.0,0.0,0.0,0.0,0.0
E02006626,0.0,0.0,0.0,0.0,0.0
E02006627,0.0,0.0,0.0,0.0,0.0
E02006628,0.0,0.0,0.0,0.0,0.0
E02006629,0.0,0.0,0.0,0.0,0.0
E02006630,0.0,0.0,0.0,0.0,0.0
E02006631,0.0,0.0,0.0,0.0,0.0
E02006632,0.0,0.0,0.0,0.0,0.0
E02006633,0.0,0.0,0.0,0.0,0.0
E02006634,0.0,0.0,0.0,0.0,0.0
E02006635,0.0,0.0,0.0,0.0,0.0
E02006636,0.0,0.0,0.0,0.0,0.0
E02006637,0.0,0.0,0.0,0.0,0.0
E02006638,0.0,0.0,0.0,0.0,0.0
E02006639,0.0,0.0,0.0,0.0,0.0
E02006640,0.0,0.0,0.0,0.0,0.0
E02006641,0.0,0.0,0.0,0.0,0.0
E02006642,0.0,0.0,0.0,0.0,0.0
E02006643,0.0,0.0,0.0,0.0,0.0
E02006644,0.0,0.0,0.0,0.0,0.0
E02006645,0.0,0.0,0.0,0.0,0.0
E02006646,0.0,0.0,0.0,0.0,0.0
E02006647,0.0,0.0,0.0,0.0,0.0
E02006648,0.0,0.0,0.0,0.0,0.0
E02006649,0.0,0.0,0.0,0.0,0.0
E02006650,0.0,0.0,0.0,0.0,0.0
E02006651,2.0402299945065363e-05,2.0402299945065363e-05,2.0404160202642605e-05,0.0,1.8602575772420189e-09
E02006652,0.0,0.0,0.0,0.0,0.0
E02006653,0.0,0.0,0.0,0.0,0.0
E02006654,0.0,0.0,0.0,0.0,0.0
E02006655,0.0,0.0,0.0,0.0,0.0
E02006656,0.0,0.0,0.0,0.0,0.0
E02006657,0.0,0.0,0.0,0.0,0.0
E02006658,0.0,0.0,0.0,0.0,0.0
E02006659,0.4922268624288016,0.4922268624288016,0.4922676823158377,0.0,4.081988703608097e-05
E02006660,0.0,0.0,0.0,0.0,0.0
E02006661,0.0,0.0,0.0,0.0,0.0
E02006662,0.0,0.0,0.0,0.0,0.0
E02006663,0.0,0.0,0.0,0.0,0.0
E02006664,0.0,0.0,0.0,0.0,0.0
E02006665,0.0,0.0,0.0,0.0,0.0
E02006666,0.0,0.0,0.0,0.0,0.0
E02006667,0.0,0.0,0.0,0.0,0.0
E02006668,0.0,0.0,0.0,0.0,0.0
E02006669,0.0,0.0,0.0,0.0,0.0
E02006670,0.0,0.0,0.0,0.0,0.0
E02006671,0.0,0.0,0.0,0.0,0.0
E02006672,0.0,0.0,0.0,0.0,0.0
E02006673,0.0,0.0,0.0,0.0,0.0
E02006674,0.0,0.0,0.0,0.0,0.0
E02006675,0.0,0.0,0.0,0.0,0.0
E02006676,0.0,0.0,0.0,0.0,0.0
E02006677,0.0,0.0,0.0,0.0,0.0
E02006678,0.0,0.0,0.0,0.0,0.0
E02006679,0.002076962207584422,0.002076962207584422,0.002076957286585734,0.0,4.920998688401346e-09
E02006680,0.0,0.0,0.0,0.0,0.0
E02006681,0.8810493446792311,0.8810493446792311,0.8816337219443857,0.0,0.0005843772651545898
E02006682,0.6785868604304753,0.6785868604304753,0.6785868463047301,0.0,1.4125745240178844e-08
E02006683,0.04960229639665154,0.04960229639665154,0.049602381382634196,0.0,8.49859826540511e-08
E02006684,0.07428032131206905,0.07428032131206905,0.07428092519454685,0.0,6.038824778009655e-07
E02006685,0.0,0.0,0.0,0.0,0.0
E02006686,0.35357702398839225,0.35357702398839225,0.35357750596901333,0.0,4.819806210809574e-07
E02006687,0.0,0.0,0.0,0.0,0.0
E02006688,0.0,0.0,0.0,0.0,0.0
E02006689,0.1542177935829057,0.1542177935199211,0.15431072641429347,6.298458976594645e-11,9.293283138778197e-05
E02006690,0.0,0.0,0.0,0.0,0.0
E02006691,0.0,0.0,0.0,0.0,0.0
E02006692,0.0,0.0,0.0,0.0,0.0
E02006693,0.0,0.0,0.0,0.0,0.0
E02006694,0.0,0.0,0.0,0.0,0.0
E02006695,0.0,0.0,0.0,0.0,0.0
E02006696,0.7859750565788396,0.7859750565788396,0.7854158887873045,0.0,0.0005591677915350868
E02006697,0.9981963960012308,0.9981963957760173,0.9980413077440207,2.252135145042189e-10,0.000155088257210112
E02006698,0.7317043323187459,0.7317043323187459,0.7317045196468884,0.0,1.8732814255351116e-07
E02006699,0.4246208473948871,0.4246208473948871,0.42462113269536234,0.0,2.8530047524455426e-07
E02006700,0.9289626520501107,0.9289626520501107,0.9289589134481598,0.0,3.7386019509089152e-06
E02006701,0.791926600376312,0.791926600376312,0.7919264360287808,0.0,1.6434753125071921e-07
E02006702,0.5417710613164469,0.5417710613164469,0.5417712904735689,0.0,2.2915712194482296e-07
E02006703,0.8153182635214778,0.8153182635214778,0.8153181959953695,0.0,6.752610837157391e-08
E02006704,0.9672375772987096,0.9672375772987096,0.9672259372829118,0.0,1.1640015797786951e-05
E02006705,0.19209965224509018,0.19209965224509018,0.19210022395499748,0.0,5.717099073043741e-07
E02006706,0.12146773352201026,0.12146773352201026,0.12146792908046157,0.0,1.9555845130747596e-07
E02006707,0.3254105910944537,0.3254105910944537,0.3254101175977218,0.0,4.7349673187868646e-07
E02006708,0.07953260624986266,0.07953260624986266,0.07953287830555386,0.0,2.7205569119725936e-07
E02006709,0.9620871663542218,0.9620871663542218,0.9619921808157677,0.0,9.498553845410651e-05
E02006710,0.0,0.0,0.0,0.0,0.0
E02006711,0.0,0.0,0.0,0.0,0.0
E02006712,0.0,0.0,0.0,0.0,0.0
E02006713,0.0,0.0,0.0,0.0,0.0
E02006714,0.0,0.0,0.0,0.0,0.0
E02006715,0.0,0.0,0.0,0.0,0.0
E02006716,0.0,0.0,0.0,0.0,0.0
E02006717,0.0,0.0,0.0,0.0,0.0
E02006718,0.0,0.0,0.0,0.0,0.0
E02006719,0.0,0.0,0.0,0.0,0.0
E02006720,0.0,0.0,0.0,0.0,0.0
E02006721,0.0013734197573722709,0.0013734197573722709,0.0013734500147476192,0.0,3.0257375348285986e-08
E02006722,0.0,0.0,0.0,0.0,0.0
E02006723,0.1897625258313539,0.1897625258313539,0.18968244245242172,0.0,8.008337893217199e-05
E02006724,0.0,0.0,0.0,0.0,0.0
E02006725,5.0092628434588575e-05,5.0092628434588575e-05,5.008283869136119e-05,0.0,9.789743227383511e-09
E02006726,0.0,0.0,0.0,0.0,0.0
E02006727,0.0,0.0,0.0,0.0,0.0
E02006728,0.15544010808402994,0.15544010808402994,0.15543965016321407,0.0,4.579208158772552e-07
E02006729,0.002291314744850829,0.002291314744850829,0.00229115503406819,0.0,1.5971078263891936e-07
E02006730,0.0,0.0,0.0,0.0,0.0
E02006731,0.000462667545925754,0.000462667545925754,0.0004626498684093585,0.0,1.767751639546785e-08
E02006732,0.03310506621872837,0.03310506621872837,0.033105263125814306,0.0,1.969070859350608e-07
E02006733,0.7102137849468991,0.7102137849468991,0.7100583716786106,0.0,0.00015541326828849567
E02006734,0.40709853338802393,0.40709853338802393,0.4068376586569142,0.0,0.00026087473110975035
E02006735,0.0,0.0,0.0,0.0,0.0
E02006736,0.13783997237558251,0.13783997237558251,0.13778876888794164,0.0,5.120348764087179e-05
E02006737,9.486037329842402e-07,9.486037329842402e-07,9.527432230999197e-07,0.0,4.139490115679487e-09
E02006738,0.0,0.0,0.0,0.0,0.0
E02006739,0.0,0.0,0.0,0.0,0.0
E02006740,0.0,0.0,0.0,0.0,0.0
E02006741,0.0,0.0,0.0,0.0,0.0
E02006742,0.0,0.0,0.0,0.0,0.0
E02006743,0.0,0.0,0.0,0.0,0.0
E02006744,0.0,0.0,0.0,0.0,0.0
E02006745,0.0,0.0,0.0,0.0,0.0
E02006746,0.0,0.0,0.0,0.0,0.0
E02006747,0.0,0.0,0.0,0.0,0.0
E02006748,0.7383299703214687,0.7383299703214687,0.7380239003359974,0.0,0.00030606998547133557
E02006749,0.01417083534867428,0.01417083534867428,0.014170736420546365,0.0,9.892812791525984e-08
E02006750,0.18148328893789062,0.18148328893789062,0.1814833807542027,0.0,9.181631208110552e-08
E02006751,0.0,0.0,0.0,0.0,0.0
E02006752,6.672605559965349e-05,6.672605559965349e-05,6.671108208542364e-05,0.0,1.497351422984506e-08
E02006753,0.177005621414864,0.177005621414864,0.1769498246198654,0.0,5.579679499861934e-05
E02006754,0.1750461061617448,0.1750461061617448,0.17497056022834492,0.0,7.554593339986759e-05
E02006755,0.06462988356804597,0.06462988356804597,0.06458518056257737,0.0,4.470300546860484e-05
E02006756,0.0,0.0,0.0,0.0,0.0
E02006757,0.0,0.0,0.0,0.0,0.0
E02006758,0.0,0.0,0.0,0.0,0.0
E02006759,0.0,0.0,0.0,0.0,0.0
E02006760,0.0,0.0,0.0,0.0,0.0
E02006761,0.0,0.0,0.0,0.0,0.0
E02006762,0.0,0.0,0.0,0.0,0.0
E02006763,0.0,0.0,0.0,0.0,0.0
E02006764,0.0,0.0,0.0,0.0,0.0
E02006765,0.0,0.0,0.0,0.0,0.0
E02006766,0.0,0.0,0.0,0.0,0.0
E02006767,0.9843580085106342,0.9843580085106342,0.9841143822986316,0.0,0.00024362621200257895
E02006768,0.07656298294038194,0.07656298294038194,0.07656336004105209,0.0,3.7710067014862236e-07
E02006769,0.2261443932584346,0.2261443932584346,0.2261440046603716,0.0,3.8859806300584054e-07
E02006770,0.0016225564726213507,0.0016225564726213507,0.001622701589681794,0.0,1.4511706044315932e-07
E02006771,0.7967023407840037,0.7967023407840037,0.7966781394860325,0.0,2.4201297971204738e-05
E02006772,0.020455887873843694,0.020455887873843694,0.02045619183688691,0.0,3.039630432147278e-07
E02006773,0.1964009499903108,0.1964009499903108,0.19640042457665013,0.0,5.254136606624993e-07
E02006774,0.10758379609358466,0.10758379609358466,0.10758401760127786,0.0,2.215076932016169e-07
E02006775,0.1832307257192967,0.1832307257192967,0.1832306679441737,0.0,5.777512299132148e-08
E02006776,0.19715571404418666,0.19715571404418666,0.19715550654532987,0.0,2.0749885679127722e-07
E02006777,0.0,0.0,0.0,0.0,0.0
E02006778,0.6565730962919877,0.6565730962919877,0.6565731735185638,0.0,7.722657613395967e-08
E02006779,0.4823437641997988,0.4823437641997988,0.48209007469555837,0.0,0.0002536895042404286
E02006780,0.0,0.0,0.0,0.0,0.0
E02006781,0.0,0.0,0.0,0.0,0.0
E02006782,0.0,0.0,0.0,0.0,0.0
E02006783,0.0,0.0,0.0,0.0,0.0
E02006784,0.0,0.0,0.0,0.0,0.0
E02006785,0.0,0.0,0.0,0.0,0.0
E02006786,0.0,0.0,0.0,0.0,0.0
E02006787,0.0,0.0,0.0,0.0,0.0
E02006788,0.0,0.0,0.0,0.0,0.0
E02006789,0.9494552764971119,0.9494552764971119,0.9494286416594879,0.0,2.6634837623995544e-05
E02006790,0.9660038607490482,0.9660038607490482,0.9658045740167501,0.0,0.00019928673229807625
E02006791,0.0,0.0,0.0,0.0,0.0
E02006792,0.0,0.0,0.0,0.0,0.0
E02006793,0.0,0.0,0.0,0.0,0.0
E02006794,0.0,0.0,0.0,0.0,0.0
E02006795,0.0,0.0,0.0,0.0,0.0
E02006796,0.2958699760844471,0.2958699760844471,0.2956818457990108,0.0,0.0001881302854362943
E02006798,0.0,0.0,0.0,0.0,0.0
E02006799,0.0,0.0,0.0,0.0,0.0
E02006800,0.0,0.0,0.0,0.0,0.0
E02006801,0.0,0.0,0.0,0.0,0.0
E02006802,0.0,0.0,0.0,0.0,0.0
E02006803,0.5566300815366909,0.5566300815366909,0.5563158106356015,0.0,0.00031427090108937517
E02006804,0.8021046207521096,0.8021046207521096,0.8017921077719184,0.0,0.000312512980191193
E02006805,0.00797312455838788,0.00797312455838788,0.007970721517273597,0.0,2.403041114281898e-06
E02006806,0.5851186800523932,0.5851186800523932,0.5851070065932394,0.0,1.167345915376039e-05
E02006807,0.0,0.0,0.0,0.0,0.0
E02006808,0.0,0.0,0.0,0.0,0.0
E02006809,0.48401537763513125,0.48401537763513125,0.48401407246392564,0.0,1.3051712056122433e-06
E02006810,0.5545137781545001,0.5545137781545001,0.5545134408119871,0.0,3.373425130348551e-07
E02006811,0.0,0.0,0.0,0.0,0.0
E02006812,0.0,0.0,0.0,0.0,0.0
E02006813,0.0,0.0,0.0,0.0,0.0
E02006814,0.0,0.0,0.0,0.0,0.0
E02006815,0.0,0.0,0.0,0.0,0.0
E02006816,0.0,0.0,0.0,0.0,0.0
E02006817,0.0,0.0,0.0,0.0,0.0
E02006818,0.0,0.0,0.0,0.0,0.0
E02006819,0.0,0.0,0.0,0.0,0.0
E02006820,0.0,0.0,0.0,0.0,0.0
E02006821,0.0,0.0,0.0,0.0,0.0
E02006822,0.0,0.0,0.0,0.0,0.0
E02006823,0.9193867709368488,0.9193867709368488,0.9192556569382528,0.0,0.0001311139985959997
E02006824,0.22104285732582174,0.22104285732582174,0.34946890454485796,0.0,0.12842604721903622
E02006825,0.0,0.0,0.0,0.0,0.0
E02006826,0.0,0.0,0.0,0.0,0.0
E02006827,0.8340327998820252,0.8340327998820252,0.8338425620897911,0.0,0.00019023779223403814
E02006828,0.04358266726662413,0.04358266726662413,0.043450249681194396,0.0,0.0001324175854297352
E02006829,0.0,0.0,0.0,0.0,0.0
E02006830,0.0,0.0,0.0,0.0,0.0
E02006831,0.0,0.0,0.0,0.0,0.0
E02006832,0.8062244653920393,0.8062244653920393,0.80634014755857,0.0,0.00011568216653068397
E02006833,0.7900500395323754,0.7900500395323754,0.7897266590520163,0.0,0.0003233804803590701
E02006834,0.0,0.0,0.0,0.0,0.0
E02006835,0.873123339275399,0.873123339275399,0.8731233032578744,0.0,3.601752462945029e-08
E02006836,0.32030097525268236,0.32030097525268236,0.3199920222614394,0.0,0.00030895299124295006
E02006837,0.33647939273961425,0.33647939273961425,0.33606608478087996,0.0,0.00041330795873428805
E02006838,0.00027919223465157215,0.00027919223465157215,0.0002791889570397006,0.0,3.2776118715264167e-09
E02006839,0.7756818265648106,0.7756818991375063,0.7756802673062058,7.257269574179048e-08,1.5592586047885604e-06
E02006840,0.0,0.0,0.0,0.0,0.0
E02006841,0.0,0.0,0.0,0.0,0.0
E02006842,0.0,0.0,0.0,0.0,0.0
E02006843,0.0,0.0,0.0,0.0,0.0
E02006844,0.0,0.0,0.0,0.0,0.0
E02006845,0.0,0.0,0.0,0.0,0.0
E02006846,0.0,0.0,0.0,0.0,0.0
E02006847,0.0,0.0,0.0,0.0,0.0
E02006848,0.0,0.0,0.0,0.0,0.0
E02006849,0.0,0.0,0.0,0.0,0.0
E02006850,0.0,0.0,0.0,0.0,0.0
E02006851,0.0,0.0,0.0,0.0,0.0
E02006852,0.15311489093985156,0.15311489093985156,0.15311472375145693,0.0,1.6718839462859236e-07
E02006853,0.0,0.0,0.0,0.0,0.0
E02006854,0.0,0.0,0.0,0.0,0.0
E02006855,0.0,0.0,0.0,0.0,0.0
E02006856,0.0,0.0,0.0,0.0,0.0
E02006857,0.0,0.0,0.0,0.0,0.0
E02006858,0.0,0.0,0.0,0.0,0.0
E02006859,0.008006683037413177,0.008006683037413177,0.007160771228850045,0.0,0.0008459118085631327
E02006860,0.0,0.0,0.0,0.0,0.0
E02006861,0.0,0.0,0.0,0.0,0.0
E02006862,0.0,0.0,0.0,0.0,0.0
E02006863,0.0,0.0,0.0,0.0,0.0
E02006864,0.0,0.0,0.0,0.0,0.0
E02006865,0.0,0.0,0.0,0.0,0.0
E02006866,0.0,0.0,0.0,0.0,0.0
E02006867,0.0,0.0,0.0,0.0,0.0
E02006868,0.0,0.0,0.0,0.0,0.0
E02006869,0.29792978669606124,0.29792978669606124,0.2976523838924116,0.0,0.000277402803649629
E02006870,0.0,0.0,0.0,0.0,0.0
E02006871,0.11523542419036947,0.11523542419036947,0.11523533846963534,0.0,8.572073413593007e-08
E02006872,1.1559718630976485e-05,1.1559718630976485e-05,1.1560129601377694e-05,0.0,4.109704012088153e-10
E02006873,0.0,0.0,0.0,0.0,0.0
E02006874,0.0,0.0,0.0,0.0,0.0
E02006875,0.0,0.0,0.0,0.0,0.0
E02006876,0.01269896568628206,0.01269896568628206,0.012698861420815534,0.0,1.0426546652626822e-07
E02006877,0.0,0.0,0.0,0.0,0.0
E02006878,0.0,0.0,0.0,0.0,0.0
E02006879,0.0,0.0,0.0,0.0,0.0
E02006880,0.0,0.0,0.0,0.0,0.0
E02006881,0.0,0.0,0.0,0.0,0.0
E02006882,0.0,0.0,0.0,0.0,0.0
E02006883,0.0,0.0,0.0,0.0,0.0
E02006884,0.04369437586321169,0.04369437586321167,0.04369436738043616,2.0816681711721685e-17,8.482775530616049e-09
E02006885,0.0,0.0,0.0,0.0,0.0
E02006886,0.0,0.0,0.0,0.0,0.0
E02006887,0.0,0.0,0.0,0.0,0.0
E02006888,0.0,0.0,0.0,0.0,0.0
E02006889,0.0,0.0,0.0,0.0,0.0
E02006890,0.0,0.0,0.0,0.0,0.0
E02006891,0.0,0.0,0.0,0.0,0.0
E02006892,0.0,0.0,0.0,0.0,0.0
E02006893,0.1776609710561416,0.1776609710561416,0.09228956410425534,0.0,0.08537140695188625
E02006894,0.0,0.0,0.0,0.0,0.0
E02006895,0.0,0.0,0.0,0.0,0.0
E02006896,0.0,0.0,0.0,0.0,0.0
E02006897,0.0,0.0,0.0,0.0,0.0
E02006898,0.0,0.0,0.0,0.0,0.0
E02006899,0.0,0.0,0.0,0.0,0.0
E02006900,0.0,0.0,0.0,0.0,0.0
E02006901,0.0,0.0,0.0,0.0,0.0
E02006902,0.0,0.0,0.0,0.0,0.0
E02006903,0.0,0.0,0.0,0.0,0.0
E02006904,0.0,0.0,0.0,0.0,0.0
E02006905,0.0,0.0,0.0,0.0,0.0
E02006906,0.8717746756307181,0.8717746756307181,0.8699270130017615,0.0,0.0018476626289566367
E02006907,0.0,0.0,0.0,0.0,0.0
E02006908,0.0,0.0,0.0,0.0,0.0
E02006909,0.0,0.0,0.0,0.0,0.0
E02006910,0.0,0.0,0.0,0.0,0.0
E02006911,0.0,0.0,0.0,0.0,0.0
E02006912,0.0,0.0,0.0,0.0,0.0
E02006913,0.0,0.0,0.0,0.0,0.0
E02006914,0.0,0.0,0.0,0.0,0.0
E02006915,0.0,0.0,0.0,0.0,0.0
E02006916,0.0,0.0,0.0,0.0,0.0
E02006917,0.0,0.0,0.0,0.0,0.0
E02006918,0.0,0.0,0.0,0.0,0.0
E02006919,0.0,0.0,0.0,0.0,0.0
E02006920,0.0,0.0,0.0,0.0,0.0
E02006921,0.0,0.0,0.0,0.0,0.0
E02006922,0.0,0.0,0.0,0.0,0.0
E02006924,0.11231308367847255,0.11231308367847255,0.11231345459735005,0.0,3.7091887750140273e-07
E02006925,0.20950439995692965,0.20950439995692965,0.20950507237673377,0.0,6.72419804115254e-07
E02006926,0.5917616160221781,0.5917616160221781,0.5914014759185058,0.0,0.00036014010367235727
E02006927,0.0,0.0,0.0,0.0,0.0
E02006928,0.0,0.0,0.0,0.0,0.0
E02006929,0.0,0.0,0.0,0.0,0.0
E02006930,0.0,0.0,0.0,0.0,0.0
E02006931,0.0,0.0,0.0,0.0,0.0
E02006932,0.0,0.0,0.0,0.0,0.0
E02006933,0.0,0.0,0.0,0.0,0.0
E02006934,0.0,0.0,0.0,0.0,0.0
