msoa11cd,f1,f2,f3
E02000001,-0.31067585566379424,-0.2594789558038584,0.0854649430971748
E02000002,0.2607426395919173,-0.0922409422481049,-0.05894194494218051
E02000003,0.24124275743182946,-0.06653755667636732,-0.022115657421754923
E02000004,0.24024174656319827,-0.09956985207613747,-0.03362762375386019
E02000005,0.3189029749047578,-0.07301416786340843,0.006583065568065074
E02000007,0.33029026018979674,-0.1210424509766777,-0.00021306037676989759
E02000008,0.3506959824867678,-0.09444642006927852,-0.0005654081866899284
E02000009,0.29344620523753256,-0.11990155994408684,0.03223993903232126
E02000010,0.3519345862237004,-0.10581564155906113,0.00017017215895496343
E02000011,0.3269243808114419,-0.08774077342606486,0.004589852345060676
E02000012,0.17717987185486558,-0.11530827119422044,-0.05720569956245207
E02000013,0.3339577666664917,-0.06065784486743899,0.023057771274797523
E02000014,0.35777501313144705,-0.08869345815428295,0.05379957056386277
E02000015,0.3580011562024139,-0.15933243174574838,0.043353801757934025
E02000016,0.1458252820189773,-0.38225675271427073,-0.06355662889765358
E02000017,0.253740935489376,-0.15788194640372372,-0.027860409593721453
E02000018,0.30908192452227945,-0.10564575555319981,0.030960664861006352
E02000019,0.3519677598559274,-0.07092335981772362,0.027286626740858612
E02000020,0.304658357724663,-0.1813137026995926,0.04841267626529156
E02000021,0.3562566889917965,-0.12654215218470005,0.0381839112400602
E02000022,0.27719211934962446,-0.17427315877682237,-0.04577648958479909
E02000023,0.26851187678595967,-0.21476507449914892,-0.03752359784487509
E02000024,-0.025106918437345502,-0.21601947527927617,0.004607154355962826
E02000025,0.0008513011140921313,-0.17713717898184073,-0.0057061669494910885
E02000026,0.03373336068970977,-0.16785170711461525,-0.02471435021069123
E02000027,0.05629390316123284,-0.16655818877765738,0.015546540062950746
E02000028,-0.010893106843265396,-0.18549286180616917,-0.021248340610290267
E02000029,0.03397939126067775,-0.21074042544661442,0.012717625521969542
E02000030,-0.10050637921186531,-0.11358832142914865,-0.03991331398925067
E02000031,-0.035013183549378664,-0.09594669326344082,0.07098994481576822
E02000032,-0.020844825021077245,-0.1802114686869603,0.00036298508718809596
E02000033,0.017390966327472248,-0.19979957180880556,-0.00574937290756782
E02000034,-0.007334336926047139,-0.19175100550623395,-0.0020986300150710128
E02000035,-0.039318924047165825,-0.2776866041814864,0.012878456821073022
E02000036,0.04571277512305651,-0.2402646223293169,-0.036031785066917496
E02000037,-0.0666931108236524,-0.20689246010466997,-0.024307458254590273
E02000038,-0.0986249250664142,-0.2368313415800196,0.0142013569949252
E02000039,-0.06189534344931613,-0.2372313924871224,0.04378692761644869
E02000040,-0.14436180951527042,-0.1483130093503913,-0.0371257659391797
E02000041,0.09780768960087963,-0.19199045957519872,-0.02547812730293225
E02000042,-0.011191324552903795,-0.3043390011503515,-0.0017829988807385188
E02000043,-0.06925835772679084,-0.26628565005068966,-0.006267386744212965
E02000044,0.03655805737998671,-0.1498133951762606,-0.013496253560639843
E02000045,0.039012669205847304,-0.22270593536301597,0.03222556022239665
E02000046,-0.09927554869521686,-0.19974377645854777,0.0131875649249957
E02000047,0.08274924200944603,-0.16866685840634718,0.016985174027921712
E02000048,-0.08889637470979973,-0.21881850857205934,-0.017926672407171898
E02000049,0.17294103233534655,-0.33862545868265154,-0.04092374980406872
E02000050,-0.05978387026195295,-0.2477058700855837,-0.04976391718238222
E02000051,-0.13278762609092015,-0.24390585384203006,0.030210896570960707
E02000052,-0.06589279204057594,-0.24908003376206705,-0.013339508084491176
E02000053,0.04681633632069799,-0.2396621916902763,0.025841286913382736
E02000054,-0.07010406361094093,-0.17503861548162208,-0.005830090628456279
E02000055,-0.09632905740589233,-0.25792779541487154,-0.07286161952691747
E02000056,-0.13413087189599668,-0.11147647594573992,0.08657104522822746
E02000057,-0.09444852867476715,-0.2706929662669196,0.03895794690597359
E02000058,-0.14007857893746975,-0.13461065773792932,0.01631095833236872
E02000059,0.11361209185925096,-0.12285398522708614,0.00932915449629857
E02000060,-0.12057237010304005,-0.15454125537667626,0.05222186219904679
E02000061,-0.22112727057895346,-0.18379178806415328,-0.04979093720507454
E02000062,0.05248293196763503,-0.19546161332606307,-0.007136701917719701
E02000063,-0.09716047814349249,-0.23195059555138786,0.027041286604263037
E02000064,-0.08004826306581142,-0.2216386967202291,0.043563360663790615
E02000065,0.3585628169073105,-0.08567844572175635,0.06073709291324471
E02000066,0.4318807423953344,-0.24510362250044465,-0.10843917282321515
E02000067,0.255891300020946,-0.19680728922455287,0.001643797605291912
E02000068,0.24432016631256653,-0.14598165386176143,0.020206791084529354
E02000069,0.22698081882489704,-0.14719850466898315,-0.005092207554117116
E02000070,0.17946709858079815,-0.15035493875593667,0.019284328716999186
E02000071,0.24526088723303918,-0.14085647792975736,0.049623238384451464
E02000072,0.309402406266194,-0.116902252911804,-0.005184779256922392
E02000073,0.19972877871007877,-0.11952555408841838,0.0024155974815627274
E02000074,0.2497663208386284,-0.09674469957300254,0.09040156076082531
E02000075,0.1968102654143834,-0.12927258060198682,0.05713034671962433
E02000077,0.261329338124048,-0.11366229792355663,0.02243316572249915
E02000078,0.23328153434486198,-0.12018366293388312,0.030254950398040013
E02000079,0.15975960238867293,-0.10312743223762756,0.011764798963177439
E02000080,0.18472258660979252,-0.10628089279973378,0.03637162558837466
E02000081,0.21443303075957718,-0.11695367856700353,-0.018288848275357136
E02000082,0.2498044230173409,-0.14725527039137334,0.0331970376916194
E02000083,0.18938885747462492,-0.12198377402174826,0.0015063656418610658
E02000084,0.15337273910137836,-0.10126878458876223,0.03985378669415039
E02000085,0.18838722814439535,-0.08939969058591106,0.009800276071135167
E02000086,0.14974632469756285,-0.0995788749846491,-0.007172942691991241
E02000087,0.0329368898048722,-0.11299965745602696,-0.0046092511152296175
E02000088,0.16387908471179574,-0.06760811197115767,0.037121942089108274
E02000089,0.1590511729190683,-0.08801426804409189,0.007120885827668425
E02000090,0.12133114960566449,-0.1301666561856487,-0.05043087565463605
E02000091,0.12804289953025996,-0.14228029699831254,-0.021983728147213756
E02000092,0.16314349597930927,-0.07622694122500702,0.05283861212462424
E02000093,-0.021974060555074434,-0.20669234638528125,-0.03259257213564549
E02000094,0.09538002350695521,-0.16419878768998258,-0.001573889596241757
E02000095,0.037162273132045544,-0.19336349749629875,-0.0368173178121841
E02000096,-0.08293000430960701,-0.17091457559552684,-0.004294933311407747
E02000097,0.0792630887436335,-0.16654201336403734,0.035515513577572815
E02000098,-0.005680769686191822,-0.19177968499844414,0.015362616589316742
E02000099,0.029921503722669628,-0.26528603094328745,-0.07357534143953696
E02000100,0.0681030732195071,-0.15023144174493752,-0.0022103327201594856
E02000101,0.08321949917448215,-0.1902792686306095,-0.020763437049772304
E02000102,0.02156376117143605,-0.2626826514091143,0.05467669424443447
E02000103,0.016193928440674167,-0.2246787125693424,0.007601103359616113
E02000104,0.030630018660419932,-0.2711078099103147,-0.05080254277346877
E02000105,0.08855208742400918,-0.18917301029422126,-0.009762613225867897
E02000106,0.05677580494155057,-0.2009713831028699,0.07815974714671386
E02000107,-0.021238610388889714,-0.3004670005950625,-0.013783182797034652
E02000108,0.07540273391524514,-0.14288476530194832,-0.015290015171306353
E02000109,0.20275239479397136,-0.137640525271726,0.07772654407410336
E02000110,-0.08846476314969691,-0.2666010954976962,0.056789351930189254
E02000111,0.1531720586258445,-0.15277469196187854,-0.062233829603485814
E02000112,0.06226092938573567,-0.23087037093207258,0.0009793953966571029
E02000113,0.04436991867867564,-0.12486013171119578,0.013989837178027513
E02000114,-0.049336309976065855,-0.32629755845703773,0.07946668493334925
E02000115,-0.17035671723359402,-0.3673803997260476,-0.0030759051396863366
E02000116,0.07409198969985983,-0.3929137476616118,0.0012043867115881454
E02000117,-0.027750312787154296,-0.3333158378991718,0.08625635902710416
E02000118,0.1979090582848029,-0.12950704480555406,-0.016910621919281565
E02000119,-0.06987263727034199,-0.4958169540195903,-0.12981386201194214
E02000120,-0.16736304329626028,-0.3135402288924508,0.03325221995253292
E02000121,0.016386977301593195,-0.2485743969560705,0.007704788520518001
E02000122,-0.191145266883114,-0.2520643156876321,0.13971668344063326
E02000123,0.039525849966903115,-0.29591490519128616,-0.001133958269220996
E02000124,-0.10059205838465123,-0.2124967128668498,0.05827199761270237
E02000125,-0.10072106548349052,-0.24661370162226523,0.09607738308604519
E02000126,0.038569850455901854,-0.28942538345091673,0.024151517471876178
E02000127,0.22971581248735232,-0.15027842530106628,0.06075943541988409
E02000128,0.0879171363756659,-0.18332088900455257,0.047767725367251136
E02000130,0.17109621545797038,-0.2076340707910128,0.13992690662550686
E02000131,0.08340384544959192,-0.29059194451863957,0.0597930601090871
E02000132,0.03340319574330584,-0.25816143744797543,0.04910472347633678
E02000133,-0.0629524859221708,-0.11592924215764568,0.021924960315947473
E02000134,0.07259562976155275,-0.21161007511451113,0.015977978822489684
E02000135,0.1835163788439659,-0.283406309460013,0.04444817769256477
E02000136,0.13064312033219586,-0.10653086609468794,0.0032712415155242867
E02000137,0.0366534867614475,-0.2075346699548144,-0.002004622144005076
E02000138,0.0023723914319129674,-0.19783563740039978,0.02917741443659624
E02000139,0.14202156708091368,-0.16948855581781216,0.055774331292633
E02000140,0.22961614807612354,-0.09401329561687553,0.07019986226528682
E02000141,0.1669721130959633,-0.2388147515089413,0.06254754244400161
E02000142,0.06472090071599389,-0.15136691855191528,0.030065129806753733
E02000144,0.05562543367674258,-0.15355177668940354,0.028103650344834984
E02000145,0.2169223646262365,-0.1059853804280958,0.0143249192552076
E02000146,0.09491773309813299,-0.1580675437824461,0.030662217397247896
E02000147,0.009594600002044778,-0.1933986791081917,-0.044970671397189035
E02000148,0.018923714482540165,-0.07099063504490698,0.07111386497691712
E02000149,0.1467281385550461,-0.11062509013623813,0.003305796283423604
E02000150,0.03792625561529635,-0.13767388599792704,0.05155861061568418
E02000151,0.0800388599032851,-0.06581958516358674,-0.030417272157288667
E02000152,0.11915462433518115,-0.1593711066065988,0.05545781611401845
E02000153,0.07085549439414246,-0.10968920656671945,0.056169175731472155
E02000154,0.12472193337256018,-0.1605874810419608,0.031637477678309614
E02000155,0.10331755574089571,-0.08312904757722846,-0.024058397474251446
E02000156,0.013482090747961688,-0.12148806329855485,0.04207460699787074
E02000157,0.08206834921663661,-0.08613303198604978,0.046786050024885055
E02000158,0.15355633450200365,-0.053734142885696896,0.0665034783371047
E02000159,0.03758663264361966,-0.053048852352643915,0.037188908543782616
E02000160,0.08105713100306418,-0.1386547869491511,0.06980416767364181
E02000161,0.08409809241496112,-0.12233940028841303,0.044020009140001634
E02000162,0.06460711777804644,-0.1573817554993022,-0.03302199334291836
E02000163,0.06453535854275415,-0.09622835622911467,0.06611676007815268
E02000165,0.08131821409705153,-0.14978520089830624,-0.03920958445391206
E02000166,-0.1706168883782378,-0.28728099586252126,0.06959081362192791
E02000167,-0.4139407571679292,-0.2029869859681283,0.05815495215900547
E02000168,-0.1855292266287235,-0.278954715994688,0.0926506614815281
E02000169,-0.37104786734130635,-0.27304692890215104,0.06483089700782618
E02000170,-0.21719539935460808,-0.3130312832374085,-0.013863327819002791
E02000171,-0.2688747035709771,-0.23195110736868058,0.09522351757139515
E02000172,-0.13078674018440617,-0.3425268498656793,0.14743087632120205
E02000173,-0.34461291223780177,-0.14200969461509247,0.02305299494084283
E02000174,-0.18008555935069473,-0.33448096225988183,0.14721747548641131
E02000175,-0.24932222379419666,-0.3003338247566112,0.06149740749783046
E02000176,-0.35248321631600643,-0.25211856578630876,0.09526301159643805
E02000177,-0.2924366297891111,-0.3277671913382235,0.06864289127277655
E02000178,-0.12896365939850793,-0.30172517646241537,0.11792786436944397
E02000179,-0.3456027683696605,-0.28260058545949573,0.014900067943719786
E02000180,-0.12048067080973264,-0.30080563403937627,0.07909570265827617
E02000181,-0.27575983290979855,-0.2645067325042186,0.06606378476435312
E02000182,-0.33321464863845,-0.25869271863360616,0.02973989067183649
E02000183,-0.43529996865848175,-0.12425272285421765,0.21292195776197156
E02000184,-0.12111340786529892,-0.3146145110169708,0.08340282506793313
E02000185,-0.14694456743015225,-0.3610398662731443,0.02020791873332919
E02000186,-0.2889944413880143,-0.2036977056168494,0.024431935158386014
E02000187,-0.09434058609310304,-0.22823706963146392,0.13405530438414007
E02000188,-0.1429204130129804,-0.36563730788722926,0.10630025185676412
E02000189,-0.25647080640990044,-0.14833986898300183,-0.023960885774271398
E02000190,-0.33592090258046486,-0.2943841081302048,0.11721122394175747
E02000191,-0.4098970111909823,-0.0778865869018417,0.1308625584316971
E02000192,-0.3575571922713241,-0.3637240283475419,0.07718202757855493
E02000193,-0.4232006441530379,-0.2025267987772435,-0.009623307150046613
E02000194,0.12436893195364188,-0.288455194182516,0.09917388285038813
E02000195,0.1292711404864874,-0.18103796027760632,0.06392220864461663
E02000196,0.17150925591969565,-0.24384333079566198,0.00023273281054932276
E02000197,0.14147665570410375,-0.2175754247417579,0.04535790537628537
E02000198,0.2755962074832897,-0.19251918886102537,0.04624679424374751
E02000199,0.2398447365133783,-0.2069141462112055,0.07317927081099222
E02000200,0.22845021691581338,-0.26067135123796337,0.02002893245110615
E02000201,0.2849267848119834,-0.2521542926060188,0.06777327294449403
E02000202,0.21472132907902902,-0.156703965443577,0.011846232482229014
E02000203,0.2347673662383387,-0.22049451513982762,-0.006972581507772932
E02000204,0.18130792145262453,-0.23109504110365076,0.029187262075107558
E02000206,0.2734377374964108,-0.2355841198395416,0.016162472394797848
E02000207,0.2867403977026597,-0.2065684997368116,0.008430345893168534
E02000208,0.1239007218384454,-0.25563466119810235,-0.018725575248966585
E02000209,0.21985958222991608,-0.2252884575285992,-0.0367013636303038
E02000210,0.18820596414852792,-0.21940355752642207,0.00578524406208548
E02000211,0.09385536707292093,-0.13015128701079412,0.017236782373193194
E02000212,0.19725225827960693,-0.21329759319893082,0.06345817393912645
E02000213,0.2790361383981579,-0.4462175734188791,-0.026030053826685894
E02000214,0.11691647001531937,-0.20938451908191072,-0.017328382564228428
E02000215,0.17085725872515375,-0.31006960779392867,-0.03420130275038089
E02000216,0.07967398620136522,-0.2978690306849254,-0.028578092828142988
E02000217,0.17850602588041162,-0.2876674501929948,-0.035173365133692625
E02000218,0.10133117504043952,-0.1414362870835922,0.03458370144857093
E02000219,0.0926439700479392,-0.14765141028569756,-0.014000843241687289
E02000220,0.12461148008648228,-0.3385063940993053,-0.011417360636136424
E02000221,0.10417268748385361,-0.22412978782256382,-0.004690941931110921
E02000222,0.13967701541905303,-0.2334133673876648,-0.03889277616288301
E02000223,0.2843356211227052,-0.1563807524482007,0.10060241448105872
E02000224,0.1347421311095397,-0.23469327530565678,-0.00377354402455517
E02000225,0.2948933354480303,-0.14358723865573905,0.04607932035693968
E02000226,0.07446321380465211,-0.10013230086019183,-0.007913828999977156
E02000227,0.12298615244724787,-0.22397956702385252,-0.03159520547564068
E02000228,0.05860952970585675,-0.14508003621441679,-0.06759318293469299
E02000229,0.3226518054987252,-0.14818875898444753,0.0307086442985677
E02000230,0.040934139045001955,-0.14009241064408276,-0.009128973363164978
E02000231,0.005992809874809524,-0.0766630091560975,-0.011289429532450466
E02000232,0.0785868416291106,-0.13957657199397192,0.033413311134015626
E02000233,0.08612750033581418,-0.15881017896668068,-0.016801209670171402
E02000234,0.060502838448912,-0.12410523253571708,0.026221162305243788
E02000235,0.03750659657610421,-0.13733189480540345,-0.02797907323284876
E02000236,0.06996051121279138,-0.08991731567825877,0.015502220629791584
E02000237,0.05465210348846798,-0.07313868915957208,0.01761491840761625
E02000238,0.11349582767293558,-0.15855919708977356,0.019934506487424706
E02000239,0.11312151974853547,-0.14242724995437442,-0.03252957252518434
E02000240,0.10828579374390279,-0.19707059450279,0.016478806845703672
E02000241,0.1276454367104728,-0.1628586902720678,0.021006429469047395
E02000242,0.024620307966497203,-0.22667474976503393,0.03615528796757415
E02000243,0.0831280030311985,-0.2515442622310826,-0.05469891961040381
E02000244,0.05753218395149213,-0.25903565014156615,0.025941508875537193
E02000245,0.0719516420324975,-0.1994757100790179,-0.021639401353220854
E02000246,0.18325647211656854,-0.18870402422528973,-0.010270621717261376
E02000247,0.0982222500195956,-0.14676059336229363,0.02839825828060146
E02000248,-0.0721003040445275,-0.29461163654763367,0.0031932109006715284
E02000249,0.03973546697725004,-0.20584201914474565,-0.02715229284843898
E02000250,-0.17021146462082176,-0.23429106298579125,0.06096872053272104
E02000251,0.13810198973954407,-0.11570514517340698,-0.004686791550042322
E02000252,-0.08150131871802142,-0.27459397069710045,-0.024313731091937525
E02000253,0.07270886485784615,-0.23946606812246335,0.0794805064390541
E02000254,0.2572839410241009,-0.11882912375221741,0.004606875579585376
E02000255,-0.09064958968673885,-0.29767429891364766,0.06650450007616647
E02000256,-0.17279027011709971,-0.2979197179876674,0.0907371810407104
E02000257,-0.11332870213480839,-0.32992452658731114,0.08940246838613282
E02000258,-0.1146407560035294,-0.2579505165280287,0.06641868137175813
E02000259,-0.013435588981763601,-0.23495645680852306,0.06071729601142546
E02000260,0.24376694466545706,-0.0873895215988161,-0.1027527999278661
E02000261,-0.18832011418000666,-0.3744925959844797,0.04986926060960986
E02000262,-0.06831073901677512,-0.3774352981021109,0.10960046295850569
E02000263,0.2001120042173731,0.02882581188969754,0.013516178733740588
E02000264,-0.09691881654760996,-0.3285701667399218,0.03964834811577766
E02000265,-0.04105500888797604,-0.31409146722130254,0.04973371360037608
E02000266,0.1585013147195772,-0.19304368802659955,-0.004268119942119483
E02000267,-0.059441361188448574,-0.2531329937063061,0.07307330469873942
E02000268,-0.15181291218170856,-0.28763052239000203,0.04544936910012544
E02000269,-0.09498734352643023,-0.25178764843117035,0.06660700186821104
E02000270,-0.021527535313165955,-0.3606978252406519,-0.024934800661036843
E02000271,-0.3021220054393275,-0.2219272742459451,0.10928558053130989
E02000272,-0.13560765684995033,-0.2566493795147382,0.030573060353303587
E02000274,0.2122865075424519,-0.10565731099055949,-0.046657531929670065
E02000275,0.1975773734737422,-0.09845079092953471,0.03414277869945783
E02000276,-0.10225172639290667,-0.23964350674353588,0.05544280369293264
E02000277,0.18494557942560644,-0.11707904495161536,-0.03026971182068478
E02000278,0.21730965480648803,-0.13884918947975405,-0.027684869923353134
E02000279,0.18370521539996942,-0.19594037840364198,-0.05970741920548922
E02000280,0.07438004688871412,-0.1702485995384946,-0.002775714264829873
E02000281,0.11230855473455097,-0.2148793556007331,-0.03007541342822169
E02000282,0.2468301223981397,-0.11935502005538817,-0.03246514669559098
E02000283,0.17332882442672182,-0.16143110138357128,-0.0018433324061378155
E02000284,0.0646199407771009,-0.2088796081406451,-0.009007602237930972
E02000285,0.05327307339001689,-0.22498397027970302,-0.011779164420177075
E02000286,0.02442571988022225,-0.26813366679939277,-0.01338973232585951
E02000287,-0.08640857943471186,-0.1468764225071627,-0.007982160331481872
E02000288,0.14442387012028954,-0.16442774675672334,-0.040446550762046174
E02000289,0.039557656472599866,-0.16289068838761983,-0.0242806113930062
E02000290,0.1660011801309061,-0.21386756350649097,-0.01591580567627415
E02000291,0.03292015565612416,-0.2854925353359812,-0.012575052123967416
E02000292,0.1509145200313974,-0.18727699958480715,-0.014779395418360588
E02000293,0.011592766008222002,-0.16452442935606212,-0.0021784917566392828
E02000294,0.19243605267123598,-0.14394233091380626,-0.008679196313546179
E02000295,0.03517295244994779,-0.2113418663036752,-0.015246667444492977
E02000296,0.012613672230892586,-0.2500745590639015,-0.014096648728740682
E02000297,0.007653271866354881,-0.13349204360864797,-0.0019354696750563337
E02000298,-0.01351166865533332,-0.17179291274520697,-0.04880674242115658
E02000299,0.1779150585501112,-0.23275620686052198,0.000506602953235473
E02000300,0.21151921081858746,-0.18571578587834894,-0.01681287501924311
E02000301,0.16996240948776806,-0.2080243834263372,-0.03096102412700496
E02000302,0.005082417179280615,-0.20607705252131933,-0.06887958291661164
E02000303,0.23360112468358477,-0.16620681415205477,-0.025894819415001047
E02000304,0.0004485467739424723,-0.16749019270569246,0.00558216855885326
E02000305,0.022361906092176295,-0.21048675264559524,-0.018979388392513712
E02000306,0.32172011156959385,-0.2037010295268668,-0.06352496274797054
E02000307,0.1646247251626958,-0.13869062092027362,-0.021320913391832425
E02000308,0.11123195856603836,-0.22530340371903665,0.041860498924429446
E02000309,0.2767402917074605,-0.19823621150905546,-0.03570421450418577
E02000311,0.10457169199868002,-0.23706766608509097,-0.0051540265649949535
E02000312,0.022603257179638042,-0.26911804103071657,0.01109831051108736
E02000313,0.3373656539325274,-0.1411928941332207,-0.033645959523689775
E02000314,0.23924458289703093,-0.15492380670395775,-0.00036303100832614206
E02000315,0.3567803019375175,-0.2202945890095212,0.10990549424099987
E02000316,0.27053600804362216,-0.14202456271544536,0.035080630394747875
E02000317,0.1877280823468071,-0.0992186966046384,-0.01940543191512311
E02000318,0.3477932374906756,-0.1727378516707046,0.031957799720550614
E02000319,0.35765021220185816,-0.23638626112151478,0.03725273971459992
E02000320,0.3142322054931808,-0.287194495917524,0.08536724896638757
E02000321,0.3306724405872022,-0.21701514722974127,-0.05123237948818963
E02000323,0.4395747080974784,-0.17007724738051025,0.045451057347545946
E02000324,0.1747634111728491,-0.17465206778723066,0.05465361895425028
E02000326,0.07765777509717021,-0.24477780505322416,0.08030419969917342
E02000327,0.3359136484757484,-0.0565637612913354,0.1357850448812139
E02000328,-0.09863409142873948,-0.2715658708328953,-0.004303785517198685
E02000329,0.3514904146495275,-0.17759404678752672,0.03378774344955304
E02000331,0.18793518521369137,-0.141195529194132,0.07671747385658005
E02000332,0.2354709103177345,-0.162579212212094,-0.002417454018214373
E02000333,-0.06037470372985558,-0.2880992903068881,0.012362994679363824
E02000334,0.16049471644752555,-0.21503840386885792,-0.003944851902138613
E02000335,0.23687145829415754,-0.14316450093937658,0.029679110318258158
E02000337,0.2623620155308082,-0.1578731262305646,0.05376883626014156
E02000339,0.21160551328034047,-0.15564844809386008,0.03149674165357194
E02000340,0.15451180346881116,-0.17196450518620154,0.013449273559588627
E02000341,0.2789387408052242,-0.1806907988498765,0.005189512056767307
E02000342,0.19383411474144102,-0.18449836741539205,0.05156592572848934
E02000343,0.1745400034409505,-0.16697616401993948,0.043555233477427555
E02000344,0.19334791671665114,-0.15092666722120165,0.03444423943398068
E02000345,-0.1190882488875073,-0.12005884069480222,0.11659886990201436
E02000346,0.04273754867070249,-0.3492839242235333,0.14453559708022143
E02000347,0.040164677168270525,-0.22119717497947827,0.10243165775834011
E02000348,0.1911784934580232,-0.17108757074153536,-0.03223055887584795
E02000350,-0.061801313396393776,-0.2625453529251425,0.13412688146826646
E02000351,-0.03139250216010127,-0.29588263651733854,0.059829527692906406
E02000352,-0.020870647489798458,-0.27290024774989763,0.06319040153232318
E02000353,-0.05498609747468189,-0.2326791641406037,0.041736190962917155
E02000354,0.12609272301640442,-0.3024757218335059,0.11860867317304896
E02000355,0.14524003671058286,-0.22340701156761297,0.08517827720238647
E02000356,-0.015405338070778792,-0.22221855626801648,0.07081964362104978
E02000357,0.39656674741473397,-0.33975686246680525,-0.05454822271740357
E02000358,-0.0012774159383856125,-0.2602956585272603,0.05503266011062567
E02000359,0.1385741542182257,-0.2238599245838007,0.12508871273895872
E02000360,0.030576597915470887,-0.29304629999857773,0.017958198004116275
E02000361,0.020282708263534677,-0.323073091340127,0.09242374931596288
E02000362,0.21441334693384456,-0.20660268780843977,-0.024600627167564892
E02000363,0.3794903699403747,-0.31965652067022393,0.040817941210011414
E02000364,-0.06902110824724096,-0.2584325530397711,0.1045052520609309
E02000365,-0.08255168269564142,-0.30117144014394187,0.10277610643047243
E02000366,0.03706446428939117,-0.17310427794022568,0.07330908589194497
E02000367,-0.008495568098298593,-0.2739358270999514,0.0807557996281205
E02000368,0.12247346103929137,-0.3342857358336469,0.02638803345450376
E02000369,-0.0872690186012099,-0.27739698717525596,0.07199590302734875
E02000370,-0.16643424982586819,-0.2662765547846904,-0.0042521295663432886
E02000371,-0.11993778716728469,-0.27981702720687907,0.0494640042091121
E02000372,-0.014884269626616669,-0.2346136034152993,0.11392562173815217
E02000373,0.019461780881040364,-0.24667825636023327,-0.0474808641846017
E02000374,-0.19731229755570046,-0.3088241361406843,0.09736397256361405
E02000375,-0.2108242848493418,-0.23828944856153558,0.0848524604514637
E02000376,-0.19385746981861218,-0.36606125771983866,0.06922463192930518
E02000377,-0.24549756192735236,-0.25157231670736063,0.07982011727353093
E02000378,-0.2565806166394135,-0.3675263834448145,0.03720556348328053
E02000379,-0.20422344154112065,-0.37534850032821343,0.061796682826338614
E02000380,-0.2958123781238024,-0.25579943152186224,0.07822266006521837
E02000381,-0.3153912975156554,-0.28172221881076687,0.08932286728809352
E02000382,-0.21569154506719887,-0.33470169297522245,0.06413410525085098
E02000383,-0.2962611619976019,-0.38226783217288396,0.08148217005380169
E02000384,-0.20244401950083182,-0.30361341808371084,0.130028383075989
E02000385,-0.25775943408837937,-0.3298161732965887,0.0908664365349236
E02000386,-0.14226592149694134,-0.32976102395399387,0.15282329154788257
E02000387,-0.2622145071762966,-0.2471011480080913,0.12621955256386513
E02000388,-0.3361652897115766,-0.2839778797330828,0.09894447388173642
E02000389,-0.2734775681269335,-0.30064590732559443,0.11229287590547546
E02000390,-0.2699648836971188,-0.2613320589808647,0.1240620947948025
E02000391,-0.391654492195974,-0.20212853937905662,0.0646058450694161
E02000392,-0.34414173792694625,-0.2080642583056971,0.1201795080970061
E02000393,-0.3941546995134344,-0.21804983284249355,0.10323258607780422
E02000394,-0.4774657501608471,-0.3627273007492632,0.0823757997071271
E02000395,-0.356766285495934,-0.24026234354723505,0.11261537172324607
E02000396,-0.3339636094816696,-0.21460465644886864,0.07854250113011822
E02000397,0.11054503867872288,-0.2961991090915352,0.019672525604975868
E02000398,0.43435666285375724,-0.1366791586779208,0.06620469477400102
E02000400,0.1573916258048303,-0.18342624637033658,-0.022264480479728954
E02000401,0.33135826331449225,-0.10845139250425088,0.07254679372119754
E02000402,0.2865598126266146,-0.2040212564559658,-0.016805843238456752
E02000403,0.10010655979789257,-0.3439731227099969,-0.0008004195117387713
E02000404,0.10221004709559886,-0.1939996098014909,-0.03463846162321182
E02000405,-0.02810338692425108,-0.2108214549454884,0.05799023861405352
E02000406,0.27199438940585036,-0.207163969882607,0.06876804089217461
E02000407,0.38240865535603796,-0.20507590050386396,0.08251517068828958
E02000408,0.3601645206538131,-0.21589968157697842,0.06965592981877798
E02000409,0.287684501952529,-0.13135506297134236,-0.020561280271316856
E02000410,-0.09074149299804361,-0.22496614155056976,-0.021453174376659577
E02000411,0.42540759046473714,-0.2586061548192105,0.0913294112102525
E02000412,0.09381139608161344,-0.23320353990978246,0.09971134133795512
E02000413,-0.09948360152447037,-0.20330274420510908,0.013762098027745032
E02000414,0.27848952246292924,-0.29148114459030566,0.07500488887015089
E02000415,0.08868893901047069,-0.32886369246510255,0.026938767995820335
E02000416,-0.0273141124701324,-0.3470849922819404,0.020925363553890474
E02000417,-0.08785049381128816,-0.187724664491888,0.03806780232452895
E02000418,-0.09139965542036269,-0.13361988130493777,0.016757041833286523
E02000419,-0.01951943313469394,-0.2170499049525103,0.06479801204053498
E02000420,0.30322111175203925,-0.23048679522045387,0.15751907394949255
E02000421,0.30737738875312937,-0.28974012832308915,0.2312673556096609
E02000422,0.23895584399993122,-0.14445036881434356,-0.006553845119201798
E02000423,0.11160685766395444,-0.30354035326134954,0.09223343251478505
E02000424,-0.10513418936101786,-0.20637200772170444,0.04164608303182841
E02000425,0.39282968578008404,-0.20880715867454283,-0.010912215306692263
E02000426,-0.18924609297188902,-0.2165981209608785,-0.004319886014766221
E02000427,0.04068030138510769,-0.2431279905759243,0.03414957586156852
E02000428,0.2990720950397686,-0.2614769737173502,0.13516971804303388
E02000429,-0.16398458579666142,-0.28047670286202336,0.03707169055915577
E02000430,-0.14638805860762558,-0.25036544984745107,0.03509819717611114
E02000431,-0.13956779808254718,-0.3223734877405224,0.10000510013676182
E02000432,-0.06454981061709324,-0.19222611139887175,0.05184797971959774
E02000433,-0.1516415264136719,-0.23278063291665052,-0.03584634506140167
E02000434,-0.03702851667792285,-0.1595395653554009,-0.01619054954096954
E02000435,-0.009159326729513185,-0.19413213216788563,-0.005410782151882261
E02000436,0.0240526492894708,-0.13323691733065288,0.003880739936941706
E02000437,0.0773570280786645,-0.1762620856115833,-0.005981747826979396
E02000438,-0.009671928802279425,-0.2623731645255364,-0.04614950355346332
E02000439,0.0856102588617676,-0.20598380177999262,-0.04065898516538239
E02000440,0.03537163575344197,-0.18636922709528736,-0.024037079303509384
E02000441,0.012312624749126052,-0.12563511599520252,-0.029502861813334162
E02000442,0.04195703861001709,-0.15710104755799834,-0.0019181358573260039
E02000443,0.05879343940455869,-0.22777860296181865,-0.005891179421224937
E02000444,0.06061495504775589,-0.21546943430662296,-0.06102729848726097
E02000445,0.09098485484288747,-0.20425765438842855,0.006995912271088729
E02000447,0.0435938322796666,-0.22062065729404495,-0.0058548386692121625
E02000448,-0.03640413013456019,-0.2061410183326768,-0.00898903272224686
E02000449,0.08722009362153442,-0.22471314509368928,-0.021064384187873285
E02000451,0.0036617520931332397,-0.16189715483013403,0.026517516414150503
E02000452,0.03630323822123886,-0.22370603270738718,-0.015590598792631577
E02000453,0.04367055361125059,-0.2794751655126345,0.00018477845511883476
E02000454,0.00022709149103876744,-0.15533881627063315,-0.020711212164025338
E02000455,0.04280350645324394,-0.23877803538266196,0.005966204576252763
E02000456,0.016272673468621095,-0.2500244523109897,-0.023106918060010535
E02000457,0.031179603755554314,-0.16325375466758218,-0.02084834577377897
E02000459,0.08232881943762888,-0.23782303454851658,-0.006208767122921973
E02000460,0.0561275470907499,-0.18174898599518308,0.01425761523057193
E02000461,-0.01590214697115386,-0.28010960775895427,-0.085263317884882
E02000462,0.0702290075861439,-0.18441998032275222,0.057260385916521
E02000463,0.0543245068811704,-0.2121733025044522,0.047557783590750455
E02000464,0.32229109711196163,-0.09211644773879947,0.042888932527691555
E02000465,0.37962380164780923,-0.07316455260802716,-0.011512578196981912
E02000466,0.24663146037466094,-0.08842559829202706,-0.011585826724022984
E02000467,0.3665132843376947,-0.12523757002900512,-0.02119480365864352
E02000468,0.23112592373487545,-0.08468750810056225,0.027013426087103574
E02000469,0.3637540620731444,-0.08432215111712478,0.037913515633588885
E02000470,0.24720121201706804,-0.11458041380991373,-0.058543834229130856
E02000471,0.13024725327250883,-0.04303423032418411,-0.054082507717465686
E02000472,0.2076854640801344,-0.07392125417061292,-0.024891307136219617
E02000473,0.17786447563335755,-0.13322705567991283,-0.04592360669705698
E02000474,0.23876863986120136,-0.06049675987863568,0.002572099173077894
E02000475,0.15583171838114093,-0.11097018228238745,-0.05783710334506148
E02000476,0.19071918006855926,-0.16051148685641753,-0.03042871304070029
E02000477,0.1452259789337575,-0.12060743677334013,-0.056667993573478126
E02000478,0.07542806394870827,-0.03404178217382902,0.01268458388566492
E02000479,0.187712118681917,-0.1379799317621904,0.0024449399958378897
E02000480,0.23525171498023253,-0.12800437858380756,-0.08039475620938073
E02000481,0.1364473077076491,-0.15119985117634024,-0.023142930588823184
E02000482,0.0333648357272377,-0.1302795409872039,-0.018119625776171034
E02000483,0.12151637648170822,-0.12059741869065772,-0.07438485848824086
E02000484,0.16875232942625204,-0.07658124228174475,0.01020369311152908
E02000485,0.15713157130181796,-0.10725576209852286,-0.07391836053394699
E02000486,0.16679918637192262,-0.12042475748765383,0.023088851040292797
E02000487,0.0696294750338903,-0.04547521645664236,-0.06525228462430586
E02000488,0.1712463559906358,-0.1010840377758134,-0.04825363877231982
E02000489,0.2592757443884555,-0.060867627402816565,-0.02251171180924154
E02000490,0.24039318428655562,-0.09664908644814627,0.033109790304251895
E02000491,0.29109502164214884,-0.03075035276237086,-0.023545504643179088
E02000492,0.178717642180477,-0.023891342010585022,-0.039350667356262505
E02000493,0.31589273435344106,-0.10524148538100792,0.010994286392848976
E02000494,-0.05976981269428762,-0.16609368920199785,-0.017602706515963074
E02000495,0.04457979659955069,-0.22048585467704204,0.004229623675168212
E02000496,0.045564264097288046,-0.1774244296159631,-0.04839576849788659
E02000497,0.010864100241813567,-0.18567538654797144,-0.003049813116008389
E02000498,0.008768960084774619,-0.23929513700741087,-0.024259230461697746
E02000499,0.022694458512118636,-0.2048273026545858,-0.02236630746690547
E02000500,-0.026600528655388905,-0.1826262804939594,-0.04573351877693158
E02000501,0.09825933550800024,-0.19557508048240432,0.01141444572288327
E02000502,0.003922572605561132,-0.19289611055269007,-0.03694769053150192
E02000503,0.08741119869488952,-0.19396398258019787,0.026515091884759603
E02000504,0.05810832021647684,-0.1598838016375605,-0.034564508717609355
E02000506,-0.03429234965464963,-0.11469109916183315,-0.037217457726718486
E02000507,0.1911243265928602,-0.15696552402108507,0.013974585864809036
E02000508,0.052701892353424346,-0.25200671766212746,-0.06408623182421401
E02000509,0.08320316031012699,-0.17920533775255457,-0.027821434964856187
E02000510,0.10143020320430304,-0.1239060703932545,-0.04507382743301944
E02000511,0.19518366196836306,-0.09601892828840808,-0.023132111140012433
E02000512,0.12812855221629474,-0.16210494902205677,0.0014514712066625403
E02000513,0.2063254323990492,-0.14209276454997455,-0.025069939079088437
E02000514,0.18784065836421687,-0.08808486157467757,0.017898213259671888
E02000515,0.06150769805749324,-0.21957941917964288,-0.050802871577426176
E02000516,0.09999345323443075,-0.040525115350653534,0.017753310141169088
E02000517,0.15780572375324772,-0.12356878479625272,0.020423286131475003
E02000518,0.1905746277784906,-0.14513129281693055,-0.008446403044019578
E02000519,0.17734116665049615,-0.13969821523524906,0.0011450070369418152
E02000520,0.1643608035908857,-0.14803231174968318,-0.06032584248129964
E02000521,0.13880582448190926,-0.24349180253572267,-0.007021835577560579
E02000522,0.1740924873900061,-0.1928650146310752,-0.05315435110051671
E02000523,0.15899320834414268,-0.16440841194244887,-0.027657303245706064
E02000524,0.1174327484751103,-0.16866476942644695,-0.018258790236700358
E02000525,0.1056652561252814,-0.1743102014088208,-0.11070420564751804
E02000526,-0.3102862730459453,-0.2488840626260034,0.05618037699501186
E02000528,-0.0192716524743074,-0.3731868716686487,-0.016934135219448712
E02000529,0.14556996168981012,-0.09324221649628091,-0.057201618807104795
E02000530,0.3037630536308277,-0.047938551152354694,0.003261051861192562
E02000531,-0.06738647818506814,-0.2179684462968652,0.07474718936131078
E02000532,-0.22566789040107466,-0.1846879186029416,0.13294224872787944
E02000533,-0.18280913694419984,-0.3194748245285436,0.041439995258824136
E02000534,-0.0771344416848317,-0.2579636639779141,-0.0004073318716542854
E02000535,0.11293278670567769,-0.07382419196903636,-0.04489757367951995
E02000536,0.12186224336038008,-0.08640421616429111,0.05180543339291632
E02000537,0.047351606072559164,-0.24372941880256901,-0.016569354044238305
E02000538,0.13208360885766932,-0.04509113225079225,0.0065052126912649895
E02000539,-0.039322710387709486,-0.2328845667056089,0.010578265763505974
E02000540,-0.011265462335593763,-0.20968264899513325,0.027851388338739097
E02000541,0.19297351159545556,-0.08040179489535826,0.032392296564506526
E02000542,0.09416996234396963,-0.11819480112861011,-0.003034864432169989
E02000543,0.01982871096552088,-0.21716594375929507,-0.05081823937976534
E02000544,0.11080306880754329,-0.1760397351548735,0.008239619873173143
E02000545,-0.014244180236030076,-0.1971342272290746,0.07040642947439817
E02000546,0.043956517750485626,-0.18044612000383442,-0.01194094298803609
E02000547,0.16675994058789825,-0.13499345883970756,-0.04973900042918128
E02000548,0.22162208763022173,-0.1541796967069827,-0.021788014001885753
E02000549,0.15205354363660165,-0.13807995621588967,0.07827895224538109
E02000550,0.08309624176990794,-0.22520915864552193,-0.03309782797726552
E02000551,0.17895836121586084,-0.13582878856926703,-0.008346418958813195
E02000552,0.08737557103582662,-0.16262464681279729,-0.016039695355587223
E02000553,0.1084931986617967,-0.12734570398739556,0.016696562113049065
E02000554,-0.03935364737597439,-0.2131347048535095,0.08253226458431065
E02000555,-0.05746855111956818,-0.19417432505129642,0.029701645165732767
E02000556,-0.033528067734319364,-0.27074718735185294,0.09340972908185681
E02000557,-0.048295654630641796,-0.2896774392376901,0.13885096171706574
E02000558,0.011226547773508655,-0.2512169829099015,0.03783768836652727
E02000559,-0.1055518177499758,-0.2388373026442226,0.06818022737238674
E02000560,-0.12335197196878941,-0.34279119782139883,0.020572184554145376
E02000561,-0.14595304883867838,-0.26256318023085673,0.05947294951315483
E02000562,-0.17533333518612826,-0.23944701610201097,0.09679936697177553
E02000563,-0.0005781000981149651,-0.24177536649324696,0.03441974582650442
E02000564,-0.15864514704909055,-0.2584151822186775,0.10415852092529854
E02000565,-0.17239500959575801,-0.2639792004428013,0.1416133256784384
E02000566,-0.24749524088807714,-0.2191852975430251,0.03254870940086637
E02000567,-0.19467408734178696,-0.278400477592932,0.08601511869324775
E02000568,-0.11095664742970765,-0.3562854354765405,0.13606013191388924
E02000569,-0.28096371510467355,-0.32824386299709146,0.08057685645822545
E02000570,-0.330875210052197,-0.2050335246296855,0.04270580612058592
E02000571,-0.23054514287760947,-0.27685129731687785,0.08153643999255339
E02000572,-0.10758668391842346,-0.3994542376444451,0.10085244741633088
E02000573,-0.3467794590571012,-0.2652732523995879,0.10563669891169412
E02000574,-0.27490930728299595,-0.2811053671839088,0.04899781531790552
E02000575,-0.3485530378628215,-0.26409843240654124,0.06572024305077417
E02000576,-0.3551295551860605,-0.1927418942689036,0.04221996717131696
E02000577,-0.044826258710138865,-0.30720041273891385,0.2256245449093958
E02000578,-0.38673227520779957,-0.24529095520175145,0.27922935037079066
E02000579,-0.3250350566885923,-0.16694562181088807,0.09481438790763125
E02000580,-0.3692038410645251,-0.15518698982302243,0.05958290886245035
E02000581,-0.24303581366341676,-0.14317154015299643,0.0816509628083971
E02000582,-0.4899964024279435,-0.17725624865929,0.09503134284491319
E02000583,-0.49313292795836483,-0.09312316693236086,0.11325696262070462
E02000584,-0.4439359951828664,-0.06986915604313798,0.022430332377313955
E02000585,-0.3302153560254505,-0.2612853648662591,0.0705902364014665
E02000586,-0.46816204013828727,-0.15763380699060062,0.034309197543565165
E02000587,-0.4070085926738621,-0.20866112444804572,0.12780317955488688
E02000588,-0.3389518087512401,0.33300964370431646,0.0721339352665781
E02000589,-0.46227162542919115,-0.1280129843897138,0.14292130124611044
E02000590,-0.4779446947790783,-0.12242249772162148,0.055143372325979136
E02000591,-0.5023015913572529,-0.2752969570703771,0.0749459585439815
E02000592,-0.5706240344920004,-0.16812032194617849,0.05915561963108732
E02000593,-0.4015621305059952,-0.1756063096430853,0.09393281677588987
E02000594,-0.5510756862198085,-0.1103106082073233,0.05911411771032327
E02000595,-0.49034259668998975,-0.16046599864575176,0.17147124260406083
E02000596,-0.38630359725529756,-0.1045209564461214,0.10557212409636144
E02000597,-0.3803843009723925,-0.12782071550121823,0.1660345591230193
E02000598,-0.09390577511459779,-0.11426848850453888,0.07191515248008087
E02000599,-0.1743916733604347,-0.07035071260316732,-0.03333962238716006
E02000600,-0.046550039599730794,-0.19651655476830365,0.0050467279985328874
E02000601,-0.10363968760987276,-0.22514046358015452,0.09210781112116909
E02000602,-0.0013598949244992815,-0.21680959924261312,0.06027037939977366
E02000603,0.04870178510115201,-0.16070326104828872,-0.00015671313571145412
E02000604,-0.019254212186770453,-0.16365396469410876,0.03980805283846833
E02000605,0.07619673938467297,-0.14063236148360558,0.06078959987166783
E02000606,-0.1043108681372189,-0.2712503832967561,0.05040208393452919
E02000607,-0.03408687229999924,-0.17721234706640276,0.06073227961356596
E02000608,-0.12271322047053526,-0.36379640464292606,0.015692234172647538
E02000609,0.021158534494425136,-0.12321009253047766,0.036176161363482784
E02000610,-0.09827886587341629,-0.3017214304093331,0.03598912898589863
E02000611,-0.03917433585096918,-0.1285188306099423,-0.00033097762468380245
E02000612,0.021629399296479574,-0.19559293455780621,0.021487163802009598
E02000613,-0.045574273284581,-0.22367631213840858,0.04506071201108728
E02000614,0.06972630666636706,-0.17316856591579233,0.05262491324545389
E02000615,0.03240705475855653,-0.13609701592828025,-0.016409960501992227
E02000616,0.10750489468348606,-0.12718525826389263,-0.007128763543062691
E02000617,0.07782742208964631,-0.08654593615754529,0.05871855692443098
E02000619,-0.08322936382961732,-0.3566705207948099,0.08456735485483863
E02000620,-0.255689649149683,-0.35937748609963527,0.1127035596061761
E02000621,-0.10187072411971357,-0.2114946093883747,0.12157344147818884
E02000622,-0.024261738954441406,-0.2847111175965949,0.039784677292075514
E02000623,0.03764332000195364,-0.32546250919935543,0.022153416051717337
E02000624,-0.13049770721525683,-0.3208002976486641,0.06966096471892308
E02000625,0.09026100788513405,-0.417924122518379,0.047227279362697244
E02000626,0.16414699844414476,-0.31978615051783654,0.03012471334466687
E02000627,-0.043275905721659985,-0.2856925728059992,0.05593829153296672
E02000628,0.16116036127577096,-0.24418594101825752,0.035243808199330484
E02000629,-0.16614819744341508,-0.2901448349553456,0.11988781559383148
E02000630,-0.2057997565514892,-0.2961967774732347,0.08045223227232902
E02000631,0.06043658631533585,-0.336501351479217,0.1096007071270366
E02000632,-0.09610749570177729,-0.3643069529593887,0.10371238687880134
E02000633,-0.011332602624026453,-0.3381838888141067,0.08889576933848815
E02000634,-0.14290820856336856,-0.24576429010139686,0.05867240345666898
E02000635,0.0747692566350428,-0.3059160703754061,0.08554603053415807
E02000636,-0.17632073429057057,-0.2058307511275284,0.0680943516504716
E02000637,0.07199611126656386,-0.33885438072665985,0.11725438377835683
E02000638,0.016661883995018577,-0.3558394246888609,0.008735404496274853
E02000639,0.16756140018061016,-0.26551483792731767,0.05042935036362656
E02000640,-0.09890777218710609,-0.22816473227016865,0.07778287610126869
E02000641,0.16476221178248127,-0.27201154576042746,0.023576201632192362
E02000642,0.09719275475247638,-0.28188817293898816,0.029750072069804703
E02000643,-0.005816442339039517,-0.2669332071589704,0.012515122155710713
E02000644,0.06104323962083529,-0.31266232628557494,0.10795011211896396
E02000645,0.11493965890824472,-0.29672428379872495,0.060036611258338805
E02000646,0.06116148182835465,-0.34673758418119566,0.13491562157067533
E02000647,0.15272015150313,-0.29743707447856926,0.14120509335580156
E02000648,0.20899751681776266,-0.31016733902784427,0.10156762018775416
E02000649,0.11744476251329902,-0.3435706094389459,0.0742824354639281
E02000650,0.1079375169098123,-0.25377934256104323,0.13754986764799587
E02000651,0.14904237154681904,-0.2988647047864595,0.07641850229011958
E02000652,0.22672964065156503,-0.21244994520739088,0.15344257648206241
E02000653,0.2166151895995744,-0.2914385418887837,0.1534900827244468
E02000654,0.13917339276115434,-0.10395169574726201,0.10379351284448549
E02000655,0.19236237414630222,-0.28716504528867,0.02974695875433268
E02000657,0.09150083490279859,-0.3163671192642334,0.07488463641567356
E02000658,0.07618923482949541,-0.19160393055602815,0.01584502483380266
E02000659,-0.017984457069754423,-0.2596688676902739,0.053561048811046216
E02000660,0.09846283470063617,-0.29620567344538606,0.031556473228976166
E02000661,-0.03997578360938115,-0.20721291693754287,0.052324025924558884
E02000662,0.20292312763488315,-0.24376924791153118,0.07685913629676173
E02000663,0.14147369746211358,-0.13243154751284414,0.1501599442942439
E02000664,0.20065006349119888,-0.3453682801068688,0.10440618531604551
E02000665,0.1483532087527071,-0.22540755653631014,0.0698246623950961
E02000666,0.25477575590810575,-0.18950471758408743,0.11469228991969832
E02000667,0.20053797029495765,-0.21010363144545313,0.10526412942815369
E02000668,0.1375784038027553,-0.2587018905995218,0.06450500663944227
E02000669,0.17056227617855263,-0.24499849816611272,0.05932556057780225
E02000670,0.3090741130235954,-0.22686612162257777,0.08703375429488647
E02000671,0.09441490111736232,-0.23647121847887104,0.0820626851419938
E02000672,0.2931426981531301,-0.2756965134504993,0.08662643741678558
E02000673,0.042176513361077,-0.26437757584527455,0.10011828970798292
E02000674,0.30211144318152244,-0.14837941821352704,0.09634509899694525
E02000675,0.1533475248955016,-0.174449623478819,0.09913422391844946
E02000676,0.12379719072708524,-0.23513681178086682,0.12849013962648378
E02000677,0.21695253727517141,-0.26810823134608336,0.05017499490162861
E02000678,0.25716421791230026,-0.19984402587319416,0.0370731833552821
E02000679,0.1710399671641001,-0.2718697931470517,0.09121969059931118
E02000680,0.17648336083412938,-0.30077215773847965,0.09865063549946673
E02000681,0.3054671839622049,-0.23615632479137944,0.06286456171768429
E02000682,0.17084505892561438,-0.15473921295470258,0.027227508163782936
E02000683,0.21052207592371056,-0.14604777648363215,-0.008175623159866629
E02000685,0.1712079622876618,-0.2339977299978089,0.04848344740246321
E02000686,0.23916528167851078,-0.22934313170210616,0.021399995056391195
E02000687,0.15826406599744372,-0.22787710844993556,0.09822153280022915
E02000689,-0.1118699219198134,-0.1918563848107011,0.10979643912433082
E02000690,-0.3938843085667521,-0.15656540673930316,0.04847403703243429
E02000691,-0.16701069384773662,-0.22662100212591774,0.013323886742474627
E02000692,-0.19002480425223092,-0.2868911303089724,0.06115118458378765
E02000693,0.03880944466573218,-0.31127709733219444,0.06209297027122545
E02000694,-0.07796466690227295,-0.1744211015349789,0.11331618011180715
E02000695,0.1854636423948159,-0.1927250444020543,0.08763617705280685
E02000696,0.14989614537138318,-0.24612981677337017,0.011642852390839871
E02000697,-0.10261159200407785,-0.2638053308516434,0.06634045167609057
E02000698,-0.19644404822845027,-0.1652401766701422,0.029432332481924235
E02000699,-0.08852819537063177,-0.22175242525730507,0.10163601852921805
E02000700,0.16215433141448635,-0.3224813118888559,0.06066365984320607
E02000701,0.10596023091306847,-0.17622680882681502,0.04598875042809907
E02000702,0.1373375190728101,-0.19479870908979408,0.028986375452320863
E02000703,-0.06842209841029807,-0.18987185070112506,0.02202472453401128
E02000704,-0.05573888511009511,-0.30278123091400583,0.055158906307456526
E02000705,0.19260615269411643,-0.1676345703181638,0.0732768596905853
E02000706,0.22006349672800962,-0.12437821519456249,0.0328114616840277
E02000707,0.1598173380718852,-0.11451961001068041,-0.03257812612179042
E02000708,-0.01303849306449718,-0.17035081113401185,0.061013633852858545
E02000709,0.05463799980761293,-0.1125596855899811,0.08793484646592373
E02000710,0.12397191757362323,-0.2127191393980089,-0.0058204293022329585
E02000711,0.12161734643481194,-0.220696565083936,0.05428899876764146
E02000712,0.1519380157125506,-0.1863585908023333,0.023788922063581353
E02000713,0.11253019330929322,-0.12635452323338983,0.05794931029539507
E02000714,0.4877213737496135,-0.20620139105537236,0.08347811113220298
E02000715,0.2835366368109964,-0.19192052821458863,-0.0684816584089138
E02000716,0.41774517782626125,-0.16242393490864104,-0.11324615567355134
E02000717,0.3117054620793229,-0.22428086434359415,0.019478701257620936
E02000718,0.38049344440131283,-0.12154149334936894,-0.06828634381280962
E02000719,0.29226391100703286,-0.18940465015153107,-0.014352140229634883
E02000720,0.46400241036645506,-0.2686318807599586,-0.02440527961374829
E02000721,0.27553922321325836,-0.22318838228185506,0.09215533053574743
E02000722,0.18647783771656537,-0.2742199585596479,-0.005098004256863545
E02000723,0.35698381147832603,-0.14450928952231815,-0.05971495374178477
E02000724,0.2657885376585511,-0.20803671699427456,-0.029815889510167722
E02000725,0.2501324628142771,-0.1994604874675603,0.0426740924812472
E02000726,0.1398324025876575,-0.2040276024289114,-0.007803300593382701
E02000727,0.25011039094267634,-0.08696101757938761,-0.05689234299489258
E02000728,0.2645730084406341,-0.17683566060149913,-0.03904171228064519
E02000729,0.27552563816125636,-0.24892505668089623,-0.037268252239129614
E02000730,0.2372425337249945,-0.1609131140800878,0.15088786374773397
E02000731,0.26801719267165847,-0.157512703555851,-0.0322027674804808
E02000732,0.34598512437039136,-0.15917475164713374,-0.11283135019465551
E02000733,0.2229396978486287,-0.2764859988162164,0.06831850148230892
E02000734,0.3823521976706474,-0.2115533739776485,0.07585297903537533
E02000735,0.25928426460717413,-0.1879974264383248,0.053513276850592616
E02000736,0.2953029635586798,-0.06471505330943303,0.006443175961137607
E02000737,0.3304870466351533,-0.10379914320249752,-0.014599037660141855
E02000738,0.31436630046666464,-0.1084149787613276,0.006103408908691823
E02000739,0.33026142458229846,-0.34457757267951994,0.06118507976407466
E02000740,0.3459639462155438,-0.16853748554673517,0.03916530144948542
E02000741,0.2987818799376399,-0.2762041999040568,0.019613672265690923
E02000742,0.2426785504597069,-0.09285523244425065,-0.037402381246697466
E02000743,0.4663496308470625,-0.14386640485620059,0.03990078265672031
E02000744,0.33681618941189057,-0.2296260629375239,-0.014377749318479282
E02000745,0.20137333334444357,-0.15163750857924335,-0.0708541729747895
E02000746,0.10346935051472952,-0.14621154351181026,-0.06131819509571272
E02000747,0.03521075289563857,-0.3220029072359498,-0.010688895716612912
E02000748,0.2563032311452461,-0.14683186947497368,-0.04396606164220977
E02000749,0.4397724837188884,-0.18921094228624832,-0.0716533278792475
E02000750,0.118240611192454,-0.184168269874729,-0.060621818001920624
E02000751,0.037008744289007134,-0.1382273927966041,-0.028252854577138106
E02000752,0.25480004666503814,-0.11611022664151077,-0.019905685798736552
E02000753,0.17574305212493033,-0.08819936900107671,-0.018844330744228217
E02000754,0.08719186763342755,-0.148669618448529,0.03234743891923804
E02000755,0.15048113372138633,-0.11145432468932716,-0.018091389532607305
E02000756,0.1505820906941643,-0.1398706671661556,-0.024178960935468577
E02000757,0.002428841969130288,-0.2280253604614284,0.022385119447970833
E02000758,0.1701804593202006,-0.14073865815083628,-0.018427590378684112
E02000759,0.1182543556740194,-0.1527159716050484,-0.044265428818284
E02000760,0.13477283620314534,-0.12107106755125699,-0.027773577397520906
E02000762,0.0790238073717029,-0.1583853219788096,-0.04037950701821098
E02000763,0.19077511579644807,-0.1894793691726154,0.011895983028682233
E02000764,0.0738987537143105,-0.20059225760529492,0.018543519588292572
E02000765,0.0727544067118733,-0.1776690249654427,0.006845379480360743
E02000767,0.14813435042094658,-0.1521968192895683,0.010501707034192818
E02000768,0.10322543117569298,-0.12517498964913068,0.01675552956001392
E02000769,0.20671530485514833,-0.13450255263732083,-0.03206299307996198
E02000770,0.13828538472056157,-0.11110536633044003,-0.030027940570502343
E02000772,0.17461558968413393,-0.10252614330307096,-0.015531464126077678
E02000773,0.11788818085767837,-0.12151123292423897,-0.06255840394140447
E02000774,0.18556875885386162,-0.12380213251771925,-0.036261631769405236
E02000776,0.20916640804913134,-0.09898771273421673,-0.011769365364936259
E02000777,0.21127211472651583,-0.08297490122332295,-0.02818171101179464
E02000779,0.20146310267285636,-0.3167282113969552,-0.0903619394509412
E02000780,0.18957408529221256,-0.14064209165499206,0.0045843640544666895
E02000781,0.16682047373141953,-0.12466517675550484,-0.03945920240862776
E02000782,0.1606057021817872,-0.18442309285578717,-0.020604778252794602
E02000783,0.17401273665499245,-0.14960112632465744,-0.04577101608937831
E02000784,-0.2592144268985971,-0.27695181456393986,0.09001587543466229
E02000785,-0.24173304435927695,-0.2141763216067896,0.05883363426004251
E02000786,-0.24935123317162872,-0.2095941221018861,0.01866863072419421
E02000787,-0.155274500878105,-0.22873441422503354,0.07654627603072242
E02000788,-0.25789588532362356,-0.1808488771824431,0.016892385381665813
E02000789,-0.20011806338269242,-0.23149912896329713,0.09857041495526228
E02000790,-0.23651790582632876,-0.1898382170144321,0.0717084835070245
E02000791,-0.27450376468551324,-0.22038960174231323,0.07692365167228012
E02000792,-0.22950808258838376,-0.28325217109186535,0.018520317735308503
E02000793,-0.01761479743804416,-0.18014438947958591,0.04359046986027135
E02000794,-0.03703862364721797,-0.22750345041763276,0.03572951876271666
E02000795,-0.17290888458690035,-0.09451741014428,0.025996248549334112
E02000796,0.03422081613776433,-0.14375727659850074,0.028771770149627802
E02000797,-0.08906407485839625,-0.23320969482020507,0.026475013142316654
E02000798,-0.11026696568645072,-0.17336764765912796,0.08442995697068643
E02000799,-0.11047817853556334,-0.19504320287625884,0.015238997764135377
E02000800,0.030634055440048012,-0.16050010426088593,0.0294387745386996
E02000801,-0.1671424386406161,-0.18847751879461638,0.07354554794993066
E02000802,-0.0997433049673091,-0.16690269945342015,0.04002700354444913
E02000803,-0.04061375453012607,-0.11056364658975837,0.046330581593197896
E02000804,-0.15280064072388405,-0.18853882501130942,0.058304032239450444
E02000805,-0.13988570803397304,-0.2173739863338759,0.05283311608129726
E02000806,-0.08677322043769192,-0.16270487448778834,0.1009571333503637
E02000807,-0.08472267991950186,-0.3288370357322515,0.05544727688950914
E02000808,-0.2227106187755704,-0.33065188578007626,0.0816151312797549
E02000809,-0.3035791601344943,-0.37252443718445133,0.039858186115474335
E02000810,-0.07171125375741974,-0.28771078419381985,0.08556357242111873
E02000812,-0.14594443400637327,-0.3121010908819993,0.09951161279274498
E02000813,-0.011355961015423004,-0.3857108568144193,0.022925201281817437
E02000814,-0.02984751371159104,-0.29333649383802196,0.01369708952602636
E02000815,-0.09050944135105195,-0.23652301956058971,-0.021232350927411103
E02000816,0.1395135531411437,-0.2508433881293418,0.03081649715869525
E02000817,0.33777923463892906,-0.3150700071528345,0.04222755316455141
E02000818,0.22208975030732123,-0.24481418671265767,-0.0451850258779821
E02000819,0.0401977662900684,-0.3595594530752953,0.015417231308411423
E02000820,-0.09135149673368217,-0.28494331621506575,-0.02583486095644242
E02000821,0.425188671969984,-0.4886732738798185,0.13643312207728098
E02000822,0.1457710828915118,-0.4028198659372352,0.10154316155161593
E02000823,0.06443026560491795,-0.282836090853441,-0.0326810125269289
E02000824,0.22515683059746505,-0.1311256270438901,0.05898332612844015
E02000825,0.13777977510596012,-0.2620887134079843,0.09897556325304602
E02000826,0.16552938319998117,-0.3248756801120425,0.10737067465654905
E02000827,0.08274911145433965,-0.22963314056365833,0.04624314489128665
E02000828,0.36113039549930187,-0.23038719114647502,-0.029411791623981238
E02000829,0.2788358649958801,-0.25643381596849796,0.07939988569577254
E02000830,0.05195944460912951,-0.27221490312102004,0.08420099739279716
E02000831,0.11964956833988513,-0.24822433416184086,0.10600208691151146
E02000832,0.1531453458947612,-0.1976815817135279,0.07872302791852337
E02000833,0.13797586474265908,-0.29542595957268836,0.02109006324269595
E02000834,0.0060868371477834325,-0.23224336644671742,0.07939282501954255
E02000835,0.13232062098730507,-0.20915184397117526,0.09145677601961681
E02000836,0.016963624775849114,-0.19337774032736252,0.10633261201198348
E02000837,-0.05293366226612297,-0.10772230834412719,0.06637468725105286
E02000838,0.01039125274417173,-0.22673382595104646,0.09545742006019288
E02000839,0.08437509963831949,-0.23637403471965118,0.10525111573245859
E02000840,0.23235620614296187,-0.09556122261701412,-0.003279821310764754
E02000841,0.2364888613422347,-0.09665035365447196,0.0362347392630543
E02000842,0.11340550055547148,-0.10159648618171056,0.019237167265721923
E02000843,0.11508289703198006,-0.21062546635195925,-0.02297042167675362
E02000844,0.20147679773708876,-0.11873847329374561,0.04636673942735185
E02000845,0.025562127811249703,-0.18779953123336765,0.04072752289512073
E02000846,0.15673834602895098,-0.08023742129648495,0.030413122249207048
E02000847,0.04892054883617951,-0.15079724019383886,0.016562225593585028
E02000848,0.09794941114759713,-0.15563197616841815,0.011307403856653808
E02000849,0.158574404956762,-0.16043324934356476,-0.0025217611904381912
E02000850,0.1273011355784709,-0.15611769783101306,-0.0013203795280510588
E02000851,0.05798211001367821,-0.22011281392677917,0.0008461187710396722
E02000852,0.08850994870202646,-0.1204386191784369,0.02946151764823284
E02000853,0.1211234835011224,-0.13216732413233998,0.06004648985160709
E02000854,0.09484817878472633,-0.13483761348422016,0.007065270612731079
E02000855,0.053300419633572634,-0.1260235324377853,0.017524579697635847
E02000856,0.12511574027981748,-0.1679259983361905,-0.01005704245580948
E02000857,0.03558707045753017,-0.2191717954349811,0.0036332655783059805
E02000858,0.12610569527450308,-0.15395419564479537,0.01931342182638369
E02000859,0.011759036160545928,-0.2239092794500014,-0.03802527516498794
E02000860,-0.0352481901622013,-0.21759157691072037,0.017937641971267855
E02000861,0.05642478637837569,-0.08632944524421594,0.06245045077606188
E02000863,0.00914667414760051,-0.0788486883536823,0.003595119594201792
E02000864,0.16681291231295353,-0.22880666138521555,0.0353960235583679
E02000865,0.1167621909745451,-0.329708739587962,0.05962137147703843
E02000866,0.015129517647840403,-0.22848000501446714,0.06809122532472557
E02000867,-0.044919495053208,-0.29262752189677427,0.031370941050704385
E02000868,-0.04324657164123592,-0.2551782085323022,0.04754261426343011
E02000869,-0.10883422191945126,-0.2986316739877493,-0.05235400065470259
E02000870,0.015786454342011143,-0.29231326766267435,0.02996281502537798
E02000871,0.049393138208534214,-0.3658050498843504,0.0021508926702171927
E02000872,-0.10546236163401435,-0.4392735822780975,0.08267442921108605
E02000873,0.022376261847269603,-0.20240701869313235,0.08829997673336226
E02000874,0.12627407479651295,-0.2428943670380919,-0.021747767550996087
E02000875,-0.019689202354474713,-0.42081841989319635,0.030917316410949837
E02000876,-0.02867924855489573,-0.381224069872143,-0.09422178884294058
E02000877,0.15711410484315547,-0.29810184960436814,0.08687995567525734
E02000878,-0.1814307949962969,-0.3608388595053307,0.1394791144170008
E02000879,-0.03288366105665558,-0.27910785892060347,0.06959756223886245
E02000880,0.051234527475876646,-0.3903727676291159,0.04155470188922731
E02000881,0.1938754265875793,-0.24492537326110464,0.10902887382643953
E02000882,-0.05563849047325198,-0.2886268839537853,-0.14172938937098126
E02000883,0.02618840506428576,-0.33814213301532237,0.130553559021011
E02000884,-0.10943510203266785,-0.253793730428172,0.0822943410945289
E02000885,-0.27576005489934274,-0.3196317892629233,-5.8670282831380284e-05
E02000886,-0.12130984619441514,-0.27748515285688885,-0.006925300678171508
E02000887,0.17018236572195905,-0.39124814790387247,0.019324987222420095
E02000888,-0.20319662266785712,-0.32910782465706034,0.025065492564745273
E02000889,-0.1308748835516562,-0.30787266113667866,0.0484568171699549
E02000890,-0.22441475148445064,-0.38798582289922057,0.023521218194244624
E02000891,-0.03664781341382754,-0.3084451318537966,0.05508412137999544
E02000893,-0.059284810328672305,-0.23583817249658648,0.043764075481369395
E02000894,-0.09151942950366289,-0.29529118315233915,0.018856830134971515
E02000895,0.15356117107636502,-0.09979813077691758,-0.029061030255037413
E02000896,0.08461769852099334,-0.17843297268366817,0.011123848448898264
E02000897,0.11039705594296542,-0.16139189259718423,-0.011290541472477445
E02000898,0.17809972457528173,-0.13374799652256042,0.013925585157326092
E02000899,0.2271816944170909,-0.13263837482070784,0.023980757291121882
E02000900,0.12716223429896517,-0.09387080837680101,-0.03731188280497799
E02000901,0.21189641214267613,-0.13014478475621316,0.010453499226843976
E02000902,0.28113957230624903,-0.17418367609237687,0.028411432008097565
E02000903,0.3772676457970942,-0.15242228105738148,0.10802662232559287
E02000904,0.2797988053366691,-0.16618917355354731,0.14486310553364723
E02000905,0.4043206496744002,-0.17770983610985544,0.08704994497954921
E02000906,0.4003421313724379,-0.20499197218085502,0.12095041110770181
E02000907,0.3895649969648375,-0.21320952870852597,0.08257766669398747
E02000908,0.39320661201702267,-0.23450002875134676,0.10450625451904878
E02000909,0.2540109343760428,-0.15438074651799344,0.09172343835468266
E02000910,0.31934047886711475,-0.2529975091726011,0.09305917621703974
E02000911,0.4078021603532056,-0.25411455010969997,0.10775016849705438
E02000912,0.4441189864402261,-0.16980042923793717,0.09491593997730319
E02000913,0.31779211632838517,-0.17352419083472342,0.08988338388117569
E02000914,0.4051589907985527,-0.23909560019827275,0.13846417752423715
E02000915,0.2407549019758462,-0.20663611990460384,0.08437662167784346
E02000916,0.44247200317339497,-0.23959983057647716,0.10582787301762281
E02000917,0.4518230828825709,-0.25110879155650956,0.06648564815598287
E02000918,0.32026237477160485,-0.23051353971992697,0.08168871303071493
E02000919,0.4505321731156726,-0.18232943484650796,0.09711042167918192
E02000920,0.3117452654433941,-0.34288105294291876,0.045763894708306836
E02000921,0.38051127462937384,-0.21714136672684642,0.08906539498105118
E02000922,0.4629969204814329,-0.1734256497099798,0.08354066258397035
E02000923,-0.2972378047528127,-0.2876987806782744,0.13429983643045734
E02000924,-0.1924396935642063,-0.26569882925774047,0.10404943226219257
E02000925,-0.2288806965618372,-0.31294563781126766,0.112121691925079
E02000926,-0.2307621754213924,-0.32585806009713186,0.0314436226126347
E02000927,-0.1759963775035722,-0.2745267826186124,0.06503689833495675
E02000928,-0.25965112017770386,-0.19429824216361907,0.0920946667681178
E02000929,0.009595755961140205,-0.3748381013238872,0.05119813240272594
E02000930,-0.2287269187699831,-0.27035534661927046,0.08458124023147712
E02000931,-0.251896312777938,-0.19506249797465516,0.12016513287613236
E02000932,-0.24401060861854418,-0.2912672312950357,0.043038711653691594
E02000933,-0.21390590780535723,-0.29801536872261225,0.05855926138285606
E02000934,-0.23473582377093996,-0.3163080214824606,0.056302816253263444
E02000935,0.14384892975379857,-0.1762642283743492,-0.04612550886785938
E02000936,-0.22375740458481594,-0.29234193011693105,0.04880201691542687
E02000937,-0.2200783230175474,-0.19512591879756463,0.04838518222349046
E02000938,-0.07688264332730234,-0.2981871354892976,0.035715947557612586
E02000939,-0.28445518442870854,-0.14359025390962446,0.07190829123859538
E02000940,-0.09525903666474746,-0.2794101462387851,0.08589961854635647
E02000941,-0.17748677734351656,-0.24370925601205393,0.054158608113161325
E02000942,-0.19362873330614203,-0.19199792893657125,0.07647361028437583
E02000943,-0.17736335994364008,-0.21124814174696777,0.044599574624881254
E02000944,-0.07470642990691395,-0.29614050271454906,-0.023561608730989468
E02000945,0.30733695151109675,-0.281534925267985,-0.08485520890466443
E02000946,-0.10937814168227844,-0.23338944916222942,0.09633836905875788
E02000947,-0.16101656914850385,-0.1880391504576788,0.08574094683095576
E02000948,-0.08876192926290728,-0.2806442263470792,0.05268007788641083
E02000949,-0.1489254667868174,-0.23000687218574212,0.08367603675540357
E02000950,-0.1353485250936405,-0.28752081264497215,0.016019831956838027
E02000951,-0.1354994048808248,-0.2422622920567153,0.04328718964295029
E02000952,-0.05454525358745155,-0.20662754432718627,0.10436224179589082
E02000953,-0.14814288122594574,-0.20745103117689387,0.09221165920282322
E02000954,0.01322271993459583,-0.24337184774823822,0.08350947286814696
E02000955,0.10209530508854606,-0.27172520950491574,0.12934989335339095
E02000956,0.10468900888746872,-0.28064293040088123,0.13740500001488878
E02000957,0.0514441558312238,-0.2798391715835903,0.11712715261047313
E02000958,0.03828766342811675,-0.2365425080771931,0.09895628700320748
E02000959,0.12767463230321435,-0.2388557607218749,0.061529064718372654
E02000960,-0.4103157870319306,-0.21843396333215784,0.057004212618572324
E02000961,-0.2197676936504827,-0.17411870030559162,0.08001254797878204
E02000962,-0.4457353464458809,-0.2857206043570964,0.06097636644196027
E02000963,-0.13012154214168284,-0.22552447490011351,0.08161821787412375
E02000964,-0.11523259286053694,-0.36139327130210824,0.10553571349865612
E02000965,-0.3514304118454433,-0.30999363573239674,0.09546812346071445
E02000966,-0.38388360375212627,-0.1871416136377456,0.0410194480411761
E02000967,-0.40102630458137967,-0.26517477236266784,0.07592565586048784
E02000968,-0.1540502764470109,-0.3735132303438774,0.03458307247275499
E02000969,-0.17134394356308988,-0.29135633863443544,0.08571029117029605
E02000970,-0.44112872059515773,0.26546516512662943,0.22774072075649557
E02000971,-0.40596275667422416,-0.14193747593578243,0.053355664998887505
E02000972,-0.567780973074668,0.04064074797424904,0.13020016522550004
E02000973,-0.38595569234390203,-0.10969293377895091,0.04883840248491373
E02000974,-0.3966568837942189,-0.3082101294500101,0.03128237199677028
E02000975,-0.422497210183246,-0.2564751784536424,0.004462012136435436
E02000976,-0.38881948198506344,-0.21395468324422126,0.11701868998097469
E02000977,-0.640848337586461,0.22807229590526776,0.16549664440058326
E02000978,-0.5600225200806735,0.0318754201843024,-0.11052882879190484
E02000979,-0.4696607535549005,-0.2654234912013512,0.047211136858583864
E02000980,-0.43974361072860574,-0.2688112707433379,0.1391369159666892
E02000981,-0.3748078642206089,-0.19321544061906198,0.10805144345889453
E02000982,-0.29761018606990153,-0.23756687871083781,0.1659418977760071
E02000983,-0.38691893632201824,-0.2384255754480966,0.01759592284992217
E02000984,-0.12188275564056672,0.09846454317177897,-0.002753359096097957
E02000985,-0.14961409829408087,0.13587926399232356,-0.03615623849666479
E02000986,-0.16649172530722123,0.07087917260706496,0.012393261818163675
E02000987,-0.028124602368525275,0.09656830035976542,0.0650751277069371
E02000988,-0.051249660467902684,0.1641356643017703,0.08538627680978732
E02000989,6.841692469960399e-05,0.17662362272941487,-0.002887529642278085
E02000990,-0.08429415840451183,0.14529215355123717,0.04665987456278337
E02000991,-0.07166296235521294,0.13980564905436269,0.05230261117427489
E02000992,-0.011387877317443902,0.11497096730082165,0.012533933107065923
E02000993,0.1527694983820761,0.2158966326835344,0.06276437182116255
E02000994,-0.01420521660391472,0.11697082183925282,-0.001148685849556345
E02000995,-0.04714771613012792,0.10186472708730993,0.011678597698536469
E02000996,0.08061510234966508,0.21837101539811005,0.07696471644368547
E02000997,-0.02240433047646015,0.046516728458704845,0.06656844015097596
E02000998,-0.020373221940652157,0.20247680910287788,0.012641273940178003
E02000999,-0.12641320998252845,0.2877551870383607,0.04554092201150622
E02001000,0.10750196672234275,0.2194336906517883,0.06249317450913683
E02001001,0.005725605094820154,0.14043908067471522,0.07192196862133553
E02001002,-0.005629150329502192,0.1829227246133707,-0.006713393874488785
E02001003,-0.03123784997816604,0.08285673792975139,-0.0022051736480052857
E02001004,-0.034050372593229905,0.2866399537363245,-0.071590596186453
E02001005,0.1606626348180365,0.30047313628701916,0.14231410820098483
E02001006,-0.02950286562131742,0.2283855029846101,0.11068507460000224
E02001007,0.03242156547284839,0.1656584101009729,0.005424467260096646
E02001008,-0.09079475271549207,0.24555669719500023,0.03926458231043044
E02001009,0.0856705545266223,0.20805538519541952,0.02674223971958327
E02001010,0.02586471942082742,0.27144704393076263,0.14349010004978605
E02001011,-0.08125029537590742,0.1166654172906247,-0.05686158850419044
E02001012,0.07002503745019543,0.21968825107451456,0.06798384839663672
E02001013,-0.07988677503119505,0.1237386857232504,0.0013111208043831398
E02001014,-0.05056811596379248,0.1986611409500381,0.07389319491875777
E02001015,0.08854901311973953,0.2218685028724488,0.07959836074649074
E02001016,0.20257931045074798,0.40623209700738844,-0.015449850285864595
E02001017,0.10674480974571117,0.14054470188010385,0.049585523516712
E02001018,-0.029557308350542145,0.16988410105242177,0.0012374094690704228
E02001019,0.01128754886603708,0.1390707960908308,0.044040479274036363
E02001020,0.027124086978256644,0.06177145678102828,0.002183642324102122
E02001021,-0.1347442037688422,0.09565794498912673,0.03825160294473629
E02001022,-0.008605039475339573,0.14929501075648047,-0.017953267672764967
E02001023,-0.06968418077521746,0.15612415780476743,0.010945751530966637
E02001024,-0.021422061659425756,0.1594225882365067,0.006729280529841461
E02001025,0.11044633377788805,0.16981749132340124,-0.046051483637467826
E02001026,0.21927500426554858,0.24268418756944257,0.09281467479780899
E02001027,-0.006901143126745937,0.10665522637156798,0.03232108318376719
E02001028,0.023499646077260076,0.23095123670287224,0.06169073477439469
E02001029,-0.02067873588951197,0.23532025413719906,0.052077420023761464
E02001030,-0.08490904467286457,0.20911694076652168,-0.003148822715122843
E02001031,-0.010550828150591548,0.15257587003528703,-0.007780377453591136
E02001032,0.07377377659289434,0.2701588679624682,-0.04181990861319564
E02001033,0.182228777015674,0.27687017566101835,-0.03854205261902427
E02001034,0.26087125169974135,0.24099430018682524,0.10716143533362721
E02001035,0.1088911202631,0.16189153575684048,-0.006623361904356091
E02001036,0.08997177788255394,0.1355595714261305,0.087275641441715
E02001037,0.07966645419789409,0.13300122546876358,-0.015059500740057434
E02001038,0.09572630521086307,0.1480136659350477,-0.013128553283775109
E02001039,0.2545446106154437,0.12269075872160029,0.05740685084087534
E02001040,0.25128711695784367,0.17381383679608883,-0.002829831240813158
E02001041,0.34376786976420776,0.15682934937764853,-0.06394645878263018
E02001042,0.23304791031139718,0.10327587864244259,-0.01140676886424753
E02001043,0.2662155696566132,0.061445123687868884,-0.0074974299556543125
E02001044,0.19434568670996008,0.18225611667782285,-0.047709867551090884
E02001045,0.3432149784067097,0.2686806213603496,0.11843794372789797
E02001046,0.37767193457204884,0.4214562665844787,0.08022355705992829
E02001047,0.1672673972282959,0.31944348883557,0.0751553815339179
E02001048,0.20672255335957415,0.2729396601759873,-0.028862362829483568
E02001049,0.2321584151615463,0.24044499604450792,0.0379062466265265
E02001050,0.4413186357599223,0.2883565115032217,-0.012993061231892507
E02001051,0.4739577631666444,0.4478341809057219,-0.010349359964552622
E02001052,0.29552192912642095,0.10290470320909853,-0.09355427306575322
E02001053,0.6520544573677574,0.4326352077635927,0.17883128734366446
E02001055,0.38417102030223915,0.32985371615482656,-0.030133669625092816
E02001056,0.3455230259952528,0.3163449603345123,0.058035412843861114
E02001057,0.3865011582227861,0.057985843991453186,-0.033179397590328605
E02001059,0.5783259675908372,-0.051079139203149354,-0.08440157294734234
E02001061,0.46328750059134644,0.3291319810750137,0.03399139841221753
E02001062,0.2977271511210033,0.07367811625194298,-0.023374414428209048
E02001063,0.051302001927741946,-0.03695990517197249,-0.04548586236443167
E02001064,0.30309660669438115,0.27927594459859556,-0.07957440401820942
E02001065,0.33093422629417607,0.3187875700838513,0.055563726900376996
E02001066,0.1619747211289054,0.21408099898744942,-0.011834704123285316
E02001067,0.5616708196959119,0.31330287860473915,-0.03869327011645502
E02001068,0.29249894280802197,0.20617271545642318,-0.12198040053462726
E02001069,0.3304991973623022,0.25931212891593886,-0.049456813957294954
E02001070,0.10055425494595158,0.030072791803558565,0.10744676938685226
E02001071,0.4780824546001214,0.3182835427951301,0.044643447062916744
E02001072,0.1025118719959598,0.053680139823356204,0.0003863834128366099
E02001073,0.10032931053443621,0.008229316775075619,-0.06294033847465483
E02001074,0.13029515169171238,0.11660913259587455,-0.050860911750309136
E02001075,0.4575976140446911,0.3009156992516323,-0.0037422737055409576
E02001076,0.14277167054917472,0.05303473306497771,-0.0844007420730551
E02001077,0.10239513038518092,0.10102189890675514,-0.008307754007628171
E02001078,0.25489829022622235,0.1966587182171514,0.00021304171682346928
E02001079,0.2816903569177164,0.1114067028690682,-0.020968332782213033
E02001080,0.16972019100472,0.1112722484646584,0.02352463607855911
E02001081,0.044527865804461914,0.02150911842282988,-0.028426678672892825
E02001082,0.07634517939887189,0.03327740476393719,-0.02064916793899082
E02001083,0.06644905846302725,-0.03361486477926236,-0.02855984425313942
E02001084,0.10695362494349159,0.04600069498145556,0.029609110052546937
E02001085,0.3598118457798505,0.23072795120708336,0.06177924708987922
E02001086,0.10346298773187174,0.03830030246029756,-0.009065620624286654
E02001087,-0.03059223451652504,-0.00871440269108465,-0.05863729750396564
E02001088,0.31691909150608544,0.16715063843167266,0.07302066323220355
E02001089,0.21447949599988475,0.08532434487595933,-0.006079060651749027
E02001090,0.12621198788178742,0.05039814072082655,0.0010166154948238286
E02001091,0.13752818529699865,0.16212322043356514,0.019877336866569915
E02001092,0.24710714795155403,0.233571019170113,0.08299456136238739
E02001093,-0.047410278800799885,0.08742501994076911,-0.025852535449053908
E02001094,0.3842424957311344,0.16163519174930022,-0.018153945790734073
E02001095,0.45290869140973494,0.2701276238839028,0.016062501988973216
E02001096,0.25654460302695953,0.0655500899038535,-0.0653194423440667
E02001097,0.520357692296214,0.20717636310965584,0.0791802421763935
E02001098,-0.12632221557922493,0.24251123174536898,0.06032616149953173
E02001099,0.013768601416572053,0.07578643695867053,0.12834116929775832
E02001100,-0.09494309964528796,0.14832348885973468,-0.05131049765967853
E02001101,-0.08788065962231789,0.2043975815963447,0.04445184387620178
E02001102,-0.1574479542167731,0.1638582627785545,-0.0355861000976278
E02001103,-0.030774188607082125,0.007064113294265874,-0.009102488638251856
E02001104,-0.029563651239247063,0.08454535006721386,0.019256707995393522
E02001105,-0.10749133161809948,0.17678057918097898,0.10202474283360456
E02001106,-0.029180082252047563,0.07570114853347254,-0.06987275496909377
E02001107,-0.09985347086089104,0.301925419152106,-0.01553508247208771
E02001108,0.18531570780780376,0.27987473908108457,0.02101407672906848
E02001109,0.10698697036980874,0.3165586240944172,0.0939862865164986
E02001110,-0.10047278851912438,0.08321795280938767,0.007923068927700403
E02001111,0.34793527222004994,0.3280178342101498,-0.1035050350940536
E02001112,-0.04654449776898976,0.2516629794784793,-0.030607322961216224
E02001113,0.06644036782198098,0.2989653538647462,0.11574612303642341
E02001114,0.0911454955169287,0.136585455040989,-0.0176630154932422
E02001115,-0.07276838853693883,0.08307188207211778,0.056878903785510915
E02001116,0.06871828342319236,0.3852318000345473,0.0032165383979779
E02001117,-0.04992869635469429,0.04134964185277108,-0.03509334697970401
E02001118,-0.10936556679174443,0.11135604207358017,0.03065558468631563
E02001119,-0.06944370957400732,0.31270058467421413,0.08472428666970201
E02001121,-0.054626326472386855,0.3413079014359526,0.029994884687303342
E02001123,0.0462338474166022,0.06568508074868364,0.1450404288853533
E02001124,0.1571836598162188,0.26691315783179326,0.04533103744751475
E02001125,0.0851063994117803,0.24068570343519144,0.08218600406851598
E02001126,0.12021047320872774,0.4400617619183826,0.024136963343054603
E02001127,0.06318579788889044,0.18866354107275896,0.08696341031937871
E02001128,0.2866359022942448,0.18752771522134104,0.07221442366251798
E02001129,0.37515463559676016,0.26469889465203444,0.1108263061976753
E02001130,0.0629910201559289,0.18119057587888548,0.05973539286536601
E02001131,0.15406843256578243,0.21513591069802024,0.0719482291361908
E02001132,-0.10737948532214517,0.09973786443603187,0.03207806482755229
E02001133,-0.07372136789418504,0.26148545780814286,0.049525188617142044
E02001134,-0.023695434004243156,0.17309873500906348,0.029524500279337736
E02001135,0.14854343716332655,0.3028694156094981,-0.09387432870138031
E02001136,-0.14416815808896324,0.13986398248566057,-0.03712648216778949
E02001137,-0.05456238226048909,0.1293750181640493,-0.06590065598031074
E02001138,-0.10735139824338316,0.22409531740954303,0.024797324762340443
E02001139,-0.1909221141650526,0.3053363533796649,0.01825002767988833
E02001140,-0.02953302556960768,0.2118183182063001,-0.05447774961920734
E02001141,-0.09122172117350537,0.2747932839339078,0.04373679963293008
E02001142,-0.026593898566870208,0.10546095258391887,0.026129206549931252
E02001143,0.08892533787447494,0.22678823920110466,0.1557183202590571
E02001144,-0.032224253728286884,0.1943937253854984,-0.06750046858198416
E02001145,-0.053375110178117226,0.18181797989585852,0.03324807473222596
E02001146,-0.15905367467806944,0.22783231967443066,0.03830324880280789
E02001147,0.16161310165787876,0.25785557726746344,0.18850289086181668
E02001148,0.025932512322312966,0.22381188196833424,0.03740453690538625
E02001149,0.18877215040162185,0.2464253307568191,0.10047919443989849
E02001150,0.0987595100822671,0.2052115295658178,0.09916938567954336
E02001151,-0.027018400907602685,0.18268623206639586,0.01478752076340713
E02001152,0.21185180768639778,0.1939300085225862,0.18523957550646558
E02001153,0.3957797131609345,0.32976304282563623,0.05131926586452726
E02001154,0.11876991244103109,0.3022958074061632,0.008842624365217737
E02001155,0.130520369261709,0.10987386890203703,0.12466901356050877
E02001156,0.03931992157606544,0.17526632205272763,0.006826824206564872
E02001157,0.3225273049261607,0.3987435044350822,0.014366885595266322
E02001158,0.3210048160213553,0.2908276166538786,0.11640448111009552
E02001159,0.2640239690647026,0.2121711419811649,0.033975549937724045
E02001160,0.6665205040903813,-0.1302129815717939,0.15877620486943483
E02001161,0.09109197024455068,0.2997964658405574,-0.03024339799825183
E02001162,0.2459658844941688,0.22750085563787337,0.08565730698847195
E02001163,0.1340831917146415,0.21592001247050208,0.043349792220371636
E02001164,0.18431462640306884,0.2062272240643389,0.06787630768981402
E02001165,0.26556386349038785,0.21042635830560696,0.05588202851928922
E02001166,0.2627782322206784,0.11438284901331751,-0.037378394234124826
E02001167,0.25829556600184717,0.15135643705245244,-0.038579950169387235
E02001168,0.3130417826545277,0.2321597695547087,0.04454443613692079
E02001169,0.04554845129332604,0.16818151804779777,0.009105902994441153
E02001170,0.08286446420700296,0.10803583849657776,-0.0028556968851591942
E02001171,0.18228479896727945,0.2066421348330017,-0.006886554461312825
E02001172,0.6523929699557717,0.17992656547506683,0.09358707179723735
E02001173,0.7259397003984763,0.4068035302979705,0.06928116455349105
E02001174,0.324844572957861,0.2274164860954097,0.07953739862319019
E02001175,0.3985916351429681,0.23271680304029152,-0.01616157452647804
E02001176,0.23925011316662315,0.06718119499709052,-0.02509490252184701
E02001177,0.24028371780617314,0.13237366673478843,0.03296197241152463
E02001178,0.1110026470192874,-0.02539546534922353,0.006278298531716419
E02001179,0.5558878268289397,0.22916754596009342,-0.06434270490865317
E02001180,0.7229975855154643,0.1153752620441897,-0.09383233168427385
E02001181,0.3787247807985918,0.24324951050052057,0.06422312384984245
E02001182,0.374885528956515,0.3176664900272016,0.09460034909535311
E02001183,0.3134427726886798,0.1680967251102496,0.0094891711714424
E02001184,0.08539214248109174,-0.06535866594865498,-0.04205609032957851
E02001185,0.10404352109118706,0.16891082672822114,-0.010406968093523334
E02001186,0.18943083085049817,0.1544320885313589,0.025801099090292667
E02001187,0.19021772406745294,0.13579824376365163,0.07190520864753472
E02001188,0.20232616832223552,0.19487995548752396,0.15046357173461486
E02001189,0.15365026012571067,0.1730130733619069,0.03592369510553801
E02001190,0.4511266723646571,0.46591086231485607,0.08240005686470647
E02001191,0.025640152715630672,0.14380322253615938,-0.06023086933189002
E02001192,0.053673259586997764,0.05216020628091883,-0.021376084439161006
E02001193,0.1221117656179024,0.16806981397857812,-0.021300709435263698
E02001194,0.04394541562379967,0.026733219067930008,-0.06608651266116992
E02001195,0.13023212475320864,0.1755085097519191,0.07472424575032482
E02001196,0.07036299585521807,0.07107146534945322,0.05633430471212099
E02001197,0.1161850926154754,0.10213354828548822,0.0037262078782268598
E02001198,0.08352374059004213,0.1997376250848552,0.0005211988121225099
E02001199,0.07520600184961707,0.05171690766371462,-0.02981202782401289
E02001200,0.21907808668118403,0.18686068953515136,0.006588397569079228
E02001201,0.17341147012149782,0.11711857393783166,0.015640360343778335
E02001202,0.23342717305413452,0.2019879799904166,0.07148235150717623
E02001203,0.022612308085559953,0.1220815451074107,-0.005121455599849899
E02001204,0.19132244672466484,0.17126725521067526,0.03475630947328245
E02001205,0.13282001129708923,0.12364165942840466,0.062158814520932984
E02001206,0.10343148887993811,0.13653570960261027,0.01658660963080907
E02001207,0.1062261454580269,0.0857129841089451,0.04062144238629691
E02001208,0.16092341099719043,0.11021719645422544,0.01596007970558584
E02001209,0.16461884191222817,0.14050205558429973,0.06696120590493052
E02001210,0.15827461771267612,0.07510678773108723,0.06546138329813152
E02001211,0.08009081491722732,0.06322307357532754,-0.0010596378477472745
E02001212,0.22340714174808102,0.18346199755099002,0.06229208105609635
E02001213,0.13918524217074202,0.13078531807399102,0.059583284633483925
E02001214,0.057149978191655376,0.054570387410296406,-0.012745095835767339
E02001215,0.09155155677553559,0.105078102796792,0.0163165489785017
E02001216,0.17527138132363543,0.05959597464562898,-0.01797326623442265
E02001217,0.12195476454161634,0.00932786099291879,0.06185565119823164
E02001218,-0.020576360570014985,0.0996677192045737,-0.0025332301878995367
E02001219,0.07476936531878986,0.03061748360048594,0.021444535117578507
E02001220,0.21417443195068672,0.11059864001902314,-0.02137117770230002
E02001221,0.05109078451362767,0.06773277632589791,-0.014097893950946131
E02001222,0.09947502114369368,0.06469812842940811,-0.030835049953445187
E02001223,0.04240319707165713,0.06306900548644537,0.0028196512232770946
E02001224,0.06846441431077332,0.029900076039338207,-0.02052716607283083
E02001225,0.09915332615192543,0.05412346694982938,0.0248396998818646
E02001226,0.12927578706187645,0.06776141841024214,-0.05180363525486385
E02001227,0.05098654479543941,0.022572441959353994,-0.015633041885488176
E02001228,0.04956499223126149,-0.008689092927967837,-0.044293450072068655
E02001229,-0.05451795116671365,0.15405218274904625,0.01719999931586207
E02001230,0.04500643165576563,0.13897580327595319,0.04477383566576596
E02001231,0.044511659299739034,0.22477235155013936,0.026255907867159377
E02001232,0.06490254753646257,0.19217400558987383,0.08737460463356579
E02001233,0.08322754680909421,0.22941724195954208,-0.0208964701385969
E02001234,0.0761716757192676,0.29846721165331586,0.03647327009333433
E02001235,0.01164844614882236,0.13408148627590036,0.02775281803205314
E02001236,0.13535890345300877,0.3042839174385481,-0.005805586727940432
E02001237,-0.013347806115624953,0.13507886740134195,-0.012065144698493676
E02001238,0.177682701589297,0.1394700914744473,0.04049422198692912
E02001239,0.25096565886751043,0.2602854534148083,0.043523019696823644
E02001240,0.15029079357657088,0.2966272016830863,-0.03975261626909212
E02001241,0.20056332812071176,0.24427803635397552,-0.015482848246861327
E02001242,0.10568919043437133,0.18371929540671889,-0.03711089027327431
E02001243,-0.08259791834830651,0.08477180525022265,-0.018617976486772353
E02001244,-0.0718840232659598,0.19216493588496922,0.08041168953457514
E02001245,-0.01247514459326936,0.15907397484082747,-0.03468690200397697
E02001246,0.13164857312617884,0.1375021169958521,0.12375086410854576
E02001247,0.13036183712872867,0.21776461830464558,0.023244237352294177
E02001248,0.09011355860092109,0.17104017390512852,0.04921529588801978
E02001249,0.12242100374135055,0.22204506694958345,0.047719659338777226
E02001250,-0.057057551404044206,0.17144251796485382,0.02603067312466232
E02001251,-0.04747578992113884,0.14666057355580298,-0.027149161382930487
E02001252,0.09892844891075947,0.1912780875115618,0.04045254586767991
E02001253,0.10200825077556426,0.1174307334193687,0.06337854152726613
E02001254,0.1495533961710417,0.20623802271165265,0.03425771628254592
E02001255,0.5459972426513361,0.1960882787041407,-0.060899362084245214
E02001256,0.1008889490134614,0.14138593447052236,-0.005675480119472366
E02001257,0.12411641029460319,0.12617736716471312,-0.06221988831667499
E02001258,-0.04599968022069908,0.1257910904479152,-0.034843056987977725
E02001259,0.20896508989831153,0.20824195593178507,0.002698825607755398
E02001260,0.20992090980660377,0.13109175747134952,0.005912788310701905
E02001261,0.3029849938356955,0.12338085007304608,0.005635768650570672
E02001262,0.18632630404628228,0.09188945422802287,-0.028068910876794584
E02001263,0.17700042510045516,0.10105122335479749,0.021235801367792847
E02001264,0.2782316861248485,0.16528305920557065,0.03394707859640665
E02001265,0.21186195688855353,0.12513130979457404,0.049131940081256965
E02001266,0.29572018113899207,0.12951125698100768,0.02609020541613778
E02001267,0.2032103117113824,0.0678770019348768,-0.01996388610492206
E02001268,0.22521116058245924,0.11768212607790893,0.014916387062275148
E02001269,0.22886392114373158,0.17793649373376222,-0.024196633738662023
E02001270,0.18791417141418246,0.09301076366587775,-0.004395204699811316
E02001271,0.24050822999757132,0.14105504954044706,0.08127440754719314
E02001272,0.15845059408037762,0.11304581371796953,-0.004751868626710966
E02001273,0.09980715202798712,0.11918784755907672,-0.020152763954130834
E02001274,0.1857499001991111,0.10237971268512233,-0.02174789911743465
E02001275,0.2567196346139656,0.2943628937974923,-0.03071527045935706
E02001276,0.2646983094266334,0.10097734137288983,0.08213577779753015
E02001277,0.2355867628208104,0.1296124651181038,0.06676621737870209
E02001278,0.24055485137986776,0.09417514069955434,0.00023722994795126318
E02001279,0.2192131475853001,0.1167531540590445,0.01810646784283296
E02001280,0.10679604501035418,0.16452907893091642,-0.0008453058848952078
E02001281,0.154152720571257,0.14214805484161727,-0.01548482883476025
E02001282,0.17753812947367673,0.08330709845125996,-0.0033550593225482243
E02001283,0.0832440670410626,0.08769157849832665,-0.047913480525101936
E02001284,0.07823172320723214,0.045402650005634544,-0.03340342559252381
E02001285,0.05039516421707672,0.023664166626880322,-0.03339184414179832
E02001286,0.053844442177734674,0.04234868474887175,0.00817269178789855
E02001287,-0.13387826137035377,0.10369293100150413,0.054464922319300925
E02001288,-0.18349601208193925,0.12081698530636927,-0.008191146791863982
E02001289,-0.1775013243950037,0.06455833627036961,0.0025497659943352455
E02001290,-0.21688153347852093,0.04104634049147638,-0.12382127470016366
E02001291,-0.11732273700839754,0.08586522851670213,0.0695073005107254
E02001292,-0.23864948911869083,-0.017328589867002895,-0.011763826353430715
E02001293,-0.13802110163822573,0.11042904192821816,0.027192295409425207
E02001294,-0.1360522398950467,0.05727731840502433,-0.007972351375044803
E02001295,-0.08795704689894276,0.15042922522466584,0.030327062829341427
E02001296,0.1449319795675358,0.2557456168896173,0.10074265065024532
E02001297,-0.06321964863669476,0.1459242889024806,0.061404603300115664
E02001298,0.030851855358294208,0.1752373674791924,0.0633588057986317
E02001299,-0.08395550593485626,0.0777061062065534,-0.09945920775008851
E02001300,-0.056244898914678064,0.13887262516930934,-0.009777280889249482
E02001301,0.026680406509159003,0.0681213978563341,0.05821185795323435
E02001302,-0.08821845535127268,0.03764649896262722,-0.08445415249488435
E02001303,0.08357024423165664,0.20495932656242288,0.13938768924154354
E02001304,-0.13702945428429486,0.08634168698790852,-0.08391599778594158
E02001305,-0.03238299023281597,0.07682134530100858,0.015322603242043301
E02001306,-0.06941459430656265,0.0622144182246058,0.07772934984418742
E02001307,-0.11118157582198915,0.09931131606090114,0.036473019760259406
E02001308,0.029426417569440068,0.19845054273000323,0.05516765675176738
E02001309,0.052356591612048295,0.12267803637349449,0.026279303093756076
E02001310,-0.029671930476946645,0.16266536715218274,0.01383125370364673
E02001311,0.09988043386319832,0.21657692242725315,0.012647768606023773
E02001312,-0.05745230582151009,0.19175791519322,-0.07093206293028947
E02001313,-0.006005531774561238,0.2616155264826102,0.04572983216131924
E02001314,0.1264822674235002,0.15258801935038963,0.03942341851471756
E02001315,0.13389729808236414,0.23078346172448774,0.03305543951571881
E02001316,0.03841275031793715,0.2646863011245465,0.04951961884188195
E02001317,-0.01077746523694904,0.11394301457172518,0.03900365215241258
E02001318,-0.1082431080643448,0.13668595541372908,0.044755162623581736
E02001319,0.50373649412532,0.09643994854966506,-0.025577368049893585
E02001320,0.012945278660718797,0.1537189617346182,0.08948575683891109
E02001321,-0.1736968894251418,0.13493320671684003,-0.002439252484541555
E02001322,-0.08347512016166479,0.11687300141852501,0.088160991005163
E02001323,0.007685757375121565,0.04488718477020043,-0.004351231736751366
E02001324,0.019743435339995404,0.09128152049892921,0.08187670122243347
E02001325,-0.05396534628884411,0.1634964164914953,-0.021369614428337926
E02001326,-0.005693869838310375,0.13147309097823062,0.05638162161656562
E02001327,0.14828179762547436,0.5466535052056374,0.2292099378817881
E02001328,-0.13023583785187992,0.09522351964812333,0.05155954818574226
E02001329,-0.010849114921890732,0.2557128191806799,0.0632400556718007
E02001330,-0.14137353606233127,0.08642768244276855,-0.00031631533975362596
E02001331,-0.055951223562209856,0.14280100863472575,0.07681885383876279
E02001332,0.08609918987123834,-0.12635759926790727,0.15170820381518405
E02001333,-0.12211752616050557,0.167818538104002,0.007474903803814376
E02001334,0.5585159565310642,-0.03875422177382485,-0.26713196209836876
E02001335,-0.09071492598081118,0.1368707265874233,0.024223522572464254
E02001336,0.140279321904539,0.24473675232827913,-0.014291909429866696
E02001337,0.07670168177287735,0.2723197101666782,0.019085641889811485
E02001338,0.09022849962868049,0.21026709011295974,0.07401916189858475
E02001339,-0.08499703535342575,0.17647394705763594,-0.049231170698938884
E02001340,0.05235826142960745,0.1920782965824805,0.0026381250726182155
E02001341,0.06642907601279133,0.11619081383057367,0.01429779473184276
E02001342,-0.0423462531070798,0.10784294647606701,-0.019817391224949348
E02001343,-0.15227831757320667,0.07639858064677593,-0.0035315234166337483
E02001344,-0.0015243000012187464,-0.059190005595679836,0.08575755186950387
E02001345,-0.06973633912474851,0.02114088650951216,0.05086168442392221
E02001346,-0.1424273156608937,0.06453957445590637,-0.016283982780410624
E02001347,-0.13411750483080045,0.11349875618888816,0.12369228588386155
E02001348,-0.04695950757732097,0.10886277440110938,0.08754811402536139
E02001349,-0.19737881431559562,0.11784802531731885,-0.007019990717612922
E02001350,-0.17688950427848574,0.13807895924069521,0.12018427689173251
E02001351,0.16492784562967341,0.23462969438489498,0.08448346354347458
E02001352,-0.09838085407622717,0.22613187813935257,0.07783078593993253
E02001353,-0.07484760263607958,0.10617086698711983,-0.006203781998879912
E02001354,0.04387265494375647,0.15664725726346312,0.04641173466706864
E02001355,-0.04435534755195765,0.22572209188976375,0.04745540318905436
E02001356,0.22706771087899671,-0.08911451801668888,-0.1366498593338526
E02001357,0.10853844904698261,0.22977434208783185,-0.04190141279401213
E02001358,-0.0280089830469063,0.31986664325421293,0.08791296708315599
E02001359,-0.09801619587631015,0.1251780712040347,-0.021866918419671408
E02001360,0.2413668017954955,0.3066994384167073,-0.11149927302724995
E02001361,-0.03864153152081189,0.2478626334831442,0.09417543986324405
E02001362,-0.03979949347155904,0.14811744670137358,-0.13723119679249518
E02001363,-0.010304073581656609,0.26402024485044306,-0.0013034849224356016
E02001364,0.15457376674116638,0.33178484089921956,0.15141092331490572
E02001365,-0.09158459061947896,0.36649221870777554,-0.03826433786102199
E02001366,-0.028901212967318173,0.21569789883421206,0.05347139031118159
E02001367,-0.0288222988804162,0.11522190609357837,0.001502200499444758
E02001368,-0.0815929613892713,0.12385173466368109,0.10132546826707765
E02001369,-0.16652635160867574,-0.08343925091465729,0.025203069012262276
E02001370,-0.09954546322960338,0.25516588677148894,0.18732247924812703
E02001371,0.1616638250888586,0.27534467328104334,-0.031149806026139412
E02001372,0.009614831456007425,0.09548061690780606,0.05873715490916798
E02001373,-0.00593349943533566,0.23996963198834464,0.04789623573577649
E02001374,0.06827379626392212,0.25411357226094594,-0.008550896295857284
E02001375,-0.06340274410272556,0.15385940809891507,0.08274809427457226
E02001376,0.11537065502082272,0.16330008858250145,0.04542516549523611
E02001377,0.15358065601319656,0.010978457812271409,0.10947179650479684
E02001378,-0.18396855190743516,0.15318399599532231,-0.012623040625386276
E02001380,-0.006424918720094789,0.09661270606932851,0.03484032933394599
E02001381,-0.008049320893099234,0.1547079695375293,0.07816099487940426
E02001382,-0.011768799356761585,0.06671763428373874,0.0294594846967125
E02001383,-0.0453798769437641,-0.054555834332726864,0.02597602334810603
E02001384,-0.022377875733577725,0.17971189874820104,-0.004081249640794097
E02001385,-0.15091371978056972,0.23926511952768462,0.16493574293917343
E02001386,0.05642924916026095,0.10653045968398911,0.08592858378845777
E02001387,0.01941858667242436,0.071588282409991,-0.05043252845531069
E02001388,0.07651937431542327,0.17169996572463073,0.04854175154278833
E02001389,-0.09890494402643957,0.053663471152645054,-0.021722704048062848
E02001390,0.19666759867502195,0.3381825016118839,0.1361934649978045
E02001391,-0.021200072984646875,0.12398182443493667,0.21220384200589312
E02001392,-0.04566446347559756,0.11729292342752594,0.007801304781374959
E02001393,-0.06689383004511867,0.09182013817439458,0.005474786323942376
E02001394,-0.005420025534675969,0.11392690142135063,0.01831310748749063
E02001395,0.005571168087282828,0.15046681424591904,0.057744088045957834
E02001396,0.1005540294856872,0.1310215839164968,0.042962786399377555
E02001397,0.028866601743510502,0.0881016701629182,-0.03171081934827683
E02001398,-0.009356839359513484,0.10947089913414779,-0.01678691164382882
E02001399,0.03652442732048416,0.1380651930323317,-0.02344070663927605
E02001400,-0.06602827574392012,0.14292535272773133,0.07226666990868058
E02001401,-0.027659208808571766,0.05014925116923614,0.03323326677166973
E02001402,-0.11299096097856953,0.09532770326149727,0.013717644812377297
E02001403,0.0659718833464309,0.1377631275478601,0.0648337131515492
E02001404,0.03888479598759758,0.2886223965132003,0.09450835584946038
E02001405,0.18735310236564734,0.3145053945898872,0.1331375139185158
E02001406,-0.12529126230406687,0.07610095315975937,0.0010472077873391226
E02001407,-0.19123741750986945,0.08331838804863194,-0.0073703416792917096
E02001408,-0.10642917022433583,0.1181222411376726,0.020961530594445766
E02001409,-0.049663862162757234,0.06287309988500461,0.02159344166080641
E02001410,-0.0415923294699114,0.20598422510865935,-0.068739595851911
E02001411,-0.12942678025572799,0.1505612786375262,-0.08657504526070683
E02001412,-0.07962301927088532,0.11160646369345546,-0.03538705260877633
E02001413,0.03804010124221973,0.07788909947557933,0.18725092397194
E02001414,-0.12329388715725459,0.14454475689925708,-0.016325040965041792
E02001415,0.022476163648317813,0.10461942125807178,0.0006348705270527769
E02001416,-0.04536224990637179,0.3530136164398651,0.035774265744719126
E02001417,-0.11860178104451628,0.0407646584153533,0.10181288192482722
E02001418,0.010757180429370869,0.27650185976877895,0.0503756863677712
E02001419,-0.036482054448278664,0.14659971271673816,0.05316848748248614
E02001420,-0.002492477447206356,0.1786800943063124,-0.04689555174192629
E02001421,-0.10829040900606227,0.15580423181863196,0.0384600621445816
E02001422,0.0336272414977372,0.379475210279733,0.25539596870630155
E02001423,-0.14877488990681276,0.06714146227071692,0.07346842358331826
E02001424,-0.07080937556363313,0.12849745648163302,-0.005167880062403037
E02001425,-0.07235346274079597,0.1714711742200862,0.03381945536083347
E02001426,-0.03846887341766282,0.15857662152348517,0.08349920503534448
E02001427,-0.020603008955628388,0.15084867488013584,0.04957577245713099
E02001428,-0.1154665918615162,0.17989035538718876,0.08034091893083495
E02001429,-0.14912552195891296,0.051460245078238424,-0.05002688276228387
E02001430,-0.12160155413389848,0.031038534481277847,-0.00757170968321131
E02001431,-0.18169673512310794,-0.014167989920483964,-0.07658008328450701
E02001432,-0.2544470875356826,0.017273409183926787,-0.05398287040067363
E02001433,-0.10439571803494933,0.049473554331755744,-0.025497838325172897
E02001434,-0.08476864257044331,0.045461012061439404,0.004842436983655009
E02001435,-0.13200654564796924,0.11015340392636694,-0.048046173563835594
E02001436,-0.13799736753270647,0.013814669496866959,0.018682766525461726
E02001437,-0.05595367834913293,0.06825651030707078,-0.03653131930175684
E02001438,-0.08599263121526603,0.048856629295858926,-0.020871104891724297
E02001439,-0.1012163165835361,0.07368285219552624,0.030302761605396373
E02001440,-0.08543635404104012,0.13948219419078653,0.013070776771344073
E02001441,-0.13353083822566703,0.1268254234143463,-0.07865160015604178
E02001442,-0.11475110850750032,0.03707396836683747,-0.03605996354642475
E02001443,-0.1252381174478178,0.07729117518273143,-0.024944122739388626
E02001444,-0.1663698909628693,-0.030176931303061042,0.039286132185948376
E02001445,-0.10786386823815877,0.03601752614758591,0.032649927255068135
E02001446,-0.11669495269326918,0.05320220653914095,0.013670782154641467
E02001447,-0.13426229566137562,0.07312047840788709,0.030616340519968577
E02001448,-0.11870537195057716,0.09392035164044203,-0.005513745029765462
E02001449,-0.02359757277921563,0.06183187813197746,0.006490221068215127
E02001450,-0.05664152942935098,0.07843696173527508,0.0010382899779145074
E02001451,0.018766872512811957,0.17912419786327408,0.024954343169184007
E02001452,-0.22722309630581342,0.04455933466643911,0.058353094896371235
E02001453,-0.022820843310979444,0.09060954962125504,-0.022676025800261554
E02001454,-0.2126569112057309,0.1046179890973564,0.00652627904028891
E02001455,-0.077944055289926,0.0233943991503438,0.034471967367227706
E02001456,0.027021994125094966,0.1084447469932012,0.0071329220234290554
E02001457,-0.03853237391668861,0.1811699129363954,0.04866197763856201
E02001458,-0.010417722886590949,0.14026746072120944,-0.006917287096818147
E02001459,-0.11826764302815723,0.07431772274274027,-0.0037207644068842655
E02001460,-0.047922775213645276,0.025215199355583483,-0.11683822250888169
E02001461,-0.0054342174617444975,0.08289746887678957,0.0711633414343577
E02001462,0.0017253522884663076,0.18479831443490227,0.0711173917801373
E02001463,0.019886568429332036,0.18696329255434477,0.06716358233098824
E02001464,-0.03915951011340369,0.23928938148551215,0.06315770199808994
E02001465,0.060525802486663345,-0.1769096616884505,-0.08450611394889854
E02001466,-0.13328955619495103,0.26485445998845863,0.05820883881766728
E02001467,-0.03605427126073848,0.1485117234961333,-0.06087445637774101
E02001468,0.0330385136188635,0.14929747839448618,0.0631189841094961
E02001469,-0.13903711081396308,0.07249338521275069,0.019087082076556475
E02001470,-0.016464719258288595,0.07093127363016116,-0.05770896745544715
E02001471,-0.05231799696895746,0.18211764251664495,0.06310866111154678
E02001472,-0.13326276402818643,0.040478333101442464,-0.016141504963297384
E02001473,-0.001916966478128941,0.08545785453692624,0.019196078011343726
E02001474,-0.06003476635100806,0.20503861413903607,0.10209736358096602
E02001475,-0.2318773287253983,0.1773463818490162,0.022135817933360575
E02001476,-0.13995235086941543,0.07237495994429423,0.17839840167456839
E02001477,0.0034936889690597747,-0.17736083594934593,0.18170907863598726
E02001478,-0.15207664237280918,0.21776034054246104,-0.0030746109444619437
E02001479,-0.15301260987916532,0.11505207951094219,0.002878049195873359
E02001480,-0.05737795450459432,0.04293238728826219,-0.019329821239833803
E02001481,-0.08966380117498637,0.054860703189082254,0.014434490081745058
E02001482,-0.010423384776190436,0.21471989644327832,-0.01478197915001886
E02001483,-0.06165034608324408,0.11811898123010439,0.0064365219975207385
E02001484,-0.049068477320774975,0.06051434208039786,0.04698429745880959
E02001485,-0.04090081591599118,0.08179036678477276,-0.02324386254529003
E02001486,-0.13460614754294659,-0.02158013445035581,0.0211433961743469
E02001487,-0.15520307991345125,0.1532932369334275,0.0336088278718228
E02001488,-0.08725938392322272,0.02467072732547201,0.03881844244810863
E02001489,-0.029640101707404585,0.09382172298673919,0.01725260233285334
E02001490,-0.08702549835128316,0.09437847877859518,0.010159065225021408
E02001491,-0.07558215377967711,0.038815181888636655,0.013034919711528828
E02001492,-0.11417277471686182,0.06746601381097969,-0.004351327628443012
E02001493,-0.05927658621919105,0.1274203346476097,-0.06082381360310922
E02001494,-0.13174120127578615,0.07098286016357237,0.004995563400866394
E02001495,-0.007819610575316934,-0.01889629483170838,0.10585285875640978
E02001496,-0.099832364653755,0.08959620235067443,0.04686300137800103
E02001497,-0.19262420496669824,0.14601929977701975,0.06732790105061295
E02001498,-0.021710044358172823,0.05968147198251589,0.01732155375765352
E02001499,-0.18233501156549156,0.13301128371975443,0.04380245017871075
E02001500,-0.08279857451356179,0.09443025954308264,-0.04475649717929669
E02001501,-0.05272901826508421,0.11185376176453776,-0.025917630873059587
E02001502,-0.08618672389906024,0.041272822513372456,0.02981529001281677
E02001503,-0.07648882994328639,0.04440139567670417,0.059922962501293774
E02001504,-0.07468478797569436,0.07645964959040766,-0.005421829329933458
E02001505,-0.055641194671189026,0.04960218625584885,0.039149241119243415
E02001506,-0.12541303312216107,0.05273578676594502,0.008946345610550584
E02001507,-0.05028480418194858,0.06075109584486235,-0.017702149908794748
E02001508,-0.04009029567016746,0.03847550970458803,0.02462497096512877
E02001509,0.056067775389011795,0.07128960736951442,0.0008900150058728494
E02001510,-0.043555908716612586,0.1497829130007412,0.050135922344380385
E02001511,-0.11550812572788303,0.048177970406006125,-0.0399075010354619
E02001512,0.008946385771420708,0.11307739397806921,0.06277698752873351
E02001513,-0.16389316991041178,0.025736371222419795,0.09257364510668295
E02001514,-0.05021851943912414,0.1245254481525728,0.1311014336493669
E02001515,0.03837808495687344,0.20407884158500034,0.032943800448816965
E02001516,0.04032377445703722,0.11049176184300186,-0.07148710743637199
E02001517,-0.14316865285523653,0.10858609220448907,0.0441677114536682
E02001518,-0.11977339179337303,0.08081675885103144,0.040121837054762265
E02001519,-0.06449570975632744,0.19653638364976964,0.07619577696508366
E02001520,-0.11288134432639595,0.15531288492117687,-0.04100233561410656
E02001521,-0.18120460736220084,0.1008038317091841,0.009721867807037685
E02001522,-0.033869751811035416,0.23355195600144754,0.03247054834244961
E02001523,-0.24290782942153763,0.05932843277219697,0.01529677784154361
E02001524,-0.04014401584461303,0.23206152258986024,0.049242841348656446
E02001525,0.028031116516525453,0.10871063414328984,-0.00278903275058522
E02001526,-0.031047298040796777,0.21508183879677045,0.032532973941571605
E02001527,-0.11742768157739977,0.05586293519142755,-0.01603508396696187
E02001528,0.07633793423896511,0.08417477276199138,0.08774693548059605
E02001529,0.0035028907210349785,0.0852733342255674,0.051131102515353855
E02001530,0.047459582142931236,0.20938560938704892,0.02179771415624005
E02001531,0.050829484211094414,0.1747424628380557,0.14102788139430708
E02001532,-0.08277760193800963,0.1127258065771267,0.024366737593734786
E02001533,-0.09458223146093764,0.19123277424436952,-0.00928322735775008
E02001534,-0.10554630281154391,0.08154047519110491,0.030861054662332896
E02001535,-0.0922884568152161,0.06761198712089857,0.02210839486421307
E02001536,-0.10795354518974466,0.10943205697747407,-0.0853789412827885
E02001537,-0.14296044543999112,0.08415869768914566,-0.06778055420180744
E02001538,-0.11602314028829902,0.0767933466284507,0.17904616674297968
E02001539,-0.003071396760476138,0.267712729226434,0.11815309360648693
E02001540,-0.1472286237274661,0.10496565741358287,-0.024098613438691747
E02001541,-0.12669041940763454,0.06418223234746166,0.06038273065617959
E02001542,0.020874227438222582,0.0888302501683022,0.029309516482181372
E02001543,-0.18834020191508843,0.07963968117314284,0.0023456804288519545
E02001544,-0.14603555730094706,-0.026104140544406487,0.044957361638860466
E02001545,-0.1282368418867763,0.07886856055542832,-0.053330678059728256
E02001546,-0.1124815179517554,0.0529100397547659,0.018483864022786987
E02001547,0.02498251874273034,0.15031939755395113,0.049946503005719456
E02001548,-0.01120369331711665,0.03060460707091759,-0.0001850653081983548
E02001549,-0.08198475478865558,0.09945181670216297,0.020935747108943442
E02001550,-0.03278796063453253,0.08757838746071599,0.09850205501852849
E02001551,-0.10767165055299756,0.05673278946893537,-0.026538269244607487
E02001552,-0.21568032822644329,0.0956124594863578,0.03570971513295982
E02001553,-0.09472891011228576,0.08440564238903296,0.07044376408892088
E02001554,-0.1041414246012831,0.10118111349792148,0.05053412331864473
E02001555,-0.15787491832548392,0.06804099380901968,0.029774514928169644
E02001556,-0.07215422222226178,0.07438465260139371,0.025494662534439397
E02001557,-0.0809254985413099,0.0919773754307399,0.015339041750256377
E02001558,-0.07360279745885286,0.10808861736009236,0.051638955811252246
E02001559,-0.08696346832403039,0.08640829951894954,0.04643222902000119
E02001560,-0.16563329544212052,0.06220803808359975,-0.09436386596204609
E02001561,-0.1098486015028134,0.15243155596769556,0.08509610620078535
E02001562,-0.08883019845355156,0.1288251896268676,0.05852286363628728
E02001563,-0.08444158289697205,0.03417322553451164,0.013779048847196091
E02001564,-0.13858494610716604,0.12005204930135711,0.04367776367951835
E02001565,-0.14301825967243437,0.04562843012488229,-0.020329105052095224
E02001566,-0.16816744490501823,0.021309690256449396,-0.04714342451770011
E02001567,-0.17959157004835447,0.019966560859003796,0.022521113331075655
E02001568,0.008183734985151259,0.20326197388273426,-0.0471896783663959
E02001569,-0.1247089837600338,0.059173566456535785,-0.021846189435126225
E02001570,-0.03818803251476304,0.03032486835104359,0.0726270694062048
E02001571,-0.21994571450235703,0.05813492780349678,-0.004167851576676119
E02001572,0.11096369169488961,0.10771666519306641,-0.062205589663356466
E02001573,-0.13784571327093992,0.13864679758973364,0.05494088293240456
E02001574,-0.12100199536594297,0.11998989125125531,0.047307198500680915
E02001575,0.1775173728045061,0.1996291627895167,0.10046050956668796
E02001576,-0.0867683220316697,0.06993508634527842,0.02557510189711618
E02001577,-0.12015738093537594,0.10553246940276521,0.0006912363424760784
E02001578,-0.07696363623473468,-0.0632725222427846,0.06218778134852514
E02001579,-0.03808125982030018,0.0767235095513732,0.005522260224575821
E02001580,0.029965196790495613,0.12517004501406195,-0.025222459818655535
E02001581,-0.050343033936470584,0.19818909705395674,0.036085235671293375
E02001582,-0.03528843891165558,0.0462498276338277,0.03579174083338613
E02001583,-0.13887836645637577,0.18576283999699458,-0.019337227452560436
E02001584,-0.11085124130052099,0.06078461191956937,-0.0021954451173619056
E02001585,-0.10138267984423345,0.06411178810854923,-0.033822295272570364
E02001586,-0.10419918016847975,0.18252404206034142,-0.050497901623852204
E02001587,-0.08029176784538501,0.11745141581197899,0.08160305068113335
E02001588,-0.02754595184292516,0.0718791008154455,0.02158560618570516
E02001589,-0.13146200477908565,0.12603442436859344,0.031033387652056595
E02001590,0.046526772388028215,0.275950171071772,0.06843800051147957
E02001591,-0.09967221158763258,0.04027939876314577,0.03446605890943695
E02001592,-0.11571069629863995,0.07830073439243221,-0.004114856204983117
E02001593,-0.32702093622318873,0.11295143663675764,0.019239438018981855
E02001594,-0.21746974398004845,0.16880658901570006,0.008226129674247854
E02001595,-0.09871029662142525,0.03963510979212169,0.03776610679046844
E02001596,-0.06770003747498507,0.06751961403839749,0.045077710056057506
E02001597,-0.19311191668224728,0.06319592831293189,0.02214543872715543
E02001598,-0.10833811717310605,0.07532452341442615,0.04343786138639905
E02001599,-0.0998794086207224,0.03497705054495513,-0.046579268774226516
E02001600,-0.1161371395265047,0.06499088378390057,0.021808289236796494
E02001601,-0.04899569431422755,0.06590655405979222,-0.021241811183263896
E02001602,0.005481118884655766,0.08502582905627212,-4.757650069565573e-05
E02001603,0.09602832555556216,0.1577481776860807,-0.11602967597769363
E02001604,0.10362086188667063,0.07893901863165645,0.012398724344630413
E02001605,-0.07773417217022997,0.13616658116321395,0.03293201723112497
E02001606,0.017836069851260485,0.06911949603395968,-0.062291847457886684
E02001607,-0.08199537693681756,0.07530767305443353,0.013555155690309104
E02001608,-0.06403348318492687,-0.013174413042114409,0.023662489232221213
E02001609,-0.08819829585393774,0.078491438714081,-0.02029483373803771
E02001610,-0.0696078025583992,0.09519730183036246,0.03873872693375789
E02001611,0.07999120611722271,0.20885783664926774,0.03920553972944678
E02001612,0.08701343530020167,0.14453465921147685,0.013641606826623607
E02001613,-0.10246141559072794,0.10158015098076623,0.025743921607576613
E02001614,-0.09131937791283962,0.0812432725323205,0.013575921334133226
E02001615,-0.08704488185904452,0.05923142338997084,0.03023261358657173
E02001616,-0.006637205657598427,0.12743699473924053,-0.09118749155495863
E02001617,0.07452202771710432,0.2622363540176987,0.038971661278733694
E02001618,-0.08523381846837355,0.08211694389780307,0.008749631755317129
E02001619,0.1283001682445882,0.2034503309065671,0.016832226788722187
E02001620,0.11469160589275618,0.19647984126695192,0.0926609247901287
E02001621,0.01833718731090118,0.16351865461344262,-0.014574458961842788
E02001622,0.04969478279699503,0.09191619222609125,0.025180654485274605
E02001623,-0.018379574603672393,0.19831216418875464,0.02444563521159443
E02001624,0.022395162998052266,0.1413801606494183,-0.005098213974725095
E02001625,0.0746827155864693,0.18237154243768794,0.120589071743237
E02001626,-0.017445459812893877,0.10389009727270339,0.005040858667010833
E02001627,-0.05011048724285388,0.08918433256191022,0.05087852361053846
E02001628,-0.2743541243688064,4.113411874409672e-05,0.14941771861001943
E02001629,0.0415695186636739,0.07094858551146742,0.06795155868748914
E02001630,-0.18771788027050315,0.2117951890175731,0.031925996581934506
E02001631,-0.011516357174935056,0.12818215790302176,0.01830170553463066
E02001632,0.22240450525523486,0.29360196728929855,0.08433660934606668
E02001633,0.019260442984005463,0.06178707753714002,0.04730241630479958
E02001634,0.03123894087449575,0.10928018319628807,0.016478110457988585
E02001635,-0.015066266490374786,0.12042043220421472,0.004052429739050042
E02001636,-0.11331872019224225,0.1793860804175666,0.0691375576395245
E02001637,0.049655764911612645,0.05058996706991596,0.09173036236410044
E02001638,-0.04948906157470958,0.08396069832086278,-0.03325663827642698
E02001639,-0.07469542137411685,0.062335240106293065,-0.026663096732425357
E02001640,-0.0859325315969092,0.028690792574304368,-0.0296978014734433
E02001642,0.0023238178396110106,0.07866313692274148,0.060544128528480894
E02001643,-0.0484800748965847,0.1022348351872631,-0.014642845667967095
E02001646,-0.07584853964659026,0.10270878575101385,-0.012609439737533111
E02001647,-0.07547574388656718,0.12307943386946761,0.041060221195882145
E02001648,-0.1025633685747594,0.1285286229908726,-0.07264530634769178
E02001649,0.21422202356531403,0.21411364652703846,0.04884474844584494
E02001650,-0.07416492198157068,0.031276997628153856,-0.0833002169845498
E02001651,0.02432902755495836,0.08293932633424302,0.021316421859241912
E02001652,-0.051556756831438705,0.02251937988292773,0.0074008061343556406
E02001653,0.10033250299876964,0.10080417919830738,0.11646987616218688
E02001654,-0.039914016907744904,0.13246283660906247,0.056236226397466664
E02001655,0.049492851376558865,0.20578704792209604,0.05453981990425921
E02001656,0.051862710570523315,0.10410544290293519,0.015676099537658503
E02001657,-0.009643678678760398,0.0850578024133225,-0.026588136640988944
E02001658,0.049652276190961846,0.23671944837356348,0.13029795806536712
E02001659,0.02246583674418114,0.09063685731928663,-0.019827979880912554
E02001660,0.014466946943000153,0.1018823160641755,-0.03865891502178864
E02001661,0.06242591168580228,0.15193693514578083,-0.010915914357081849
E02001662,-0.07561113369338567,0.12047602131622984,0.03394002542825588
E02001663,0.09200215147101241,0.16936949520984185,-0.0014788723732594776
E02001664,-0.023233312185229296,0.044324554294147236,0.02719008716493527
E02001665,0.007294127382263219,0.06908781552848259,0.0237056907295948
E02001666,-0.030488295727178795,0.14688884228592977,-0.003958190666816579
E02001669,-0.026434598789689456,0.10684275040382551,0.032508348175499364
E02001670,0.13258815349643546,0.19216240431872608,-0.083858416774024
E02001671,-0.06343268541711655,0.1291559852182732,0.03359865131596633
E02001672,-0.03907648405229262,0.04647327252940578,0.037812753717650735
E02001673,-0.0927316882467595,0.12986143506517445,-0.027253955760717284
E02001674,0.04764217508577543,0.11217667888443406,0.01045826643299144
E02001675,-0.1261778470376885,0.1299170727555382,-0.07475205870000366
E02001676,0.02849110412119625,0.11343060467164386,0.020129075522022633
E02001678,-0.025369066649672097,0.10571070779720151,-0.024407373558512607
E02001679,0.05224003152224548,0.11518632085382308,0.05425452834155974
E02001680,0.016365293977695802,-0.006416884674832462,0.08152602370096965
E02001681,0.028776683668393668,0.12698322729627032,0.025879535204734176
E02001682,-0.2548537983226178,-0.04291883398702763,-0.0289762299616718
E02001683,-0.14413471610563497,-0.005115145685142911,0.03307320618821269
E02001684,-0.30655336247340725,-0.23741004030228408,0.0016955198989188954
E02001685,-0.14010213034196034,-0.026682743544035055,0.017823324679760076
E02001686,-0.14187041838720607,-0.04250284044701065,0.051498134789641145
E02001688,-0.0886958709029171,-0.1392247290459952,-0.055136675901883266
E02001689,-0.2838855577931958,0.0023620361283623516,0.020739465646957802
E02001690,-0.2740893652070437,-0.012909739240605267,0.0325013591333055
E02001691,-0.2385882723427348,0.07711204210018709,-0.001628563051075529
E02001692,-0.18180769154827908,0.00684949380645213,0.0317782764051973
E02001693,-0.14841805648578177,0.004597855945244421,-0.03527981002249642
E02001694,-0.08559037873130097,0.042004797347602756,-0.007862815808842355
E02001695,-0.3107201601448822,-0.08809471892969498,-0.010195417959741592
E02001696,-0.22789877442211948,0.035130983478384496,0.009232181351550664
E02001697,-0.29049442547594506,-0.00846251161030351,-0.05704332854377617
E02001698,-0.15734469088107286,-0.03656265905504225,-0.03949520461642752
E02001699,-0.25333622851032117,0.0721282399158669,-0.047467794524680904
E02001700,-0.19684663546551387,-0.0050424693720585905,0.012065484433920911
E02001701,-0.20031356712866544,0.009241428742767552,-0.01580060129761713
E02001702,-0.08757113917307953,0.006216908060653973,0.1148797905407082
E02001703,-0.19910927760102862,-0.03143273170946618,0.1217512408741241
E02001704,-0.1659957063791094,-0.12645883183267118,-0.023218897657999005
E02001705,-0.0812473147464122,0.015306828190136788,-0.038884402158608444
E02001706,-0.0019708555465036857,-0.14955300021784093,0.0078035189252729465
E02001707,-0.239104345234572,0.056597119648314875,-0.04033582026039614
E02001708,-0.18584791326927072,-0.038007830131965,0.013294698772681619
E02001709,-0.2498643425352197,-0.036243079024470465,-0.04664408289781253
E02001710,-0.18782901976316077,0.07640360105584934,-0.08362519872034684
E02001711,-0.10316584676636883,0.05585493154540508,-0.014138564310322007
E02001712,-0.1575482558208251,0.0071032483485402136,0.017563602436203717
E02001713,-0.1905566841065092,-0.007586517534177807,-0.051175746897005533
E02001714,-0.1499658111399065,-0.03950938066715937,0.04031213679079318
E02001715,-0.18095926407293236,-0.11996131101567671,0.03964124784613105
E02001718,-0.02370630313105389,0.18094353297280272,0.12462563766713215
E02001719,-0.12299628727909137,0.023928411213923324,0.016425936025136433
E02001720,-0.2154283808504489,-0.01078451438392199,-0.02125521796895989
E02001721,-0.2889853640636127,0.016585202283658663,-0.002121945660722782
E02001722,-0.16386356586619205,0.009524928926919122,-0.025718413138688258
E02001723,-0.11488690012391951,0.12228353475203638,0.07834476110029263
E02001724,-0.32099451259648903,-0.09175988915698256,-0.09529066574008484
E02001725,-0.101081680591957,0.042041429875394803,0.008499930677403966
E02001726,-0.179878693740062,0.017874066148989294,-0.018888783317121093
E02001727,-0.08011662570956056,0.009404488867746162,0.006520680643112256
E02001728,-0.1669060279214022,-0.029904898481715313,0.09097408250454175
E02001729,-0.16044352740515724,0.06797348548369021,-0.05614436984615317
E02001730,-0.19859956890377908,-0.06289805525358227,-0.08744380758572179
E02001731,-0.32378243819654706,-0.1485700833189713,-0.0681034112676433
E02001732,-0.054162549414680516,-0.0028651036694916036,0.0006496747325344359
E02001733,-0.17399474563026207,0.12081351980468814,-0.04746746985099197
E02001734,-0.13988961173855827,0.010617097296479356,0.009911147649831352
E02001735,-0.16671385431010913,0.20985899663796384,0.043012697409354546
E02001736,-0.2484480784549694,-0.0644694888683543,0.09332519741375718
E02001737,-0.06415064298367537,0.03152489968259997,0.10731434063789622
E02001738,-0.0003282535343291719,0.0877268894490605,0.017748033862070384
E02001739,-0.2842427000037898,-0.07244554001932577,-0.010634078898438228
E02001740,0.04921242344774231,0.16024862763384554,0.030546222163330278
E02001741,-0.19451298837712502,-0.006863598469302001,0.042652751033947785
E02001742,-0.03185401676666459,0.08390589748922726,0.030258592433720817
E02001743,-0.03142174240150119,0.18094835121461902,0.029296011723769434
E02001744,-0.1411179677203044,-0.022902235965607746,-0.05338254080323135
E02001745,-0.410834201298384,-0.03460098170503183,0.02633229256740332
E02001746,-0.04327535594081477,0.07760982296408916,0.02602268355932001
E02001747,-0.008445985965333906,0.06459004712756738,0.023829686261691754
E02001748,-0.18006795417198226,-0.020921139000322435,-0.005707142877498765
E02001749,-0.24898696157185615,-0.11615506675278808,-0.05898158181118795
E02001750,-0.058380095611214614,0.09058579623603988,-0.0008524285761025027
E02001751,-0.1066306252410509,0.06288793109425272,0.055044842151940665
E02001752,-0.1583173462749383,0.08150180370619037,-0.09538191025824413
E02001753,-0.09539856654647551,0.01615314634629131,-0.056917864354400285
E02001754,-0.10792997213480014,0.09471409963741742,-0.03103456475811276
E02001755,-0.09800060665185482,-0.048380989889706016,0.0345260787852795
E02001756,-0.19846609780862284,-0.10176935925157825,-0.0917742804250414
E02001757,-0.14889313698083168,0.010623463827291346,0.01922904506197266
E02001758,-0.18689610849360347,-0.02441292816626268,0.012481085910375677
E02001759,-0.18415674741386232,0.14553935956214292,0.030784584775029555
E02001760,-0.20691290622371458,-0.07371482374407899,-0.06342710147629017
E02001761,-0.22733151176298122,-0.03677947034542021,0.029275200395000263
E02001762,-0.22623635061626185,0.02915130009140214,0.031019070674700833
E02001763,-0.12463220172582393,0.018336132337736722,0.006117309192186248
E02001764,-0.23470681212888692,0.007268106963581722,0.06271104275603914
E02001765,-0.17761926470753103,-0.10564711324193166,0.0402768456286367
E02001766,-0.20031182657596316,0.029616586611501454,-0.0028432080083112387
E02001767,-0.17412033471170119,0.033541747686210294,0.01560120447737814
E02001768,-0.25269195805619,-0.004939781013119775,0.023168735413770482
E02001769,0.033351511950682734,-0.08965126223765262,-0.13927464480762977
E02001770,-0.31881136356621737,0.027818112967131905,-0.04520845723951978
E02001771,-0.15793274831783327,0.04240185632897938,-0.016220262849293943
E02001772,-0.08924229933760028,-0.13819829148120086,-0.1680743741410798
E02001773,-0.21758582157222758,0.048073405350699136,0.006921696743552081
E02001774,-0.19684651011049487,-0.01553530398722455,-0.13047627009966314
E02001775,-0.1293518665797316,0.08446824665531377,0.0019691653770359755
E02001776,-0.18673342447386365,-0.017129192291582284,0.0029862310788411036
E02001777,-0.17947185441335614,0.18469091823367134,-0.06816099565302726
E02001778,-0.3071255240000511,-0.07751926494167474,0.0016509842734143778
E02001779,-0.2245628972573603,0.09747451928289781,-0.19710077847340732
E02001780,-0.1546735932136848,0.11013228000629643,0.01824617906208343
E02001781,-0.27164817408292813,0.04270739795388418,0.05183331947129294
E02001782,0.006210872159584211,0.15676114125241794,0.06538427279248198
E02001783,-0.18437910673026692,0.10139412678193192,-0.022477009520428477
E02001784,-0.08544423519256442,0.03686561100252943,0.04265692532228377
E02001785,-0.096505470488186,0.1404811470772507,-0.008154106973510033
E02001786,-0.22687837934872365,0.13135672217505695,-0.02077658985657411
E02001787,-0.3501119596010725,-0.12222618962046332,-0.09965204341500834
E02001788,-0.15555509284609612,-0.07942594944018205,0.15165146824642567
E02001789,-0.21112885073495197,0.01879753330569235,0.021974188552634773
E02001790,-0.26695491607353405,-0.07124760159362206,-0.011402551467855173
E02001791,-0.15147538235924482,0.1436591031414708,0.036514298016320605
E02001792,-0.1577877253359639,0.08674261525889702,-0.05322758016654959
E02001793,-0.21617277115309882,0.039169283006148796,0.07778431083035843
E02001794,-0.09849875723786565,0.07525270937872258,-0.05993652024106121
E02001795,-0.29947429229492306,0.07681405112378659,-0.1129229481458362
E02001796,-0.26603549184217035,-0.03555594305720791,-0.00408208084067226
E02001797,-0.2881596587111301,0.0030355569052524694,-0.03662626229741312
E02001798,-0.12750283110224833,0.0275687558143904,-0.0019246876708748646
E02001799,-0.22051563337191918,-0.0015869926458016164,0.05970968772129486
E02001800,-0.47404838800708593,-0.07145135292576202,-0.1400255098930237
E02001801,-0.35822240532041,0.01987314804697898,0.016070479348922428
E02001802,-0.11451887880876833,0.11713368346081891,0.07058965468800547
E02001803,-0.3746025867799605,-0.028386550299730483,-0.05239412793300921
E02001804,-0.2862135893447911,0.05973960885497295,-0.05228545729974443
E02001805,-0.33885883166312064,0.0022811678311256277,-0.006720755379156269
E02001806,-0.2593441721617213,0.04719602995899786,0.016772172725766362
E02001807,-0.12461395264142255,-0.045300975106334164,-0.06868742939308622
E02001808,-0.36684521244363255,0.04964403948412945,-0.10202803293619024
E02001809,-0.28902045738965926,0.035889877113083245,0.08630249917017721
E02001810,-0.2685732929337857,-0.09407870207053426,-0.11546321110977403
E02001811,-0.2902228768587489,-0.020438862119765037,0.051335050161564026
E02001812,-0.37274242521834067,-0.023632541299650204,-0.05156911081306768
E02001813,-0.2285252830371748,0.0009983724575436078,0.018140786179873893
E02001814,-0.2847997863542988,0.02756103995792039,-0.09723875246867948
E02001815,-0.21223786964376018,0.03337402248002983,-0.04950884418419066
E02001816,-0.18585138011600835,-0.02842210096768086,0.01175952636086828
E02001817,-0.2303049804455846,0.0567441620793985,0.08908170628723673
E02001818,-0.26802509405640923,0.017284451829058387,-0.0466146889897763
E02001819,-0.3393720909039323,-0.003569481276949353,-0.05411292868096561
E02001820,-0.2383477235813434,0.023407909559647343,-0.0918957705257718
E02001821,-0.16242000898015496,0.14074025834226206,0.07805830366043405
E02001822,-0.1927410170473879,-0.08461273151780344,-0.005216666542797299
E02001823,0.03127077332151083,0.09192269176149438,0.16632161089150405
E02001824,-0.24452104511254508,-0.0734493720538501,0.044349677252223774
E02001825,0.009334375455237322,-0.13886131245944772,-0.053721141933060795
E02001826,0.03096020114149769,0.11797576211668036,-0.08768676416889469
E02001827,0.0558054740590349,0.034722386068899304,0.012782185618055353
E02001828,0.032750782708062025,0.04203136388382916,-0.012543739326649293
E02001829,0.09552989705229585,0.036649078292199516,-0.05195208244805876
E02001830,0.0030648925522975103,0.056040328160251625,-0.006718578848151018
E02001831,-0.001970914331267047,0.06936165992198831,-0.0032224335019004928
E02001832,0.045990400071809656,0.05986069440382665,-0.05752634434768637
E02001833,0.06071923944050496,0.09361246639022862,-0.06360468361961
E02001834,0.10832320333918875,0.13748818400646254,-0.007589292961398779
E02001835,0.020120632569676992,0.02109305578220577,-0.020734381015608812
E02001836,0.08386156311033696,0.07698043960933972,-0.001825928415166043
E02001837,0.20296648988016802,0.19915606836835734,0.025933835950716265
E02001838,-0.020850125574922083,-0.0006785644263477509,-0.02346772199908694
E02001839,0.10409046899963287,0.1320132004646556,0.023799891903479413
E02001840,0.2391960130026882,0.11171934342062463,0.0028533893793578325
E02001841,0.030844987083304257,0.07404594595286453,-0.06844646858060185
E02001842,0.08943275612611104,0.14984438998074004,0.034212723252281266
E02001843,0.1295715755807239,0.1710426225128693,0.028037198548492254
E02001844,0.05285267375528695,0.05233040636634253,-0.044469118513161696
E02001845,0.07610220371216779,0.15074635042783466,0.028075253329127352
E02001846,0.11845609390142908,0.11545322369067319,0.038256200435416984
E02001847,0.041337705620736485,0.12020372453624623,0.05271828706295918
E02001848,0.11337441009421804,0.14340827754402016,-0.013602451945306345
E02001849,0.07512717455523227,0.07209936485365537,-0.04849753876496492
E02001850,0.04063722542994796,0.19739172756732604,-0.029719330640661186
E02001851,0.02229365968807116,0.11624988266401493,-0.020526028329176837
E02001852,0.14912276636652114,0.140398206167928,-0.03336165815613687
E02001854,0.1060901266203444,0.11919051675673106,0.010096120075629272
E02001855,0.0920043067069243,0.05869535294731229,-0.012739108895315196
E02001856,0.11918671986977464,0.050056282078863264,-0.05594079647579057
E02001857,0.06978299178534492,0.05946254608448815,-0.011296295318759371
E02001858,-0.046055844647204094,-0.04615726983969988,-0.11683565237031174
E02001859,0.02541716052956876,0.25122109034578627,-0.021666873941332647
E02001860,0.0651455912341449,0.18405874524131371,0.04765445056761128
E02001861,0.03738323619542138,0.2623671466159313,0.025385505974605992
E02001862,0.08931627393552552,0.203600033328942,0.01106897834776909
E02001863,-0.07627558491657874,0.22907702684167403,-0.05295591856295647
E02001864,0.14116221800330586,0.1670460857453344,0.08135443385511534
E02001865,0.05425841012191365,0.22248182180395262,0.012533335874747167
E02001866,0.04670068136260511,0.0783706137856294,-0.03304409840049923
E02001867,-0.04625905396567165,0.12531537321725314,-0.059686937031050116
E02001868,0.13328341760558682,0.1866082654899031,-0.07369461436445497
E02001869,0.18722466978482843,0.2574654031296883,0.047388536085270445
E02001870,0.17698049577689887,0.15586165384040268,0.032087124780621146
E02001871,0.10588507723936715,0.11392464852205617,-0.06068780199215797
E02001872,0.19783464188710737,0.1508841461560968,0.05707369922091612
E02001873,0.0722867307309687,0.12472646446902999,0.013637326040455745
E02001874,0.1055735637367621,0.20561152141929703,-0.03129589153152737
E02001875,-0.01468416299221031,-0.19264804620811013,-0.13191056412479094
E02001876,-0.5029036487513097,-0.2893487980489902,-0.153314380478059
E02001877,-0.01606873576243957,0.12316162765109147,0.042803505074800345
E02001878,0.02415129902432025,0.15128459328450974,0.04584580972335348
E02001879,0.15994500681704532,0.1766535173076325,-0.049048902435020074
E02001880,0.2744995276815678,0.13576950902690585,-0.024591859084531577
E02001881,0.16124769412168272,0.2218724577458741,-0.01988382387978303
E02001882,0.16753873666119126,0.11846590550295835,-0.013675079612045006
E02001883,0.22824575955822146,0.12583705130341072,-0.032177066485395846
E02001884,0.05860031168708376,0.18410790323470827,0.06949140755636776
E02001886,0.27425442508785547,0.11794315872623078,-0.10605065395317989
E02001888,0.22821610126336023,0.17102487920039536,-0.00018103719413453302
E02001889,0.04547529559096437,0.2247692383021562,0.054006341490542405
E02001890,-0.052182326126968256,-0.020864298376720495,-0.06588578934167852
E02001892,0.16504400356502966,0.15987932420254242,0.022134084504108604
E02001893,0.14055982675374395,0.10270484916971943,0.0054287679839374586
E02001895,0.1731130395574602,0.08381613689699843,-0.032923243834758004
E02001896,0.0028196935153482704,0.17391400221234793,-0.011032739815495964
E02001897,0.00676706737803783,0.046435160116677726,0.011427901309084904
E02001898,0.14717726120111588,0.11494821754509635,-0.0059077376685893485
E02001899,0.06088390925315458,0.04124702351511258,-0.03725316417075222
E02001900,-0.19497097103620417,-0.12513581055196107,-0.05939078849409698
E02001901,-0.02931343835033496,-0.030854082728385353,-0.040884881423639975
E02001902,0.1367082594313965,0.07639116200174376,0.03220878365759461
E02001903,-0.10881773348017892,0.1431580339078775,0.023879769031596734
E02001904,0.08293702417042323,0.1592495672931023,0.028661619349517515
E02001905,-0.0394520209764076,-0.033655480937929784,-0.0223250965188326
E02001906,0.07057060558730105,0.12093146634586349,-0.017587004212243955
E02001907,0.10531314975988464,0.049719753559880564,0.016877850327930693
E02001908,0.017953111414871707,0.16680654826454602,0.01870903553698773
E02001909,-0.030035473869961256,0.1695546836993236,0.03971982996758722
E02001910,-0.03523170194702532,0.07792942987269912,-0.07925262921509577
E02001911,0.08778878745012299,0.13265923323781018,0.013156671202019639
E02001913,0.06510828375438124,0.02168086607498771,-0.13537938083802709
E02001914,0.05335061562294691,0.002163608813770634,0.030757970701842136
E02001915,-0.04849915061855371,0.020556340461757357,-0.0649237208858766
E02001916,0.12607954625917012,0.13910775230134756,0.011568689564893446
E02001918,0.02107420039640603,0.015998572563207948,-0.09875573232010135
E02001919,0.0022375405723477904,0.02568175177272428,0.012928038598452828
E02001920,0.281916675978901,0.08264254295903807,0.07770759393608188
E02001921,0.10429649852991793,0.10179276394637815,0.007917103996727768
E02001922,0.04571064434224067,0.08378751987199728,-0.020359704719767394
E02001923,-0.011266540568801633,0.11020938594352657,-0.07875604801418468
E02001924,0.10037526829468311,0.060851954830129076,0.02200884208752813
E02001925,0.11471717903293613,0.04756905663960036,-0.050608185125178944
E02001926,0.2047675445307444,0.14876023431378382,0.004269095130252123
E02001927,0.16477465576268296,0.1470273294886297,0.001421821182312774
E02001928,0.18347710068955422,0.12933930749704478,-0.06429486721943527
E02001929,0.1538045742172279,0.15576475597835723,0.015275089460415121
E02001930,0.1273153527523697,0.024586318124413212,-0.04347157185706436
E02001931,0.047954690573099104,0.03366206343516465,-0.05763454928671629
E02001932,0.20367627409748848,0.040794229331354674,0.04901811200606089
E02001933,0.21380327830266438,0.13726963736166028,0.009724355444968767
E02001934,0.06159491182080892,0.059338714720120256,-0.036621085496357446
E02001935,0.05042350930001699,0.05347938370452468,0.039738137665144044
E02001936,0.11981100264733277,0.023202238491400597,-0.04388382590706303
E02001937,0.09552890021946318,0.06532725996786261,-0.044754591417042876
E02001938,0.21122137937346158,0.11010578493766811,0.014597033778884385
E02001939,-0.06882841696503893,-0.03212519515082452,-0.04432935349519575
E02001941,0.18626674557158765,0.08898009253700363,-0.0279152395303709
E02001942,0.01931757707498015,0.06467601249477573,-0.032837521269385314
E02001943,0.14726179827847374,0.09376553462783697,-0.044993104316362706
E02001944,0.040150550046753525,-0.0036989174775440437,-0.04316854686943851
E02001945,0.1590214002657161,0.1722210614788082,0.04346486652672431
E02001946,0.060333320061673,0.19352488369501253,-0.002713681920528276
E02001947,0.11589730669161546,0.1911797399399141,-0.0472360084057433
E02001948,0.13873178364137098,0.09477575309606213,-0.0052271270440924405
E02001949,0.07190283164699596,0.07811786618358015,-0.10125039460042563
E02001950,0.10448947523520852,0.09847208321087776,0.03497869022397632
E02001951,0.22753918093666192,0.21558506205814476,0.021150425909619786
E02001952,0.16513501175839504,0.1372567641340478,0.03419002361743088
E02001953,0.05657951718115836,0.05161304982761682,0.015922098081799858
E02001954,0.17013998407612252,0.147944035704106,0.05550816464883139
E02001955,0.12707764497036242,0.10473400352938253,0.06324428784707042
E02001956,0.061760615846812736,0.09187704843134249,-0.0532769842394492
E02001957,0.14241971587162253,0.08544486830867064,0.00945396412130834
E02001958,0.14968577601652996,0.034745491216091925,0.028055607116933744
E02001959,0.15712107269878842,0.02025086446012406,-0.026966594101863403
E02001961,0.15326931138411803,0.1078174446429204,-0.038645234857864794
E02001962,0.28018448475858154,0.16888941991396808,-0.026537091103232064
E02001963,0.1365684538900145,0.04486854618073967,-0.03557184970002752
E02001964,0.24394580897148388,0.17615657347003658,0.026046427948930882
E02001965,0.10019532970847783,0.008429947921724083,0.01674208491847085
E02001966,0.15716067205979045,0.1143283510738135,0.006918180658983313
E02001967,0.1048393392403819,0.00838723675542339,-0.00844259317524035
E02001968,0.16024435108649582,0.07933197323928814,-0.00637846689136958
E02001969,0.14546153214594318,0.06141753488427316,-0.01999263619853378
E02001970,0.15313672866737718,0.10953476585142947,-0.0027194389943779747
E02001971,0.0498317840284107,0.06912383129568667,-0.03835250589631447
E02001972,0.1870620581165107,0.08101886277066846,-0.05456833429510777
E02001973,0.20674689630786602,0.06238548886870059,-0.0030217171176666097
E02001974,0.03319804248859872,0.020696401727271295,-0.033431809721519316
E02001975,0.13298791891324005,0.051225708886695684,-0.022442484861910892
E02001976,0.08578792848338525,0.04036744185274162,0.010673115633080738
E02001977,0.06389233665663566,-0.06300907623912773,-0.02198179482898481
E02001978,0.1836014225094233,0.06006624390625319,-0.01749787392330085
E02001979,0.05317175855000712,0.043021004422695595,-0.0239319898389105
E02001980,0.04657337203571271,-0.0006651948805183504,-0.03324286997903079
E02001981,0.1907250336424046,-0.08036522102238622,-0.030381893394367105
E02001982,0.07159279479413917,-0.0027894633885434963,-0.008116907283344726
E02001983,0.09707123732046598,0.024938011822898218,-0.014125309008793425
E02001984,0.1433265012053392,0.05106402453571943,-0.020768926467716983
E02001985,0.24496838699026063,-0.029601956037522734,-0.04498902878586368
E02001986,0.07680302211479738,0.15148769106692966,0.04344714750815709
E02001987,0.11517995493436538,-0.006018539015154362,-0.09809053474940305
E02001988,0.06476009006902805,-0.1341789993992435,-0.09438699015834269
E02001989,0.1609214495586489,0.062007597098331396,-0.03632675174777074
E02001990,0.1279405918457883,0.03322048273242075,-0.043113421620287556
E02001991,0.005618049162293593,-0.04436438961985293,0.008537970349236881
E02001992,0.13068146981196174,0.07703961820310197,0.06886015869832023
E02001993,0.151656555554085,-0.04907321667957228,-0.013634896547642352
E02001994,0.1539817354624701,-0.027368992240161243,-0.00976706615843413
E02001995,0.0641910227101492,-0.05368622526094797,-0.06463562541289596
E02001996,0.21658921204065731,-0.00600506517128866,0.0379732781281434
E02001997,0.058057995103941384,-0.018437326200062644,-0.09648093146847397
E02001998,0.063618737896183,-0.0014200344017215212,-0.03983789691296635
E02001999,0.10249909224877012,-0.07823188927669154,-0.07101481326419438
E02002000,0.09217808026735635,0.2586438441055743,0.06682412396536624
E02002001,0.08926169931313374,0.14017618541223376,-0.03303513492142681
E02002002,0.0029754577185873714,0.10774205938304547,-0.01013026491973135
E02002003,0.07817888915198604,0.16764443534157206,0.019413114677415282
E02002004,0.11685129353984608,0.16165997769719173,0.0789234358404049
E02002005,0.10509009406308546,0.22479678354237578,0.07165308257769325
E02002006,0.015759479727899046,0.08786953896793387,-0.024141194913457124
E02002007,0.09580513704734152,0.10948460549016538,0.017851374865375094
E02002008,-0.006799206392105267,0.15938383862583247,0.00787475686842193
E02002009,0.11466710302886422,0.2624591696332631,-0.051338525810880546
E02002010,-0.0012254989953940252,0.13488682558712814,0.05328951425416913
E02002011,-0.04588056774002996,0.13490854670150274,0.025167129159604656
E02002012,0.1349881948009144,0.2102433180233904,0.09687852240328228
E02002013,0.0476495774487713,0.12376553024073307,0.014576509451851873
E02002014,0.16310898277012814,0.21339459693934076,0.0250311440281587
E02002015,-0.008347158879447873,0.1395588324184069,-0.02039901084119813
E02002016,0.18736558808096496,0.14955552678818437,0.131505323122593
E02002017,-0.02585702648067594,0.1458578950995847,0.0407955756809809
E02002018,-0.014506529557357751,0.12108378907342363,0.03296795204553212
E02002019,0.09779731980749211,0.18422146078808457,-0.016059650915127857
E02002020,-0.004339646991816099,0.12206519516139647,0.022718041627277454
E02002021,-0.11549286019763275,0.08565717076814675,-0.02744847076417579
E02002022,0.03588580774322107,0.1859241138155387,0.049375623866022136
E02002023,-0.013133960147487678,0.08365960862095545,0.003804948297293518
E02002024,0.041573097195395835,0.1686209441469544,-0.0030318330086909658
E02002025,-0.001801711658153925,0.20834258326953203,-0.03232821200657682
E02002026,0.04814134399146844,0.08287196073299283,0.05506992737914809
E02002027,-0.03941073305836045,0.08455405255172328,0.0017109982928251572
E02002028,-0.004844959059399765,0.1474890050242381,0.024070251940017197
E02002029,0.09139661791229048,0.12074097416556023,-0.015604978278382517
E02002030,-0.022807818055773726,0.10321799175639575,-0.07592726459992857
E02002031,0.02630907161441613,0.16103297835749625,-0.02063577869128466
E02002032,0.12593372169130798,0.1014678939830469,0.018020422539958666
E02002033,0.03628793155600653,0.0894977627248945,-0.037016496119042244
E02002034,-0.03579833193155557,0.09892267021043584,-0.05302362798548089
E02002035,0.09010098376097726,0.12231764032689764,-0.03393552177882011
E02002036,0.07486111935061636,0.12172220738226089,0.10564590707500263
E02002037,0.015740372026039617,0.16005105510322226,-0.05840457695978474
E02002038,0.012246011327582686,0.07368022783003352,0.034288130857844656
E02002039,-0.11278953906880348,0.07588161313176753,-0.02798647504732407
E02002040,-0.05757861367495125,0.12765549423901892,-0.06764405041658446
E02002041,0.0026381892904876014,0.0778802073974475,-0.058181169618242934
E02002042,0.03684932917797796,0.03463660661807494,-0.0019003727445055152
E02002043,0.13060311526487042,0.2531159815884021,0.041784760666554316
E02002044,0.03600948896235461,0.20419701725073763,0.028126056161811044
E02002045,0.08648163673572223,0.2179472539070925,0.04861634057997821
E02002046,0.3796250596588249,0.26944370440460613,0.12446974180266791
E02002047,0.013843327091416694,0.23848237810640663,0.03365822314484084
E02002048,0.06241141657165242,0.10723263626213063,-0.02578496973521359
E02002049,0.04156635452520376,0.15636756257339793,0.0767160833011307
E02002051,0.3932282036283294,0.15437177226016405,0.0302639321100048
E02002052,0.2080201512945028,0.1800239652835677,0.02690907872120526
E02002053,0.03796728924878672,0.11581667222588864,0.00769029866002319
E02002054,-0.002023244805350224,0.12822284496850142,-0.05528915505775181
E02002055,0.1482574960152223,0.1979801976855754,0.03260900471114627
E02002056,0.1460795459006882,0.2630576222586542,0.029475001624961045
E02002057,0.1473710716802699,0.18161267778326076,-0.008244074965272996
E02002058,0.04664217318676163,0.1978624361646092,0.05992850350093641
E02002059,0.1427430587219635,0.16743088311193757,0.07654958933127208
E02002060,0.29709247979968983,0.0743527918911938,0.013237551496243798
E02002061,0.015855163534062227,0.19604928258181378,0.1204052167070307
E02002062,0.09569756035239692,0.2019513655438337,-0.06878744298819345
E02002063,-0.015769748936314203,0.09541953829592621,-0.07643230258278531
E02002064,0.20737590393925878,0.21035258432608503,-0.0037538016604344283
E02002065,0.13094513840423333,0.12703378627154766,0.000336854609548306
E02002066,0.11263698495671476,0.14410358692629094,0.09682470889907785
E02002067,0.11800665995683796,0.21852247022124732,-0.06173113333347833
E02002068,0.22311972336501637,0.1137840366976356,-0.05808064433411477
E02002069,0.0691102010316391,0.1284375760979724,-0.04760870820304125
E02002070,0.19613195953467935,0.1861675333425377,-0.021543320040410825
E02002071,0.17018848324224023,0.20653735312417185,-0.012771277378998384
E02002072,0.2032860203488614,0.17551093965793588,0.03940884943642296
E02002073,0.16127556602082788,0.1623382863034964,-0.05356426225508163
E02002074,0.09197812684417826,0.1956576654799109,0.047733161691157745
E02002075,0.06401421991808462,0.1594853895621482,0.006209684795343429
E02002076,0.09098538408510075,0.11906470005005249,-0.04121748297070718
E02002077,0.049836123819490714,0.11098549745214838,0.03011939981925216
E02002078,0.10975893798045624,0.12487467158681144,0.03596362402677702
E02002079,0.11666091967116966,0.1275046210147615,0.0035152301345394844
E02002080,0.11422965969548224,0.14501127462282498,-0.010201586601036573
E02002081,0.07743925297238641,0.0640484630522018,-0.03255863924504878
E02002082,0.19530706931217834,0.16427858743325907,0.025658724977013374
E02002083,0.10964332423514031,0.011908570593647652,-0.053571586940285264
E02002084,0.22588757079613667,0.1113644033013924,-0.031196118014802408
E02002085,0.21895082473767785,0.1618631622282277,-0.03931168229562331
E02002086,0.3262285874366991,-0.060422074082328206,0.00625475471896623
E02002087,0.20453458365128296,0.08067432457541528,-0.08783117982610661
E02002088,0.2006818864885196,0.11045610525804339,0.036655416872050074
E02002089,0.06699000982195431,0.04822837203330222,-0.027246459830850243
E02002090,0.11841598985386362,0.010479330343082603,0.009378066651700942
E02002091,0.12573686558381958,0.006975727687705456,-0.03219487468727978
E02002092,0.05239344942988719,-0.02159767282698902,-0.05235281324861003
E02002093,-0.023266520907015455,-0.09189346637358835,-0.03021827346484087
E02002094,-0.04447211558734943,-0.02096971441119926,-0.04645312396702584
E02002095,-0.005731258708543035,-0.032429630949263974,-0.0018910839558457032
E02002096,0.01512357714353662,0.002089102810342648,-0.055684041752951094
E02002097,-0.033454919013937066,0.0006140559059497736,0.014440677278718044
E02002098,0.08398318586021442,-0.03541946105934977,-0.06506922293547879
E02002099,0.016749660420009204,-0.0027150694373921447,-0.05073718951454073
E02002101,0.060358185883246214,-0.00031124301882745994,-0.05467993466128804
E02002102,0.01007712916893936,-0.010223536957297127,-0.01552390615626516
E02002103,0.03149675737876529,-0.06622274530533204,-0.02578073209490046
E02002104,0.032673433014004584,0.009762689505954937,-0.043935782379407935
E02002105,0.018173478476546507,-0.028534062194213772,-0.008998125859936973
E02002106,0.06017604276304484,-0.013145387834385467,-0.032513510990667766
E02002107,0.015911390133378132,-0.03689670727897346,-0.014553182883820221
E02002108,0.06870635021217932,-0.04023280729925818,-0.02124336714665832
E02002109,-0.08454926910524146,-0.02056230747872313,-0.015294022674322625
E02002110,-0.029147760548289964,0.08220133430041965,-0.07658549091621715
E02002111,-0.0361703064615579,0.18141303619177382,0.0610240232490881
E02002112,-0.01522086450118201,0.12126723490032569,-0.012858367775065731
E02002113,-0.05766834290419342,0.07960074541640147,-0.04237622706183054
E02002114,-0.015715388767934033,0.06910221163534246,0.011909396632218777
E02002115,0.13603365866814898,0.11925467656670324,-0.00716166958549866
E02002116,0.12681845885715806,0.09299422963795408,0.002885694212833172
E02002117,-0.014246255094631878,0.10999029453664759,0.011503498008634505
E02002118,0.17875787437439647,0.17767656391282538,0.13975404524863433
E02002119,0.044022169714119264,0.08656988247905976,0.054692028569737504
E02002120,0.0015600730346548844,0.08316315868197162,0.022591607398027614
E02002121,0.21301800729686354,0.21728650757263407,0.08864521755380618
E02002122,0.28980992338703526,0.018233067012274253,-0.012390261715121826
E02002123,0.05496817931936236,0.13798454543907893,0.07634474194337469
E02002124,-0.07670448518454225,0.0016498994975300031,-0.06286851519063374
E02002125,0.13672589894459278,0.12158760469401497,0.011813139644186791
E02002126,0.2297927095662763,0.23783756779181953,-0.049752413273259966
E02002127,0.33344163209074135,0.16244818678215553,-0.026215905325276536
E02002128,-0.057047978653179794,0.030387151488947,0.09441606081438157
E02002129,0.036213661090263534,0.18740434002191125,-0.04697607348139758
E02002130,0.18323622277522342,0.20505190227711934,0.05196350177606247
E02002131,0.10791149363392512,0.025490466538361154,0.0018727168434563189
E02002132,0.1273079484887641,0.0861308034950887,0.025632567007001977
E02002133,-0.024021588445083973,0.029851240823830737,0.041701466348412576
E02002134,0.14266146028836676,0.15911938160963435,0.06202302164504287
E02002135,0.04267896216496665,0.18909691056586667,0.056846368645974046
E02002136,-0.07411308426242832,0.09612191319417009,-0.012176104150889147
E02002137,0.03868473283382787,0.03377229990055478,-0.05386851427111752
E02002138,-0.07881417828841508,0.0654998926045585,0.1282921820669149
E02002139,-0.0837908562685524,-0.14070959860045545,-0.0427604588326337
E02002140,0.05006134293432118,0.20991059247215893,0.07249301120920802
E02002141,0.12000411785412035,0.06783920285625436,-0.055862490816455654
E02002142,-0.09357849042709505,0.2825524701076152,0.013230072673518299
E02002143,-0.05654763061292221,0.0462889997501678,0.022317861304186996
E02002144,-0.02896064602319274,0.1320815512415114,0.008236389324450576
E02002145,0.3198478453820317,0.20890887230252558,0.0699834612975167
E02002146,-0.02001201756552702,0.11855334430184009,0.04926291512234479
E02002147,0.19206875761421977,0.16171861119069605,0.05902725123592961
E02002148,0.01803709292855229,0.09151596744547597,0.011092260509453538
E02002149,0.00445297076011554,0.18007137717862454,0.02897856077505228
E02002150,0.02940967910379742,0.2087605868009389,0.15068651578117045
E02002151,0.10739266647791317,0.14924788851116572,0.08803564673520219
E02002152,0.13357601165676278,0.21369685422479087,0.13087538132045912
E02002153,0.04623141929544972,0.188891915672077,0.0499788031031727
E02002154,0.21539792637481606,0.24009534089134352,-0.028462399595212347
E02002155,0.41418328691902667,0.29989546140857937,0.14648069038757747
E02002156,0.07769911337037275,0.19478724066508965,0.04939814634544209
E02002157,-0.0030636165079444113,0.10442167738456118,-0.025954296820034365
E02002158,0.06429711266676276,0.22161628533106936,0.0646671462950543
E02002159,0.14457329368610788,0.2299951452542204,-0.10454458779417063
E02002160,-0.040151264020743586,0.1181079528146671,0.05863994868144343
E02002161,0.04887016183216566,0.15026590549494923,-0.10246462623847914
E02002162,-0.05572798952953851,0.0829499653425702,0.030326158060320154
E02002163,0.047709390806806445,0.1736260157003578,0.044312106225307575
E02002164,-0.05831334173842866,0.1488430452647178,-0.07644688399628972
E02002165,-0.02216105595337708,0.09354522229743481,-0.07981187165360078
E02002166,0.12691100782653544,0.17830181127172695,-0.012995480214853502
E02002167,-0.007324390667949946,0.08741428598966301,0.04755837768444279
E02002168,0.09324334315882579,0.13622554958888114,0.10695917213191634
E02002169,-0.027076515384226958,0.1357777766086106,0.019462020804737606
E02002170,0.1075355098848575,0.24418803739960107,0.011882034312740115
E02002171,0.19273023428765806,0.13082459419547554,0.06727690339504488
E02002174,-0.022793865127754137,0.10014953121269055,0.003853007246620532
E02002175,0.16784567410606055,0.30334582872754623,0.11595013134268657
E02002176,0.03866584174775311,0.14575064636661467,-0.0185901647851953
E02002177,0.2538664423762892,0.10960693877312247,0.025126881433157916
E02002178,-0.02214952421841287,0.13986385046159514,-0.01063324208972504
E02002179,-0.02106862381417726,0.12805235595880102,0.03749837207499136
E02002180,0.10492182689847049,0.20052591276437082,0.05562743993876422
E02002181,0.0824087378436855,0.3028331826292877,-0.049836113752730914
E02002182,0.1277515481787998,0.22597918745388637,-0.03159840296297171
E02002183,-0.10909682301471385,0.12059109070446643,-0.07285451371978872
E02002184,-0.019248658576685788,0.06277398233448642,-0.042160009939954064
E02002185,-0.02909514208833017,0.12466602761053265,-0.021328750157054502
E02002186,-0.11848328416920545,0.06666244968750923,0.016811552677696805
E02002187,-0.08244411633854835,0.06984895432576202,-0.01645738125204441
E02002188,-0.17092450335543857,0.08816298145601106,-0.021557734138202157
E02002189,-0.07429139151317596,0.06496154367842055,-0.005538245698804582
E02002190,-0.11202469338729247,0.09302508963338364,0.05214231508421229
E02002191,-0.028257997956987718,0.1292018968531292,0.09139332733850887
E02002192,-0.13203347126227113,0.024390781071177866,-0.07962167995232541
E02002193,-0.24582235221263812,0.11043013791587926,-0.019095991845077154
E02002194,-0.14722913279006528,0.1057424030243497,0.012381159568799028
E02002195,-0.09140026933120192,0.09229137903724782,-0.05224294853172151
E02002196,-0.20904231504406218,0.06315955270980211,-0.017315440579597368
E02002197,-0.25378111253810515,0.00015248272880507074,-0.029763498299701735
E02002198,-0.13477590747637655,0.11774457950205398,0.01716478539570451
E02002199,-0.14044639362187591,0.05041241450315578,-0.01036948667262718
E02002200,-0.12223212886156203,0.1530507460268251,-0.016423096511405538
E02002201,-0.1756320743294873,0.0285475729735802,-0.01140181495887379
E02002202,-0.2722520380308438,0.0673978853587014,-0.08334711631054388
E02002203,-0.08708511551312922,0.07155147690007714,0.03986139597283047
E02002204,-0.18462578677671188,0.03796285639144946,0.01218481981263217
E02002205,-0.18278369884923645,0.05634131701841958,-0.005433424615939102
E02002206,-0.09286347905850564,0.0697195619843847,-0.01624845372774132
E02002207,-0.39452689606900787,0.09502351662360922,-0.06764310629836234
E02002208,-0.19562649159578102,0.10611091405450117,-0.14517481645833605
E02002209,-0.04884480441252192,0.15322880352100793,-0.05853918509154587
E02002210,-0.125294241269109,0.1447052199973314,-0.03447706418628091
E02002211,-0.31343281590299127,0.11885024505781068,-0.007151216126605763
E02002212,-0.22251962861519442,0.1610490019806852,-0.00324139607408603
E02002213,-0.19809783022354918,0.04307448710185505,-0.09931831632592084
E02002214,-0.20208747756796377,0.059848658646545934,-0.0800464742802788
E02002215,-0.39986214674511245,-0.0011876695824699416,-0.05799785671493523
E02002216,-0.37024800752285686,0.23273402284800582,-0.08536186626670526
E02002217,-0.2798294167264591,0.10664961489067604,-0.036543519386102105
E02002218,-0.21293740951373824,0.10561527479885659,0.038805547900925504
E02002219,-0.39583239015409394,0.08236301862400973,-0.0911271506883137
E02002220,-0.3774934453819486,-0.04698600092998736,0.010073436196529898
E02002221,-0.37167715445485583,-0.20522168145757397,-0.12690674673374128
E02002222,-0.26110065506226277,0.03788355256314061,-0.08454254943213017
E02002223,-0.39000113489656074,0.12085743562962213,0.09524777531143602
E02002224,-0.41366507187572255,0.1386948300723812,-0.13549023952912595
E02002225,-0.29712454102673236,0.06446122213064782,-0.04709525375783678
E02002226,-0.3529382599563135,0.06779835846161508,0.0060633930300952495
E02002227,-0.36790855316403015,0.16558352770814455,-0.04612179248105021
E02002228,0.012326226017227038,-0.04022222188256762,-0.0692889444510889
E02002229,-0.2967617697967673,0.10948246115963632,0.015217283527350203
E02002230,-0.3362130210235031,-0.015029263617021008,0.1633230313911112
E02002231,-0.23794124216910054,0.052479374963342415,0.021637213952767295
E02002232,-0.3590836719061534,0.1271262205534596,-0.12172788729044168
E02002233,-0.3195217528710572,0.23749321336753312,-0.015377777439105544
E02002234,-0.09227842226500009,0.2179739719070383,0.07028982513167739
E02002235,-0.23129464206599276,0.04670007408403782,-0.016424609392653475
E02002236,-0.22099857462930916,0.10072840969305272,0.015370937162565951
E02002237,-0.10369136549984792,0.18382474255941908,-0.06071616561058884
E02002238,-0.21191800503765745,0.0697305198173715,0.0798772926101845
E02002239,-0.27460419857903307,0.1025093513674415,-0.06451696167295723
E02002240,-0.1678919984220523,0.1430142363763676,-0.011735839878257142
E02002241,-0.11101304282397863,0.11844928536427146,-0.09219453685121752
E02002242,-0.14681533164499688,0.1234460427039579,0.001058304018385047
E02002243,-0.14747011637891425,0.07981650732682279,0.05748881824344962
E02002244,-0.12293715670462772,0.037981749620384885,-0.02418174860008891
E02002245,-0.004494292217271475,0.2882287700029657,0.17798937172741952
E02002246,-0.24832945555236846,0.07507481876676302,-0.02373661955743675
E02002247,-0.1917256148593239,0.051381952507520375,0.010502994626693837
E02002248,-0.07628798015856318,0.10302190645455252,-0.018941506872279527
E02002249,-0.13771437414117796,0.023476880833340697,-0.03304313417528759
E02002250,-0.1394538667245155,0.04481255390900344,0.05927793518586099
E02002251,-0.14543786670543485,-0.05744288225617928,-0.02292222121550573
E02002252,-0.19642277154419893,0.09441048608447272,0.047900204405269986
E02002253,-0.1631458014182102,0.16672296317668464,-0.033763180878670834
E02002254,-0.16163152522994034,0.13121343047423867,-0.03196393564331837
E02002255,-0.2638639490457993,0.19526433357259848,-0.047858545521377006
E02002256,-0.04833810345216101,0.15592210351092217,-0.04455527997625509
E02002257,-0.25876325781452253,0.09482040999837646,-0.030224486221054628
E02002258,-0.1493468975582881,0.07278950259902332,-0.01308216621187212
E02002259,-0.2239303145919847,0.041762723967154504,0.07864691579149162
E02002260,-0.1640959176273052,0.13244259080340418,-0.07885953125007177
E02002261,-0.15248843128920678,0.07990624289346028,-0.02386209973823668
E02002262,-0.11681434760655257,0.04140378802583878,0.032243400091701874
E02002263,-0.135596727841356,0.040698491983739656,-0.04789939399908585
E02002264,-0.18165450550557122,0.056705046397765864,0.028425611837140343
E02002265,0.06900185554431892,0.0195909640888341,0.01925622630984371
E02002266,-0.10459192051471293,0.06725694153750898,-0.08968061433927063
E02002267,-0.13830979949113076,0.08489301058608784,-0.03802469890877878
E02002268,-0.05735085525160377,0.1217647095788099,-0.03230569853717429
E02002269,-0.17687491265428826,0.026372682839349126,-0.0024134563554945084
E02002270,-0.2086633897906365,0.07025282955357545,-0.04859095384248878
E02002271,-0.16903579693170817,0.09111264357863096,-0.02759502995377955
E02002272,-0.07722120530748255,0.06241338550303475,0.09086666270932009
E02002273,-0.11487514933450195,0.1245254295722541,-0.04944173316820851
E02002274,-0.10291703272625781,0.05548306757472042,-0.018911326317556078
E02002275,-0.11722196066484936,0.09161620356031523,-0.0270845828683644
E02002276,-0.17745042526957774,0.10613824940994177,0.05052689038544171
E02002277,-0.1955979119078552,0.08861469283963266,-0.022344682635514646
E02002278,-0.12209387619668464,0.08157523987101463,0.06774460962382635
E02002279,-0.08388127794811805,0.05538017153885857,0.02250375513277245
E02002280,-0.14417478227085898,0.07069350033926203,0.053911087925565725
E02002281,-0.10703551429712595,0.07694545259913767,0.05299307161261134
E02002282,-0.22453439331969968,0.0858780209556844,0.06361397192775907
E02002283,-0.16612037789848005,0.05906476076139968,-0.059921496921734
E02002284,-0.11173502245467397,0.07712797104602907,0.059761811184475995
E02002285,-0.11495078105151248,0.0757257049602611,-0.00916307047053747
E02002286,-0.19122238750734027,0.038618232597019755,-0.02149632822538634
E02002287,-0.3276386401048478,-0.007067836082272968,-0.06313128514209243
E02002288,-0.03663744637374452,0.06627711022178406,0.05863400217564171
E02002289,-0.07803775039821192,0.231672049175859,0.02908818363948537
E02002290,-0.14294535862962274,0.0656473640304006,0.019316939106649004
E02002291,-0.1731555242110991,0.019835690334950164,-0.03337737988389422
E02002292,-0.1292580092296915,-0.011379668598095253,0.0077104245872211576
E02002293,-0.19922947954500445,0.05606323041520156,0.020795551175027068
E02002294,-0.23064763689770962,-0.04970994331814467,-0.012277549749091189
E02002295,-0.11159912401292552,0.024578338376250817,0.006175871976828471
E02002296,-0.05192235322561377,0.09526168809170342,0.06371134196722668
E02002297,-0.2098368417902233,0.0683730509787069,-0.02077849003967887
E02002298,-0.10587871287105868,-0.017473237198967182,-0.05742674933202995
E02002299,-0.08958910230575891,0.04045382538598138,-0.0006410150085919985
E02002300,-0.09692355386680536,0.08554374172008987,0.021488519015563104
E02002301,-0.28439395285268976,-0.050156403967889895,-0.024626214256484976
E02002302,-0.08718674399243927,0.12043962716083935,-0.0880376225883254
E02002303,-0.13573073737502128,0.014433171451007495,0.01767914180247313
E02002304,-0.20762081486842301,0.0035505782861767884,0.05098444850365264
E02002305,-0.07172133147902353,0.11947171711867641,0.016889466159485528
E02002306,-0.061934001590138996,0.089211361267122,0.04333448234924069
E02002307,-0.015476837630593616,-0.034022231659828435,-0.0015015780077089005
E02002308,-0.17860607570029322,-0.007942595777376766,-0.034867558208876895
E02002309,-0.19829582140258997,0.03714886917177057,-0.006298885599512651
E02002310,-0.06786276843725977,-0.0014901074353397667,0.04087913407829993
E02002311,-0.13491192259140036,0.030206708206354755,0.040887780064530393
E02002312,-0.09583353061229052,-0.06770070135673711,0.1307465291842074
E02002313,-0.28315908337874535,0.11561569527137892,-0.011626741605975145
E02002314,-0.07854930062348499,0.08491873163695114,-0.0023552437353125096
E02002315,-0.11806223877429818,0.036798695439474366,0.018926974360317286
E02002316,-0.15756516326776504,0.10858792909582746,-0.004334726480503265
E02002317,-0.07054265402131486,0.014375885907803391,-0.00306045494829172
E02002318,-0.10908417284141522,0.07514188744437078,-0.03154987781133004
E02002319,-0.037873072643417084,0.21734291298272473,-0.06235189461595733
E02002320,-0.14047772811428771,0.012806823573106633,-0.011395073844074968
E02002321,-0.09618094554769475,0.06295295503392187,-0.054277018043857775
E02002322,-0.002116792732260441,0.08465387154854467,0.043230980040731226
E02002323,-0.0729936433162891,0.0567896547519332,0.0030170281372055674
E02002324,-0.06524107678968738,0.12342394087032466,0.014431975800734511
E02002325,-0.06450212072767916,0.031360468302121615,0.03485484402819516
E02002326,-0.055187211347025096,0.07818326268905768,-0.009436076660110317
E02002327,-0.16957766436571714,0.06731629140387935,-0.019875317064994732
E02002328,-0.055981135404756445,0.10270378702261183,-0.017582346196448797
E02002329,-0.10705520953681916,0.10353463450688498,0.016045524805780784
E02002330,-0.05469010932881184,-0.008819052921524857,-0.009576301079680457
E02002331,-0.1337733986642762,0.04986299963259808,-0.08258796218234965
E02002332,0.05828139325894314,0.07531126469104994,-0.04332112748845181
E02002333,-0.11959887990710488,0.01841098771922328,-0.057110366284935245
E02002334,-0.04926564735901039,0.021074488728068833,0.004898676943511172
E02002335,-0.11870763371616519,0.07810364610809914,0.007138501415758676
E02002336,-0.13972791022354558,0.030565420568125348,-0.07031780735413208
E02002337,-0.15056379453240562,0.10402622547000394,-0.05311953456190723
E02002338,-0.11708682102796264,0.030205991951690846,-0.05461021872495378
E02002339,-0.11843582125599676,0.061859674680762214,-0.010252506113330104
E02002340,-0.1259473580434565,0.06195222253549861,0.016021697473871173
E02002341,0.012817493203877062,0.10305244314681343,-0.0335150483523394
E02002342,-0.02344754930051614,0.08098064777001428,-0.02252722344154175
E02002343,-0.06471420801253103,0.027135361177755023,-0.04480929538078253
E02002344,-0.00022306670988577455,-0.048942588465868415,-0.05223065567949053
E02002345,-0.028562586517520066,0.05188398781173394,0.013052629944322764
E02002346,0.032379181143422905,0.0924420358214704,0.021151347567193935
E02002347,0.2518974794734191,0.21075403443284463,-0.009186194763453804
E02002348,0.0875501121093406,0.12400676069187407,-0.006971373714233057
E02002349,-0.0789534648599048,0.07492491663783053,-0.042241277459775635
E02002350,-0.04400527718856706,0.0249172373403087,0.034270619178616644
E02002351,-0.08307137784225412,0.09384509881299097,-0.019149176976177795
E02002352,-0.011632485821889856,0.03552277225274654,0.006006729060973941
E02002353,0.0865128658136653,0.10728482359116602,0.050566958202388906
E02002354,0.08707824106839465,0.010702322684454372,-0.07541020876548984
E02002356,0.001875494980796915,-0.029543985331873468,-0.06986206267301094
E02002357,-0.007387436109999274,0.06671954424134298,0.0038378400179135655
E02002358,0.10549906128871232,0.16037922804121396,-0.07735579041307064
E02002359,-0.16065614814551266,0.038021034057629494,-0.016903908015268802
E02002360,0.08870547847046531,0.07420345370497101,0.02685202192231444
E02002361,-0.012275743599100242,0.09940571796137217,0.022379562747799394
E02002362,0.1280579922435928,0.10641599674482283,0.018087966835878624
E02002363,0.01811831664625125,0.0854597345269259,-0.00012823960572662358
E02002364,0.0697335898918205,0.1504896763809237,-0.028539154440099336
E02002366,0.04469584543113909,0.08442539096404054,0.018184118456785126
E02002367,0.2754970807386921,0.09617143281268559,0.10730722944580236
E02002368,-0.04443647382340631,0.06177766424685102,-0.03240132012106838
E02002369,0.09042028646464839,0.1665097747581196,-0.0003263597941566692
E02002370,0.07673069334311843,0.07485545424994304,-0.05879432912519811
E02002371,0.09930551172640063,0.04887849352808158,0.09038854852038229
E02002373,0.043729481337178744,0.10637562565745359,-0.06537118646129789
E02002374,-0.027202086452910026,0.11982800039518483,-0.03940177120466825
E02002375,0.11852206877341138,0.24215105861989572,0.0413672937202863
E02002376,0.12352494095904963,0.11239523540282186,-0.026448090425870454
E02002377,-0.10979645517806395,0.29955725297948405,0.14857120749538208
E02002379,0.1828162408444176,0.18108443999992577,0.08581499717718297
E02002380,0.007091967094070655,0.11271077903800848,-0.04875446138374764
E02002381,-0.038446192332749686,0.06393270270908294,0.055134013460163944
E02002382,-0.21621283588122672,0.25896758388538105,-0.03692130582465733
E02002383,-0.09830878298736322,0.18460994809312065,-0.08735392298828984
E02002384,0.33391538838873924,-0.08182962731067271,-0.0598336074915307
E02002385,0.01891820792790893,0.18615230684915907,-0.05790253643697424
E02002386,0.03622060792064633,0.15563398934929915,0.004036044468349624
E02002387,0.02303389222934642,0.16194148394114813,-0.045748906644931184
E02002388,0.0988925695545324,0.12982116350289002,-0.014036270199862729
E02002389,0.1547608927118366,0.2156709535501748,-0.021486160057066883
E02002390,-0.023259894729372108,0.10390780835399806,-0.029239286722812112
E02002391,0.02381319154684099,0.05520072206094313,-0.027381983879029917
E02002392,-0.07593774534165877,-0.06597258234145684,-0.21421879222692608
E02002393,-0.04301800222862966,0.208949787868595,0.0053514054234754084
E02002394,-0.0871882544611847,0.17207967852764242,-0.06308450153595462
E02002395,-0.12774329270066628,0.1334022761466773,-0.04648677990269407
E02002396,-0.026997749757965078,0.049683788247486496,-0.10632434745934805
E02002397,-0.0683740448481343,0.07767247418180545,0.008826433977350398
E02002398,0.01971899321459179,0.0857331585354133,0.024776941306918213
E02002399,0.12777124389442907,0.2150400659298413,-0.08151431505359645
E02002400,0.031070449115001997,0.27082819814541326,0.03199479219965357
E02002401,0.15519010071538403,0.22959520221981278,0.022243306850606454
E02002402,0.034170264994250174,0.07480571470474405,-0.014591484604566315
E02002403,0.01737235129049611,0.13368091279324243,-0.01451992832397403
E02002404,0.12574563305437786,-0.4197588873804642,-0.026942439393876007
E02002405,-0.00010280433227912135,-0.009765761764825345,0.014125679222067792
E02002406,-0.018948967904492586,0.08481845621837561,-0.04882376579876505
E02002407,0.09224502230195242,0.12287897045629294,-0.012508947625170172
E02002408,-0.004220390798494039,0.07515638413630478,-0.01967358313597704
E02002409,-0.11454835644226369,0.031053531385066113,0.021162347076497137
E02002410,-0.05430720933643109,0.09239124172078506,0.02818326585718139
E02002411,0.5103779768891454,-0.0633228339378876,-0.08247584393567024
E02002412,-0.069673920298921,0.04229122213362461,0.01457035646100385
E02002414,-0.10897355085415841,0.15820018708814387,-0.03757184767471646
E02002415,0.05401807705049304,0.2613267838321905,-0.030169731369746367
E02002416,-0.0749042513374543,-0.001188234595783822,0.03209594041414186
E02002417,-0.015247039402111801,0.0483321436906995,-0.033186022411824986
E02002418,-0.061997632324731426,0.10579937115241775,0.00129924695871126
E02002419,0.07881652141703527,0.12007699883314904,0.028508724220875206
E02002420,0.02695494057850952,0.20580291791431857,0.04096234384473303
E02002421,0.17507238664980096,0.22201172821452825,-0.004434445001706644
E02002422,0.019841326906223672,0.13044337080872354,-0.04529334718247585
E02002423,0.2647300387468344,0.21524473120389695,0.06188212061317473
E02002424,-0.03709611787715365,0.12896161687063037,0.07615229658262734
E02002425,-0.07172563119885969,0.10186542025427026,0.022098768937049013
E02002426,-0.0980207778327262,0.14915133850292747,0.013320473406005371
E02002427,0.0044707495484456634,0.141594413322152,-0.01920845880763186
E02002428,0.038041192036555316,0.13027395957140822,0.08809486645399385
E02002429,-0.011368868537316484,0.1857207574563504,0.009014906153603824
E02002430,0.24624140381307036,0.18339951242316735,0.0228442526605399
E02002431,-0.08917879001789156,0.22204420444793727,0.009719878831961674
E02002432,-0.03282072304047782,0.10873344970486745,-0.03045626844430648
E02002433,-0.08124783775781111,0.031285281340655474,0.02223037159133871
E02002434,-0.2078603341481195,0.13109269909213828,0.08632361037709774
E02002435,-0.03930169565805355,0.17286042674134022,0.04379320169284667
E02002436,0.12153610149313573,0.30595811946823764,0.08293754905410382
E02002437,-0.09985614909681685,0.05174431624105667,-0.06974621654588303
E02002438,0.1487164001266088,0.02406831586432464,-0.0002508846345598108
E02002439,0.014195610003223013,0.20187104603349426,0.04231141986446457
E02002440,-0.08354725785903559,0.0626975742016222,0.07305088596785606
E02002441,0.017275983295560116,0.07814080870104313,0.06078680498379864
E02002442,-0.0424463744552545,0.04625735250043298,0.03918698990860431
E02002443,-0.0031815374618497766,0.15112591769537406,0.0463220385266997
E02002444,-0.07409723589560865,0.12185192668651523,0.00835190922900612
E02002445,-0.08501623711978329,0.10778311191831844,0.0394045260885927
E02002446,-0.0634254412263162,0.07774838475476992,0.0750603788559036
E02002447,-0.1299695205720496,0.15520961743710665,-0.03675225745985208
E02002448,0.19197770962991015,0.07758070237612118,0.08498309841536639
E02002449,-0.05715862333312323,0.13235223309054342,0.06546722339453881
E02002450,-0.11714749659069396,0.12020963318529762,-0.015227843200548492
E02002451,-0.013739261940342844,0.0907525218274839,-0.03337163613453255
E02002452,-0.10699777218352151,0.1912464842605486,-0.09445688949648649
E02002453,-0.05948796729390415,0.21968813076911525,0.05190732919654991
E02002454,-0.11040723518009771,0.07026401182510163,0.12292703399817582
E02002455,-0.08967477002558451,0.14818112514886267,0.06934490450496966
E02002456,-0.13271608103748514,0.07337002592199643,0.00330709146047417
E02002457,-0.04295289808704082,0.04721785843109749,0.019264392625321446
E02002458,-0.033847344541448596,0.1326160183432899,0.0743992171858562
E02002459,-0.04910414989738198,0.050492582762735126,-0.028054938513747366
E02002460,-0.09619906024835223,0.09380193975265544,-0.008405243852965445
E02002461,-0.12148439189673735,0.10008219988927973,0.03868772620515733
E02002462,-0.19976247018003004,0.08884593677467294,-0.030124389548705627
E02002463,-0.025044244879180114,0.16645091614734686,0.0525591657412401
E02002464,-0.03238740593180726,0.03754941104042802,-0.03501869716076973
E02002465,-0.13436718215965973,0.028864822749328053,0.05937959269087813
E02002466,-0.12616093298933914,0.11559612001932004,0.025230509265819195
E02002467,-0.05105823490370338,0.047335545975257305,-0.06261368701736313
E02002468,-0.1840282499908385,0.01188866620904846,0.10922566614458401
E02002469,-0.12322149969291274,0.20235321488910274,-0.06226292669527087
E02002470,-0.09258340742081503,0.10450446922772215,-0.0016908275392484885
E02002471,-0.15580555269859547,0.13244240145490388,-0.005167210106582573
E02002472,-0.12399679426226702,0.06422640958983653,-0.01288291123828851
E02002473,-0.07252844861923799,0.06119298705266129,0.0023650116605240983
E02002474,0.09370801444115782,-0.007611736018671226,-0.09048428866069813
E02002475,-0.23777443895572017,0.10453449576814111,0.0006364964522388556
E02002476,0.2787045474259937,0.1721059396060888,0.010656780048762441
E02002477,-0.12249227013495678,0.13689895142207384,0.07837505655622606
E02002478,0.038819833850924704,0.19191284583524262,0.023907559155665357
E02002479,-0.012903674569675689,0.13351977746781574,0.11486826421440334
E02002480,-0.08284200446663482,0.14365867083308273,-0.05763435225884672
E02002481,0.011177207334596326,0.1722510211751371,0.02312640453911531
E02002482,0.029637179320981553,0.1300659042717565,-0.13809687928216594
E02002483,-0.23129458564218214,-0.006838446269195109,-0.0036583268628755153
E02002484,-0.1958095136250403,0.12089941487944122,0.09763029873184567
E02002485,-0.37721700886588144,0.02911216757846018,-0.06014666738835597
E02002487,-0.05441626615612701,0.059308145487246285,-0.030743585871987014
E02002488,-0.2522423575786657,0.01576857880728649,0.003682535949793234
E02002489,-0.15160467149404594,0.00883874850346844,0.10724559097409002
E02002490,-0.10234949904642926,-0.10057068312659427,-0.04757615712986063
E02002491,-0.2008908219110572,-0.04336413619518119,-0.11950581630380636
E02002492,-0.2421314379791765,0.06392841756720428,0.04037445675073584
E02002493,-0.26178241223938636,-0.02729254213627894,0.03997225460587259
E02002494,-0.16706671513547153,0.19980996599074852,-0.06856261657813109
E02002496,-0.43675964588471916,-0.0164084608518882,-0.057238088487388566
E02002497,-0.1573204675368173,0.21639331299638423,0.029160075953753754
E02002498,-0.3210776443171077,0.08161130090579255,-0.00917367928788232
E02002499,-0.2056845669734271,0.15269957224902253,0.1314427194063417
E02002500,-0.37567526126621487,-0.06160102272133383,0.03298987279193282
E02002501,-0.3731821393145625,0.10282970790463569,0.009388951809102512
E02002502,-0.1947844862553673,0.1223167874577199,0.1038744081289957
E02002503,-0.2614369370451008,0.06177799074843632,-0.05984375755906845
E02002504,-0.41005555327215243,-0.0702499908867666,-0.022733447948594467
E02002505,-0.2899963786216977,0.05891203771916824,0.03597661028441816
E02002506,-0.24599247601043098,0.022207464197860183,-0.0029846221917966347
E02002507,-0.28257781208162547,0.02075066835010988,-0.003426894490914196
E02002508,-0.29106340151591453,0.08135035222099059,-0.008822516732487509
E02002509,-0.2230315234698385,-0.046725305666574214,-0.033636919180328954
E02002510,-0.27057910604825514,-0.008385787045023633,-0.013219809101555145
E02002512,-0.36426803489210535,-0.04046289671913909,0.020498238508652008
E02002513,-0.2460334515802813,-0.0016647512040981593,0.022266067133714238
E02002514,-0.3412323315459556,-0.03611881940308319,0.018895367479014356
E02002515,-0.41161095986945856,0.031225792560673937,0.042499987858968344
E02002516,-0.23784523672469007,-0.02307945162553163,-0.011313213937648238
E02002517,-0.32087885321546145,0.117632744345812,0.14202961466948727
E02002518,-0.2850685341484173,0.04782876014944007,0.03863654208621933
E02002519,-0.2634546201838126,0.041528816452808655,-0.011765898521584047
E02002520,-0.21268466836336802,0.05903605577901626,0.02715468946957065
E02002521,-0.20761722584509631,0.18869190854135137,0.040720360569008254
E02002523,-0.19238848720556753,0.06548247689722494,0.07799540517162509
E02002524,-0.15507331021083715,-0.03764146603916666,-0.032906118739341655
E02002525,-0.38790657135125095,-0.002720266201170911,0.04277441003366759
E02002526,-0.31862509946349404,0.0792361869606766,0.045484658446996104
E02002527,-0.25657826033679215,0.07841802104633162,-0.07486230147515492
E02002529,-0.2912773279833266,0.03596210154907282,0.040195974444971305
E02002530,-0.21938763243444792,-0.02376710470883125,0.09908226000123561
E02002532,-0.22920353566047108,0.08288475855326195,0.08510233734569256
E02002533,-0.29354614929590883,0.10120661793266937,0.028028349490823737
E02002534,-0.3499858116416497,0.043231986205305904,0.03666397567262169
E02002535,-0.2909300718419482,0.010103422187618815,-0.07436273730580475
E02002536,-0.23716912753969557,0.014918639195966149,0.03090531915359737
E02002537,-0.21593036494551354,-0.011251838113371923,-0.021784039577603678
E02002538,-0.24665925639796704,-0.014520080228784581,-0.016790285517603386
E02002539,-0.336330322401867,0.01214176023874316,0.008272953311286609
E02002540,-0.2748423849930789,-0.014432204071946425,-0.025874790722651347
E02002541,-0.16118562687875426,0.017950675826013014,-0.06007290632025386
E02002542,-0.18705911520528345,-0.0041156825249193335,0.03602730037480411
E02002543,-0.18689167654131397,-0.08492917948752866,-0.06777439164233179
E02002544,-0.17527969902008375,0.033338947726348045,0.07056976648207094
E02002545,-0.26416605246224595,-0.01681350216028154,-0.003917500862814342
E02002546,-0.2076628299012984,0.023568834167050422,-0.021236058157362674
E02002547,-0.2707798863938096,0.04220772934085723,-0.048425142186694484
E02002548,-0.046620267506753514,0.06891491881382014,-0.022923165690754633
E02002549,-0.2429304783595489,0.031705109464805065,-0.006362893277884624
E02002550,-0.25518969157856697,-0.002882229796319306,-0.007348946608348795
E02002551,-0.28635920593722264,-0.04130059738482521,-0.08786612538382296
E02002552,-0.4500464583407455,-0.07110205085652498,-0.024114824512290026
E02002553,-0.2723936874527222,0.02561231639837343,-0.03274176210436287
E02002554,-0.1646761758695115,-0.02376754094034211,0.04164390510018324
E02002555,-0.2917781997359875,-0.05840353757906235,-0.00268652134638216
E02002556,-0.25532309270770986,-0.012551453958763767,-0.0029210417389922924
E02002557,-0.2815451013677516,0.006806837465406996,-0.013118063642490416
E02002558,-0.32406664343303915,-0.0377934188399708,-0.0009010907707733524
E02002559,-0.31042525592882897,-0.03150848554050473,-0.030623134872628282
E02002560,-0.3139124832006211,-0.08935301377150853,-0.008550670136502014
E02002561,-0.3174445367821586,-0.0427773981606266,-0.01764010481895139
E02002562,-0.1964828857596917,0.00013978854525176674,-0.014607329538860072
E02002563,-0.275752267605565,-0.012279936079280566,0.05988592084821146
E02002564,-0.23221830844394448,-0.08118828870025684,-0.02661611287353869
E02002565,-0.2822444276177289,0.00826457918923951,0.03299163176874326
E02002566,-0.2682423470276388,0.07024425097683497,0.07042973049935644
E02002567,-0.16295597683344945,0.13748921379273896,0.12494890729048523
E02002568,-0.27182212834611147,-0.0789134963324897,-0.039161375112817996
E02002569,-0.2456580810179586,-0.023177405616115948,-0.01787716809483932
E02002570,-0.22161927883146398,0.08168788065809619,0.10720765986269308
E02002571,-0.22027796688467494,-0.008590902485924718,-0.07882814172676558
E02002572,-0.32355704730661144,0.0023113302072682814,0.007402324779225272
E02002573,-0.2632696377353384,-0.022988830780694778,-0.013360582607452844
E02002574,-0.05479350477768193,0.07954590200962462,0.002509363291262695
E02002575,-0.10343700171924139,0.07992900475612566,0.01385964560954715
E02002576,-0.08448324012302375,0.12499618823478983,0.07020528108134384
E02002577,-0.04764215076128816,0.1244861692508233,0.033948731373642356
E02002578,0.02457873497442444,0.05809900064694103,0.006288500826865018
E02002579,-0.01756723896892204,0.0772411166096497,0.043313560852006806
E02002580,-0.08533020156421263,0.05024187118548708,0.07291903488068992
E02002581,-0.19037488187984558,0.05058354996474514,-0.0853811947563095
E02002582,-0.03910399440566585,0.10230883417486383,0.05221266620817098
E02002583,0.16866166009580166,-0.09589434955268114,-0.014970505054394097
E02002584,0.03756729608287376,0.14492569976950173,-0.0020034263469626977
E02002585,-0.1202638854515208,0.19799655888538295,-0.02388057719778325
E02002586,-0.09520352253455769,0.24659203877901573,0.024975399221316887
E02002587,-0.058631437998091375,0.016170942020280934,0.0737789181331172
E02002588,-0.08265167212985469,0.10527546812053563,0.13683206897433317
E02002589,-0.09256720634551012,0.1138685078677964,0.03792298819417486
E02002590,-0.09591425788612014,0.1390617551484969,-0.032807154347375016
E02002591,0.017583456001347204,0.06980779004033259,-0.07284715031382528
E02002592,-0.1867862633681438,0.065969485887862,0.07036146920904897
E02002593,-0.05434141051562933,0.16479058016091233,0.011973993617271379
E02002594,0.05294197998135256,0.0607213250363067,0.021953880442073456
E02002595,0.16394257747226754,0.23770584315921356,0.02144226114978184
E02002596,0.010976224334424403,0.1315797040384556,-0.010603371015104631
E02002597,0.07596068034516763,0.24483715905627226,0.08527174195426768
E02002598,-0.08231818827331877,0.15391011135975505,-0.007901876152563065
E02002599,-0.07971444153126937,0.14277327215939656,0.06290416951652411
E02002600,0.05520129623044086,0.19958727366702406,0.05319112898162706
E02002601,0.023167327592048172,0.13229778542773105,-0.017346642048906947
E02002602,0.08843983888090173,0.20750325584386414,0.04848180119002837
E02002603,0.11110258434995543,0.22790736436330203,0.06495305554739551
E02002604,0.027877220991598988,0.2031449987443468,0.035341851848151494
E02002605,0.01775693631803507,0.1850825346410865,0.0544637662937075
E02002606,-0.025217942593204413,0.07022449955879505,0.06464863005856777
E02002607,-0.08728570804312219,0.0873239744063086,-0.04597949023427784
E02002608,0.05208028400708143,0.13457883387280362,0.07915650288161463
E02002609,0.07177236266329348,0.09692725657123287,0.02953396454931795
E02002610,-0.0853029949031619,0.026893260508890543,-0.024952064237194743
E02002611,-0.03894188357486802,0.05462075438159326,0.010421352658878011
E02002612,-0.010352980247892541,0.05171299391587497,-0.01390084754970507
E02002613,-0.06359420359077755,0.09630937225795433,-0.0858172378915451
E02002614,-0.050836298395393206,0.01751685720887243,0.018551501888396472
E02002615,-0.15720320552685615,0.05205368917133081,0.012203863990426419
E02002616,-0.1247039300295364,0.08245387067207521,-0.020576274299995614
E02002617,-0.0727451703078676,0.06572962859587352,0.067084675175045
E02002618,-0.36669752750309753,-0.02046028028096046,0.017668450964236575
E02002619,-0.23783723971714377,0.02895231159527225,-0.03887498983350444
E02002620,-0.23626570098990776,0.07341709698320287,-0.0358170870889564
E02002621,-0.31810302145227537,0.14847420267121808,-0.03554541874670367
E02002622,-0.055946836780243106,0.17917970266406585,0.0027538749591345772
E02002623,-0.1990949145158947,0.11722421315445036,-0.042613453818547975
E02002624,-0.20713974552019548,0.08971920934210438,-0.042511562814928856
E02002625,0.02975526852088875,0.033766718571161244,0.14383821039154276
E02002626,-0.2506974795319236,0.12604739695429382,0.197374465120114
E02002627,-0.18700878785471292,0.04932822394158528,-0.029187424297346387
E02002628,-0.20739464782252767,0.07701559587060008,0.06774039869771709
E02002629,-0.2007944890306573,0.22298263201311497,-0.03309855008746808
E02002630,-0.050501496915795356,0.10718631502204802,0.0321960123741544
E02002631,-0.17855316779082428,0.07885333170092348,0.039343245624713
E02002632,-0.20234604319820962,0.06798421310107355,0.014459526297353895
E02002633,-0.2754488870557192,0.03837397158537461,0.05393249385612307
E02002634,-0.22223265811938125,0.03371970335269117,-0.032200974040852454
E02002635,-0.3099869205230509,0.0016148655074265327,0.008950848037130936
E02002636,-0.22306875702258366,0.045077007626867345,-0.027018260425606448
E02002637,-0.1397777659282101,0.055094591176496795,0.033336665987389526
E02002638,0.04034781769929704,0.010748518296599216,0.15430942896875352
E02002639,-0.143155670916361,-0.027961051589175993,-0.07446987559508533
E02002640,-0.12319493976034675,0.07471233877350134,0.003437337978953354
E02002641,-0.21228696765160016,0.018407024805571496,0.06333361297452572
E02002642,-0.18256087244886723,0.006867638632052523,0.11384051975538129
E02002643,-0.17994466302545456,0.06632522135462886,0.0592617770413363
E02002644,-0.23110640695400742,0.018135553834824503,-0.04278336869919727
E02002645,-0.3488680141718416,0.08595596486834509,-0.04921362472427213
E02002646,-0.2165093429626689,0.07679895272697448,-0.07579750772624916
E02002647,-0.1724320703392075,0.04753067310875677,0.03472257512568873
E02002648,-0.19930745439615935,0.038235402038931166,0.07274022533735787
E02002649,-0.2759041331621329,0.003756340652617451,-0.035974767547011094
E02002650,-0.2982303578950401,0.10698502314772365,-0.040198087472781925
E02002651,-0.28401769089211754,0.026336195158755654,-0.0008690825535092037
E02002652,-0.026105787163395063,0.015451083355380498,-0.036637875573727365
E02002653,-0.06249072911863122,0.031349556204428954,-0.02900457510522493
E02002654,-0.11997825666721117,0.013996681771827259,-0.09021931925175253
E02002655,-0.19537061941718073,-0.03546878618120177,0.09924592924281385
E02002656,-0.2123602456202217,0.024938256944439973,0.01616817797877833
E02002657,-0.06905428970345652,0.049267655384599825,-0.022540607843243063
E02002658,-0.07389055936114797,-0.006529056570009323,0.014336556516684319
E02002659,0.02027267811388496,0.045068805083569,0.07719831215127887
E02002660,-0.1031257482867846,0.0020383060409328723,0.07624311362313818
E02002661,0.019265416697201335,0.12279036626837644,-0.042771496104749625
E02002662,-0.045738288582782026,0.06445715753475983,0.04627253262927424
E02002663,-0.14674985028646348,0.09295590239889061,-0.049163629962646636
E02002664,-0.11457207252070875,0.04755977059915807,-0.033274578154095874
E02002665,-0.13017262898886195,0.012654205920872795,-0.0234775808809364
E02002666,-0.2886218018398964,-0.006411589172032585,-0.02851878297415164
E02002667,0.0010976920949761547,0.044676019430908175,0.019357907062088404
E02002668,-0.09690014573901815,0.09344594743197344,0.051246667452269065
E02002669,-0.28049518499176046,-0.0501936505159535,-0.07003980485875717
E02002670,-0.1111400660099835,0.011507418792715189,-0.030484890427790436
E02002671,-0.0547200110030536,0.16640115362073926,-0.06358650018005686
E02002672,-0.025502508206068832,0.10978065657723153,-0.0003861389868537662
E02002673,-0.08281399617595361,0.07430986493363842,-0.024015896337373995
E02002674,-0.14244240615073034,0.04117197271759505,-0.0052024899420639575
E02002675,-0.11633526186131572,0.07827552486167051,-0.05747550911326436
E02002676,-0.19269894077844413,-0.009963991720925618,0.004634878882780234
E02002677,-0.2751179700319574,0.0722411356110539,-0.0458442895032224
E02002678,0.07823194522175743,0.10482633576277729,-0.04974997028965228
E02002679,-0.1382131040954591,0.02099484365359503,-0.021023826012946042
E02002680,-0.2403416319144836,-0.0957378969860712,-0.1311124628545108
E02002681,-0.06320143619414115,-0.06060450305178769,0.003965703716516537
E02002682,0.1378464715859095,-0.013953873967597072,-0.005831053719292301
E02002684,-0.05546331590608232,0.10735214359143064,-0.013484172545646
E02002685,-0.10725972535828855,0.12240418240884805,-0.03622887126722373
E02002686,-0.11415404055898744,0.08009656034663769,0.0007170464333330018
E02002687,-0.13845890783352138,0.05201843716731772,0.003521489700847231
E02002688,-0.14211872306449494,3.5276621790279418e-06,-0.033026789224903985
E02002689,-0.03105408126625762,0.1463463882407761,-0.05511777305564616
E02002691,-0.05524487082211388,0.12386370189985128,0.006177645057380136
E02002692,-0.14134665544923689,0.04848908478805763,-0.05368165674237478
E02002693,-0.15392000515559398,0.09667815985006295,-0.01912439088535974
E02002694,-0.1437516689026239,0.034152045796022566,-0.017259056366591596
E02002695,-0.04363811229471916,0.08441090912735053,-0.04006788823664623
E02002696,-0.1116182315158259,0.12969124960835102,0.012111669538344621
E02002697,-0.13920754601659585,0.15699828182824402,0.015682897593822114
E02002698,-0.1321029045226771,0.03461512749712582,-0.034137330067749244
E02002699,-0.06482930901282631,0.048772605771670315,-0.049139547179850585
E02002700,-0.09605865100210395,0.06896421375846755,-0.023780230719376898
E02002701,-0.09777379227409419,0.05509853732082873,-0.005239188931372056
E02002702,-0.11628748094906449,0.017356716888341922,-0.014834770534650408
E02002703,-0.13661241014506686,0.05240467309578652,-0.06237449288381549
E02002704,-0.17756372790873526,0.1245409609126424,-0.0481447319207391
E02002705,-0.09415067353321481,0.06869470846472689,-0.0537108507824218
E02002706,-0.13594176849440076,-0.042383363141922904,-0.05620800206268194
E02002707,-0.23421954373729614,0.05148201336725682,-0.04258136900681984
E02002708,-0.13985352204976026,0.052864638766120346,-0.07056307149518866
E02002709,-0.1296115197986688,0.054519285079377186,-0.024092069995803402
E02002710,-0.10031864306535442,0.0009784910721015753,-0.0030504941206448357
E02002711,-0.15979982926094874,0.05494786369971647,-0.03510148271655593
E02002712,-0.1291127267607918,0.03410528755962116,-0.025824026799483746
E02002714,-0.13379084138170624,0.09601999805666366,-0.06772310964036939
E02002715,-0.1800990481898698,0.06116742316201466,-0.05964755481617244
E02002716,-0.16512271729039976,0.07399426712121096,-0.03252168994854145
E02002717,-0.09406967047132872,0.027112376533213828,0.0012950323468612604
E02002718,-0.13992297682076224,0.03142514774456273,-0.038457187898668276
E02002719,-0.09806622503600461,0.05998159217418516,-0.006066764096198888
E02002720,-0.06062743892449315,0.05778024134238301,-0.01931071266832701
E02002721,-0.12475423378604861,0.10812124009793059,0.013021187596551296
E02002722,-0.07540812624971897,0.12485424702752476,-0.05666038036624504
E02002723,-0.24795143914703321,-0.16223582618407825,-0.04693770587735216
E02002724,-0.08318128286578128,0.09991362535086624,-0.08725804311345342
E02002725,-0.0716553603056943,0.14011784066991392,0.011698608720297073
E02002726,-0.011177076469135287,0.08610500524041782,-0.004751617509636208
E02002727,-0.15797212894387516,0.005456828905377911,-0.0006988410987639924
E02002728,-0.23286302357153127,0.12464253037077518,0.019784811152119094
E02002729,-0.09215291150183574,-0.020885384207165836,-0.03854734900016153
E02002730,-0.18706123584668036,0.0073808318234638995,0.04420277788482234
E02002731,-0.21144831667332542,-0.0881668166774094,0.017191982646160942
E02002732,-0.14137211641625172,0.054274743850079285,-0.02170292657464887
E02002733,-0.10195186511132555,-0.04104761475316336,-0.0058712158310801265
E02002734,-0.11516373151411963,-0.05078314747574453,0.05101007365946441
E02002735,-0.16018193388954416,-0.13480497729229912,-0.04487827256963257
E02002736,-0.20556821669302383,0.09843819016913226,0.08120126032724002
E02002737,-0.07491209863505863,-0.014405924173435343,0.0013220910679317497
E02002738,-0.10571995449670037,0.08245809631246882,-0.0016303003805947
E02002739,-0.1473117387874093,0.030438994597958274,-0.07194040516413741
E02002740,-0.07140314394136008,0.10533743282777022,0.03300094949570752
E02002741,-0.04925335681077602,0.021471009841345805,-0.02808531740463393
E02002742,0.024339650605463958,0.028597845263314204,-0.04349512540485817
E02002743,-0.15378998757487206,-0.010221985711781312,-0.022474405946404406
E02002744,-0.1487541229056463,0.18716639458045362,0.06501301960732582
E02002745,-0.06894165379561078,0.0647102392880988,-0.017374218056297044
E02002746,-0.17830086969007444,0.01355607369279129,-0.02390462620776296
E02002747,-0.14901983987881803,0.07730786271707132,-0.05519285376329997
E02002748,-0.09427796523877253,0.06523242731180769,0.005889470289662887
E02002749,-0.07287023126382183,0.07235535010091096,0.03549156615932289
E02002750,-0.09730936752318967,0.10502621272362267,0.03492265427128385
E02002751,-0.056065166758326006,0.14718672508151862,0.016237358849528257
E02002752,-0.055863039392913635,0.023134203774615555,0.00958426883751523
E02002753,-0.07264174274991361,0.09280711548652718,0.01311588465013112
E02002754,-0.08210120285317275,0.11466345996634596,-0.04367184931221874
E02002755,-0.2337098718578464,0.10170480232655926,0.04656832546191558
E02002756,0.007448861281089462,0.020632676655226237,0.004695427283876966
E02002757,-0.0699338501025027,0.05284861896409259,0.02801423336024389
E02002758,-0.06459104242180816,0.08291189876442132,-0.018685427606400115
E02002759,-0.08277936618577725,0.002285771520883126,0.0201801955500881
E02002760,-0.14391193988576367,0.0780234339299454,-0.001461032195065628
E02002761,-0.09951730936287585,0.07936291357355127,-0.02560476036135473
E02002762,-0.006005228072602409,0.03488026756600241,-0.01762123129265519
E02002763,-0.02494832156562523,-0.00913732490643897,0.03157605744533031
E02002764,0.014195925673402804,0.10040288208529584,0.01677614666894893
E02002765,0.05184858266440537,0.08375886017012867,0.13290211396250462
E02002766,-0.16103790544755178,0.08432681810424203,0.0007194405528946995
E02002767,-0.05250826603775541,0.07400909303316115,0.01473484383878213
E02002768,-0.13556144875301446,0.08623740370680959,0.024666181537188834
E02002769,-0.01822453133263362,0.1343909131203152,-0.005278210468187528
E02002770,-0.09854776728809815,0.07551407727454397,-0.043644192561147224
E02002771,-0.0442057663576144,0.14528841227527184,0.0005902789882433997
E02002772,-0.06443088643451592,0.056993512936440095,0.03848494711604633
E02002773,-0.03351485276135152,0.008611325594885956,-7.480042487440003e-05
E02002774,-0.018427904165704893,0.02216848166687817,-0.007606641816333404
E02002775,-0.09577797040425094,0.034181806686254965,-0.05114716831323269
E02002776,-0.059036203098293216,0.06600489176967034,-0.012948437859604978
E02002777,-0.055987508098936524,0.02358828002695379,0.014774242690990131
E02002778,-0.016699418144036783,0.08659003684148277,0.023385085774142597
E02002779,0.009181163388996142,0.10233766102503009,0.005157984872034944
E02002780,0.042683732074005054,0.053849770332159395,0.03772059053244353
E02002781,-0.008036801056757007,-0.002947245756151898,-0.0024176326958061
E02002782,-0.04208805631462892,0.04085442890825485,-0.04600841535627029
E02002783,0.00927478558107749,0.02991089921578715,0.023191587540234742
E02002784,-0.04098251428200232,-0.0032917374726059907,0.0006238963353546548
E02002785,-0.06759119006663736,0.07490891294303346,0.0038468471868828564
E02002786,-0.04943164424697422,0.041646765192248,-0.02142236791563407
E02002787,0.030052992620235204,0.04544827758250258,0.008636453128439154
E02002788,-0.046163758964797456,0.013264439602816843,-0.010456246699062352
E02002789,0.06637789893057773,0.09136583122147511,0.0601955963321284
E02002790,-0.03551223516181787,0.0245669911507597,-0.01085116471942034
E02002791,-0.1325086789286683,0.058967818378694366,0.04427300395419102
E02002792,0.037384100078557615,0.015509739389512422,-0.014271313337698582
E02002793,-0.032908971778708974,0.024098374281791707,-0.011150855282356912
E02002794,-0.09783066713888754,0.04170784894304572,0.059416015936165516
E02002795,-0.03563583051708686,0.03177822813394384,0.013544814474811385
E02002796,-0.09315597527266002,0.03388735459859636,0.04188619504754946
E02002797,-0.049511807937862376,0.024816667113039884,0.0035923495400417196
E02002798,-0.03601935114393802,0.05538093643170154,0.05004134779903243
E02002799,0.07872946425423394,0.11173843340031656,0.03449467614955223
E02002800,-0.1334558323819729,0.0556824279878284,0.013386768589319798
E02002801,-0.0012290355559676012,0.07453704148734164,0.03434879341106173
E02002802,0.11625083502349108,0.15242900108093999,0.06235642740275099
E02002803,-0.22509594073431097,-0.052601003475165414,0.008667639434761287
E02002804,0.1244742450492863,0.13685177946465035,0.04425668645940255
E02002805,0.02822160098292952,0.051670072753881774,-0.008269869590502256
E02002806,-0.1145718005346024,-0.0038960617839798794,0.025448070289130344
E02002807,-0.009217619751866501,0.08353988971038558,-0.031236370633719212
E02002808,-0.06063077942003862,0.08727398670882738,0.01484904789129965
E02002809,0.0121312652663559,0.11731404411778822,0.0008635559274540629
E02002810,-0.09606539760002208,0.06824815501363463,0.04261912051797581
E02002811,-0.10211047387664686,0.1378914840703672,0.066538700028453
E02002812,-0.1263243208903245,-0.029242189783488196,0.01075746863400808
E02002813,0.01831563799998346,0.1844997336831201,0.03348119336886843
E02002814,-0.08654119618542867,0.000307200946072448,0.0015317882513876252
E02002815,-0.10531081540625979,0.17157207547895353,0.03477483547602271
E02002816,-0.07740112157471296,0.02605178051825853,0.003025101355153627
E02002817,-0.03482571305399212,0.0735767176414898,-0.017978518255518196
E02002818,-0.026690751815663,0.0922234386609343,0.11457513345127524
E02002819,-0.04082063969082033,-0.10743825091156495,0.03701052148369472
E02002820,0.10140014969331346,0.1096582887249624,0.09070015065960511
E02002821,0.22324747843795062,0.104356222145113,0.09444525935168409
E02002822,0.016723413646196325,0.040116266685164034,0.014522431770859082
E02002823,-0.014296210249274879,0.056173188125555516,0.03562241148687831
E02002824,0.059704942478679336,0.1040963313814775,0.04424219795401209
E02002825,-0.11437421604704952,0.04802309102230337,0.009650998362880294
E02002826,-0.09682009714083031,-0.01226335397059165,-0.003761305440890388
E02002827,0.16233350383620287,0.14087695407657652,0.04899451708770264
E02002828,0.14412001652734513,0.17549808032646902,0.03727260083958489
E02002829,0.3772440147444698,0.25219541605186785,0.08530648703450076
E02002830,0.1405907339042166,0.18520068549427582,0.02482231291952493
E02002831,0.18216012517536365,0.23870319496333772,0.0074532343522531975
E02002832,0.19864116251504796,0.2538835490312556,-0.04654249656572132
E02002833,0.2636390607827537,0.18502911177571327,0.04676187123255305
E02002834,0.20281782125352488,0.16063410883590326,0.059062770866204074
E02002835,0.015347389836726542,0.08193539348991254,-0.03515571941617772
E02002836,0.2091907608553644,0.1930688525043851,-0.05285933616042528
E02002837,0.3920397742906952,0.22207657762465752,0.047116377565798485
E02002838,0.31359787575993064,0.2873246710138486,-0.0005585405980555614
E02002839,0.25004331660137896,0.19214094999889297,0.06352238633960212
E02002842,0.21437037786573038,0.1561024523534976,-0.017934786545621122
E02002843,0.2906912396546345,0.16756181959489305,0.047317168047712965
E02002844,0.1019999057476649,0.1684897177228072,0.06268600237037057
E02002845,0.23471549690985216,0.21887107749748239,0.0211124365671219
E02002846,0.1369891404441222,0.10135306716995836,0.07575369642619405
E02002847,0.1176506779458284,0.15916533035196548,-0.030118314172721313
E02002848,0.158203176198445,0.12949057133535616,-0.05060495964462551
E02002849,0.023126959265077244,0.12999316133745045,-0.01592884845436209
E02002851,0.07138521212621395,0.11271550773765238,-0.029141075495252976
E02002852,0.3210859984507412,0.20241620696865384,0.0326720718811901
E02002853,0.12013285747619369,0.11932122565189918,-0.05729593338385243
E02002854,0.2596723038011645,0.21335091182833812,0.053467226491400004
E02002855,0.06993164755358929,0.14899874032562974,0.015365792369037854
E02002856,-0.025624847993635114,0.011755282678696882,-0.04167216923259161
E02002857,0.16354952199523196,0.12732921683046855,0.026720541314791034
E02002858,0.008457684195340551,0.042361968183671245,-0.024003623504377885
E02002860,0.10055749473943253,0.16669677694696539,0.007552057687342959
E02002861,0.30282784408619534,0.2058335359928742,0.02884539037554969
E02002862,0.29617944025274456,0.17021232101625966,0.10478153252315214
E02002863,-0.09169518685390739,0.07583838932555896,-0.03380491581024158
E02002864,0.020056970306478558,0.027202006293232394,-0.039752981075217506
E02002865,0.013229834137057831,0.03336207855248716,-0.00816364264280154
E02002866,0.05461417916736088,0.0480991073296338,-0.01775676420064371
E02002867,-0.04071162293136163,0.13001351554403798,-0.018459653440580502
E02002868,0.12662299355403914,0.11291260640924412,0.037079987033013226
E02002869,0.32906623022585757,0.2575983357180977,0.03697512010831259
E02002871,0.1828539704908435,0.1850289191760471,0.0011069308877589843
E02002872,0.039467659952636715,0.17151826057345718,0.014800222711560023
E02002873,0.2841268331619401,0.14427300767383244,0.09773620475746356
E02002874,0.10295400368749956,0.1426854225792974,0.028314861293316333
E02002875,0.2037570024136784,0.17902235988964213,0.023087963563906196
E02002876,0.15461261118795014,0.18516240263714712,0.08267355223165176
E02002877,0.08295097668234623,0.1367059581392191,0.015540166636269044
E02002878,0.4531813467716881,0.39843851913661077,0.05780032447719216
E02002879,0.0730038742145661,0.04689274185342553,0.06017421041417495
E02002880,0.3441163931985241,0.32359702521212536,0.04261706269662753
E02002881,0.4712458771007205,0.37023214947456123,0.10132123936672713
E02002882,-0.051162207214352724,0.0842722358161423,0.01307941214726352
E02002883,0.08743205055137263,0.0973769602505217,0.05507765410148876
E02002884,0.12239892844396619,0.2133942050369478,0.03895383670045564
E02002885,0.07705847530960667,0.24468554620587304,0.056399966788024364
E02002886,0.12819061987258631,0.2435795336303876,0.051345609585114374
E02002887,0.16205333854621676,0.2581846079057492,0.016463392620152024
E02002888,0.4318768839898041,0.24695712048646548,0.013442012778454774
E02002889,-0.10233366650001863,0.05393307529326854,-0.02363188382242854
E02002890,0.2878937226871837,-0.21880056445512608,0.08510154350792146
E02002891,0.15939573955300484,0.19697110071792745,-0.012361065181431222
E02002892,0.18805387731156908,0.2177562381805745,0.00396163198132585
E02002893,-0.02873420117745618,0.17452940773678927,-0.03587992570713144
E02002894,0.12175668418815705,0.14725154683898384,0.0641428566545362
E02002895,-0.04858105407785697,-0.003903971630568999,0.009799746457266277
E02002896,0.2244547755329314,0.24559758698791934,0.11238030814256524
E02002897,0.0974586149569231,0.12588415451911236,0.0022000232135220826
E02002898,0.02419981968065628,0.19621315229953432,-0.11434296792081389
E02002899,0.14632499974127522,0.19776268867924565,0.05041447201288465
E02002901,0.11457090878450335,0.04014424032658651,0.05539215590737453
E02002902,0.270367691487163,0.20706741942564633,0.030668007490386468
E02002903,0.17132193444386143,0.2168424692157777,-0.0006527610332867502
E02002904,0.3137040141285837,0.21560429747337956,0.057776271231407036
E02002905,-0.021993266407862703,0.07905093984242965,-0.04524490832903876
E02002906,-0.1382914058550148,0.04401222322187917,-0.028031690584330596
E02002907,-0.15385956747816412,0.04610862551358676,0.06401946360911076
E02002908,-0.0804468526662954,0.11007830301188606,-0.022510020077500477
E02002909,-0.136055401713477,0.15957697277467006,-0.018736416160446318
E02002910,-0.1969337974831606,0.08342378222744401,0.02365399541726163
E02002911,-0.09764715186658486,0.08598130983483145,-0.013232521938165289
E02002912,-0.05949712510660993,0.08536618610237999,-0.0029025961308100016
E02002913,0.0032401746958555682,0.06945970280887989,0.010567200520487704
E02002914,-0.08322028550747444,0.037004187508664174,-0.008998889815000697
E02002915,-0.05935943143793347,0.029764033907332534,0.010030384517596566
E02002916,-0.10063331589821009,-0.053021377976676456,-0.029830704895178008
E02002917,-0.09466357936407513,0.0636357662833815,-0.04792776953835292
E02002918,-0.056691343398078485,0.10184589504907793,-0.010836041868384865
E02002919,-0.11832172981571773,0.02392010371919058,-0.011051472687319167
E02002920,-0.13587037244408956,0.04655693563072147,-0.023983854002971334
E02002921,-0.006630228187008388,-0.08135000312923632,-0.03161660525722778
E02002922,-0.05571640320139904,0.08269333084049273,0.00523622616609775
E02002923,-0.03539937425295392,0.03361467298224061,0.011470507251633332
E02002924,-0.07923171286029601,0.021226095746712866,0.031146255670705923
E02002925,-0.08724854126609195,0.06670463610861381,-0.029884689142842265
E02002926,-0.1019166871820287,0.08438043349543277,-0.024941606629255736
E02002927,-0.031070071130024052,0.13496579348999366,0.035386493152427374
E02002928,-0.07468123657563418,0.02155004829296112,0.02814175327135601
E02002929,-0.07989436639008655,0.17970437145468784,0.0754105695030058
E02002930,-0.13836126574919239,0.050067460328906174,-0.0006726109974864352
E02002931,-0.07829816213480782,0.1319791244876949,0.018060594305688203
E02002932,-0.12077858148275496,0.1331802758424085,0.06214640759044077
E02002933,-0.08347883589551969,0.11522141580035838,0.06619333255538386
E02002934,-0.10038404419951213,0.1332156004036997,0.08499901837481785
E02002935,-0.08031278095245929,0.11631457568263674,0.037472701376210144
E02002936,-0.011153822380530684,0.09643147379804518,0.0649471050283119
E02002937,-0.06970290953566756,0.11272942594129576,0.007451224612553618
E02002938,-0.16802960300812506,0.09635982450151535,-0.03204944376127589
E02002939,-0.09927645449793104,0.05296286154617345,0.04371836780909883
E02002940,-0.06260540895057695,0.07885143630679275,0.04861641953133551
E02002941,-0.09688770791202254,0.04618848722571934,0.019820165141758012
E02002942,-0.013908041619512642,0.1297959993231225,0.026029374392944317
E02002943,-0.1133234556175607,0.0909972912410641,0.058134156799113566
E02002944,-0.008278728523445964,0.09206859415754935,0.00679319592693877
E02002945,-0.01873854237196243,0.17997066928907024,0.03915446749435805
E02002946,-0.06303078503452123,0.11354765846495446,0.0518961198788121
E02002947,0.2387265972760115,0.08600154036889526,0.0749146617769501
E02002948,-0.04495245335069615,0.07308792280412243,0.026739059020338338
E02002949,-0.0588444682867431,0.036271249332218036,-0.006314209703907319
E02002950,0.04470554000894568,0.06853239407143759,0.04211432191942151
E02002951,-0.11858906705115063,0.02142418466949859,-0.005552216991279852
E02002952,0.10287446475323488,0.03932806028052684,0.024562716799539308
E02002953,0.0735337184780804,0.07152014370341675,0.061921633545578156
E02002954,-0.02414094865742595,-0.020344099366718604,-0.018456772833294787
E02002955,-0.11217061763716142,0.0708129789837229,0.0002663475475367616
E02002956,-0.026080871468809008,0.15147322176995417,0.012356292586405344
E02002957,-0.06734274807221662,0.07265487023265854,0.0008676859153579587
E02002958,0.0677163425743419,0.04576492589200455,0.08765878052834422
E02002959,-0.18281561918181358,0.11174267154833982,-0.0687544362939006
E02002960,-0.0676886421750659,0.010621348237248035,-0.005073573000030013
E02002961,-0.08599334563804423,0.12069374568264887,0.03884326026014173
E02002962,0.06993561741966839,0.29626554436217306,0.030130749121302473
E02002963,-0.06251082483681548,0.11337493412068046,0.0029869671090086798
E02002964,-0.08471310568482046,0.1124864148434208,0.022380167508409543
E02002965,-0.09582264092360557,0.13793463838904477,-0.07380356165840336
E02002966,-0.007702018359506548,0.19314180353398105,-0.0032582864624699074
E02002967,0.11655564496632997,0.1970923566959226,0.060959408489140526
E02002968,-0.03410259503499935,0.19139555944770748,0.008724001614670499
E02002969,-0.04107456407734111,0.08723222396613277,0.08123080974157089
E02002970,-0.15637575773562884,0.11511064511483579,0.044998388162466534
E02002971,-0.10810443607271238,0.009086115012139783,-0.0346510550025831
E02002972,-0.0331314139549022,0.15223983575120303,0.0762197994611952
E02002973,0.02431389708376328,0.0949461001420381,0.009614991666795164
E02002974,0.06221336283772753,0.02415193445252522,0.060927603642327
E02002975,-0.03821824786950328,0.06373854251668566,0.009947256107597736
E02002976,0.08178850741224751,0.08216071726918289,0.10701696579871202
E02002977,-0.09760514254295871,-0.05632790460261675,0.02705745902503059
E02002978,0.21816005702170957,0.24215429856218823,0.08908641190507942
E02002979,-0.06576155366499646,0.25177588245418603,0.14899899778844236
E02002980,-0.04821578435152736,0.10144753238420148,0.001646854938523632
E02002981,-0.05481347832403241,0.0778987107947151,0.026520342939922056
E02002982,0.15999769329449468,0.228967991595323,0.051422172728460835
E02002983,-0.04865052998249826,0.11651904029991407,-0.013376750123243413
E02002984,-0.050783700501393914,0.054420915328775604,0.02521582230444556
E02002985,0.14993508511243198,0.0019383068726062285,-0.05610609056079141
E02002986,0.13644585883365773,0.008723103859427546,-0.01778496372402592
E02002987,0.10038308648885975,-0.034645373432909,-0.03810892411049558
E02002988,0.06858940828198015,-0.018414847680121763,-0.061717163704389615
E02002989,0.04561040884183062,-0.0766229093266075,-0.05458552027565906
E02002990,-0.013333989399664594,-0.039200673792134516,-0.008217950672033379
E02002991,-0.09620652014591591,-0.15148932372684892,-0.07019826559559067
E02002992,0.043100469095024956,-0.0650663503299681,-0.009734658690006419
E02002993,-0.0216395372711591,-0.1364636165099898,-0.06904855080392194
E02002994,0.02274643085171322,-0.019733998007836474,0.017326304363945125
E02002995,0.14772306846306416,0.05489691073224508,-0.08009594472203721
E02002996,-0.07756525063206351,0.020777022364051954,-0.002298486554591839
E02002997,0.08071416056910002,-0.03519678254434839,-0.024285721182102715
E02002998,0.03147259186078222,-0.05935331507997338,-0.05575580123832377
E02002999,0.10058803796721727,-0.08112489959398807,0.011405245456803626
E02003000,-0.0007550960551400821,0.05523677528901817,-0.07786930312775912
E02003001,0.010716769651134656,0.02675501549091367,-0.01829887068026869
E02003002,0.08310772355516144,-0.07342108754779367,0.020191610364124455
E02003003,0.03872172072534121,-0.0582316728638101,-0.07800607427402648
E02003004,0.013229846263541435,0.06137802306052979,0.0019336057911150456
E02003005,-0.044838643915982315,0.049204800310151536,-0.02694362905601474
E02003006,-0.006562865218960441,0.011303953799535488,-0.051094859218089365
E02003007,-0.05119589387306906,0.05775774897069235,-0.03793107998290527
E02003008,0.05269921958273223,0.06478105008300822,-0.05201802888222756
E02003009,0.054691296794267756,0.055641834693540275,-0.01726621546422512
E02003010,0.0765228415115799,0.06856051268638551,-0.03324203422622132
E02003011,0.03580019217995516,0.020525336888499342,-0.01213187831942138
E02003012,0.18632669876781072,0.008562758882810547,0.011530106839475853
E02003013,0.3450874154753525,0.009275549338813877,0.027369368015746597
E02003014,0.3293634742280396,0.030905650614105613,0.02149319826974421
E02003015,0.27238052301218507,-0.059003721265843405,0.054729649365391174
E02003016,0.3330561361883635,-0.0584171473508163,0.029441273246980273
E02003017,0.1364693824746909,-0.04514567083268574,-0.01337226698756542
E02003018,0.3215914727112627,-0.015841823079599575,-0.00806393440038502
E02003019,0.2689127370359038,0.026749709044127327,0.03866188554826467
E02003020,0.17079200411435785,-0.006120674993998268,-0.03624803732286127
E02003021,0.24280579340763989,0.006867522336664107,0.04680429862202913
E02003022,0.138779657237558,0.008826459649963146,-0.030384762753267746
E02003023,0.23690116790191584,0.03295345919064386,0.038307935946732
E02003024,0.23446283398782405,-0.03651941891704243,-0.00814459603681757
E02003025,0.4025975098109914,0.011974951379039872,0.018603750794697747
E02003026,0.051697003079363604,-0.0069160199163343225,-0.04495505472065681
E02003027,0.169491072105887,-0.07824132981752759,-0.0011455568276375915
E02003028,0.10513151035817371,-0.00802301433060884,-0.04904476557073842
E02003029,0.29149722392765093,0.045798088365458955,0.031910308588205906
E02003030,0.43079625853471515,0.05767655235446381,0.00866518432644859
E02003031,0.18165437752203212,-0.04384408316825197,-0.02972275328413316
E02003032,0.2897334294780611,0.005591213158071541,0.012276766314135056
E02003033,0.10908822336137389,-0.0833319044898916,-0.0015653445382762133
E02003034,0.24456690547709617,-0.0739954163515472,-0.014524680053673892
E02003036,0.07164684258598064,-0.051266856761475604,0.02135176464567099
E02003037,0.0919402701750197,-0.10257948917359351,-0.04920254812823322
E02003038,0.2890717732643423,0.0254850110527269,0.024218606544257316
E02003039,0.37207298070293804,0.06473618371841111,0.007746501309210362
E02003040,0.5070384294129834,0.01658781563116549,0.07016057669997249
E02003041,0.05442934639864569,-0.11644470779966791,-0.023085850088586175
E02003043,0.07854942981088524,-0.09833342752822985,-0.057453964470084926
E02003044,0.21179725071262695,0.027733581245364184,0.008570201855648753
E02003045,0.05986965870362181,-0.12017043263530297,-0.04388156470328068
E02003046,0.36838581619922134,0.06746499357898893,0.05484305288031625
E02003047,0.2579901075364528,-0.013897182145593094,-0.005486234261669258
E02003048,0.29045790359476215,0.013467797799652435,0.02549271985207854
E02003049,0.3375620547249236,0.0006925523152290639,0.07833137635815886
E02003050,0.2877707418623576,-0.015197734935367697,0.024883461488032367
E02003051,0.2706044468071261,0.01731548170189703,0.04078296593814377
E02003052,0.32347498540532277,-0.001465168936063636,0.0442925588978711
E02003053,0.2805695102478468,0.005608259133594332,-0.0017123141751104382
E02003054,0.29696425622061634,0.019065413576204726,0.010651900061731818
E02003055,0.4115051510509814,0.11138985517543185,0.10160781597747814
E02003056,0.37790282482315035,0.08054839172052498,0.005968399457576929
E02003057,0.2891744279118516,0.05740231905585375,0.02268284965005729
E02003058,0.17736204621711557,0.02645745425592441,-0.036132479999108194
E02003059,0.16941663612990873,-0.001008068469152709,0.012236132163678413
E02003060,0.2170989240084543,0.05492614409851137,-0.0015952568550481095
E02003061,0.29332014250137806,0.07954520255324876,0.03467458449233969
E02003062,0.3683626570743602,0.10735600142234236,-0.010345037614082528
E02003063,0.16817822539749597,-0.02277712166294126,-0.0018659797994936725
E02003064,0.33141751605382486,0.030562533759986337,0.0019525111106993565
E02003065,0.11593649883606151,-0.10598132121261924,-0.00835332954127117
E02003066,0.10936827912209383,0.003875584138225876,-0.016404811632926963
E02003067,0.09459092265006785,-0.09568286106538504,0.01139649116225983
E02003068,0.0318590830056534,-0.062103272726847195,-0.05393104704571717
E02003069,0.07034249337863878,0.03460804622237375,-0.08555585719018655
E02003070,0.05445047500391867,0.03529493104640379,-0.05646443473526372
E02003071,0.10119661566116152,0.04059235269782119,-0.02028859782845047
E02003072,0.021532358800701114,0.014887588987354868,0.0008307764985419139
E02003073,0.09002560099937977,-0.01448690974290571,-0.006440534789879029
E02003074,0.11203382320447322,0.012170194326138264,0.0012745665002320077
E02003075,0.030833511039570473,0.04245476907503527,0.004628403289568385
E02003076,0.04401822190899309,-0.01845792295690051,0.031331656970019175
E02003077,-0.02729543294055102,0.04426272932761624,-0.00037889272322083
E02003078,0.10489139481757045,0.00731716988484657,-0.005913950908308161
E02003079,0.10821963392009845,0.09340232197884037,0.04316574500807342
E02003080,0.03783829696259416,0.06978633289395055,-0.039678114932544625
E02003081,0.07710006404095895,0.10402330339900953,-0.02092937799711387
E02003082,-0.019846354623768967,0.051562639632531077,-0.00281245214857758
E02003084,-0.00011796247489844211,0.009732003938973024,-0.026064722097499275
E02003085,0.13388852127856266,0.054773327540087964,0.009242414873223194
E02003086,0.052594959644907895,0.10065972402231493,0.002444761371957652
E02003087,-0.0035065142589532734,0.020567314507491174,-0.028460666045478752
E02003088,-0.05375753735308486,0.03127780698096787,0.010231684667901373
E02003089,-0.020988496615962957,0.13440766730082312,-0.01595937302989998
E02003090,-0.049033970122852155,-0.02374288775278479,-0.043498135594707554
E02003091,-0.021650308193866177,-0.07614615154511412,-0.022006056256172433
E02003092,0.00038042734771409387,0.06377571470970922,-0.01642761218078141
E02003093,-0.0576786202078871,-0.04372451312197479,0.002859695732521494
E02003094,0.028337079560768717,0.016140682732885662,0.010906929088012236
E02003095,0.04225186197777073,-0.046769187290419886,-0.02340947428602497
E02003096,0.09320627944281551,0.006776640075679486,-0.014929836383509795
E02003097,0.049493476344914064,-0.004821984223947343,-0.06922920576327461
E02003098,0.10232874553722675,0.03048598422874757,0.02367984510185315
E02003099,0.09316959962455544,0.0075049477786434905,0.08649917165234075
E02003100,0.22234228238336357,0.011471844630378118,0.022355994808736727
E02003101,0.13080437843322998,0.033317510790802904,0.014806421774069998
E02003102,0.003220968158211758,0.005992978392278292,-0.02175185547021064
E02003103,0.147628753904403,-0.02282146236837263,0.00472708911314482
E02003104,0.11655176311645465,0.022622837646975712,0.01545829665683902
E02003105,0.01289115950755358,-0.0069179043102118,0.05607572033692656
E02003106,0.10707352844666723,-0.04557382991948857,-0.03264391649541446
E02003107,0.2921948061629774,-0.002000405127912204,0.03436991637879087
E02003108,0.12159677141329886,0.05468627090505612,-0.029515704140578008
E02003109,0.12915629252293034,-0.017876173381198544,-0.023176825491867805
E02003110,-0.004761696437019739,0.007781894983064877,-0.01307616053768453
E02003111,0.12372139693807893,0.01671928847075974,-0.0690437644724126
E02003112,0.14856171487955483,0.02054485666806749,-0.016531356935075424
E02003113,-0.12916933200800784,0.03691313235759963,-0.02074933492346481
E02003114,0.15294727635027652,0.003050750465610756,0.03288173640190156
E02003115,0.21163223262757258,0.05061761160728385,0.019079293167687174
E02003116,0.20311607042071325,0.01581840977450341,0.05569831923097153
E02003117,0.2232484391537605,0.028012258182611865,0.002395369619114787
E02003118,0.08564099743308906,-0.02802054174250252,0.017756935441395352
E02003119,0.09572691882070418,0.005885185945556599,0.050212552477688875
E02003120,0.09326296580108948,0.019271186458583126,-0.015473630079727648
E02003121,0.06690080006377665,-0.006361626084680212,0.012732135038665661
E02003122,-0.14950233666126092,0.06153190760620337,0.05121904069690507
E02003123,-0.09119764314549123,0.028632809108337355,0.03329404492967337
E02003124,-0.053661323203517824,0.12864137756608,0.02473275595663766
E02003125,-0.13784582109663188,0.08631031613095895,-0.005494606938385085
E02003126,-0.11644385057785812,0.1004176473945325,0.00914551165783871
E02003127,-0.04046072733542208,0.09633747809072317,0.04464138214171965
E02003128,-0.11061446171546671,0.003009942509757533,0.062402690604909355
E02003129,-0.04232490869449845,0.029571026674016423,-0.024813836897331486
E02003130,-0.1022638818054733,0.08474742614879266,0.017267150519382043
E02003131,-0.13145179669945609,0.05969367353490779,0.03277554854711925
E02003132,-0.0742712420954613,0.037085908991607096,0.03263495463362967
E02003133,-0.09445539512303497,0.08222826697234652,0.01729565664314145
E02003134,0.05664400410826688,0.15837895580828545,0.07231813420771176
E02003135,-0.08464071743250184,0.08060656644138497,0.03300179740529607
E02003136,-0.1188873338381245,0.012619723290237639,0.002783530814690193
E02003137,-0.13283493461318416,0.05057370173859165,-0.01839508935820036
E02003138,-0.14612351626418638,0.046785785106694795,0.01173417731002249
E02003139,-0.07225738749425951,0.011534472830449364,0.07228812604872596
E02003140,-0.04314887211343458,0.09633516365115771,0.02075597433208256
E02003141,-0.13178590507552204,0.030075428967158133,0.009897341997821385
E02003142,-0.1400570561047673,0.07631390278759724,0.01997707835713682
E02003143,-0.10743015173919503,0.026455512064159203,0.027699287917771872
E02003144,-0.19418751103445145,-0.005023483966228928,0.016109579180153676
E02003145,-0.15981139597238972,0.014209654893427405,0.03505992913017302
E02003146,-0.20256700835580596,0.06498674197415936,-0.013550880038671524
E02003147,-0.03802838190550117,0.0015867229749558346,0.08809538191300809
E02003148,-0.29718301083498416,-0.07616727452316788,-0.09660959390076432
E02003149,-0.21238744468866627,0.023524333321402725,0.011419779883913192
E02003150,-0.0742971885671692,-0.05954522189759769,0.0431533828142625
E02003151,-0.08644885848147821,0.10484184724947324,0.02248779520981471
E02003152,-0.0825175606385472,0.05276013292596919,-0.004041738987865278
E02003153,-0.12542262038705587,-0.013116923826576173,0.02787095188668202
E02003154,-0.06660841832080225,0.16540989830396693,0.06628092200539022
E02003155,-0.06208389075191999,0.009749321375916093,0.0356326983096805
E02003156,-0.13013352424294872,0.10124511816992851,0.006944921822080866
E02003157,-0.11895013187464863,0.009899546442049647,0.03627838827008872
E02003158,-0.06521643315781368,0.049635545456384406,0.038561931146964205
E02003159,-0.05590697451715593,0.09520696518694907,-0.00437589230537451
E02003161,-0.17064453005278768,-0.0035667060304038793,-0.020142286336800333
E02003163,-0.1065446282796936,0.08115749290321703,-0.04334682937671293
E02003164,-0.038874705582923164,0.12302939101505098,0.006799960727825819
E02003165,-0.015559126283311847,0.15678671237827463,-0.014194662319097823
E02003166,-0.07935506597011537,0.11636904074301449,0.002463479906285632
E02003167,-0.06464629666967922,0.013488605469417509,0.02972541587712224
E02003168,-0.09696091733910216,0.06767430765878105,-0.03819678276534147
E02003169,-0.011016316235704749,0.13462015579250855,0.03764040329680946
E02003170,0.0005196287771737195,0.1621514808777996,0.04420780007540788
E02003171,0.02577422568795609,0.18333291004592678,0.026236264232240313
E02003172,0.08730012083382029,-0.008231642064139103,0.02282232500916542
E02003173,0.0248843168048318,0.008133411138499889,-0.05635333116939515
E02003174,0.023073363783005636,0.0014592136346379535,-0.02109813023015076
E02003175,0.015749087887199944,-0.03969262348771036,-0.02784470448321632
E02003176,0.11700637963142421,-0.013678789637621883,0.023969623644020836
E02003177,0.0675745763093665,0.015212876786768623,-0.04445907809672187
E02003178,0.02590176509004369,-0.004982332961268158,-0.06305595347034254
E02003179,0.030559348565675968,0.0955887067026329,0.0018855613031099284
E02003180,0.11851042185739921,0.00496154170154925,0.0227896736292128
E02003181,0.03382487191337356,-0.01808605771148335,-0.010562972714411634
E02003182,0.06004367780021643,0.04174067784081872,-0.011284964499269507
E02003183,-0.0761185464979356,-0.012489400962514963,0.02436679835407613
E02003184,-0.0035217589221572224,-0.017791877114736666,-0.01794395594167718
E02003185,0.1058481557536111,0.04953489274652727,0.008552921731615844
E02003186,0.027839011287755098,-0.008807287873461167,-0.017640608087410668
E02003187,0.09137267338475519,0.06294214786853741,0.03600781569970049
E02003188,-0.08809020130058971,-0.10772339680697099,-0.08535041943217157
E02003189,0.09052017497954992,0.06671489347444556,-0.017422300539299603
E02003190,-0.03121908782272556,-0.038739568005888236,-0.07319800416740913
E02003191,0.08477733964324427,0.04813694703432918,0.013373850687804858
E02003192,-0.12101727877437783,-0.07197544687402974,-0.07343404615009383
E02003194,-0.009008503224242879,-0.0208983067822514,-0.032752909098918224
E02003195,0.08697605414963347,9.147357665766885e-05,0.017791824213440312
E02003196,-0.01701905642055454,0.016920476966314213,-0.01815653995603751
E02003197,0.015262030829609691,-0.0016900937069063548,-0.040975732660464996
E02003198,0.02392499581295395,-0.032551670679182854,-0.021067673412548532
E02003199,0.026577430937098433,0.0021717620084987046,-0.030188892905346754
E02003200,0.055283463937929635,0.07675432546999734,-0.0073986524321025685
E02003201,0.049213911556193125,0.009115438821370713,-0.010057595163995754
E02003202,-0.009763518849997368,0.0012535176736573476,-0.041260154649806195
E02003203,0.03731606522669377,0.010048254099130273,-0.013528069452835696
E02003204,-0.01219903643477385,-0.004972337428335871,-0.03505726490540398
E02003205,0.0021234032107430956,-0.006836763795490461,-0.0059460535641442346
E02003206,-0.035667521879704164,-0.023721806053165567,0.05252032913143524
E02003207,0.004271222404168467,0.05034479544254973,-0.0038196610143585415
E02003208,-0.12148046688569078,-0.09367630624762828,-0.03364896716840933
E02003209,0.049368365823375795,-0.01934933341019447,-0.04564996686230804
E02003210,-0.05228645072796413,-0.061015022202322904,-0.00854534396635769
E02003211,0.007005848610010796,0.03967437300311262,0.01241802410563376
E02003212,0.022753955745227653,-0.060781012753334224,-0.04143852945443864
E02003214,0.18107444233249972,-0.028758847509321953,-0.055262764906958056
E02003215,0.07073475412247111,0.0009304138655107331,-0.03459958104845529
E02003216,0.15230085159056167,-0.040876770767998304,-0.016656727999723623
E02003217,0.1365270071424651,-0.08071236331470603,-0.06924679132891143
E02003218,0.2292864441026831,0.002372611963163329,-0.01173249836946537
E02003219,-0.2088202588587094,-0.0413045943863234,-0.09702346547404778
E02003220,0.06167641433585441,-0.00225573874141,-0.022024006109360558
E02003221,0.18672868470764628,0.01118736889237013,-0.0044187885901244275
E02003222,0.1259125622088929,0.0010927848843467827,-0.010496587625072232
E02003223,0.11765313483519327,-0.06737649918030832,-0.001728882839039566
E02003224,0.09734888475511383,-0.029394885758882848,0.0022509451564119787
E02003225,0.11594357841827421,-0.020638574722897082,-0.012701778950124433
E02003226,0.163058531820042,-0.06611128494420207,-0.06956062408896932
E02003227,0.2929347700424933,0.06135748396731566,0.037157501925306965
E02003228,0.0891434831268664,-0.05000077471166577,-0.013720140587697247
E02003229,0.15727669143774295,-0.032986169495426494,0.02304950939047075
E02003230,0.09320915196908286,-0.06541729877294791,-0.004633187771816299
E02003231,0.27848406409604265,0.028017153741536165,-0.034299061731538814
E02003232,-0.04379670760421273,-0.058835801874865375,-0.0655176504300462
E02003233,0.16816081044369277,-0.02651276935012144,-0.009099532511290281
E02003234,0.08943049233125071,-0.01032533367418254,-0.034671058989863786
E02003235,-0.03006747138282784,-0.04189323238501111,-0.049930649556128526
E02003236,-0.012238694329643262,-0.032052112517922976,-0.054579666595678256
E02003237,0.05188237606846613,0.02234921816427496,-0.02765664003972617
E02003238,0.04467048467463397,0.05485200148418245,0.011746692704591154
E02003239,0.05798236231852464,0.0756774052686948,-0.04444213288267891
E02003240,-0.04359652079666086,0.08418741695992449,-0.07940542166695597
E02003241,-0.006319977376638536,0.07095924067412504,-0.05227009917893625
E02003242,0.09848092787062618,0.046036348368138226,-0.003150289337069478
E02003243,0.2248325590056704,0.11469562188882845,0.037658839628598666
E02003244,0.17367943803856478,0.09316847237014408,0.01284543627095489
E02003245,0.14959481273028458,0.10446198819019942,-0.04189966974281706
E02003246,0.14596387592054647,0.09058536555824533,-0.03117536065640524
E02003247,0.16469829723779897,0.0865841765644295,0.009242670491567793
E02003248,0.066453789165919,0.1051896479182,0.06186366337458157
E02003249,0.14283308087694516,0.0318938249711985,0.0053651549110072605
E02003250,0.031106935147742043,-0.04358647218041099,-0.0015031161759648036
E02003251,0.09193200380706847,0.047971344071355886,-0.0604649038589009
E02003252,0.06543936662150024,0.043120876071735335,0.020857111064020214
E02003253,0.10584589562888196,0.13066984577975582,0.0029669602460079833
E02003254,0.05231331983466618,0.08410100042164945,-0.03917908159548803
E02003255,0.14507682124054183,0.03210557616203285,-0.03344548611706941
E02003257,0.14270526750657395,0.09832695555094453,0.010609917011678929
E02003258,0.1344408058091809,-0.04463217226357265,-0.0302899737854357
E02003259,0.2994687470247498,-0.047965805745695096,-0.07066810919579591
E02003260,0.36165878301447996,-0.02882945603546366,-0.02276438364306503
E02003261,0.12399495721443721,-0.0312386769533845,-0.06712045880614557
E02003262,0.28748342704818675,-0.09518116834838818,-0.05171121933258044
E02003263,0.27872539629520116,-0.0408765386680594,-0.05484949426916534
E02003264,0.12195828071948574,-0.028578958774830632,-0.05352996558936551
E02003265,0.15673974128162144,-0.11671230517508767,-0.0487073431297462
E02003266,0.32280962965548127,-0.045398729951764916,-0.02186143699517107
E02003267,0.21926874589872955,-0.06422118179151295,-0.08477231412780802
E02003268,0.20950434487359287,-0.0901443523183918,-0.02821486360538684
E02003269,0.25024834698598036,-0.039086310498014865,-0.05383611004704487
E02003270,0.2649331511211975,-0.05218897727622728,-0.04761981377029332
E02003271,0.1852875904842261,-0.11524853434371325,-0.03980064050808956
E02003272,0.29478442674342864,-0.056201727147268205,-0.043126455061929955
E02003273,0.28210621794792695,-0.08891237709467693,-0.03232519846063239
E02003274,0.2690250900404975,-0.13509464660092968,-0.12309274505152215
E02003275,0.21324882804904266,-0.16015738546696773,-0.07059902360154953
E02003276,0.30686117342087316,-0.04783332268740642,-0.03862925358245994
E02003277,0.34928141290112,-0.04745473479314921,-0.04879703379459116
E02003278,0.22421626740277137,-0.14872596598222876,-0.10020107005635703
E02003279,0.14107773167775,-0.009195470501101317,-0.03501067131800644
E02003280,0.13984437632640548,0.02650203478234351,-0.08138911259135233
E02003281,0.17247833133070212,0.023468090718550903,-0.0584227026153974
E02003282,0.19421964500371836,0.01212291167319416,-0.06271296507074847
E02003283,0.2242827264466461,-0.004980046701673741,0.03100778917517783
E02003284,0.21370398950468983,0.0019398017045562075,-0.0457928364238189
E02003285,0.2648553731364798,0.032706428261259676,-0.03295505971156768
E02003286,0.15328642870534415,-0.028594779913318283,-0.08035537252663444
E02003287,0.17727277799711563,0.006079108765567472,-0.07700125793456541
E02003288,0.27416900616629125,-0.040285599419752065,-0.09051442181085013
E02003289,0.17172728325481995,-0.04067449197085598,-0.05942339865885852
E02003290,0.14750204877390563,-0.05242878066488867,-0.09092392408285388
E02003291,0.18110900800533436,-0.0086355948302792,-0.013092285229659243
E02003292,0.21049499750778808,-0.05333842904792171,-0.03312972927685839
E02003293,0.1696134405462995,-0.03856287170986441,-0.04169279493197081
E02003294,0.15828441111627267,-0.022052372412097742,-0.0511903755198778
E02003295,0.2050727592912226,0.03965370052798006,-0.06523786221455265
E02003296,0.154071618997211,-0.01890264792491749,-0.02763294944952557
E02003297,0.22348861041960758,-0.0015323714672431292,0.06569643042978854
E02003298,0.2038655264746461,0.010084713435885427,-0.036103748879846874
E02003299,0.021453223748291162,-0.07985046326652374,-0.06374452946059928
E02003300,0.22471608108192057,-0.03603368359751808,-0.03464059458382155
E02003301,0.24538381722789207,-0.036267083791153266,-0.024515009867598067
E02003302,0.33587016736212805,-0.07350264331723985,-0.02376945585053594
E02003303,0.357054269684782,-0.03761552364909932,0.0024414714396649296
E02003304,0.26986592772744955,0.017151285089793526,0.013035722761614112
E02003305,0.1993854846186377,0.0002785349576735627,-0.04710615022731966
E02003307,0.29731692523363984,-0.001836218610704087,-0.02846951508594452
E02003308,0.2843077258550952,-0.010044850135919254,-0.05489335027116655
E02003309,0.28833195866240063,-0.006674096169313742,-0.007479104319715272
E02003310,0.263274676600133,-0.0818081687790512,-0.09389799089017595
E02003311,0.25182178860004567,-0.008319262083047133,0.027062267781824568
E02003312,0.24875330556238737,-0.0940553363917497,-0.05856925125604124
E02003313,0.4194386191201057,-0.04422306747503249,-0.021203331773355132
E02003314,0.24182410872826257,0.04061180681102959,-0.014046017213634538
E02003315,0.19420467290626237,-0.07147654453859603,0.007741377929243933
E02003316,0.1765265699674811,-0.044433587647291786,-0.0011216511059879124
E02003317,0.21288153445774172,-0.021216177481376993,-0.03651636252395456
E02003318,0.20676225883992416,-0.04403667597706201,-0.05138212629277664
E02003319,0.32051569649385525,-0.049922314576773305,0.008194344506573513
E02003320,0.0787173168039458,-0.06089924118746659,-0.016190932227555944
E02003321,0.3255787114188064,-0.04921753010910615,0.02167199997200985
E02003322,0.30979623899471076,-0.008861194833341593,-0.020697406453176977
E02003323,0.24803936876288343,-0.03379133287650669,-0.020990101879896
E02003324,0.26030752351710473,-0.06225032914269442,-0.008935892772198775
E02003325,0.30815897105802537,0.0009517730528360794,-0.05228913382210148
E02003326,0.26524883999972715,0.031986477651054196,-0.06483691199561861
E02003327,0.11815837854291453,-0.07709566253176167,-0.02072297713314795
E02003328,0.27262716320547864,-0.06743486036978297,0.012814813283471997
E02003329,0.32062015099465346,-0.006327900348437668,0.016708936334487747
E02003330,0.2704112753662551,0.0038431739355752406,-0.07775602109056037
E02003331,0.234327749608245,-0.028539363797306854,0.003922943955118374
E02003332,0.19374936621730393,-0.007704143614687794,-0.003476918746785677
E02003333,0.32516276784022746,-0.018473051723971994,-0.012170321118934131
E02003334,0.21422600929504668,-0.010818734731885198,0.0153552348108352
E02003335,0.356234002266291,0.009116195103636465,-0.02309226428402331
E02003336,0.1631299265145437,-0.010304858152903907,-0.02266598744557035
E02003337,0.2543574882040303,-0.03598539334162763,-0.027519226199204137
E02003338,0.27502659164040333,-0.034757834158862515,0.03329633946620909
E02003339,0.19114979688623318,-0.008081689503277157,-0.06914079506280815
E02003340,0.24640537752818206,-0.03001372922794382,0.014200635570376019
E02003341,0.1469710687876736,-0.08801991942286093,-0.029878783157075907
E02003342,0.2190016292830237,0.03553423357174478,-0.05262295423599527
E02003343,0.12652861428852677,0.0010418926425956926,-0.055244988921339507
E02003344,0.1576050767674688,-0.029253612111589753,0.06180445275889388
E02003345,0.2133464044884494,0.006757587941754254,-0.014687425671959145
E02003346,0.23987687721835796,-0.08101436346988401,0.025753723540536802
E02003347,0.21992736245223873,-0.05332770584283876,-0.0029834063587005025
E02003348,0.12315540590066208,-0.0715080163686501,-0.012061497212643386
E02003349,0.18335384365132593,-0.030860037497452086,-0.0209759260810574
E02003350,0.1410678137542499,-0.0068461037014146174,0.05135157943578208
E02003351,0.22569571297762353,-0.0030492098566742517,-0.017698480300561262
E02003352,-0.10871030370769984,-0.08472818593726686,0.06866482893526896
E02003353,-0.04859583731496031,-0.15970034181552803,0.001245875407112375
E02003354,-0.03525024859267556,-0.14059103525891875,0.024664816172095556
E02003355,0.10765475979502241,-0.17125696426441495,0.03412246990816697
E02003356,-0.005205630182017898,-0.11654449006942338,0.046647987902544145
E02003357,0.04539891592380202,-0.20687411666587993,-0.003992363747705228
E02003358,0.0272754863306269,-0.21683334868264467,0.0030986162943020894
E02003359,0.05107451657752848,-0.16073949599984227,-0.008208494541317984
E02003360,0.1163976849486869,-0.17221429718951134,-0.007928277576863513
E02003361,0.10348007013918266,-0.17724204937353594,0.05894628814919923
E02003362,0.12303449618412937,-0.13029948313016684,0.011497046719173936
E02003363,-0.06834331743213398,-0.14622163308387665,-0.03647446691761023
E02003364,0.05208928049484859,-0.11615939020663947,0.06140876806135146
E02003365,-0.007613352586707456,-0.11325762201921635,-0.003209683346359529
E02003366,0.009008041129460062,-0.12269572609864625,-0.017681674551724025
E02003367,-0.14534466970688836,-0.021941854371734074,-0.011333494140818433
E02003368,-0.11187260231230581,-0.03151878984331639,-0.048974833737822916
E02003369,-0.17348099174186257,-0.07062365657969637,-0.09956143932390671
E02003370,-0.04583080694926854,-0.12584581923285945,-0.014452302692081415
E02003371,-0.00581169035663382,-0.10215587009117104,-0.004386042146598726
E02003372,0.029534925959066656,-0.172774838721944,0.002788229294735025
E02003373,-0.1387891081837558,-0.0952161281310782,-0.014697068683742482
E02003374,0.02211687859262271,-0.17972300036183292,-0.006815132904912972
E02003375,-0.018848889392832215,-0.11888644889498697,-0.030044729334996217
E02003376,-0.11713666803368053,-0.10820287138268539,-0.04863177643920854
E02003377,-0.07035454099686463,-0.12181044101266665,-0.03705848008667728
E02003378,-0.08241397957304837,-0.16057072800474267,-0.04411654784748342
E02003379,-0.10858967868515496,-0.1272439178460138,-0.040156963590139615
E02003380,0.014239977242582727,-0.11498163571591288,-0.03251704627855904
E02003381,-0.05526587134341742,-0.11015223605818089,0.0021515577158021807
E02003382,-0.041345264573689575,-0.06317856240484492,-0.07061271849934742
E02003383,0.02086828717389539,-0.11533283116649812,-0.000647694678817775
E02003384,-0.05871364064888008,-0.022177123852623347,-0.02767354014019945
E02003385,-0.09519647438841024,-0.19518661395564235,-0.04782511247222001
E02003386,-0.0801209863542484,-0.10275915760795484,-0.05027681849786774
E02003387,-0.03896073055424215,-0.10860669367964797,-0.027834563792656142
E02003388,-0.12855701883449172,-0.08282697909481393,-0.027755787209728773
E02003389,0.024715240900687215,-0.14887042030257183,0.00328702190945181
E02003390,-0.025708942597473868,-0.08888121385864958,-0.011188822510368766
E02003391,0.03038917460027065,-0.09754264617519925,-0.017841728795308907
E02003392,0.041603628242102356,-0.17347086124154348,0.004453816107620623
E02003393,-0.035908055607195254,-0.11837757135226827,-0.01691896664175591
E02003394,0.14924052875930763,-0.1918379081727432,-0.04860034934489806
E02003395,0.07562284473262226,-0.23931740814365074,0.01071367822916866
E02003396,0.08513351734481285,-0.19608841379630182,0.006250786320079678
E02003397,0.08872915952071687,-0.17626360989084197,0.022981504087019954
E02003398,0.02240369274330922,-0.22248469599024423,-0.060444875684631943
E02003399,-0.0021329430931917993,-0.2938486326497204,-0.06856709462090843
E02003400,0.019118644146713392,-0.1950214021282838,-0.03796326988287729
E02003401,-0.016068392749517487,-0.2110053922899212,-0.03048071271978152
E02003402,0.02322839930993196,-0.2555570488029568,-0.029854739594245377
E02003403,0.03463058966491515,-0.1450120841755829,-0.013259111641174123
E02003404,0.022842810112413982,-0.14135119010673772,-0.031416612793871423
E02003405,0.17263509378026554,-0.14787788088470935,-0.08349705020109506
E02003406,0.140168405820322,-0.1163337030609672,0.09018854079280203
E02003407,0.28628423144457177,-0.18635470947323124,0.06292197396875468
E02003408,0.19785564207983286,-0.13906473037270295,-0.06314752485960455
E02003409,0.09461496780348459,-0.14865781647497694,-0.08285155527724848
E02003410,0.1828690492171863,-0.15728238381930623,-0.05031019612019299
E02003411,0.20417516489907922,-0.10262227093453109,-0.05386962834392215
E02003412,0.17336088446808706,-0.1889444558019737,-0.047265580531860564
E02003413,0.2089921016571852,-0.20651649919935336,-0.04393331828361401
E02003414,0.1437357452062063,-0.13427076408392108,-0.028572313707312638
E02003415,0.18363670575297386,-0.25003147356970895,-0.008461153879012383
E02003416,0.14513183908580016,-0.18135472842515554,-0.07953709722712388
E02003417,0.025675771971269325,-0.22726026416659717,-0.12941190715808237
E02003418,0.22057637058403964,-0.12266585362928918,-0.05278419527377807
E02003419,0.1803754822446682,-0.23766904074477646,-0.05945994776286358
E02003420,0.1320227798766347,-0.1670443949939411,-0.032080442850282234
E02003421,-0.03692959236308052,-0.1527776249284157,0.0036112440669639327
E02003422,-0.11624995399508636,-0.08593509334295546,-0.016362940533047102
E02003423,-0.01330428063815859,-0.1853219902910542,0.021755326547239804
E02003424,-0.13389591189908767,-0.2797247216453469,-0.0432191375989582
E02003425,0.022456403416912584,-0.33531432673697303,-0.018647493649053857
E02003426,-0.00403106824020613,-0.18208243980856612,0.032403934557500076
E02003427,0.020605596710196294,-0.20819394908890337,-0.0036629100258612573
E02003428,0.05498070063973345,-0.13264922297911258,0.010454157265244382
E02003429,0.010206362404031341,-0.14753593309089066,-0.029256576360197836
E02003430,-0.13967816961643653,-0.17518188441006635,0.032686943374764056
E02003431,0.006597150119446745,-0.11034260670370669,-0.001873945355901688
E02003432,-0.17323051385967203,-0.23156405775267142,-0.038415231141130345
E02003433,-0.006352343272613072,-0.11988851657418591,-0.028888809373157867
E02003434,-0.053345682096571,-0.18109950948045533,-0.02065340216925975
E02003435,-0.18101337095952447,-0.13612261714836363,-0.0011058666523524456
E02003436,-0.07748238367747234,-0.02555364798746654,0.005066674114479403
E02003437,-0.17443966087390297,-0.1257131093624223,0.025329929054312826
E02003438,-0.15459563843054752,-0.1895004897986612,0.0011852880305414709
E02003439,-0.11617634358564172,-0.06947729228690823,0.0016709985632980795
E02003440,0.009459347521223904,-0.12845365824971683,-0.051506235740329635
E02003441,0.016995624222773686,-0.16394760303898487,-0.017805397027904006
E02003442,-0.051789533797056184,-0.19437603924334576,-0.00859496011038892
E02003443,0.028037951571382374,-0.17020613595271047,-0.0034109992083853524
E02003444,0.007233564087863665,-0.13458407136749853,0.029043161039320288
E02003445,0.0473970709933568,-0.14748747063839282,-0.033070729132347924
E02003446,-0.0033000988560041122,-0.1465253583380023,0.07725814084419316
E02003447,-0.04912983302640671,-0.09914848117168382,-0.008196630148065709
E02003448,-0.04487351394693499,-0.1622186837447208,0.017542547231311535
E02003449,0.021031995308901437,-0.19133743140999923,0.0137214064403882
E02003450,-0.03779779425685248,-0.0994829119891652,-0.03462242274636131
E02003451,-0.08108309218220028,-0.17114986370091043,0.03262299350230506
E02003452,-0.04538065224216471,-0.16178685318225336,-0.0498997786121977
E02003453,-0.06577676977965961,-0.07342904780666552,0.006223591939914062
E02003454,-0.02937303180120537,-0.12854598043250776,0.02460523076569237
E02003455,-0.10150365988739007,-0.15964005512186855,-0.019011601604248713
E02003456,-0.0030649303658732024,-0.12987374447490846,0.009176519817513317
E02003457,-0.0754354220277429,-0.09385760802188844,0.0023209141619935218
E02003458,-0.05122508248703946,-0.10062103217757666,0.007308857166543002
E02003459,-0.0263595928415684,-0.04083847723639067,0.0037852040123326682
E02003460,-8.853478329690128e-05,-0.053272699097246995,-0.05115186573913035
E02003461,0.1294393564842927,-0.047725676330905936,-0.005333218208911242
E02003462,0.07274628355052112,-0.12374651359638567,-0.05018468274882203
E02003463,0.07393205433484397,-0.009613335673896698,-0.007958778321489555
E02003464,0.3293436145260191,-0.04524551977195552,-0.03400114110536747
E02003465,0.042491481657050266,-0.07870313460239356,-0.06229274479946341
E02003466,0.24647635748970825,-0.07661574038405997,-0.0424096798199962
E02003467,0.2594317378580405,-0.05274800582496601,-0.042137438578554495
E02003468,0.07019190229958906,-0.07238613213105338,-0.029787307126411037
E02003469,0.15287230571187932,-0.10621003082931085,-0.005570143296273598
E02003470,0.15705542814427456,-0.012284153650125942,-0.03238276436902095
E02003471,0.1370394204254801,-0.04290413328586703,-0.04449115458537059
E02003472,-0.08214687039240996,-0.19244224636573523,-0.12914189076076482
E02003473,0.10276960147737432,-0.09295861016519642,0.009880551003413089
E02003474,0.04648189868656612,0.0042224155894915434,-0.014827330368292018
E02003475,0.004820496236420428,-0.09858158413678195,-0.018486947594607353
E02003476,0.25394338287556384,-0.049575252247462294,0.047796710698301596
E02003477,-0.01374657000584341,-0.10161583986098854,-0.0660386525819332
E02003478,0.09356059366468661,-0.07944489963439412,-0.016155933241077187
E02003479,0.06151417945466859,-0.21542549691334817,0.02440366900726436
E02003480,0.09190241493761868,-0.04431240015119639,0.012209102861792569
E02003481,0.16608262234342627,-0.24077527225334405,0.034597174745777504
E02003482,-0.0383030225847965,-0.10624739993846333,-0.07617025794251799
E02003483,0.06314773742434691,-0.09108366280314724,-0.0347355489799503
E02003484,0.13076295411772954,-0.08044823774835391,-0.009665897535027439
E02003485,0.20795593507374793,-0.015277841826169225,-0.0073819563865707835
E02003486,0.08000878317954718,-0.07435842355879349,-0.014260008277261819
E02003487,0.21864294045069563,-0.10351950747705269,-0.004720571222957322
E02003488,0.2167922416961577,-0.023800721928356104,-0.06232092781422144
E02003489,0.15822020512157609,-0.02709651127004464,-0.04239466847353717
E02003490,0.6849414803910222,-0.03200766241807742,-0.1290872840664007
E02003491,0.043490647397434,0.01777758357069202,0.02771837479962497
E02003492,0.1208285686868797,-0.07034448212014113,0.04930118095008263
E02003493,-0.05023442721352147,-0.070162651141197,-0.052300417009828445
E02003494,-0.0393853649304586,0.002472308631540662,-0.004608076286414643
E02003495,0.056946067593827414,-0.026713247383080514,0.03685972790000053
E02003496,0.16352575623760723,0.030580286469742722,0.023353323237191023
E02003497,0.0012126424161657773,0.00020721700432202843,-0.0021082110585929352
E02003498,0.08495837556015962,-0.05034499170379352,0.016737092845563573
E02003499,0.08325031374612915,-0.035329125116716834,-0.03787649559681278
E02003500,0.06977875909567001,-0.01860472826191817,0.03836606498106956
E02003501,0.02184709256379161,-0.05657369147446012,-0.011744864263889078
E02003502,0.12876131850659372,-0.018891526373417417,0.027145638939564846
E02003503,0.09315313823690573,-0.0018509591310960905,0.0021792396852602443
E02003504,0.02957579537996625,-0.13512776118787065,-0.011328986047216017
E02003505,0.07472398442562886,-0.12496580579468543,-0.016721692039039695
E02003506,0.08091531144565872,-0.03686211773398981,0.027194897330482682
E02003507,0.03174873894231406,0.018120662708408376,-0.057659093285040715
E02003508,0.0674700063308242,-0.06876501683268713,0.00921930080311379
E02003509,0.024120132349880363,-0.06384513471786964,0.03016173476134942
E02003510,0.006192801491369441,-0.1367236166558823,0.029324096517801563
E02003511,0.07190695348523764,-0.07668764336677579,-0.023055941796478872
E02003512,0.0004715847522873544,-0.08178833675307202,0.010211001095741705
E02003513,-0.03117211647989126,-0.032062157097449195,0.026735854850186955
E02003514,-0.029631499683043842,-0.18658244796971774,-0.004901501069234448
E02003515,0.07993025336310279,0.003574076864782174,-0.0501121207191042
E02003516,0.015491621041524758,-0.135450988170066,0.013955279594045822
E02003517,-0.01844554899516968,-0.13619653657705896,-0.015414273214569122
E02003518,0.05316261291812155,-0.07715606112943085,-0.009449435530290585
E02003519,-0.02080946394661415,-0.17510638750724672,-0.035674355577932006
E02003520,-0.042314939858271124,-0.11711590250755856,-0.05003828005449923
E02003521,-0.018046614965181024,-0.1402968076218026,-0.007351287682934025
E02003522,-0.03245365395435494,-0.19050205825337002,-0.025811111848398204
E02003523,0.0069929311824026815,0.000842080122039571,0.027266435374613422
E02003524,0.20782112995981736,0.10614142049692689,-0.03631623623814537
E02003525,0.1301009925270911,0.04788537703629154,-0.06641719001530696
E02003526,-0.05977677218399688,-0.061227443205574335,-0.0928284839941675
E02003527,0.039706259728058996,-0.02536306433775186,-0.03518227137780413
E02003529,0.1764685240237058,-0.022530686090711464,0.013793198190604787
E02003530,0.1289347518598722,0.024415816058116956,0.007284695654256425
E02003531,0.08102987537177106,0.03360217524846622,-0.02861514149830921
E02003532,0.056753637544467946,0.015625566132439712,-0.026115444539111948
E02003533,0.11998039512516669,0.057959218677260234,-0.010912411580300605
E02003534,0.05173599955071029,0.022777582411889978,0.00881078723063347
E02003535,0.10944349043468299,0.01141770305597779,-0.026002456170718627
E02003536,0.10776878085621633,0.048276631708512395,0.04014591479904629
E02003537,0.08883054641299201,0.02485831269754429,-0.027258685102210637
E02003538,0.09477731068295832,0.01959728081726465,0.013866737810520315
E02003539,-0.12556608782781972,-0.08699106300224568,-0.08447492465650847
E02003540,0.06230436117435196,-0.06818570565222211,-0.029375866478782896
E02003541,-0.05102024500257969,0.006072605090711212,-0.07593405770279806
E02003542,0.07739992996276748,0.0280822287944179,-0.0317941370371769
E02003543,0.040737540235875655,-0.020635055974972123,-0.0403104471969153
E02003544,0.09427153053206035,0.02510855804417575,-0.02550421785457149
E02003545,-0.025590520922955422,-0.016987668040054842,-0.058941320746134826
E02003546,-0.010483208539248823,-0.01124538872989683,-0.06511823834415223
E02003547,-0.012842633364199024,-0.10452641253892177,-0.050508060377023406
E02003548,0.004303545883634147,0.043916289309005443,-0.02023029453494857
E02003549,-0.09933818270907434,-0.049014140984978215,-0.11264556859544395
E02003550,-0.01271944255827441,-0.0395358785962728,-0.03910418180431994
E02003551,0.06921980061136754,-0.01256948663393356,-0.0013565734558573098
E02003552,0.1537267371118032,-0.027189153961473363,-0.011800437572465112
E02003553,-0.04167573279705845,-0.01567278557218301,-0.023679326997545748
E02003554,-0.10516718721343897,-0.08442493794274168,-0.10771133125378576
E02003555,0.0877722880823825,-0.03973251677729348,-0.010316590733106774
E02003556,0.007805832374257011,-0.03555102796693296,-0.027206834740184357
E02003557,-0.10936109353636737,-0.09322586269328242,-0.09180649466313436
E02003558,0.01776422552584286,-0.06034977902141937,0.0041354532153513755
E02003559,-0.009581292561342486,-0.03689177115865638,-0.012656973931595816
E02003560,0.008444311794856555,0.004472957672294039,0.003910410031104889
E02003561,-0.16865559215097614,-0.07805992813702457,-0.07359975314485571
E02003562,-0.00964478471879811,-0.05887870485094781,-0.030862970486214465
E02003563,-0.01668523209308905,-0.06773949590888133,-0.000878366537598579
E02003564,0.015133601790850259,-0.011071573061340958,-0.03314104153552688
E02003565,-0.07110732800021559,-0.12809522067597964,-0.0537580635346031
E02003566,0.07584192252649717,-0.05180678226870993,0.06342140288930442
E02003567,-0.036036125185591524,-0.019309909866479562,-0.015235300640739106
E02003568,-0.13206784425064358,-0.1014162930776142,-0.073500646041222
E02003569,-0.023102701111547226,-0.05182567443816149,-0.014436972816075089
E02003570,-0.04240753146478138,-0.055004575144072115,0.05019721943066097
E02003571,-0.17027586332380681,-0.06622579246436412,-0.114413371070709
E02003572,-0.003233754344386633,0.03774753542352961,-0.028628723712438464
E02003573,0.07442814226783057,0.026963467721926367,-0.03673280299483955
E02003574,0.051175885382012565,0.025477304511325172,-0.00759236191568259
E02003575,0.014081855737432172,-0.003415060933804993,-0.04063851467895383
E02003576,0.07081997863513631,-0.025632410488206622,-0.04571891131888704
E02003577,-0.20134700867367303,-0.20250976891145916,-0.10117919596303086
E02003578,-0.030334208576242513,0.0022790861537003,-0.03977111640562235
E02003579,0.03092283305686699,-0.05160806621159898,-0.00043066559896283777
E02003580,0.18619265201398857,-0.042084725742691655,-0.08462496714725495
E02003581,-0.07954415789699558,0.08827429829622972,0.01718116311353721
E02003582,-0.10943761090265099,0.08619835529020965,0.041468932303034105
E02003583,-0.09742068581154113,0.0969043269586167,-0.0007215888600506618
E02003584,-0.12903318946843267,0.062281971545238214,0.018624509619691445
E02003585,-0.09929343564432151,0.10714309349834501,-0.009359846066426107
E02003586,0.0009538385853735847,0.14144983110770873,0.03978717090965405
E02003587,-0.03961116011535287,0.06159738305224885,0.006027725263527287
E02003588,0.022915271365356305,0.058634649714384694,-0.014165603441371494
E02003589,-0.18421417437759646,0.023308481270109788,-0.02070169654577485
E02003590,-0.009362882739974002,0.1540321660477685,0.02993202956178695
E02003591,-0.15025452756717833,0.05211104933429969,-0.031560494613707905
E02003592,-0.11337385111381201,0.13282749802687718,0.008652504661841483
E02003593,-0.14921858059542809,0.11240218629420108,-0.04289564877933097
E02003594,-0.10736856252933683,0.08093025884943843,0.010179055657707112
E02003595,-0.10634529261219182,0.1342840538017574,0.04603034782153792
E02003596,-0.16554027053295273,0.10219742929472135,-0.05683582237102428
E02003597,-0.03670619555892929,0.2015823144263484,0.030663042559938885
E02003598,-0.08142221933794344,0.09213967753950941,0.0016326900468202742
E02003599,0.21312709335388488,-0.054648810067813296,-0.07735743036980508
E02003600,0.21178848419360966,-0.051348298951841946,-0.014825608359758557
E02003601,0.12589201789379686,-0.09789959909093442,-0.041732344692042046
E02003602,0.09908734738224365,0.00421748124093877,-0.07610623077330156
E02003603,0.17547631033748987,-0.09145166598226716,-0.0631577041385997
E02003604,0.1304580512425347,-0.0869892410381427,-0.06864566753880577
E02003605,0.0020030963586902552,-0.09520705215281552,-0.05607176581205465
E02003606,0.00442887652196267,-0.07528005683123935,-0.06294478809023869
E02003607,0.005347223973896878,-0.0804766165880654,-0.021395883672782275
E02003608,0.1664496002988306,-0.10948402628014643,-0.03581356434251306
E02003609,0.07646160931699747,-0.07180919456770567,-0.02081045397890436
E02003610,0.08917917474812018,-0.10239178577269367,-0.009226224587280311
E02003611,0.10103647392736138,-0.0776545944153678,-0.049559116817214116
E02003612,0.11596207624141493,-0.08399979199910573,-0.018750254172306052
E02003613,0.09905859921089503,-0.11103029472055564,0.013502898799137207
E02003614,0.11708868265985274,-0.08585700474873914,0.015698318072840965
E02003615,0.012838634292106674,-0.05657202383762694,-0.07756516229349937
E02003616,-0.01667846100764819,-0.04402249322590778,0.012609778663687447
E02003617,-0.012557927135380497,0.016322914725114365,-0.050336561066780174
E02003618,0.10223888173305545,-0.040554405381660746,-0.04635007350738713
E02003619,0.08522790393507788,-0.057888400579418735,-0.035871613967230945
E02003620,0.13032475800723428,-0.03453331792950707,-0.01583579183051028
E02003621,0.1406415744867153,-0.024925144264967024,-0.019485339355312055
E02003622,0.20399780492081418,-0.050725223609472986,-0.0623998426268551
E02003623,-0.00454169687602227,-0.041338166748601336,-0.04191439151557463
E02003624,0.05462497783988418,-0.0461895959983121,-0.05173941617921814
E02003625,0.13445211080186376,-0.06377336238461229,-0.09429361982412775
E02003626,0.10959298194163189,-0.011955194552307072,-0.021345172949106657
E02003627,0.053719527257248594,-0.0655544708949993,-0.044120873006681924
E02003628,0.17888559405926474,-0.010952587694144351,-0.03324058292781713
E02003629,0.23506654286557438,-0.004578178804985229,-0.049974947806623995
E02003630,0.16097020141177248,-0.05052512965108878,-0.07032831690386966
E02003631,0.1539282639463465,-0.10628141142502422,-0.05476413336247867
E02003632,0.20681253416327655,-0.03810739331710257,-0.06453162075582487
E02003633,0.1581720083317161,-0.03945607357580132,-0.06104484800680881
E02003634,0.11636056043110782,-0.03310183805360547,-0.020663676625648452
E02003635,0.14017879690625426,-0.030163622374043922,-0.03591003539761778
E02003636,0.10246271531372336,-0.04547497852026604,-0.0321841368124181
E02003637,0.06524819253441515,-0.0710864295274982,-0.04430276719443838
E02003638,0.15370816910446286,-0.08586842505281828,-0.026039800148994652
E02003639,0.1241420782265548,-0.1207281861491132,-0.04615917587013715
E02003640,0.15209403062555957,-0.03274182870841063,-0.02204702371808622
E02003641,0.13849909684061715,-0.08278225053493482,-0.01694797343689385
E02003642,0.4219798219735995,-0.07310058907153928,-0.07860771732246222
E02003643,0.11424873533886966,-0.12086969934473094,-0.04972057204304524
E02003644,0.18162767216510747,-0.05738666787601313,-0.07548479067110551
E02003645,0.23289390334356552,-0.036476128462187646,-0.06151861688089075
E02003646,0.2135777902416288,-0.08602254851637509,-0.03394442884847621
E02003647,0.14223222171262176,-0.05134228624985277,-0.0466586796729298
E02003648,0.21168135249535827,-0.045829788843319126,-0.07724399468362311
E02003649,0.15345432575053297,-0.02958998603025741,-0.059933424309738435
E02003650,-0.020033923110299244,-0.020261372915921925,-0.06823479367546773
E02003651,0.03886446161334622,-0.10335205311526366,-0.020951078861957947
E02003652,-0.025293850333066102,-0.03887622056555404,-0.02666075241667504
E02003653,-0.011178682688057556,-0.07250463785822889,-0.06008510442765053
E02003654,-0.01753577944509449,-0.06688790373117783,-0.020174967852499465
E02003655,-0.03263151657606316,-0.05375519209325454,-0.04037220503811603
E02003656,0.06414006392258943,-0.0889467421035875,-0.04347377064914372
E02003657,-0.03812629441789116,-0.0944201277544724,-0.0744359994020916
E02003658,-0.02420468539519006,-0.08175463526017679,-0.04044809590752259
E02003659,-0.12296948593337875,-0.10357908565777667,-0.04341186445621228
E02003660,0.03453105133931958,-0.11387213720647991,0.005089569144454739
E02003661,-0.11063097087200066,-0.07942784515771276,-0.031715812285486616
E02003662,0.07381025682088044,-0.1366877272521423,-0.09908985719442691
E02003663,0.09637704090337523,-0.08775193715003506,-0.008847803669839515
E02003664,0.11921778587965744,-0.13661171597633953,-0.023238636231231527
E02003665,0.04277492509032583,-0.11902627813466611,-0.029998649819079903
E02003666,0.023620453160193264,-0.16918011714791667,-0.026659469358468812
E02003667,0.08584835725974473,-0.12131834147800419,-0.03747082050295132
E02003668,0.06035819317874318,-0.08948023355505345,0.00573906024721496
E02003669,0.10919310072001111,-0.1875753077928714,-0.07462472622735614
E02003670,0.013068560345496525,-0.0676553937180904,-0.01985954877451764
E02003671,0.08814106184534887,-0.08217187395720749,-0.018266139626164076
E02003672,0.009944824533289483,-0.10140996594850278,-0.04919334878108917
E02003673,-0.09393977951558469,-0.13719019277183706,-0.04484397860428847
E02003674,-0.19883224818632678,-0.010751814880514339,-0.03464065078455042
E02003675,0.00024179961500018433,-0.059460056216815625,-0.029811976353274972
E02003676,-0.08202929396734991,-0.10395750356251689,0.05687466937129311
E02003677,0.12210785749679469,-0.11071131685135183,-0.04920578211143498
E02003678,0.10041539890689347,-0.11815527905177906,-0.031981176830888046
E02003679,0.0878323011994076,-0.12054867886878398,-0.09128137606545098
E02003680,-0.025509297357350972,-0.08967824139254424,0.009270220680561096
E02003681,0.024715805769679928,-0.07218496268112307,-0.01315267823589084
E02003682,0.07407060887249595,-0.032329410559154656,0.02190828918961405
E02003683,0.008859292826515534,-0.10267802466458174,-0.026724462152499028
E02003685,-0.10086979710412264,-0.08172554482053335,-0.022403145004645846
E02003686,-0.013914806355286176,-0.0805584662379535,-0.014682023267159814
E02003687,-0.010826622192189404,-0.11351533454067071,-0.04113319351602446
E02003688,-0.06539895999158568,-0.05954770951469048,-0.006276883307032088
E02003689,-0.1307735518039767,-0.1576548114594381,0.004280562968898049
E02003690,-0.0006537982020445513,-0.18652602405003785,-0.05148414966857158
E02003691,-0.043440674677332765,-0.14803882622587353,-0.05389244818035121
E02003692,-0.002919423935601515,-0.16844981915902815,-0.04477535586230019
E02003693,-0.055559334302795284,-0.18359636948098515,-0.07768951768138697
E02003694,-0.008821891864291968,-0.13520902467976717,-0.012965351304272031
E02003695,0.07422764571035532,-0.16604175791432793,-0.06551867665166268
E02003696,-0.013543910048859884,-0.07325998671899246,-0.028114974433918406
E02003697,-0.119914023166238,-0.12541454827303694,0.00751396362916048
E02003698,-0.011268241402320417,-0.11173409500587449,-0.05317989554183513
E02003699,0.0059155822597107945,-0.07198857422912489,-0.08227887281178005
E02003701,0.03847235766741329,-0.127982589452804,-0.04011078506547736
E02003702,-0.1422681341771283,-0.05444596553201239,-0.060984828231362115
E02003703,0.04150296128303062,-0.16056666513764853,-0.028370884818556912
E02003704,0.019013544303140017,-0.1253176998256724,-0.03331047912709955
E02003705,0.11260819275598927,-0.14536365400201523,-0.03403437323622615
E02003706,0.061324286775547944,-0.1396047085302039,-0.05163021299474375
E02003707,0.06731024263002523,-0.16555443202890427,-0.09598685153229393
E02003708,0.12694642415722282,-0.154562876638427,-0.044950552053155145
E02003709,0.15988289019789986,-0.14686999638540943,-0.016147418830911198
E02003710,0.07129646529183406,-0.16765030771727502,-0.03640190669186438
E02003711,-0.020287223719321186,-0.1973465204219682,-0.052246614523169886
E02003712,0.023981024085872722,-0.12889370363969946,-0.08147000762758341
E02003713,0.007893016199414984,-0.07512679291830342,-0.0011982692597544546
E02003714,0.03136051600354815,-0.08212969444013045,-0.020797566966009748
E02003715,-0.08533537722091639,-0.02615856581821683,-0.10943539685132206
E02003716,0.04007633405648062,-0.084655574762886,-0.03338536110954063
E02003717,-0.02585713012448207,-0.06500449190945931,0.006102707773104869
E02003718,0.05634545619487201,-0.11412336193831336,-0.018253688092162764
E02003719,0.1212892515985093,-0.2052557500817279,0.009989551049669925
E02003720,0.06607295914653545,-0.11295069203787998,-0.004675757596416879
E02003721,0.01795899254406249,-0.1403408946799868,0.030459811647359537
E02003722,-0.0403387180330698,-0.2078003006295645,0.02790290096017702
E02003723,-0.025307511315759555,-0.12104434309419836,-0.0439931004641092
E02003724,0.07002226344803678,-0.15567188980554386,0.04820992224920676
E02003725,-0.11036565306012072,-0.17090124704631948,0.0488752822398529
E02003726,-0.06750534791383721,-0.1938923726234728,0.0020945772742762933
E02003727,0.01101585287231226,-0.1583002852994588,0.06594467195092159
E02003728,-0.009208564644931997,-0.17670597265218096,-0.0007582946023619525
E02003729,0.12182980780460113,-0.12603787533847885,0.01701948114714269
E02003730,-0.15101575159160385,-0.20617132404504432,0.00017866321968894512
E02003731,-0.04861663732031774,-0.14665846974110067,0.04135387000056739
E02003732,0.11262433319674997,-0.0037283229753857193,-0.04303142744965369
E02003733,0.05818482078301792,-0.060745173749165784,-0.007219617958274499
E02003734,0.08706856924215871,-0.0981081482519662,-0.023020244267964948
E02003735,0.09865515602647848,-0.08838596002126638,-0.035285682641604345
E02003736,0.01485578835830745,-0.10710813396374937,0.005984354966117804
E02003737,0.06545035576459145,-0.07622727507589873,-0.03220410820496094
E02003738,0.06964257753108945,-0.041202989334163144,-0.00958714495934833
E02003739,-0.020462706238598784,-0.05172731274713036,-0.030406708267581087
E02003740,-0.04525059217262328,-0.06083761967561355,0.021940486150385585
E02003742,0.11219802236316624,0.14613915807776404,-0.047556635714967564
E02003743,0.13089727347367186,0.03658091966922368,0.020331040569805777
E02003744,0.055385965338192546,0.07213721894769903,-0.02408882993956846
E02003745,0.10876261181126501,0.07068671718004964,-0.019450855276520088
E02003746,0.13998609129220366,0.10766073930573929,-0.054801206406539356
E02003747,0.14197158205547658,0.07261020571375286,-0.005012370395172823
E02003748,0.07843742380561593,0.018899135385596955,0.006172166930681845
E02003749,0.07909741153629342,0.049731046007690176,-0.027338264134737267
E02003750,0.09914479395891182,0.015076672246154867,-0.02492085121028336
E02003751,0.17101722958558974,0.06352126616790102,-0.02477872213544351
E02003752,0.10542158003078536,0.049018974593431984,-0.009248800030663754
E02003753,0.10422352033741744,0.05616684140720889,-0.023356593433863364
E02003754,0.06150780631829784,-0.0070018746379293135,-0.018870982228819427
E02003755,0.12841113653070754,0.03441840881241772,0.031298297688030385
E02003756,0.07756690459900047,0.01244459291115774,-0.07291535129251182
E02003757,0.08257969464759156,0.058925307016890124,-0.02392332761925977
E02003758,0.10879941139200584,-0.02490901888576969,0.0024315714566136935
E02003759,0.04660360050127182,-0.044287849059282194,0.033717803182805775
E02003760,0.17475928128121593,-0.0008214614951623861,0.008608988031253918
E02003761,0.050697728130404886,-0.014864538818641738,-0.031510674219438
E02003762,0.08727120701049368,-0.020899939096547564,-0.04276041036638235
E02003763,0.09441615659433464,-0.0908387774083173,-0.026172914503291816
E02003764,0.009069311372367142,-0.039098163513560026,-0.03838261122297542
E02003765,-0.009071773869901763,-0.06997969314927471,0.0058930231675364325
E02003766,0.03425427546543182,-0.030838576014908563,-0.07282216454369551
E02003767,0.008888073874067265,0.011863778629262332,-0.04218028725391982
E02003768,0.011093147806217991,-0.05372146100621404,-0.02329578907924381
E02003769,0.08998272469157859,0.031101961848364935,-0.07902177218355516
E02003770,0.03277791584477192,-0.09420740078519835,-0.07184915580278355
E02003771,0.10111359153943948,-0.13543867823247324,-0.1008935896074007
E02003772,0.14321232609191262,-0.0936167095051126,-0.030010501751057697
E02003773,0.10647026750206902,-0.06182673820268041,-0.04242707880309587
E02003774,0.13515274775636107,0.002133068438518923,-0.09165011378845561
E02003775,-0.0269306138169785,-0.10173836316972543,-0.007167210797644673
E02003776,0.015544646857129769,-0.08922368353414356,-0.05188008051428596
E02003777,-0.04874437901659707,-0.07787644375782453,-0.031294795598303754
E02003778,0.05766138176888236,-0.0780403194169463,-0.10743599113162307
E02003779,-0.001601118224398318,-0.14176636430997436,0.0076789908562530495
E02003780,0.020745135979272456,-0.13236055382003428,-0.01462069349742203
E02003781,-0.017817971879307705,-0.08556254472522551,0.006493120963777074
E02003783,0.004508702065988937,-0.04509315859919286,-0.02318445360401925
E02003784,0.017457933153518852,-0.07685273256177008,-0.028359535974817097
E02003785,-0.019387669902694072,-0.12106845283810154,0.022015446859072235
E02003786,0.02658947414117802,-0.10321088645892049,0.03775775339469675
E02003787,0.022686322726096525,-0.06343417532707728,-0.028040389274538884
E02003788,-0.024444305918753125,-0.03316919193915861,0.024915581690464348
E02003789,0.08315624305944146,-0.07870235935248748,0.019464990687293494
E02003790,-0.03005606933748641,-0.08990095034164244,0.004199944659182754
E02003791,-0.08548121160960419,-0.0791832611239812,-0.036057949701540803
E02003792,0.0001564120539884315,-0.0713867739949331,0.00017301858508386763
E02003793,-0.0035739245975226525,-0.07343567805311102,-0.04239559987221448
E02003794,-0.07854379636012765,0.07183644837505511,0.06922694335433796
E02003795,0.01929819274868779,0.04140284760921151,0.022895295312792975
E02003796,-0.0778486001642952,0.047011772087072926,-0.0189076336827009
E02003797,-0.10409901413530463,0.0618480358335759,-0.026482109012874552
E02003798,-0.025778465840337182,0.07810046846499852,0.0776202481322565
E02003799,-0.023553108731465437,0.14875874625097543,0.0805734191025329
E02003800,-0.13228815898255444,0.020380666203774166,0.02006335112154822
E02003801,-0.04158298727586097,0.06078684863243904,-0.000471953132762305
E02003802,-0.14506554329989552,-0.055484698796678375,0.013694856479464005
E02003803,-0.12168423876631317,-0.03685510136270419,-0.004308289250749209
E02003804,-0.04936469508993902,-0.02897251363775751,0.007868705832406949
E02003805,-0.10861151204152202,0.034061688205655145,0.055180909513289904
E02003806,-0.11842653371948808,0.024429612326530178,-0.00926252491275203
E02003807,-0.08232033124152018,0.034743398759354324,0.008723385468674804
E02003808,-0.12638045472907997,0.042645208688139605,0.026413712066255715
E02003809,-0.19860217407087594,0.10560255160307648,0.03345580562457608
E02003810,-0.12026007767662099,0.10133609374294772,-0.016978355742507605
E02003811,-0.19446749501325677,0.02119128645979843,-0.0014630410654327842
E02003812,-0.14178974333494962,0.04732821384174054,0.001209764975916598
E02003813,-0.09516001618123641,0.021491420330697307,0.01614886457044787
E02003814,-0.06751073137593415,0.042516537813924844,-0.05942725967689866
E02003815,0.05386655265408399,0.053376491669611864,0.026392402203043563
E02003816,-0.10228871934463284,0.050385289715439895,0.01867553106151202
E02003817,-0.051180873371141,0.05128924452455986,0.008737402433207423
E02003818,-0.0601022901992613,0.06746253434394352,-0.029542101597437875
E02003819,-0.10544028488309197,0.07783772507755238,-0.023656704595629106
E02003820,-0.10225382586479506,0.034872782957847535,-0.014961691134848312
E02003821,-0.06205883624086586,0.052255388682034165,0.03157948637216343
E02003822,-0.13027214843745133,0.07103395657230674,0.0021116060657203005
E02003823,-0.08917917546199688,0.10214065536559078,0.0060001241699744814
E02003824,-0.061994741312921625,0.051749276706327146,-0.029945476313945025
E02003825,-0.11359051796597798,0.03952941142965771,-0.02699813495032591
E02003826,0.18120142686662588,0.061531250693358505,0.14825811063434519
E02003827,-0.02229620543775987,-0.0020598544476927933,0.03296302967510283
E02003828,0.016346972553244663,0.08891340297299646,0.027536707395714934
E02003829,-0.13968348874059155,0.02803663152403233,0.02620865073220883
E02003830,-0.11379727867075962,0.08456441539271475,-0.006691956991358221
E02003831,-0.11660837793030979,0.05944962674814116,0.0038553190444904975
E02003832,-0.03643265088345921,0.061682740272737895,0.00578584748546122
E02003833,-0.10730645230360568,0.09813488149480656,0.0053439552465740945
E02003834,-0.03973905085493785,-0.06169881171015878,0.0006177503686293211
E02003835,-0.12456671817224046,0.06508545869148016,0.004781935227685789
E02003836,-0.15294196374815455,-0.03216505007061076,0.002305712994332622
E02003837,-0.13079240936774658,-0.024065285613499854,-0.011901006574984968
E02003838,-0.12419741059341532,0.03353771941051105,0.03209741603218901
E02003839,-0.17365026860949134,-0.015095893191258439,-0.027709821231667774
E02003840,-0.14105972397160516,0.09664795940577577,-0.033261823956237856
E02003841,0.0030345700352963473,0.05373919937327275,0.07673848304719615
E02003842,-0.09711765195738131,0.09800918879589972,0.07607088655980307
E02003843,-0.06019369084646433,0.12719571077907363,0.00042986094959710506
E02003844,-0.0669647789907252,0.14932527723708328,0.02369227962131122
E02003845,0.010879793280462347,0.20353327447825953,0.10171522903162411
E02003846,-0.14532927092714662,0.06863929390522283,0.028381750945512645
E02003847,-0.14210513770491465,0.11030286012327627,-0.02347057352986462
E02003848,-0.15399134930198355,0.11838895698509568,-0.052215978997547124
E02003849,-0.20575256874739295,0.10038436448178845,-0.07104152343318837
E02003850,-0.07161669776916205,0.09266271731809067,-0.035741725810181924
E02003851,-0.09882910896644287,0.07251933122715838,-0.0010053576350008203
E02003852,-0.13652596631497246,0.04594023300023882,0.024207485999582008
E02003853,0.13749299790059372,0.13257401269313276,0.021991329474831817
E02003854,0.1384445002701089,0.07052383454913175,-0.003699027120934234
E02003855,0.09398921173978234,0.03054512421575724,0.01968480168284638
E02003856,0.0645574498746547,0.022640702486889944,0.018292845050611777
E02003857,0.03218937403308052,0.005072615471966541,0.018434142436828484
E02003858,0.002796698537396312,0.06077512016525468,-0.03261471583278134
E02003859,-0.05121324690118962,0.08420045599384425,0.03463939647929786
E02003860,0.040849727797263966,0.014553226716283752,-2.1797381814335087e-05
E02003861,0.022763880211718178,0.0620329516057923,-0.01798822502343693
E02003862,-0.012514639216696719,0.08938715385658655,-0.0026985607854033305
E02003863,0.004643842554206777,0.05835852656907756,-0.028365240673963635
E02003864,-0.027563711697059883,-0.05374454912873556,0.06907234668247979
E02003865,-0.032244750302879925,0.06729275990532249,-0.013662914902800364
E02003866,-0.07210861535834884,0.07974829183091901,0.00918207383067847
E02003867,-0.10206411522127169,0.00044667386319807636,-0.05980757420523478
E02003868,-0.028275265226065157,0.09773228270705966,-0.04941442381048733
E02003869,-0.016701044598427518,0.10233055330541264,-0.029648276664606486
E02003870,-0.004914615799902042,0.07846184214297576,-0.05476520902832586
E02003871,-0.052857295550998995,0.089755244094474,-0.042443636606026
E02003872,-0.08733422530856634,0.07310205290600354,0.0027597852221555846
E02003873,-0.040956549556115364,0.14640074166359557,0.08100914681776725
E02003874,-0.16413502863658588,0.08263287511527083,-0.031773752898888494
E02003875,-0.07649487462888041,0.097737467036036,0.08296028952480144
E02003876,-0.1500019943704406,0.21020314252684252,-0.040429615987786306
E02003877,-0.14074490918077576,0.041226686679744926,-0.01799986491000274
E02003878,-0.06314263467869954,0.09183835791562836,0.04403624054158621
E02003879,0.14777321891317297,0.06044208574660696,-0.0024572674601244233
E02003880,-0.11147990295297731,0.13714083407655264,0.020675735925231954
E02003881,-0.18161109811045648,0.00566306948576751,0.021175766786839127
E02003882,0.010950395318451552,0.10765348153999608,0.05497428141287993
E02003883,-0.0763334607871872,0.10452262459884779,-0.0006311447950764679
E02003884,-0.13693159773406507,0.10338898997317347,0.047665451524769926
E02003885,-0.13783369403112514,0.1570544664229186,-0.015133545681500705
E02003886,-0.11894857185070765,0.04706312818900789,-0.04555203748500322
E02003887,-0.061764638597227625,0.06657611312722737,-0.002478275608127883
E02003888,-0.054406337787161065,-0.057427533512582875,0.029239398725047556
E02003889,-0.02936354049339226,0.10945499511852665,0.07447646522136886
E02003890,-0.10362805944756945,0.0999568875252873,0.01832094164580875
E02003891,-0.1374891016590855,0.02530996721486989,0.0380964431622451
E02003892,-0.1528876848592746,0.16753717485120145,-0.006847352198107851
E02003893,-0.09164836891537978,0.13019951476124586,0.01229345410474001
E02003894,-0.22153231689910366,0.07949966199601999,0.0023996180338118765
E02003895,-0.1687485322678515,0.17632499553725328,0.04902777433841998
E02003896,-0.13132930148778688,0.05131692728157435,0.03611755623966242
E02003897,-0.11211151204624586,0.040868263286085116,-0.012703748288539764
E02003898,-0.0318470818505597,0.16833262693424123,0.05406969016371318
E02003899,-0.12650423601805771,0.0068372722699432805,0.021202066577151835
E02003900,-0.1307962378127892,0.058685014370195535,0.05880145530328925
E02003901,-0.14139864171080646,0.05131816872579878,0.012965690406428178
E02003902,-0.06353402119739657,0.03834191494702892,-0.07690217377753332
E02003903,-0.2205167474284678,0.10285526439876591,0.01654008093794378
E02003904,-0.12372079170767838,0.07651195226094304,0.0026865105861970393
E02003905,-0.13071590881908832,0.19453124440477573,0.06680500378270095
E02003906,-0.09204655085233934,0.22806081069147924,0.05159236771657638
E02003907,-0.06862362662991925,0.18185830184073573,-0.07637034049275203
E02003908,-0.14674579777564986,0.0574326663193558,0.02618813747120931
E02003909,-0.12052126811117529,0.14282895258977338,0.017345547112603277
E02003910,-0.17759845854102943,0.07430316386290496,-0.022854425944090026
E02003911,-0.19961147589429742,0.09951966061428458,-0.01823145003085238
E02003912,-0.20279707844154715,0.11479849425757689,-0.04871866866235582
E02003913,-0.04489837750185323,0.2087051114676258,0.02401767668487033
E02003914,-0.09687667782589708,0.05909885205153272,0.0066635186959016325
E02003915,-0.13313887148032133,0.01559430569893627,-0.055753028050452874
E02003916,-0.033798044455472666,0.01275591408025321,-0.04900277741179484
E02003917,-0.020865307698803823,0.09186535351862442,-0.008328563258062424
E02003918,-0.03493834449873802,0.16506206607945248,0.07538929768692113
E02003919,-0.16056170022552488,0.04550661473312873,0.10590176501102491
E02003920,-0.08779661726876632,0.12098287208262101,0.054244756579915086
E02003921,-0.03807335575560665,0.17784280969513566,0.043131847141698786
E02003922,-0.11258281388355523,0.0997766106659037,-0.014545586161861745
E02003923,-0.11281565393094886,0.0914587582709821,0.06134987910776404
E02003924,-0.1795490145704184,0.04930622019341793,0.08310510068794215
E02003925,-0.09617419112213212,0.1234370825197833,0.012229652464060383
E02003926,-0.09759451472023292,0.16891199432562018,0.0516952634840845
E02003927,-0.16165836551812904,0.1124561169973454,-0.03938101854805434
E02003928,-0.13090332666414276,0.1193841920338745,-0.0035196322005870513
E02003929,-0.04822150341936329,0.0796224445083047,0.021058915289129808
E02003930,-0.0818265029094618,0.13405115267525916,0.011271503220082786
E02003931,-0.02505055885028287,0.17300274656691356,-0.0466974673735565
E02003932,-0.07439413898760495,0.13494223173586486,0.05496980347477066
E02003933,-0.14415440982662758,0.1675496854829163,-0.0004787923523502111
E02003934,-0.06425257084874506,0.1926568300133085,0.12115682828515999
E02003935,-0.0769198548697639,0.07925097201019657,0.07826464546937088
E02003936,-0.09341245148959137,0.13651558240299388,-0.019391950874928558
E02003937,-0.07960241342508777,0.2322749439216236,0.03403577772058456
E02003938,0.010038849053328202,0.09479371924669276,-0.012554715697152132
E02003939,-0.0916969419344365,0.06546950833221826,-0.005171940474328696
E02003940,-0.025130141658469548,0.20384132965560717,0.02658891952784406
E02003941,-0.16220420359179494,0.09441328409340971,-0.03260210835232589
E02003942,-0.1681041517696931,0.01238365829118983,0.0035660735903389313
E02003943,-0.14400683243045181,0.04124141496092767,-0.038984567890758666
E02003944,-0.019940576929107025,0.1050674428782202,0.026350095240047434
E02003945,-0.09875343453406227,0.1459259482684642,0.03282244067234511
E02003946,-0.03972368606544665,0.16988232370749048,0.033689210390915714
E02003947,-0.15688080658560472,0.13243160584734057,-0.06673791166115522
E02003948,-0.10628553972449341,0.17659985719462706,0.041593836182158915
E02003949,-0.13055339232862867,0.18385894103218398,-0.022050520317511226
E02003950,-0.11759172452257488,0.15799661786235894,0.05194234220249223
E02003951,-0.01764067304351186,0.22417669442177457,0.034949551857818714
E02003952,0.01346082666441302,0.21652069060621085,-0.028240362088427496
E02003953,-0.05603211467031777,0.10819146354279974,0.008739981817723712
E02003954,0.049302384789261085,0.22864240113039588,-0.006602080399802479
E02003955,0.00306483764133309,0.22080059166963426,0.039902376061278666
E02003956,-0.042114096277123356,0.15027554144210842,0.02838593217918353
E02003957,-0.13210986138735084,0.14873162421099437,0.02867259861923539
E02003958,-0.07576014895343437,0.15459709046570094,0.0445771499074558
E02003959,-0.09002614975237459,0.17060764132816414,0.03521004950852555
E02003960,-0.1596510009957542,0.24061864375195402,-0.03568298944919697
E02003961,0.014661812798309826,0.12899721279965748,-0.003380278789470735
E02003962,-0.07731182361633551,0.1319275736455536,-0.010019996478718998
E02003963,-0.1016241819897488,0.12999751577286214,0.041169530742609796
E02003964,-0.08009461319223964,0.19659837399209723,-0.035537135773674365
E02003965,-0.255942669055421,0.1468285965782903,-0.08236204029790223
E02003966,-0.16316350471538135,0.2324586677614687,0.034997430017063326
E02003967,-0.35359352780264913,0.07573250623517934,-0.04791378024396843
E02003968,-0.23680621941855023,0.10661723421651995,-0.002168797853324923
E02003969,-0.1716468565505432,0.0013723202397038859,0.045973315107642354
E02003970,-0.36988692412347973,-0.04594651435387483,-0.060269583252498274
E02003971,-0.24039542738656935,0.06902666111336124,-0.002910375417254636
E02003972,-0.30762956481125053,-0.046095930166235234,-0.007464415541390782
E02003973,-0.37269323997689197,0.04809134547143322,-0.02595446983778392
E02003974,-0.2854039224097308,-0.003607706495212567,-0.00191466649919594
E02003975,-0.15634026397325093,0.0299549048562417,-0.05428570455740942
E02003976,-0.19937640717752952,0.05053272262286025,-0.020832885939010164
E02003977,-0.23973577262774923,0.029755353533314387,0.04584610375575889
E02003978,-0.08216159008924406,0.047274938854561174,-0.06829392296250432
E02003979,-0.09453457930454419,0.039286443563161015,-0.02060454895038989
E02003980,-0.23864744440988792,0.039249899699571066,-0.0012831324209032523
E02003981,-0.2233577339251494,0.0027432621865115026,-0.08036861692737653
E02003982,-0.1940106122339393,-0.013505144373111353,-0.026854076646723072
E02003983,-0.1735919194433466,0.04538643852095949,-0.049924442452112826
E02003984,-0.012199660502869554,0.0777630112377363,-0.022215281078874032
E02003985,-0.10148910657158301,0.0417485948770656,-0.023938074016837927
E02003986,-0.07578919088328477,-0.025166045655531353,-0.030162794065190148
E02003987,-0.1753526544433423,0.13860230012237576,-0.06770894332748613
E02003988,-0.22767693758835267,0.0499953917187208,-0.02800587345867504
E02003989,-0.24016859229779428,-0.06105112987167113,-0.04384942844976739
E02003990,-0.27270525222777087,0.02947804210582848,-0.0208060921178069
E02003991,-0.22692410628799717,0.037674206539042215,-0.03173258920306103
E02003992,-0.4223327402573713,0.04887016937463364,0.005709830304245697
E02003993,-0.25304122075108393,0.07856822677661827,-0.01610679902949341
E02003994,-0.3114849424897412,-0.07719760177921904,-0.1052146949544952
E02003995,-0.22758247650487984,-8.95899579040466e-06,-0.00872836997000973
E02003996,-0.3210589448826217,-0.04872343858920687,-0.05650043249661679
E02003997,-0.25594397936863417,0.0006010312036439638,-0.043246891115751494
E02003998,-0.1862846580123955,-0.008575623349529363,0.06566196914446013
E02003999,-0.21701779199540377,0.023519210054774933,-0.029457454517893906
E02004000,-0.26187986104684846,0.020843163066408727,-0.031059191547974464
E02004001,-0.364007311677268,0.04227689330118778,-0.056075884171664966
E02004002,-0.32930978019280027,-0.055722453100954875,-0.06813061984832199
E02004003,-0.214439548871161,-0.07908028652934106,0.003013922521864227
E02004004,-0.19235000549679535,0.05561991717325182,-0.03339314175602621
E02004005,-0.31968707727791956,-0.0748581019162996,-0.13224405194381203
E02004006,-0.3780168365360561,-0.05698542466655321,-0.03154290144930418
E02004007,-0.14944412563431747,-0.007854614173270684,0.013478368808522212
E02004008,-0.2216057478718162,0.151122830749,-0.09274375105585662
E02004009,-0.1759400735787187,0.13668939517746903,-0.02504895287794851
E02004010,-0.3216350434130422,0.04564147493121623,-0.0016012638386666393
E02004011,-0.21414058608582387,0.05059761679601423,-0.027711143982122974
E02004012,-0.35212026912783595,0.07551665975625133,0.005204205866107552
E02004013,-0.16789184797991474,0.03980215723497029,-0.005593046887753039
E02004014,-0.2520735452861592,0.17828245644598886,-0.007398658214343261
E02004015,-0.22027428255722267,0.026348863473022628,-0.0424492232145558
E02004016,-0.182439314953853,0.1316069207134391,0.010821502527023734
E02004017,-0.21003523216733136,0.02904013470905979,0.08481940618240853
E02004018,-0.23767273353279383,0.03406417017160876,0.009332328572245132
E02004019,-0.22593352312796453,0.04883719343338014,0.015536766201065325
E02004020,-0.14920539615889342,0.08218309659206033,0.016669976931837065
E02004021,-0.2908379406577961,-0.0011319701499792787,0.03622164967273384
E02004022,-0.2539293764997221,-0.00675561492895387,-0.07476734206509543
E02004023,-0.3256394565462297,0.08221309160905446,0.02947625055845291
E02004024,-0.28257113675752904,0.03116066402711493,-0.057367661605912494
E02004025,-0.24658434145515673,0.08600799336757507,-0.007298880540408075
E02004026,-0.10957783476773313,0.03596781362632056,-0.020610755478165668
E02004027,-0.19301662573574413,0.09090664169554154,0.005007888077078727
E02004028,-0.14349238852944846,0.08246421944062898,-0.05682246416488924
E02004029,0.09999837929866223,0.2616925507496856,0.07949409306085248
E02004030,-0.08778039655254788,0.08331079251729889,0.04831114045826558
E02004031,0.02379186055423569,0.10015296660821932,0.08942804423932468
E02004032,-0.023960812407333155,0.0878376555034811,-0.0219666180845656
E02004033,0.02850286147588323,0.12830411051967347,0.008665940662712781
E02004034,-0.002910670484781367,0.028505510673550238,0.007695849084815787
E02004035,-0.031665048402177876,0.12751231980640448,0.031020132267894504
E02004036,0.02862261537173543,0.1541160353352073,0.0313294237038964
E02004037,0.04779658698433927,0.1002591964334442,-0.02619501179911381
E02004038,-0.032561623639063016,0.11484814591816879,-0.005425896953236078
E02004039,-0.0015378574902903573,0.10783287106450364,-0.039901326010640115
E02004040,-0.015129069915560978,0.08635161996861085,-0.0021879790652581757
E02004041,0.062347533522544636,0.16883727341918567,-0.03392513388713157
E02004043,-0.02651023795469394,0.09718647628238541,0.017063179521062607
E02004044,-0.18313252991068318,-0.06450107609017158,0.03491872842002315
E02004045,-0.01994213383905929,0.0894344938093821,0.07524339981748258
E02004046,0.047167924291829165,-0.00040668015067358925,0.0964912201452626
E02004047,0.16162823404909274,0.5026274355439936,0.07731605108286291
E02004048,0.11981717984443375,0.20957326730166245,0.027906059913317842
E02004049,0.040734516260398236,0.08542680443803466,0.03650001162492735
E02004050,0.24085163862902698,0.02905356271958222,-0.03290354770062284
E02004051,-0.009591140487368456,0.38044811180814175,0.045227292015148086
E02004052,-0.05009819835794295,0.1130589231479129,-0.009948229483211082
E02004053,0.039239357693222635,0.1371690958792113,0.06717636131979722
E02004054,0.017012003413349682,0.06021694103760342,0.0639484057920411
E02004055,-0.1108079656085514,0.029249698618447364,0.031237534880437953
E02004056,-0.03400103015048459,0.052081842688582035,0.024103846798211384
E02004057,-0.011025288989591995,0.07711132542193667,0.08783589713715773
E02004058,0.0656127795186747,0.07425341973837052,0.03363499950476178
E02004059,0.0071894634571886785,0.05636792540011361,-0.014743827582689708
E02004060,-0.0016102352311190078,-0.0034581039183476533,0.045758976134172825
E02004061,0.011705688461676739,0.040832861747164065,0.02980833979833673
E02004062,-0.10486962525713756,0.009257978915816041,0.042425850350793756
E02004063,-0.0713505131857141,-0.006145410537702852,0.00932034104030992
E02004064,-0.07288379843584283,0.052211449512328895,-0.056233405876849295
E02004065,-0.056572792804662014,0.045012040891051215,0.005849685278507966
E02004066,-0.09091876008025115,-0.024459280821925358,-0.03721722189201587
E02004067,0.006518038577990204,-0.020482350104561047,0.0599528599602459
E02004068,-0.09215838105930282,0.12515207911542092,-0.02635427204716461
E02004069,-0.18550178796086977,0.049483810117184016,-0.0253017301788555
E02004070,-0.10717337535513637,0.06024697204111224,-0.00860685218757006
E02004071,-0.0496806694302387,0.075736509125534,0.0030688084150675334
E02004072,-0.0696340395091912,0.10473600421172088,-0.006173495159556698
E02004073,-0.12277877253879507,0.09072081120641146,0.048397834810045504
E02004074,-0.012129369805369855,0.09561627639454455,0.007398842710758472
E02004075,-0.1486851132741893,0.016223244411208745,0.0075944204442415
E02004076,-0.1222666971477889,0.06821711056075815,-0.019510935950818094
E02004077,-0.20993416920693903,0.06769155286294203,-0.030959193436687273
E02004078,0.17663541614635148,0.1299695736901746,0.011939712158330881
E02004080,0.09756267756882893,0.08140187897702819,-0.03438486213626274
E02004081,-0.09735604066801729,0.08694652010679652,-0.02411213283283518
E02004082,0.0018586822930499493,0.1316748747537278,-0.012563754258950592
E02004083,0.06677532452751843,0.16442905229947782,0.07550297888115629
E02004084,0.2263433720324557,0.1113266104182962,0.02567359470561739
E02004085,0.08430782527785574,0.11523819042689061,-0.00040786151186832494
E02004086,0.047143193858819744,0.1019664302598103,0.03117905158205567
E02004087,0.1739432552671461,0.12944741826041609,0.025649804384778967
E02004088,0.08498709286341737,0.09830476319046995,0.048450948588093894
E02004089,0.13892479009092118,0.15626343220733077,0.07961095867847426
E02004090,0.038243116051500714,0.10512720166499236,0.024354667313564983
E02004091,0.1728734425065388,0.10695946729747713,0.05529022783364549
E02004092,0.0864066319106451,0.15471143053312664,0.06599924517496131
E02004093,0.05361479360527229,0.13318533751885475,-0.00438213546886386
E02004094,0.03105655883005839,0.19452409567962217,0.05191638202176578
E02004095,0.011336062775137096,0.10049244394975379,-0.05986577023754274
E02004096,0.0053228846815520404,0.17625166659140376,0.011141360048820197
E02004097,-0.0060602788556473166,0.1501739065170065,0.020405932105117354
E02004098,0.10262913314877944,0.15662154800775982,-0.05746130149853144
E02004100,-0.041984647089810506,0.12273964086443159,0.03193647037639138
E02004102,-0.216644638840939,0.02398781908825523,-0.022240365575284686
E02004103,-0.12128767985459302,0.053446069512320206,0.012358882440914121
E02004104,-0.056051222691174005,0.03812820019946175,-0.004671223933123052
E02004105,-0.07232142434213777,0.037340127820008416,0.02469116530472986
E02004106,-0.07769575563002908,0.05478792393566996,-0.0007667114012091974
E02004108,0.008362939590712833,0.05315314546501682,0.018370377717694623
E02004109,0.08555236291916633,0.07719014855028829,0.05454059272416534
E02004110,-0.053839945876637894,0.07139874958367648,0.005314613243956645
E02004111,-0.012388457888785526,0.11148679422131257,0.0072963889496019466
E02004112,-0.08342792248742117,0.03293516654217167,-0.05819339557982078
E02004113,0.11784695615506478,0.12555413940712562,-0.050849034515064985
E02004114,-0.12713685548419063,0.032273953118653366,0.028182778652621934
E02004115,-0.06809638065236508,0.11394404822356051,-0.0003747827999499378
E02004116,-0.11364212031197629,0.12938528379116437,0.0032551670001548677
E02004117,0.01198160530539362,0.12513964957882623,0.027303223317439767
E02004118,-0.11014363313897468,0.0524615377974908,0.03585514265295093
E02004119,-0.14125882074661722,0.0129379854022488,-0.03961110340379772
E02004120,-0.003824069112910982,0.066282004941088,-0.010228633074683278
E02004121,-0.08518357214558896,-0.005221663537668083,-0.07369985368078619
E02004122,-0.05128641828936481,0.09854172925060527,0.05568766770356113
E02004123,-0.09357318421340653,0.034468268611492346,0.024308755992619058
E02004124,-0.010252924695597134,0.10053703732244532,0.07808727571435467
E02004125,0.006498346097279891,0.07854016323146563,0.032636069486410485
E02004126,0.08247961062032479,0.029957612069519773,-0.05165562521144409
E02004128,0.02565902842636952,0.06777705732102694,0.0625099208005438
E02004129,-0.030985465711319337,0.06267956668994623,-0.003290695178291141
E02004130,-0.1355775855035661,0.003839345486788974,-0.03638236274617375
E02004131,-0.029370435593489917,0.008060708208728352,-0.01030618944094193
E02004132,-0.16867259491782657,0.09786144517430975,-0.028004719769393224
E02004133,-0.1581096040050408,0.07406725866172828,-0.035610855126996716
E02004134,-0.17236730844154458,-0.008978388216090611,-0.017419102930763285
E02004135,-0.09361000797943843,0.1283910371610754,0.015484323260888729
E02004136,-0.09748164045793485,0.05500916308862311,0.034053586608538335
E02004137,-0.12503731733691265,0.09819088813723209,-0.007732212728826705
E02004138,-0.07735770210349437,0.02647906938834501,0.010943473999950739
E02004139,-0.011600319391931523,0.14059077409067353,0.03254291018234795
E02004140,-0.0793891637838031,0.03557791628775291,0.013100967481436868
E02004141,-0.09646548256647368,0.14787767228461232,-0.00022596709429026688
E02004142,-0.15160434426381028,0.08583599759490057,-0.009081248608050011
E02004143,-0.02022818107766543,0.09755346437603928,-0.019192613073510275
E02004144,-0.11839866677258835,0.09506666444705496,-0.0534765669133874
E02004145,-0.13355228114421597,0.05364475390872424,0.0017001461300297953
E02004146,0.029375006119506938,0.06427580339405192,-0.011956498364934722
E02004147,-0.027197178965968394,0.07372314186440014,-0.0020926176801405677
E02004148,-0.07218166189020955,0.03386873904584994,-0.07910006310975023
E02004149,-0.05527647759696247,0.07126407537201686,-0.037415309449987104
E02004150,-0.0299021878498068,0.007360314081547655,-0.039311802364771616
E02004151,-0.06205648771132809,0.00720946295138111,0.0007939986601182415
E02004152,-0.005188472233034412,-0.01365971353339709,-0.0613282340258618
E02004153,-0.11926655615231174,0.04031992416161345,-0.014210503361848944
E02004154,-0.009961672180539241,0.00902438444880761,-0.03316748072387329
E02004155,-0.07833719528555054,0.00821858594344924,-0.005073516019551068
E02004156,-0.11999557492626983,-0.044107454170379236,-0.013647969620172704
E02004157,-0.026005212198202742,-0.0007478552231982896,0.01154055641394772
E02004158,-0.007906623451550625,0.028721348403046774,-0.03455460886008106
E02004159,-0.10604157729597308,0.01744872165816386,0.016908435331002794
E02004160,-0.037673072897095046,0.04896795886392327,-0.02011490438791166
E02004161,0.03179348849864252,0.08721502710177796,-0.00647865148639372
E02004162,-0.072890982499618,0.02213971018628298,-0.034173976327080496
E02004163,-0.20626769320710836,0.0442613151145634,-0.06073384700796492
E02004164,-0.08459088980787312,0.11822310407009379,0.04802017641236576
E02004165,-0.11131929924306205,0.08398474413542718,-0.004192739032184636
E02004166,-0.07291236464780997,0.05993497094750913,-0.05863521965995313
E02004167,-0.056533161123783995,0.0908651946357689,-0.07449762503580352
E02004168,-0.02672348593309633,0.14220499667091227,-0.006420798634774597
E02004169,-0.06174596627570987,0.09614058863610127,-0.012242605729390156
E02004170,-0.09692060482898274,0.057689136621625205,0.020703585754051627
E02004171,-0.13679169806886401,0.05397427476680167,-0.03161825151735088
E02004172,-0.15444341256555724,0.14577073213333405,-0.07234890790093403
E02004173,-0.15558818954261974,0.09145753751842002,0.021273988180589957
E02004174,-0.1554424128870335,0.03865662012157111,-0.018226659766914385
E02004175,-0.10569265038700527,0.10167561389785962,-0.041524935133787994
E02004176,-0.09597144408501723,0.1527377142136972,0.03719131543541211
E02004177,-0.07627818316355697,0.06424444357035801,0.07966509538871788
E02004178,-0.11297284244916353,0.18263386681657798,0.017800292312037787
E02004179,-0.06641104891617197,0.16157732563920202,0.05777393116596935
E02004180,-0.11945846348477211,0.09173516957344248,-0.016902233794165656
E02004181,-0.15362573131479254,0.010315210770136586,-0.047134302755406296
E02004182,-0.09670093211263377,0.05700843756556769,0.058795306658424355
E02004183,-0.16776098585425592,0.04331615068703322,-0.06891921193273254
E02004184,-0.23811563007698358,0.0566864322128466,-0.04204036670295346
E02004185,-0.08664477978923271,0.08944976395950967,0.006710056148788518
E02004186,-0.1144844561878058,0.07468564377677664,-0.004638259861983288
E02004187,-0.14248651646894384,0.0752800658158309,-0.020209570395438175
E02004188,-0.15177940340435242,0.050618154194553226,0.024638183880093308
E02004189,-0.1338511272584414,0.028057156904758213,0.013755761772301785
E02004190,-0.16061220843485954,0.06953085412702921,0.05078797409894298
E02004191,-0.1684006657143565,0.11481232974570747,0.024576659136457388
E02004192,-0.14013184904778733,0.11619843362768595,0.024255328356354338
E02004193,-0.10500535422226402,0.021491123387866382,0.013355765027628244
E02004194,-0.10143103271572815,0.13143217209185934,-0.047841489229522895
E02004195,-0.13846593772303845,0.1430147945198673,0.09076092824211719
E02004196,-0.21029287920407183,0.04178821985099215,-0.01413984440169664
E02004197,-0.21186786005360758,0.02701093611873094,-0.005048567758121299
E02004198,-0.12069108274261785,0.12423576867696504,-0.022500248402661346
E02004199,-0.11548603211884742,0.16139118989793075,0.02075430136578644
E02004200,-0.033578509188442664,0.1773126342253665,0.08567297740941468
E02004201,-0.1101794320614235,0.0746862344686479,0.027471219380743917
E02004202,-0.13264207940895403,0.07552138352769316,-0.03315798125902553
E02004203,-0.1830908431123508,0.09502222795139985,0.045457085588000344
E02004204,-0.16478323740606776,0.08414260531756657,-0.03821215062664522
E02004205,-0.06556457936644544,0.04898653672779176,-0.018860733252526223
E02004206,-0.12866894592728734,0.021055047915607854,0.011051405534834056
E02004207,-0.08461328947998788,0.02401843552561253,0.07332727322313343
E02004208,-0.09163997917431022,0.09363267254191146,-0.02385916867073712
E02004209,-0.08826148485672393,0.0664269206410294,0.023544655770509407
E02004210,-0.08245953352916903,0.0763693983343474,-0.0656731278615307
E02004211,-0.15747151245602298,0.10252275971988434,0.009751893169329687
E02004212,-0.0745519010654417,0.05754094020747702,0.02019529826326537
E02004213,-0.11282458891038925,0.09696266248389156,-0.004185731923021838
E02004214,-0.09712536341867865,0.008780855340759204,-0.020387162633275058
E02004215,-0.1530302362994841,0.054351061133389396,0.09684344697218152
E02004216,-0.11057535539629228,0.11071389578050772,-0.05990146229176458
E02004217,-0.15954742059395519,0.04885543061799085,0.02762071236063326
E02004218,-0.0345299303836939,0.0718184840434289,0.017278547405287264
E02004219,-0.13416756879444872,0.12189416544039479,-0.037130113021515206
E02004220,0.008610475687037739,0.17734119572258292,0.022507832186816516
E02004221,-0.061143947769096034,0.10065105881412593,0.012343348431470853
E02004222,-0.09325178361496483,0.11042877068531605,0.03750668248008905
E02004223,-0.060954407337239024,0.09058513996900104,0.0057228782587269945
E02004224,-0.12313625756698271,0.11778931206734483,-0.040604778327207644
E02004225,-0.043768866147720534,0.1194576816632545,-0.030159300355141597
E02004226,-0.14761520324121147,0.10166602645313028,-4.261992875935877e-05
E02004227,-0.11262547328364046,0.11429897711805222,-0.018913959330469597
E02004228,-0.06275490355875793,0.11445502868615087,0.00030352706298373
E02004229,-0.1742415660363853,0.048883393618334374,0.015823394355162407
E02004230,-0.12481666351403088,0.11205878138921092,0.010167145827122276
E02004231,-0.13613987737265254,0.1993595139285599,-0.02330659493130114
E02004232,-0.06447594453631643,0.08095107864713393,0.041958147915437484
E02004233,-0.09013426147364369,0.03904212892502244,-0.00722730267611402
E02004234,-0.10598006541231916,0.0877522255971842,-0.019681601178870297
E02004235,-0.12359222280146641,0.1664546044647352,-0.026663886418697512
E02004236,0.002991933301190404,0.038590068212278505,0.016831425941101607
E02004237,0.01277665953824839,0.0025879109485950256,-0.0024033484526723944
E02004238,-0.051870712001508265,-0.024745197836185444,-0.05119710917660869
E02004239,-0.01098560421081968,-0.0037733665026935034,-0.024101641965662692
E02004240,-0.007549200943607253,-0.044385007023791334,-0.026339564367053727
E02004241,0.007829742701121547,0.00810496987550072,-0.022492608415005378
E02004242,-0.005491949880088874,0.03543343691952809,-0.003076684242923151
E02004243,-0.05541877369845865,-0.023096703048248075,0.034655673670264515
E02004244,-0.022302852624058535,0.027668922327263347,-0.010931255470108413
E02004245,-0.02828196646974384,0.025966654324507586,-0.005055033732025579
E02004246,-0.040495426061320186,0.09092420662507684,-0.02288023883639935
E02004247,-0.14643806627107184,-0.017558540083175252,-0.04496557605162801
E02004248,0.0015848575524263643,0.0691644856166317,-0.0005267230675665175
E02004249,-0.0458932106730776,0.06985477102003702,-0.019098627624024176
E02004250,-0.08443252902787185,0.042494638421668895,-0.004194039362444971
E02004251,0.003901906696839651,0.01588184024711031,-0.01549985395391832
E02004252,-0.10620929724419005,-0.0179538282862467,-0.042666612653997515
E02004253,-0.007757640409843563,0.02583175434472217,-0.04655754483784992
E02004254,0.057225263489020135,0.04275148463365474,-0.027927033291990193
E02004255,-0.07821372115229829,-0.01227049481444886,-0.040627016057824684
E02004256,-0.030010715618977113,0.04688209431795413,-0.01851723697216741
E02004257,-0.1123440710937862,0.07983202835450488,-0.053204361341285804
E02004258,-0.10891567611221507,0.030969468395694477,-0.03303685159271689
E02004259,-0.1263483770459172,0.11322716492888227,0.004211856244389969
E02004260,-0.0515964755266043,0.0069615913255448485,-0.0009742980974339838
E02004261,-0.03114024870493022,-0.0023616813451044164,-0.010558199389805298
E02004262,-0.04977166074164104,0.008006840450667862,-0.030171091277840824
E02004263,-0.009665215529369395,0.00927240523005577,-0.007584715517884353
E02004264,0.036418159535072846,-0.006101591078369129,-0.012326201381131873
E02004265,-0.00942477702553177,0.04476759956945026,0.004408359484241071
E02004266,-0.12048397325061352,0.08166921004906512,-0.046854423667602625
E02004267,-0.017216408308566914,0.14198683821248595,0.004050926680514472
E02004268,-0.031056487716358307,0.03543636229527109,-0.05108674577451796
E02004269,-0.13135418337677973,-0.003465163685538156,-0.004302276592689821
E02004270,-0.08151732614017343,0.09784051072668196,0.027492997560279033
E02004271,-0.14329414589304787,0.1212037738229333,-0.022498328557435297
E02004272,-0.17757874475862623,0.03920444132615521,-0.03141207743187009
E02004273,-0.15376271117201706,0.15737091772442552,-0.010029223620899868
E02004274,-0.09338670575872585,0.06312633580085794,-0.0005162366437097453
E02004275,-0.13712338777735802,0.07412476825721652,-0.04199542680961996
E02004276,-0.125532590035703,0.08357937706936582,-0.07343108382772297
E02004277,-0.1453844852704593,-0.021772852094897797,-0.051044921847372984
E02004278,-0.12341899156043162,0.0079813810960603,-0.005810918844098326
E02004279,-0.07526223735469703,0.03277970761541768,-0.0031823828534558595
E02004280,-0.09132718256107268,0.018773681419150964,0.002864987257649265
E02004281,-0.02078260330265491,0.044636927513815546,0.07858742638009246
E02004282,-0.12023606653454305,0.029203150468556552,-0.03139084470700706
E02004283,-0.08384803090049812,0.03755283124651525,0.011818264155166878
E02004284,-0.17400854498011475,-0.007741939181493217,-0.0026439996169978436
E02004285,-0.12121398847443574,0.03597019516926182,-0.03160073978383301
E02004286,-0.07336775464039282,0.02777736496041284,0.003800206805407399
E02004287,-0.08571786667675316,0.06713057167077179,-0.025653990148486072
E02004288,-0.10234762745309876,0.011306609907742985,0.03638433947195434
E02004289,-0.12840158489089668,0.012448029689035344,0.011172847808331698
E02004290,-0.2532359110886505,0.034096089255884865,-0.05820010715785418
E02004291,-0.14926552140135937,-0.00046817529384910264,-0.05649592589024848
E02004292,-0.29448448450866654,-0.043640630831436135,-0.02620405007671386
E02004293,-0.2730285018099441,0.028034355697275012,0.000859005334206503
E02004294,-0.24446315108599023,-0.10747745660544765,-0.02884899674440972
E02004295,-0.13287203333574185,0.05090720594455221,0.08944863189163796
E02004296,-0.22142709301988422,0.017831046777282315,0.0018091363515101283
E02004297,-0.25923674585852735,-0.070257941756446,-0.002111047904078007
E02004298,-0.24553787802699079,0.0042083918268951866,0.07888247112822705
E02004299,-0.2027171952323579,-0.0225728169517676,-0.13546002884894676
E02004300,-0.25094502413875447,0.05908116677974869,-0.09335102705889835
E02004301,-0.05537673307110363,0.02960537661100365,-5.544307670419075e-05
E02004302,-0.0076437957132597725,-0.0062665185948009,0.03716808116438304
E02004303,-0.20874325205385277,0.06850504967653699,0.006119535681284418
E02004304,-0.027234018565126642,0.027634833599239798,0.13504786032789082
E02004305,-0.09956729793801102,0.06845223625270531,-0.08429785419343183
E02004306,-0.2759865440354605,0.005341640291210515,-0.010682522701001078
E02004307,-0.2544239968332422,0.057513389854175416,-0.0704960667266478
E02004308,-0.15973964216648281,-0.001088045319834486,0.003473644331561261
E02004309,-0.24824401470281,-0.06061922880014041,0.05961707654657205
E02004310,-0.22696588686607858,0.05787378744595032,0.06941551079058461
E02004311,-0.21644976320972092,-0.06967121594082559,0.029201680628778964
E02004312,-0.20038518347500067,-0.06807076171748322,-0.0014598694119824411
E02004313,-0.09758836268792208,0.006737463445782421,0.020752921880106454
E02004314,-0.2726584452820116,-0.10084330667964815,-0.04089095634924046
E02004315,-0.24560607011879648,-0.006259041548320153,0.007948812685447542
E02004316,-0.18314714517703218,0.06225578032306814,-0.0835822313634332
E02004317,-0.188675141460256,-0.009512186632404126,0.026254228759762775
E02004318,-0.2110119942764464,-0.025246137277393946,-0.11145908293157243
E02004319,-0.30241811224613724,-0.07199701176097788,0.01655968038261007
E02004320,-0.32905863863652235,-0.07644909228344436,0.020815767803734907
E02004321,-0.21590291723777097,-0.007715994317512142,-0.1170357428366771
E02004322,-0.2301719617376146,0.146014030664068,0.016922382337839815
E02004323,-0.28556656947861075,0.04403654710209488,-0.028307888346471223
E02004324,-0.31055037646629513,-0.1754665249338003,-0.04422310878565743
E02004325,-0.21759302729499813,0.11684533586845729,0.034838475027191416
E02004326,-0.04715747107838052,0.12373788185616116,-0.072096045358245
E02004327,-0.2498801838565766,0.033816624489322274,-0.11329823305901063
E02004328,-0.43498319280480435,0.043460141290172,0.04194363810470744
E02004329,-0.28717510866307905,0.03448977209475911,-0.09012402299370857
E02004330,-0.2668927444975723,-0.1296195213197989,-0.02030390323331342
E02004331,-0.014888932201356937,-0.08253899644180714,-0.015385653679260083
E02004332,-0.2543833105491592,-0.1313747143091386,-0.07593501557955566
E02004333,-0.3208094678721086,-0.020775959871794997,-0.03510645839129438
E02004334,-0.1690729831783395,0.07726417439514448,0.03641325592352449
E02004335,0.05127366865174653,-0.054110554287422986,-0.004744635156444404
E02004336,-0.18313724193794859,0.0697580200533856,0.07243643034873273
E02004337,-0.08782324462433858,0.029773875457381596,0.06277913692308766
E02004338,-0.10131380089168399,0.1814121614071016,-0.06083752306452107
E02004339,-0.3389284468314072,-0.015293203949361537,-0.03507434522162904
E02004340,-0.1660748006633125,0.07875168184830326,-0.06855658374704325
E02004341,-0.2913394699758465,-0.015105877428536734,-0.008795566390901495
E02004342,-0.17767211664455948,0.15307697973744175,-0.00323430497851832
E02004343,-0.260476388828097,-0.019672012390132197,-0.030237795105581066
E02004344,-0.21907512708084467,-0.04336588907954554,-0.004450355772105875
E02004345,-0.2562795730225661,0.06697271153393233,0.07870073078161302
E02004346,-0.25032775850366823,0.053810762248579086,0.01418058457782933
E02004347,-0.1765815486621304,-0.02930696476118959,-0.015132083171611457
E02004348,-0.08961085248215525,0.1410665467220051,-0.05189082774053378
E02004349,-0.18989349484046866,-0.08732558091668076,-0.02741018525848417
E02004350,-0.17999990967841847,0.08442635156991858,0.05152471112708871
E02004351,-0.2847533452905494,0.13901801935174954,0.09678977626619313
E02004352,-0.04450438840181048,-0.06922385987669046,-0.038222685789605346
E02004353,-0.2152015472869694,0.0555564169295293,0.0037904637040596
E02004354,-0.2554279174954172,0.054653595252377486,-0.07105938827680902
E02004355,-0.023049728906494184,0.07167235748558626,-0.02433700101683948
E02004356,0.10351226332441996,-0.013478762289210862,-0.01582488446957606
E02004357,0.13990546748902066,0.057319457640128205,-0.0030034141346951017
E02004358,0.11265925013652825,-0.008589189594152984,0.01112043359453351
E02004359,0.017885029377749384,0.05281174911961067,0.06267957473113313
E02004361,-0.018311660464443536,0.0444548301217561,-0.04048151639780011
E02004362,0.07402887906183381,-0.040983309323092576,-0.04244360342177629
E02004363,0.03046769918299966,0.009051245855360832,-0.04273699819288791
E02004364,0.011634930806985721,-0.050776081617013226,-0.02250628738716969
E02004365,0.03923878729560597,-0.04350502501178758,-0.02494382892072625
E02004366,-0.009200545764397505,-0.11759923036463568,-0.0025032642112354556
E02004367,-0.05482810670986338,-0.0701020552071881,-0.04976643459690244
E02004368,0.1073472753121082,0.02145900398610338,0.0125072509086807
E02004369,0.11618923138475615,0.04582383832672325,-0.017928781209236255
E02004370,0.14352975450101968,0.12974845097648469,-0.005302315231644074
E02004371,0.18487491719924468,0.06895404234419894,-0.03578977656968985
E02004372,0.2687424404260454,0.05333030081656012,-0.03837652668740611
E02004373,0.13327477249243144,0.08303758888402708,-0.017166249848170313
E02004374,0.1907351430314556,0.11886132675225536,-0.042217474553873896
E02004375,0.25106178791907074,0.14680363932805915,-0.007847773254020553
E02004376,0.1972954566679097,0.1364024844680784,-0.04192397095246547
E02004377,0.14575293036636866,0.08194897929276714,0.0001281834809740253
E02004378,0.36783432191635484,0.12602991919214912,-0.041897117354798015
E02004379,-0.13344881672757125,-0.012861461332279724,0.005807252823878072
E02004380,-0.1360357917550285,-0.07513545618631162,-0.03337438241202759
E02004381,-0.034999303775121685,-0.038982616222286284,0.0331278283563324
E02004382,-0.05917436870273809,-0.025339563841070643,0.0038360691984120833
E02004383,-0.07124188575368579,0.023744183715862982,-0.02076872554074592
E02004384,0.03209376000731903,-0.01742973190784217,-0.021085898504676636
E02004385,0.06856877354525398,-0.05770703706865586,-0.02046097882866487
E02004386,0.015529654127384664,-0.09280272586329583,-0.03118097393128364
E02004387,0.04885575361382266,-0.05637883977677967,-0.018609593277536446
E02004388,-0.07791423296774837,-0.042807348879308704,-0.005715483659460959
E02004389,0.04129311024291371,0.04174520864898151,-0.0005399397480420068
E02004390,0.02747716180500398,0.020489807695241814,-0.03042851871698327
E02004391,0.0038725093808050512,-0.05485026376844976,-0.026707300244523204
E02004392,-0.0812624264727957,-0.019327315472865567,-0.008307611556971382
E02004393,-0.0449494152589533,0.04858130970980454,-0.03269263184073716
E02004394,-0.07757923863341169,0.007522573667543479,-0.05561983857957874
E02004395,0.005000898038165559,0.09507542416462217,-0.03674444774072738
E02004396,-0.01580804194235449,0.08237854864593223,0.013960244489842063
E02004397,-0.03075666313562076,-0.06199495938174285,-0.026425259725189176
E02004398,0.15586221891594396,0.08340779206505271,0.01515032425895832
E02004399,0.055719360975013024,0.05219088781328202,0.025353673752709607
E02004400,0.06269471016220775,0.09466016186884982,-0.005773608727023027
E02004401,0.08373519740795629,0.03882942015803526,0.019447223595610755
E02004402,0.06879180440564035,0.05051158756381979,0.0026565633533693384
E02004403,-0.07187352274047541,-0.09300418899030138,-0.00548540679659988
E02004404,-0.06025293911639422,-0.026060410368007287,-0.038911671207347585
E02004405,0.02499795672298456,-0.07424196862852388,0.023043287234018068
E02004406,-0.04002669255046826,-0.05799431420972511,-0.05994666332332439
E02004407,-0.16398251091661784,-0.029246931005961648,-0.03206537543687914
E02004408,0.032703805495672915,-0.04238710779481939,0.013396052374127393
E02004409,-0.09624125472922143,-0.009904615369328613,0.046384323833357416
E02004410,-0.11163876821724714,-0.007549465521385675,0.010083709122937453
E02004411,0.0480021981799657,-0.10906490862974672,0.011119925230834944
E02004412,-0.040250643461195605,0.0019684357299375537,-0.012174199357222828
E02004413,-0.10058289730909598,-0.01578146457213307,-0.06043842983997573
E02004414,-0.03807907880805306,-0.0735568142214686,0.021619748030574194
E02004415,-0.08500144565682201,0.00710573843146809,-0.013694064225730135
E02004416,-0.05048798585448982,0.02205504314951914,-0.08802863486193234
E02004417,-0.001822984727973489,-0.012076000160777796,0.01550547004803445
E02004418,0.03815627884489082,-0.05698034658879477,0.023031075204864186
E02004419,0.11483562193702103,-0.02175801966259183,-0.06702747941837779
E02004420,-0.04979284202374259,-0.016489020429164065,-0.029572230527067235
E02004421,0.011862207736475566,-0.038406979085814266,-0.01183131299878916
E02004422,0.03355552346693355,0.012483914198896868,-0.04071287759092552
E02004423,0.005534356762162273,0.03389902088461427,0.018172199749266975
E02004424,0.028148778790439134,-0.0587777454573641,-0.06620026808521219
E02004425,0.09436392479683314,-0.07739071004071323,-0.0643389896279703
E02004426,0.03864573305764356,-0.07209980662041432,-0.07463370575633185
E02004427,0.013357636542139034,-0.03351263875661267,-0.059074650925573825
E02004428,0.11161228692299008,-0.024469990768169973,-0.05032785039615838
E02004429,0.09969763793075141,-0.02623138065720597,-0.07354435974549689
E02004430,0.13979848431380926,-0.08362437033082534,-0.0272892846351461
E02004431,0.10457743987770267,-0.07506556909283216,-0.008937165384364381
E02004432,0.05279646431197318,-0.09937155690533644,0.025858939753902677
E02004433,0.13587489770153405,-0.021424061264474693,-0.05150547982891616
E02004434,0.24073961432133578,-0.06308486638375041,-0.05008731250649883
E02004435,0.36731401315640255,-0.03792656628458998,-0.03130346351939694
E02004436,0.34028377749268357,-0.026251955624762388,-0.012832449577418322
E02004437,0.29499946233104946,-0.027966423197798962,-0.04468548632046735
E02004438,0.37293139397316677,-0.04804656937153274,-0.05840732509992699
E02004439,0.3618332013795571,-0.06519977798751328,-0.028856693646577104
E02004440,0.3654117538274269,-0.034389895037147906,-0.05702173341557282
E02004441,0.3077661193873392,0.021872921863814374,-0.05546898849046022
E02004442,0.38776243205562,-0.05223818749440196,0.10370276662005413
E02004443,0.25191244647648325,-0.000987283215715979,-0.061873551172442316
E02004444,0.13532343590806686,-0.0525652158579268,-0.027853392899325962
E02004445,0.26474673936222604,-0.018063046065137846,-0.055332858206045964
E02004446,0.05139934517802281,-0.022099678443892743,-0.05210435766578503
E02004447,-0.0300061467058314,0.04738199614249577,-0.010812275645507043
E02004448,0.06690649722082574,-0.0023024121869311123,-0.058467024258022485
E02004449,0.11853292075191246,-0.00827976776009351,-0.06790175110417918
E02004450,-0.005786808059018558,-0.057105977657638765,-0.03685156768551755
E02004451,0.11542280039899243,-0.04373004460383252,-0.033166677975301324
E02004452,0.11712451320498997,-0.015651116470354432,-0.0005648083753338806
E02004453,0.17485855433309117,-0.06341156982410966,-0.04124847200178689
E02004454,0.08419301046150232,-0.12172375731029271,-0.05358640305977142
E02004455,0.05972931400819534,-0.09281469835166545,-0.05820183219025458
E02004456,0.15950155996489823,-0.036462944648749177,-0.04274542886604399
E02004457,0.14519890256586454,-0.010663439378418028,-0.05050325221730559
E02004458,0.1074148073365775,-0.052287917118501316,-0.06861738164370007
E02004459,0.042610434196433136,-0.05973463287812898,-0.033125359054703055
E02004460,0.1588551809062041,-0.01097404420973707,-0.004855106128204724
E02004461,0.26282013281016736,-0.008250103478752427,-0.01614333258030266
E02004462,0.13197365427892563,-0.07307498544489877,-0.03877500375469596
E02004463,0.08082550226064593,-0.05567624835112755,-0.004167724344312138
E02004464,0.01077316231252604,-0.03394613529466197,-0.033544620285670054
E02004465,0.07478656824775867,-0.1473278216031404,-0.061521528583327524
E02004466,0.18980054105948957,-0.10191354356679853,-0.033255401262646374
E02004467,0.1003864888428067,-0.13274943157058572,-0.04260001578812754
E02004468,-0.058231613454911624,-0.08349028655605224,-0.061222234890516404
E02004469,0.12292996096554763,-0.09916485704373992,-0.061067914564807424
E02004470,0.10246941363347499,-0.19431729077962037,-0.07118365449246009
E02004471,0.1394622537009935,-0.11098420371055177,-0.05169475037190304
E02004472,0.08376277332556095,-0.07908320306475777,-0.11353804053256368
E02004473,0.1605411554917332,0.010599684783397104,-0.044372137438166516
E02004474,0.12280869556790065,-0.0032210560171191008,-0.047373292524532214
E02004475,0.17371713846164832,-0.03059060192038049,-0.03815306530511251
E02004476,0.13120935660058827,0.018172913525568424,-0.047760040801151094
E02004477,0.14850763035017295,0.0021882321213451375,-0.07133480381495175
E02004478,0.1227497468878125,0.02697878042876968,-0.09531631989961173
E02004479,0.10825895131962376,-0.005029138518339696,-0.09442865334579245
E02004480,0.21700733011325513,0.044198769930289046,-0.06255688729582343
E02004481,0.13858011117080815,-0.025671858872415736,-0.05071479781197943
E02004482,0.2312443547784224,-0.0045868584867023825,-0.0275342357742895
E02004483,0.18306054041638395,0.06885113983405687,-0.04281917085955129
E02004484,0.16078772063286467,0.011489998321978133,-0.05670057945914097
E02004485,0.10523927907496956,-0.14081250861088043,-0.01918411546246358
E02004486,0.03960827480410058,-0.058849170500307295,-0.029510346229567844
E02004487,0.19042119378597094,-0.040307317915603075,-0.016074577743832152
E02004488,0.053674093863752756,-0.10190228743170535,-0.044130566420635564
E02004489,0.004262189378782194,-0.022915120515763096,-0.014782984576023006
E02004490,0.21241674610511474,-0.04052764169442759,-0.018458126746508836
E02004491,0.09581338400306359,-0.051040189353610745,-0.01047803658888285
E02004492,0.06883507378845417,-0.07578435922822854,-0.03961311352012618
E02004493,0.09575076137201317,-0.067095546854194,-0.09392921067778268
E02004494,0.013413874886600355,-0.1632665590483904,-0.06947681997488263
E02004495,0.08741783561898435,-0.1362991558723326,0.008259675673994452
E02004496,0.04663029994077327,-0.056526648457438856,-0.041646195495146324
E02004497,0.04761721883882837,-0.07162590210520238,-0.08363708018076141
E02004498,0.05620999693655446,-0.11223334908529409,-0.026700167752351095
E02004499,0.1476333745595441,-0.07224569849219131,0.0028242999249841246
E02004500,-0.007769790848535659,-0.04511019021868324,-0.012545989586732729
E02004501,0.05061370876833509,-0.016891651961202837,-0.06668257395165582
E02004502,-0.021567579439852724,-0.003851818995364665,-0.04012797507381442
E02004503,0.07530004230658159,-0.023494379089929286,-0.0874116197664623
E02004504,0.09848397740717954,-0.043332145246436145,-0.025966375935063454
E02004505,0.04672697515299555,0.02414144869788386,-0.03125895914020463
E02004506,-0.044722294403608635,0.009833737921679669,-0.07515315510507638
E02004507,0.08849128837179313,0.004579584326152224,-0.001125003246169065
E02004508,0.048743972827338916,-0.035171908235284696,-0.010308851028121556
E02004509,0.07325597290276545,-0.018349896456743852,-0.04516624448933517
E02004512,-0.007183778430961007,-0.09078237606131107,-0.06809492853829226
E02004513,0.17739423040702618,-0.02528300528369791,-0.07875066426725179
E02004514,0.06713244517505979,0.039159762911031466,-0.07139338945924721
E02004515,0.02737483265513551,-0.010530883651341505,-0.007794508576818172
E02004516,0.11402874645959638,-0.05709595967975352,-0.0418164674302439
E02004517,0.11140011618095663,-0.022579981777156435,-0.019198492679877294
E02004518,0.024265404949675027,0.006216225504510713,-0.03038919817169952
E02004519,0.07472067980180118,-0.03178042121984256,-0.019339514550884975
E02004520,0.12895330965369142,-0.03185338339666206,-0.03188169114333702
E02004521,0.13527403558069936,0.0031243639059807607,-0.03575049585404673
E02004522,0.07134132924880146,0.03509559074276498,-0.011192870286311643
E02004523,0.1953611916762729,0.00604471486276376,-0.02660197241529508
E02004524,0.05071293820246033,-0.01054646827882229,-0.0043896280843577105
E02004525,0.11403126879866439,-0.04170110964701235,0.0024934914576743824
E02004526,0.010840791329798306,0.05463088984608434,-0.048753220370781995
E02004527,0.09191726649321803,-0.12920511545053456,-0.049786954633930694
E02004528,0.012922200303773909,-0.10126926485308586,-0.04936783604795993
E02004529,-0.08954955919328239,-0.07745018763254231,-0.04426309975664912
E02004530,0.11129188346822236,-0.12361615176265718,-0.06233454553988175
E02004531,0.05822235828367481,-0.14039260707275597,-0.04151346338142604
E02004532,0.009080852586004457,-0.15289044631706852,-0.050243882501997045
E02004533,0.1718414746971743,-0.13059176865193542,-0.019510188775566664
E02004534,0.12229457518385609,-0.1304148412716136,-0.025191152403408173
E02004535,0.11960362647904335,-0.12094190828686385,-0.004820452387802002
E02004536,0.005470157555822468,-0.15020823570429867,-0.0061849529535900494
E02004537,0.18361853214606622,-0.11501417836457098,-0.02622114627654702
E02004538,0.01466338072448478,-0.16165982396519832,0.002227127820565356
E02004539,0.15674773429604538,-0.15627959184976206,-0.04849669848471836
E02004540,0.03800128325176994,-0.1548404155657771,-0.017553097572660104
E02004541,0.03435457288903661,-0.17098776629023454,-0.03944488555483587
E02004542,0.06221565821307512,-0.049192025920944474,0.009738803442967538
E02004543,0.05655038259750345,-0.08471365296811352,0.05034308529676473
E02004544,0.08341948613630067,-0.09104093819609307,-0.00031692037955054724
E02004545,0.20884291999523052,-0.07879547406379338,-0.02372709950976296
E02004546,0.22968142731245633,-0.0825525162904981,-0.06252529422252333
E02004547,0.1556873714175164,-0.07424218929202119,-0.05005924166608676
E02004548,0.10300907721170185,-0.09640358306716906,-0.026717088976513318
E02004549,0.25455238943506,-0.11258543633568703,-0.026287760253685004
E02004550,0.2675915020762904,-0.09736791164180617,-0.045548211381959
E02004551,0.236467891538014,-0.10018950946219309,-0.017489825932685495
E02004552,0.1586625018094785,-0.08025510791424349,-0.011760918652459982
E02004553,0.3459246883639672,-0.08091091563853231,-0.029127486223394998
E02004554,0.2519404956034945,-0.10242759284533026,-0.08541465920441112
E02004555,0.059676717613319365,0.02503739414197614,-0.0049256749011957
E02004556,-0.008401144525258577,-0.022618872936352615,-0.05414858876744992
E02004557,0.12149837227592401,-0.0059436305949515005,-0.010193129926867106
E02004558,0.09809622618978578,-0.10722690273137804,-0.03717559685233207
E02004559,0.15277188761316052,-0.09753372692721592,0.008524102792292078
E02004560,0.1336188964864591,0.058284006080341955,-0.07871018116543894
E02004561,0.1251540030436248,0.015496712364964447,-0.043237295335213616
E02004562,0.09330044827536553,0.033475583030201456,-0.05038393597752631
E02004563,0.10613443401781232,0.037041559746923934,-0.0530461424041106
E02004564,0.09154261739281755,0.000587934561317042,-0.09912757571699175
E02004565,0.06832189453399909,-0.010638833132481863,-0.0693041908370704
E02004566,0.09274195577094223,-0.029039764608699534,-0.10939974455468335
E02004567,0.09657940215985988,-0.042404594941687315,-0.06843469862169821
E02004568,0.12537618634302308,-0.033845777533186544,-0.07906131555699611
E02004569,0.11404575903698108,0.00974493477374807,-0.04013191551417366
E02004570,0.09698208689692076,-0.06851397249166133,-0.04661154269366277
E02004571,0.1417461138965408,-0.016345281901594275,-0.06822932274215406
E02004572,0.23554059473038655,0.010721583515892728,-0.022100792020867805
E02004573,0.06746078628706607,0.11301213508491104,-0.09996025999582855
E02004574,0.1490815039479852,0.06254439306144646,-0.04819383421642063
E02004575,0.0816110560789345,-0.014255384408121108,-0.013270975137736968
E02004576,0.13422712308364085,0.04849563081943136,-0.05456002960148996
E02004577,0.04052033736728592,0.051190584319113046,0.0036997251149391884
E02004578,0.0814309209611019,0.040163586705793355,-0.04173185974572079
E02004579,0.1705319604133698,-0.01925797944573606,-0.04626864343757695
E02004580,0.15228842785675548,0.052976231510276243,-0.04569810718271971
E02004581,0.07749137602742963,0.04172621762022553,-0.0486882244482583
E02004582,0.1252917886479692,0.08948903908450977,-0.03877046395130993
E02004583,0.09652564983132639,-0.0023545894653033664,-0.0741671796345972
E02004584,0.09894495144598946,0.0908595253795936,-0.10294336068414253
E02004585,0.13534043491394995,0.07856542352456103,-0.06661699129863587
E02004586,0.126579267240785,0.04792757477429556,-0.07632683770633004
E02004587,0.17506133757465078,0.09929827605462717,-0.06908633314512105
E02004588,0.02238520989840785,-0.006171706035048306,-0.07387370865699522
E02004589,0.13642688559010527,0.10229631399179893,-0.04519639599164812
E02004590,-0.046894257638917525,0.062048506537932854,-0.09256969218386318
E02004591,-0.061189332356199715,-0.05225109346330943,-0.022421072787655174
E02004592,-0.049041694295132644,-0.11220373946944551,-0.03860140793381691
E02004593,-0.1077342126326,-0.04663524820985359,-0.05551002253866055
E02004594,-0.09349073629280875,0.010010086974658942,-0.00826437957848647
E02004595,-0.02692906532057544,-0.06105155368053093,-0.06359535613806681
E02004596,0.04961169306934745,-0.0378244859403217,0.027492907010740777
E02004597,-0.014727006409897535,-0.06814189388995474,-0.041818564449120084
E02004598,-0.010060532312540286,-0.05762683915209236,-0.06805703859487101
E02004599,-0.04514164430148963,-0.023372373820872473,-0.02074206491332182
E02004600,0.04782487197516645,0.09394711834631835,-0.0003946406064124683
E02004601,0.012717439805290935,0.08753749470662411,-0.017007324102452606
E02004602,0.02643088493061923,0.0694736873573914,-0.006114897116803481
E02004603,0.030605674095725118,-0.00983243970226868,-0.03678331916208933
E02004604,0.07386912513122373,0.08359938107646389,-0.003574407225127479
E02004605,0.08332423073329134,0.09019933884614846,-0.01956083597997115
E02004606,0.0231288226763363,-0.03518768695985612,-0.02764795770251752
E02004607,-0.013897816748202096,-0.019179275886832926,-0.016553198099275766
E02004608,-0.060845303003159865,0.005216543637545776,-0.003183424956988936
E02004609,-0.03339825997726761,0.04960310613251339,-0.01826306852879159
E02004610,-0.03614149096949938,0.011339154660569947,-0.015862920626034865
E02004611,0.002733288450887698,0.02194776013183951,-0.05246651850545877
E02004612,-0.044084156197606895,-0.017099641277882344,0.0017158991170032974
E02004613,0.03973410557905395,0.025187101623663114,-0.009157093588613491
E02004614,0.047325098370450236,-0.013709965645725897,-0.06229780511837493
E02004615,-0.2079020372135346,0.044931317476915686,-0.03808046093781215
E02004616,-0.0585522270994202,0.08302481342016563,-0.038921599481943944
E02004617,-0.17677935889534035,0.02632592795146613,-0.04944368376751524
E02004618,-0.1376144774430117,0.10154122786202395,-0.013435259719941873
E02004619,-0.14581379133916764,0.09634429801339098,0.04538402920530459
E02004620,0.004976953200660979,0.03684864401736314,0.012793691426711542
E02004621,-0.11529731059064334,-0.005298224773473381,0.023881315076387088
E02004622,-0.07225222426498099,-0.026611249859734374,0.008701160368686464
E02004623,-0.10122643206234731,0.019056081208269023,0.0111430976419434
E02004624,-0.09309484947958509,0.07446995834491374,0.023946832377540347
E02004625,-0.029121926916600125,0.009632882526508285,0.015084136812412207
E02004626,-0.0064844503693150595,0.18125742476720635,0.02304957612232675
E02004627,-0.08220833698761798,0.023496480681760235,-0.043312117140180316
E02004628,0.004702564756735847,0.1240170868236315,0.002380768064998108
E02004629,0.0641564230015733,0.14610550262680339,-0.061333256641335585
E02004630,-0.015022681699869192,0.07617597134367933,0.02293995042230142
E02004631,0.05545004005666691,0.204432774391005,-0.0020482960749321076
E02004632,0.0941444241880652,0.10904836789121143,-0.05220852874558201
E02004633,0.12882988735335402,0.1302101207170534,0.0053738226425974565
E02004634,0.022728501296669392,0.20029556781730298,-0.01493360541069275
E02004635,0.04166636237044896,0.14479810636186066,-0.037747786815216386
E02004636,0.017067787133308827,0.0031911112444086803,-0.013890007508470909
E02004637,-0.07090105708041947,0.005035590914178053,-0.07272509045640994
E02004638,0.008203094216465293,0.00410509030010875,-0.029376251316555198
E02004639,0.027287839204849715,-0.03883796583878112,-0.03032671467754056
E02004640,0.16474062567255143,0.04127382235929789,0.0018703290534808458
E02004641,0.01616863203654868,0.015027594436998644,0.01337992665282946
E02004642,0.1110411452135218,0.019295965616299916,0.04759357556602069
E02004643,0.06870172935096527,0.01740136198679008,-0.06479088369535632
E02004644,0.15829789715705073,0.0559933558846861,0.013086241470177442
E02004645,0.030875427207838275,0.011520312947105694,-0.027929112017224762
E02004646,0.10429303311330712,0.04842550332469905,-0.005931070908271892
E02004647,0.10413406536469978,0.06728019455306043,0.028669536338548626
E02004648,0.06417339733629401,0.052713036524087466,-0.03810896549909854
E02004649,0.058202992968991146,0.04588591474369554,-0.03424393484364663
E02004650,-0.005220744157612975,0.012955465005705942,-0.043522869545496175
E02004651,0.027071256698644946,0.04424629672343798,-0.040553927212768556
E02004652,-0.0679399813809905,0.12082592190971138,0.011956813988489908
E02004653,-0.09236785308499731,0.05426487736190702,-0.06788643696879705
E02004654,-0.006940999352035434,0.08084669125879045,-0.03710735515340391
E02004655,0.0014211806527746416,0.039672091490685076,-0.048419588371155654
E02004656,0.024102619397219326,0.04456627367339413,-0.022249386094648757
E02004657,0.04456297849542296,0.08040458018123314,-0.030465451753975394
E02004658,0.007626721597899005,0.07859656027162563,0.004281781512127784
E02004659,0.00017946023988315627,0.021420644330519427,-0.042087286359147845
E02004660,-0.05852089244064821,0.03341562778508962,0.0027279065821376723
E02004661,0.01134242236837361,0.0413206832902842,-0.06354201539749237
E02004662,0.019194988350216595,0.005155657703147007,-0.05529645213863324
E02004663,-0.002811384821856872,0.02112324931740001,-0.0013734404456760246
E02004664,0.11492621446302002,0.049726637084059576,-0.03788981990434364
E02004665,0.04299933484616547,-0.022210836007065457,0.065039959414637
E02004666,0.029103219128293032,0.03943172993602582,-0.00653151125211009
E02004667,-0.09105266073783229,0.026402298023442076,-0.006574472258697174
E02004668,-0.055778746392644005,0.06850313353076323,-0.04696777795911469
E02004669,-0.1689097681807657,0.047110577702914914,0.011554859788192208
E02004670,-0.13266527539735523,-0.03171149274448986,0.0017146799393116911
E02004671,-0.0700026954557214,0.033599912131180985,-0.006831889029109229
E02004672,-0.04290794026786696,-0.001978353344920273,-0.028528202612473266
E02004673,-0.03636295541721295,0.03337450476696552,-0.027544772254769215
E02004674,-0.010065793310005625,0.04302770767466205,-0.02743001144015327
E02004675,0.019822508491338754,-0.07765790292429274,-0.017314904089429987
E02004676,-0.019001460860929388,-0.0585934429898804,-0.022287096929983676
E02004677,-0.15852550317594938,-0.0873548871277777,0.01759177379776691
E02004678,-0.09062613679795259,-0.06156949516051607,-0.04165415575109457
E02004679,-0.10830833019920529,-0.05373074771987883,-0.020388621895911847
E02004680,-0.011042344128393432,-0.1200205201473537,-0.037991410298117805
E02004681,0.09683801636493333,-0.19875609345925657,0.049487246347816066
E02004682,-0.048616571726241044,-0.11046843567536617,-0.08119482991597857
E02004683,0.023383669476695457,-0.08093328589158987,-0.034271997789445244
E02004684,-0.026537073462423344,-0.0987303452483309,-0.003076755249280442
E02004685,-0.05040835986091268,-0.22435211144559647,-0.03321940666733133
E02004686,-0.034835800680079805,-0.11389387449774654,-0.021730221273705132
E02004687,0.09902369047386654,-0.1787809645053266,0.0004768367815586571
E02004688,0.10840756000219545,-0.10455099131219636,-0.0196705279133111
E02004689,-0.02491056755645537,-0.02614239846534095,0.015818689446277193
E02004690,0.018675742180420524,-0.09459179420914947,0.039383254542804266
E02004691,-0.09985159013165268,-0.05440829798883295,-0.060976977845060884
E02004692,-0.027335544835632965,-0.08709890212890264,-0.018106080195083713
E02004693,-0.024176440194071808,-0.13099226858449498,-0.0795442562145867
E02004694,-0.03956382536697822,-0.044598395136202125,-0.049194601801864274
E02004695,0.026155668198304546,-0.1009491346526234,-0.01039046379975084
E02004696,-0.048436863790196336,-0.14316209334543287,-0.028452694986086817
E02004697,-0.13813280585662502,-0.06295836516752494,-0.023538953411173586
E02004698,0.01094199259366844,-0.11580472176277366,-0.05054569298770787
E02004699,-0.06117213678267652,-0.13002383219256164,-0.021666118218496098
E02004700,0.10009944509917211,-0.11543949629101016,0.024626526591797874
E02004702,0.04274766649941158,-0.08609492788735142,-0.01753879598488123
E02004703,-0.15152588481988105,-0.03070968998097619,-0.012345625977614875
E02004704,0.07732601013734328,-0.13408835052515408,-0.019876314820545672
E02004705,-0.08481995082191088,-0.11228723574687573,-0.04612100436027656
E02004706,-0.0037206969268599355,-0.05590677223574245,-0.009311423964278323
E02004707,-0.05040493908078876,-0.05170764664200285,-0.0036994410493239307
E02004708,0.0048486402810239545,-0.08044725807372118,-0.024563102758171435
E02004709,-0.0061285330027586364,0.0025309227313986154,-0.030182428142018033
E02004710,0.04517070121934812,1.3900421708676647e-05,0.0082022222901249
E02004712,-0.025465249069950423,0.0567770725623512,-0.018000411935538706
E02004713,0.020004711524010767,-0.013394765430552161,-0.024812376814108954
E02004714,-0.013423193815135409,-0.015184933154007567,-0.016826140604166376
E02004715,0.018735339420761197,-0.03692754297497777,-0.0389236175641056
E02004716,-0.02121407367542563,-0.05087577210082875,-0.041236563759311534
E02004717,0.0310415977582685,-0.08220541386080253,0.009268486320514814
E02004718,0.008874251371789838,-0.11929108430693695,-0.04665680034609149
E02004719,-0.03355378728075862,-0.08082440563981493,-0.03179746159923027
E02004720,-0.032820804411734496,-0.03710443612817637,-0.054947726361179686
E02004721,-0.10821164254286901,-0.09482989679640984,-0.040099735948885475
E02004722,-0.021053658661263425,-0.047713561088974184,-0.023188603905440742
E02004723,-0.047348853918513935,-0.06374593394241027,-0.0005005859490794995
E02004724,-0.02436762555287411,0.0008609604939331815,-0.022115433388579016
E02004725,0.005775508528277286,-0.036746578269848396,-0.0023593403549472844
E02004726,-0.05033275559734391,0.005930795532603098,-0.05247280412878256
E02004727,0.004206360362512724,-0.027319148931067162,-0.026199693305303935
E02004728,-0.021234944722447822,-0.025543246715861407,-0.01763565011055195
E02004729,0.02270272132479114,-0.0366273417482154,-0.046550922446137115
E02004730,0.016942793828128307,-0.044170731704781474,-0.027474322495279382
E02004731,0.030267779867374188,-0.027071289691303686,-0.026011814966593994
E02004732,-0.024475175629198518,-0.051849533886717765,-0.012230379297493614
E02004733,0.03088610525698604,-0.003310194071186097,0.03861263142436113
E02004734,-0.023275309987266117,-0.042485128972796216,-0.06360930002708647
E02004735,0.04342664893689282,-0.02649697171972265,-0.032991504333584
E02004736,0.08236940340159961,0.03058516462724801,-0.03371811763497193
E02004737,0.052980580497938606,0.0007454076828867504,-0.041598788401069564
E02004738,0.09245150575992556,0.05192774541305116,-0.086152073101045
E02004739,0.04756379691426165,0.03724962052343571,-0.02178752286312573
E02004740,0.07656601434933266,-0.0009037237309970722,-0.0058789056898089845
E02004741,0.10356204640785165,0.0935007430154154,-0.041182889669622885
E02004742,0.10125982481749402,0.015624683336225367,-0.026594869653392156
E02004743,0.08694140242594066,0.024011494242698123,-0.022429828918440486
E02004744,0.10955965236077,0.03274260553910942,-0.046409624716191235
E02004745,0.003143953815489388,0.03354218371755304,-0.03130335780368508
E02004746,0.030776247081333846,-0.006326762062195764,-0.06122506382920747
E02004747,0.028827242390534417,0.02442312206265114,-0.05351752769219784
E02004748,-0.07053144732848485,-0.04328669742582946,-0.0805224925504466
E02004749,-0.002553512894891809,0.013778882037067815,-0.04519274807931795
E02004750,0.03245496506454198,0.032712615677185516,0.01853671214326016
E02004751,-0.0015068230886797582,-0.05231021410723978,0.020540475911866668
E02004752,-0.0080430663370267,-0.11701422178888547,0.03255242965323014
E02004753,-0.002767941271031147,-0.07750204756468004,0.024593049958253503
E02004754,-0.13420577775286652,-0.0905712998145731,0.005900181816880645
E02004755,-0.12580382613848323,-0.19853323626140934,-0.04850229904268311
E02004756,-0.06241698720514671,-0.12451616891807671,-0.018088965913584085
E02004757,-0.048575069861977856,-0.03495962520375749,0.021378279893748842
E02004758,-0.08418259656265882,-0.10336617457393367,0.01812434973758786
E02004759,-0.0002871155351069229,-0.07555323332192532,0.01289301997750895
E02004760,-0.1626061247233059,-0.13929075969525798,-0.026347268454864292
E02004761,-0.1767153515088078,-0.10290191148387669,0.019175152990664402
E02004764,-0.011400937525475127,-0.03078520573233423,-0.005714271496218184
E02004765,0.0551352178075242,-0.007501219309594016,-0.05300564860530273
E02004766,0.06105125012663306,-0.02499098756763438,-0.043927933644259884
E02004767,0.06497518445725199,0.06431045493767071,-0.10895764570335503
E02004768,0.09498958038728773,-0.01941728688424462,0.01115585658754142
E02004769,0.12065270797417356,0.0809149583186585,-0.0408287357126897
E02004770,0.16541268795752986,0.08772487080216737,-0.013532713295208868
E02004771,0.15227516109702013,0.12260411737787785,-0.04204725938704454
E02004772,0.10610092470826504,0.004723085933110554,0.003911015556748574
E02004774,-0.0818937249584593,-0.0016313414638493425,-0.03660793815796659
E02004775,-0.004972821638902567,-0.010184857988351078,-0.06622747233944298
E02004776,-0.03313359726912998,0.06895702131435309,-0.07390920820898163
E02004777,-0.06497369787434701,0.061749501154658534,-0.0004915697957479807
E02004778,0.07986353415669746,0.09131387738209312,-0.01869181479077914
E02004779,-0.13030473829045594,-0.05186124939486093,-0.06869421963179492
E02004780,-0.001623904915463338,-0.00445964663390163,-0.017734932306332527
E02004781,0.006109937942867089,-0.03297134019102819,-0.022973580537978617
E02004782,0.009148445640456597,-0.09844353077127346,-0.07276622657576075
E02004783,-0.009829854097083058,-0.04473834261646882,-0.03658994116762274
E02004784,-0.05326204874807279,0.07825209027584182,0.04675008786016386
E02004785,-0.09902378489800626,0.07950571197810714,0.0016203086828051217
E02004786,-0.0007981381866937988,-0.057612788415987236,-0.0009016402129252187
E02004787,-0.010972108142482622,-0.011771923558192933,-0.028492725175564292
E02004788,-0.025081581245934386,-0.0101269647384231,-0.07035850000081592
E02004789,0.010547632394994594,-0.021792470678631454,-0.013447737637684516
E02004790,-0.07985122457321342,0.03927355887925835,-0.07622728920576996
E02004791,0.054351501684378925,0.03554782884883353,-0.07255787496756282
E02004792,0.01159956432336641,0.015115946163286369,-0.028575228907910265
E02004793,-0.014871623041741057,0.043157276453609124,-0.013274661290515796
E02004794,-0.02756205069683908,0.015078550909059261,0.011938878717781869
E02004795,-0.007196321331825738,-0.0012242832114991394,-0.004819169478351878
E02004796,-0.011240711342164677,0.044591465812914274,-0.017007261751883492
E02004797,-0.01797635858244481,0.053819245063060274,0.027205093678157044
E02004798,-0.012850419893727979,-0.018778123125592492,-0.028378037312901457
E02004799,-0.030499815769635938,-0.015307332478254226,-0.01667617223089345
E02004800,0.06424074042568316,0.07789108044856088,0.006439910513550247
E02004801,0.030476424651181673,0.1219878955203485,0.014820044593126334
E02004802,0.08578550047384398,-0.1195539136683162,0.01829525802482492
E02004803,0.11339959478317604,-0.17427647771954377,0.05360578857679225
E02004804,0.060650226127110164,-0.11230278289838325,0.012928559060213148
E02004805,0.010177859795511564,-0.12305919935204554,0.013158595116662697
E02004806,0.008595904111581227,-0.08271916803024897,0.007290039175204414
E02004807,0.07446779910642905,-0.11741260277420412,-0.02433891748122607
E02004808,-0.051218372326783085,-0.17067779762976887,-0.05212393574628814
E02004809,0.0052483580817589085,-0.17850926576895496,-0.07886236249972757
E02004810,0.0123578847198694,-0.16755561083592768,-0.04113236771647793
E02004811,0.04707808463627968,-0.0966048430000963,-0.05296613596017756
E02004812,0.03900182354749193,-0.052099061439026276,-0.04408040153037434
E02004813,0.10311549257416648,-0.08412886939315677,0.012392521976814506
E02004814,-0.014668276676114644,-0.02355390341480818,-0.012674103549511224
E02004815,0.0807669233017004,-0.05845529645957075,0.008602064511421743
E02004816,-0.023690173539248707,-0.0080427476591483,-0.018766231482047074
E02004817,-0.035597421986687354,-0.07290555943652721,-0.037036463865326746
E02004818,-0.03892514820900374,-0.024401173172046903,-0.02702351840832286
E02004819,0.010736605882634209,-0.0640639065222357,-0.06766895530717441
E02004820,-0.054177158251569005,-0.013777543163309258,-0.011864255297750155
E02004821,-0.12627644005173844,0.01463548620083684,-0.005613556742764246
E02004822,-0.13608160676779602,-0.024371523077237535,-0.014686255005657792
E02004823,-0.01790148114865698,-0.02632927428646063,-0.023070950543709046
E02004824,-0.01410397332484408,-0.05978318533945202,-0.0430070092618821
E02004825,-0.021210455649462032,-0.02756742061879891,-0.04005714323155591
E02004826,-0.10229324617318318,0.04220852252738303,0.012657683400332577
E02004827,0.0004361682168992318,-0.008741531353751929,-0.009386270052706753
E02004828,-0.012364353534960626,-0.00979788300853699,-0.05813851600311188
E02004829,-0.08285810012788056,-0.04632132868357148,0.003941602774590302
E02004830,-0.09189843894918909,-0.0625889619213395,0.0008380397186957521
E02004831,-0.0817019721301941,-0.003994525043483524,-0.03792108882264991
E02004832,-0.08826368963913683,-0.06366870145362123,-0.07478417612963272
E02004833,-0.008849706042522037,-0.16009916368927757,-0.006576724798053532
E02004834,0.00863441884251165,-0.08297949610493946,-0.037300887842898894
E02004835,-0.10859930481660912,-0.18092449230491603,-0.05321169550066046
E02004836,0.038187132504137626,-0.12622035029181689,-0.08176510213215098
E02004837,-0.058903532254985076,-0.048842345902347546,-0.04264210465183874
E02004838,-0.057313321879554874,-0.04245845926167596,0.026684759660985644
E02004839,-0.13157019887530683,-0.00769089115707274,-0.009187508003470278
E02004840,-0.02796069159001433,-0.061832050008074346,-0.019083310706375173
E02004841,-0.03668647492247632,-0.012842090058677204,-0.01836091695088817
E02004842,-0.02906002421199849,-0.03080472890188768,-0.04515226547529037
E02004843,0.09372357909563177,-0.05957713726751381,-0.05854089469015059
E02004844,0.09909206134720279,-0.1375528486146551,-0.09083561231842242
E02004845,0.06913562709314107,-0.1655609764175346,-0.09628625183795371
E02004846,0.04271059451225037,-0.08278744459817698,-0.03785885586297833
E02004847,0.11011243621620752,-0.13138896042854023,-0.05951136955432078
E02004848,0.18911967527943016,-0.14302609598297963,0.0067897341165069494
E02004849,0.015472157154458523,-0.1625436764925822,-0.05049497270424458
E02004850,0.15632754117022565,-0.1031534275102936,-0.0337158386606755
E02004851,0.14022491935849768,-0.11917049300914397,0.004839204427915228
E02004852,0.14023104483778331,-0.1179517280488439,-0.029977203533623386
E02004853,0.10352233337019832,-0.08931820324385911,-0.04581416150465224
E02004854,0.18745872597375346,-0.15095895316380498,-0.037049566417580775
E02004855,0.2203983427836729,-0.14574060627529853,-0.07809833489909052
E02004856,-0.006302799796800345,-0.12140690253323466,-0.015192673196249194
E02004857,-0.03654264270339787,-0.1505553837547792,-0.03013579025132444
E02004858,0.05031848965061498,-0.12723056744561553,-0.031795583074602105
E02004859,-0.06724228918707988,-0.027629292457269274,-0.014868966513473907
E02004860,0.20972923125569704,-0.18879932541292263,-0.033191684651449345
E02004861,-0.05764816783264073,-0.11106987518553335,-0.1050446590784547
E02004862,0.2516910886557994,-0.1394432557947164,-0.01982950130432651
E02004863,0.207131980208172,-0.1475449315032275,-0.07803336263950858
E02004864,0.01330801358094829,-0.08728151219081487,-0.021626215051016497
E02004865,0.17763091989163443,-0.15943774745246203,0.00424757790769398
E02004866,0.14497732759973625,-0.11676766995839943,-0.006772031911800883
E02004867,0.03157449069777412,-0.057616937659004955,-0.01779674732211964
E02004868,0.1192614698740758,-0.09312374739380655,0.007761178398740305
E02004869,0.03578605582926139,-0.093580690502287,-0.007998179619752093
E02004870,0.019956735457253,-0.16443409757949906,-0.04498669214453555
E02004871,0.13725246894596693,-0.16187529127031644,-0.0681179517381619
E02004872,0.11946495393176651,-0.09501380258310235,-0.04423906447494778
E02004873,0.07445525617409308,-0.15028905892207786,-0.08530556818610881
E02004874,0.1367020993689773,-0.14591761765237185,0.026882928116152414
E02004875,0.22583624523260815,-0.18784600101904214,0.007649977201378357
E02004876,-0.06159315022814557,-0.11113661227436455,-0.058683008061296504
E02004877,0.08061945066439213,-0.12985302695200734,0.011826788535829826
E02004878,-0.030120189399293312,-0.053687284161797244,-0.015417880858069955
E02004879,-0.014135137832663814,-0.08817316846134127,-0.04894766912337985
E02004880,-0.023819571907088905,-0.07380270658225357,-0.04867378105579159
E02004881,0.02332942646216994,-0.13120538609270402,-0.048958846183460844
E02004882,0.06054288634575693,-0.05971834293897246,0.002633980800908162
E02004883,-0.012311164813873461,-0.11168322657128622,-0.07271917029121835
E02004884,0.10799483286137129,-0.11213130477127836,-0.028559131809172585
E02004885,0.06246827778227672,-0.08197578806490324,-0.045523283843876744
E02004886,-0.08057247718934406,-0.06395309143075154,-0.06817545540140742
E02004887,-0.0366685688707288,-0.10211240891383436,-0.030986439899114034
E02004888,0.022535319069190717,-0.061824410167867806,-0.028096725242235363
E02004889,0.05491047654046748,-0.12797949940495046,-0.04507227653101848
E02004890,0.08284917621890295,-0.1610494485854183,-0.03556781958933647
E02004891,0.037656892294467885,-0.09779473299185533,-0.06930439406908753
E02004892,0.10508981629066556,-0.14957982392576544,-0.054185627442146146
E02004893,0.04661086435676313,-0.17635817012421495,-0.04450187458075424
E02004894,0.05364659953215501,-0.1648668430740424,-0.057651811553861156
E02004895,0.06611244941136238,-0.0876936733907186,-0.09100901810327702
E02004896,0.0011305314570338038,-0.1554898219776475,-0.01625820825631733
E02004897,0.09561716051099746,-0.10477181374800607,0.005352364463245876
E02004898,0.046262534855028216,-0.17534808142401162,-0.006750653990196575
E02004899,-0.04892288610661147,-0.1315647599354639,-0.009418008729224063
E02004900,-0.11210321236544615,-0.07639835102509515,-0.022949715021816582
E02004901,0.13593023909065072,-0.16911552208335814,-0.0071438813145781625
E02004902,0.12156799508395312,-0.18953196333079886,0.01853096301660715
E02004903,0.06960577178899784,-0.17174533592827254,-0.004156095883376202
E02004904,0.1113360012666654,-0.18209069120326093,-0.04781423078802753
E02004905,-0.03905590139514713,-0.13617257372267166,-0.0025867533815105955
E02004906,0.1248754016810329,-0.15785850801706144,-0.007089856834561034
E02004907,0.06861709823292322,-0.19745448737930452,-0.026994128868457316
E02004908,0.007083588945615677,-0.18820938853237157,0.009965602676550988
E02004909,0.06939048708324376,-0.14632636725953235,-0.05801768810181909
E02004910,0.06511552811762468,-0.11351152942288054,-0.02102512583577646
E02004911,0.2528366442339232,-0.07740898885985202,-0.01818835240746701
E02004912,0.06237549368291328,-0.09149453635277813,-0.08034771082984679
E02004913,0.07750346431662618,-0.0452314846292463,-0.056849651252799664
E02004914,0.16088733387142726,-0.08004178040179358,-0.03063985412311891
E02004915,0.21347216934298882,-0.039055505790593824,-0.04031615972882095
E02004916,0.10672095705105905,-0.09601675901538567,-0.040133140533694635
E02004917,0.20539301785612998,-0.1533016462749215,0.06243706496669718
E02004918,0.15614328762973403,-0.08798533621539832,-0.06743413425562739
E02004919,0.16880423031401165,-0.1352841169182467,0.03463965479180507
E02004920,0.14078027451887123,-0.12235280014575847,-0.02177117517535169
E02004921,0.11417613143269376,-0.1331515191036743,-0.008721547250244823
E02004922,-0.04670253117956666,-0.015306494729806353,-0.0543645340924118
E02004923,0.03310219008547275,-0.12059256091564738,-0.0006028431279447676
E02004924,-0.10323085345903561,-0.07504966595194962,-0.02019499545404917
E02004925,-0.01214703102685242,-0.07261393072809255,0.009733436719601793
E02004926,-0.11295139153403602,-0.15087230752280187,-0.028850706906139587
E02004927,0.00972866923753306,-0.11309502213103739,0.025764671612147787
E02004928,-0.04439571905169276,-0.03060217835013943,0.05242947511106868
E02004929,-0.028147485630853005,-0.10266585413301674,-0.015617223498982086
E02004930,0.07436154672780687,-0.11184642122831391,-0.02444817939338958
E02004931,0.053591372507939584,-0.08396557942132588,0.03045293899347553
E02004932,0.05440544525135877,-0.039743564718842675,0.0563456436158648
E02004933,-0.0194183024967226,-0.10762036389555524,0.03221979087192448
E02004934,-0.02391315191425507,-0.19289227752038604,-0.004432054729669862
E02004935,-0.009163758452536466,-0.20306528573144864,-0.01608460049717427
E02004936,0.04125941988489363,-0.11966384109141061,0.013372943629260538
E02004937,-0.048431522325424844,-0.12338239151272316,-0.0484674370642598
E02004938,-0.040281812132284094,-0.08625893829360406,0.021818499599627682
E02004939,0.08451538682331866,-0.16884173469521818,-0.07062170061472337
E02004940,0.09526139299633501,-0.11066215042057329,0.013598042713771527
E02004941,0.06621593513450816,-0.14038127046682863,-0.011053603965967274
E02004942,0.05062597050037286,-0.06684596129840763,0.013603567322186191
E02004943,0.010465980304372681,-0.03100271295986236,-0.015856120897965433
E02004944,0.256223650292941,-0.1414620655355063,0.006854411248096658
E02004945,0.10466785750508999,-0.07957647420127793,-0.036586271740419334
E02004946,0.19941044712282086,-0.10272137920254025,0.0033065394654839264
E02004947,0.1858032561560678,-0.038537455496809946,-0.023052485856202013
E02004948,0.2431156888493797,-0.11702789714441163,-0.03148056035625012
E02004949,0.20579464304775066,-0.161020624489255,-0.002241049924480662
E02004950,0.24726730085586734,-0.09113816835802742,0.020197507087103217
E02004951,0.25452556331449433,-0.11950948297121387,-0.04638167182495126
E02004952,0.15197040934280287,-0.08824154153074225,-0.05421113055473353
E02004953,0.293748347388228,-0.03813714483735171,-0.011116518289839727
E02004954,0.2460817986575275,-0.085543790895199,-0.0024548122323337102
E02004955,0.22428391252535038,-0.08045273065670379,0.021264450600594294
E02004956,0.011085133307336556,-0.10956994568132818,-0.040784534397426
E02004957,0.1047030768485504,-0.1399592093569428,-0.07060845413584355
E02004958,0.020050724600090965,-0.16787278006560521,0.027959493223159198
E02004959,-0.05425324386741194,-0.183616206801747,-0.07197439352430525
E02004960,-0.0628844409749338,-0.10394340123411576,-0.014216182831084974
E02004961,0.07248153570386466,-0.14477944822180486,-0.013622092172795823
E02004962,0.03455551305391497,-0.11511443053380589,-0.005345193932431247
E02004963,0.15362804162727212,-0.18221222509604915,0.02805961845719319
E02004964,0.10201074115559747,-0.126306414261166,-0.0703810401421511
E02004965,0.17084275711017974,-0.14901967370805919,0.05586172669405542
E02004966,-0.09272283044891486,-0.057055633276003256,-0.04664121426270125
E02004967,0.20756637929104174,-0.2032725930729138,-0.0019002455243527505
E02004968,0.12070955883530468,-0.16214895451609587,-0.016041887555119743
E02004969,0.11731425338515136,-0.19403116671366424,-0.043168596992511715
E02004970,0.1399708871165064,-0.20401643018926266,0.008906393415437313
E02004971,0.13434689616242798,-0.23317620827979912,0.008217909071623678
E02004972,0.05344503980111499,-0.22572241364732462,-0.045550455804094864
E02004973,0.1278758903594692,-0.22785598483834252,0.021595496997019778
E02004974,0.029875737793865015,-0.21601186454160423,-0.021642416270214467
E02004975,0.007870587278722046,-0.13667513556154004,-0.05098298272823493
E02004976,0.11234599154411845,-0.2908432082751665,-0.02270146684348117
E02004977,0.15873526262537374,-0.18934916954937323,0.01779881076172698
E02004978,0.09376948476449884,-0.25879008865158726,-0.020965361210594544
E02004979,0.06874426097263014,-0.20586123795951625,0.03350893370914231
E02004980,-0.03130838225185853,-0.04008392509059658,-0.054544535526638474
E02004981,0.09668788135162004,-0.12120129884655716,0.017047774536152683
E02004982,0.09910399708620685,-0.1575161423797276,0.005373271491787898
E02004983,0.16362368686222328,-0.15508614805673263,-0.024361458135722852
E02004984,0.10854497629432125,-0.14129186420744663,-0.05839696685287565
E02004985,0.0262028169665681,-0.18424702454572794,0.00513648681851453
E02004986,0.13331996443343036,-0.23682797336442263,-0.03380419342095431
E02004987,0.18341597497655934,-0.12638272027708713,-0.016107195986996
E02004988,0.1057022301445967,-0.16532665554822093,-0.03930501005282918
E02004989,0.154775969322907,-0.09716686188727947,-0.037720442426671885
E02004990,0.1496103077236787,-0.09795236094255248,-0.04347043991925
E02004991,0.21016453315714695,-0.15462352698980628,-0.06560903935473537
E02004992,0.21990293065570957,-0.07153849960056613,-0.03274401766983675
E02004993,0.11544103857193513,-0.18570679957886646,0.023462576109862607
E02004994,-0.051496253430509904,-0.0333814637880852,0.008376095099235932
E02004995,-0.05276135661778149,-0.04505913386257298,-0.11670842482455923
E02004996,-0.015425785537221773,0.034524796135970516,-0.003601867769948463
E02004997,-0.10871828774171045,0.005506619906833059,0.04156523632196274
E02004998,0.1040132488021981,0.007886536281361751,0.0033327515077848876
E02004999,0.0480895154026646,-0.04955982082286176,-0.022016954775710453
E02005000,0.17719592563824946,0.044830847415124525,0.01293909332948798
E02005001,0.16083790597157657,0.002790244264062231,0.025090148265880633
E02005002,0.04001129021533004,-0.010135953757821664,-0.03274098871663075
E02005003,0.12287710567230095,-0.032108384984356586,0.05885442514963531
E02005004,0.10027161806973645,-0.03318753751847362,-0.01734251986390286
E02005005,-0.04143650544758071,-0.037173477188197225,0.026028122747133266
E02005006,0.02203159576667713,-0.034687328612603235,-0.0009873928467768087
E02005007,0.06375197833755286,-0.02597064172796407,-0.030171173297153
E02005008,-0.13606147550306347,-0.053678759914402664,-0.06018835112464706
E02005009,-0.04097367934952494,0.04668765931950436,-0.10251538256301554
E02005010,0.11520540989715741,0.08222568502416816,-0.021148545547568422
E02005011,0.1507577918455883,0.003079848928718921,0.007179510276691677
E02005012,0.10178039595195686,0.04077928633011912,-0.06146255277073857
E02005013,0.1898668020088839,0.10588799315468027,-0.007261850967594723
E02005014,0.10576639851067136,0.0063627466197015295,0.0018138163620032598
E02005015,0.10922755487154064,0.003719337355493843,-0.007592394708050217
E02005016,0.16581952904098213,0.009684800086168273,-0.024901294142110706
E02005017,0.09608924469643235,-0.023497471377802608,-0.03642715343852471
E02005018,0.14773809110015163,0.04234098833130424,0.008418745012519753
E02005019,0.0928174673965522,0.03159506445312337,0.007213210321539
E02005020,0.07316478572107199,0.015981489313749504,-0.06379048615829858
E02005021,-0.006589817998754051,-0.07503675256327423,0.0025339155807193323
E02005022,-0.12287121890953832,-0.14393484755937597,-0.039743265359835064
E02005023,-0.16246607615869965,-0.07300390453876557,-0.014418853514750623
E02005025,-0.09170372538938415,-0.1304673296909272,-0.034110831486412425
E02005026,0.011053887658492086,-0.04749232852057607,0.011904264202109514
E02005027,0.020121226716342148,0.03551905807239539,-0.04198990130965474
E02005028,0.2574043506614008,-0.06662883400869996,0.017806703560252754
E02005029,0.07450943627834755,-0.14484261043549398,0.017881140139686117
E02005030,0.1592180239540357,-0.10952618428524262,0.015506714290718383
E02005031,0.24851077941669536,-0.19583188760098078,0.017411719822156054
E02005032,0.21040336325212886,-0.12627377647569893,0.006973922079602791
E02005033,0.13102013620565867,-0.12306707097344884,-0.03967636060343451
E02005034,0.20073213136709012,-0.06412133946158828,-0.016277028112147342
E02005035,0.17595614898472445,-0.11567417815777788,0.002678157779847992
E02005036,0.327063179638086,-0.11276941257760663,-0.01786541852300734
E02005037,0.17057878864002632,-0.08457709598895762,0.023485031054882886
E02005038,0.16074958955253327,-0.08338555908812008,-0.01091059655767282
E02005039,0.18356262349989277,-0.09176554991260259,-0.01960211095878406
E02005040,0.030428885967300253,-0.06913335742044278,-0.037728019682678915
E02005041,0.048714204739242276,0.02373363324366178,0.0016424117594860412
E02005042,0.11092877327724783,0.05730379207361148,0.05247367520012363
E02005043,0.16914302849500645,0.0769540808370446,-0.03319991999243409
E02005044,0.25034732525664893,0.08620732491303722,0.08611229922628712
E02005045,0.20421659673302187,0.07074295374211038,0.009746829828166399
E02005046,0.3146044179880329,0.1130942498396886,-0.012977914689272783
E02005047,0.22749596153873264,0.06464919699523031,0.055750414956816506
E02005048,0.08420592904579842,0.0518802895161175,-0.02090905073832336
E02005049,0.06715875821009785,0.04828108116844105,0.012593475191478022
E02005050,0.13081248825285147,0.06438523373342708,0.01881723770727322
E02005051,0.22988126500493591,0.0888166280307354,-0.020469947652192712
E02005052,0.27688982404565204,0.080329701482356,-0.008904294904737277
E02005053,0.19394934614126408,0.0835454613450873,-0.022279897947458934
E02005054,0.09259931997784268,0.034868609712720204,0.0323094672290351
E02005055,0.3102746473729285,-0.09152932220233076,-0.08364166587974622
E02005056,0.1777634804805237,-0.15753612791384347,-0.04356475627046304
E02005057,0.24700672021599152,-0.08670542029977206,0.0051518896793185135
E02005058,0.2339830655421962,-0.09290429056672792,-0.018585930054561526
E02005059,0.16825817634580925,-0.08047897886590254,-0.029230070032518683
E02005060,0.2071926469785027,-0.09828259444419891,-0.0440431454621686
E02005061,0.32284384753967227,-0.06765155637765727,0.015244105788972753
E02005062,0.2245168747735672,-0.028545663362494856,-0.023322542109002857
E02005063,0.17328863941646758,-0.03910707696569332,-0.01849600186467945
E02005064,0.11843226890269581,-0.044724024363063324,-0.01147260922221383
E02005065,0.23188847039211716,-0.09030918649933727,0.01132527395397195
E02005066,0.09434735000112993,-0.04659396081333634,-0.06845509346841148
E02005067,-0.0381130430921163,0.008940512408899714,-0.047444705274881066
E02005068,0.1544346777975434,-0.06606207659567973,-0.04457094068741561
E02005069,0.04827814722743416,-0.08287205052533009,-0.038233869946355525
E02005070,0.005842050416976358,-0.080084487019641,-0.05502212112814912
E02005071,0.02616995251506812,-0.0933118825280721,-0.02520419181843857
E02005072,0.10161934076142703,-0.10607089184950162,-0.006457614589356253
E02005073,0.03896973773386464,-0.13576692863127962,-0.042312664387953336
E02005074,0.09755671401753228,-0.06754114672955325,-0.03465810203443309
E02005075,0.03015717537303092,-0.02836182135256726,-0.04585395934964455
E02005076,0.08386251934174466,-0.05150057053448442,-0.02846937697681011
E02005077,0.21715623041099494,-0.03349574399602903,0.033011696928059775
E02005078,-0.024670971289047678,-0.06957132141165875,-0.05743557028991272
E02005079,0.02835450907863415,-0.013573010895433696,0.015050298936177329
E02005080,0.20766665019097214,-0.019184037229745175,-0.035878722672591415
E02005081,-0.0010908317379871542,0.0023924862571806553,-0.04520022676014559
E02005082,0.07403915271940507,-0.028144832964251902,-0.012485302425827257
E02005083,0.015237393295448482,-0.04349316665177408,-0.05567181321517072
E02005084,-0.1043335432209631,-0.06735641810387347,-0.0633777169860501
E02005085,-0.06980333587989447,-0.10250237663429797,0.011045315205412519
E02005086,0.048576098942599726,-0.06817052095477914,-0.04078806346019133
E02005087,0.18133270797696005,-0.06658623908876746,-0.03981774673704973
E02005088,0.23168174322100973,-0.11273997159182014,-0.015433555134248855
E02005089,0.2234828331429287,-0.037780634548071054,0.0069157341677665825
E02005090,0.042128528289487925,-0.023337607617525274,-0.04343809838921922
E02005091,-0.010444825055964637,-0.08410452234744231,-0.10143616014877328
E02005093,-0.00017880515497199648,-0.04274950669592277,-0.0035347344522575503
E02005094,-0.08503951173773355,-0.1250458025015285,0.013885120467421455
E02005095,-0.00945838891627565,-0.022906722350855852,0.025723413917114316
E02005096,-0.010620765294705974,-0.08253288905493854,0.024030790698371926
E02005097,-0.05072430592257717,-0.06989184890630473,0.01450884357465594
E02005098,-0.08900319339117306,-0.07473169766869071,-0.0013744055436311197
E02005099,-0.0661578115043592,-0.09225323397655046,0.009449956070746808
E02005100,-0.01917425578755976,-0.08042637358893284,-0.02429397900955479
E02005101,-0.15852664161623192,0.013907361589641795,-0.046836060167228535
E02005102,0.014703798527283627,0.14665767400399726,-0.04664833574924234
E02005103,0.08598988790701537,0.05101326798640144,-0.005575418796688578
E02005104,0.129060083248831,0.09729733541517811,0.009984766574355545
E02005105,0.19832900876601692,0.14479162484567087,0.01584913763420228
E02005106,0.13185583362837336,0.08256932062091481,0.007104625096855566
E02005107,0.11668929978080228,0.10157842273987097,-0.028214060879132377
E02005109,0.10109241564707751,0.0870382643785635,0.007637172479035517
E02005110,0.08762915024942526,0.04423950991843273,0.01079332161938837
E02005111,0.09879626051982586,-0.012339915215765504,-0.018701574618782715
E02005112,0.12984474004443494,0.12653311515189203,-0.09612172278359642
E02005113,0.11551344081910339,0.09301473237331287,-0.04160244490244208
E02005114,0.13050470910638326,0.07232413487804853,-0.06378033303746325
E02005115,0.28357275021525497,0.06311622635029707,0.0579045035900986
E02005116,0.24476949108120677,-0.005448879410552738,-0.018068347223854805
E02005117,0.24009588609317645,-0.011163006440952255,-0.09682209133963134
E02005118,0.21380431167238556,0.026897592964803305,0.01097143941616968
E02005119,0.25038971350811123,0.06002811234425738,0.007845385917083258
E02005120,0.2261283642411449,0.10526542370730643,-0.01028609418574426
E02005121,0.17822115143086495,0.007692741113456358,-0.001704061693371897
E02005122,0.13448571328829698,0.035554322982869695,-0.028226445915661875
E02005123,0.17789802423692808,-0.02559849341269934,-0.030082953649996046
E02005124,0.14979769148140287,-0.044075044751857306,-0.06422204934931279
E02005125,0.2875568389666184,-0.0007887166771036385,0.032007971358036166
E02005126,0.15278278419948657,0.05460595158847004,-0.026656680184725168
E02005127,0.10146140171403559,0.05194635260084948,-0.02655008756779982
E02005128,0.16140445562534958,-0.02730321351293229,-0.0021453772930442446
E02005129,0.13240001739817028,-0.06192473703553632,-0.020424546073555608
E02005130,-0.0016893292307148438,0.0648395748366193,-0.09436791822781858
E02005131,-0.039563440248374396,-0.01213913316049551,-0.10411500251027925
E02005132,0.5383220654935766,0.13865859158810012,-0.0738595644579858
E02005133,0.22942092483245297,0.0889034853761268,-0.012781467330028143
E02005134,0.43325598999244974,0.14928647690503055,0.006006885185151524
E02005135,0.34681869376912744,0.1711028874229581,-0.026856737645962223
E02005136,0.2779509620337187,0.069209432615784,-0.036873102286307975
E02005137,0.2746479476401305,0.09910412052174067,0.006888875657738134
E02005138,0.21991574791192764,0.03304663601937472,-0.023301895486873128
E02005139,0.19539925444301018,0.10534833343992699,-0.04539452817969856
E02005140,0.16492362989432718,0.13120341933250032,-0.00861367594137851
E02005141,0.2041100594963832,0.1278658593986158,-0.03442597761245073
E02005142,0.23874923218725844,0.045353358587145426,0.024163899665721144
E02005143,0.24542702170837022,0.09824414555246999,-0.016318092030430765
E02005144,0.2831719784729576,0.11240734278760356,0.02824596391408787
E02005145,0.11567871267865137,0.05576676386383495,-0.09391415971909602
E02005146,0.26049616801245007,0.07236230413618033,-0.014410119197643116
E02005147,0.19703753818271819,0.09968388835417247,0.006847533224168024
E02005148,0.16751149883126015,0.0646774580045234,0.009511508080360097
E02005149,0.12002474987550123,-0.05402387626670279,-0.09676544992436104
E02005150,0.12768458528595378,-0.05124618088658134,-0.05630864821882571
E02005151,0.14084091080520064,-0.02519876264983537,-0.010164486399497727
E02005153,0.15724043870637758,-0.04941431399019346,-0.036724710296060635
E02005154,-0.01631555745933484,-0.03303324238193395,-0.046662144265203855
E02005155,0.017842887698361926,-0.041947064155546235,-0.04801632220652495
E02005156,0.07518695128344095,-0.08480472471058455,-0.014639513614257617
E02005157,0.013364172313520285,-0.016195063775241266,-0.03874124930475255
E02005158,-0.04767267240649395,-0.06318968197495325,-0.05309244560826835
E02005159,0.03377834683689324,-0.018012943415544238,0.009484378689126872
E02005160,-0.012970616362969555,-0.11689141728838871,-0.014291628121616655
E02005161,0.07870923006649544,-0.09173152201370062,-0.016169351326668017
E02005162,0.05946750609109027,-0.043706218680343224,-0.06516299221716146
E02005163,0.008948855297892267,-0.013688150476656863,0.027534262551674106
E02005164,0.11978971860137141,-0.018179237269900665,-0.00683514161989068
E02005165,0.00825332344118245,-0.06819455319347394,-0.07403416535678965
E02005166,0.08204135189588325,-0.08462753016159603,0.031065851213569178
E02005167,-0.03666906316694292,-0.02494446109616626,0.01909849065573681
E02005168,-0.004819152381956633,-0.05674003989118375,-0.0010315761646573361
E02005169,0.0015036064524959994,-0.18217146223891253,-0.02933515997563773
E02005170,-0.015165438804239794,-0.08059230271408617,-0.026279850788687203
E02005171,0.07054884322445233,-0.1406663087113268,-0.036044455335063806
E02005172,-0.1565626626839866,-0.03468331790589858,-0.0434595617977682
E02005173,-0.00622494059045578,-0.10914574774347974,-0.0073912426596729275
E02005174,-0.08682165979056439,0.00473231436161723,-0.015410159580443372
E02005175,-0.0257119939823844,-0.09158543786106191,0.010298520239453022
E02005176,-0.22604076491884165,0.013352433592594758,0.0009757382045574646
E02005177,-0.06975125086370407,0.07574305268199487,0.000698255772291007
E02005178,-0.08102030856458561,0.12927164499161303,-0.06814861413171386
E02005179,-0.2273509139002755,0.13737203858510805,-0.04623701490679449
E02005180,-0.13159239793379102,0.09140621411644759,0.04020672520826189
E02005181,-0.20814836570601586,0.108572028550499,-0.009475137032670588
E02005182,-0.1927073348628622,0.09352918038421174,0.06871592002335791
E02005183,-0.1259146660609543,0.058300321492372485,-0.008802716541010206
E02005184,-0.1469887632781718,0.02060189996141651,-0.0442849136499436
E02005185,-0.20680420986822673,0.23980481082426386,-0.04297619482543815
E02005186,-0.19494399548017038,0.033108388387675006,-0.07366734628758226
E02005189,-0.10253391812764788,0.11535638514067748,-0.04410403422392698
E02005190,-0.1508710190877156,0.07536807227649008,0.0750121280437755
E02005191,-0.10989519829567954,0.07429243834021104,0.035258029976338465
E02005192,-0.15312309712470837,-0.0029388219752792726,-0.044545032649772866
E02005193,-0.16517246608185804,0.08907032579988297,-0.024094946833833626
E02005194,-0.02299742015749146,0.12205256776088991,0.055257632801842545
E02005195,-0.14626234253291703,0.09225601426555033,0.04096844499787958
E02005196,-0.1254991008818076,-0.02279009506982298,0.0004537737421099015
E02005197,-0.05440137026519422,-0.10532466040808137,0.13230770405780218
E02005198,-0.01800989854970998,0.007228925164654981,0.08013312029640618
E02005199,-0.1686043043292025,0.039421720926372084,-0.00588016062352439
E02005200,-0.06967107501744196,-0.01244888721177252,-0.050354031730567635
E02005201,-0.0628032995714977,0.04947633167256791,0.07277421224032857
E02005202,-0.14578586990070028,0.09312491603219186,0.011618886125626249
E02005203,-0.2790388781200389,-0.006504386725991726,-0.030275478230306633
E02005204,-0.25404728203675375,0.04818688821876699,0.035866044462676466
E02005205,-0.3037537387030806,0.05030134795393548,-0.034727343821761916
E02005206,-0.1587755055716609,0.025111082191200403,-0.032795066764959656
E02005207,-0.09875966078935165,0.05585276836133346,0.016361027856844228
E02005208,-0.27676523801676817,-0.05337920480181738,-0.05005637757068437
E02005209,-0.1629827090278401,0.0025202278231715673,-0.00841454407222814
E02005210,-0.17899998969925082,0.0543397306199351,0.016576706205287214
E02005211,-0.08974080235373515,0.004769440701675864,0.01580593864271252
E02005212,-0.2993579539576986,0.047534129481067874,-0.03673887492100537
E02005213,-0.30520488429182474,-0.01175773414572109,-0.06821257993226437
E02005214,-0.2485611409842283,0.060458859989628626,0.004630509808485167
E02005215,-0.27405930014539376,0.08624082135010423,-0.05018192313270897
E02005216,0.1031065020274929,0.00330091361087004,-0.1038622812753328
E02005217,-0.18728997332926287,0.10987818878029686,-0.011927318536405771
E02005218,-0.2689254255505357,0.06408982427156333,-0.09084540811189955
E02005219,-0.2092674621499889,0.04772404935255814,0.0012197804667980552
E02005220,-0.14152588524301316,0.12588275282682135,0.04086566095519896
E02005221,-0.2257323058205735,-0.014549210269212598,-0.020482703497919225
E02005222,-0.31907814396388806,0.09256849222479484,-0.032893763475609634
E02005223,-0.155157756876141,0.061807401356732954,0.029892251690954642
E02005224,-0.24951254465415731,0.07935615071615837,0.014050936474261682
E02005225,-0.30777621298279817,0.11078026568190583,-0.026490193926850498
E02005226,-0.11060922571029107,0.10490319559420505,0.03828917737645043
E02005228,-0.15198458509933188,0.14508061573208186,-0.037710283670930766
E02005229,-0.16402046518647787,0.09877811617402811,-0.010752460159515462
E02005230,-0.22128023958353243,0.11835477737255391,0.02537371885089488
E02005231,-0.27346815776914085,0.03725175670127374,0.01731722871543738
E02005233,-0.14483281190900768,0.042054176925459055,-0.05826194673262334
E02005234,-0.27936849187361185,-0.0348600652361581,-0.020685037385392537
E02005235,-0.22711075988922289,0.04715336832351359,0.02922349585505771
E02005236,-0.16019373283076616,0.10796026851697713,-0.0035614588316720754
E02005237,-0.2233129857110356,0.05994971451687354,-0.10796649282375442
E02005238,-0.15348952658129633,0.058596169511540036,0.08796920267579059
E02005239,-0.2548578869142477,0.06543959414528988,0.0028010236096030153
E02005240,-0.07901533447850932,0.011998110757005707,-0.028388736219284998
E02005241,-0.19519864594515257,0.11336469320512112,0.020020742657286348
E02005242,-0.17366812273537283,0.02445119799721448,0.004377944086986314
E02005243,-0.15307296679954538,0.0817917326055443,0.013691420428129944
E02005244,-0.05208388656734007,0.19013350256131673,0.08742650337745096
E02005245,-0.20977190378355665,-0.006977231395954527,-0.011276679034371066
E02005246,-0.020096501406195157,0.07456251645783994,-0.05054778451446194
E02005247,-0.21133441608976677,-0.018920915074372543,0.0430290242321233
E02005248,-0.1231933628187507,0.20807037146861818,-0.10199911970926662
E02005249,-0.13098377433636446,0.16648988901051792,0.0259543769836763
E02005250,-0.11784587064183968,0.20064861605581305,-0.07275602901802852
E02005251,-0.10802213442434488,0.1689279784741936,0.03496752335745098
E02005252,-0.12151288980043798,0.21400888394043668,0.037753389304203105
E02005253,-0.3061871134896838,0.026581155506571162,-0.006722494962811738
E02005254,-0.22430590555602362,-0.010951697619325287,-0.048107863117904576
E02005255,-0.30369561326733413,0.02028667455232098,0.025733447263609918
E02005256,-0.30055191200455667,-0.036236850429229805,0.002824216390866799
E02005257,-0.07622969824562904,0.024767932406770943,0.029379896719467752
E02005258,-0.24049750373948234,0.03211515186893554,-0.005045668974990207
E02005259,-0.20203569741769747,-0.012418105852822782,-0.023386104088946105
E02005260,-0.2314003101327179,0.03733393051626258,-0.016167524341291154
E02005261,-0.08574252272447469,0.11256037962326465,0.11657497924924522
E02005262,-0.23655487669910255,-0.03195819847784239,-0.01773336538806517
E02005263,-0.31704626308730327,0.09267084917266691,0.017299792448129528
E02005264,-0.3181224052492814,0.021948449967168757,-0.014798599696322983
E02005265,-0.2840892620372544,0.03188158603784003,-0.026652832883544784
E02005266,-0.17659516139289294,0.09053927829287117,-0.037832807914280606
E02005267,-0.3195074483715693,-0.02025049965477534,0.08678156857759686
E02005268,-0.205376975089979,0.01993155368849074,-0.0035981689450677243
E02005269,-0.23414835671047884,-0.015195852925684771,0.0747997771714534
E02005270,-0.17493282826603626,0.05056087269495023,-0.008681952766987388
E02005271,-0.28314573488251793,0.010190229017349848,-0.02623422955591371
E02005272,-0.11212753964471861,0.07362810316461586,0.028624145051363216
E02005273,-0.22816634986595083,0.04359258156088838,-0.009860030162365988
E02005274,-0.23764987224115314,0.07905622882603318,-0.07268714777313391
E02005275,-0.24749535702579228,-0.19770322534677756,-0.028847809684873323
E02005276,-0.23576875890705576,0.06060292064631185,-0.04315209748663549
E02005277,-0.2850217751351062,0.04008880121834672,-0.03569190830740723
E02005278,0.00493100696988355,0.17749836070740035,0.06309578380463181
E02005279,0.08798836070739754,0.09684452480020221,-0.011250726931182713
E02005280,0.010100762474553738,0.17526769517497834,0.03744471719138775
E02005281,0.10831845414896722,0.21554132630677364,0.12032745376227937
E02005284,0.015561028871239956,0.1318209571387444,0.10501947330122087
E02005285,-0.11216256326009051,0.1416333712098771,-0.018466194507026985
E02005286,0.04722631326676005,0.2645228123011079,0.007656666312450419
E02005287,-0.08203890942763586,0.12020022357596656,-0.0055187739067593606
E02005288,-0.3470611307427169,0.049630294867943986,-0.08791068903372026
E02005289,-0.1616234866088372,0.08329918637167291,0.034310889737624084
E02005290,-0.1891451580796967,0.01611914683437902,0.04233626036320477
E02005291,-0.1262191777702976,0.056533500627027486,0.0063085526701575885
E02005292,-0.1877465469949211,0.01997137138610317,-0.010712135179989972
E02005293,-0.17052930547427197,0.056976174683794276,-0.09129288993076132
E02005294,-0.09628608828934389,0.04514224067049984,-0.013593063666494527
E02005295,-0.16616683258084894,-0.02185572754546708,-0.0047952709617830455
E02005296,-0.15776275751343133,0.06919167204891521,-0.00644433353134112
E02005297,-0.23248104920207247,0.06066939781997593,-0.06528735587079539
E02005298,-0.11349116519254693,0.12194595331817254,0.04594003695199571
E02005299,-0.15857058121313394,0.06147282377877481,-0.019455800325670014
E02005300,-0.12171791824748182,0.08899055723380624,0.033667000183326044
E02005301,-0.1546681615997976,0.010141571974969696,-0.05152543988186296
E02005302,-0.18518825294962052,0.036659779901868916,-0.013291523416279675
E02005303,-0.21466530250901336,0.14267068598829133,-0.0014957265387573236
E02005304,-0.1253068334840524,0.0634519350208074,-0.0215317296342427
E02005305,-0.269858997603836,0.007045616438593092,-0.02203293475715555
E02005306,-0.11871108382057935,0.025434093707043758,-0.044911788554504714
E02005307,-0.1477369043145313,0.04321517744832148,-0.03614324176804167
E02005308,-0.17078921046743842,0.06955120408553973,-0.0750925341193664
E02005309,-0.21036537577411674,0.030885325175070748,-0.00560523867742698
E02005310,-0.22603025031008733,-0.04414823024966284,-0.08709004370189286
E02005311,-0.16869442690623468,0.00819098191409473,-0.02675553119475151
E02005312,-0.1539384645661598,0.08410020309270953,0.04349611032172098
E02005313,0.048621840740755234,0.10138733485961486,0.002091151486188924
E02005314,-0.12779693176601772,-0.069252357130685,-0.08283764180097489
E02005315,-0.1755682803727768,0.011781575389375139,-0.05368340467311802
E02005316,-0.30393123883871515,0.10038326196866197,0.08203950189057514
E02005317,-0.12236435249348883,0.07664516802664832,0.09834785973386544
E02005318,-0.12732249915900232,0.02237425281858208,-0.03509119789752901
E02005319,-0.22814506967426632,-0.05884150187354196,-0.0674024051209305
E02005320,-0.22697298788675702,0.10832180768903726,-0.015583036269689097
E02005321,-0.13315316497856294,0.11273373088165307,0.052935535362415555
E02005322,-0.249172964296438,0.046811172301003595,0.007950957233877997
E02005323,-0.11268705227367486,-0.0327467296403785,0.032109028744657375
E02005324,-0.3335862506801767,0.05022417182218139,-0.04996563250671375
E02005325,-0.369590434943109,-0.03400109818354713,-0.04120527714443264
E02005326,-0.2418223779913725,0.0890033028813825,-0.020721069845908054
E02005327,-0.31124694257785757,0.08126414222343721,-0.06566316718847827
E02005328,-0.19073700737417115,0.02901866001823746,0.006948634538412717
E02005329,-0.21465398968469812,0.046483630344535294,-0.013582826080842818
E02005330,-0.28451305336541427,0.034060346356744396,-0.019634559689515153
E02005331,-0.23353252488098722,0.009571194981156413,-0.04192153419639581
E02005332,-0.25607415564650593,0.017687558117284927,-0.020974625810188906
E02005334,0.07174295119402316,0.14970715950670518,0.03838361250280532
E02005335,0.039512265712321984,0.06817571190525527,-0.01638999692776348
E02005336,0.05225907590479592,0.1786860907052192,-0.003670946524359527
E02005337,0.1519054639748023,0.14149485145335333,0.05356405673100728
E02005338,0.09303905445233743,0.14466244511081428,0.0336929217856748
E02005339,0.06314301415296011,0.05211366306253932,0.037997841369806676
E02005340,0.1603166361631772,0.09035763276942477,0.03632413784563121
E02005341,0.037938986514646285,0.056180158063733186,-0.004979421456308293
E02005342,0.0998793044880662,0.07044566891632752,-0.014299105655106418
E02005343,0.11024356573463083,0.06463119772693342,0.01856575448796267
E02005344,0.10650684124349402,0.09148489910611933,0.012127256696325707
E02005345,-0.04336723866482013,0.06108592709167235,0.0034358633790406014
E02005346,0.025716239014930007,0.10894418306442105,0.012420993904880022
E02005347,-0.04174138476094782,0.08149075796428294,0.023266827413959478
E02005348,0.037457310893996225,0.07223164312037367,0.0453788772225349
E02005349,-0.02229207732827139,0.15159701161501868,-0.04869141174493499
E02005350,-0.03209820220447802,0.12199499218508214,0.031223651858395925
E02005351,-0.025361335805166228,0.012873980210068473,-0.041427290561830886
E02005352,-0.07223618107228987,0.13172152313090146,-0.005988914187344352
E02005353,-0.058064321998390525,0.13456436064809457,0.02921990236350581
E02005354,-0.003948371019143086,0.06511468088035158,0.007508706822002885
E02005355,-0.006696075899403606,0.05574068708486562,-0.07478712411758565
E02005356,-0.0011107387977778934,0.07699501522777458,-0.045385298560111906
E02005357,0.07384683038605672,0.10322542679228426,0.007351936412328851
E02005358,0.05327630359158701,0.06571859144291381,0.05674712637378814
E02005359,0.08529756714127204,0.09578280292937423,0.0358862119498501
E02005360,-0.07398509399328743,0.1579312162106716,0.03486936767796742
E02005361,0.0640511170288939,0.09063031411548092,-0.008162754396581755
E02005362,0.07342112649302932,0.12544786609107791,0.025323899197238892
E02005363,0.1590560154710352,0.09468409004576307,0.007975832982792213
E02005364,0.12113528391995242,0.14873991527622857,-0.011338686709067947
E02005365,0.132470324154884,0.15896309966196437,0.012368550180142381
E02005366,0.09776326547937435,0.10451269040747956,0.022536816482753814
E02005368,-0.056849695446615785,0.02740977712000016,0.004592360542044961
E02005369,-0.035521836940626834,0.062088354488689365,-0.021931045060078123
E02005370,0.03904559901156253,0.07943513509040491,-0.01696365094835804
E02005371,0.047969187805113764,0.03127950187049496,-0.003023973834574916
E02005372,-0.021345397867222875,0.049726989735549385,-0.009082937516594173
E02005373,0.04191052216568649,-0.0053077958390996965,0.011408584900792282
E02005374,0.10568313385576197,-0.01519284027405709,0.029551119003856846
E02005375,0.08182112103759928,-0.049153151977195504,-0.016817897204698635
E02005376,0.010998300033780932,0.05601580176929282,-0.014787445373402583
E02005377,0.06751319584177953,0.08863603364209696,0.03337517204320302
E02005378,0.016702639561496296,0.114543429277814,0.027274828788126523
E02005379,0.05520331170020971,0.10927427762578812,0.029732339213385275
E02005380,-0.058171963703267014,0.11760609224050021,-0.04112609451683092
E02005381,0.11448352450955951,0.09386751620991311,0.0709791174738541
E02005382,0.06653132694018446,0.11221804936308025,-0.037181443833899167
E02005383,0.07110701214275214,0.12925497237216604,-0.02281539032180381
E02005384,-0.008451884455909562,0.09977855309006486,-0.11243248668827607
E02005385,0.057432375431007404,0.13390810620469124,-0.015768964759910357
E02005386,0.10258825263436387,0.055642195736842204,-0.015795366695533743
E02005387,0.047377973730896104,0.1119919339560056,-0.05788171838388884
E02005388,0.14401481253823156,0.13807074254510723,-0.009157917848432432
E02005389,0.024888687353827217,0.07771952003691954,-0.01386718264005481
E02005390,-0.01196693129649634,0.053495621820287456,-0.02970532401449754
E02005391,-0.07023236403914683,0.07049541002217594,-0.03435592569065961
E02005392,0.03034088052511016,0.021611223123168072,-0.005204371507316692
E02005393,-0.03106681790112968,0.08667850054673665,-0.04526036018781578
E02005394,-0.016668841769675622,0.05771657089653252,-0.000550848550838372
E02005395,0.028208608231169535,0.04731101117721352,-0.009384338311117688
E02005396,-0.03986031636429792,0.09753442971137806,-0.0738615553259643
E02005397,0.015332895747580748,0.11588679270497419,0.024327310499230283
E02005398,0.001966626222774072,0.10160185453194699,-0.02451123709623693
E02005399,-0.05497550063509458,0.05406907299834178,-0.05432584955206176
E02005400,0.027932904832919603,0.12126771868161612,0.014536465696996261
E02005401,-0.0776273716199667,0.08721825774222494,0.058321506166501134
E02005402,-0.0656122148764011,0.03711886229213985,-0.05400712124171987
E02005403,0.033386560416810686,0.13295416927155101,0.013721570840937924
E02005404,-0.02435314694274608,0.05977700784687337,-0.0023654490169820568
E02005405,0.07884202094814709,0.11171533517347206,0.03860057831425572
E02005406,0.021319417419673223,0.1763087342060418,0.02336117852383852
E02005407,0.06696461466389352,0.17001443546841166,0.030604114565311678
E02005408,-0.0072878709871158544,0.09657076098074545,-0.01819503125631128
E02005409,0.08632473321606156,0.11179614541411703,-0.010278456843833725
E02005412,0.06679518571916065,0.06416016605955248,-0.03424831712098231
E02005414,0.15881783157775622,0.09054831633179626,-0.05128717004063451
E02005415,0.09858034935355205,0.15676769820719694,-0.0492204335927596
E02005416,0.0893463541386066,0.10562810122812541,0.03911226736800123
E02005417,-0.0017198063424750884,0.056660321065406534,0.03130943241009297
E02005418,-0.15001394213208608,-0.03222662318009147,0.06820551256778346
E02005419,-0.11186671910401291,0.005886525001000785,-0.0016300021634622708
E02005420,-0.03991482855297676,0.008305711927054003,0.08886372949757562
E02005422,-0.01859563869931454,0.125880313100133,-0.02123352820920768
E02005423,0.004622517920186819,0.10497027584043588,0.014639468261619123
E02005424,-0.12142109683422687,0.09600209622519845,0.0049270337856827644
E02005425,-0.005454482938561559,0.13878000805937926,0.040348313052353244
E02005426,-0.1395614346163615,0.028360653708125533,-0.03826546213962158
E02005427,-0.06775009920288376,0.011816500940156715,0.04313312530288701
E02005428,0.02680343437930018,0.1259215918979388,0.016567738547873287
E02005429,0.05748678577308528,0.14589098420451907,0.04412917100789226
E02005430,-0.10114170794626066,0.1079381449150744,-0.04976647277881934
E02005431,-0.0519007576689619,0.07596091425566005,-0.035873068076109065
E02005432,-0.04508967536516096,0.2044235627326709,0.02276197451244018
E02005433,-0.06913738951121183,0.1510995885629775,0.014341535827530614
E02005434,-0.04124619117889921,0.04683145781662935,0.0525049891701621
E02005435,-0.049123011036868586,0.14181708340809088,-0.029712854640705062
E02005436,-0.11515059549485031,0.0914887852874299,-0.02205191275358249
E02005437,-0.025152321330197618,0.09228681074856575,0.005809667490050173
E02005438,-0.0971026083943271,0.07492994940780909,-0.10707503869486512
E02005439,-0.07294834237656711,0.07692707835913315,-0.0386342913307777
E02005440,-0.0449976834475092,0.03406093568863,0.08245673605123853
E02005441,0.003967130106551572,0.1679006755332552,0.0010648655820959536
E02005442,0.0794367389785715,0.0010435214628737267,0.08834654943263089
E02005443,-0.08450075584962072,0.020925867633522107,0.02063281072649545
E02005444,-0.0337034583995961,0.017584566214373903,0.01868556925124373
E02005445,0.030362576029100082,-0.028648679474636368,0.016773754680033896
E02005446,-0.12150865614827039,-0.04074707108319471,-0.019861592578673773
E02005447,-0.12508741893486802,0.04954665492689821,-0.007964068131325998
E02005448,-0.0856510187550542,-0.007232658779548897,0.06327598213248203
E02005449,-0.013866315061824041,0.025566463646287393,-0.018872852443369417
E02005450,-0.050630271712461025,0.0334563810715282,-0.009816192771818034
E02005451,-0.06197278034155122,0.016288013868374574,0.03970901607613007
E02005452,-0.013602343813088844,0.03534099151913936,-0.027651509672569206
E02005453,-0.01830202407041243,0.0694401359534122,-0.007089390051655878
E02005455,-0.06002987736559698,0.07905441344934303,-0.024762579695253174
E02005456,-0.02583503127838233,0.04693013391211577,-0.007927623708021317
E02005457,-0.008670178394272384,0.049230434604371695,0.052877059047074945
E02005458,-0.03970357374163317,0.05789108076988437,-0.014964426504173733
E02005459,0.0002668985172546723,0.1301976144946609,0.015411232351359912
E02005460,0.03218934118103924,0.08609862781522425,-0.01371147562175982
E02005461,0.011201559571921153,0.08927305963522417,0.029143121834829186
E02005462,-0.0453641693431214,0.037654104226300215,-0.04333092681075855
E02005463,-0.02184187217447513,0.08900693269398832,-0.0017576297158165511
E02005464,-0.025474860944125616,0.10378340819478032,0.027966393450248216
E02005465,0.07654900628964888,0.06642241294962763,0.01689651099356077
E02005466,0.05555047684864337,0.06906583928496501,0.02889953140098498
E02005467,-0.02523895055463187,0.052570673942239035,-0.019743813477522895
E02005468,0.06079204889301342,0.0694142925629158,0.027492846850815485
E02005469,0.06480055497992994,0.0524350061504132,0.011887249677995405
E02005470,-0.06610899938433396,-0.018689046428290123,-0.027561947861878544
E02005471,-0.06300857416113309,0.06824728123865623,-0.04024638252503165
E02005472,0.04133969150657304,0.09895407542690483,-0.0031569459573126146
E02005473,-0.02189132729737067,0.04143710775475697,-0.017547702916214034
E02005474,0.06969119723095285,0.08466432653956303,0.04841672137640972
E02005475,0.11030804315550481,0.05243544500130974,0.0005493666916187153
E02005476,-0.004969880267188644,0.037959978307867875,0.02507019565852782
E02005477,0.004085109284918624,0.014404946219839348,-0.013449958648273629
E02005478,-0.04575741305853505,0.025437644306905066,-0.016641288615062404
E02005479,0.015061392804529481,0.07091856306470384,0.017876932682034587
E02005480,0.04554686730911784,0.08527819560737036,-0.04139144516473641
E02005481,-0.0003074850885999923,-0.019120788238492052,0.028322144803073435
E02005482,0.018426929250037857,0.0596196857747429,0.0010004531157311594
E02005483,0.006600170578479115,0.053583202131223716,-0.022269152059848384
E02005484,0.005481416605298858,0.06732944105980594,0.010377671031837737
E02005485,-0.0012844966007170369,0.043259891845027265,-0.02933759936711824
E02005486,0.01947033320715953,0.013171495607208924,-0.05045076700378052
E02005487,0.05343855878436767,0.04924076372314322,0.026042692473825724
E02005488,0.04023990644238624,0.02907155643463608,-0.019319849762909316
E02005489,0.015354613612376847,0.009547341639660612,-0.07262254273178048
E02005490,0.13661221257147155,-0.0014536983282043708,0.02928636331248066
E02005491,0.1456522095736596,-0.005042766072217565,-0.0093577364589432
E02005492,-0.13631550710251672,0.08783275597483696,-0.014389551044500268
E02005493,-0.06331647208741185,0.10380192777320016,-0.009405829187459403
E02005494,-0.09089481052274478,0.0691719772369591,-0.05766451914304021
E02005495,-0.024408536912006458,0.10680565938708694,0.01422476039149212
E02005496,-0.03534812577440462,0.06925354829090598,0.003416352838559368
E02005497,-0.0784691112179263,0.0225487326692001,-0.0035417989491764207
E02005498,-0.011487487842735266,0.1197571734818528,0.004446956987854889
E02005499,-0.05162894246823577,0.009015295643865003,-0.00801624636232537
E02005500,-0.05995176841853355,0.03938677392821389,-0.047809246064339804
E02005501,0.02206049060277332,0.04207677322054007,0.02214537537302979
E02005502,-0.019348951553642458,0.08611072552120287,0.001719140620423629
E02005503,0.06421699856688401,0.042271080654388594,0.025191643044859904
E02005504,0.03808545311791157,0.09675946808409029,-0.04650036299929948
E02005505,0.025525755567008764,0.07177144692841235,-0.00408119261857969
E02005506,0.07339558990042065,0.06796273328940992,-0.04208155101469084
E02005507,0.008431962011367318,0.06604309352884843,-0.04714854011504377
E02005508,0.031205956338390243,0.035979673892977564,-0.016181335631710383
E02005509,0.022725027264004712,0.03972868321780154,-0.01912279040435597
E02005510,0.0885924430247692,0.02966881341440413,-0.010474699365251406
E02005511,0.03432006925543257,0.055007506750768376,0.006183767959979201
E02005512,0.008656710157265506,0.11839625269498195,-0.008878644660698062
E02005513,-0.0001051202612343328,0.007822493927822333,-0.033598980355873075
E02005514,0.06189578057363212,-0.001347466511190861,-0.008708726193605678
E02005515,0.019510327495233376,0.019238758572454256,-0.01099920216640509
E02005516,-0.00035011192520113967,-0.015417592253406213,-0.03275641921350641
E02005517,0.16282888679789378,-0.07452734730359821,0.04974673830864275
E02005518,0.08871139230746361,-0.03920731681430334,0.02936827573529145
E02005519,0.13660220707585177,-0.030362836449612407,0.014546039015381032
E02005520,0.01493764842651998,0.0427037349505735,-0.005456710265208676
E02005521,-0.03939572775134977,0.02310433522329523,0.001439065836637881
E02005522,0.007030311298101135,0.07405555829905203,-0.021984725753095534
E02005523,0.022147990955045913,0.0700788753899615,-0.03766409926418577
E02005524,0.06773771396220853,0.07375789796653857,0.005429099324145046
E02005525,0.011121743848951376,0.026448132717650154,-0.012863125627002822
E02005526,0.02366219778110419,0.01647314464427482,-0.035698985165710045
E02005527,-0.010539201902461883,0.0799397485746052,-0.0207050151307385
E02005528,0.026565832195984542,0.019550642888756707,-0.010356926880333878
E02005529,0.034933915275445086,0.05194193595043755,-0.015343074293732014
E02005530,0.023316255169448328,0.035713015182876826,-0.04701610780811951
E02005531,0.014722727841622955,0.010548478876575486,-0.009545751880818843
E02005532,-0.03941131809840826,0.014140542623519855,-0.022334639443762263
E02005533,-0.026812332919899543,0.034894664506626,-0.010957384583089867
E02005534,0.028778386816812433,0.024797668019521317,-0.01317390889327875
E02005535,0.003263464120016365,0.015683844209867105,0.0022105839670373056
E02005536,0.02365549497858479,0.0811602738433417,-0.02616605829368742
E02005537,-0.011423591780747153,0.10016354427964053,0.009808023976076533
E02005538,0.057345747224671,0.11146080823407475,-0.020769803141931945
E02005539,0.057488791662538175,0.07530476642089248,-0.013466615517753194
E02005540,0.05260550626354941,0.08315374196263696,-0.006933203924553336
E02005541,0.015068586100158442,0.14019099531239892,0.052840277284096925
E02005542,-0.032188760588147035,0.07739812932922457,0.04994381743312431
E02005543,-0.06416901313864094,0.016120515478112066,-0.009117487636210505
E02005544,0.04019683152571276,0.09810253868410858,0.0766240458691093
E02005545,0.046772954420239835,0.10584733771870877,-0.014104383578808867
E02005546,-0.026648011501930836,0.08328163167006848,-0.04338394750291491
E02005547,-0.004025981668988444,0.13765991733346153,0.01623948818443735
E02005548,-0.007623334872214667,0.06529302219873395,-0.01011344492108127
E02005549,0.012276343291216931,0.06233937006408666,0.02129158201716436
E02005550,0.012653613770125052,0.09520180506553842,-0.03850438568357058
E02005551,0.02892062283529959,0.06799039026042257,-0.00689401573485386
E02005552,0.10989409686944211,0.13419899667343727,0.08680026256760928
E02005553,0.07716723155249418,0.13460203374223592,0.03516920034993064
E02005554,0.08325472815962026,0.08413315323002925,-0.04737680128755884
E02005555,0.035696576815084806,0.06224906659433783,-0.05274054977719455
E02005556,0.08903765867636905,0.06859947930336803,-0.017873198342931
E02005557,0.07835134123034065,-0.010845112143055518,-0.02274615509690093
E02005558,0.12084660445406517,0.06310889740651462,-0.023598408837572953
E02005559,0.07887726962442132,0.03643725605132651,-0.028113953187781933
E02005560,0.031362812232546576,0.011914691536803914,-0.022397772122586965
E02005561,0.013400992687456226,-0.004310767138661681,-0.0026030509119316586
E02005562,-0.002305272291930295,0.09230416320684945,-0.03160399092792235
E02005563,0.11592014687642854,0.09563294050672524,-0.08407356745427955
E02005564,-0.014696747359936006,-0.04187186088679474,-0.07819332171807122
E02005565,0.01734460765098015,0.06524626410172941,-0.015483934365627562
E02005566,0.12128065079376024,0.047309936024513874,0.0040494891849353395
E02005567,0.03341861480051015,0.018552648334965557,-0.07117541056342869
E02005568,0.08158789078582547,0.08953926739715336,-0.02162021647630186
E02005569,0.11525200740816033,0.08257535707999304,-0.026943753624737696
E02005570,0.03602992602119104,-0.000707538759602903,-0.025983846272793976
E02005571,-0.012389728171409873,0.0729082587471152,-0.07081902815792987
E02005572,0.07358295282143218,0.0542180839990223,0.0026623602858906977
E02005573,-0.023508752773970482,0.04912156376569517,-0.03929140145806779
E02005574,0.09548346123987171,0.12719647965345712,-0.010587025173135828
E02005575,0.027801766898731844,0.10570181007347525,0.00796633921433612
E02005576,0.09091080517998361,0.08666284471960128,0.023358230952909766
E02005577,0.048857765759978154,0.15150739452432158,0.0037738424909811836
E02005578,0.03425369347458254,0.12746889722895413,-0.003613541218322291
E02005579,0.0555548307761896,0.04483643225390467,-0.009368395449035234
E02005580,-0.004072097365317529,0.005120130059340232,-0.04910665429528877
E02005581,0.11165201426024601,0.11792547726682093,0.019499795814939706
E02005582,0.058726124799784826,0.07954694036350811,-0.027829831710817904
E02005583,0.04920066978362557,0.10704708685024315,-0.02840483210582365
E02005584,0.043030671644692035,0.024802042691775158,0.010134989767837152
E02005585,0.0858229773319855,-0.008207999659323763,0.022736071157512784
E02005586,0.059083424849717785,0.02124069847437827,0.02222927758151534
E02005587,0.08576467922636251,0.025195415868939308,0.058664602816616916
E02005588,0.01750630165571587,-0.005986540458778265,-0.027836876232302906
E02005589,0.06672712484972927,0.015638374145828752,-0.00843951413555918
E02005590,-0.029355286025322887,-0.11022308990370382,-0.019959226264062685
E02005592,0.020440077551810272,-0.02152590677121062,-0.015161302820112804
E02005593,0.13814743142572555,-0.04339432567876681,-0.08965450779585074
E02005594,-0.06056410282113759,-0.0789620611110753,-0.042034532179156654
E02005595,0.06921028987619987,0.017754385935638158,-0.002422198007810328
E02005596,0.04450166746268598,-0.0004624624548558512,0.010795753640895061
E02005597,-0.026581120701614367,-0.012547645780795685,0.003217823423897492
E02005598,-0.044901157763759504,-0.015151117789696978,-0.030830533050495653
E02005599,-0.02600739948353506,-0.0341258231277183,0.01816430841090891
E02005600,0.02464819254519552,0.043456859718052965,-0.03565538038679545
E02005601,-0.009687906958880015,-0.04141946853453739,-0.027370861756308082
E02005602,-0.06650991438873761,0.029529577264178285,-0.045991312303465946
E02005603,-0.017385850524912413,-0.016815766926772148,-0.003528898437324179
E02005604,0.007633175799230962,0.04854453595431601,-0.0010210753935570897
E02005605,0.00844026832488294,0.04484622130586032,-0.004910035592139919
E02005606,0.019755789447535716,0.10090912903096862,-0.01412223490056946
E02005607,-0.017666229908261378,0.020844938590269448,-0.023998514040960112
E02005608,-0.0018176073097849804,0.07662962725206221,-0.06946006161370502
E02005609,0.076902087607842,0.01907115998437257,0.0058976079935306475
E02005610,0.0723020443744491,0.05815056173358957,-0.006428188594688112
E02005611,0.04403055638138602,0.00819379989200792,-0.04596160437831669
E02005612,0.17220789574995904,0.14972310313208612,-0.037816866090581755
E02005613,0.29756994815133325,0.14430744414588112,-0.046814398067286336
E02005614,0.21127094418966536,0.19139343064717926,-0.009492435550295417
E02005615,0.3332986493136492,0.12790678454816085,0.009887147872159436
E02005616,0.2612003475311784,0.1812080886265542,-0.04400373697691463
E02005617,0.43961243014750156,0.16874455032705815,-0.009770474373694523
E02005619,-0.028372429572448763,0.01947954427358787,0.00017424245939050002
E02005620,0.05739354709678338,0.008191525401948438,-0.013825184004963579
E02005621,-0.009114153882153968,-0.021086285536562877,-0.05218745010831609
E02005622,0.013070939877854846,0.0043599329448181295,-0.055175453129772116
E02005623,-0.020031824785368964,-0.00020443085714737323,-0.02426793275919485
E02005624,0.043447147431825005,0.010011325224674836,-0.0048489834075435365
E02005625,0.05927222821951491,-0.012603471492697867,0.02141199249985984
E02005626,0.17334243492172136,-0.06754924662530812,0.06198422514532613
E02005627,0.040128181065394695,-0.021837390431908934,-0.015685574005435226
E02005628,-0.00361116291601831,-0.05284932670038014,-0.018780680735271102
E02005629,-0.0864004524902643,0.07895031783592509,0.025728200404383565
E02005630,-0.03150109165469291,0.050744843719901865,-0.028216738534168076
E02005631,0.06008880761829808,0.05908297819076723,-0.012790188655255958
E02005632,0.0798593806033554,0.07770252144223552,-0.04956429369285558
E02005633,0.22871791236081787,0.0739879480860065,-0.03793792092616473
E02005634,0.20490015183313282,0.013477989106381122,-0.02408413964170384
E02005635,0.14154665783109055,0.016226398227761493,-0.05743737424297097
E02005636,0.2090037459242327,0.0754633661251823,-0.039998168517925065
E02005637,0.2556843820448975,0.015713169951404767,-0.021820889381135196
E02005638,0.18386353464511218,0.06077049312345333,-0.030576377922921356
E02005639,0.0369899727870057,0.075807499249847,-0.05026791098111455
E02005640,0.17105011690425073,0.13072966332215566,0.012147961173228318
E02005641,0.1417317091385908,0.06781996735894738,-0.04853939202787872
E02005642,0.07511645392211913,0.06658691946456187,-0.038767874100640136
E02005643,0.2714071240741841,0.1118436877176144,0.003813254823354026
E02005644,0.22914840214411986,0.05300645959519462,-0.03025068960796045
E02005645,0.06658141100346485,0.08757592036222245,-0.05622718848060549
E02005646,0.1591809826313563,0.10275169550538661,-0.018231748819074644
E02005647,0.14464055171344709,0.055538342804384515,-0.05732998524759139
E02005648,0.11796120126886847,0.04535204818328593,-0.008898983601967453
E02005649,0.1516337505579043,0.04598901414654556,-0.04910364116605163
E02005650,0.0565992661547578,0.08968213289025513,-0.030885673277435906
E02005651,0.08257142779299724,0.03706496200527903,-0.025851515579888358
E02005652,0.09517985235824397,0.039358288677358674,-0.01906014766584549
E02005653,0.3169486040678073,0.09034256548177069,0.03627815485103643
E02005654,0.15040996072975013,0.07620599538058836,0.06429182719286537
E02005655,0.07423626446935416,0.015512030731870855,-0.029222957625329466
E02005656,0.3186735740251704,0.19093126177594066,-0.013150274984534565
E02005657,0.06749929584735002,0.03498950203747327,-0.04533206054335489
E02005658,0.1530453300418207,0.024644555893709504,0.02665082141979449
E02005659,0.16811857152900378,-0.0030252152940574454,-0.045812405184980226
E02005660,0.17064970821362935,0.08158251034753371,0.023604501147386492
E02005661,0.18971924049234584,0.027743705453070703,0.014795353409584685
E02005662,0.1135144408873802,0.006735881134924609,-0.02281381718874766
E02005663,0.10181630843824198,-0.04293280784433493,-0.030912695779389158
E02005664,0.05798556833418509,-0.040229957540223904,-0.023572955152680795
E02005665,0.0790286408608585,0.037833041936158475,-0.021682322115158557
E02005666,0.27224019684217304,0.05141600316836669,0.06969303898708115
E02005667,0.07689928125148443,0.019216686490637326,-0.06213962175495635
E02005668,0.13099026621800483,0.024582519356327038,-0.05591269841646887
E02005669,0.0005490404430155895,-0.022859418254055037,-0.036753369787154426
E02005670,0.10637164277504509,-0.06394608147020395,-0.04862493875067227
E02005671,0.08414141767243624,-0.028668169252072676,-0.017248451928572706
E02005672,0.09149301311264843,-0.03294984372105083,-0.019747717844092225
E02005673,0.1396083320584059,0.032852660818500364,-0.037830596698146576
E02005674,0.03703846765475274,-0.027048642201821477,-0.10648643788852782
E02005675,0.12175918961888436,0.13428514097643066,-0.0475464138673723
E02005676,0.15494190813626027,0.002609423999618873,-0.053317983582813214
E02005677,0.12850684574534244,-0.06674573891686417,-0.026125031955355395
E02005678,0.003832896020676689,-0.016526568064792222,-0.04996496073605255
E02005679,0.1374181619489532,-0.015398873110593788,-0.010074099633111028
E02005680,0.07183817167365192,-0.047760795776383265,-0.020033825682356496
E02005681,0.02788979504697579,0.017796695540273834,-0.03377116727038482
E02005682,0.0008470295741089102,0.01558442044957566,-0.053248178308247164
E02005683,0.0863076106110335,-0.06673500727220143,-0.06276766348247008
E02005684,0.008484694527581764,-0.025760068631701168,-0.031163698289012734
E02005685,0.07340047423920609,0.02696150477264975,-0.02242790975739787
E02005686,-0.08517311892519865,-0.03191891386818376,-0.010260226182752803
E02005687,-0.05270748121691966,0.00819260253251537,0.0002449075375294752
E02005688,0.04632442597353597,-0.0628697665090082,-0.02867775948107565
E02005689,-0.04473316848447546,-0.046034199144515134,-0.002300838737667417
E02005690,-0.04809371585470543,-0.07238413881527751,-0.0002048991112845694
E02005691,-0.06111440177576526,-0.04461397502301027,0.011195131619744747
E02005692,0.16601682566623407,-0.004304900104754799,-0.0006794461264636419
E02005693,0.1524984357793687,0.09843230274603523,-0.044408707638793406
E02005694,0.17195249061002318,0.06570168247918091,-0.038707620941051596
E02005695,0.2646170822860348,0.08772111997864539,-0.07089013375272231
E02005696,0.3010539728154642,0.06232267486332474,-0.043663551440210946
E02005697,0.19678698642169803,0.026251620190374792,-0.05060372705801312
E02005698,0.2075996990074908,0.08183161978197805,-0.10251464237525469
E02005699,0.2372005892486171,0.0801543877764239,0.02260706151429386
E02005700,0.05769318235681163,0.005567762477395196,-0.028123390391950963
E02005701,0.12267686330657855,0.025392004411728876,-0.06032318578393894
E02005702,-0.11423683084912163,0.07495876944148683,0.04603375325432007
E02005703,-0.20802135841961655,-0.024580916401015333,0.08852526451679894
E02005704,-0.004994677925613798,0.10251376765750635,0.0903121879208936
E02005705,-0.1852809785016544,0.10516700434875877,-0.03348103367593276
E02005706,-0.21366147852023804,0.0533864667353739,0.009998011152371988
E02005707,-0.21680560361902643,0.13130633558576765,-0.009593936604584111
E02005708,-0.19365851871830064,0.15224888360684732,0.001876800689228809
E02005709,-0.15334533713923915,0.06388106348467948,0.06681082928534403
E02005710,-0.06981110260436733,-0.13147393224597764,-0.002467501557421897
E02005711,-0.23743219771930726,0.03499476691702134,0.0013266411516795916
E02005712,-0.06681386036411045,-0.06341253515277291,0.0989627912876234
E02005713,-0.2676309703405028,0.05074687994775775,-0.012229876427143233
E02005714,-0.21909975978323323,0.02716312938806558,0.027235447539265687
E02005715,-0.24125753513856052,0.0978045772240493,0.04201836745076035
E02005716,-0.17532876822430468,-0.009394723910150069,0.01919229646644007
E02005717,-0.1426245793213006,0.01780353018891535,0.035715413544002164
E02005718,-0.28931201822607583,-0.08043488092083016,-0.013146696624538393
E02005719,-0.11098291051115099,0.00143954930627908,-0.025936148309090714
E02005720,-0.12843087734430325,0.03329603571556091,0.03535404163425738
E02005721,-0.18543505752525175,-0.04026424744625875,0.006539016848303305
E02005722,-0.263647713083624,-0.016086700424081835,0.048452587404343
E02005723,-0.25184198731724317,-0.04991694823335246,-0.00023294919385590822
E02005724,-0.1965924513630044,-0.04741846981285217,0.03402880543546905
E02005725,-0.14810262218582848,0.05509553870517807,-0.0070748168661585375
E02005726,-0.1838727215045239,0.062096018840959305,-0.058257740334691395
E02005727,-0.17160941849977504,0.06586946952598474,0.0636205221824484
E02005728,-0.27259434189658116,-0.0899140956963853,-0.04862425806964203
E02005729,-0.31500875476640156,0.04062839061894949,-0.01343328169463099
E02005730,-0.25107925565720957,-0.015231945358371954,-0.0555899960964063
E02005731,-0.25954353150779425,-0.0234710416190054,0.046641020873719366
E02005732,-0.20222040614324394,-0.013744170903859312,-0.008427708373329528
E02005733,-0.20652515381825112,0.11208583041429561,-0.03531671293170309
E02005734,-0.008097642592910232,0.2668792154482754,0.007884818203796695
E02005735,-0.18627604542978968,0.022637706913613293,0.05215616057213632
E02005736,-0.12784926079850384,0.07017221779080592,0.0724249376866092
E02005737,0.06299268372632724,-0.16088988883561633,-0.04855687429272528
E02005738,-0.21857423281853122,0.02143939186991304,0.15671115057770166
E02005739,-0.2017875433769295,0.08838189069784363,-0.011055928164022578
E02005740,-0.10879573791969478,0.03853141131314554,0.21142816134406942
E02005741,-0.3382662729053257,0.006631081704598333,0.0005344338250685651
E02005742,-0.2491157216255169,0.12192518598031221,-0.011545278856902331
E02005743,-0.13915140743786544,0.05276037126748351,0.010269204369157788
E02005744,-0.1784593052480598,0.1546709994384887,-0.01775703022327974
E02005745,-0.12247660751337709,0.060900640744686575,-0.03373881856546643
E02005746,-0.06091132849248094,0.039571183129647754,0.02366036421581628
E02005747,-0.07054921338097025,0.019582281157519345,0.048840319200533
E02005748,-0.13794502468317646,0.030075246434726297,-0.06887794169316974
E02005749,-0.1230111668032037,0.027018179564517714,-0.006417093562990358
E02005750,-0.2969414505794805,0.0019145530153175095,0.0008678902864554823
E02005751,-0.3650944638358811,0.028809611232932096,-0.02441128315743114
E02005752,-0.270222924328723,-0.03355632170850733,-0.022632003672681783
E02005753,-0.2546178659054426,-0.0796284664528533,-0.008133130797716237
E02005754,-0.20360005089732144,0.02794085178481625,0.045164568350001925
E02005755,-0.24585150659721985,-0.010085369554131682,-0.02118443587132425
E02005756,-0.10004122067953565,0.05515745268680924,0.02250732040916837
E02005757,-0.22349721918724086,0.010288905457159056,0.03355656150936317
E02005758,-0.1911135543585848,0.0027373028420264564,0.01991790661232108
E02005759,-0.1537775228971732,0.01622620089753496,-0.014841048075600315
E02005760,-0.12683797129531388,0.051980196828593145,0.00766489653745833
E02005761,-0.1345309111973532,0.06040272262367314,0.04226222426759249
E02005762,-0.1617840005928284,0.030269042074932157,-0.056187222668378695
E02005763,-0.1764541531899576,0.03629605017890816,-0.05200820632494541
E02005764,-0.12829274725456735,-0.014159193748390657,-0.04849748242227164
E02005765,-0.1803518984487406,-0.041378870819800254,-0.09695664631114523
E02005766,-0.17075442840936828,0.05303905605959552,-0.04455581300549254
E02005767,-0.1421484144079776,-0.010604957933985006,-0.04525811276519398
E02005768,-0.1861599759198804,-0.07751648132929034,0.03446176866442997
E02005769,-0.09072469553759345,0.0017807336355542278,-0.008284570095528455
E02005770,-0.12271857925439987,-0.06858265607746526,-0.06665258577492458
E02005771,-0.12697528461898502,-0.043455248179367835,0.020005426647511322
E02005772,-0.12089324065572098,-0.012150177356081397,-0.02942319067594268
E02005773,-0.06938247576448926,-0.04911522129906518,0.00558121079146658
E02005774,-0.042078630286721264,-0.02253246012542726,0.006651637309196273
E02005775,-0.12578641943710592,-0.12832716292729873,-0.0433197294545459
E02005776,-0.19334306701916035,0.05540033386724028,-0.050172091407913275
E02005777,-0.07636435855381751,0.012182194452178993,-0.01793386083279783
E02005778,-0.1640843827530926,0.058064420214679974,-0.052614107106877146
E02005779,-0.08176587499731143,-0.07117899349071173,-0.05327422421550399
E02005780,-0.10256412610220707,-0.011159417621306279,0.008665135101983095
E02005781,-0.13035975186690596,0.06413144916192881,0.03831400570060046
E02005782,-0.2741637259192132,0.10780872324359592,-0.08520510330985294
E02005783,-0.23853400372263683,0.004043311129319021,-0.013312156304677037
E02005784,-0.250846072778545,0.02950147113947833,0.002157383718556866
E02005785,-0.21812629516579374,0.024929995314866584,-0.009427292411791167
E02005786,-0.16825951946330645,0.08106291940866149,0.053534227364492704
E02005787,-0.15073855036107706,0.08138013525110006,-0.02841546333155343
E02005788,-0.16672352855964614,0.17918377993970028,-0.001450381286364919
E02005789,-0.14383360982382354,0.06631192761686043,-0.008447548283722352
E02005790,-0.17938738444844726,0.07458366751630757,0.007065396306216494
E02005791,-0.1756223343232944,0.11852443347320792,0.003646239911349559
E02005794,-0.1377386481421078,0.1329653782348296,-0.0034862018832985007
E02005795,-0.13950273517177444,0.17993101953531257,0.018864447111135538
E02005796,-0.15862975206664226,0.12891126386208787,0.007246209847479374
E02005797,-0.1322788990405044,0.17923630767054163,-0.0022803920062147483
E02005798,-0.18843858392983842,0.0970297003718279,-0.005274561659290678
E02005799,-0.13591132015181978,0.14962139419419235,-0.027214106293149867
E02005800,-0.2608219537970414,0.09299766945036123,0.07545137805159358
E02005801,-0.17437996415884946,0.06275787762747041,0.024690142778176348
E02005802,-0.2694906492577626,0.1016039486285032,-0.0020668431776574053
E02005803,-0.20256791844108743,0.06721788650514725,-0.006426769244747563
E02005804,-0.2828997921065467,0.06586414863076265,-0.08537198543072097
E02005805,-0.18245349786762632,0.07111507495231599,-0.000750765345957828
E02005806,-0.19178066067974428,0.04617118260427042,-0.06719014602386068
E02005807,-0.2107888588086828,0.06635296476661198,0.02008103333792435
E02005808,-0.143534900451513,0.09360819667065817,0.025510075910353223
E02005809,-0.15093370808969767,0.01382965709457373,-0.08815999479422676
E02005810,-0.17163500356841208,0.07347710992785328,-0.008908855990288166
E02005811,-0.1366068630569606,0.059937514476393235,-0.011849161491596493
E02005812,-0.03671149880158081,-0.009138539973093496,-0.027905665962585112
E02005813,-0.0469300770011724,0.022863000796454515,0.02515110075019595
E02005814,-0.04197190125802036,0.107257451358106,0.02930868687755926
E02005815,-0.08108331051493547,0.07403655847483764,0.047248170168286426
E02005816,-0.07998977402248443,0.08665921627056569,0.03197803577756811
E02005817,-0.13676180515117237,0.053647882892708325,-0.01160983665586364
E02005818,-0.10719885097127109,0.10578876779034253,0.0461652286202357
E02005819,0.09209847957339713,0.10567212403942576,0.1318526728969443
E02005820,0.13064133663658556,0.09686837142985665,0.16021892407556865
E02005821,0.04401123513112578,0.13095822640492263,-0.005989117175944518
E02005822,0.04342973456912771,0.06969061132979655,0.06896768187803237
E02005823,0.07689918270500441,0.1453745803179237,0.11878213018491313
E02005824,-0.007992639947506446,0.03928830447490257,0.06563145421712165
E02005825,0.0022532928317008155,0.08555629734729682,0.07252108778413867
E02005826,0.09564906793666958,0.22170991291826572,0.02711265849222761
E02005827,0.08738750402587481,0.14112903153757952,0.05612474323989713
E02005828,0.1154459315397162,0.06942943293141489,0.11733464041123895
E02005829,0.07458496912239154,0.06345183399447493,-0.008976233782430976
E02005830,0.031761164078449415,0.1035886408004189,0.15023195362504072
E02005831,0.06092052841486373,0.09831171895212838,-0.004282130789436206
E02005832,0.09361385873903909,0.13592018713519677,0.09356232869898515
E02005833,0.0772446559434796,0.21363417962485926,-0.027289166169924873
E02005834,0.22012060223394175,0.260127974187049,0.07731137671110067
E02005835,-0.02031606314009851,0.24901648852984828,0.031493325992179355
E02005836,-0.05809325534900818,0.09053015221345811,0.04952181505001378
E02005837,-0.04065961724403038,0.09473884828634584,0.023804931491056364
E02005838,-0.019284124640394154,0.03815680825399233,0.017555111462634714
E02005839,-0.16204247146213763,0.0951929391321935,-0.03715921238632752
E02005840,-0.030008699825394287,0.13696460586697592,0.02628254181145455
E02005842,-0.10610382944224797,0.07953346968881317,0.05292522255175103
E02005843,-0.09380794157556076,0.08131232130144396,0.02602062948023845
E02005844,-0.03858421473289816,0.09129518505611225,-0.12467416692386768
E02005846,-0.06214657669015042,0.07076693210356186,-0.10405274186985773
E02005847,0.02075491369507747,0.09853910909812816,0.046321622563081935
E02005848,-0.04462047383190289,0.046989245507384335,0.1069459865622027
E02005849,0.04820353557888602,0.04183341917632598,0.011148393411164022
E02005850,0.07239655208015111,0.15099835109320675,0.031417229009669506
E02005851,0.09248404193227808,0.11734892192538093,0.055388048423338776
E02005852,0.06586270348756668,0.10088864696845572,0.04413232868535117
E02005853,-0.025561665568534002,0.10199683558208908,-0.021557888223938733
E02005856,0.1074600907629845,0.1211952119579958,0.055550054694451435
E02005857,0.0994717730555257,0.12751022212889832,-0.015627205952458274
E02005858,0.14710320615173644,0.18107514803251867,0.040622143578988225
E02005859,0.1322248415707115,0.18673112113242527,0.034962733871198456
E02005860,0.10859644903079256,0.11042563481616366,-0.007322714972251839
E02005861,0.13596990578587595,0.18722115812578696,0.0353443439693877
E02005862,0.1808207369657714,0.08521834635332669,0.02936144759830578
E02005863,0.1705518208548463,0.12991294007622517,0.03861596771834826
E02005864,0.08059468658763325,0.16206619452358512,0.06587711137668358
E02005865,-0.06619975661808404,0.11095140795470293,-0.03608511827893599
E02005866,-0.05708406955411337,0.0846091963176282,-0.047573357858165695
E02005868,0.13116570313248915,0.1262430883284191,0.018886418975825662
E02005869,0.17576475202633662,0.12484200592730378,0.072203477871055
E02005870,0.0850771700354901,0.12545495909171533,0.03863914157860059
E02005871,0.05959961330042648,0.08829357264956855,0.01068601250568021
E02005872,-0.045794455199281214,0.06664763810521752,-0.01289738083575236
E02005873,0.02929418296507618,0.09569917454432743,-0.032632523504660386
E02005874,0.08485580012690713,0.1056938399875686,-0.0005629951830938127
E02005875,0.17325140748118179,0.1814237802441462,-0.03169277835114767
E02005876,0.13393282469778955,0.16747683267473235,0.02026466110868126
E02005877,0.0925880441176589,0.13125760239249146,0.045770723762998726
E02005878,0.11169954840852853,0.15533525572681336,0.019678752840792235
E02005879,0.08018456247790035,0.12454616328901487,-0.030821689562645353
E02005880,0.060555306408967016,0.20684426040811008,0.09230420293672925
E02005881,0.15642809245233333,0.157607978207646,0.05367267399295249
E02005882,-0.03150564531071748,0.11210486490027503,0.060372941256442145
E02005883,0.09277787017242209,0.09858502522027358,0.04389014914044676
E02005884,0.009285372206746549,0.09697437360393515,0.0035492146489708052
E02005885,0.13988348836472103,0.11472609582063302,0.049523768071252715
E02005886,0.05192763536899734,0.08747166146775019,0.029535174227561738
E02005887,0.05346472977896819,0.1454821156763802,0.07313527774589185
E02005888,0.06387849879099373,0.07894843834803969,0.1213066150083068
E02005889,0.06607845864321439,0.15695477747011777,0.027720605575653597
E02005890,0.005110500492760559,0.10835816507903251,0.04262618145769926
E02005891,0.11127336055800038,0.0626333226599343,0.23158398729851024
E02005892,-0.04587098721310912,0.11382630355391742,-0.017316486522219485
E02005893,0.07761931726812119,0.22799277987861666,0.008382329138916898
E02005894,-0.05735451438756559,0.1675265113222587,0.0021023303088681285
E02005895,-0.088916455675882,0.02510673006753708,-0.03206797192626664
E02005896,-0.04107163454603876,0.07175798987632596,0.020554996510426096
E02005897,-0.079149229769923,0.15960248748158146,-0.045489549549258435
E02005898,0.12752023988168992,0.15776531357024817,0.024864745235580212
E02005899,0.017243211952937893,0.029591478058165494,0.005423992228550937
E02005900,-0.11292669444065127,0.055887065702572826,-0.009635247649511298
E02005901,-0.05347692756044177,0.018745832970533602,0.0027123914316368567
E02005902,-0.0757020637996639,0.03990105291882208,-0.05446614250529282
E02005903,-0.006565026115451178,0.05107739496660019,0.0031668132550918323
E02005904,-0.06196609342109353,0.05037784361666271,0.03012797885931227
E02005905,0.0371815889142,0.08790131257465518,-0.03398667954573676
E02005906,-0.06729122881187088,0.03487606332335447,-0.05812729164807473
E02005907,-0.012391810828242185,0.025587368871829913,-0.020877821960148913
E02005908,0.01814220731772199,0.054385531531420624,-0.0484112545957481
E02005909,0.07327374346934269,0.044017966014461236,-0.010429884930392732
E02005910,-0.0043420422692704574,-0.004869941763755037,-0.011085348549068143
E02005911,0.022504999536452467,0.02269472571395402,0.026558040708153915
E02005912,0.06447019591570179,0.01344477544620643,-0.0017844795407536088
E02005913,0.01193212523988374,0.023786257394559758,0.050542775467519445
E02005914,0.1368088559955264,0.04685411696919173,0.008724791416925178
E02005915,0.008561735016856269,0.07765318806517209,-0.03063099854383255
E02005916,0.14048570403542168,0.04167033776856205,0.011150716365076523
E02005917,-0.015953925820005516,0.059405341033412634,-0.010862463435831176
E02005918,-0.03009861012102785,0.04825401837853072,-0.0037518292246546472
E02005919,-0.021130374089996653,0.03712356307020965,0.0534028657250045
E02005920,0.009702405132485895,0.0728912375859416,0.014973222952230391
E02005921,-0.2106976990003948,-0.005896857224721823,-0.12357507315727409
E02005922,-0.11176132489590218,-0.09082294516749781,0.03238914272799362
E02005923,-0.07899895012748342,-0.16255819540850047,0.09387986837343468
E02005924,-0.09888909584369371,-0.15018473332202195,0.006983369240681853
E02005925,0.057861944580046905,-0.09296165832594319,0.03603128651636121
E02005926,-0.08468291201706636,-0.10335882454293364,0.028292957127100702
E02005927,-0.06959849134321973,-0.08994138952450151,-0.03784778860351042
E02005928,-0.1469114185008591,-0.11655252953965684,0.0012057027799726916
E02005929,-0.11690867875196326,-0.0340882034764388,0.00613297992231492
E02005930,-0.1773020050581276,-0.0664074882297799,0.0028162529658587866
E02005931,-0.09373249063966375,-0.11025808738465688,0.005896686320682386
E02005932,-0.06178162724007585,-0.11117800017109009,0.005622628803311619
E02005933,0.005426016557086968,-0.1162664945184925,0.0026566375205219696
E02005934,0.01513361875410369,-0.08738283319945894,0.020355638359027328
E02005935,-0.0365436638483882,-0.16524035515078245,-0.017158153252473166
E02005936,-0.22613881983943315,-0.07898232569489458,-0.01885768832817526
E02005937,-0.13335589326383188,-0.22549272120137143,-0.0047571011983404575
E02005938,-0.009199687757350337,-0.1853409504576889,0.01574287217653308
E02005939,-0.12777234775938293,-0.14839932774820103,-0.008827207087610943
E02005940,-0.012553618846763695,-0.16637430127033742,0.005614902013641136
E02005941,-0.09787225647366943,-0.1695056121653643,0.03834362467290044
E02005942,-0.14912715175431202,-0.2461097188332692,0.018207338679208845
E02005943,-0.014889051614459262,-0.15494969271965942,0.060545605638940486
E02005944,-0.03290201619565481,-0.13857694445615965,-0.006053365280727336
E02005945,-0.04105401580742856,-0.16380261006224373,-0.011953167447691133
E02005946,-0.02352896319929919,-0.15797069669928476,-0.044133766325070316
E02005947,-0.20877189157724854,-0.2724951171699731,0.0781044208368307
E02005948,-0.06422294780032758,-0.14056036478186382,0.015172144124056422
E02005949,-0.03486774470369551,-0.20329878813828256,-0.013611417230116149
E02005950,-0.05438230934475346,-0.16470385065823995,-0.06087968373453675
E02005951,-0.08512659912167465,-0.09796200538271028,-0.04537710757677928
E02005952,-0.047671010527044394,-0.15790448256089587,0.0014597427925399028
E02005953,-0.02973235553651952,-0.09032843487556379,0.0730784818582622
E02005954,0.015155750044811527,-0.1295519977527281,-0.007015282187751048
E02005955,-0.0003764090790277816,-0.15319899811216373,-0.011330276845527251
E02005956,0.11820353320426781,-0.16986785038635083,-0.0021864845308258276
E02005957,0.031070953530669042,-0.16963304689073377,-0.013241086461926312
E02005958,0.022923085921484915,-0.13990365020888082,-0.04243370424728377
E02005959,-0.2068588798844622,0.0030029893469181116,-0.06710782766552072
E02005960,-0.061670769754786296,-0.13521842717432453,-0.041422462557553934
E02005961,-0.09668164000849978,-0.08281520471486908,-0.049665602876398325
E02005962,0.010366047736000993,-0.10077714311577787,-0.03849370865146111
E02005963,-0.1706932751280419,-0.0976048145464753,-0.02331845192514034
E02005964,-0.09894188688898604,-0.04442521243649503,0.03522085684410141
E02005965,-0.07520317174137026,-0.1166116524272016,-0.03426217974041664
E02005966,-0.06716688972423536,-0.15723755699808611,-0.00042063975078873126
E02005967,-0.04537049184451508,-0.13939240614630563,-0.01480468446107679
E02005968,-0.12666847513863486,-0.12968000107333622,-0.10095246075518799
E02005969,-0.10939997683696699,-0.0848361035343073,-0.022441501007057985
E02005970,-0.07259228919368294,-0.17128870820559605,-0.025384379886952076
E02005971,-0.010668222429350206,-0.0875470457431114,-0.02732002862249563
E02005972,-0.14953098644781107,-0.16478591295895464,-0.10049607077778865
E02005973,-0.07502682880679254,-0.09533371535863173,-0.03589974404782747
E02005974,-0.06342035744105301,-0.12164686765158875,-0.03140288205226852
E02005975,-0.08997210979479225,-0.030042879962372506,-0.0016951510718181718
E02005976,-0.2048354463815963,0.00268555706464516,-0.04697334973353943
E02005977,-0.08263187647048181,-0.08539451896050641,0.01773012038862175
E02005978,-0.13986341242801917,0.0033086406800281578,-0.0005979830423694536
E02005979,-0.08772686178418702,-0.1388906608350815,0.02289975140129215
E02005980,-0.18606890154808656,-0.07191370183087585,-0.020424221165019865
E02005981,-0.10234143927997012,-0.11155814925685081,0.002736327849190073
E02005982,-0.0776517398416737,-0.12097571761131196,-0.03162930834753184
E02005983,-0.14884665427545044,-0.14954077138777797,-0.016015983913531907
E02005984,-0.25215620561787344,-0.06966596663711339,0.009371565671534927
E02005985,-0.0464804044199469,-0.15668323325350914,0.022830833466095116
E02005986,-0.10365828873818728,-0.11331512017091307,-0.040568010940113634
E02005987,-0.15835077574736095,-0.04617599605464745,-0.006775026861553396
E02005988,-0.06245054391843781,-0.0839813764509522,0.005861699295246802
E02005991,-0.14014204234151106,-0.0817864491055516,-0.04340560533979627
E02005992,-0.1986811100344278,-0.06373925191362503,-0.0397191229543198
E02005993,-0.11040892539851833,0.05791859842792099,-0.0022528997161700725
E02005994,-0.11394783990962283,0.03939011935693329,0.008829399906628073
E02005995,-0.1366857539026022,0.0929179054366232,-0.05393467688021061
E02005996,-0.16142200209772986,-0.06410682217406724,-0.03687997324926916
E02005997,-0.07765588525600148,-0.1688588752162514,-0.010105625518747894
E02005998,-0.1624450755587531,-0.09103153855083446,-0.027364289752500773
E02005999,-0.14844444820528235,-0.08131024394046504,-0.006505089313070381
E02006000,-0.16514058594281045,-0.16894873918398412,-0.046892866212597716
E02006001,-0.1958395778453629,-0.15471217526773062,-0.035919327357504714
E02006002,-0.16026165321537517,-0.14918845168325565,-0.0350978226851311
E02006003,-0.23268178109623316,-0.04677719162711753,-0.03476763051924225
E02006004,-0.11937045531665258,0.044342763295418405,-0.004485015724451274
E02006005,-0.14135477889871817,-0.12559967592368224,-0.012481008532361854
E02006006,-0.07205863501185776,-0.16177805089354272,-0.08654376716600999
E02006007,-0.1633679641641499,-0.11421545359880458,-0.045887314532195314
E02006008,-0.1448598890992486,0.06361942466541566,0.04989731864827156
E02006009,-0.08437964471943278,0.12182132057045768,0.046020372188349416
E02006010,-0.23344935178653747,0.12507427862658924,-0.01392475521613503
E02006011,-0.1418435388710119,0.030540712233457095,-0.015990879443953145
E02006012,-0.15466559075226696,0.0884723627294756,-0.016094876491580222
E02006013,-0.06305962534367147,0.09856347522970063,0.03180203804738173
E02006014,-0.13206378221213855,0.12443993264508318,-0.03968912679680693
E02006015,-0.10433050063907953,0.08105737902054823,0.02619177104357039
E02006016,-0.15640480952680647,0.11400309122499297,-0.010007400837770984
E02006017,-0.21198206902805272,0.07894680429562788,0.03701517501741868
E02006018,-0.10199388738441528,0.08445689440052527,0.015915731880624142
E02006019,-0.10681780562882998,0.06788014340808218,0.0698054383084927
E02006020,-0.022094642887833686,0.09308729720030028,0.012950561344064483
E02006021,-0.09016870984247524,0.12360751196358512,-0.04069581185716551
E02006022,-0.07787746807925763,0.053863696090049054,0.015232589848351036
E02006023,-0.04909813627031081,0.0813992852412621,0.03165538866901686
E02006024,-0.18430212855123312,0.12539141574171728,0.02003865621895886
E02006025,-0.1894221354957299,0.040592610126361124,-0.0015143755444087625
E02006026,-0.08968236013619313,0.1342928425212671,-0.013487903375283328
E02006027,-0.053555138817205396,0.07453884529518624,0.05619259813641594
E02006028,-0.10003856806498529,0.08799836232053902,-0.011631450493325084
E02006029,-0.046916817583737024,0.03865003735243346,0.031542135300331106
E02006030,-0.03440832947810163,-0.007242043698666669,0.06990019350130774
E02006031,-0.11350811379428241,0.07568709051682805,0.013906997870434201
E02006032,-0.08073060385883823,0.06914976260587649,-0.0008075344858481722
E02006033,-0.06200118607475474,-0.0032250088266000156,-0.03469345317092708
E02006034,-0.09852497909399384,0.04142923783835479,0.01814492631425619
E02006035,-0.06787086275500501,0.1012511093832411,0.007201404486104941
E02006036,-0.08818694163217328,0.06975165086057175,0.057296925636391126
E02006037,-0.11671083554461203,0.007083446097401233,-0.01760386263902104
E02006038,-0.04302590262359707,0.09560246844443364,-0.005225057680025394
E02006039,-0.08868844348273652,0.1293668688129283,0.060641391591563454
E02006040,-0.10438221463264725,0.06440595697080326,-0.02028713740269745
E02006041,-0.1645099567060393,0.10459443932278113,0.03660988407173575
E02006042,-0.08033207560377809,0.05158668334348311,-0.028435287060452858
E02006043,-0.118604290837099,0.13272546666014803,0.03521919255603748
E02006044,-0.13686708486716512,0.08784993111055887,-0.024020971729280444
E02006045,-0.07964772201235402,0.029035583502705933,0.01753761996489153
E02006046,-0.13900471392032462,0.14909015296079314,-0.013117168021160886
E02006047,0.05377152711634198,0.04959061608285246,0.03273768018373683
E02006048,-0.057623725098327624,0.09469060655869421,-0.04867873019073235
E02006049,0.12917558856381278,0.026543268752435074,-0.02258964646701619
E02006050,0.19423655982148869,-0.008760490839525924,-0.010854716735172652
E02006051,-0.19235247216999096,0.0029202934466797414,-0.011592499473779817
E02006052,-0.11722118905502082,0.0729690268840896,0.03485368351338473
E02006053,0.20749388197205487,0.020834180240710765,-0.015829612208336726
E02006054,-0.060986664920482755,0.02346564282787529,-0.01427242708728901
E02006055,-0.05145892681831069,0.044548164379135155,-0.05704064033162585
E02006056,-0.09708526787352507,0.0469248075422446,0.02901674653646748
E02006057,-0.09996588336048162,0.05046184802138356,-0.029495171917166323
E02006058,-0.001116438000958384,0.0639966119945806,-0.020336843996783153
E02006059,-0.07856113485139275,0.09210488183701368,-0.06462912313352748
E02006060,-0.10208275219794274,0.014943137343643395,-0.02185786958181937
E02006061,-0.05609454384961536,0.014388511234513044,-0.0449762696367186
E02006062,-0.008103489563218646,0.056695742112390646,-0.002880106248029335
E02006063,-0.09062010362998474,0.10507385475929339,-0.03669005088939139
E02006064,-0.06470054123459407,0.022233580641481857,-0.07252826378777556
E02006065,-0.01758617036767025,0.03193649842628273,0.011734863722724477
E02006066,-0.010998923550195914,0.1024341676102966,-0.08159880267075478
E02006067,0.0266335000230291,0.11091771218057163,-0.006442284184546644
E02006068,0.06314834282488402,0.09548361431167092,-0.011029155170826251
E02006069,-0.015507316589402981,0.04463652933836128,-0.04927398298462134
E02006070,-0.006504862515551812,0.12414446650772555,-0.007338395670496041
E02006071,0.029052673763882087,0.107171869486544,-0.07524089251542243
E02006072,0.06203610274390598,0.0905469238219865,-0.007489470560110924
E02006073,0.07491149070014552,0.09744237879354839,-0.031337783884527036
E02006074,0.004476214350398942,0.14558849098312232,-0.01947822231542073
E02006075,-0.10534346651958969,0.09515173035426608,-0.060153118083020866
E02006076,-0.04810905402734106,0.10113536896656333,-0.005062822750706544
E02006077,-0.05398433908403608,0.1004961254136903,0.019329441772435844
E02006078,-0.01418914729363856,0.10352122159783897,0.005534763834424095
E02006079,-0.06478228401115846,0.13280495457626573,-0.044156019393825165
E02006080,-0.15173364867303876,-0.015392104755384106,-0.05055101984264899
E02006081,-0.07392669254114968,0.10061312038706352,-0.0044944802867064385
E02006082,-0.05729361586934996,0.0941511070421123,-0.023857159258121766
E02006083,-0.0742666152185976,0.02119691184883124,-0.04080518821505743
E02006084,-0.10309643412407134,0.12816564231564082,0.02139334951970341
E02006085,-0.06363100417210382,0.04857309450459981,-0.009093601115881872
E02006086,-0.06520849548149196,0.06592690563413971,-0.00435858147895313
E02006087,-0.1901452539478363,0.08230824831240731,-0.015141388593222912
E02006088,-0.06625695838949303,0.03386453305141798,-0.02420331910516201
E02006089,-0.08096565807173278,-0.04262985820685516,-0.061001985065043694
E02006090,-0.05683571730693621,0.03887892339334805,0.02285130467038951
E02006091,-0.04572855825871391,0.08928436128075826,-0.02543033065692282
E02006092,-0.10074781796754272,0.05696655995438626,-0.0003121184693360616
E02006093,-0.1197872004686231,0.05139143650659583,-0.025108350545606745
E02006094,-0.11063701728980348,0.07191039599804575,-0.06050832799369806
E02006095,-0.0924589156135496,0.038972749310676805,-0.0749703985464739
E02006096,-0.08981606906861071,0.11335366585519979,-0.02253956758427391
E02006097,-0.09474462014371719,0.091431839762023,-0.09751836718764492
E02006098,-0.12022897250041376,0.11027260191668212,-0.00957298434157058
E02006099,-0.07079819258266211,0.11867472028012634,0.04924296963122478
E02006100,-0.1573894924262604,0.05011835974265096,0.0014585343579075589
E02006101,-0.11285987388619154,0.08100909729473613,0.06895196338014548
E02006102,0.016045739250839443,0.1399371218386554,-0.03346605785870172
E02006103,-0.10617595017359077,0.13983678769776264,0.0035248872278690535
E02006104,-0.08403635567071413,0.07595840997359134,0.01111429649390765
E02006105,-0.12056043787333016,0.08316849360672332,-0.05346658435966768
E02006106,-0.12850640589794862,0.07732652097601181,-0.016210959369402325
E02006107,-0.0482067154097781,0.11047879821424728,0.054410608291744454
E02006108,-0.17074223165507785,0.003387635950751283,0.0011856105338938188
E02006109,-0.10951845280217667,0.0996655392087017,0.009625007618709946
E02006110,0.02487310786515274,0.1272147972263775,0.0074881860750434185
E02006111,-0.09296636806189744,0.09242183703753475,0.007999781000074533
E02006112,-0.05169887781228597,0.08754575211031893,0.03554538160017455
E02006113,-0.10118487298808762,0.08023219102006186,0.0035470846801540284
E02006114,-0.0933031527668573,0.12284400628842253,0.0022337927889849937
E02006115,-0.10230251653559717,0.1635495657357318,-0.03842794539058388
E02006116,-0.1103539919528452,0.10205905848564399,-0.016352612596594963
E02006117,-0.074116278743111,0.24127640607779163,0.005097569523887395
E02006118,-0.024999370254330307,0.11077190845284396,-0.047969545621767765
E02006119,0.024244054032454335,0.08861208193422598,0.0329909921786407
E02006120,-0.04637870163970538,0.05158392616172264,0.0393130618609686
E02006121,0.12290011928567766,0.13886282858310275,0.007588229584425597
E02006122,0.05733625377758573,0.15823505108809985,0.03145470791778616
E02006123,-0.014429847049237018,0.10243772994826081,0.026285870315713576
E02006124,0.06417287372895429,0.16647205325711473,0.06901378690397253
E02006125,0.0863368367359778,0.06992637120220198,0.099347751091658
E02006126,0.03737741733201922,0.09989319245405405,0.035816428373260996
E02006127,-0.016668619165514643,0.11040105874907906,0.04463020679800923
E02006128,-0.07407283874099035,0.10327102189242884,0.04680374913943158
E02006129,0.15114627519610668,0.050423842145615023,0.011380270635287019
E02006130,0.11112996182087356,0.15895368592504983,0.008518588652994952
E02006131,-0.09509948383266144,0.09380176261496918,0.014628563264796984
E02006132,-0.02095706797065108,0.07597571958532026,0.05954793541620826
E02006133,-0.11178869778886198,0.05458829337838501,0.024403670309361813
E02006134,-0.08487517763419376,0.04503322624955665,-0.01167200500964986
E02006135,-0.10387194670487608,0.007455960105256758,0.0181670577526914
E02006136,-0.0715192722172005,0.011043106352217029,-0.010906771854865459
E02006137,-0.11730020402712153,0.17004769601874392,-0.09469167300498983
E02006138,0.0734460782137992,-0.04507898020936142,0.10028741703868137
E02006139,-0.039352484282635956,0.10754310664242572,0.01382108195116882
E02006140,-0.12427291667659233,0.033356054251591084,-0.04307251164505228
E02006141,-0.02247931684772807,0.0358004865784054,-0.002515685742146905
E02006142,-0.08067015665820515,0.04195178943685563,0.045148785449696284
E02006143,-0.04100327320168707,0.08032020413586687,0.013871259828641116
E02006144,0.016250301151048478,0.06691796998824955,0.042865294514308504
E02006145,-0.0930104076871755,0.024884462294402276,-0.025415839847443302
E02006146,-0.03996520824555282,0.04670667095703291,-0.014563359377870615
E02006147,-0.05398844456149621,0.042838242429397766,-0.001245644380275701
E02006148,-0.03266896332595905,0.05225906323986367,-0.020378036112482983
E02006149,-0.010225518838690233,0.0009420389873963232,-0.07239239220982896
E02006150,0.01783687154202829,0.047047990399853024,0.05280578530333574
E02006151,0.031574870134979754,0.14588573342258188,-0.01776168786396201
E02006152,-0.03150723853223977,0.019698370201491743,0.010611747351789104
E02006153,0.01819765467956422,0.061791059522083365,-0.0028395856394925296
E02006154,-0.011928830405444697,0.08341158534825639,0.029053751505206157
E02006155,0.004156223827897536,0.14133019312451367,0.007770273324860159
E02006156,-0.03781897482480677,0.04962488924045541,0.025859076283913835
E02006157,-0.007265015368830625,0.051983405604700945,-0.014816608958686394
E02006158,0.018714697671503282,0.06612696653576541,0.10246974072568847
E02006159,-0.03424129372341516,-0.019793193191581245,0.02956812263872368
E02006160,0.03313711601718297,0.16258009431949907,0.003017914190079393
E02006161,-0.04940564379826726,0.06846976294672824,-0.03628180069856924
E02006162,-0.027595337433116228,0.052074723796589215,0.02544160641169569
E02006163,-0.04316579461755317,0.05282039546101623,-0.0425120473644699
E02006164,0.03630324145590369,0.21635041760316384,-0.015651339208657043
E02006165,-0.008219960229313882,-0.04565292903008204,-0.031104825012498363
E02006166,-0.028360846220251975,-0.018536409595278268,-0.0268884791426062
E02006167,-0.03647101337401404,0.045700121825784874,0.045369201833009784
E02006168,-0.04546493432120386,-0.06145898518038203,-0.11637168583413615
E02006169,-0.019729496903257215,-0.014179958082429023,0.07807800772277039
E02006170,-0.1382076378624657,0.00870156279335569,-0.001791506727091191
E02006171,-0.10439706767852856,0.06767516112548434,0.012492805979199963
E02006172,-0.06936129278781326,0.03239385519561929,-0.02562604750638924
E02006173,-0.13250568633328183,0.13336755002344117,-0.031540846221815334
E02006174,-0.0668822036759056,0.04987297149864687,-0.033380734154992195
E02006175,-0.056622921671095776,0.12120863160326005,0.02539117850707721
E02006176,-0.12572342317138388,0.007204374863620094,0.04849897207738983
E02006177,0.040209778493451316,0.1628255048193088,-0.040696487904340786
E02006178,-0.022798326804527324,0.0977356051513184,0.02190595881580481
E02006179,0.012905057524224297,0.13500829783185472,0.0434991104667912
E02006180,0.016594356663705342,0.10375946081593818,-0.007444370605499592
E02006181,-0.007808142945483207,0.15701271456465277,-0.04243644572219039
E02006182,-0.004901031328741162,0.08102380565091252,0.002841418428710625
E02006183,-0.026801513123924696,0.06481235118442084,0.02797863838896955
E02006184,-0.05576217994486266,0.14458448991218525,-0.021115681929836656
E02006185,0.03564118508561715,0.08155486794256646,0.0030455112305229166
E02006186,-0.10468656506924665,0.10759554752582172,0.01629897915242841
E02006187,-0.10104769874739765,0.05654937439061013,-0.050200213755960815
E02006188,-0.035927674586598,0.10233866790884084,-0.01229430267771418
E02006189,-0.05916564718497615,0.07156567873462451,0.010594153642697902
E02006190,-0.13045082048460155,0.0319072258675922,-0.018476224437720443
E02006191,-0.12092153401123044,0.0547175677957796,0.035016596566806786
E02006192,-0.14109566015676095,0.03927359452009115,-0.009532646752996287
E02006193,-0.0664344718427099,0.12085752027374615,0.030991362690395065
E02006194,-0.08711094113207855,0.05040290005708841,0.056673768829004656
E02006195,-0.10493169065866094,0.07235284764861465,0.0008674075168056002
E02006196,-0.07258771154423056,0.11719932016537296,0.04819831096874458
E02006197,-0.13973320914879633,-0.016575165722000743,-0.010266392194276407
E02006198,-0.1116044659046538,0.08151724835366013,0.028983632832721675
E02006199,-0.09231457809930338,0.07721802731406695,-0.013246524043495415
E02006200,-0.15642762669898286,0.05453909848883663,0.09467591152263524
E02006201,-0.1068352480521731,0.02911870465994966,0.0263893421259899
E02006202,-0.0761691657201161,0.054847817102452484,0.04688642674681813
E02006203,-0.03852288995565982,-0.014528411555380568,0.04282879294124023
E02006204,-0.10272835123973784,0.06749955999977501,0.018130017837105612
E02006205,-0.08853893841060952,0.07987663808102147,-0.04815131682403487
E02006206,-0.061855670173504,-0.03321734448537678,-0.00838939562009691
E02006207,-0.025695970371783384,0.0570342949772852,-0.053967954448492166
E02006208,-0.08026636067036944,0.06408888761976832,0.02598317278663732
E02006209,-0.10860555044754211,0.10823068411422611,0.024832409157032106
E02006210,-0.039844417283179966,0.1600893166881205,-0.010222066321527645
E02006211,0.04582876433531841,0.12639747414715014,0.016743902554751344
E02006212,-0.008242948733823944,0.08022700926638847,0.007808957672804735
E02006213,-0.07996553866155179,0.11391327851139572,-0.029505955647888108
E02006214,-0.035208451092069167,0.028728014420656832,-0.041776336778882685
E02006215,-0.043969120015887576,-0.016537312680506087,-0.0431313045052334
E02006216,-0.05799174627525601,0.07284108318503059,0.002338898384516187
E02006217,0.10051043083952119,0.10896016514018125,-0.031380777970247145
E02006218,-0.017644127585854888,0.05235020233499028,-0.028390518184226887
E02006219,0.0867294173298201,0.19593123438658083,0.10773955884403583
E02006220,0.09575569929597824,0.06394420669728282,0.0047159050795398975
E02006221,-0.015502925731696626,0.036122639889817475,0.022416527478652935
E02006222,0.22606253017659475,-0.00882662762537834,-0.006350712137982581
E02006223,0.19139791829439026,0.09641041828025998,0.054129289042033936
E02006224,0.056456047993834094,0.0772051993808708,-0.062884508003455
E02006225,0.01923836967885894,0.036127634973296435,-0.026265087650427257
E02006226,0.0477396003653324,0.016722317500351355,0.014753262482295249
E02006227,-0.07263296784849944,0.01905392504028766,-0.0043104552194371815
E02006228,0.05572350097827834,-0.027255523287626936,-0.02968718428389671
E02006229,0.04334640171801882,-0.03247654451417644,-0.0036845915390433374
E02006230,0.08069649947390474,0.01952638858839324,-0.03770803309639773
E02006231,0.042584535945183646,-0.03359981806522428,-0.04194395064734637
E02006232,-0.015566102986799234,-0.0041080693316511005,-0.02612531047360373
E02006233,0.07060708255380962,0.04186026196136271,-0.02346045750059134
E02006234,0.11149921627122418,0.012490299500411523,-0.030139576567522662
E02006235,-0.03863877930630855,0.0773322303830414,-0.09769098749902182
E02006236,0.01216010928068982,-0.01060089069381029,-0.028306162986436637
E02006237,0.060175168209922324,0.06059303913693395,-0.07496696336652464
E02006238,0.10668330663453494,0.02977986182771357,-0.02765097027391063
E02006239,0.09007274723581384,0.07220775308029014,-0.06310407240939109
E02006240,-0.0028090885096516065,0.019917812998284528,-0.03216887458077847
E02006241,-0.012775589580160614,-0.007098268817922918,-0.05881744444608916
E02006242,0.0021491897269166954,-0.07440019801271314,-0.062334804051529406
E02006243,0.05829213036448191,-0.09292973499666864,0.0012864714980054324
E02006245,0.15539322479737594,0.01411826985846277,-0.010162314684175684
E02006246,0.15751054279415633,0.01802544183468293,0.005026011185620544
E02006247,0.09903840102353882,-0.0027395449463178886,-0.023636829323658775
E02006248,0.07404402665919102,-0.08523341713861401,0.0007294107982093737
E02006249,-0.03165383978995057,-0.028538315772376192,-0.032364101494074315
E02006250,0.10230194994191016,-0.014290560159991222,0.015063530137622884
E02006251,0.013963627746579438,-0.05085483410243014,-0.0113966659117998
E02006252,0.09687714101909468,-0.004229647240655707,-0.017278870465716124
E02006253,0.08679272089301511,-0.02362393363175937,-0.017863059137980218
E02006254,-0.02471625787403104,-0.08259973595815452,-0.02122498690625174
E02006255,0.046407862171835235,-0.06374585066685726,-0.022323390611396137
E02006256,0.10406071521458009,-0.023787844253945534,0.008134978074376938
E02006257,0.19658828641351184,-0.005231473333414376,-0.05883559628521657
E02006258,0.06174895255301079,0.017832428831900674,-0.045546623319602755
E02006259,0.12513310599586133,0.002779727411589312,-0.016526153233421045
E02006260,0.16558936918297784,0.03205305740826886,0.01954407446420387
E02006261,0.02527544352342377,0.019099341752529093,-0.010391276906459232
E02006262,0.0015458333753048104,0.0005512000089364022,-0.035898171698619814
E02006263,0.0194128408501838,0.10803217880610937,-0.036082977593754555
E02006264,0.009297386076755237,-0.008560938827680751,-0.028301770344385156
E02006265,0.01768087448722653,0.0014694284801613526,-0.062426659083383865
E02006266,-0.03016250724320647,0.06279192352886859,-0.07401717633923702
E02006267,-0.05500875022795728,0.0767902085713035,-0.04228110636161196
E02006268,0.02217722097936371,-0.12264489209712254,-0.06819315008389688
E02006269,0.04630133957939129,-0.06701168056487168,-0.055274108019991525
E02006270,0.04411902925400564,-0.06816707817276675,-0.0525798375285839
E02006271,0.05672260218517116,-0.010040507458422658,0.016315383085888417
E02006272,0.06925536978569741,-0.0008594284053281312,-0.041323936443299375
E02006273,-0.0011421416057207662,0.004256505726934362,0.016903683510996373
E02006274,0.01890301264710201,-0.051463412401399476,-0.05428696475089623
E02006275,0.060088514522800576,-0.052261227333442864,0.006209662863090189
E02006276,-0.0340150276711432,-0.021962937478192973,-0.005478949024655454
E02006277,-0.043055706537604634,-0.11768505298700678,-0.05730217629961763
E02006278,-0.010397909398836966,-0.10930557252273601,-0.002595080880819077
E02006279,-0.01957500717339058,-0.09476006263487653,-0.05483943965608694
E02006280,-0.04274886923434157,-0.04415936378353693,-0.02002358681839445
E02006281,-0.07781687163401389,-0.08067150287446472,-0.046501397061184085
E02006282,0.012643101966666698,0.053265073683988015,-0.038757520399702754
E02006283,-0.011605840055453375,-0.03707294193989416,-0.04040039402370294
E02006284,0.10041773072017708,-0.05672490253809823,0.007810867158325988
E02006285,0.05715151896671674,-0.044298203478759526,-0.040084738404715
E02006286,0.13990539024432197,-0.0467514417040361,-0.02466366084591336
E02006287,-0.06057362818003137,0.05423194197134373,0.02940253343219526
E02006288,-0.12315666628422288,0.010777221038927897,-0.04736534851452915
E02006289,0.004307250370757317,0.017784040774587635,-0.007292741009972692
E02006290,-0.2096137377677693,0.022216838721662413,-0.0644448131740925
E02006291,0.012337257712692907,0.02623329560295387,-0.0336482708681873
E02006292,0.013593269004794808,0.005302260105814348,-0.09207010470473843
E02006293,0.1151610957686754,0.09384184338084844,0.025589005273740452
E02006294,-0.06472198284345328,-0.007377410926536418,0.010644421371266562
E02006295,0.016033414242417873,0.0004896754620662906,-0.023196371925753852
E02006296,0.01494031049307957,-0.02887369016357372,-0.05941498374283822
E02006297,0.04863121532544168,-0.003772188286098257,-0.04882064160780122
E02006298,0.07203282141595818,0.03180735980711912,-0.043779630490318584
E02006299,0.0889965205437086,0.051629653911335956,-0.023280950916701147
E02006300,0.0840051722326701,-0.009704855609886098,-0.04516456745938309
E02006301,0.09825706317944423,-0.04366956197365627,-0.005907472976806031
E02006302,0.12131005052587111,0.17837316206753126,0.05338567504357324
E02006303,0.017155409630704995,0.1271112716962106,-0.01844143571941734
E02006304,0.11366928343758227,0.09117514254213474,-0.019572204879294588
E02006305,0.04902087997317807,0.12012405769258105,0.016334395431337256
E02006306,0.06748565517895348,0.07338120824587249,0.010894496580905407
E02006307,0.020667144809319242,0.12528504479548702,-0.04968829830747071
E02006308,0.058217021231168925,0.12461145354071253,0.005986103340142489
E02006309,-0.0036694231465347967,0.0996248108057728,0.018251904261781974
E02006310,0.048525250947809816,0.08695422256033289,-0.026300365777238162
E02006311,0.08265702581979863,0.02038691017642496,0.008005212465484163
E02006312,0.08124663920217451,0.07617589439196215,-0.013453718806242108
E02006313,0.06486002676904669,0.12922122766103286,0.02024438250610361
E02006314,0.0357679114137744,0.10790268021027535,-0.0287797009381535
E02006315,0.01965134999822622,0.06558238240693016,-0.010368977639062908
E02006316,-0.01591325438474203,0.08472977386772697,0.025247619479071694
E02006317,0.02941388318848814,-0.09491880136903737,0.013862275525280437
E02006318,-0.06376626668196275,-0.15957014343095335,0.01923310118401337
E02006319,-0.011813576699617313,-0.10884595974275887,-0.01279070506782009
E02006320,-0.03298241629614924,-0.114733039007575,0.04265757627368284
E02006321,-0.1268909359132749,-0.18566760980850242,0.04624939874673721
E02006322,-0.06486338790328978,-0.13638925600801066,0.041145239642004415
E02006323,-0.11586622240617897,-0.1921370451463891,-0.030087086502659264
E02006324,-0.041915401595123664,-0.1282171082345439,-0.015198001769456486
E02006325,-0.1771780180253286,-0.12814162358244413,-0.009318380368221371
E02006326,-0.12734368411792346,-0.1750692500613665,-0.02799083420428162
E02006327,-0.19171266350165592,-0.18602343712991729,-0.02487217332991963
E02006328,-0.09646932166640908,-0.181752793125058,0.03359897917666915
E02006329,-0.22430019894438266,-0.09282950801255983,0.028819579156199225
E02006330,-0.04007209435079661,-0.09152760129284312,0.04088391316109448
E02006331,-0.19405081857503573,-0.08175131708304258,0.020333391134323874
E02006332,-0.1416659817833577,-0.10020701147461927,0.042921370796367646
E02006333,-0.1279116839869614,-0.08151207554092363,0.02183679146937455
E02006334,-0.24829275439925522,-0.025444261710234083,0.060460494007305896
E02006335,-0.012845168574243912,-0.1437282369785298,0.01797032401134245
E02006336,0.07373818508573923,-0.11525973826955051,0.03160074135090676
E02006337,0.019638508920781752,-0.11447330944835551,0.020160449419525783
E02006338,0.06840210469182798,-0.12630887986611986,0.04337529612577539
E02006339,0.008416055840265944,-0.1866690181787655,0.01790356392773355
E02006341,0.02206768834030437,-0.16932810501375078,0.006515255771953
E02006342,-0.05689076052294733,-0.1830512611582285,-0.0049977377150052
E02006343,-0.0284462064462387,-0.10721315083382504,0.054536888399708036
E02006344,-0.07227439289346094,-0.1008379751022743,-0.011164499037270126
E02006345,-0.13108600046515897,-0.07180498640612391,-0.051210958802260204
E02006346,-0.11819196227317148,-0.08338135977018758,0.0636691901666924
E02006347,0.055881843194541495,-0.1276083322226464,-0.04148024042227662
E02006348,-0.040788931377781446,-0.11867045269551271,-0.0207731654788511
E02006349,-0.045059985690783205,-0.15438121068382477,0.006576349670658643
E02006350,0.08003975686099414,-0.13732104606946852,-0.006438379613646564
E02006351,-0.049496053096939774,-0.11792932050662412,-0.007173290484687069
E02006352,0.01969940585047708,-0.11062747369312428,-0.019765819524288523
E02006353,0.04249318589115727,-0.12865554209685245,-0.004413839906366433
E02006354,-0.11642008877222473,-0.1635050303624324,0.01473920108311799
E02006355,0.058803075837256365,-0.1478341626172973,0.002877245544760564
E02006356,-0.086028524073288,-0.26287919205731086,-0.03845637302374124
E02006357,0.0010929161628619535,-0.08163560710861367,-0.02617011800329571
E02006358,-0.03532050371159461,-0.1429286017319131,-0.028301452622527302
E02006359,-0.02982452946938005,-0.17700432226690418,0.03949605848424324
E02006360,-0.10481638324922288,-0.06899863216292329,-0.01704409196759807
E02006361,-0.1127525082637713,-0.015670608624345196,0.027383438177259176
E02006362,-0.0493297409427927,-0.09820301156515053,0.01799837588996157
E02006363,-0.05657925115221482,-0.15577101748079125,0.0014284366659551538
E02006364,-0.06352391413950914,-0.1371233435610842,-0.01695128217691561
E02006365,-0.10546302985775491,-0.16116683578217725,-0.02589059048780304
E02006366,-0.13604650504090218,-0.04132237484725002,0.004307063323033871
E02006367,-0.08843646989158833,-0.14463814945942774,-0.01639191977735062
E02006368,-0.0598678410489852,-0.10708926667470453,-0.015783662848217493
E02006369,-0.17701519093265078,-0.023922283608761367,0.013291218194435038
E02006370,-0.025970019060403058,-0.14524617935848536,0.004596565393904769
E02006371,-0.0679146001660913,-0.11267317186860545,-0.019572006507967424
E02006372,-0.03942153906991839,-0.08324371284013185,-0.01434660720085497
E02006373,-0.16932548083864526,-0.0877444731580073,-0.017845184858052584
E02006374,0.015875522553614387,-0.06416865194391115,0.03462870687740946
E02006375,0.025711788530060377,-0.08633859096413252,0.0056827479565887485
E02006376,0.05559572121746398,-0.10230129648609015,0.004305875975120046
E02006377,-0.0020677173715338247,-0.11170413683482791,0.020205653333696626
E02006378,-0.03688252825929414,-0.06294601817275883,-0.013314641182285463
E02006379,0.10550732582882963,-0.09761932179766765,-0.016794082914591495
E02006380,-0.04038313925338419,-0.06813277114700171,0.04837723216054825
E02006381,-0.08034990752969795,-0.12729548003881977,0.003190838639890996
E02006382,0.15895224588645887,-0.09376064236941796,0.03345283406730915
E02006383,-0.0875714064731875,-0.15356846277161418,-0.04617183758331211
E02006384,0.03157853349889531,-0.12339807651792117,0.031525360172751205
E02006385,0.010760862908951835,-0.15831503780840525,0.01819367382927444
E02006386,-0.053108938904865,-0.12462524967564721,-0.005769105524474587
E02006387,0.006624346642207143,-0.08579366336830226,0.03981174425371908
E02006388,0.038081887405496416,-0.1303405455079113,0.010921884328784322
E02006389,0.06315626623522447,-0.09385905461546463,0.07795112905268652
E02006390,0.01938104990496763,-0.13700488876547887,0.03579171404696132
E02006391,-0.00599134295577929,-0.10464961455770662,0.0021623926050662024
E02006392,0.016549113540798122,-0.1034526139337084,0.018006211194584294
E02006393,-0.10420832961716388,-0.21845670852339344,-0.028836085704155613
E02006394,-0.1005174451579576,-0.17243490113293383,0.009363360952514437
E02006395,0.0205860426154443,-0.1537745565245438,0.005569666732710316
E02006396,-0.0830407549732743,-0.08865320447705109,0.03344732753097169
E02006397,-0.16118274727150592,-0.13357534944403152,-0.010611379080412453
E02006398,-0.007059318983080979,-0.166689515134612,-0.03275046513134046
E02006399,0.005727273051705079,-0.17413349271414313,0.021253019161357425
E02006400,-0.14344150220573054,-0.12882247326406968,0.0029394961783949726
E02006401,-0.015485555289347978,-0.1330582149412631,-0.002652588394642487
E02006402,0.011948241576604495,-0.12992615971645544,-0.030348465905380127
E02006403,0.07176872697350381,-0.15382410936547897,-0.025031261751247154
E02006404,0.13714687264200592,-0.1377933612944329,-0.03971806277892448
E02006405,0.012181901711263857,-0.1908943831754567,-0.08114017226054399
E02006406,0.00020417653473309532,-0.18452545839704151,-0.030687184465612697
E02006407,0.042211510617058745,-0.14002172885173306,-0.050282194664294955
E02006408,0.0394243274470053,-0.17813425049893597,-0.04000123101730829
E02006409,0.025185316058477354,-0.13934899090638694,-0.03786714283204356
E02006410,0.021978574436329397,-0.16613328220950113,0.0025389645514916504
E02006411,-0.04993968503961457,-0.13303427679210172,-0.06073169733822011
E02006412,-0.06904234193433358,-0.12821114304291192,0.004478068186330683
E02006413,-0.004244307111087599,-0.21189315469136116,0.015538192777154852
E02006414,0.012455964780550279,-0.13251111794793283,-0.02785915694047032
E02006415,-0.08124641433196597,-0.2001070597192356,-0.013553131827215409
E02006416,-0.14449983062608646,-0.0851338993045552,-0.027827976729607632
E02006417,-0.015113154025343746,-0.1609380293616321,0.0049972378133604145
E02006418,-0.14292544891528167,-0.1340031768420818,-0.014953559214968225
E02006419,0.06760685785081895,-0.1642513027633238,0.025681544745303368
E02006420,-0.09725788105486567,-0.1599153728513565,-0.005362484350964123
E02006421,-0.07169865212363218,-0.09248902283237653,0.03596770265819114
E02006422,-0.017796734487236055,-0.11366829101710281,0.04783848717099339
E02006423,-0.050469698047549645,-0.24224459297443568,-0.0005135577483965058
E02006424,-0.017903195697046455,-0.08563042882433311,0.02682701010017501
E02006425,0.020026790537317807,-0.11362469543463748,-0.0011589812367410039
E02006426,-0.009782048230709767,-0.13875600551846243,0.0239002427712064
E02006427,0.025577156301239017,-0.06428944646459525,0.04631978029987166
E02006429,0.043369152884839016,-0.1685163447135445,-0.015741378521885212
E02006430,0.07753316376884198,-0.11951118926959835,-0.005075320101626209
E02006431,0.019312147774008147,-0.15661213035113708,-0.011558003014804022
E02006432,0.03321960205734713,-0.15308625130377226,-0.02321967874030643
E02006433,-0.10614866894898946,-0.043876704223233066,-0.01805207329992285
E02006434,-0.009538494582193338,-0.12146887615357367,-0.0016055114823113454
E02006435,0.013979206614901986,-0.06649483945090166,-0.04354119985772937
E02006436,-0.03700861566658122,-0.03854830908676299,-0.041261014258965584
E02006437,0.00897839804708763,-0.07612950327683024,-0.07922014168863209
E02006438,-0.027548497386786927,-0.051155109498913914,0.04219463967771091
E02006439,-0.029476512932088653,-0.080447162263271,-0.0009429128652154118
E02006440,-0.01804592332715289,-0.0959708629732926,-0.04863587207713008
E02006441,-0.0668569707283972,-0.11509818514382823,-0.06862022064098465
E02006442,-0.11390116238145488,-0.03295882367345808,0.03997202340832236
E02006443,-0.021414830815523485,-0.09227949403371108,-0.03276454058393253
E02006444,-0.021717720351535044,-0.044431107654975585,-0.05475671564930686
E02006445,-0.09674648131891644,-0.10184701574380105,-0.020053284204560574
E02006446,-0.144156670393894,-0.08114889379451894,0.004449429807880557
E02006447,-0.09865255697628367,-0.017592126781762137,0.005765799677948163
E02006448,-0.11323766097914342,-0.10160545875035361,-0.013901593785199517
E02006449,-0.12053572137890399,-0.10758879648636438,-0.013237743365194694
E02006450,-0.12934455363128114,-0.08494153013774165,0.009710862829808892
E02006451,-0.12654662403496492,-0.06666792468777213,-0.02104012269559989
E02006453,-0.12204051018327572,-0.04091313567515823,-0.02000626963959793
E02006454,-0.06988790843473154,-0.05886231042418158,-0.025283184532662806
E02006455,-0.050925506115794474,-0.08528961702035363,0.030714378345641676
E02006456,-0.0015262918422761802,-0.1039841136186328,-0.014645557098590743
E02006457,-0.06383812006353919,-0.09592298782906089,-0.02309624744709692
E02006458,-0.04729532658445754,-0.14132618838186572,-0.0036550303392105517
E02006459,0.06343390723930596,-0.18264261761232897,0.013921903561429694
E02006460,-0.014254366240410366,-0.15598407238118875,-0.01956557684790366
E02006461,-0.08819359603960376,-0.1460589685076119,-0.007597257262108729
E02006462,-0.010724116169846538,-0.1597807584563851,-0.0077446407172514255
E02006463,-0.05088772275353148,-0.29005258238194376,-0.025687284564644915
E02006464,-0.018187699919456554,-0.12033497527182686,-0.010322947277337263
E02006465,-0.05364396565967433,-0.14589861342141133,-0.017861109830386954
E02006466,0.0033220254435442757,-0.18506455941463162,-0.010347415198047095
E02006467,-0.024763462188171204,-0.13132094948940867,-0.05284153287116721
E02006468,0.014949162664269648,0.13127133546899114,-0.04754138663845113
E02006469,0.09693156689797795,0.03730942225481118,0.017191788774826265
E02006470,0.00027395235556228274,0.06430364744017397,-0.0046807329993577
E02006471,0.0025519664686303152,0.0334513043990083,-0.0380857616412043
E02006472,0.0477506483686193,0.09643226245634233,-0.030426870228312367
E02006473,0.02099780065727109,-0.02947190165313988,-0.01656387675950693
E02006474,0.008516087323863976,0.16520311249292036,-0.061199801051652916
E02006475,-0.021603160443303345,0.07631286297153794,0.00963877156467471
E02006476,0.029789122386258624,0.02192314070190431,0.02338832577718778
E02006477,-0.06540706504732816,0.07085555073534387,-0.03835720175640787
E02006478,0.0749194684646048,0.12483278845963557,0.02297602168460376
E02006479,0.047651198149102375,0.11886177148281368,0.026536911018902574
E02006480,0.05876860405474195,0.13128466029903407,-0.008160794880312306
E02006481,-0.029223353131113933,0.20477335796614884,0.020734625750242305
E02006482,0.04117330465576218,0.07747554620259343,0.0059998135307683
E02006483,0.10134648845562788,0.15463186613032087,-0.021236524243157664
E02006484,-0.0738730623053777,0.1118439067292662,0.005842770553502343
E02006485,-0.05935767288681147,0.09183711312251987,-0.0465153640029457
E02006486,0.07647228500132298,0.05593148164702336,0.03241781023023995
E02006487,0.1387022645183273,0.14160413081677414,0.04718584925337062
E02006488,0.016245209963390267,0.09650166782464017,-0.028841429761853794
E02006489,0.014653442123540764,0.1172640037274472,-0.03805897222299685
E02006490,0.07763042664601716,0.08134926364338829,-0.03993945262040489
E02006492,0.010745226956200655,0.11467002800311249,-0.004192536069043258
E02006493,0.16963794210934244,0.07653207859462932,0.01376269375511415
E02006494,0.1079780966604552,0.010377648238757888,0.0009394540119998793
E02006495,0.013102546713212749,-0.02494446349329785,0.026405680820134857
E02006496,0.1330595635446147,-0.012008049536130513,0.011897131847920982
E02006497,0.07352818904590058,-0.021323570406976786,-0.020634252967201568
E02006498,0.05805442701312183,0.0038413349870595435,0.0007237678677457459
E02006499,0.13879111491526666,0.03315533374422243,-0.0546344379142965
E02006500,0.05772702194075287,0.04589524496952115,-0.05769646085796369
E02006501,0.09469730036638482,0.006510622744043712,-0.030014881144381222
E02006502,0.03959349295086244,0.02899319632652862,-0.05881393120106099
E02006503,-0.11860559732620164,-0.03970653860627302,7.717652276597539e-05
E02006504,-0.014404909371206621,0.01058810714071376,-0.0536788209989595
E02006505,-0.045687945131707486,0.03394498308256976,-0.016749312945512143
E02006506,0.036238721901593024,0.04135913697779964,-0.006869591380249073
E02006507,-0.07916027490857577,-0.03405818423135321,-0.03956678267231641
E02006508,-0.10236252922014316,-0.010899761324204713,0.004176528292566027
E02006509,-0.11200584522990602,-0.03334095564400394,-0.03578480836004128
E02006510,-0.14780659551396857,0.021775374147764065,-0.0351971593106263
E02006511,-0.16587051275430245,-0.021867063593028604,-0.01946540099491317
E02006512,-0.14283381734794307,-0.06515518026765209,-0.03704038092556168
E02006513,-0.09929941893014302,-0.03192236381143505,-0.04061178394844689
E02006514,-0.12497358922831857,-0.05010339288173183,0.008559421745436736
E02006515,-0.09737382622006778,0.034032362360642686,-0.06180738547826934
E02006516,-0.11008536288879067,0.008640825691165387,-0.07688346506337009
E02006517,-0.18004559974424333,0.008373556541749401,0.007530663039811677
E02006518,-0.06677464194920169,0.015186950200012293,-0.03913380587575859
E02006519,-0.01999663151668098,-0.10642041011154676,-0.053595756081376865
E02006520,-0.04102584977752378,-0.08260903428260526,-0.04317133286361405
E02006521,0.016446954499152545,-0.011624819272312665,-0.03424558788164063
E02006522,-0.014457952421698589,0.0041709356603079045,-0.01070352325758568
E02006523,-0.04036580854769855,-0.019574887432061854,0.002014106061741119
E02006524,0.07769034628105068,-0.05461772210581454,-0.0010129060592702905
E02006525,0.005940593364274939,-0.09364814239942089,-0.025457973715565345
E02006526,-0.01018149437820246,-0.04385705416366835,-0.023372614709289606
E02006527,0.0013279145756645982,-0.13606747552233225,-0.044062281831487186
E02006528,0.04380478140961936,-0.08914532714575428,-0.051050386769603356
E02006529,-0.06120277597014088,-0.11035163199213177,-0.02797123869277567
E02006530,-0.07120407079950926,-0.0653318246952933,0.019714439342230317
E02006531,0.08194430824581891,-0.16043583486743962,-0.037989610597002677
E02006532,-0.06489231254352322,-0.012703769416010056,-0.007778488766190111
E02006533,-0.02806266497281395,-0.0779997659589496,0.0216881339394756
E02006534,0.03541094505966094,-0.030493749214552092,-0.007202751968075725
E02006535,0.05480318242743212,-0.08605058547336858,-0.005967137250721318
E02006536,0.05828015023248091,-0.036292053600881946,-0.015016342966148247
E02006537,0.06544903506081982,-0.05313188073188601,0.001932786616114884
E02006538,0.0667832135649443,-0.08886631991084537,-0.0011059067529109717
E02006539,0.0861623915995675,-0.014472223483108337,-0.030157796075163078
E02006540,0.11201224785191342,-0.02521978001275902,-0.0028419459788131406
E02006541,0.10600436628891617,-0.050675106951908674,0.009283160224349255
E02006542,-0.13195354934613765,0.04508343453566195,-0.08835558688373225
E02006543,0.024757768838253102,0.01408903461323979,-0.020040214763513167
E02006544,-0.05826021567029803,-0.0035168638804706676,-0.024683034313700968
E02006545,0.03825654876522477,0.007334436985755508,0.020600059830527588
E02006546,0.030283642954900717,-0.0004331756659639475,-0.026569949725448527
E02006547,0.03046965654307499,-0.042056690757378924,0.029603121598235204
E02006548,0.03284532471795615,-0.020026179760871076,-0.020857325118644594
E02006549,0.06197162745286194,0.040463960353360306,-0.012229903226106146
E02006550,0.006040088510951034,-0.06176977087413662,0.0008757683151111674
E02006551,-0.030519404680853613,0.04159971606277622,-0.03772437067036534
E02006552,0.06049593879487407,-0.09935825615708883,-0.004267134713498667
E02006553,0.00039612258195467407,-0.04766075938680908,-0.025770150421160445
E02006554,-0.03605620456937163,0.0028022988975924573,-0.02142332078138734
E02006555,-0.03435483091066804,-0.07831077711092475,-0.06426906480535496
E02006556,-0.021014121402821002,0.03443053085034465,0.014425712751485572
E02006557,0.03981721553254824,-0.02447495185922947,0.014251069774629288
E02006558,-0.0627368340897612,-0.04293675433614911,-0.07097306673131219
E02006559,0.03403283335151527,0.048968468142401356,0.013032313813755378
E02006560,-0.038255424808045016,0.009335589654197767,-0.03357956430323939
E02006561,-0.0011650654755360954,-0.025037540362130836,0.02231250058365027
E02006562,-0.12547705558827976,0.02418020160227157,-0.0673318525414317
E02006563,-0.12128192416798159,0.07111832847932943,-0.0034727124049191236
E02006564,-0.04319142255598009,-0.11389135485135897,-0.03584877314950048
E02006565,-0.09355064424917633,0.06746206493400696,0.06810053799141534
E02006566,-0.08471828815329806,-0.026644140715855035,-0.021982659210406232
E02006567,-0.01124758634159616,-0.02289726713803025,-0.027947898873002624
E02006568,-0.1676504809907451,-0.12436791765031105,-0.0030829776630912358
E02006569,-0.07555184329861399,-0.018587025370595082,-0.024886314918199343
E02006570,-0.14722758339708805,-0.1440189790921288,-0.06344648772944156
E02006571,-0.11322030718478136,-0.03458608189442469,0.0011723072716836257
E02006572,-0.12291672588424041,-0.07530800250925758,-0.0342276910920414
E02006573,0.07125929716726537,0.049059210313803184,0.004304060132788786
E02006574,-0.0002107265122717398,0.005495266961802946,-0.05563486428870044
E02006575,0.13531956118221616,-0.10914201034246858,0.03923939881827792
E02006576,0.028916081026390233,-0.13523193119137522,-0.032408054405256174
E02006577,0.08794629256818805,-0.11301761461243112,-0.003915915072212768
E02006578,-0.008851396683755213,-0.22273160413471918,-0.02713061515610964
E02006579,0.021508962215452936,-0.17059443349128195,-0.005536295787421286
E02006580,0.056052400049369636,-0.11584308756538103,-0.012430470028775157
E02006581,0.08885520560694035,-0.1795787071443363,-0.007772534353774435
E02006582,0.03392194232974107,-0.12886660338182032,-0.015490676466148294
E02006583,0.0435324762453752,-0.1617321809427373,0.0009632547948241577
E02006584,0.1320513817209864,-0.13260018255256492,0.0166857498884515
E02006585,0.08429085011503082,-0.12478623843386459,0.005945845823646625
E02006586,0.17352288005323258,-0.10546315371583402,0.01361289011312268
E02006587,0.0643624385461363,-0.14769898194537626,0.008635977240279162
E02006588,-0.09524567892123481,-0.15159511968841985,-0.02528542568316106
E02006589,-0.04997878413691454,-0.09154018189566174,-0.00989738002527046
E02006590,-0.046402873571344594,-0.02993841518313516,-0.0197417136530503
E02006591,-0.03486728120072405,-0.10551847658749776,0.008925603431467985
E02006592,-0.12915434072431947,-0.02318424743476547,-0.05035393526927804
E02006593,-0.010546272291644313,-0.1556155732951186,-0.019921081005287306
E02006594,-0.06998754781882587,-0.09423986848737781,-0.006922314326585073
E02006595,-0.06893277006406594,-0.053934565092048935,0.003168455353465896
E02006596,-0.06942787368471169,-0.09063887162535023,-0.008141522081728724
E02006597,-0.10544009553806577,-0.03698882595387328,-0.052490840139007115
E02006598,0.04876809935369448,-0.02048703452903812,-0.005233726730610912
E02006599,-0.075416701775714,-0.010578921052560334,-0.050003696783954735
E02006600,-0.05984083525900222,-0.05049250581978432,-0.04481133266097815
E02006601,-0.1515693797970745,0.006455112855025341,-0.02881076372218675
E02006602,-0.10031085463363294,-0.02665269464993617,-0.039945839266067915
E02006603,-0.09397455273135671,-0.040369319073134145,-0.04228099779825303
E02006604,-0.014983143438264993,-0.148145237053807,-0.026472837806244386
E02006605,-0.0033579412790918726,-0.10394756779655168,0.040733748579529314
E02006606,-0.01413881485281202,-0.11741294237656794,-0.02498007258674315
E02006607,-0.025559570160483283,-0.013052079143355998,0.001987468428078958
E02006608,-0.04545377188185304,-0.05992304347040266,0.006716262177106004
E02006609,-0.09950985104986634,-0.045416778233524815,-0.04458175951544488
E02006610,-0.07822403047183389,-0.0003011667547076802,0.008062003949497869
E02006611,-0.051208496801963266,-0.05307988126876581,0.007375592085786642
E02006612,-0.03211599167944789,-0.15142894867772297,-0.023883588740197123
E02006613,-0.0037113894980415046,-0.07138163650091757,-0.013300201889473015
E02006614,-0.060740371698011636,-0.058136739833194465,-0.019132063216152267
E02006615,-0.009041529026674327,-0.019552687246210114,0.006050632165726216
E02006616,0.012315120713602004,-0.08578084405520241,-0.0322858580396046
E02006617,0.024809049036001715,-0.1658981391861384,-0.05890661913023519
E02006618,-0.0001943524115416744,-0.030310343381891557,-0.016150564859133083
E02006619,-0.026168366680234048,-0.023500641339494765,-0.06650914621203391
E02006620,-0.07730296781126224,-0.012881594861448104,-0.04084996468986705
E02006621,-0.028399749450856743,0.05505756466724996,-0.023099714422482653
E02006622,0.03598874874836621,0.0008782040911706462,-0.018287286594815353
E02006623,0.11079857213412633,-0.01827896472031301,0.00733482572285364
E02006624,0.09567519373090293,0.03269859194921745,-0.009263354975596806
E02006625,0.12695068532627063,-0.015238343548390008,0.0236194237166905
E02006626,0.12570984698735857,-0.03047124652503998,-0.014192048273419635
E02006627,0.10748720534015814,0.0060753932240225515,-0.01808135893559122
E02006628,0.1359525947789524,-0.015952310523945606,0.012907005208696877
E02006629,0.17183651222986898,-0.03471527000199298,0.03412612769195644
E02006630,0.02955384736583454,-0.08006564165450299,-0.053739985507039865
E02006631,0.08774305668613948,-0.029401254895787956,-0.011717000113668316
E02006632,0.07669376418882304,-0.016849463382369218,-0.004079724803159647
E02006633,0.09605774252541864,0.004737149273349493,-0.003451264059555175
E02006634,-0.19134821996222698,0.011161929548024415,-0.031889143082726376
E02006635,-0.11062050137851398,-0.08522399768369712,-0.0006936954156883857
E02006636,-0.14857593233581834,-0.04004778210397082,-0.07782370060063697
E02006637,0.01272571636398883,-0.012068562780961049,0.030220476021555278
E02006638,0.02735698242697213,-0.07570488845551981,0.00999553873972638
E02006639,-0.0301237475180382,-0.006927256032918121,-0.0221766897867309
E02006640,-0.16508729482400544,-0.048095361309989246,-0.03592855233301502
E02006641,-0.011570235783282737,-0.0021117481102819096,-0.04907033035975524
E02006642,-0.08963015089260591,-0.030477062733576907,0.06605964983682892
E02006643,-0.012624407896641557,-0.02316912883408721,-0.034613503909858435
E02006644,-0.06135774978555061,-0.028147890099269775,-0.08505080581974911
E02006645,-0.07528315695525342,-0.029478686606932186,-0.06785911476666609
E02006646,-0.08335453475439022,0.027382598728195172,-0.03261456521789639
E02006647,-0.07473832251677302,0.10196699960766434,0.0024494839378297875
E02006648,-0.11427320479345136,-0.011121211819932269,-0.0405835830555124
E02006649,0.021633800245852267,-0.009708408049835679,-0.014661974456121225
E02006650,-0.022304562259514746,-0.02464992434593504,-0.021812202563330135
E02006651,-0.06794360991407064,0.11144018402372387,-0.031038329782707194
E02006652,0.03408656119951802,-0.0033212795065716244,-0.00212068999822211
E02006653,0.06914598866394983,-0.03364995001637169,-0.05304410295605231
E02006654,0.018267822860672765,-0.1034975873976157,-0.08697102236445378
E02006655,-0.0668253150724058,-6.77678768563189e-05,-0.02118860871030052
E02006656,0.06595085163067477,0.012076137666844488,-0.011687658241526283
E02006657,0.0861258771937459,0.03615007547771093,-0.027772361352202388
E02006658,0.03336244467549228,0.020387444426253974,-0.00966039448248375
E02006659,-0.045928184715285356,0.02451412428178287,-0.06204900559140489
E02006660,0.02830467322865285,0.01831452897811737,-0.007692695295260278
E02006661,-0.0513650415758894,0.002442539701377957,0.03876744155506275
E02006662,0.005083069314674032,0.041214276136299396,0.046863317034642436
E02006663,-0.05606323767570588,-0.036580462009179866,-0.03654454428997757
E02006664,-0.09514442038293992,0.03508903613791094,-0.023640866022704148
E02006665,-0.05016823702391991,0.028502386027239878,0.06833399757313398
E02006666,-0.11242842270359471,-0.05469111199888283,-0.04509131932265693
E02006667,-0.10381395937476941,0.03628072931099542,-0.02896242830375651
E02006668,-0.08614996779335611,-0.06301547516417258,-0.007794382031990487
E02006669,-0.06000216212526561,-0.006954028584240305,-0.01773124681140138
E02006670,-0.09776694513597797,-0.05854772887276904,0.004124976391964986
E02006671,-0.12306507592204975,-0.09104028884078645,-0.04400240991710405
E02006672,-0.1705064319317799,0.008649475101792259,-0.05664364364885663
E02006673,-0.02637277330552656,-0.03783450997365597,-0.03803523056843147
E02006674,-0.10371323626301139,-0.042286973196662705,-0.048951920443176936
E02006675,-0.06811099091308578,-0.036871633828644494,-0.02464900378207606
E02006676,-0.1285247611000933,-0.014545801344389023,-0.009189176091631652
E02006677,-0.14478393152096927,0.013703456641564622,-0.07157911968866112
E02006678,0.019131840396374486,0.022384396841024824,-0.04448754919537608
E02006679,0.0020865231091502846,-0.008712325070602189,-0.049925400415901634
E02006680,0.0544508857069784,0.022204015624777564,-0.09292571464753147
E02006681,-0.08447770757814169,0.038173748153824016,-0.004849338162938477
E02006682,0.01333544481872292,-0.05641073202470996,-0.0007198250878625038
E02006683,0.04246514873503866,0.03223526106383308,-0.04920073351181271
E02006684,0.09326727101796348,-0.001907334752902025,-0.07398120478705485
E02006685,0.04667113194807628,0.009137965215720382,-0.05941538955512543
E02006686,0.09394068311650217,0.1538552209834827,-0.04581653803685071
E02006687,0.0656754086779767,0.005312117168733961,-0.026417825764566083
E02006688,0.08169651575815691,0.09947096494423012,-0.013524528390475661
E02006689,0.01787298856658474,0.06403276585073571,-0.007028245976137811
E02006690,0.05128677950959166,-0.04260755625065766,-0.06728056296986897
E02006691,0.024555813751154933,0.023791261331971993,-0.01840228200379386
E02006692,0.045563294316495986,0.06559716596149931,-0.10839808916482718
E02006693,0.034016295556061046,0.04900226886315801,-0.057481020137506104
E02006694,0.03650322737829297,0.05492919260328021,-0.09086053766837614
E02006695,-0.1354469884192952,0.08846012991557811,-0.014368986615594785
E02006696,-0.10278791907898183,0.11338609825884467,-0.02334294144532669
E02006697,-0.07329667292641738,0.13569810526316095,-0.019785561417909544
E02006698,0.11250348706822744,0.07972277532412998,-0.03708306263496217
E02006699,-0.014540778519046883,0.03578966384757198,-0.005781439019096469
E02006700,-0.0009719443129176453,0.03139330355665115,-0.040893819793866415
E02006701,0.031359293813353804,0.0828375301224319,-0.0015574593520955888
E02006702,0.09238016968227737,-0.008464842018914323,0.04613034836394397
E02006703,0.0304258560314988,0.028505976910148615,-0.022434962114286472
E02006704,-0.025677678008374998,0.016878077489742887,-0.037088558055467756
E02006705,0.05149253562794786,0.051362271345431455,-0.01709951667878269
E02006706,0.01877033529860616,0.07456388320501889,-0.08708853962536683
E02006707,0.08315866095323864,0.11029441780201245,-0.023765554577214614
E02006708,-0.027459396711694346,0.07115867481233401,-0.017961465517854554
E02006709,0.049292176478120835,0.048959579181583494,-0.03123001159382768
E02006710,-0.19164005917226554,0.1375887202562052,0.02650804314937103
E02006711,-0.12284373649580314,0.02075633126498547,-0.04960609505142716
E02006712,-0.15067971948925674,0.0674482806310494,0.022991119274653728
E02006713,-0.07059573828486083,-0.020836842222642867,-0.05720880887594634
E02006714,-0.01885553276379913,0.06499690118632563,-0.03799147317994457
E02006715,0.004020237017132128,0.08166716985884227,-0.02040579828967104
E02006716,0.008850289839351948,0.09408720470690728,0.042621504998386496
E02006717,-0.12119399153911908,0.08400068065874165,-0.03553818923685518
E02006718,-0.06643018959202117,0.07195214661810088,-0.044135130763796576
E02006719,-0.03189348136963872,-0.028424856913099015,0.023813581356471984
E02006720,-0.052808520377612585,0.1462877492858176,0.010222729377181458
E02006721,0.04978066170056549,0.04848110737755903,0.02414181631169935
E02006722,0.06441278379864346,0.0836935816418699,0.07648707101557825
E02006723,0.03289662027121251,0.03788923323007792,-0.027873226532911084
E02006724,0.04542741849702136,0.0015918176633242219,-0.0694201618597336
E02006725,-0.011331300587513334,0.04751097599890785,-0.012041118052691322
E02006726,0.015333224751523456,-0.04037767372851176,-0.059909676561888045
E02006727,0.020256282209496344,0.029981203267010367,0.0014255595581480467
E02006728,0.05370707123269707,0.031978631579258066,0.006401000867362905
E02006729,0.10757849008949176,0.10473279932434283,-0.013330182636587406
E02006730,0.1817665407149725,0.06537192132952162,-0.024748030017797677
E02006731,0.04390297434143351,0.05065681110859744,-0.061122106002969745
E02006732,0.0038299471392878918,0.05285000571473591,-0.06577436728807114
E02006733,-0.0659255730214963,0.05110206088866325,-0.03545065181958854
E02006734,-0.07421688768992515,0.003210423185674315,-0.05390073193920857
E02006735,-0.080835044998584,0.03126906877252221,-0.07693647582843834
E02006736,-0.04780257618753515,0.04462271511061325,-0.011338182473884514
E02006737,-0.0743805306804018,0.0145691138179814,-0.04706353355869246
E02006738,0.06245094843715399,0.08422344464818413,0.007258714526926253
E02006739,-0.08106834579238763,0.09865244544862846,-0.03791395245019178
E02006740,-0.1600345900279367,-0.009906015667696893,-0.05182224890487396
E02006741,-0.07326075591805419,0.059301967724199156,-0.010240728196863778
E02006742,-0.0858514234469613,0.06914505796689309,-0.07086378029389197
E02006743,-0.00020511773753511105,0.1275395092341425,0.021110229826382082
E02006744,-0.08973966165049457,0.0012439427323665902,-0.07862850988704956
E02006745,-0.02755347684737094,0.0641337831172401,-0.0017567845984105836
E02006746,-0.07119934715658983,0.01105048257351922,-0.03519373854099393
E02006747,-0.04668852148659612,0.05054387594011181,0.0074292386418237395
E02006748,-0.0217463156524206,0.08448167261503907,0.006950658037106076
E02006749,-0.0029953924027958734,-0.08753776430639651,0.010355000955349136
E02006750,-0.20580645711781162,-0.08796932846774572,-0.0052785144856541295
E02006751,-0.041658661821197554,-0.017016353608277662,0.017008032175110672
E02006752,-0.08163349131412029,0.0383069479845646,0.014366129472848387
E02006753,-0.03659546888300843,0.03664113167348258,0.04351025779598004
E02006754,-0.1312889629273162,0.07886418204096808,-0.03459458152855328
E02006755,-0.04706017311942655,0.03634137946417026,-0.029070402327930154
E02006756,-0.061570069899757385,0.0992532361642134,-0.005140409593292224
E02006757,-0.05125769645806319,0.09340375068724922,-0.06594663944597427
E02006758,-0.04109677148719612,0.10506133475829711,-0.038559612646114655
E02006759,-0.08016838253778795,0.12091323383153965,-0.014157749495247441
E02006760,-0.13187331398646865,0.15916183244240553,-0.018511617556069084
E02006761,-0.11606458281834758,0.06447899921295686,-0.12810498698321124
E02006762,-0.08880712207974738,0.045934550843090165,-0.013240008463337546
E02006763,-0.07403722846285136,0.07011582760344735,-0.005367545987122296
E02006764,-0.04555281261422213,0.015515589591151667,-0.008214554557717826
E02006765,-0.08678025545879871,0.13114209464105694,-0.06455032851874751
E02006766,-0.05757350555311633,0.11488471943264775,0.032767523095781445
E02006767,-0.034015800195984346,0.13872453463898896,-0.032341852690496296
E02006768,-0.020362269825442213,0.09739803346879125,-0.009593009909414266
E02006769,-0.05284588329296507,0.10885656378052651,-0.06341902901300997
E02006770,-0.012056502304235314,0.11174370176872683,0.01426160012744849
E02006771,-0.11176364820241422,0.05619596612076385,-0.004092335747642759
E02006772,-0.03387776352276522,0.10629553565580997,-0.038424121407615086
E02006773,-0.14181216504469285,0.05202755093345475,0.0019948828794231497
E02006774,-0.05648915291592503,0.07190173168973989,0.0021096574509580908
E02006775,0.17510200873752926,0.17747149779570312,0.0004912228545108956
E02006776,-0.004468752653093073,0.12967536583062442,-0.023430460159860146
E02006777,-0.01760999129597086,0.13526004485397716,0.028592722784774847
E02006778,-0.006249694883983007,0.161259822463765,-0.01584769042377148
E02006779,-0.12827164423608894,0.124688900770688,-0.006532593245984965
E02006780,-0.05736206800113911,0.14781916570033032,0.036345380300135434
E02006781,-0.20648618216243647,0.04939785820389477,-0.14301283970627862
E02006782,0.18812441887522338,-0.11278413941357361,0.03654222309373411
E02006783,0.2965838354032099,-0.14149547961991465,0.021124232506868647
E02006784,0.2060480007871905,-0.1746279243818814,0.07925353594114554
E02006785,0.2164777957955063,-0.14422166988335108,-0.005191514163264073
E02006786,0.24617430542268864,-0.15309796363692726,0.07483817705239823
E02006787,0.057487515258946686,-0.12939347603185833,0.04417937762121476
E02006788,0.2780334329192573,-0.19870515892101526,0.05274006680021473
E02006789,0.049066025441990534,-0.11109252132538998,-0.042763800233282544
E02006790,0.061532567303178166,-0.08501602636718798,-0.017590166690789603
E02006791,-0.24844155977166824,-0.26678863316467394,0.043805307822947476
E02006792,-0.25003251734128495,-0.3446010143671226,-0.005282208247313321
E02006793,0.3068978144790687,-0.20159560131190588,-0.09949937587047174
E02006794,0.19767676041234664,-0.0975848434607285,0.10064416413506545
E02006795,0.0770123217391428,-0.18790973714043632,-0.0022189568625296894
E02006796,0.08272451231288637,-0.20956171584588842,-0.020775340190062497
E02006798,0.29011822445493074,-0.26472069627626704,0.07342863790119998
E02006799,0.2967669196008436,-0.08991754050512095,-0.016008503654914064
E02006800,0.2378960321453439,-0.1211555126248473,-0.010888888076399822
E02006801,-0.2237312161284394,-0.27351523355200835,0.0201084005981448
E02006802,-0.06115911268639861,-0.35327495582891033,0.11683120138354003
E02006803,-0.10419629846046581,0.06293914941527316,-0.012094069468218435
E02006804,-0.06950022498435017,0.07264395518719906,-0.05777386423130998
E02006805,0.18313638282489278,0.02821980900658192,-0.06058413746054395
E02006806,0.09760551537424804,0.12391091947301809,0.017391786049559637
E02006807,0.07791834126528578,0.019181862369892628,-0.0510712894023724
E02006808,0.09764025931001036,0.0026841579059412347,-0.02431712020627674
E02006809,-0.055517726193760886,0.14239446208383308,-0.13066220557024782
E02006810,0.09457885493601659,0.1194397712155152,0.0036033229010600677
E02006811,-0.31650281703095123,-0.020820164037151215,0.030781100081628186
E02006812,-0.29275772440080694,0.02456366900525601,-0.023009166618405106
E02006813,-0.1841368645894859,0.004729423308002111,-0.011885239562344344
E02006814,-0.14009275764618487,0.033111721525280094,-0.013234696902036804
E02006815,0.36458956429081907,0.27566520845951054,0.05757512651034553
E02006816,0.020001984093264317,0.1061951193972529,-0.003333489813326264
E02006817,0.15704462221611734,0.09451941131612733,0.03172118617301476
E02006818,0.17528365040672983,0.15059654726978453,0.0023661996057670665
E02006819,0.3696484313511252,0.23195463212894005,0.11416975114094746
E02006820,0.11692384540764474,0.08336598808529173,0.03444053888285995
E02006821,0.06709450694553479,-0.05732052427747375,-0.029984083523593715
E02006822,0.06062313504398036,0.026116549980033568,-0.014633331063923451
E02006823,-0.10915341361922097,-0.1033806432721093,-0.011337035792147874
E02006824,0.027075645043388653,-0.12608623547680312,-0.045907508588172365
E02006825,0.001703604584300106,-0.07298934740084029,-0.06411756315858966
E02006826,-0.02479674057931184,-0.11343220179103941,0.013625304859770915
E02006827,0.08042460817911733,0.050965205343358674,0.0982934869583388
E02006828,-0.027663861969288474,0.06134972197875761,0.03194005654297819
E02006829,0.005031754256970123,-0.022903311019544747,-0.04791940642448256
E02006830,0.08292985563358894,0.03924891869560329,0.030997360738930023
E02006831,0.030376404591745718,0.007770002853617932,0.00047820058607585253
E02006832,0.189999452034445,-0.1418970765706075,-0.006662234355536069
E02006833,-0.06801535467789907,-0.058150359696106456,0.011825653456220744
E02006834,0.28159582134932215,0.19430295698699257,0.06586058872745591
E02006835,0.10543222837837311,0.12050138142536884,0.03038447248190889
E02006836,-0.013421062603125065,-0.08442097122811645,0.03993930206117415
E02006837,0.006793783644330644,-0.10753516490127014,0.05807575919858342
E02006838,-0.0920488880482413,0.00838703806378187,-0.03032138203114972
E02006839,-0.15059724868706406,-0.0742873449504173,0.00343452907753207
E02006840,-0.054511070915731895,0.07820572512414467,-0.014618947788706892
E02006841,-0.3592160735379981,-0.09185490685923842,-0.06474956435815346
E02006842,-0.045996164141102115,0.14239399104934164,0.06806885573703884
E02006843,-0.23551161317878752,-0.05199698608014579,-0.07259514660709762
E02006844,-0.341095100703416,-0.22168000920793404,-8.621118023270469e-05
E02006845,0.034210432042433965,0.03638356367673987,0.010764311590305567
E02006846,0.0608157833771281,0.055192318224409835,-0.04815819183021485
E02006847,-0.005423998855562418,-0.06574165207540653,-0.03988013970906635
E02006848,-0.032528986490532555,-0.07461714440415154,-0.02956482731401594
E02006849,0.031191645328366328,-0.031433282066440575,-0.0028390034293942893
E02006850,0.11964370094388298,-0.020915369996433224,-0.11021843482673398
E02006851,-0.10837331655269476,-0.22101553501936244,-0.3212332413912478
E02006852,-0.0491984479998399,0.06595750858194865,-0.045995305565809205
E02006853,-0.16237246627962756,-0.2944626147208295,-0.01689937223553591
E02006854,-0.2376303850917984,-0.26966495690234826,0.021342470088321318
E02006855,-0.11580482904412805,-0.10905361168262101,-0.06596942324215425
E02006856,-0.052956754670977255,-0.14589926380309734,-0.09705352286190584
E02006857,0.0516154167865807,-0.013623203178514474,-0.04968575293766023
E02006858,-0.016823687201205577,-0.02652147768760316,-0.04776715900137059
E02006859,0.12601367900522453,-0.12064789878915869,-0.10957893351345449
E02006860,0.006244362541019002,0.28311790784135243,0.06922049818581415
E02006861,0.15036731583804272,0.13952893276653497,-0.04115375796814958
E02006862,0.09390470047103852,0.11790554974805748,-0.04540118073287205
E02006863,0.18509741669061913,0.07564070497637336,0.0026244315284599646
E02006864,-0.022619399254265482,0.07965111596623031,0.011295213515069399
E02006865,-0.07077804496615245,0.037484647753222154,0.012216309165109466
E02006866,-0.025353017720243367,0.08538665021687705,-0.015288297024941378
E02006867,-0.030282198478439364,-0.010125315700090232,-0.025482277055132063
E02006868,0.09261140755583792,0.11481771610209088,-0.08321132662692923
E02006869,0.012459860150888598,0.06174923363017049,0.025340702522754145
E02006870,-0.03814225461355959,0.11886818042091554,0.023013859625604875
E02006871,-0.14859990058256584,0.0740891944825145,0.006882070001922273
E02006872,-0.09081312386988809,0.14939793979257956,0.035263473115984725
E02006873,0.02739942614264409,-0.10558362173744207,-0.07440157643932385
E02006874,0.024805980468676877,-0.07246288392849323,0.0028639431878307903
E02006875,-0.04990785114984259,-0.12349809321684342,-0.01953942921650241
E02006876,0.21419837802640773,-0.3309720434542194,0.11934076248313664
E02006877,0.0780199562622082,0.027315843275380433,-0.03414775405604155
E02006878,0.05765215433395247,0.027940157499219645,0.020757742490307467
E02006879,0.20761732553278267,0.10796197582365412,0.010718619404430219
E02006880,0.10298845570336344,0.07167690504760858,-0.014085677384768609
E02006881,-0.1497970597949213,0.0867711182468402,0.026128581971069664
E02006882,0.01391244363880236,-0.2487580621196709,-0.02313062244304153
E02006883,-0.052984772842528276,-0.0864371626206484,-0.03213757185690249
E02006884,0.030681896171738096,0.2576928942075817,-0.004198413908956028
E02006885,-0.08373894298867447,-0.04947917014686012,-0.022014127368545307
E02006886,-0.10923875090095055,-0.1001929677522969,-0.011402419155461753
E02006887,0.14549474164922563,-0.1328829422719507,-0.049184317437535284
E02006888,0.5381771195315287,-0.0028825778499518913,0.004052550570208723
E02006889,0.5464557267032402,0.05629842913825726,0.03105260168368869
E02006890,0.489021881946573,-0.024297756407203542,0.061001150201935535
E02006891,-0.07977953650390242,0.07824304701136127,-0.015386813488341
E02006892,-0.2121866036695297,0.07888446348413607,-0.02314870196109107
E02006893,-0.20255402529176855,-0.09009997601905696,-0.018965985722704092
E02006894,0.062358036848601174,0.2827540446885664,0.09011169240293351
E02006895,0.22694585586991484,-0.17062888652367741,-0.1652704995872395
E02006896,0.162235422480421,-0.2041848705184689,-0.18192682919291078
E02006897,0.41713619733575164,-0.08363884077898734,0.07456682047463291
E02006898,0.08581212857788237,-0.1344428328884066,-0.06389204045482863
E02006899,0.14743915632626742,-0.17587841486773795,-0.10365427105150526
E02006900,-0.0026212511115626795,0.21475928455743593,-0.020953741740805148
E02006901,0.05723970615641492,0.13978575140468563,-0.038787717925688726
E02006902,0.1113200653489111,0.06376098454099634,-0.0076382275264249505
E02006903,0.0696099315589765,0.09857411559798265,-0.005359951527219776
E02006904,-0.08445063601584389,-0.04600135069519507,-0.08085229954434703
E02006905,0.3696737688812332,0.18477312525131145,0.0885063926886933
E02006906,0.029451484180023333,0.12715211446666644,-0.013531980538105868
E02006907,-0.11308881689613208,-0.13148327265567336,0.006638869005937374
E02006908,-0.07947428141320974,-0.06715876048174763,-0.021667441618886493
E02006909,-0.24660718718534982,0.05396835387120052,0.008458166766515557
E02006910,-0.36990485280125784,5.2548236053659576e-05,-0.0009279618775513416
E02006911,0.021633742876206202,0.04230440029116505,0.0031467326978030586
E02006912,0.13911982526625916,0.00548718630598237,-0.004053377780687069
E02006913,0.18542720727603698,-0.3460089563611414,0.022132637571752434
E02006914,0.05241056960134044,-0.13059639686540891,-0.07511331463482047
E02006915,0.21803274189845673,0.1617475062244475,-0.03545816088149272
E02006916,0.07208024937647386,-0.1107048947007025,-0.19082417557908588
E02006917,0.02139709095793378,0.04389846745343842,-0.06272034344938285
E02006918,0.17844756784767346,-0.3418172203795249,0.03495089115753941
E02006919,0.019734278511683384,0.07458186774119953,0.028646157117912793
E02006920,-0.01340358983988683,0.04649715202487834,0.01375226353521649
E02006921,0.3965902650665181,-0.17155892975187695,-0.07047676014652406
E02006922,0.1605464248294029,0.006339166017905314,-0.021107075944438874
E02006924,0.1343298473169229,-0.19107939655521008,-0.06300555183362126
E02006925,0.03086430538211633,-0.13760276359462495,-0.07862947523731302
E02006926,0.14616900201702873,0.014957026236100431,-0.1016785416254353
E02006927,0.1377903893065238,-0.2102189037948243,0.07364581852388283
E02006928,-0.11744752701574383,-0.30438651066739986,0.05484957254030479
E02006929,0.04107207815047307,-0.2004074206650871,0.043852868146581424
E02006930,-0.03709531387141954,-0.21487074952952553,0.006697316664451559
E02006931,-0.0929217682111097,-0.2471886562956992,0.04219006860933594
E02006932,-0.02365198617371095,-0.08087917456311933,-0.06764649696015833
E02006933,-0.18508477502355886,0.0007781798796349104,-0.10269605041799947
E02006934,-0.029668124675738303,-0.1302657510945588,-0.049356235983619955
