msoa11cd,f1,f2,f3
E02000001,-0.07390652469077526,-0.052080240761485666,0.06932776100533795
E02000002,-0.016453090641102085,0.02393650047936682,0.10594271484459734
E02000003,-0.08955498348289155,-0.020039684481814184,0.028125684059306374
E02000004,-0.09150888671699388,0.026008811297547552,0.042757756731772775
E02000005,-0.08931574601061418,0.03591663515141609,0.04861827134901027
E02000007,-0.11430693152364205,-0.09281642207339341,0.05260899893891169
E02000008,-0.12800369998339153,0.009446949061750719,0.025955084750385143
E02000009,-0.13683455640028175,0.010219240570954873,0.04990681964965407
E02000010,-0.11283894407686867,0.055953491563833675,0.009318395679880843
E02000011,-0.07930581066948393,0.13399560153667797,0.05509476065599051
E02000012,-0.10769526629996953,-0.09524373152749648,0.05449548278551821
E02000013,-0.11449817947826738,0.003021437161257717,0.01763465172844011
E02000014,-0.05647304312723118,0.08506623507793465,0.13165662891315866
E02000015,-0.1841916331083479,-0.07308295410006514,0.03736483255819881
E02000016,-0.046433973317437205,0.11301200084318042,0.2519829654602181
E02000017,-0.11549307516323777,0.000378602515047471,0.08059524595207766
E02000018,-0.12721937186680968,-0.06275329056601794,0.041589499192166056
E02000019,-0.08268506999089642,-0.07064478408304734,0.08622473971920235
E02000020,-0.1556737786773512,0.06079440122305379,0.05045361643193666
E02000021,-0.18814415855271716,0.05539400369964196,0.03553854770795238
E02000022,-0.08184683950068343,0.05441775442538647,0.008749315285439558
E02000023,-0.1705076170307954,0.020826471565309587,0.03051001384171525
E02000024,-0.12067346471078773,0.028688310928890945,-0.005161383161454994
E02000025,-0.090351707311001,-0.023432013895355784,0.023200500422719938
E02000026,-0.10499255052116276,-0.004044763282309487,0.02235396313782197
E02000027,-0.07923985923377637,0.025469218672757143,0.062028915766261086
E02000028,-0.05348036903216646,-0.055129008444376355,0.07872775745136205
E02000029,-0.13073147532519575,0.015537850041433906,0.0304316915188724
E02000030,-0.03480208504813104,0.00730857065729319,-0.024003433050938203
E02000031,-0.026727220107783424,-0.05637576613886245,0.04998025026681175
E02000032,-0.05314691594248849,-0.027134360067168493,0.06027130789688963
E02000033,-0.11460134670123026,0.019257435659852797,0.009650456584669818
E02000034,-0.09682500887193882,-0.03443760859124155,0.021383150184190413
E02000035,-0.12606311569392423,-0.0869495813288888,0.11476408132215749
E02000036,-0.09947030624590904,0.017912383461517904,0.05666453497468289
E02000037,-0.1107133209185157,-0.01981710268507363,0.031065104904026527
E02000038,-0.07586381040266912,0.07178295809044585,0.08098659095094676
E02000039,-0.09853095030238011,-0.04393547388231356,0.11392655798691222
E02000040,-0.05277903630259408,-0.01758706212815403,0.020722874422063293
E02000041,-0.06757578580533244,0.05810961492348712,0.024829292272329998
E02000042,-0.11446125800560115,-0.03235194725900732,0.10007233475106357
E02000043,-0.12403745933119792,0.014915022145663169,0.020598617605648403
E02000044,-0.08229402149664758,0.12752016908923897,-0.012627064332951085
E02000045,-0.085250582739537,0.047659954077028145,0.1318268987971981
E02000046,-0.1431897998126943,0.09682519640898518,-0.004221288860483313
E02000047,-0.09461050938238359,0.07718399302760352,0.04939043212006356
E02000048,-0.10801777883156397,0.06354607713089382,-0.0014041140737185744
E02000049,-0.2713700003285588,-0.158188515546493,-0.052714325783522364
E02000050,-0.1079667858938909,-0.029195308719454163,0.03206566770975524
E02000051,-0.0406925512314534,0.07519308916833248,0.11521087978164808
E02000052,-0.09742214539146658,0.07597019933701382,0.052338917394937526
E02000053,-0.07848541568703958,0.06020396364417598,0.11265975831269914
E02000054,0.008087421792532886,0.13114800669336704,0.07795403484624917
E02000055,-0.08822390894695152,0.10826595564882302,0.08400819496969138
E02000056,-0.08676456432747139,-0.08698035099819942,0.013376467654429179
E02000057,-0.061672851612598445,0.06759428778345947,0.11288356644589091
E02000058,-0.008687612399429894,0.055956935619541966,0.04212604740126327
E02000059,-0.01537238917289845,-0.06014029575634072,0.11766559889478409
E02000060,-0.10249640919963897,-0.19243024329790065,0.0011363117944102894
E02000061,-0.06653819237883499,-0.012492650363764504,-0.016275101049813712
E02000062,-0.1293870186267568,0.026121969352510772,0.034947569052809296
E02000063,-0.07080340384159246,0.06550623825367372,0.06890284361986737
E02000064,0.033528706834476216,0.11992763810680603,0.1539630941011147
E02000065,-0.03484896362774894,0.024317389351171746,0.074221078406832
E02000066,0.0004169383219006878,0.10730269910521695,0.22015239802018158
E02000067,-0.13705213249814008,0.00711633071675569,0.06341407131934526
E02000068,-0.10602251834211085,-0.07099560371433764,0.12800122835364358
E02000069,-0.14661852459682106,0.003058016993469274,-0.04202334238952141
E02000070,-0.09783731207202156,-0.0021401718160297288,0.08056595213660504
E02000071,-0.16577398457266732,-0.13722397145601956,0.04055189824573981
E02000072,-0.11308246525231382,-0.02631915355725962,0.07222917411088026
E02000073,-0.08829443916957029,0.018521764180741324,0.0741841363141942
E02000074,-0.1552407011712361,0.050133044599394515,0.04615927065535242
E02000075,-0.09334582064498037,-0.0027941931775750718,0.10749005775714678
E02000077,-0.10087107762443581,0.057938062408530014,0.07221180951947731
E02000078,-0.09311131914689517,0.027887290498410856,0.08670607218709832
E02000079,-0.0573892685077276,-4.070384254610744e-05,0.07339257525454389
E02000080,-0.07756745017616888,0.12922498449601308,0.04275256512050125
E02000081,-0.09383964343795038,0.019505850638143588,0.047838310263753785
E02000082,-0.11338647702911736,0.02304052194811336,0.07558355224087565
E02000083,-0.11488556712811553,0.0390715291465483,0.060895134009605716
E02000084,-0.09951215583114913,0.01606503873546678,0.04173879435309601
E02000085,-0.06266363678741603,-0.008974985057177651,0.03558587182504233
E02000086,-0.0851973626529155,-0.023871288077297912,0.05601056097373412
E02000087,-0.059987644446536696,-0.0010221496797275561,0.03467527493529201
E02000088,-0.08726803583770014,0.007880290703313383,0.002752103845867765
E02000089,-0.03289308571823959,0.05873624549944634,0.07223352939228943
E02000090,-0.07614512789186435,0.006590522471261871,0.03847733889746302
E02000091,-0.06935153529233447,0.01819273451783044,0.0622762157707739
E02000092,-0.1265239846553137,0.05748654553560654,-0.06713716667598033
E02000093,-0.05048474221705225,0.032708816566875853,0.10679348151422476
E02000094,-0.060386937927214335,0.047828094677412204,0.08366640577701648
E02000095,-0.01452047494604904,-0.0409078753804748,0.0832142651322926
E02000096,-0.13420681592886208,0.015374406988415027,-0.05075072359110666
E02000097,-0.18462652628982537,-0.00027064604295081053,-0.02393692591331522
E02000098,-0.06396046805495598,0.022759109966529807,0.1356896925965782
E02000099,-0.09706564866042712,0.0020077658146945747,0.08996473307181076
E02000100,-0.0009619778297306997,0.01654783262944291,0.09293095704497863
E02000101,-0.05289076320519569,-0.0676281519291244,0.10796818492089023
E02000102,-0.15971452752473686,-0.06488615695749234,0.07124165090864826
E02000103,-0.05620200753023999,0.051617620162309474,0.09881503692118158
E02000104,-0.1015774352966207,-0.1057496065819055,0.0837859589823057
E02000105,-0.18929121083516182,-0.002384936728599869,0.017978248869312635
E02000106,-0.05973994696251966,0.06779518295419323,0.13608087062890126
E02000107,-0.1017398148593699,0.031657429308377005,0.11314213257878097
E02000108,-0.047220201140052,-0.007283557178262328,0.11761533291140257
E02000109,0.015800121918459125,0.17450948054477428,0.12202623711507765
E02000110,-0.11350556169648288,0.05337869148625374,0.07258647411478736
E02000111,-0.08473055518626768,0.05058660701868041,0.06299068560764834
E02000112,-0.060366582161922464,0.07356460113398955,0.07697529847356535
E02000113,-0.09096836417351735,-0.3822133598372216,0.10481868038534409
E02000114,-0.2644737031936615,0.0337805457849984,0.012317267660649226
E02000115,-0.03708598645003384,0.09074341946198937,0.11002605250649455
E02000116,-0.11474491912880588,0.06739918102490182,0.12549642514942264
E02000117,-0.15503138884326917,0.06757579039553147,0.10787199438858115
E02000118,-0.12284089180045149,0.002999723507041765,0.0013972402758442297
E02000119,-0.12127595441808793,0.2064451546812678,-0.04845831881700017
E02000120,-0.11673746090029254,0.0550287801205367,0.07527859675959866
E02000121,-0.10759309424608568,0.11213997596406035,0.06256398441664114
E02000122,-0.21563946956498933,0.07811221359436153,-0.039747225654698244
E02000123,-0.12322087642130222,-0.06684362608634056,0.07477105404980099
E02000124,-0.12706529072839703,0.04124418091215185,-0.03331568487206583
E02000125,-0.0916769338766401,-0.08506537038489606,0.11235439129225411
E02000126,-0.16647224795105744,0.05910191556551209,0.01039097909271693
E02000127,-0.15578224741036137,0.056964577542867746,0.024780737333347888
E02000128,-0.12148623593096838,0.011333964205962745,0.01231640079000266
E02000130,-0.16863189357501598,0.010241005163021408,0.08553370713544534
E02000131,-0.17457319779562344,0.013621655859071307,0.021179201944803595
E02000132,-0.14375747158029953,0.041793676395130555,0.05062066082193058
E02000133,-0.028972888332010473,0.04518401509726798,0.029841371446869578
E02000134,-0.10517059806297041,0.08935422233037832,0.04931930525710313
E02000135,-0.15091380679202687,0.09671594318125976,0.08801889074777078
E02000136,0.06019890940896215,0.06912607482456548,0.21363291790592545
E02000137,-0.12812914748257093,-0.029245810349827147,0.03615881056589348
E02000138,-0.13550361529085952,0.0010681727241288737,0.03149267534868378
E02000139,-0.1328973658337203,0.0022792291557771635,0.05391151681933657
E02000140,-0.09378876401699765,0.016569279233874634,0.0560938721783684
E02000141,-0.16992224591142685,-0.014272703000199583,0.017820680041801856
E02000142,-0.055389971861487225,0.019602432535127508,0.07003966207322602
E02000144,-0.10157904523817872,0.01270130534203602,0.01880907852147591
E02000145,-0.1223047618155548,0.05638316431458018,0.05792458680210422
E02000146,-0.10668040045788377,0.04113350808325455,0.009656054431934133
E02000147,-0.07422155549668374,0.0109277047271969,0.04441163865670588
E02000148,-0.007011958617589309,0.07702907323493377,0.02082164230288723
E02000149,-0.09237999408917288,0.07801335642441398,0.016526633841888252
E02000150,-0.07787806223251734,0.0576903551418323,0.05592727398400746
E02000151,-0.06512684301857743,-0.030498473868155962,-0.024556348123981598
E02000152,-0.12090864438795806,0.03255075036409435,0.06000267550699091
E02000153,-0.10640330318210453,0.03987606375173978,0.00038298070214500153
E02000154,-0.10899674531568918,0.09046071353924126,0.05217038440865042
E02000155,-0.02655347637382256,-0.020152409448376388,0.02795688109181688
E02000156,-0.05907842186631087,-0.013787460740703453,0.02359908145728205
E02000157,-0.08978328250257836,-0.05424149814764035,0.06784878653383579
E02000158,-0.004031888976786495,-0.006995618289279856,0.09230676638119993
E02000159,-0.0798369271111832,-0.08703132719362396,-0.012685239877727407
E02000160,-0.12322705696013324,-0.050453367732073165,0.0168161513876129
E02000161,-0.06687957421891719,0.029157104083124583,0.02711266327044712
E02000162,-0.04815475911257953,-0.014311714619601762,0.10201228956543688
E02000163,-0.07904674227306682,0.013443999710002432,0.009892486728007403
E02000165,-0.07322934318739227,-0.03232053409021539,0.04623293728258959
E02000166,-0.04465779677039674,0.0003070455207307871,0.0953418735303566
E02000167,-0.08263600651591653,0.008395646084400353,-0.043195609143017184
E02000168,-0.13783358636905074,0.0030122744429376134,0.041457611389302686
E02000169,0.006978019023797231,0.025114498936302385,0.12699715096018896
E02000170,-0.1205379143895479,-0.010658326590622437,0.040316446742802985
E02000171,-0.07958174292594679,-0.06848389006579683,0.09246437488296484
E02000172,-0.2336197617855216,-0.24204951108484518,0.09150172424381742
E02000173,-0.004048954948664332,0.05241964572775391,-0.034848539307534794
E02000174,-0.13939562138840728,-0.05721538817969342,0.08000405322970602
E02000175,-0.1408236133348019,-0.04209916511396507,0.07482395466973504
E02000176,-0.05988846026548088,-0.005225395231763965,0.05782697859378881
E02000177,-0.1341475867878541,-0.013106142122348813,0.06354695061779347
E02000178,-0.07815002540123993,-0.004375959914308312,0.14091103766473764
E02000179,-0.045486788728528765,0.03661992649019692,0.03822848538178059
E02000180,-0.16992794493198365,-0.06023764011981416,0.10288167014734402
E02000181,-0.13135923750111603,-0.015684445099046228,0.0182421614964493
E02000182,-0.09033848263508241,0.05973672174112937,0.009877255320237999
E02000183,0.06649660163684172,0.0637901701162585,0.11558117425024157
E02000184,-0.15777976353546344,0.04554773371965356,0.11701788267462915
E02000185,-0.24946823914194233,-0.04048621675760473,0.008178640569874314
E02000186,0.14390578388513692,0.0004896836266429946,0.1998046705837444
E02000187,-0.02274020286738107,0.031170912266976443,0.20505480489611752
E02000188,-0.12282915419825349,-0.0351490731340777,0.2143958435896475
E02000189,-0.07812037155954632,0.34133567936102993,-0.08711164328320459
E02000190,-0.21950640942132185,-0.0643462476036587,-0.0321454090135978
E02000191,-0.02318134410612634,0.21022707898139492,0.003074155099243282
E02000192,-0.017512663207273762,0.04896225629654398,0.14802005722546377
E02000193,-0.025639602668582017,0.011205594100760241,0.01752797046772345
E02000194,-0.1783056371337313,0.01969713195191507,0.07001866889146632
E02000195,-0.12345097969852284,0.1256775842129244,0.04820578754587393
E02000196,-0.14951435468793717,0.05769422082667738,0.043760029486647076
E02000197,-0.14556966887945377,0.08573238442852554,0.07856712736597067
E02000198,-0.1568586434325856,0.09078150873158299,0.03945688949043762
E02000199,-0.16607803290823087,-0.006889053593755626,0.09431243481699325
E02000200,-0.15637679724829967,0.06535732374985519,0.1030034881663999
E02000201,-0.19546399039815562,0.16188686326308127,0.09807249684771789
E02000202,-0.10165568548818948,-0.01276100515100931,0.148925178473575
E02000203,-0.20889259683871794,0.0696237138878684,-0.054384828582641376
E02000204,-0.07740648475270903,0.015906454666880475,0.13328813975037532
E02000206,-0.08141765554218561,0.09986298627538916,0.1786094086170176
E02000207,-0.1528582076188683,0.08200658522810822,0.05941119081113804
E02000208,-0.15021831835135088,0.051016943561433416,0.03665327735076237
E02000209,-0.07235832876779304,-0.011267070989774794,0.13796420909084567
E02000210,-0.08986788381401417,-0.02340679133767042,0.12072996883178101
E02000211,-0.04826939643967824,0.0009543867285310871,0.058182078105985205
E02000212,-0.16935834904224,-0.023009232456266102,0.05511886075511858
E02000213,-0.20831952729472958,0.10895440545137038,0.12985896407776992
E02000214,-0.05324902095730105,0.06224018845588237,0.11152323733171046
E02000215,-0.18031460408470593,0.039039474135307985,0.06882519832054844
E02000216,-0.0963736403445453,-0.018687982017591392,0.14606486504486282
E02000217,-0.11012627018473192,0.08543486234578233,0.11166107972279067
E02000218,-0.05177137056174613,0.0015513750063507387,0.05093028053421805
E02000219,-0.0862882513111856,0.028781974267756513,0.03374213252612009
E02000220,-0.18749861900642914,-0.01544119180077197,0.10455577655887059
E02000221,-0.12039204863351843,-0.0017792379185568895,0.09853408944147173
E02000222,-0.14656288490827127,-0.0041202575960725026,0.04769159851739881
E02000223,-0.1986973563924715,0.04198175520033439,-0.0418372421564827
E02000224,-0.15313474820411596,0.08238864667978185,0.022743016096332863
E02000225,-0.053828286631021925,0.09273628971140885,0.13357483191409855
E02000226,-0.051725845818092066,0.035254853580976714,0.052441907155590654
E02000227,-0.11732402020365353,0.007390629741439964,0.06202550859305866
E02000228,-0.07305083666733936,0.09197243199921498,0.016340651548453967
E02000229,-0.14364865957626188,0.020335118144902214,0.031867154150367075
E02000230,-0.08970802661115786,0.05752908304393121,0.01232318862283531
E02000231,-0.10547991685562991,-0.009558692062015893,-0.0661060032893539
E02000232,-0.128544958970283,0.012666982899871023,-0.016411525665200356
E02000233,-0.08911283244329153,-0.01822084835817186,0.07974496955252344
E02000234,-0.083543107141021,0.04765071620402853,0.0412963287801934
E02000235,-0.1278970299380085,-0.03026132726492246,-0.04435875127244559
E02000236,-0.04647767768625139,-0.011176241615526043,0.044750800341319494
E02000237,-0.043391246703276536,-0.010023610274699828,0.031813532074206084
E02000238,-0.10820121678516094,0.00036699012201383017,0.062158282806095776
E02000239,-0.0933041032573639,-0.05107281096725345,0.028491555770490527
E02000240,-0.15334137942631393,0.006978142401342615,0.02558757671234413
E02000241,-0.08904239994436924,0.03621688091881716,0.05622915936590136
E02000242,-0.22049937719212878,-0.041308913786224484,-0.024201087249860944
E02000243,-0.15002030381404333,0.012186634137635575,0.04960449608679375
E02000244,-0.14050623489889386,-0.032060522005661736,0.06635366033011145
E02000245,-0.14750899873003065,0.055933696705788995,0.056916071299206956
E02000246,-0.0931132805012475,0.03424671996740597,0.11403250317019067
E02000247,-0.09742358576476808,-0.005585768954366272,0.01489119151283589
E02000248,-0.11083274417319926,0.03890543149739975,0.09436615799512685
E02000249,-0.07448108576345185,0.04297925067315927,0.08280751221962351
E02000250,-0.11348874748437843,0.024563903723521557,0.030013779253453773
E02000251,-0.10969908292475614,0.012665583555011824,0.025112133075356338
E02000252,-0.12303042091269073,-0.03781837827670296,0.06629755428392035
E02000253,-0.12616729345691322,0.012818977533485083,0.10830946824289484
E02000254,-0.16869551665668636,-0.04037533490565605,-0.0031339227665962525
E02000255,-0.13846757601239643,-0.002462829688783348,0.05282770615297057
E02000256,-0.14394662825098842,0.06855996307583627,0.05649093425352001
E02000257,-0.1754101986448804,0.009924803471520109,0.04505747216461353
E02000258,-0.15578885050353566,-0.017633276582231704,-0.03372645323382702
E02000259,-0.16701187887383429,-0.09248298999878932,0.014046444698561459
E02000260,-0.00717004934785492,-0.029777125211385303,0.05672417355993944
E02000261,-0.1678925416752004,-0.12313874938654508,0.09626868662007784
E02000262,-0.18384352741342835,0.13050638917207014,0.07300613362929662
E02000263,-0.04185519617339918,-0.00248666346492052,0.02113951406842977
E02000264,-0.1180596518424898,-0.06238006042804512,0.15186022620675912
E02000265,-0.17091246710633612,-0.013143156366279145,0.045166855885759326
E02000266,-0.19696422103007025,-0.05172047034981063,0.03977686973289912
E02000267,-0.13547505007457342,0.033244754099554,-0.0003777940009582564
E02000268,-0.09683145509786649,0.049147238634998446,0.07629700746532497
E02000269,-0.09333657150880714,0.016761618251110534,0.07337558057504509
E02000270,-0.15941006992060458,0.09719617530711808,0.11342308770438454
E02000271,-0.06063109287358311,0.11976638165549701,0.013938799170413007
E02000272,-0.08533055090570778,-0.028813287726836282,0.023873690290858608
E02000274,-0.03707404178320356,0.03870853217962588,0.1109312815112218
E02000275,-0.17698416424003197,0.043996383157984174,-0.1694219046755669
E02000276,-0.11291454530677139,0.013411879848532725,0.017321124791719135
E02000277,-0.08856019249445711,0.01621652704411267,0.008255053520834086
E02000278,-0.08318223106315613,0.0462922523650248,0.10299769582645403
E02000279,-0.10046968556336752,0.009639077947704867,0.05263701422535741
E02000280,-0.11065278034069141,0.01083033476218889,0.03415152703675427
E02000281,-0.061101679814918486,0.06122945784653145,0.11200204589760307
E02000282,-0.0917925393636353,0.05689631142752099,0.07134097620365963
E02000283,-0.07180551398844498,0.001510198505052368,0.09737728245250567
E02000284,-0.07597236408349187,0.01322657277551037,0.08067004766072963
E02000285,-0.16221595422774787,-0.053413377091544145,0.009764731309532225
E02000286,-0.1318997240202069,-0.013256935667755113,0.0546597486774714
E02000287,-0.07332473521064856,0.09541526301347508,0.0009763912450988029
E02000288,-0.012718241942766143,0.010174228592232734,0.12882701637153024
E02000289,-0.11379241481401002,0.04167423734858919,-0.04211425995568836
E02000290,-0.17943201475531978,0.06438312725488515,0.033237874701223184
E02000291,-0.15383597300357457,0.024014971208610427,0.03111079951745567
E02000292,-0.16020279691241474,-0.041036556686373855,0.018722334766776996
E02000293,-0.10862258769873216,-0.07856050824271034,0.03352240765080635
E02000294,-0.13159918233131895,0.07398137192749693,0.03357263307666339
E02000295,-0.0635024179258067,0.09399207111944326,0.06577737387589157
E02000296,-0.17143829039618338,0.008833182594064369,0.04401251673007685
E02000297,-0.03843176998748434,-0.038632995310280575,0.07085834215400527
E02000298,0.010613678569722182,-0.00034614253535405386,0.13069842010052093
E02000299,-0.14356622203180944,0.10977077970505184,0.03807873032794305
E02000300,-0.08565124396218683,0.07764888335223266,0.06210246878233556
E02000301,-0.09896701511208078,-0.013119809395033486,0.09702511120026217
E02000302,-0.1209526967277025,0.017068678937628378,-0.024925944359573814
E02000303,-0.11614116603066721,-0.03306751592919515,0.03422348383648557
E02000304,-0.10065950497774726,0.008930903501419537,0.03336289181321701
E02000305,-0.10604253753539115,0.08671378728421046,0.03244933930074506
E02000306,-0.06796093258422381,0.15437235812373984,0.18007618117863772
E02000307,-0.06447014704766929,-0.011001302914909776,0.06629924112813775
E02000308,-0.1357242269947265,-0.03343591346604251,0.06208051754738153
E02000309,-0.12344502288260334,0.08882036113246536,0.04726419074118019
E02000311,-0.12120095326127472,0.021122153733851092,0.07236170050689854
E02000312,-0.097667848828879,0.14872385719804956,0.07291413778784304
E02000313,-0.15856898010214535,-0.08545996380761478,0.05219433427896751
E02000314,-0.10653204163838065,-0.01614383633346803,0.06836015347981236
E02000315,-0.2235579450470553,0.018103376252663048,0.029111430543384626
E02000316,-0.09159358763097784,0.0794954050922741,0.07080012789838193
E02000317,-0.035908957651429534,-0.275926921322512,0.12048320450245738
E02000318,-0.1970842404758748,-0.03619188466979428,0.03656637048630512
E02000319,-0.21023359051456428,0.04268705177890811,0.04120960229581241
E02000320,-0.16418800601847716,0.05530056149450039,0.13603276914275014
E02000321,-0.17301733498512065,-0.05886075336320186,0.042967824942816715
E02000323,-0.14898365391695886,0.032504691657958475,0.1481518985573909
E02000324,-0.19026023815447288,0.017819560824888756,-0.03239151889561349
E02000326,-0.18846126215398779,-0.01402144006864461,0.06736218786143042
E02000327,-0.07938812761991071,-0.2923413236145344,0.16872061599443267
E02000328,-0.08430282407668557,0.0066758412302069465,0.06433013285675601
E02000329,-0.08847962108475238,0.037846291856886934,0.14248977693211287
E02000331,-0.1517141915806313,0.016587273682804705,0.03681139548156096
E02000332,-0.09660428076915606,-0.033640870172313604,0.1297276634691174
E02000333,-0.1228622253655736,0.02956038279216839,0.07463403358754385
E02000334,-0.014287306024233476,-0.0023300016078970504,0.19311624446367068
E02000335,-0.102559465628981,0.0874022266930473,0.06675056242562026
E02000337,-0.15640990035913688,0.030305454193370947,0.027564963364585686
E02000339,-0.09327012655108072,0.020456019661215182,0.12910834649666386
E02000340,-0.07668638722099383,0.06799465703349643,0.06684793317213338
E02000341,-0.14131934349146946,0.0514290510803398,0.0534386461415289
E02000342,-0.1422013926821953,0.023514724753199306,0.09232244821069546
E02000343,-0.1152322802606049,-0.0773492369426671,0.042009085568478106
E02000344,-0.17413177483530068,-0.06212722778160245,-0.03349789141913027
E02000345,-0.16811365476694282,0.4076520446075368,-0.035070556903797394
E02000346,-0.2526973657969853,0.060033790666539084,0.0042256425630328946
E02000347,-0.06116904697400576,-0.001623286214314089,0.08757964877049772
E02000348,-0.03625813728225958,0.10975030114718248,-0.08610114390520503
E02000350,-0.17343145265488047,-0.09000659441789616,0.07683792808790083
E02000351,-0.23176150618765387,-0.023639091511408396,-0.056452214291223185
E02000352,-0.059972960186923066,0.06434610847781567,0.07599249932028893
E02000353,-0.14419328975492354,0.02375384257800673,-0.014874434058543681
E02000354,-0.1866543547160627,-0.028262713504423755,0.04078390430945432
E02000355,-0.18875962682068964,0.01959839690818786,0.0417386219686566
E02000356,-0.13549701751107562,0.028556402317075683,0.038979707838679836
E02000357,-0.31671456303015094,-0.20086681846190627,0.00402414104466351
E02000358,-0.191665904286141,-0.15281314426432618,0.07218540798077606
E02000359,-0.10548789960692055,-0.04016296496830986,0.1589715297972821
E02000360,-0.10344961569023377,0.0967669305542255,0.16768579165852573
E02000361,-0.2666705966373078,-0.05989687013410695,-0.005143563985989109
E02000362,-0.12839863248191616,0.17726211654405052,0.05526141768929464
E02000363,-0.17945557307083443,-0.03876914978304158,0.15277601809171354
E02000364,-0.17718455597331914,-0.011579406057823101,0.017368287444362064
E02000365,-0.10315883750039373,-0.07854223294888968,0.09196833373688093
E02000366,-0.029837373486892967,0.1484288624528481,0.15340502179986673
E02000367,-0.12363048990861285,-0.06513085742785164,0.06082806478181594
E02000368,-0.2726810322590293,-0.062150438387212945,-0.01987498144334008
E02000369,-0.08472699650216148,-0.0030215212414483406,0.11896710824760681
E02000370,-0.10794889780693613,0.04494475894493312,-0.03943392242375304
E02000371,-0.14845798632107787,-0.18458185719607456,0.11795721428281407
E02000372,-0.1498151575570261,0.12182076504736761,0.037740433918986696
E02000373,-0.072448316557773,0.1001240101743462,0.034898027244552966
E02000374,-0.1734885475446704,0.06375696012909746,0.014443848987750191
E02000375,-0.21376372878261457,0.028311915922313892,-0.10254206090705642
E02000376,-0.11233276010603303,-0.08917563718543232,0.13102000922774754
E02000377,-0.08413328818310332,0.04316566018878779,0.040644046877101006
E02000378,-0.14544903127194356,0.05329755179583957,0.04727798524412118
E02000379,-0.15518498389910063,0.1503687346326038,0.08297683277941417
E02000380,-0.11728139176132141,-0.009314113491798543,0.019392022763125724
E02000381,-0.03033546776708506,0.05435774962008865,0.1283006668884149
E02000382,-0.17215240733869755,0.05774759419119543,0.03668236194154744
E02000383,-0.1721345823470372,-0.05465114939845303,0.005925870030673914
E02000384,-0.13540918521633444,0.1405230850221559,0.10288785630717558
E02000385,-0.16158606694492553,-0.07977855923916051,0.05441397888261851
E02000386,-0.10278259710397308,0.05303390032543518,0.152752907878875
E02000387,-0.10205040501420469,0.12370933631470969,0.03801826944676091
E02000388,-0.11396977099268887,-0.012447610492807444,0.0491488759024477
E02000389,-0.04880893054871905,-0.0376927288488062,0.14323041177321497
E02000390,-0.12248767321681277,-0.021504106946493087,0.003238497560909297
E02000391,-0.07051803319705319,0.04874564541573497,-0.010969015106741135
E02000392,-0.03452952257782159,0.044401126845468174,0.07234593081535193
E02000393,-0.09403269442381641,-0.01394223210907379,0.02114694796375399
E02000394,0.02880703204465493,0.364321706199593,0.058167180673959686
E02000395,-0.10297999681217242,-0.06608948591829417,-0.0020471206220658263
E02000396,-0.05236875186192555,0.015262284838394412,0.04035106665759516
E02000397,-0.18674269826198295,-0.061099970107802194,0.0485420535644981
E02000398,-0.20321487075097933,-0.07274715879067253,0.03573276607978147
E02000400,-0.1354978873201297,-0.025792065789247743,0.013518137923530486
E02000401,-0.0819808475218246,0.13247273229824963,0.08680178893839162
E02000402,-0.2243628290260645,-0.1613823287413143,-0.028513719504691275
E02000403,-0.1707522581958465,0.05680809846016793,0.07862320421918334
E02000404,-0.10692729721006142,0.039742453789935836,0.023434157146251813
E02000405,-0.11327688426029833,0.02676799576107426,0.05764866934398396
E02000406,-0.2071411542024454,0.04916305901777763,0.030924961868280334
E02000407,-0.10306716161164166,-0.040986407790884236,0.1774577094531887
E02000408,-0.1397189129650653,-0.04225344078037156,0.17229696046150134
E02000409,-0.423716155632316,0.20880161278274675,-0.19378443284685473
E02000410,-0.09976599151433299,0.08570760502300247,-0.024800892956150487
E02000411,-0.22149399380892157,-0.0480594665530354,0.16988825453309808
E02000412,-0.08575297647388881,0.026060266008969362,0.1035186124393311
E02000413,-0.10702555185003086,-0.06144851978873399,0.022761366389635163
E02000414,-0.25746761775577487,0.038073252398071286,0.027237070505996726
E02000415,-0.20256802212095057,0.08525278365826501,0.025766791815514844
E02000416,-0.17648066928959485,0.08182756842048791,0.03688587120341897
E02000417,-0.17267150755104357,-0.03936240901806177,-0.049448264295637465
E02000418,-0.06759678755606793,-0.012642684652649717,0.011705659455060746
E02000419,-0.09968836225871183,-0.0786057926821867,0.05763004079688077
E02000420,-0.3111308087591484,0.006046918550271517,-0.04022427036874005
E02000421,-0.31348637195878165,0.00606756231909382,0.07166024219402038
E02000422,-0.1105071639195612,-0.12583881244664497,0.0483388917873109
E02000423,-0.2499711238635185,-0.006579491997130379,0.025862086253746443
E02000424,-0.12640887324600883,-0.021781395107716126,-0.02762514026627012
E02000425,0.02400658196300968,-0.37921885661629884,0.17801848292431682
E02000426,-0.04080986452609657,-0.06260371168690912,0.06968116483818526
E02000427,-0.10881222806041557,0.027041396549860368,0.08378251846257577
E02000428,-0.11617299402326885,0.0790178220986478,0.1596952131688791
E02000429,-0.11041209751384613,0.09576684174926428,0.06397516640008527
E02000430,-0.12518485444508204,-0.07135528238433883,0.03252075929855926
E02000431,-0.21118217140032589,-0.0149125373468762,0.03640831476522327
E02000432,-0.06626318757452287,-0.04896798374504096,0.07289365626962063
E02000433,-0.023249494757129004,0.007163051812430502,0.11573794006271101
E02000434,-0.10203371754685472,0.01601975637885462,0.008268744111495132
E02000435,-0.06575091256109744,-0.02807844543561938,0.09819870550666943
E02000436,-0.023494617714638164,0.044163566567201044,0.06751165370946387
E02000437,-0.12116418732839565,0.0061328054155609085,0.05793573761769833
E02000438,-0.14669187504524367,-0.10135683150051153,0.0427523491961618
E02000439,-0.08445457182782912,-0.01488441981986357,0.09414117069079561
E02000440,-0.06086995551616792,0.030334133710967295,0.12274833413185784
E02000441,-0.09654873563568561,-0.006884505202411007,0.008244785887721044
E02000442,-0.12399608001466449,-0.028089976301029784,0.006732112006193661
E02000443,-0.1065516629173172,-0.06382870525608282,0.04955049286820994
E02000444,-0.033099613595513375,0.01518098013406376,0.13974410956826716
E02000445,-0.07264745563013025,0.010596532807608939,0.14163872595394103
E02000447,-0.08813869891079786,0.04091130937282135,0.0642336506561869
E02000448,-0.11788683400524799,-0.0034531545709190416,-0.015770178748912334
E02000449,-0.061473841766179045,0.11033894459256534,0.07091038282086397
E02000451,-0.06899735446546985,0.05345307437117024,0.06137038683326576
E02000452,-0.14992348895155994,0.05166689908751301,-0.0072476383484137916
E02000453,-0.1788398053239141,0.04972015500204831,0.06793524814508663
E02000454,-0.04221259593283218,0.028719432232759298,0.05826979058308861
E02000455,-0.17956923199965175,0.026746938340480364,0.00743934697728721
E02000456,-0.12023894872700006,0.01478823797003368,0.045402395689365466
E02000457,-0.06432658985916354,0.015783227862728004,0.04582676165946415
E02000459,-0.11226222155945469,0.0634386252128174,0.09435197949466995
E02000460,-0.045040705487951783,0.057691270794507137,0.07357374949269917
E02000461,-0.08579445725752623,-0.02461594235219451,0.12404015420558243
E02000462,-0.15820607190026056,-0.04624822245390981,0.06655486299881014
E02000463,-0.09498933482119558,0.03557237725500025,0.05836869255672812
E02000464,-0.08242359346243655,-0.09138705299665394,0.08275118710469405
E02000465,-0.13828952413876572,0.01306807576093553,0.015299970210362921
E02000466,-0.10980490529621174,0.05108325899788591,0.035047734657006745
E02000467,-0.1611933855634903,0.03487162219162325,0.04033462617471776
E02000468,-0.1032232625334684,0.06560800453637443,0.06984849172751943
E02000469,-0.09123133944000741,0.12315051087735782,0.07100767103772458
E02000470,-0.07516399576616196,0.03166443489397716,0.06915712363832596
E02000471,-0.07529724467676314,-0.0013115710424241103,-0.00396195175053429
E02000472,-0.11423838748727588,0.10740105765086505,-0.042642196229785254
E02000473,-0.13673035056694033,0.05525320095473853,-0.027199715024018176
E02000474,-0.03162432401424908,0.07119691879527204,0.08003678030502276
E02000475,-0.07122110719869036,0.028870604972545472,0.045565412026751524
E02000476,-0.07375911319811307,0.0019852498407965727,0.10946879823609701
E02000477,-0.06695962348018637,-0.024431204754288196,0.057971598827407766
E02000478,-0.026236865968443636,0.04993544967393755,0.0016405607213497788
E02000479,-0.08532489269079324,0.05446520142842724,0.06945572479031407
E02000480,-0.0710933905819339,-0.008640036725297255,0.06781135292292792
E02000481,-0.05376224603604107,-0.00612867855844501,0.0648082667466258
E02000482,-0.0702444860657322,0.017877520009180102,0.01639227167041719
E02000483,-0.06918649521834808,0.04345409193456862,0.01985089451673058
E02000484,-0.06587686214121752,-0.021125793778621435,0.07014996106126925
E02000485,-0.04759602260875431,0.012324509029760932,0.05820171940446741
E02000486,-0.09478534055577995,0.005316634261979966,0.005870609538127914
E02000487,-0.015793962755439157,0.09885845870765217,0.020928024490493066
E02000488,-0.0692204238614099,-0.043419766008584555,0.030398684419883602
E02000489,-0.09124857616676918,0.07776498292144354,-0.008325918365084053
E02000490,-0.12987761643304432,-0.007876785973085363,0.04457457377514878
E02000491,-0.05219321547260303,0.028284692878214023,0.0010266842156093443
E02000492,-0.09239626269639134,0.05671346268176739,-0.02069023364480261
E02000493,-0.15747822120037644,0.039621512247567346,-0.026641559073342043
E02000494,-0.07354594508502038,-0.023032871723116282,-0.016917151062188877
E02000495,-0.11605925961184943,-0.102601436709467,0.09078909322081902
E02000496,-0.0605595591339286,0.041494995611797814,0.006257445459339503
E02000497,-0.08278862385187122,-0.03441773376300423,0.06309265811267012
E02000498,-0.09419100569027633,0.04199469008280778,0.0772659109806123
E02000499,-0.12081205064889866,0.003858146025334898,0.02542733229487933
E02000500,-0.059303332262128985,-0.01052325988844315,0.051028667293489184
E02000501,-0.12672584187492061,0.0846470860571764,0.021310665284332075
E02000502,-0.0484119391771453,-0.029980284036384745,0.06023988012549514
E02000503,-0.1439299686238771,0.033456288211076775,0.028725907818246393
E02000504,-0.08892232824764842,-0.001160429436564404,0.031141495092270828
E02000506,0.0035068963942565096,-0.04271293830824688,0.0629217564915421
E02000507,-0.1200439468613758,0.09316714008359879,0.02261294642307738
E02000508,-0.027958977379952076,-0.05009814449909945,0.14168129576677516
E02000509,-0.10684145756673408,0.03756952660181047,0.042325167788613574
E02000510,-0.06384441678034039,0.04849740452369048,0.040324836679531816
E02000511,-0.06223735042246666,0.029170231154633807,0.042994185894441254
E02000512,-0.04371017720016539,0.10334261606140377,0.12626779676660535
E02000513,-0.04208278685737121,0.08295054710484001,0.158824892835095
E02000514,-0.10430243493652458,-0.02186405203059255,0.037512947814175954
E02000515,-0.14090099744468515,0.03492341363006287,0.04110619893823719
E02000516,-0.02961756463759072,0.02977255190014653,0.12340507098219058
E02000517,-0.08629381413362582,0.010594702256169621,0.06985410114299363
E02000518,-0.08510157772636313,-0.010000901960489106,0.07072472344267888
E02000519,-0.0437963944913953,-0.05612553203975745,0.114425376983586
E02000520,-0.017002673387332554,-0.005386685699304804,0.1168417494829122
E02000521,-0.1961457550064866,0.022459062267039472,-0.013867545863093534
E02000522,-0.10870519356361161,-0.0073048807852381424,0.033846184183884756
E02000523,-0.11748397081513026,-0.08947605072219503,0.042721252733019584
E02000524,-0.07185511809911618,0.12656451925650763,0.06567480677600779
E02000525,-0.057637269533486545,0.10240930811976115,0.04588093964378826
E02000526,-0.08016285860262197,-0.02279624166563611,0.0004593662146863737
E02000528,-0.10433961909446102,0.08998395420769023,0.12835976961227763
E02000529,-0.059631434493847904,-0.04620621241291512,0.018267159624932066
E02000530,-0.12541547754997073,0.07323127885456432,-0.037107330967618
E02000531,-0.11019286401247405,0.0020528659580645605,0.08777534520117876
E02000532,-0.13818241030497166,-0.0463217487495986,-0.026347545632827762
E02000533,-0.1375192460244232,0.013366547936902886,0.0814032406410398
E02000534,-0.08766389565246131,0.07240504854909072,0.09229175113915222
E02000535,-0.0079065484004826,0.05417871938296054,0.027471662162825056
E02000536,-0.09755631750492014,0.12137888779438917,-0.018751794902429956
E02000537,-0.186904965204261,0.05599676325521721,-0.025966402347755713
E02000538,-0.020376123856481774,-0.043566270737830516,0.07744507865145123
E02000539,-0.14595385873179667,-0.01798385935679026,0.03958874773152471
E02000540,-0.07512800013540519,-0.032488194688065714,0.12326807360713586
E02000541,-0.02099160412138774,0.21359921038220137,0.08020041841513421
E02000542,0.008956648452688972,0.044822140199696325,0.1247040616490787
E02000543,-0.08551019494901524,-0.024478429484910757,0.05563702750029191
E02000544,-0.11260936464365928,-0.0029863639098086908,0.005081189339133785
E02000545,-0.10740560026236516,-0.07116324521840031,0.06350761345237119
E02000546,-0.1558035469083327,-0.1036882439164418,0.009444325540688097
E02000547,-0.03601283368069101,0.06653713623936879,0.08122528881781763
E02000548,-0.08542366974162947,0.04593482325749375,0.05279856112806865
E02000549,-0.1233453109145129,-0.004848074718141899,0.06027495884750121
E02000550,-0.08013188771498787,0.052526116364219326,0.08976440988530425
E02000551,-0.08850256479371924,0.01403098892281366,0.01429774989081985
E02000552,-0.0957102561191131,0.06447189960306546,0.0443332711729045
E02000553,-0.04906687889310994,0.02931493582100226,0.0817094938805355
E02000554,-0.08514505328870375,0.11283988909057749,0.0715069140694347
E02000555,-0.14691948081000006,0.18239762919597452,-0.08724400611480065
E02000556,-0.18177561891819907,0.05861123212135807,0.07598664470349183
E02000557,-0.17604048661799893,-0.04589005478151849,0.0716728129509005
E02000558,-0.16681356561011976,-0.08336979801177494,0.06520945389597393
E02000559,-0.13584247983799796,-0.03479083928610484,0.028481960825399392
E02000560,-0.07962072021963493,0.051586789172147964,0.12944530640641663
E02000561,-0.12911664578232532,0.03220273529847355,0.05061354030442501
E02000562,-0.0799559676980429,0.09175390604531095,0.11935569586104508
E02000563,-0.09394614667138688,0.02180321742540323,0.06487944141291076
E02000564,-0.14531676425410678,0.0704448474886909,0.05041143566485168
E02000565,-0.10757254869070756,-0.009900886831832895,0.13677440441234853
E02000566,-0.0926475425882673,-0.015274892404054694,-0.006624978518784047
E02000567,-0.12037752762440435,0.02033771923424674,0.051759812108066
E02000568,-0.25326258153507486,-0.11090483080865661,0.012751370348179202
E02000569,-0.08724591573841697,0.04901212571509622,0.07149763921381058
E02000570,-0.04296887266864844,-0.05257067981426556,0.04231967872984537
E02000571,-0.13656276407874726,-0.08572715213802853,0.02409294003739636
E02000572,-0.186766772193381,0.16236370553608453,0.0933808936874577
E02000573,-0.14527478098435623,0.04903399396210752,-0.01790340431901982
E02000574,-0.0780358328416011,0.026580652864271626,0.10135969199624975
E02000575,-0.09070313175831153,0.07391866863341758,0.005536318129155104
E02000576,-0.05020106006709563,-0.008538879320320159,0.007218459452190805
E02000577,-0.15030292408203605,0.061212203309069735,0.0688153311102671
E02000578,-0.12136414839552892,0.2814820736701402,0.12267904130484067
E02000579,-0.06393905890354619,-0.18540506831952805,0.004551265446692771
E02000580,-0.045471424220387614,-0.02988875993089031,-0.04202873306151668
E02000581,-0.39373273791810315,-0.3036324840612437,-0.22861547501060717
E02000582,-0.06593695293275814,-0.07219035244273107,-0.014861046046585195
E02000583,0.006546349816375253,0.08104091332413087,0.0027014627786866984
E02000584,0.04199982733621663,-0.0530039963269584,-0.009534714069660735
E02000585,-0.07432385895403042,-0.046704451846020956,0.061877388245626996
E02000586,-0.04602303372004176,-0.2357934706844028,-0.051921515775624316
E02000587,0.010746377528426417,-0.056241970449760266,0.0820226645619622
E02000588,-0.4531655561515293,-0.4116380834166405,-0.9486838186209162
E02000589,-0.02866467470109942,0.04043699122700302,0.05044419467219339
E02000590,0.16289596205155324,0.9783601420592077,0.07891112019251038
E02000591,-0.03521171576704165,0.029604858964192075,0.028371355570606254
E02000592,0.25922798377871953,0.525374046242931,0.06710095597642078
E02000593,-0.004687034936337747,-0.060182833707682286,0.05484529317692742
E02000594,0.11519348870982389,0.12558314954443164,0.08076902447581942
E02000595,0.051883749280829984,0.025840789041350527,0.09973326232704671
E02000596,-0.04803305369064443,-0.07018511766016217,-0.023544201583064722
E02000597,-0.04631696809917606,0.06664044424843353,-0.041280621820055055
E02000598,-0.00291467831056117,-0.011423075679404999,0.05172784089946796
E02000599,0.050195727824345185,-0.09405375777180715,0.05188548322132861
E02000600,-0.030589994252087513,0.000268424257788103,0.10635171914302646
E02000601,-0.12495336695034216,0.035996546207186016,0.016552810296034906
E02000602,-0.07976804861059177,0.011208927571535719,0.08427248390907571
E02000603,-0.11685787411033936,-0.04863840523934297,0.004834434045017135
E02000604,-0.06350788690889612,0.039157473733730734,0.04569993268077583
E02000605,-0.1401329359713237,0.05791779752222562,-0.009246622160493514
E02000606,-0.10668560492508267,0.0268426039491842,0.09905566130682447
E02000607,-0.05997563574984648,-0.014875589162959956,0.08343412522520607
E02000608,-0.20796326243172264,0.09438229347235472,0.019994376474225247
E02000609,-0.11458058816354129,-0.01267020006543295,0.010635106133012653
E02000610,-0.13507511543944092,0.003844287192566064,0.05568071765536088
E02000611,-0.08903939186039526,-0.025465808074873766,-0.017470057551132068
E02000612,-0.12150615303613693,-0.04939717735420024,0.03361821601899616
E02000613,-0.08210602375711627,0.08498381867560559,0.0745534066716148
E02000614,-0.07690163953689776,0.0069259012789750895,0.0674343976308199
E02000615,-0.04179424973885846,0.06389472069627487,0.05876360486778504
E02000616,-0.051884293683574306,-0.030506738146720634,0.04981370107513059
E02000617,-0.021292323669734745,-0.0015172464798313002,0.07208198926418885
E02000619,-0.14648657607651094,0.013510272849209023,0.10604599735882228
E02000620,-0.16504939393946294,0.037377554991721296,0.08119027404203416
E02000621,-0.09780502263686944,-0.013458146589858605,0.06463704596269743
E02000622,-0.23183888487925364,-0.007062097896935538,0.03945778154163468
E02000623,-0.18082688712744194,0.006525751516528635,0.039797680430511385
E02000624,-0.10469446090590177,-0.013176478007751414,0.15224645198655695
E02000625,-0.24870745133979744,0.012192576298679515,0.1475091889306658
E02000626,-0.18195296673056843,-0.05609532293426766,0.0940202629851149
E02000627,-0.13391263073081416,0.027244796188150053,0.06390673902366877
E02000628,-0.10925097186297275,0.17006638993156453,0.034604884923397666
E02000629,-0.12107773246124849,0.022543193031442553,0.06265066255125039
E02000630,-0.09699138846741465,0.0010726351382521928,0.09913628519213447
E02000631,-0.13004095610568248,-0.0018014340818213038,0.18750605871271595
E02000632,-0.12847008293391105,0.0214531860281228,0.11919957377493587
E02000633,-0.20709451863883424,-0.1384813270722995,0.07305669555539857
E02000634,-0.09638112617201111,0.0213549534909843,0.01845630125837754
E02000635,-0.1822990652787845,0.08944670717633181,0.05955937142102243
E02000636,-0.14675478336360895,-0.04678822051629605,-0.0341402690682077
E02000637,-0.16844176157319066,0.026869708856226002,0.11285436820204137
E02000638,-0.18836412005253741,0.004903145464663807,0.07260990362562544
E02000639,-0.12234527232510498,-0.054031981779538406,0.11413321620587653
E02000640,-0.15142783164964282,-0.00996953323175868,0.011158004212394552
E02000641,-0.2554458888380288,0.042168729082256697,0.0010377908013578224
E02000642,-0.14523179683038348,-0.047138270745266456,0.061871035092590676
E02000643,-0.11227172714173857,0.11230325769008113,0.07855971861877484
E02000644,-0.15139484360812924,0.051286003802118764,0.09911261944044147
E02000645,-0.20537876113858808,0.0169863754704788,0.03882258739544759
E02000646,-0.22327657372490825,0.07653496589727155,0.08792141664161118
E02000647,-0.24881042900499462,0.04199361534686038,0.021985106728779142
E02000648,-0.13352398682882533,0.040897156650109324,0.19384194035292612
E02000649,-0.20177547337886598,0.0056983063868655094,0.09587930631647566
E02000650,-0.1303735917705027,-0.03370709851608548,0.1504013817411552
E02000651,-0.19020544480387572,0.0034428464973362,0.10636194855567226
E02000652,-0.19312019943209222,0.04708490589813566,0.048481490132639644
E02000653,-0.22533084825769648,0.07129447752257415,0.11697408501458435
E02000654,-0.19992994235348865,0.0230000144705014,-0.08164678293325822
E02000655,-0.2063712959635393,-0.0554497377098786,0.0735933165788551
E02000657,-0.09652737226133562,-0.13481552158240023,0.18768736016416168
E02000658,-0.1296872369505401,0.013917486937937748,0.04015687554158057
E02000659,-0.13624246937789758,0.01606175741141402,0.055763340936568984
E02000660,-0.18022468325497334,0.03573175055605229,0.08237798234416195
E02000661,-0.10472021174983204,-0.09740944545152563,0.044657941295766605
E02000662,-0.2413252189897317,0.028901237955753126,-0.010629660540852036
E02000663,-0.12099475290316679,-0.021812470912690448,0.09599237051940163
E02000664,-0.20128705374730466,-0.06606336784837942,0.168743221736412
E02000665,-0.13518245881787466,0.1032997108044944,0.05999745394056873
E02000666,-0.22739338032149994,0.0013762562857238861,0.023291706032693295
E02000667,-0.18535498554688576,0.01898524061836144,0.054613897164977936
E02000668,-0.17450779026192179,0.03509954038245215,0.08664188536413593
E02000669,-0.15880571146369404,0.06929395040670495,0.08531662037677064
E02000670,-0.20584660743705105,-0.00955456574202368,0.08609128572102909
E02000671,-0.23083556363692015,0.06298637323973327,-0.012144380844493301
E02000672,-0.2157120927299408,-0.03934204849937832,0.07938599521181582
E02000673,-0.13050326494316453,0.003131402128834666,0.12249517200229716
E02000674,-0.17083409861527216,0.002718916801001468,0.0459320213892377
E02000675,-0.13487802091242745,0.057573248159469126,0.05925963709923826
E02000676,-0.1533424402683059,0.0564873669383255,0.04965516539366854
E02000677,-0.1713747443235366,0.04738849244427266,0.06130063438564077
E02000678,-0.17262438363193278,-0.0004408899192830433,0.04233909380431113
E02000679,-0.211403756623623,0.07424968868842623,0.05137894395223611
E02000680,-0.18047769605028266,0.03850151465941293,0.11280880623798024
E02000681,-0.1446363610036694,0.06850589602780355,0.08794019896133838
E02000682,-0.08814896184154611,0.09762950792391842,0.08246870489390108
E02000683,-0.12749420360369962,-0.06984922837519421,0.056011081779688485
E02000685,-0.19578413242750312,-0.07824266334419808,0.026445053413199342
E02000686,-0.16762243082047204,0.0107549182599128,0.078932678771749
E02000687,-0.19167135539562405,0.05206531199523265,0.039296458380959035
E02000689,-0.10560142925011265,-0.00030819179753486484,0.0643100382070389
E02000690,0.0813095574714184,-0.02626608580612985,0.12643232089198106
E02000691,-0.08209959487453952,0.1221642174612502,0.03771556895778445
E02000692,-0.1427888402801856,-0.04132435154123068,0.034530060625890625
E02000693,-0.209908816202033,-0.0029223208156253654,0.05568070843313445
E02000694,-0.09592356381408713,0.03398257862378753,0.01682522759751413
E02000695,-0.20617541956697338,-0.03430259478185719,0.008067457404688417
E02000696,-0.16026706151829603,-0.00558840324572075,0.05936552006125546
E02000697,-0.1254887027038411,0.004343521401089735,0.05121642160076994
E02000698,-0.025184764574823233,0.0462001347531128,0.033912692530397234
E02000699,-0.12030420329065146,0.04595955773392305,0.06150097239224527
E02000700,-0.16769884033155366,-0.03810357444468868,0.14367551350201477
E02000701,-0.15054589204693627,0.043944685857475144,0.011067473260102224
E02000702,-0.10467987746618705,-0.0023552205441140285,0.06856961540260192
E02000703,-0.14987900503635976,0.029733871511043238,-0.07536543722013017
E02000704,-0.15994087288736944,0.01649889989128248,0.039781624884504194
E02000705,-0.18536870434147953,0.09088794873485445,0.010420837097030575
E02000706,-0.04758651613604533,0.05458229885599548,0.0854288043204316
E02000707,-0.03293011814939468,-0.011939191731636668,0.05355166856323267
E02000708,-0.09286893882535195,0.098439023777768,0.03359961581574978
E02000709,-0.1172050380550136,-0.008600574493748878,0.016880372726089235
E02000710,-0.08998598741236247,0.05667285886655286,0.05527143171887775
E02000711,-0.17148348837569885,0.022307307290497732,0.03717994853911487
E02000712,-0.14261753987962553,-0.015378024414664222,0.03485099462046118
E02000713,-0.11542352873918407,-0.042399707836254935,0.03427021797971776
E02000714,-0.23323020493142538,-0.040613136482301,0.09527020147981802
E02000715,-0.14280441548509926,-0.15447274593202553,0.07361232757437489
E02000716,-0.17761983356734318,-0.035107438436549274,0.02306967334866468
E02000717,-0.16514643477898083,0.04927401746967505,0.11772956235951516
E02000718,-0.1813237941702434,-0.0018621752141592094,0.004566740879182453
E02000719,-0.13121407855233916,-0.001439423309346126,0.05364615420936644
E02000720,-0.19354672956660884,0.10318991608160011,0.09203078690108009
E02000721,-0.19215280763990727,0.1494812709837356,0.03795950314927076
E02000722,-0.1532083648401543,0.14127029301057747,0.052105256571759705
E02000723,-0.09383781956273352,0.0027076070802754975,0.15680079102785155
E02000724,-0.14364689350050086,-0.04926789631760596,0.02721421485729736
E02000725,-0.0915510355036478,-0.049670180564148084,0.15931714462474916
E02000726,-0.15859664302170443,-0.0356334599759244,0.02803437163503305
E02000727,-0.19878356734007516,-0.09469320483341565,-0.05381350655449043
E02000728,-0.05834554177393236,0.020501216336119527,0.1952459682294265
E02000729,-0.22361318644122477,0.039594356281127494,0.012619279331958062
E02000730,-0.23198333136815502,-0.10593823410650795,-0.023309911572851765
E02000731,-0.18966185687178153,0.046133806762262065,-0.06803335334295589
E02000732,0.057878796663070366,0.28508457301538215,0.23438062396047055
E02000733,-0.27206306782847856,-0.07486122188578924,-0.07008261265188552
E02000734,-0.1646441637735109,0.0321990272412045,0.11130304744982408
E02000735,-0.0962205690845713,-0.0629154550385365,0.11262670019951446
E02000736,-0.08264573293579736,0.08470761604569285,0.07960934420370588
E02000737,-0.12542896910986973,-0.017825153294653274,0.011221581111567881
E02000738,-0.07940453187434021,-0.000625066067872024,0.06612706373589161
E02000739,-0.3125527868166462,0.01435600759940284,0.046489813270211774
E02000740,-0.12402947953198434,-0.068015853014911,0.10655198084566452
E02000741,-0.20704693514181124,0.03567513911386667,0.07724052015175198
E02000742,-0.08320541888323583,0.04330726626177417,0.036766163093199085
E02000743,-0.2074514127164796,-0.04930706105968031,0.009958973111656423
E02000744,-0.1351608339914896,0.044601495698957924,0.15526584975605776
E02000745,-0.11165070535682564,0.07951216950356427,0.08948902829120671
E02000746,-0.09048760157430588,0.0866742693132064,0.040171902012963126
E02000747,-0.10990041131490356,0.07217175614602164,0.08078293327062079
E02000748,-0.1156119279972824,0.0926882077001086,-0.022427441451783835
E02000749,-0.12011100518696502,0.10785296867923116,0.10737258172885564
E02000750,-0.10589161479339639,0.03762595956501439,0.0022759873703301686
E02000751,-0.05279863444914294,0.028834500241028068,0.0637098873697359
E02000752,-0.12831065630741004,0.0487222016233412,0.02121752220740363
E02000753,-0.12690398264669894,-0.013925702690639887,-0.025342557104726767
E02000754,-0.12123434721753712,0.016830561522088207,0.013456103863117156
E02000755,-0.0949635571726436,0.033684428263591026,-0.01655729376921324
E02000756,-0.12331405822917757,-0.013188140944172439,0.01577622836328014
E02000757,-0.087207823111031,0.0903051726738841,0.09874066921168669
E02000758,-0.05821991291557462,0.035278719313868334,0.106134859758276
E02000759,-0.14127087910289265,-0.02142451029772359,-0.012484245334183885
E02000760,-0.08642685080853955,-0.06687071991846405,0.01215542576059995
E02000762,-0.006764404072374716,0.06770058773697489,0.12002521813931655
E02000763,-0.1289769125513559,-0.052714355922276045,0.08569784711218859
E02000764,-0.1126035531303857,-0.045493258036509054,0.052299159416518456
E02000765,-0.019922327708555187,-0.05614930102672684,0.09797012043242251
E02000767,-0.052250674659952964,0.08209588696187145,0.039700654790039154
E02000768,-0.131121873596067,-0.026579273034553173,0.041514453594359936
E02000769,-0.08365438312734147,0.05713362635492501,0.04621876861625105
E02000770,-0.24226055206596278,-0.09385739651877431,-0.12599481849071678
E02000772,-0.03274304593421538,0.04301976380494953,0.06719881238420143
E02000773,-0.08482671133108774,0.002563483009638658,0.027699272375246806
E02000774,-0.16657902974189134,-0.0691503978887162,-0.035158512245040185
E02000776,-0.04476860994846083,0.05529201190596296,0.07911857456569493
E02000777,-0.04202820938643645,0.02516060498154958,0.06939196342029702
E02000779,-0.1480426243475814,-0.06764137623511922,0.13326699228295302
E02000780,-0.042659777670657324,0.005747618519829529,0.13262643809364905
E02000781,-0.047898954683384135,0.0467664870724216,0.08310250169335147
E02000782,-0.17452185481705146,0.0790614627551859,-0.001923027416799289
E02000783,-0.06361862606398111,0.10010022925965337,0.11017702222100444
E02000784,-0.09497872548153,0.03307973115536599,0.064880727120062
E02000785,-0.07924283651982861,-4.888547666247163e-05,0.03149593603827888
E02000786,-0.08137035282150898,-0.05017738255635648,-0.012825964100303268
E02000787,-0.10338783537091842,0.061436809058486336,0.04321989728994105
E02000788,-0.03210746427365128,0.04197460340640124,0.030503453296940274
E02000789,-0.095855847945716,0.008598656754782951,0.05121611445271073
E02000790,-0.11880335791777627,0.08952227350404947,-0.0058961613323544985
E02000791,-0.10187876127969332,-0.038030969016107585,0.02318161378936046
E02000792,-0.09447481353078815,0.03509349019342828,0.06459403873940237
E02000793,-0.1183403578050889,-0.0025546604285326987,0.010806776202280956
E02000794,-0.12662150833026525,0.03968668171443642,0.051761310293345915
E02000795,-0.008815505628061484,-0.01984680860374605,0.04139751035817585
E02000796,-0.06952797718752843,0.09318433477761354,0.06663988744420483
E02000797,-0.08835450035193869,0.0021532201577075874,0.055604871205269815
E02000798,-0.045506638226191616,-0.015399886109592045,0.08931461056850619
E02000799,-0.1264408195709422,0.028952565273137564,-0.0067940166192760896
E02000800,-0.02036374674227879,0.09775567909998195,0.14712418072215286
E02000801,-0.0704437727909214,-0.029453816644623577,0.02763030474721948
E02000802,-0.0803984347617218,-0.025275518605339272,0.02130021371882357
E02000803,-0.08253305262135222,-0.03425884107672845,0.00038817486845240355
E02000804,-0.09955103545049525,0.013492873762997066,0.006085666236450689
E02000805,-0.10857673258053274,-0.026649782859625725,0.05770017701359422
E02000806,-0.12166521712893844,-0.02956314092184296,0.008348531228210648
E02000807,-0.11986726174981366,-0.0301809429132527,0.1354841002133885
E02000808,-0.1527020220165869,0.018066655239047658,0.06322197687104841
E02000809,-0.10497587096336618,0.12839294933301468,0.06588398476724501
E02000810,-0.1268587728093657,-0.039399338312090096,0.06040178894317747
E02000812,-0.10628433868430985,0.18941309179287463,0.0630910579131083
E02000813,-0.07853849112078656,-0.22231617285548894,0.33508470434643134
E02000814,-0.11498966202606441,0.023213209500582706,0.08206152283537758
E02000815,-0.03516045506010839,-0.03536354776799588,-0.00019269106560695283
E02000816,-0.19409858769461197,0.16385322109984277,-0.02121590716117457
E02000817,-0.1229382401181768,-0.23500137470637897,0.19411174112009413
E02000818,-0.09011863236155321,-0.05375730272881693,0.1000357975839593
E02000819,-0.11704599639724837,0.10292277921357042,0.08662415836738047
E02000820,-0.1823126112286667,-0.00958934463074275,0.01411522278614357
E02000821,-0.2911776121588241,-0.07295806908882761,0.1910711829945059
E02000822,-0.17016831625054626,-0.011556657147907419,0.19635531953030957
E02000823,-0.13643706737559153,0.0883520889084673,0.10466675418811738
E02000824,-0.17198184240030687,0.03613405897919548,0.005579630349027292
E02000825,-0.29024116950620815,-0.10215162958228745,-0.10192646153658187
E02000826,-0.059422371002818365,-0.017398923096639277,0.19690714198370504
E02000827,-0.24783071669634313,0.03550229781827591,-0.04283760444688569
E02000828,-0.13705441585050873,-0.000657168070584126,0.1307789751898482
E02000829,-0.14112113341482893,0.03406746567050101,0.11844808886060988
E02000830,-0.06033709429579843,0.08658937251791657,0.18191392449064173
E02000831,-0.10476795146723959,0.09343028979569513,0.14439013274888193
E02000832,-0.08289876412711042,0.020133872888927304,0.06394109287815565
E02000833,-0.21317088801710077,0.04513541404608406,0.0010351678888484968
E02000834,-0.09622758339655166,0.012450924755835946,0.07895520767685382
E02000835,-0.11624800113914376,-0.014437021597743193,0.13541106995211766
E02000836,-0.15304286603567352,-0.04996692733939721,0.028484668809219932
E02000837,-0.06315324674924432,-0.034960523729551655,0.06269608593459097
E02000838,-0.1341103662816382,0.06821642010376563,0.0717254683845776
E02000839,-0.1696268910112403,0.09234659415128081,0.026565882936268666
E02000840,-0.07001180618401584,0.020311971856408113,0.05677246259317834
E02000841,-0.11513456960866669,0.008223497724281928,0.021603264435324426
E02000842,-0.016269650152747353,0.013149000294923408,0.11163111553526275
E02000843,-0.11320033820078573,-0.04068104149642521,0.07097042476702481
E02000844,-0.09840399363795907,0.038356855660712216,0.04000755751229935
E02000845,-0.11704686582227845,0.014303316873693019,0.022631615234936536
E02000846,-0.05870608169318685,0.013428868384495217,0.08757357935531727
E02000847,-0.07763847265502427,-0.03157286271164941,0.05991472001936892
E02000848,-0.10473065505595566,0.01897239770997648,0.017478358226948328
E02000849,-0.17401947162126635,-0.020370871074624167,-0.004316535699233361
E02000850,-0.08007485816823272,0.011722157049672116,0.05940678992006834
E02000851,-0.09330733575759702,-0.022599984929501837,0.0937294723675348
E02000852,-0.07366143145262274,-0.006235124138713763,0.026464270098010296
E02000853,-0.1040886152853321,0.03985884422121686,0.05694103283466704
E02000854,-0.11886266989886488,-0.04400800326493807,0.02335996025865657
E02000855,-0.06614622509573177,0.007963060232694896,0.056162423126217734
E02000856,-0.07009360118281634,0.03312420989084651,0.049702826710982445
E02000857,-0.11983062586247006,0.006113918678960371,0.07234908706111388
E02000858,-0.08658067433734834,0.06708760803104832,0.07237830185956312
E02000859,-0.12425802123466144,-0.053898125309556476,-0.0075700670097765006
E02000860,-0.10415999251056324,0.028135229739699848,0.05393536849303743
E02000861,-0.047592460840664645,-0.06429583860881513,0.06629524533877898
E02000863,-0.09839177918734854,-0.03577109542293024,-0.07566341990334947
E02000864,-0.17175648532079468,-0.06175433754692889,0.05166063926080069
E02000865,-0.2911650600400151,0.0610767696860783,-0.06441309467207917
E02000866,-0.10007136152655549,-0.022721327173910236,0.11596354126502553
E02000867,-0.10413323882951911,-0.07810372513328545,0.08132120691405983
E02000868,-0.05287973826327077,0.05585033225980881,0.12474121607784391
E02000869,-0.07411238840083134,0.22531883278090142,0.09588236944339415
E02000870,-0.1730003268993467,-0.07250386312310315,0.07946953527930802
E02000871,-0.19696592683914882,-0.025445533545673256,0.08075654865270046
E02000872,-0.1829321606483852,0.06123352456346375,0.09639841548321763
E02000873,-0.09911140691209722,-0.07317855567837328,0.03464071948985118
E02000874,-0.151439591041638,0.07969204135920725,-0.04299315746393101
E02000875,-0.24548363496321474,0.0565083621183989,0.01707501613626478
E02000876,-0.14641896576758687,-0.05225297732933176,0.01386964083917257
E02000877,-0.29438894666411025,0.13407455127398266,-0.09218209580904052
E02000878,-0.1347999420859503,0.04682439605142767,0.13222995575536003
E02000879,-0.20176629742027802,-0.28266243796205726,0.03655276225581484
E02000880,-0.13158303380436043,0.13548469695498574,0.1151920629609596
E02000881,-0.18169070887183603,-0.051574048221143885,0.1424035515943649
E02000882,-0.12182650147905112,-0.03186603770465097,-0.02502693221456056
E02000883,-0.18588776615920174,0.22294652628076195,0.04644823352821246
E02000884,-0.07867399504885914,0.0526551594973029,0.11267812938669536
E02000885,-0.07563228477094809,-0.34329825935522845,0.06464121952854865
E02000886,-0.14320484666517191,0.027502165812150474,0.018987546891236842
E02000887,-0.2870585373701317,-0.09055513615845284,0.08973941817646808
E02000888,-0.1467800213732326,-0.04916394783758193,0.07274369590884239
E02000889,-0.09704200063908312,0.06545839242673958,0.08762882190777137
E02000890,-0.21652498933812284,-0.05693589267035304,0.05925839408683255
E02000891,-0.10608918335549722,0.06658597524391872,0.0823337603348078
E02000893,-0.14988107833295522,0.042644486681681894,0.024925681606646877
E02000894,-0.11835655129515087,0.03130643238771257,0.05418289839147381
E02000895,-0.05310939674317138,0.08250367881510563,0.023097310284218464
E02000896,-0.10640978113071285,0.023548647611189952,0.06198290491113645
E02000897,-0.12290878745820509,-0.019837263603568075,0.012995487327893794
E02000898,-0.08353956497969088,-0.011650992928055524,0.08982613354746989
E02000899,-0.1426206424549027,-0.04771810249787652,0.011895348226269944
E02000900,-0.05407577540595018,0.00239137304393704,0.05411541765740113
E02000901,-0.10337371423639045,0.0011507741840305504,0.09093468885409073
E02000902,-0.1652207412247939,0.09593422018226469,0.018954273622434886
E02000903,-0.173715956284699,-0.08110835564553856,0.1087658613969273
E02000904,-0.09716905070146697,-0.0027795853885787115,0.16729431541229078
E02000905,-0.22239888636805755,-0.00753423827599951,0.05830555140659343
E02000906,-0.1906901919540474,0.03214071704315363,0.121519812264816
E02000907,-0.16584540576294649,-0.028439410849203386,0.08534467832232867
E02000908,-0.17126083806408393,-0.005865407635509371,0.1673609951995832
E02000909,-0.1366119801479985,0.05520868260176708,0.07873106853743932
E02000910,-0.16473652707929876,-0.054635269369109986,0.18535303217605537
E02000911,-0.24423560007316159,0.06531611101287671,0.07217425326381488
E02000912,-0.2695103826375118,0.031624593300468934,-0.017828397503714583
E02000913,-0.1399446649741104,-0.006422158031127166,0.06701898311292796
E02000914,-0.2605531453765955,0.17104067511528548,0.10731360598858453
E02000915,-0.16577168367943199,0.09230382800969097,0.00429301638258153
E02000916,-0.20960537178019056,0.0874897673647806,0.06239935488064492
E02000917,-0.24911843010538498,0.08613516390538095,0.02795502317561681
E02000918,-0.17747548081452721,0.005227087675423036,0.11980069505602875
E02000919,-0.20913319655049167,0.1238064025130944,0.06163744221472422
E02000920,-0.30211616441115596,0.04124533232238028,-0.02465858866530944
E02000921,-0.27702483869048705,0.12349513817768436,-0.012153530760447106
E02000922,-0.21909682721836124,-0.05318286790027832,0.012797823535296071
E02000923,-0.1464582725894556,-0.1314310683963646,0.03974278338105833
E02000924,-0.17362684865657013,-0.0733517699340368,0.08656848423326866
E02000925,-0.11240102448552229,0.05187911408782129,0.10627206673242591
E02000926,-0.10316256784608287,-0.014859995697231265,0.07871956332364255
E02000927,-0.07285263734884063,-0.08371562944773896,0.12494098927543963
E02000928,-0.08807086097218245,-0.10218710807460116,0.03493669485565553
E02000929,-0.1660644918142964,-0.10524042807410032,0.09393466053807023
E02000930,-0.05696530102044285,0.0792009356004853,0.093980487453996
E02000931,-0.09248208376455054,-0.002236953532137169,-0.010003384428592409
E02000932,-0.0834337362127299,0.014461987913895073,0.0687552008370526
E02000933,-0.11689011268072327,0.028966231201150213,0.10343132353083949
E02000934,-0.11991986067906325,0.08466910901009281,0.06915922324303093
E02000935,-0.29250142026314135,-0.4129912994326584,-0.09326401205554602
E02000936,-0.1365235115414692,-0.05039520036550556,0.01551918083998629
E02000937,-0.06016497735477091,0.02262799917126199,0.030489512741303005
E02000938,-0.08218947220233473,0.002839938054088393,0.17030673373438068
E02000939,-0.0611501451950617,0.07921463630850188,-0.031693489206781764
E02000940,-0.11595104304182301,-0.04891981133338225,0.08534714568410276
E02000941,-0.1325598666972772,0.021191424180846994,0.04039116894033222
E02000942,-0.08787361052050223,-0.01383494068074672,0.024979805793639454
E02000943,-0.08638454542970848,0.017230495815565166,0.042313768855046015
E02000944,-0.2380390136419377,0.0036602946917495575,-0.012328836954819507
E02000945,-0.19140886162117074,-0.18084213415921094,0.0256389840775411
E02000946,-0.1696404776068419,0.06167363295907756,0.020213101162839836
E02000947,-0.08124359045645684,-0.014501652911111043,0.029341419875222437
E02000948,-0.12633893704765267,0.00979834402771932,0.0633443405060311
E02000949,-0.05914849511351032,0.022871016938024694,0.09143488459007651
E02000950,-0.11711958429141903,-0.024036409443941215,0.10009435008996842
E02000951,-0.09538032360585617,0.002979056895773207,0.10455563323460065
E02000952,-0.0823352751753011,0.0403892819488558,0.08658144408323051
E02000953,-0.08985074602859523,-0.02087124538974537,0.035383103751773906
E02000954,-0.1513722917434395,0.033462604595967865,0.04417097395090826
E02000955,-0.1859632774656742,-0.024042938444047524,0.11110453714474665
E02000956,-0.23666383810626568,-0.06302551342454468,0.05608347585824103
E02000957,-0.15147043102306523,0.08025080157284933,0.11790520106990474
E02000958,-0.1417090449664216,0.020715481072542112,0.07592556489926346
E02000959,-0.21011102920359723,-0.05231814250859224,-0.016180167069629863
E02000960,0.026865307651854763,0.05924232454465468,0.10212392963225544
E02000961,0.061539492063036584,0.052314736468019374,0.1954864445366598
E02000962,-0.08054656885795028,-0.03125830354712979,0.02235302434829111
E02000963,-0.08301608609857154,0.05298495995047714,0.09265403997140007
E02000964,-0.17440302646833805,-0.06583169701332636,0.12069575549422064
E02000965,-0.08422499621176992,-0.03330043737451155,0.07965234443606763
E02000966,-0.005996490279297566,-0.11307457127974357,0.06712374004718401
E02000967,-0.13048029098835567,-0.08017933869381758,-0.008615167986153156
E02000968,-0.1748097103288306,-0.2066485469584656,-0.0053012958612753
E02000969,-0.047938917427827445,0.07716398750889109,0.12353543642061536
E02000970,0.13683599240764616,-0.3204963080817093,-0.34677238587211145
E02000971,-0.016628653759572568,-0.09713898379549493,-0.02422172501565922
E02000972,0.13909969803935474,-0.4940647626435388,0.014498181964748502
E02000973,0.05382351610242552,-0.07516196766178296,0.031089260301765464
E02000974,-0.09194983102421578,0.005427021436962173,0.05340082288405242
E02000975,-0.034326876138067446,-0.028842068308512023,0.043880570235826526
E02000976,0.029375897431041343,-0.04079984692786807,0.12979165817996702
E02000977,-0.046914657043096844,-1.034019658352076,-0.3355944291937455
E02000978,0.3865623356285986,0.1294082520885938,0.2864525756895157
E02000979,-0.061500860200370794,-0.07793340985378061,0.012691170376113304
E02000980,-0.11111673691123161,-0.032779174179873596,0.09854931958916752
E02000981,-0.09931352933180755,-0.03332135060876393,-0.024404640579155683
E02000982,-0.13563706024974767,0.07726718033892056,-0.039979825041962645
E02000983,-0.2217541268781091,-0.20346242124293704,-0.10912907611162624
E02000984,0.05180849067396221,-0.004838885568620448,-0.0691636904878644
E02000985,0.07826947642872294,0.002614588402561609,-0.07116417410455657
E02000986,0.039721105665473766,-0.07873650395191972,-0.04390936038987517
E02000987,0.060081333686259814,-0.09089808901187525,0.038552089332098576
E02000988,0.048700556504018264,0.08700627399916583,-0.0010672437786264336
E02000989,0.07785702142713935,0.025257616403720894,-0.03161240871436625
E02000990,0.1516813604556392,0.0302195018857496,-0.008799078480890997
E02000991,0.1334521805082012,-0.10497471672923385,0.06096918492762822
E02000992,0.10621675894858289,-0.034333934635955125,-0.004335652442081199
E02000993,-0.03792105113245454,0.09990705938108217,-0.1219198029964155
E02000994,0.08467416926083568,0.04977533448259701,-0.008599838427434657
E02000995,0.021366715734009698,0.036277470922055785,-0.06325093772203717
E02000996,0.019779577572577728,0.10866543180305281,-0.06473679644593228
E02000997,-0.043391943240917843,-0.08082525815434184,-0.023064058771062077
E02000998,0.10428743072102703,0.06692684192425376,-0.046597267876387266
E02000999,0.12626866642058687,-0.24442761648429404,-0.009444710694173243
E02001000,0.06222030957431058,-0.029802422779556945,-0.021204047280633798
E02001001,0.0959118421644437,0.2487937229887657,0.02680406011253707
E02001002,0.13666654072121276,-0.08400175201578862,0.0013655858923094823
E02001003,0.09284566531680018,0.02517518366321943,0.01232677403322645
E02001004,0.0536064360569929,-0.03503640458689279,-0.15492988221472095
E02001005,0.09482657897627464,0.18939726240466148,0.018911112128468112
E02001006,0.06449809913965808,0.12953060411097245,-0.06388260547968648
E02001007,0.06946240198046952,0.011349053768569598,-0.04592707642827404
E02001008,0.08654615775040253,0.0781633996323297,-0.16901629170636304
E02001009,0.10977936808350909,0.053230548870221876,0.016384145121427874
E02001010,0.17713715954047138,0.05427858610372747,0.16711597194080557
E02001011,0.05337290335755034,0.006973600563698349,-0.07774797557753425
E02001012,0.07057502118392749,-0.02133287089003948,-0.029929318173145703
E02001013,0.08277317963442822,-0.058388280884848646,-0.0035990832098784014
E02001014,0.10454524940375992,-0.03275060114565729,-0.04588409142302142
E02001015,0.08895410991518307,0.015330570726918912,0.030482371634746253
E02001016,0.11310330060995152,0.11317181504843149,-0.13084379997787685
E02001017,0.13927072276632355,-0.02566035778053891,0.07497223193173944
E02001018,0.06047487089292183,-0.09952465243237395,-0.06601035076272388
E02001019,0.026820386385544633,0.021203174677761234,-0.06472864664092116
E02001020,0.00038599487590653715,-0.027856583240618724,-0.012962084262142615
E02001021,0.047068911710503925,-0.024889879627454828,-0.004456273464462798
E02001022,0.13480181282493842,0.0919015244433969,-0.006452082557495588
E02001023,0.09142413392684359,0.0995803814638339,-0.03990233820900085
E02001024,0.07946044833376577,0.004418568093394912,-0.03406084998195385
E02001025,0.10898317929449006,0.12622208743853858,-0.004393183207333924
E02001026,0.06302531371364194,0.03071734079418417,-0.0013386126094379366
E02001027,0.019046783891823876,-0.10054887500667792,-0.027883959114281966
E02001028,0.05743630642224696,-0.0014289401144440977,-0.04038066039160301
E02001029,0.14979011692460573,0.11847360630861523,-0.059479253248740246
E02001030,0.10440289117231065,-0.04776529405065709,-0.08368402088345038
E02001031,0.12542198510590558,0.00024915795405289356,0.004492362954415678
E02001032,0.053775920526351745,0.08477346858223281,-0.129306133165331
E02001033,0.13521517435662714,0.020940991696451857,-0.04553267922635755
E02001034,0.16487915581101178,0.0753160533874496,0.1188705334346775
E02001035,0.09141073388894319,-0.011352809804851259,-0.015230989368324257
E02001036,0.08964802591676,0.032326201239004794,0.09258639809480129
E02001037,0.05423682034455946,0.042159686781218654,-0.012124504852566918
E02001038,0.010699775525674747,0.05015169193150722,-0.08762165143702685
E02001039,-0.040551294195081126,0.1633471023398389,-0.1050891788824416
E02001040,0.06384318300238047,0.04213005226184856,0.006260361200804217
E02001041,0.06337732847406044,0.007827523451054415,-0.0035128719396811986
E02001042,0.021449136091847395,0.002315160840282807,0.0018795802739069924
E02001043,-0.018520353417910418,-0.08795141624104469,0.007171724836481857
E02001044,0.036285576164822315,-0.017829423356849783,-0.07110031474614202
E02001045,0.1478552365294282,-0.005690688326616309,0.11681819704511512
E02001046,0.17204503779606087,-0.06381293724429589,0.030390637411267785
E02001047,0.13045584689503337,0.06808981514812987,-0.02532880292394243
E02001048,0.032718263626494666,-0.12922392104079505,-0.11890990119474146
E02001049,0.05375059942107431,-0.07513726203793765,-0.0030793692104017704
E02001050,0.17344174267574272,0.03225772963912666,0.08862301270152383
E02001051,-0.014086094434663915,-0.027618299173869845,-0.31423040492959475
E02001052,0.053231869089676566,0.003383944956567825,0.07586988289414504
E02001053,0.1353714308066217,-0.1755642401884137,0.09185237818845426
E02001055,0.23747974455639775,-0.18169776847648456,0.19057177506527828
E02001056,0.05955046924101525,-0.10685094648625083,-0.13283071208151662
E02001057,0.164578259607891,0.07387573943866567,0.2178573945351528
E02001059,0.03873728856694826,-0.02739763866062373,0.17903017623401613
E02001061,0.1265952914875714,0.13518612395140514,-0.04714965705927205
E02001062,-0.05883719123692672,0.07240385053650608,-0.0017284926102513953
E02001063,-0.039622346615626663,0.12526566199594275,-0.08612402272791841
E02001064,0.18617128714553732,0.10275762298745836,0.012808452036950612
E02001065,0.0461479814296828,0.0010323034520675195,-0.0661657134535793
E02001066,0.1693364052577775,0.11974692796961127,0.07974702560573442
E02001067,-0.03430090525105771,0.028798386188130118,-0.07738457391315598
E02001068,-0.04157516795400408,0.02333073129613918,-0.28220251719683975
E02001069,0.00803373842173523,0.008371538051975151,-0.06838354097384293
E02001070,0.057601710035921995,0.01691784002509712,0.09758238508402953
E02001071,0.03891972172471592,0.022719269333485198,-0.033116464150823186
E02001072,-0.032803470358414515,0.053614605894051856,-0.07748142539253058
E02001073,0.0062959845332075555,0.03284278203464929,0.007628247482483029
E02001074,0.04523963006628873,-0.0369054662571781,-0.030545544586791575
E02001075,0.05292994182350852,0.05675840493140603,-0.07369382680286504
E02001076,0.036627254537452636,0.037694492329735,0.006082290596974807
E02001077,0.01547762346591545,-0.10633132508484386,0.008704718731763669
E02001078,0.03947846480344728,-0.07687497774689249,-0.015627325405235214
E02001079,-0.05276464248778414,0.027314724612633103,-0.0644512719299419
E02001080,0.02309012159464577,0.036520722437635315,-0.0042044269238687105
E02001081,0.025042830074093546,-0.10505706444440413,0.05030062622509018
E02001082,0.09494642817579009,0.02555188928854834,0.07197213844468357
E02001083,-0.0050724918366928055,0.06058719102338845,0.011993630129073217
E02001084,0.0036609829463091917,-0.04012165184156741,0.0047010230654575364
E02001085,0.019756092669872143,-0.034879095767789414,-0.053753574985611355
E02001086,-0.028276257693261937,-0.04486323677801115,-0.023499791278666138
E02001087,0.008922971489901144,-0.035919096032105274,-0.015960578117798226
E02001088,-0.019946284660100417,0.0016902741893716421,-0.06205088696998227
E02001089,0.031446100960492954,-0.031339644741268415,0.016542440177484272
E02001090,-0.007388531394753278,0.06941084012808889,-0.02997432016298993
E02001091,0.12052981454738312,-0.042552337038262916,0.06268034722118472
E02001092,-0.008732398736998147,-0.09787045629286756,-0.09405833875748999
E02001093,0.08575617406884788,-0.1552022217019314,0.015166104707716663
E02001094,0.02660220208134418,-0.012276873847278392,-0.003067085410617318
E02001095,-0.008860239686001251,-0.04319974062033328,-0.10341240061777378
E02001096,0.11997984937621639,-0.04188473770365916,0.17504013730348494
E02001097,0.024347378515100878,0.13913615108740682,0.024513633778498464
E02001098,0.05639832340515362,0.08372679916544278,-0.09747131590078845
E02001099,-0.09003972495540861,0.021487449244116056,-0.12832095836598323
E02001100,0.028785655114164047,0.10545365420551778,-0.13554706103972164
E02001101,0.11372246677327763,0.05667714458524674,0.028210387820855807
E02001102,0.1953594112423902,-0.13778331483904283,0.053444673341368404
E02001103,0.017003432195155568,0.0726600483359795,0.028777752867442313
E02001104,0.00484478688491228,-0.010402661764137391,-0.043022327742025496
E02001105,0.060747531192960766,-0.06502672373244787,-0.05852342865950237
E02001106,0.09489785798601243,0.10641460802037611,-0.0001162351949505653
E02001107,0.14351008284714883,-0.05816131938003994,-0.09029895527126229
E02001108,0.10027517480160164,-0.0027012420646230916,0.0024032634731913937
E02001109,0.1705407282739676,0.060791654108974295,0.05636230418545556
E02001110,-0.028294241230072747,-0.011173140076035457,-0.12816704256652903
E02001111,0.32765018642758814,0.7389282096769709,0.08689812043416613
E02001112,0.16214098944370026,0.01370582908019587,-0.0657145532491367
E02001113,0.021639926177108058,0.14144487083990095,-0.11867883645161645
E02001114,0.005950332982011446,0.24089943311163606,-0.20547013070185996
E02001115,-0.06608601290174042,0.03139334228096261,-0.1582672203460183
E02001116,0.08484795769406767,-0.005215405525614807,-0.100897392118296
E02001117,0.027308867939385605,0.05733400115600766,-0.04894641814768325
E02001118,0.029092373200920486,0.018521117735340552,-0.10836412079867323
E02001119,0.07931655391831938,0.13058688343176084,-0.16362396696192583
E02001121,0.13034340102162856,0.038420540816364084,-0.20747651383478763
E02001123,0.05557916918771837,-0.04171315889874979,0.020511518550540637
E02001124,0.04498718546830426,0.12305286734198424,-0.025566838264676598
E02001125,0.026716435637964643,-0.08288767047977544,-0.04781611349320399
E02001126,0.19491755172507622,0.09079301561463365,-0.09154504843621825
E02001127,0.046046737952478045,0.02969289720426952,0.019782132205514502
E02001128,-0.04070188552080551,-0.17258782455075702,-0.07515600687911385
E02001129,-0.006633193618681471,0.033420275598727685,-0.06836491688760636
E02001130,0.028193346409363006,0.046975774914471496,-0.04165848817362887
E02001131,0.10358038551463432,-0.10337582021955903,-0.03728005201231212
E02001132,0.06358480317074758,-0.058129677336082215,-0.06211905970177639
E02001133,0.13627883235138,0.06049405019791074,-0.025186328618886
E02001134,0.08333426171439716,-0.0037291595128080674,-0.053206746638849695
E02001135,0.03139793798792957,0.49032824603581415,-0.22685048013902664
E02001136,0.02242476159475521,0.10064983687247829,-0.15691532042652367
E02001137,0.1301926745986906,0.015151122288564876,-0.007440384528113145
E02001138,0.036542248522884305,0.03175946863290465,-0.12586661076265535
E02001139,0.14068613146920053,0.018361261043014734,-0.148867863786288
E02001140,0.1634107421826139,0.13623741078961857,-0.09697917989317996
E02001141,0.1976164538706067,-0.14289588430819145,0.10977060847908308
E02001142,-0.00812439451528232,0.0708234406008438,-0.08720800685028171
E02001143,0.08867854812988121,-0.039496841007127824,0.0756392978953123
E02001144,0.222324792255168,-0.17236742709896044,0.037449180784775146
E02001145,0.04203972501144148,-0.10170154219121655,0.0010542754028927575
E02001146,-0.04908047850338339,0.05168082257996177,-0.2458822410972757
E02001147,0.0961719571261525,0.09383391138485171,-0.07006006990634162
E02001148,0.07625939974877109,0.09698760582506506,-0.061052457146828575
E02001149,0.07402428393209073,-0.13098373173467048,0.017366677067970234
E02001150,-0.03328817877122587,0.09819156110665561,-0.11431630887910116
E02001151,0.152607709054088,0.04969276883961047,-0.03233745571927995
E02001152,-0.06564059778786555,0.12201168019789184,-0.095409185392569
E02001153,0.0833928741148214,0.044086055262221494,-0.1974302625845936
E02001154,0.036537942498006785,-0.0049052407389516064,-0.12739500290075517
E02001155,-0.06932143142755143,-0.020874539491634616,-0.02299916815117383
E02001156,0.038421379394668366,0.0717067869810958,-0.0727680054575256
E02001157,0.2306144177702777,-0.13934511750741205,0.019695979416181533
E02001158,-0.04459420595391151,0.06878098597129113,-0.2089342427289758
E02001159,0.009954723490988122,-0.0029353749642443473,-0.034350991339296665
E02001160,-0.19642597226685554,0.04834292707774556,0.4223226662256452
E02001161,0.03472019251000074,0.028090078950839363,-0.23993976272945852
E02001162,-0.004071624614441216,0.09496884386093696,-0.08975850067960249
E02001163,0.06866533865569825,-0.020066158824397603,0.002183156345948112
E02001164,0.013243485055429266,0.017681197512566835,-0.011817878080930096
E02001165,0.04780984253958179,0.12521645347000543,-0.022713958820966103
E02001166,0.08543935710583167,0.05324509581823358,0.1021104006046257
E02001167,0.15786368693202804,-0.07930092653963079,0.11859106485633493
E02001168,0.009238908464659879,0.004259680597367213,-0.08354456249097933
E02001169,0.0784784379418061,0.10549927566816954,-0.005927832229748425
E02001170,0.024519666429907983,0.0048851594467322025,-0.05137570783703948
E02001171,0.06812540906577218,0.015335141146817399,-0.04628084354655885
E02001172,-0.11865061592266489,0.003693823698890936,-0.03383680136588268
E02001173,-0.03527431635647677,-0.003016168581183779,-0.023139916469163684
E02001174,0.010725506306602068,0.1375792054610889,-0.07390493565834308
E02001175,0.13832395284889812,-0.05703135397676816,0.11774335838720461
E02001176,0.016061921672528002,-0.11446781449217977,0.03981834870778162
E02001177,0.154458330048749,0.0019891907006254336,0.19089394942118246
E02001178,0.028364432702951376,-0.12816529529742293,0.03995810018822939
E02001179,-0.049862461019830336,0.08151013361787324,-0.13870899159382752
E02001180,0.026700034064616844,-0.06705502677212294,0.1285416495724994
E02001181,0.12202853401146543,-0.024389383684384713,0.12391261667181754
E02001182,-0.024583112402329722,-0.18750511712838006,-0.023894464365155358
E02001183,0.03674020960466638,0.04573178608521078,-0.026951849641737916
E02001184,0.06561343498806504,-0.049508143289782085,0.06391101672369384
E02001185,0.05238390744753404,-0.05060850938033188,-0.023518527558036788
E02001186,-0.04882469675724029,-0.023380959496362833,-0.10777725802467353
E02001187,0.06416733379497173,-0.06428530357901005,0.0859591951588065
E02001188,0.06329631711708456,-0.03658155064444431,0.018760222542751608
E02001189,0.05551010550172572,0.08992643322217608,-0.05933537331369744
E02001190,0.20543125271600737,-0.042432166694274145,-0.0274752928922134
E02001191,0.029221357767595407,-0.08439389777312628,-0.08880892915218942
E02001192,-0.0035144299126555725,0.07277468772382312,-0.04237983182545963
E02001193,0.059037974969246954,-0.08099629103205695,-0.1000092702128343
E02001194,0.03776508324774456,0.0007673296603885007,0.03101724806643226
E02001195,0.020489103445165857,-0.008564837542731966,-0.03890497994006081
E02001196,0.010669914696979487,-0.017821424490229724,0.005348958009175414
E02001197,-0.024344510005797286,-0.04725177560621308,-0.07643530561166283
E02001198,0.051420821427338524,-0.003493700278058195,-0.07502799497444834
E02001199,-0.012147857222769357,-0.05631806372642262,-0.014095075397153154
E02001200,0.10194684283797976,-0.006182584378778506,0.05947608407963966
E02001201,-0.06252285670120919,0.0012090120918963891,-0.07869904013771586
E02001202,0.05525814243458371,-0.012797840236954088,0.013066711966920353
E02001203,0.06974239913758563,-0.047405685344850734,0.033016392462197224
E02001204,-0.011330419741080096,-0.00884050528405956,-0.07962969863599811
E02001205,0.007802171942371759,-0.0430662988093858,-0.026095518573322467
E02001206,0.04632502659983801,-0.011132144699714727,-0.04049760630687135
E02001207,0.0019859149588979173,-0.04741357812315493,0.009216881589858549
E02001208,-0.024444427215922045,-0.028192310678824203,-0.053358791094417525
E02001209,-0.026055106978999057,-0.05559259041175361,-0.07894191124317994
E02001210,0.05196485254668161,-0.03912493504893626,0.08548221002249178
E02001211,-0.0008813748484689255,-0.034934716282620876,-0.008415308048352318
E02001212,-0.011894374798818977,0.0670945692398373,-0.08565303625175029
E02001213,0.051080277643004754,0.02227066470207313,-0.017851220021011752
E02001214,-0.028400602933372866,0.045058648430710405,-0.044285047385655606
E02001215,0.0972278462080191,0.030964019602908264,0.040044694431630536
E02001216,0.043051977488002664,-0.02774135538106418,0.015366728188203557
E02001217,0.007705086885432948,0.00800638647067297,0.046155799428164376
E02001218,0.03719067582515019,0.04945215527364187,-0.06453258920225827
E02001219,-0.020498748965302894,0.029663382294037435,-0.014841297816546865
E02001220,-0.06569033415091828,0.03336355542900326,-0.10217777048794366
E02001221,-0.010285956154178051,0.021622623271011183,-0.04451466833642052
E02001222,-0.0020735725500814987,-0.03329173876775777,-0.06005961514015965
E02001223,0.047048043173157854,0.018604162326205993,0.006588720959213773
E02001224,-0.0021052775748900835,-0.018391849227620195,-0.012184771665907044
E02001225,-0.025077282526641573,-0.03144937603974809,-0.008847760513131521
E02001226,0.08451904228939748,-0.018902869760923542,0.05620714790541996
E02001227,0.066815084636999,0.03463863857550301,0.06134940105690971
E02001228,0.016940689037759204,0.022451096745850788,0.043927126519131485
E02001229,0.10094086445484553,-0.07932902313391495,-0.011112301272021804
E02001230,0.1005445723239984,0.08772703745361964,0.04941236515065877
E02001231,0.16311300238059206,-0.015198806618843314,0.002423190425495757
E02001232,-0.018767004193785762,0.029488514457967577,-0.10264753983895047
E02001233,0.005058297309188724,0.1304101547953062,-0.17757599206517283
E02001234,0.08125497429467668,-0.04840331490918321,-0.05959863957977942
E02001235,0.13871213844157243,-0.1148303580988744,0.03127950224306103
E02001236,0.07001676873323973,-0.041102219716471544,-0.08705560498569018
E02001237,0.054025862863599464,-0.054421812671248175,-0.02694526039524467
E02001238,-0.039718385000867294,-0.040852962597454696,-0.029470371609364734
E02001239,0.05643743476978653,0.014059271731437204,-0.0342212563580939
E02001240,0.10021570754087218,0.002343597850343069,-0.10863083688740219
E02001241,0.04527149884622233,-0.003948210162142202,-0.09276020494318503
E02001242,0.06545450943764354,-0.011113055080281788,-0.05944936277084197
E02001243,-0.026196614296894984,0.1776389113125826,-0.03535672623113792
E02001244,-0.010627833040173692,0.09881000201788398,-0.11474870571420476
E02001245,0.04327716384469703,-0.02133616102003721,-0.214497476602106
E02001246,0.052375121554747016,0.003673833949911572,0.0742580406075346
E02001247,0.08480540262450488,-0.04014777237211311,0.010695209056287088
E02001248,0.10379862920266898,-0.06256021111162668,0.07270012093581149
E02001249,0.1771885947674465,0.0383518010382763,0.010576986648718862
E02001250,0.06823606842046143,0.02901915781051109,-0.10950735306671222
E02001251,0.06921536835653247,-0.011481918298187021,-0.10977039491647243
E02001252,0.07553053809202119,0.04799735640038509,0.002947499373500123
E02001253,-0.030132065390432394,-0.1248761094261241,-0.1159122094257675
E02001254,0.06873566744267295,0.11820082190459438,-0.08715190377115667
E02001255,-0.16588218716519437,0.10352995052887536,-0.11322914661984566
E02001256,-0.0743482890553894,0.001969934066243823,-0.11925010967013572
E02001257,0.08941517668279494,0.03181049439420319,0.018464426962118977
E02001258,0.03987857418646589,0.060331013449253984,-0.06906071153327338
E02001259,0.047704395855122955,-0.07879258494429184,-0.01907459712846561
E02001260,0.02347152548562946,0.028085933823152047,-0.016167728765338847
E02001261,-0.02211932526396974,0.0018891603258642357,-0.01322697034517161
E02001262,0.0288794268765452,-0.011148856631228513,0.011092332237502821
E02001263,0.03522246054255632,-0.021874866642005712,0.004729893796264489
E02001264,0.02998127067755913,-0.00896447298294755,-0.011897400025208477
E02001265,-0.014983233036969119,-0.07935640813795507,-0.01608941001775467
E02001266,0.0173815354351495,0.1338800621393563,0.007875849676637747
E02001267,-0.03159007154917568,-0.00054848217276152,-0.01850983492686387
E02001268,0.014615687689416063,-0.07835151087280692,0.0037290261541667057
E02001269,0.017179940249469797,-0.014157970577806194,-0.0601529942789561
E02001270,-0.02854607705130452,-0.06118166011677738,-0.048542424444521275
E02001271,0.05419198924308358,0.0024490925188166593,0.010801056850809591
E02001272,0.009826404776419818,-0.034655868114200496,0.008027551956570029
E02001273,0.016352292844703107,-0.02997441424512317,-0.03254840947434544
E02001274,0.03167267843055349,-0.08269765554378593,0.011783289203677785
E02001275,0.08312686785024805,-0.008077433786977449,-0.14233383231324329
E02001276,0.028656333426074997,-0.11665847542444882,0.048711847721956296
E02001277,0.02119240384955899,-0.058636219092148945,0.059648525119893846
E02001278,-0.008662624031164712,-0.06661384186869101,0.020070331522591772
E02001279,0.015524393262733329,0.005607312502821073,-0.0031597769269776825
E02001280,0.02419286999743945,-0.12128087344299067,-0.04980187892756777
E02001281,0.05115669716040143,-0.009162740982704204,0.008717996371109331
E02001282,0.02182145525199134,0.031894610564275595,0.009145538869472138
E02001283,0.08658692270088356,-0.03773481546246404,0.04224607294095744
E02001284,-0.011335033522491085,-0.06564007668326088,-0.02053467772171186
E02001285,-0.0015101953962809525,-0.032067235923229014,-0.02783585775233726
E02001286,-0.01834278627982745,0.003962561320658823,-0.007191965332649033
E02001287,0.11691178150645684,-0.009329020608488154,0.030213158647527032
E02001288,0.09782460748134904,-0.07757383367851609,-0.07278870627936138
E02001289,0.0554534059666894,-0.06899933355345768,-0.05650855805206092
E02001290,0.10596215080261882,0.0006260984125109154,-0.05886341275467397
E02001291,0.1270538191125626,-0.03699485407853594,0.05261235875740179
E02001292,0.07124017446636369,-0.0019199823309100957,0.025943098105320635
E02001293,0.025893002674986707,0.02414758928500193,-0.07649135835897188
E02001294,0.09288243740447676,-0.021305963976462,0.006600947090611345
E02001295,0.1288092924965078,0.01469010746814244,0.0206700608647804
E02001296,-0.03257625687886172,-0.041659999827304804,-0.14310392039269618
E02001297,0.013168868578803391,-0.11662373040848585,-0.0830554774993325
E02001298,0.14818905577560035,-0.1377476532675922,0.1484270897952428
E02001299,0.03254601542502022,-0.04412200080377439,-0.08663431385837304
E02001300,-0.021509272695301285,-0.030162707532560062,-0.08153159960637127
E02001301,0.08043546338690258,0.1356514789521652,0.0613368627212145
E02001302,-0.08926496997329768,0.1398005988172361,-0.16735367846967383
E02001303,0.16366036707718795,0.027653622615597846,0.08688438474450837
E02001304,0.031059709672232944,-0.05642266315307273,-0.0898284456004566
E02001305,0.062096436962785974,-0.023644342493627613,0.028144976533289963
E02001306,0.01067795065972142,0.12814729683771917,0.05594170080425138
E02001307,0.047706960718737444,0.03165704392369705,0.011205015381072264
E02001308,0.03653450916340469,-0.14474512862734545,-0.020886120835986465
E02001309,0.021350504059159267,-0.014217034577679939,-0.007138995304778324
E02001310,0.17517130786599985,-0.10421992000608053,0.09617479907600353
E02001311,0.18062945785187187,0.06772614506470456,-0.09564394364513044
E02001312,0.07027283185187803,0.10570688320080456,-0.08354747873502233
E02001313,0.1041456732806469,0.1015205326190536,-0.06698522018303085
E02001314,0.16872837761611845,-0.015638408029725333,0.1353355185666438
E02001315,0.12887261669836067,-0.055665652256352914,0.0013787409017292876
E02001316,0.04564552201177347,0.023621316693156546,-0.08586090247211842
E02001317,0.057742633231617345,0.06987616753488674,-0.06056545260626784
E02001318,-0.08367068552162055,-0.15155038318997607,-0.1898046847226238
E02001319,0.05821124096447941,-0.08421993278443328,0.17352376331460814
E02001320,-0.040289574787027035,-0.1854196304644414,-0.14951149344971273
E02001321,0.16799563845767027,-0.02652001998720865,0.061735940097555835
E02001322,-0.0006671676269240357,0.09741147418569428,-0.13253484919336972
E02001323,-0.08485862115977437,0.08378914400324787,-0.012805668928980824
E02001324,-0.06879911713754171,-0.08887035544734412,-0.17137201838304153
E02001325,0.10301716163790668,0.07187852250464384,-0.058673321932468006
E02001326,0.09075078992071976,-0.0714223874519821,0.05211586068689602
E02001327,0.03862943197270468,0.11445510760021053,-0.14598013907528973
E02001328,0.1078303729064298,0.01625698124140042,0.014103971382837038
E02001329,0.19181353711670912,0.15180733710311828,0.0151670559889911
E02001330,0.11444883770842985,0.02353666283532858,0.0015459922103138138
E02001331,0.01663900892803145,-0.014290615602357157,-0.10590723555274299
E02001332,-0.2762992467888738,0.2286363365950234,-0.32911246524039156
E02001333,-0.0639003054884624,0.07889099327458918,-0.24753300467896547
E02001334,-0.16353647288964607,0.03530230835806093,0.08275865656312127
E02001335,0.12392040539225681,-0.001883891584554348,-0.012050867439972695
E02001336,0.17581709016990035,0.38097789516621955,-0.08380525012232753
E02001337,0.10791137107706111,-0.019657163641422178,0.026781459641792973
E02001338,0.033980271378070394,0.04623727741342092,-0.042507994450068705
E02001339,0.24745504641268476,0.08282409345707144,0.021966471502738755
E02001340,0.07793709136221606,0.08522197949330836,-0.0456757981195308
E02001341,0.05290896932139283,-0.09395716791771122,-0.040213899163982963
E02001342,0.055745593410546156,0.03120865675120005,-0.019785199048993864
E02001343,0.07619380043501607,-0.06314166276125334,0.042042673397928665
E02001344,0.0033017482130244884,0.03319410392361562,0.05795504344517082
E02001345,-0.012492709707257346,-0.06804850497827927,-0.02870328400200017
E02001346,0.14254643230805994,-0.057780335343073114,0.022673297603510757
E02001347,-0.18813445915664387,0.3720971337285318,-0.32361241659616474
E02001348,0.016070773221590496,0.007803913373970147,0.07507868823856369
E02001349,0.06791366516327535,-0.06894886535975475,-0.07517788847985925
E02001350,-0.0734692036489459,-0.04933709030150247,-0.06321635614979969
E02001351,-0.10361167252969337,0.10473292852697157,-0.19161801510022525
E02001352,0.133578873116188,-0.056841672613608105,-0.01742877667880363
E02001353,0.08867611692354704,0.05641954910817693,-0.038421168966768296
E02001354,0.13987295197250804,0.06791514864372286,0.041807703920356834
E02001355,0.0154167297112567,-0.041073350501916,-0.12592356700038573
E02001356,0.09674638784733354,0.060060871107998695,0.2427863628427876
E02001357,0.017122365929687657,0.08022468800250494,-0.14076700997631672
E02001358,0.1556217460405921,0.0715682153496139,-0.009108549430186127
E02001359,0.004344178690641389,-0.0755169475051002,-0.12182760623007138
E02001360,-0.0523367842444114,-0.05482065322558812,-0.338861275769324
E02001361,0.02520817773507962,-0.04595788651644292,-0.08732924585971812
E02001362,0.22036476102936864,-0.031082431225339473,0.07848155873933188
E02001363,-0.02574502228727996,-0.09858890564512,-0.24473276254923362
E02001364,0.01530889943735754,0.009748266193613686,-0.1914615037745027
E02001365,0.21094568892750248,-0.01892525655638178,-0.11484671379381445
E02001366,0.10241142472553727,0.021298181938146296,-0.06350014153203978
E02001367,0.02244844150163323,-0.041420317287942286,-0.06631865554334312
E02001368,0.04063104629868236,-0.08926857644587058,0.0228637613332939
E02001369,-0.05040188432880284,-0.0758324463209862,-0.039727138896100175
E02001370,-0.00565026432207568,0.07637829586479701,-0.024336063129350584
E02001371,0.08977887305245201,0.1503888422116336,-0.1184309435848904
E02001372,0.06432214082498672,0.15224570999706358,0.08048207400102997
E02001373,0.10144492376898666,0.0034381164323809828,-0.0859568890211927
E02001374,0.07397815165553027,-0.138206450992426,-0.07591277884320398
E02001375,0.04602245190354185,-0.10849038951083671,-0.017443913370896864
E02001376,-0.005414475120862483,0.07264087098862626,-0.048019118579425216
E02001377,-0.034895991821580215,-0.025232013456707007,0.1375838873130896
E02001378,0.07406880846945686,-0.014225281405495763,-0.072738274563005
E02001380,0.015887445021360157,-0.0011769142682777577,-0.05624699552532012
E02001381,0.056771871179077886,0.09554501388675442,-0.06379889854661998
E02001382,0.05349954220910912,0.024139575880102546,0.030703325716260558
E02001383,-0.08651230617809122,0.22541155995473608,-0.17348173917850587
E02001384,0.06322196526652703,-0.00231884494251043,-0.04649106304225131
E02001385,0.21229776245138038,0.35935275936150757,0.03433189021396282
E02001386,-0.04767948765513664,0.018352817613316613,-0.1057529839000417
E02001387,0.009296740903335989,0.02236072053226804,-0.08773914300781512
E02001388,0.03990241307531809,0.04162553586886472,-0.038351379782025415
E02001389,0.034687443913679096,0.034592669648534975,-0.14585835869413233
E02001390,0.029368834276679894,-0.05935199726607271,-0.1575918585122124
E02001391,-0.11952967332456527,-0.07406079668432977,-0.13122528364230457
E02001392,0.1092385346302193,0.024451747237212128,0.009953766560855896
E02001393,0.02929244553212254,0.09167710298637392,-0.06708946817773562
E02001394,0.08918350436767256,-0.04850899657710817,0.03655709915684716
E02001395,0.06882597981087266,0.044159435694298955,-0.02011373683349815
E02001396,-0.027219803767320132,0.10391829499206644,-0.14615164849524737
E02001397,0.01829293540571803,-0.06258826976224034,-0.06550168117495749
E02001398,-0.0447199607725388,-0.01628765553018055,-0.1200169333817274
E02001399,0.09756609866549897,-0.03496662948347502,0.003545026439259188
E02001400,0.05587846881126044,-0.061231805009885884,-0.057924452676839745
E02001401,-0.006698999766166437,-0.11961762856779277,-0.01206823216991884
E02001402,0.0621194162654439,0.10282471249613798,-0.09377918395539994
E02001403,0.040395191790821704,-0.1692834186810716,-0.0003870831849138225
E02001404,-0.00688179849102081,-0.01349069795344989,-0.17492549727493034
E02001405,0.019183105515827043,0.14995307799821633,-0.16979737856878502
E02001406,0.0754201067060321,-0.018180147788576198,0.017949064196125988
E02001407,0.08766719474249765,-0.0009131921283440953,0.04704424555455994
E02001408,0.10706364771878957,0.004457632697604919,0.033710417485062046
E02001409,0.026105548993181595,-0.02254860378228103,0.009114185224504374
E02001410,0.11601986932590579,-0.15060729616508417,0.01267137240065317
E02001411,0.1405845371486264,0.04188162216033699,0.06684093861761764
E02001412,0.022218820586321162,0.0912783156063415,-0.07081830555894046
E02001413,0.04523252389506523,-0.06322333356447964,0.1403736098696048
E02001414,0.12251849044908845,0.03920331033010219,0.004662572441319426
E02001415,-0.0363805482118807,0.06308905797684254,-0.13141228113161946
E02001416,0.2009867118987144,-0.06625036274210218,-0.021223898023019216
E02001417,0.01401527181651519,-0.009153719207013548,-0.05678269645740627
E02001418,0.01597321900494771,-0.32448674791819987,-0.07559796863732295
E02001419,0.15975574889544222,-0.01618237307750122,0.056292184283381376
E02001420,0.17300833354816997,-0.009577801011848432,0.05337513636857779
E02001421,0.03568472127862853,0.08078191052310225,-0.03819697414548137
E02001422,0.05527651788700864,0.03856924018124186,-0.020889676279803003
E02001423,-0.01758168894527854,-0.0745570082557746,-0.005214319571520557
E02001424,0.01305222982512647,0.11029452712704506,-0.09652282839436645
E02001425,0.017082017415550092,0.04282492272949098,-0.13997683436746566
E02001426,0.020382016721112353,0.07635894510418142,-0.14222756821889743
E02001427,0.02444298304279416,-0.035908311722531304,-0.09943874684491599
E02001428,0.1297692077596755,-0.08277718797510845,0.04478505554922379
E02001429,0.04787818590042679,-0.06608870699986234,-0.017042186601185796
E02001430,0.07115660446815521,-0.05040971989802645,-0.0056358071187535795
E02001431,0.04787085461131328,-0.02936824332315468,-0.06247739242982087
E02001432,0.06682617659743152,0.01111325586267222,-0.08356292444094034
E02001433,0.03428267298948879,0.007221122389278387,-0.023129611959674737
E02001434,0.019312845681424003,0.0014453383917891575,-0.09110063387766743
E02001435,0.15503686544799403,0.057939079474635544,0.00477555831614422
E02001436,-0.023706068385948784,0.10993806033833142,-0.11954730290972815
E02001437,-0.002219653961751589,0.05602852659561943,-0.011858242720662111
E02001438,0.04974843543342836,0.03992964207712245,-0.054109921570122996
E02001439,0.08925086523529738,-0.029163674656605954,0.07183721657685008
E02001440,0.0422541263479444,-0.02203989472671146,-0.0415162483970506
E02001441,0.1348968533711764,0.08182252237440796,-0.05274700842077242
E02001442,0.06964485244907019,-0.04768760188462542,-0.01109285138333894
E02001443,0.0652148607057381,-0.014167635002374461,-0.03266521999156528
E02001444,-0.002689259559381323,-0.048734700121664684,-0.021706294671904082
E02001445,0.041498850339810704,-0.08452305713907476,0.018253365524011692
E02001446,0.021835751400278977,0.014052337063140316,-0.005387323192649929
E02001447,0.014827823458922912,0.036196023978394165,-0.040043005323618125
E02001448,0.0934607743078684,0.036610788686071635,-0.006231686006576695
E02001449,0.10122913213173722,0.011994565892900235,0.07031534060386796
E02001450,0.04525622066975432,0.05534839220544238,-0.010324647826658123
E02001451,0.042763437875159536,0.007523560189444434,-0.05352264035820355
E02001452,0.060972166415111294,0.11075820412886536,0.01774481891213204
E02001453,0.10029484992008326,0.04329094450585285,0.0035184579234816774
E02001454,0.07188270295481124,-0.015753992091209486,-0.07098626515765631
E02001455,0.03904165844578857,-0.002252789361683783,-0.021813620549624373
E02001456,0.04607569372468476,-0.022539309911765133,-0.040368983900463146
E02001457,0.11505791795257142,-0.14208256412633694,0.023000684237379405
E02001458,0.09041860532112724,0.0008763129552066242,0.023123786700664947
E02001459,0.1428668699831757,-0.023185972486739294,0.092465947900973
E02001460,0.08154451962867276,0.030083836618076298,-0.03161526098650496
E02001461,0.04751649618799811,-0.10336806439233114,0.012917632671822022
E02001462,0.16795241653522036,-0.1397943623742119,0.09846381049340606
E02001463,0.0748732330124399,0.08434940355007463,-0.08996651493264902
E02001464,0.165347785829397,-0.0030281620246658094,0.033647555081848614
E02001465,-0.08434463970252142,0.2360613989268955,0.11975424360165002
E02001466,0.1388493221709219,0.0036488210972141165,-0.08350476408185893
E02001467,0.13724763877256216,-0.029065321199395745,0.012310252097170573
E02001468,0.027328524630971386,0.028067125439895663,-0.03954013316266468
E02001469,0.062243539145608304,0.10993899494369402,-0.027443127555980964
E02001470,-0.0002591443492771207,-0.06267887179578956,-0.07883390161306938
E02001471,0.026327891223804346,0.02088136306147948,-0.14348793245264937
E02001472,0.0365428959170939,-0.06543181074269269,-0.024417281377958705
E02001473,0.056294283025381156,-0.03874180834865742,0.00702725711459272
E02001474,0.06012084772221612,-0.059093575829484754,-0.09265732107119856
E02001475,0.01000863641991571,-0.15875059882778184,-0.16569427338386286
E02001476,0.001506996241791056,-0.10257086806532616,-0.040759876322358134
E02001477,-0.44530865313238877,-0.20183558173259036,-0.20617852758802166
E02001478,0.08365964720431901,0.10423233841524804,-0.10316247661173789
E02001479,0.0742311005413705,0.027302542776172823,-0.03300910114642164
E02001480,0.041013390226192145,-0.02785798941582325,-0.01841192890474467
E02001481,0.04932321596624691,-0.18647736049929597,0.03394891049494941
E02001482,-0.1830140610024294,-0.18946005867588822,-0.2378306468350497
E02001483,0.02440396370045905,0.028150075469519358,-0.07060177236998157
E02001484,-0.016956539758475993,0.09020582809072782,-0.059703309724396275
E02001485,0.03543819174270466,0.1840594299420246,-0.11643909620826082
E02001486,0.029996950428749204,0.0010926165942741043,0.029083191220753705
E02001487,0.140015198331158,-0.03992582089124676,0.03729809314631656
E02001488,0.11552768969904799,-0.03347470744322289,0.044244846284196504
E02001489,0.03183927533733975,-0.018132919890673234,-0.01756407274214869
E02001490,0.030981140354900266,0.013296465171594897,-0.0532651283046151
E02001491,0.1031034993755348,0.07383399001912046,0.0137869493305421
E02001492,-0.006784566712949172,-0.0018527057798331992,-0.0409699088638453
E02001493,0.11354111315811777,-0.09493660834443265,-0.0024576625213583183
E02001494,0.0666635946286615,0.012313102084909862,-0.05520924265284802
E02001495,0.0865967660362946,0.17102979364937942,0.13976138622181955
E02001496,0.09413174474091492,0.02900714197574506,-0.01057249326621849
E02001497,0.11679801546526858,-0.01866286869694156,-0.0309983752017765
E02001498,0.04468104999610472,-0.10344393292881096,0.021417187381960846
E02001499,0.040395842750096216,-0.04040282165477296,-0.0629858466016533
E02001500,0.013569998261462117,0.056657216061914865,-0.12204821285278318
E02001501,0.07348246805472676,-0.05804446646589741,-0.02051863171301567
E02001502,0.10563495430173553,0.005197836924150255,0.09693863680477767
E02001503,0.009468831529761568,-0.017982202991940314,-0.013899034234974135
E02001504,0.08278055303585619,0.036448635213362134,0.01523141504938909
E02001505,0.04143497568802232,-0.07249005101362843,0.021077272924841503
E02001506,0.007995677855006258,0.027118378572557226,-0.0731341140546153
E02001507,0.03147894145070916,-0.0052931366939131105,-0.03585923156310369
E02001508,0.023875191587750873,-0.04296565997658577,-0.025120329715766693
E02001509,0.0034583098021158634,-0.10814894344457932,-0.05123426918736163
E02001510,-0.037923211775322166,0.13239988512438602,-0.13462063072208325
E02001511,-0.07578720593109614,0.18450191010110797,-0.18710179146807918
E02001512,-0.018389457297717376,0.13450926315677478,-0.13829916470112055
E02001513,0.0957203798951958,0.11530321714187625,-0.02438750930908792
E02001514,0.09850015499075535,-0.056189035182289106,0.023277393474183304
E02001515,0.05429930659061824,0.03905522568060038,-0.07397868323351772
E02001516,0.02377246835004225,-0.15106449435518854,-0.013354284410332483
E02001517,0.08642782259833885,0.017321084498919326,-0.028641709236119705
E02001518,0.038905438314333046,0.08177752183580929,-0.06762334230780712
E02001519,0.13157011738938293,-0.08385450528057772,0.1118305250230225
E02001520,0.0729659139914105,-0.09580300497619046,-0.054672916769608934
E02001521,0.04740607121796109,0.012480222552759719,-0.04887068320569316
E02001522,0.14720447056130434,0.006426567885288324,-0.04362422728046864
E02001523,0.04960340984453419,-0.07724145192168348,-0.11286342154983056
E02001524,0.051571723485159544,0.04739436647482437,-0.13518374983873283
E02001525,-0.09400845103324883,-0.1815502569832341,-0.07567972705214585
E02001526,0.04673043652749018,0.16966909105458003,-0.08326047054086536
E02001527,0.010321589737206186,-0.12436370518201874,-0.09829564844700825
E02001528,0.07618744915564656,0.10557429711124824,0.04665271051343197
E02001529,0.0017614376928776218,0.02366411161938661,-0.0032885979168186218
E02001530,0.11465119147627714,-0.0956243339093211,-0.06130708434618557
E02001531,0.026008781871217516,-0.026067441966648744,0.08425514025496193
E02001532,0.08385343863670257,0.07812752274885268,-0.052004484567569766
E02001533,-0.07990951809960714,-0.19166421511792484,-0.27813766678180574
E02001534,-0.028870543051344507,0.11965712675389387,-0.17213535337546051
E02001535,0.0055003615996546094,0.005494859841083616,-0.027583799877736324
E02001536,0.15071185625748437,0.10568030925613625,-0.019706661708948046
E02001537,0.0743583860348212,-0.04923930653938553,-0.016575259502654476
E02001538,-0.1236772658007282,0.09443328122312193,-0.18959335183803935
E02001539,0.07426305732491996,0.06763981204782868,-0.06170669653587258
E02001540,0.0069061008052620785,0.09791100079958107,-0.13081393459577506
E02001541,0.002058433915519273,0.07167235719890432,0.007891408988180835
E02001542,0.002199049012351413,0.047420521433118396,0.08055721657048485
E02001543,0.21393568179146172,-0.1101167396202321,0.06534686461518609
E02001544,0.06435876838567937,0.03302144912252837,0.12605302000691024
E02001545,-0.02696767447141134,0.08835238597067582,-0.16166368538235673
E02001546,0.015524770017378292,-0.005488985052406637,-0.005839020938713172
E02001547,0.07043747683802887,0.04311376420367188,-0.03655505089836399
E02001548,0.007471275931960346,0.1228136707673929,0.08248859455918187
E02001549,0.08216440895164012,-0.028528174180681366,-0.022808058016259916
E02001550,0.057718585837236845,0.05736152549136361,-0.015236097165982858
E02001551,0.018935021769452866,0.009942624795420664,-0.06468266559579713
E02001552,0.06999533893304963,-0.004368759816981392,-0.03547229023835941
E02001553,-0.030186992643941948,0.021166490682797353,-0.13702812458100275
E02001554,0.05464974741631426,0.0721040434507258,-0.04578114079703404
E02001555,0.039337144154406846,-0.015382863818557406,-0.05729167220935172
E02001556,0.11600115292131828,0.029220102261238244,0.011548983893964703
E02001557,0.09429239193386331,-0.014895880708612702,-0.03515070297685815
E02001558,0.10079764461814372,0.07266928164852612,0.0076525171492309065
E02001559,0.06195013288046701,0.03793830925650487,0.008363235684866792
E02001560,0.07523927754429643,-0.0767220326884484,-0.02506848361139423
E02001561,0.18468501621683778,0.0996398253622048,0.08788836935580557
E02001562,0.10340060024411526,-0.05765427962614675,0.04910388341987657
E02001563,-0.029195193827155106,-0.0189682984293486,-0.04052792562649081
E02001564,0.11242738618105737,0.06117189223363274,-0.014727800992977916
E02001565,0.07790997424646556,-0.027453236155369588,-0.010899292752223557
E02001566,0.0074220795076632515,0.22501716166003327,-0.05845857466533456
E02001567,0.13488073293479558,-0.12952993729693071,0.10725226360399072
E02001568,0.01757109679761621,0.09360521839965484,-0.12666758904630515
E02001569,-0.06494157721505964,0.020883595930483143,-0.18527782352047045
E02001570,-0.0756952608772781,0.042838605473663735,-0.08150391019266247
E02001571,0.10093947344249449,0.09658688763457471,-0.01491493744118166
E02001572,0.3386459606464089,-0.17464249607545185,0.3199381094939768
E02001573,0.0024009260671088687,-0.0683713021722048,-0.07834526147847232
E02001574,0.04754400341744435,0.05106943798118879,-0.006181793535273949
E02001575,-0.008471164051434386,0.16321320587248186,-0.08504834080503663
E02001576,0.07201491741257134,0.007509129175787526,-0.007719855228096393
E02001577,0.08819101810979543,0.026892346492981032,-0.02840113794762142
E02001578,0.05320305783372871,0.015909212338862794,0.11129572019057396
E02001579,0.17541733647013785,-0.17795264822758164,0.1388322943328132
E02001580,0.12314739453992445,-0.07602090500907183,-0.02293225321718704
E02001581,0.020195934296858602,-0.07527865555178169,-0.08421405452887969
E02001582,-0.020417957535003826,0.13434565926677514,-0.12282332429208824
E02001583,0.1161619034092944,0.043035945951216535,-0.14166128005804007
E02001584,0.014162393869514565,-0.07028393949221672,-0.04091517803393253
E02001585,-0.008229913698652235,0.10230869062974102,-0.14602857069261466
E02001586,0.19665783078350163,-0.04908290514894298,0.08314371658426732
E02001587,0.0804066965201498,0.02264030334580349,-0.07066221067750637
E02001588,0.049607977628879404,-0.06322339607136455,-0.01852176946894768
E02001589,0.03762575068130814,-0.14143791971486425,-0.07139024028666509
E02001590,0.041155605287818774,0.08738993953793327,-0.0852298374838492
E02001591,0.05805962266438787,-0.06096556717256718,0.05418437096895091
E02001592,-0.020785897176299726,-0.1112263294894242,-0.1211843795105486
E02001593,0.05734447264202007,0.04206984345905433,-0.1202185805433279
E02001594,-0.2252670994342776,-0.22744266290683096,-0.4742603676318801
E02001595,0.0509796597749782,0.021061614691449095,0.010176287479104658
E02001596,0.043785535240486805,-0.040152436841694776,0.0265900453362605
E02001597,0.12284438546804904,0.015469454380181899,0.043955326182011936
E02001598,0.043695721175909315,-0.012157839065926417,0.003562587620658858
E02001599,-0.02297061995317268,-0.08093839722989284,-0.13168568386473384
E02001600,0.16348419909071246,-0.06544425257716217,0.09900474667592629
E02001601,0.006124304982772775,-0.08583944086910211,-0.08576482944013894
E02001602,0.059263454759242794,0.01956698908574061,0.013315394692496268
E02001603,0.012702227879010134,-0.05146681442937372,-0.11823897200339573
E02001604,-0.03854867546103338,0.004733975927703774,0.036604888104063045
E02001605,0.06292699637392425,-0.024274452693390812,-0.030855128025586608
E02001606,0.07255608193477733,-0.057930116456283064,0.025721660559824364
E02001607,0.09301609586258493,0.034037179150094056,-0.01385253721631301
E02001608,0.02919563047304805,0.025668822614357538,0.08946222434024398
E02001609,0.09434479201730128,0.029903306318202785,0.05435462006524814
E02001610,0.02892155226722056,-0.028428654111353972,-0.017257435129960388
E02001611,0.04314680585456959,-0.004984703262842739,-0.06704796901104282
E02001612,-0.004820726296599868,-0.06200057564200294,-0.0289491645721788
E02001613,0.06329171011385328,0.0635507183398402,-0.026255183156970847
E02001614,0.061684806778812384,0.05624975954876043,-0.06558183098580145
E02001615,0.11964608208829625,-0.03663297453796215,0.052929557969021455
E02001616,0.13260359629366153,0.10149730258712612,-0.01709556494326226
E02001617,0.08993453461404559,0.03255836139330878,-0.07803721025261837
E02001618,0.05792412902761907,-0.08169376641283795,-0.03397266411146741
E02001619,0.0410006636697771,0.04558983196042338,-0.11693465033425461
E02001620,-0.0025446774910871587,0.06662117968373939,-0.17695854734597524
E02001621,0.02749132530239994,-0.10870821395799868,-0.09029504865797193
E02001622,0.049316221653004325,0.042934852295276126,0.018941748590980096
E02001623,0.013689503798916917,0.065186828980493,-0.11411303447639352
E02001624,0.04212557046964646,-0.027873711880953642,-0.10609052142589372
E02001625,0.039285531159804155,0.009532062581789963,-0.023513704018972126
E02001626,-0.02775812717501642,-0.008991336768569311,-0.09206489411062706
E02001627,0.056827496351839604,0.04319124476233161,0.0041699929647806425
E02001628,0.14012994278425991,0.04378875562720409,0.23728407446865438
E02001629,0.05273795009515728,0.10444861653577726,0.11703337460190022
E02001630,-0.04791361412929648,-0.02044212058538127,-0.22638937997989383
E02001631,0.038026223956127626,0.011218134547885127,-0.09140730512954447
E02001632,0.18324997027177145,0.6016549366639423,-0.013572819300666054
E02001633,0.06633226959087249,-0.002992980253100866,0.020282181888904485
E02001634,0.019892216488912203,0.003131114884812145,-0.03790839479162916
E02001635,-0.003738872147282967,-0.07739225712516085,-0.039871110653033816
E02001636,0.06927395302053548,0.05579181770663977,-0.07354794051967806
E02001637,-0.0733271739463132,0.032784846138415556,-0.03289684709042552
E02001638,0.013678646619239707,-0.02820985005396152,-0.0961410183395315
E02001639,0.05508712031383372,-0.11030744729470972,-0.017567171238670833
E02001640,0.003462889093861854,0.05783787026354283,-0.1199500603117852
E02001642,0.07931594392253537,-0.08609242337645799,0.08989817784582557
E02001643,0.08795614592390283,-0.02061344002877983,-0.019087037723906512
E02001646,0.005852859344967898,0.0478990022221761,-0.17952190464692097
E02001647,-0.0219762493724921,-0.03663186854372525,-0.06381350919748292
E02001648,0.07384551347707707,-0.03598430564904736,-0.0541637625192321
E02001649,0.038243620129039105,-0.04380718477993506,-0.04789377351583779
E02001650,0.08138203496954048,-0.12549060918020563,0.0780864937699804
E02001651,-0.037995917803353624,-0.08482764456458707,-0.06247912078859011
E02001652,-0.042092512700187205,-0.05883359429448974,-0.05632177510377868
E02001653,-0.026593650678018572,-0.034874343772725046,-0.051087728990340565
E02001654,0.00938863828248284,-0.05019627529669338,-0.11137501943921153
E02001655,0.11129251892906586,0.036234391678962294,0.014945684782302663
E02001656,0.06541738984085763,-0.07599288168332968,-0.002450877595746843
E02001657,-0.028031977230685113,-0.03630894601112178,-0.13472693147549078
E02001658,-0.03520978011435353,-0.18164234176824695,-0.17781746288718314
E02001659,0.07179177434835704,0.06344782030175734,-0.0875366856348713
E02001660,0.0568744672514915,0.031031815917124228,-0.03616761253757133
E02001661,-0.003163083357884081,0.03968069351383276,-0.10605654853552328
E02001662,0.05637874146492258,-0.028672094834553845,-0.04276703439137166
E02001663,0.02716383765492626,0.07896326954245493,-0.10546074235497495
E02001664,0.04259117356763906,-0.013897307897203939,0.043584817335348476
E02001665,0.0856649789933628,0.09791419166153624,0.006723398915187313
E02001666,0.07211827457325103,-0.012547194754755296,-0.03957088714256491
E02001669,0.038524868494540836,-0.0446051087980734,-0.017679371681515125
E02001670,0.06666980952984694,-0.16520171500257969,-0.05037914798088671
E02001671,0.03259072293002757,-0.04962228272629706,-0.011624978529909633
E02001672,-0.009301666644745656,0.0030465540381380564,-0.02808597147908874
E02001673,0.0795230272086788,0.006911905208569006,-0.03161485350145739
E02001674,0.05146124740769112,-0.0004304152066803672,-0.039085364758729216
E02001675,0.043664863786838364,-0.022911604452051815,-0.1381675737313837
E02001676,0.024482048974600358,0.009218266644788295,-0.04953521306407721
E02001678,0.04565223927882055,-0.00904911930872099,-0.06505986630560262
E02001679,0.06750303002225476,0.092128940662619,-0.009541869601868279
E02001680,-0.022543417447391457,-0.015175764710929447,0.06478432667588445
E02001681,0.06467416030512954,0.004604135239564384,-0.0050483773093771694
E02001682,0.10374350771238923,-0.013442461464752599,0.08759399798447957
E02001683,-0.03770129470211137,-0.021583146347305373,-0.045953209503178924
E02001684,-0.12810346230573025,-0.18907482122277242,0.0327094942104985
E02001685,-0.013090131317317889,-0.0016855366119637944,0.03264973554802772
E02001686,0.02257168642583934,-0.11098359390394957,0.024428436909707037
E02001688,-0.057054521833285986,0.053315658297830595,0.01616016115756251
E02001689,0.08694084493243012,0.16361869277801927,0.03665508005011686
E02001690,0.07502682209181705,0.010607848546702556,0.10783637890288597
E02001691,0.07673496411445646,-0.10607695212828279,0.02630778732384159
E02001692,-0.005101606675363837,-0.25499518293114476,-0.04102930363364556
E02001693,0.03799201553889897,0.08964115021455211,-0.011850026942127929
E02001694,-0.0672864640046382,-0.04807002204168975,-0.1817169674945425
E02001695,-0.034542970773813464,-0.006282932848713685,-0.054327679683803795
E02001696,-0.011361578938398538,-0.027483176131121632,-0.1129917394434473
E02001697,0.05108927182893843,-0.05953887024757776,-0.07426102140504193
E02001698,0.09848894388347551,0.05499814918076721,0.03244700248306836
E02001699,0.014949580310608522,-0.07948735449710843,-0.14019553796925485
E02001700,0.09700170578081153,-0.11212398395331248,0.08291138685825289
E02001701,0.038252111447585474,0.006908164182077836,-0.024241974300731127
E02001702,0.010267740901600387,-0.07619113693008765,-0.03229857860182029
E02001703,-0.023435028539293107,0.19343142522442192,-0.07875508030299029
E02001704,-0.15400709257895098,-0.1230829775118126,-0.031361256721718724
E02001705,-0.08285589810458152,-0.10816849874308603,-0.03990838357091788
E02001706,0.12402920809282697,-0.007829530881772165,0.1607165938454971
E02001707,0.07441064756210354,-0.1328990142346724,0.007112643601669376
E02001708,0.04397631710425138,-0.01699138428128941,0.033155164282860666
E02001709,0.05050234178551685,0.015258486685381942,-0.033021869534659264
E02001710,0.11599129465962772,-0.08079547534830793,-0.0006358615254510682
E02001711,-0.1759327929739297,0.19105372827629685,-0.1839471223518613
E02001712,0.027131578699288797,-0.017573080087948945,-0.019695911700684063
E02001713,0.015976366886044768,-0.019175388847808048,-0.02230439230685147
E02001714,0.00024837279490447906,-0.059485972303921504,0.020890095694006995
E02001715,-0.08983047822478579,-0.03883507794921083,0.017483628627144365
E02001718,0.06989262184694658,-0.1696098434687599,0.07958572398920981
E02001719,-0.03226326833612509,0.014576777434706662,-0.042751312189917526
E02001720,0.017394413843379627,-0.0676156524299758,-0.020353422198593468
E02001721,0.027141814693632582,-0.0757112381162872,-0.10467966401733428
E02001722,-0.03543540109729466,0.008451910918023523,-0.15520774673277496
E02001723,0.03772363342513482,-0.02754830305081512,-0.004546729966785893
E02001724,0.018812673068847534,0.0372639714013039,-0.04814436275551324
E02001725,0.03458587025466027,-0.002849358754429336,-0.02046587531662509
E02001726,0.06331938167544536,0.03925817897933858,-0.011016717441437784
E02001727,0.06917652451747192,-0.07594059307974602,-0.01220980176618757
E02001728,0.0648338533228117,-0.10086899038098096,0.07191533858685592
E02001729,0.0692952480451812,-0.015280650596981303,0.01020242174933668
E02001730,0.08241667361971754,0.08659058213833354,0.022815704754792627
E02001731,0.031089832362560455,-0.0526523182307227,0.03768996248445996
E02001732,0.07526476880545452,0.10237011185835708,0.04835632195433103
E02001733,0.13889911850526132,-0.007582506489011327,0.0168382097905387
E02001734,-0.13190388453136875,-0.20861417584594047,-0.13585731382859836
E02001735,0.03712348775482003,-0.057462345741599245,-0.12032885908535872
E02001736,-0.11011870628539931,-0.005512107885965058,-0.11241169621065553
E02001737,0.007861941439682907,-0.09206949068147106,0.15074783103045067
E02001738,-0.005540745979730865,-0.049649123391648876,-0.045605075983432476
E02001739,-0.025726930332374075,-0.002445618516378939,-0.02637032207469878
E02001740,-0.030390279710032306,0.032747925672752295,-0.1396181525792398
E02001741,-0.03771758278386037,-0.05142916032511746,-0.09715692753011733
E02001742,0.018886459326648942,0.07492555265437204,-0.08811168895842145
E02001743,0.10397293773856076,0.010997273135945632,-0.02149711930169535
E02001744,0.05010442863158895,0.006684091819731765,0.016714806135662647
E02001745,0.1708928662962892,0.06625540041705133,0.12521093635896074
E02001746,0.017239341289804613,-0.064994158740215,-0.03245056031754909
E02001747,0.09110541862113158,0.06779345737274217,0.030760411896385616
E02001748,-0.04348472870501971,0.055735710583386666,-0.18090173353724354
E02001749,-0.014718280787261383,0.07341434643236296,-0.0396176850467523
E02001750,-0.005715030957107446,-0.019354436954976593,-0.10103528639819137
E02001751,0.046562758396826616,-0.08743702270174904,0.027037112365372776
E02001752,0.000380242191286904,0.023084353187343108,-0.20776214608741925
E02001753,0.04610850267070774,-0.1301714766209098,0.024037688378426854
E02001754,0.05004221182672759,0.017259438260752758,-0.09345113452340852
E02001755,0.019541708525709033,0.04102006896272851,0.05250730938888689
E02001756,0.06545567450234589,-0.120598658876408,0.03420300978425766
E02001757,0.12030516587958662,-0.031644504926498576,0.06384758159556776
E02001758,0.031064061216979685,0.04662555763142904,-0.05478102939920404
E02001759,0.017694572659359392,-0.020952186540510703,-0.15816041211035112
E02001760,-0.04618879234567873,0.0943195927635715,-0.08387141225645864
E02001761,0.07458953536634982,0.1028110185929249,0.031837008851102085
E02001762,0.002190676469360168,-0.032196724096311864,-0.09435893591964663
E02001763,0.05271181738439642,-0.04236806238610791,-0.012931229256874394
E02001764,-0.009888149102012057,0.0895320369466038,-0.006981185474872458
E02001765,0.20366481968386965,0.04087981609799528,0.28552929312921776
E02001766,0.023583837695352602,0.01592826269312168,-0.011159429367516136
E02001767,0.01013039416034416,0.019011630116322335,-0.054988248213778006
E02001768,0.18334355699164656,0.04483099776027537,0.09542616670654679
E02001769,0.25562034248478066,-0.3493556251911468,0.17619404168319205
E02001770,0.10884634495311807,-0.05170412368203557,-0.009173117734830804
E02001771,0.046161099768679666,-0.06778921121936186,-0.02898943142925992
E02001772,-0.12503086828585863,-0.08263496656637571,-0.009985723822167078
E02001773,0.1179226730045492,-0.004718971347191828,0.07132309823336104
E02001774,-0.032048959489689895,-0.002690970691265015,-0.06124449961769991
E02001775,-0.024379247433596766,0.013414949813576727,-0.12022364413289283
E02001776,0.1449500795164624,-0.020830806116727395,0.11715805853655017
E02001777,-0.03309130805103694,-0.018765370734007636,-0.2591376935926371
E02001778,0.0011670703523159968,0.31669566131927623,-0.034888490743693434
E02001779,0.05464531304847341,-0.13016095333294242,-0.06146246577362412
E02001780,-0.01735528218401858,-0.12008831023947793,-0.15115465726065377
E02001781,0.0859030645341573,-0.17042497238463203,0.03201488919163701
E02001782,-0.062445590759006395,-0.1575350360311342,-0.08738406089666774
E02001783,0.27630511828399734,-0.0434770526584851,0.1568858555323847
E02001784,-0.04919903427866297,-0.0921595756088479,-0.013648318956647525
E02001785,0.03481118090619396,-0.086016829670925,-0.06929723312489197
E02001786,0.15903248910849946,-0.026932208050161815,0.03460844184051852
E02001787,0.04356859977991123,0.11505073713509824,0.013265886610221123
E02001788,0.2174065800306383,0.02760303606621959,0.3281142492302648
E02001789,0.0055002694817154665,0.0099755798737681,-0.050565445842275195
E02001790,0.055391578115851686,-0.12245236002016534,0.07513568378354406
E02001791,0.02885692626330326,-0.014111400720198218,-0.0958461751475126
E02001792,0.09659910699329803,-0.07983621022936481,0.03664108393918757
E02001793,0.055464793727918876,0.15209767529718338,-0.017340859012668852
E02001794,0.08061683146292734,0.054220398735204886,-0.009600834972370572
E02001795,-0.098845225098498,-0.3644907771729162,-0.23632498774997365
E02001796,0.08944933779784137,0.012752288363153941,0.018326315039730597
E02001797,0.049722925002458736,0.06570874964585312,-0.023763239035400254
E02001798,0.046853035794942065,0.03334577836453879,0.0012562356605940665
E02001799,-0.01689440302427198,-0.10503912225854509,0.004397424692536281
E02001800,0.27523622095664396,0.07019095731604806,0.05001051300640718
E02001801,0.016129786380176002,0.06265831988683822,-0.11171605672899548
E02001802,0.0352635876687205,-0.11015865370077123,-0.08169200138232949
E02001803,0.1975009431718751,-0.0008063941060949591,0.17651173318736657
E02001804,0.17983962394353198,-0.0501967891042152,0.06461384628608868
E02001805,0.024864749682863695,-0.16452160268271307,-0.03774397932397508
E02001806,0.252238100082874,-0.16699148833315822,0.11608525224216633
E02001807,-0.014067394183160931,0.06824016174876041,-0.01405028365152377
E02001808,0.1364431082256201,-0.06131394248742286,-0.012788464861648483
E02001809,0.027709421337117464,0.008762189538264827,-0.08675183933487511
E02001810,0.03642231841311342,0.06217271880896391,-0.04938582448846307
E02001811,0.06220896010916881,0.026421597850587293,0.05715929907988351
E02001812,0.06867329854108555,-0.010228076695530327,-0.0464263174648898
E02001813,-0.026195266747328864,-0.10691497308658787,-0.04081162692782673
E02001814,0.06211724668683925,-0.008919289347455494,-0.017263480235408444
E02001815,-0.11655643064809838,0.21308527393050972,-0.1890469998764163
E02001816,0.05864665018750561,-0.12639573666355683,0.03743999238499033
E02001817,0.09898838465294975,0.04966941122528382,0.035551808430779985
E02001818,0.08994632797729969,-0.027056669646029374,-0.023138176130008098
E02001819,0.044080202181920186,0.08144671677181176,-0.09624291188653625
E02001820,0.14551360247600664,-0.022358913764648155,0.04729941756257442
E02001821,-0.08286369964185389,-0.21830596639679223,-0.13128252775741023
E02001822,0.01289302717600091,0.06315930980846941,-0.01098175322188882
E02001823,-0.12447437040938375,-0.1937360409516251,-0.09395916951422065
E02001824,0.030025132879603213,-0.12826106906687698,0.04357982524219666
E02001825,-0.27317224205864404,-0.27988015325297905,-0.17812752417799604
E02001826,0.042470135667206206,0.11656186670035115,-0.09308510429707476
E02001827,0.0036596595069247617,-0.0497817345877381,0.002188734186622137
E02001828,0.0344278759062998,-0.028318895679090867,-0.01245114364653134
E02001829,0.05874092117454283,0.011794543389532751,0.006493743667367928
E02001830,-0.0838795129948315,-0.09214204763564231,-0.0725424517977471
E02001831,0.012877916289722067,-0.02356712525457295,-0.05630412100864936
E02001832,0.0003907739781854353,-0.05101390251655579,-0.02467120660673582
E02001833,-0.012438973228096282,-0.07909836993800322,-0.09743007679328357
E02001834,0.0002587706996327488,0.09030762405092363,-0.1348052022343347
E02001835,0.04529363185124466,0.0028014814058365234,0.05093156526238614
E02001836,0.05758610471664109,-0.032840941907667315,-0.003965934015784873
E02001837,0.022286226050941386,-0.029787793496021057,-0.07676972032579323
E02001838,0.025423251329118515,0.05111394837006733,0.007270999058646161
E02001839,0.07632517417176164,0.01455812196944099,0.011789597360151198
E02001840,0.04404627291902931,-0.06602337239687017,0.020051246536162123
E02001841,0.10904455123493544,0.04134847266509155,0.015548646765463931
E02001842,0.03871019687887817,-0.0025107901072939243,-0.024247636821080266
E02001843,-0.0088642081896763,0.03545886638691034,-0.12079058363511434
E02001844,0.05412201128387106,0.062177370915352664,0.021431437834560654
E02001845,0.09906052796941188,0.002343870347856234,0.017736846518153628
E02001846,0.0334164045153859,-0.004481060656919219,-0.01025853201414507
E02001847,0.009539883975587833,-0.018534444159202877,-0.037546927333857956
E02001848,0.0037747378708917964,-0.012259365437855906,-0.0412385622113315
E02001849,0.019378615328639708,0.01022413379057336,0.013919342294829452
E02001850,0.1129372533683022,0.004420624821348692,-0.052788995012321815
E02001851,0.025242684033561356,-0.04313105874404617,-0.04598472262044567
E02001852,0.08867170684126444,0.08408221972811267,0.024150236583730705
E02001854,0.03388967468117116,0.11748709658371422,-0.04339446975406978
E02001855,0.013415778644293252,0.0883469307214859,0.0022700523184536405
E02001856,0.007606980543371283,-0.005231992083717304,-0.02084222458068483
E02001857,0.001291466449072931,-0.013322664239009907,-0.02494396090265112
E02001858,-0.04654711793966234,0.14919835550392582,-0.08808959111690652
E02001859,0.17867101358279935,-0.02238814258541032,0.008974088112797497
E02001860,0.055959398293728695,-0.00034260939468646554,-0.051339371120078615
E02001861,0.13952390544543422,-0.09100383504511236,-0.07780210375590252
E02001862,0.024842291360114108,-0.03477829993884932,-0.10200280246160673
E02001863,0.17230630144860254,0.19463009184869126,-0.05635459798633605
E02001864,0.21679985444526412,0.0012757410380762934,0.2782040227749425
E02001865,0.0011253159336151596,-0.014439035184790073,-0.1816922818065129
E02001866,0.20307167781563637,0.10649858554875223,0.1618206466074731
E02001867,0.08207452277415367,-0.04677847506274655,-0.022138730433201463
E02001868,0.06686664596416021,-0.04918629111273258,-0.06742236639788012
E02001869,0.11311493733324568,-0.0019087771034636384,-0.05674990493242925
E02001870,-0.06586249395758471,-0.07831200530465578,-0.142344894705413
E02001871,0.032764293558071915,0.07219374086383304,-0.045963082568393425
E02001872,0.05499420292883812,-0.012946737366504027,-0.0010693466729895557
E02001873,0.017898978001886858,-0.030229448214955275,-0.04914316864035359
E02001874,0.015333606094752088,-0.10067091699984365,-0.1049421401205471
E02001875,-0.08823435133833196,0.02866853809038096,-0.021291530667226784
E02001876,-0.13626654347741302,-0.6838881420138081,-0.052413287219054125
E02001877,0.00563197494589278,-0.03778215504211052,-0.0777876313419182
E02001878,-0.06886723117530189,-0.09959472338219205,-0.09786072236313553
E02001879,0.11455517725449932,0.13001878334200426,-0.023489849021254627
E02001880,0.008913435887200859,0.11474718530638972,-0.05070113971630823
E02001881,0.15363733962985204,0.06394408726057083,0.01622995522968283
E02001882,0.021008196924228277,-0.1340520157501426,-0.021312256074266716
E02001883,0.06706168667767841,-0.05037243742702107,0.08839389763929735
E02001884,0.022907312386781287,-0.0016661331529022978,-0.07904075594393471
E02001886,-0.07799301015185671,0.041995981261171524,-0.0772356708562539
E02001888,0.04180394075343147,-0.06232174580852366,-0.0289235021868531
E02001889,0.09792096247363559,-0.07467388075780294,0.020476821028643875
E02001890,0.026201717677308178,-0.12723637467957358,0.04163902039017951
E02001892,0.06238477570915487,0.11739654105722797,-0.013640529798597449
E02001893,-0.022986394206243297,-0.054197432014601546,-0.020234616535583193
E02001895,-0.06685243942049907,0.097045640051251,-0.11118778145041547
E02001896,0.030493153157994234,-0.09702987583825903,-0.037172831325522245
E02001897,0.026810907826335995,-0.002454527923725539,0.11590232004029995
E02001898,0.028599987438796534,-0.07640630599986287,0.016372926319218807
E02001899,0.07423427857462729,-0.10437428456815627,0.04287747372433877
E02001900,0.1313705735753879,0.42290252051529065,0.06876119457525565
E02001901,-0.0039904017912312855,-0.009927295366024198,0.0024793711138189427
E02001902,-0.001472269437373588,0.033872963117375254,0.0252193018864137
E02001903,0.09672893657892823,-0.1027694948726216,-0.0067621960912262755
E02001904,0.09009434041665994,-0.18259673822246963,0.1410234094852001
E02001905,-0.01546703293525205,0.11813066272316189,-0.027839756132684045
E02001906,0.05491265184120821,0.044175258925821796,0.030818317726223676
E02001907,0.028303115627726392,-0.0020920911144483734,0.049922907972223804
E02001908,0.06928698951010401,-0.07065726090251548,0.028740523637679597
E02001909,0.0932223678717322,-0.23940661285289822,-0.029797130228215587
E02001910,0.13291889812734733,-0.250153080440363,0.0369954822804033
E02001911,0.1329059555751169,0.06784412576159154,0.11483764696547892
E02001913,0.047965880510856505,-0.07342091727737342,0.029069497075188327
E02001914,0.005454932887175227,-0.13211154245470733,0.04814434561414759
E02001915,0.0502639617336954,0.09836149428991528,-0.026573398269523908
E02001916,0.04730369038480914,0.017863221793262992,-0.03499247955151006
E02001918,0.04871480167512071,0.10621759772299559,-0.01246311075316199
E02001919,0.05454200469923291,0.025263697483744154,0.008636873650799588
E02001920,0.04138293687332765,-0.0030256637863364873,0.101127794995461
E02001921,0.05995902800046192,0.07994618837503764,-0.03371905630221435
E02001922,0.02611535101502251,0.04718489786107938,0.005621450735504757
E02001923,0.04707635921434424,-0.02922273081648799,-0.03340991740123112
E02001924,0.033028345459919776,-0.015508276436090818,0.03644231203458917
E02001925,0.0740430146660484,0.06218308059740118,0.03507998057605616
E02001926,0.09822754228492561,0.03471710522848809,0.02184090924083907
E02001927,0.013903280751337429,0.017029837401693622,-0.03588367524331353
E02001928,0.09424696441980412,0.05205226868959876,0.025572282862370423
E02001929,0.057006506125012624,0.012177774219650815,-0.003354806979059296
E02001930,0.00260001208925096,-0.00318563656129979,0.0010348308083323239
E02001931,0.012110927368599313,0.005668287575526474,-0.05232403513585039
E02001932,-0.047504296032007835,0.02722392531485357,-0.06689812008030448
E02001933,0.0641961825812398,0.02965795386252003,0.027260677660090445
E02001934,0.03089491318937215,-0.03450420014137778,0.00352336842160862
E02001935,-0.017052020806002845,-0.04132481641600949,-0.05481746585383233
E02001936,0.03316921574617065,-0.061761798423781655,0.03203252155687127
E02001937,0.024125408978771523,0.03559742041665738,0.004791761998445342
E02001938,0.04062297590869066,-0.0977276018440336,0.05084057638563426
E02001939,0.09719898683536626,0.08587371119378732,0.06131232518388936
E02001941,-0.05033558404379876,0.023167314383162323,-0.09710514325074908
E02001942,0.06762618062445831,0.07640543217856206,0.012227693081096815
E02001943,0.0423980240422462,0.07383895762977351,-0.054601773915962534
E02001944,-0.054784823794598765,-0.02246980023017602,-0.049618033309628974
E02001945,0.03214852245721623,-0.0370097785110648,-0.043998649448003926
E02001946,0.10383922901379612,0.06724383144338968,-0.02344543789868402
E02001947,0.09838522024676687,-0.20601899290462986,-0.03262088403775566
E02001948,0.042318024640909314,0.016551263992771056,-0.00879604938741976
E02001949,0.08852502463179458,0.04810558234360361,0.03410508139691533
E02001950,-0.02224733909034567,-0.0014604670961360711,-0.053469683619043765
E02001951,0.05984454460945947,-0.06171575774991273,0.04367025805128589
E02001952,-0.014376704503370379,0.11337584308370284,-0.07445671844711278
E02001953,0.033424745036227554,0.045542243765527846,0.019905786542804477
E02001954,0.00937456467132816,0.07439265586411344,-0.002928545679040281
E02001955,0.054497078457086706,-0.009147010392199876,0.06022960662338582
E02001956,0.1587259875881045,-0.008298435617870548,0.09338890866992951
E02001957,0.03302055782249906,0.028275172027732078,-0.0003023446811534233
E02001958,-0.020346084007358888,-0.01215817740893964,0.02144366205274814
E02001959,-0.002562466411674277,-0.05171218228747157,-0.013988944261846306
E02001961,0.09423520491407311,0.0044961897381805265,0.015167062648751676
E02001962,-0.01920193552429653,0.02459041749084135,-0.06770105555383116
E02001963,0.0023990481541421604,0.05141373308929634,-0.04550154548796627
E02001964,0.0892171866466072,0.013347485593847542,-0.007117699785986767
E02001965,-0.006658042849591286,-0.061136045931182624,0.05812613930759724
E02001966,0.06216359596021269,-0.017021732510658815,0.02951700852836797
E02001967,0.061143699092411,-0.005991598577562732,0.10911777080038265
E02001968,-0.051133730098971916,-0.07147675442579685,-0.09466152401769369
E02001969,0.0041253932459382504,0.0473696610652164,-0.03075759203904944
E02001970,-0.012413670551326719,-0.09586727704620482,-0.06917609026992898
E02001971,0.08665586580652121,0.0702532892388397,0.026773457220327705
E02001972,0.011616822402745646,-0.054633202921470184,-0.05753756864517592
E02001973,0.012152082043476344,0.07397174130141945,0.015891160226231424
E02001974,-0.009926854091242093,0.017703577042904376,-0.032046419418191065
E02001975,0.05731686962786437,0.04214522498189266,0.057646781658677516
E02001976,0.06344884104806349,0.03740865692015865,0.10610854932638591
E02001977,0.031673573068725876,0.007967817683677736,0.057111339314628036
E02001978,0.05611669319136206,0.04263983797380297,0.04309268420056564
E02001979,0.003797419911595092,0.016893703649487446,-0.04121675339982049
E02001980,0.020406571761505943,-0.0018065159929915016,-0.008535990156735888
E02001981,-0.05493837811278074,0.01628513041484739,0.029113707179145434
E02001982,0.018688654416338456,-0.08721983475120658,0.06055031663945306
E02001983,-0.043762699334960874,-0.03755824437846218,-0.05698725587781295
E02001984,0.06985472762242215,0.06373769027621842,0.057743002517174305
E02001985,-0.013712401656411981,-0.01011019917315531,0.016184556814365942
E02001986,0.05449760456975962,-0.0052844550014507045,0.033842994357188155
E02001987,0.028179724653078643,-0.05103444100406604,0.02651042724599245
E02001988,-0.08941214248289223,-0.1616931867215364,0.04416458205821924
E02001989,0.04561381780297213,-0.0011400823627339151,0.008737122642635401
E02001990,0.04930870265091763,-0.0002032994511682055,-0.0010980013450110576
E02001991,-0.008699856624965117,-0.023579586520759414,0.035914869174587694
E02001992,0.05261786857128154,-0.12001112382389857,0.09694690604877143
E02001993,-0.03980626707261488,0.11669205742781368,0.057143673534181684
E02001994,0.009915627911769235,0.07520587589201772,0.07603281106090824
E02001995,0.025017530611205794,0.046604211091311395,0.006146857233045154
E02001996,0.0134671304782119,-0.007820619647609144,0.13611752896740273
E02001997,0.033854387336917514,-0.03609703041233791,0.04767181625938298
E02001998,0.011601377017040131,-0.01663200483961727,-0.0026823921404466296
E02001999,0.14511194109652506,0.1676368150543407,0.14416340184861728
E02002000,0.0733457434698771,-0.07538631135190221,-0.07862711073593837
E02002001,0.094204038520374,0.06431329176932209,0.01672989283429465
E02002002,0.09309502241875682,-0.04776932534351506,0.017347654837152903
E02002003,0.07668716163067353,0.09135414411035647,-0.06061516383372299
E02002004,-0.04240126337320511,0.02825313097284225,-0.0584795883225434
E02002005,0.09486957129673633,-0.004992051754129407,0.02698776621468439
E02002006,0.05830176090018775,0.1316836026035183,-0.054169094475040425
E02002007,0.08292800261198317,-0.030269814049103602,0.005260204882217176
E02002008,0.03067641491897418,-0.10611129505798532,-0.04548328183383041
E02002009,-0.11726562464407479,0.07761207850749921,-0.40240721396828244
E02002010,0.06535196413794997,0.06742064552104113,-0.024278417295735485
E02002011,0.06346286626750101,0.04183602516143103,-0.05046846915965819
E02002012,-0.0310636340937928,0.0064458266903096905,-0.12591469323326213
E02002013,0.09305306079398688,-0.008685314614583066,0.015863105552300083
E02002014,0.03339757121890446,0.08388267476198653,-0.11339200863134047
E02002015,0.08688438765423201,-0.08109353439288625,-0.03200278939787309
E02002016,0.013080993778544315,-0.0293247284844287,0.028378305453872776
E02002017,-0.006801624419490904,-0.05975089451309354,0.03699020460501006
E02002018,0.01547377518408525,0.03829729781579068,-0.09659779238580182
E02002019,0.06936868102030817,-0.0013420424080672106,-0.04351975175201787
E02002020,0.05255538876021239,-0.01966878526918871,-0.01743272639894454
E02002021,0.027414128578889734,-0.05613135899775447,-0.07117736029114895
E02002022,0.1083477710003359,-0.06254075989607336,-0.0021362983667922012
E02002023,0.07811547304105301,0.03013406123887602,0.040837381884876775
E02002024,0.08947841455582951,0.026021907130024703,-0.039743258383418516
E02002025,0.021992340680093266,0.05061547237000554,-0.11126942975786691
E02002026,0.0036459833414228164,-0.0293732015870497,-0.011496799216447301
E02002027,0.09811081146429129,0.06168662293848141,-0.010493507151761
E02002028,0.04168729227374793,-0.049587632315084534,-0.07617799640557202
E02002029,0.05809344088486447,-0.024930613169812897,-0.04598953346483241
E02002030,0.027431632118051632,0.058997097653781895,-0.06865794961918838
E02002031,0.14791217826303923,-0.04258202059061205,0.02207552929746602
E02002032,0.09696130693577122,0.039241403563839636,0.016077228421368037
E02002033,0.0484610715935948,-0.013022827688174282,-0.010643641169014824
E02002034,0.07344334929429819,-0.0005934902829985181,-0.004538862628312902
E02002035,0.0475594489498034,0.045941913920643,-0.04817100963536851
E02002036,-0.04111193667297358,0.026612724685755748,-0.0936832464451593
E02002037,0.07319509591008401,0.05892855735766268,-0.08515069997883588
E02002038,0.07952561597336351,0.010687162915725842,0.042628534852368276
E02002039,0.11417262216592812,0.0017666085702546695,0.0328086968868867
E02002040,0.04386579199955903,-0.0029858291131669144,-0.08305564968164503
E02002041,0.014399350277241704,-0.021866501983774884,-0.09773195677280581
E02002042,0.007640022913333656,-0.024156538318031332,0.005502855419727037
E02002043,0.04929714141356555,-0.05637893177570358,-0.06888657925044983
E02002044,0.14222759299893026,0.0033640935716018894,0.056168793362872234
E02002045,0.08296790664401674,-0.04112095969301923,-0.007003991483218368
E02002046,0.11225927309001549,-0.11041898310784724,-0.0006075853442912035
E02002047,0.07912493351486093,0.056944558793122345,-0.14875423894049916
E02002048,0.03342610601659066,-0.10889673835644655,-0.04739437950866544
E02002049,0.13351618528353684,-0.11773579803186211,0.05355485410459524
E02002051,0.012207584952907543,-0.1904874868659354,0.05081614935728494
E02002052,-0.02277305904229958,0.07341915368329509,-0.1088650661424499
E02002053,0.0036934568308710654,0.04197299804484263,-0.10169063337099661
E02002054,0.01685222890924525,-0.06142804005358774,-0.07873857684584547
E02002055,0.0854423599112271,-0.007927778425207161,-0.006591683306705063
E02002056,0.09113063284595552,-0.024767265125110557,-0.006044676925968823
E02002057,-0.08746858610567283,-0.0022861636892047253,-0.17223941405375306
E02002058,0.04910119096227205,0.04584978786427886,-0.09878118586068077
E02002059,0.05667374857072188,0.01577014846813416,-0.027194205198521254
E02002060,0.013933820436215343,0.03025200178255571,0.026800818849706125
E02002061,0.01981012894798039,-0.11349796077804611,0.030339308319424007
E02002062,0.18944443904160918,0.06052002768616483,-0.03268852226892233
E02002063,-0.005339633960154613,0.08277453348545687,-0.15463676122860182
E02002064,0.06158345964293753,-0.11272090281657436,-0.013111385678779893
E02002065,0.07304538563771068,-0.07309761841402285,0.04623166642494182
E02002066,0.0906530350136848,-0.04070905744640129,0.09782792595581187
E02002067,0.03430316770396448,-0.04044861795396583,-0.19196145528327835
E02002068,0.06410704468781035,0.042198584235759035,0.03224358975459139
E02002069,0.017339931474923714,0.21126910621457676,-0.04867340535872228
E02002070,0.038011469033887024,-0.09643019332969835,0.020315071588937705
E02002071,-0.001246623398140138,-0.02407531178597408,-0.12619048413328596
E02002072,0.06339448618746368,-0.09874742169393057,-0.09314850699803201
E02002073,0.014331892447054207,0.01705661678222825,-0.11832214245768465
E02002074,0.043837730238254685,0.04432989787767877,-0.06355365309787954
E02002075,0.03683662762333228,-0.1114630094264591,-0.08144503985092988
E02002076,0.06099236318514514,0.03651631470532922,-0.050628801107037276
E02002077,-0.018121158131220054,0.057852001094541666,-0.03671523881405617
E02002078,0.02459817535739452,0.04921267016931713,0.008656339876422078
E02002079,0.08403495402959893,-0.04456153006819258,-0.0021194664597655
E02002080,-0.04885536377460265,-0.0012017987560255404,-0.23940600553714078
E02002081,0.012916423560299178,0.01271543729052113,-0.04851302390795767
E02002082,0.008187936986649498,-0.014812224108978388,-0.03085817313274836
E02002083,0.010904790166587538,0.008576310993015887,0.012902354910543635
E02002084,0.09983679657248244,-0.1285513114884529,0.06806794915033733
E02002085,0.13526593531969797,-0.10318906704804744,0.03749409220955865
E02002086,-0.22080177100861262,-0.10358451007790538,-0.09001085132519701
E02002087,0.02830093305937676,0.02720522823734533,-0.03088750767673886
E02002088,-0.030834138066754956,0.024794829009528282,-0.007242172913905116
E02002089,0.013143522948204,-0.02688177426962581,-0.0029031306908784485
E02002090,-0.04384976661552083,-0.024337081369085814,-0.043409588220848644
E02002091,-0.007132697434297303,0.03233548770120931,0.012730297459975271
E02002092,-0.06547437246805853,-0.06743130453177305,-0.06545690528834565
E02002093,0.01888687123371735,0.017282417740761516,0.05065794399664307
E02002094,0.087729275895265,0.0777680649324187,0.04152975148281463
E02002095,-0.009298758181265175,0.055041480158132275,0.01978693467961749
E02002096,0.048780577267161014,-0.010485216313054463,0.03425521629560091
E02002097,-0.01725968617128993,-0.05421140565603185,0.011626535454158801
E02002098,-0.011204750076273194,-0.044869738402727836,-0.01867091196959683
E02002099,-0.024703575813668555,0.01115325237960511,-0.04439659256339745
E02002101,-0.013530403108044606,0.011744810104814214,-0.011055865210946871
E02002102,-0.033987980734937355,-0.024168147321313525,-0.04907737630082717
E02002103,-0.020962651024879073,-0.006298440335700822,0.015650456435788725
E02002104,0.009056179905380598,-0.10511176071120643,-0.011261511014340935
E02002105,-0.016966533772041045,-0.015166158625663942,0.00820893928771728
E02002106,0.006337699998914844,0.04006296578930716,0.004838889519780794
E02002107,0.008759323601715175,0.01986260529745921,0.03919949071438412
E02002108,-0.040250884997789255,-0.029410308791008536,0.005874516487615551
E02002109,0.016191701574694267,-0.004084400990533257,-0.010953567372623907
E02002110,0.05769008265580621,0.10088705729035491,-0.07817699406926228
E02002111,0.1747111036636943,-0.03914906833841247,0.06675385232669065
E02002112,0.048809576701478986,0.04800596051606558,-0.10056222416792458
E02002113,0.08346161741209027,-0.06425217667249154,0.008056223213835752
E02002114,-0.022321649471530387,-0.04672679655606622,-0.03147663891571754
E02002115,0.1342471473914736,-0.029376922774033514,0.05796714773247902
E02002116,0.09061032359937181,-0.0222053195872425,0.013323953080933452
E02002117,-0.014799855177831212,0.07085144480519816,-0.1245067982475052
E02002118,-0.14833136179440284,0.13622448130819564,-0.2597134113381616
E02002119,0.01457966885156662,-0.09188990581687087,0.029704309804296485
E02002120,-0.03551189608945006,-0.054913803441801363,-0.08720509614069803
E02002121,0.021428130559799356,0.0026063243781184998,-0.007525869115340503
E02002122,-0.2675496739209081,0.047669945479435795,-0.0782884779795639
E02002123,0.030799365515787627,0.08595776490120706,-0.05970909604277141
E02002124,0.07619357519420919,-0.04876653897352905,0.048660309878835725
E02002125,-0.04386285846939065,-0.0592738238436873,-0.06959613394466051
E02002126,0.13453722436168863,-0.12925266356219148,0.023058871116986877
E02002127,-0.06869256565219342,0.04817597308363309,-0.25046184175501623
E02002128,0.06901953238715608,-0.05456400207886242,0.10683570971605595
E02002129,0.17942285706896963,0.09758097735859435,0.038914793819209696
E02002130,0.009438949222431816,0.07689857456675758,0.09170958387806438
E02002131,-0.051858201240233555,-0.12882254707211438,-0.021944301950118622
E02002132,-0.04912077150427466,0.03682972351846018,-0.01014895525359807
E02002133,-0.14021248977668296,0.07087460070880072,-0.12972106960608545
E02002134,-0.025073930788257898,0.04389575043189419,0.01777576929221935
E02002135,0.07201970153396713,-0.08710956900762488,-0.03900078757847686
E02002136,-0.11428093068011354,0.0144531750418665,-0.22793879359457567
E02002137,0.05232746747435702,0.04755110206334815,-0.003935718881264952
E02002138,-0.0023118780632044667,0.11814474900731327,-0.03815947879579289
E02002139,0.0530133808576277,0.059734984733830626,0.16019963357674144
E02002140,-0.04349234933293677,-0.10481860967251128,-0.1556479306999945
E02002141,0.029423601409367832,-0.07214652953777274,-0.0042286319333196465
E02002142,0.2125727789778711,-0.20896665825808092,0.032047813067998435
E02002143,0.027906243329881633,0.07366403931920053,-0.004562285549030266
E02002144,0.06469837373010771,0.06325452285754649,-0.07620908890563115
E02002145,-0.010154866200148802,-0.03329777149864274,-0.035730611671248975
E02002146,0.08098665041260604,0.03280690699974389,-0.020153712078360718
E02002147,0.0730517999187782,-0.02293151557567233,0.01901422061750918
E02002148,0.011069270045557503,-0.047403575809567104,-0.04354011555607859
E02002149,0.009585766015779727,-0.04377253431575385,-0.10674100302513774
E02002150,0.18762425320146972,-0.02729515306590279,0.18269142660741913
E02002151,0.08058599693870162,0.0713797960752622,0.01898214847949602
E02002152,-0.01920885579938072,-0.07105188343101189,-0.0470636480565376
E02002153,0.1031551699315857,-0.04226779354737802,-0.019615634201433266
E02002154,0.07897364478097933,-0.08819632299100182,-0.0381620845857437
E02002155,-0.0002287333498885141,-0.07648779493662408,0.0011417874851986829
E02002156,0.020254681529162377,-0.03518289081224943,-0.07761662384822395
E02002157,-0.01450436270442434,-0.01774660731718202,-0.1456185416774392
E02002158,0.11205588772841388,-0.05761242716652773,-0.007256037832678721
E02002159,0.24778595697410613,0.04738816978320686,0.16078904814701508
E02002160,-0.09898315334585686,0.2315069029043956,-0.1647390584765754
E02002161,-0.15416786992368664,0.14078458360393772,-0.38054297726899583
E02002162,-0.02280156061505459,0.002951172126824648,-0.09100082523019506
E02002163,0.12856635794872592,-0.045226045839935274,0.05067370865620437
E02002164,0.10489254373842698,-0.039959713073901365,0.008830829143326236
E02002165,-0.004360339557325567,-0.06873767406744248,-0.09413269408634058
E02002166,0.04219124029567931,0.05561006295555346,-0.02302456425181087
E02002167,0.04316846713502337,-0.07370419222738786,0.05169738607599141
E02002168,0.09441221203636846,0.2724177465288259,0.09389509161877871
E02002169,0.08348638155116414,0.006136595069962573,-0.03209243013074969
E02002170,0.11946968148244413,-0.1467018251598325,-0.041085171114732526
E02002171,0.009985175985763798,-0.016396642981344196,-0.028824342586043553
E02002174,-0.0016589384086794102,-0.014603698810690924,-0.05868050107637556
E02002175,-0.011839218344316546,-0.20916801418941702,-0.0809271773777608
E02002176,0.08178110413931038,0.1757953654896063,-0.053145257595779996
E02002177,-0.10095622028808451,0.14831260170004962,-0.022045463625671065
E02002178,0.061876697230869214,-0.0038419574586902156,-0.01875608044365276
E02002179,0.0764000267961335,0.011979604555673762,0.027078394095054796
E02002180,0.15690214248359916,-0.016018391131568433,0.014334014350127081
E02002181,0.008825009066073655,-0.13729383830828587,-0.17932687919851617
E02002182,0.08795895797889253,0.0005821939849645435,-0.022971704483376414
E02002183,0.04278189800163073,0.09290319890196044,-0.09184938408969455
E02002184,0.01757135323378169,0.0032349258862501024,-0.06616567618605114
E02002185,0.01399718822992029,-0.03051026238760025,-0.07947982082263533
E02002186,0.06858893224856655,-0.04406599928645777,0.02866337662805723
E02002187,0.053483793103188765,-0.06062590693137693,-0.01090628588933329
E02002188,0.14557917782238505,0.118708438170705,-0.004813633398836941
E02002189,0.0068653293382575946,0.08255465556228124,-0.046273150807322895
E02002190,-0.07072597811320645,0.16910158218489046,-0.11574808423621677
E02002191,0.02608842689208122,0.25510621103589987,-0.20405981704780135
E02002192,0.05986335122667047,-0.007697851960036604,-0.03182387027440839
E02002193,0.013496290664068749,-0.058132279490375076,-0.22891092352713047
E02002194,0.03501639522202245,-0.007624427844289883,-0.007305033736918759
E02002195,0.0941715183043988,-0.06118627169753253,-0.019512538606585226
E02002196,0.02515157313990372,-0.02428441531666509,-0.07630648473175752
E02002197,0.03853567723500914,0.02497482779905282,-0.06311158234813036
E02002198,0.09204846808419365,-0.015530802134703777,-0.0003019367294921449
E02002199,-0.02459967752531356,-0.015077792853232748,-0.07178748073472128
E02002200,0.11442438170577246,-0.016574158268308787,-0.04279198094606242
E02002201,0.03751295428606685,0.02860238679222263,-0.019179459357109956
E02002202,0.04915967348421368,-0.07543916028585428,-0.20346689864773432
E02002203,0.06403782900714164,0.0029398610579116423,-0.06341637382281765
E02002204,0.06055380687751599,-0.029876772428262782,0.011448031709706761
E02002205,0.0782842992720412,0.026413092248867533,-0.027550634956982657
E02002206,0.07954186297735814,0.049761407908046215,-0.0745945322244298
E02002207,0.05095211543034767,0.1716767814762255,-0.15790774674089747
E02002208,0.0545572933297111,0.04706610170340293,-0.15011950399465027
E02002209,-0.13214787014948992,-0.040309848521099485,-0.33245595123460975
E02002210,0.0608168932602914,0.08635743212599294,-0.13560586731797264
E02002211,0.022249801400945148,-0.05383615894794344,-0.09053588167661511
E02002212,0.06677745254441167,-0.2002324427848552,-0.055391128218141815
E02002213,0.06890144357104583,-0.11872563189514393,-0.09619297745303161
E02002214,0.01987411208433206,-0.1045537170538602,-0.08383035302853764
E02002215,0.07769439425876916,0.30000834270426413,0.023441571705791225
E02002216,0.441896164459719,-0.16262471579407192,0.1713854665643211
E02002217,0.13784234601098513,0.06923857493317888,-0.07667171454617465
E02002218,0.09552135813115858,-0.02891666947208985,0.03715946747439771
E02002219,0.08378244590041357,0.12057929018781265,-0.1582392810988981
E02002220,0.058902410442605316,0.2058763278752258,-0.050858709878528016
E02002221,0.15947560480648174,-0.022462536450098623,0.140198455591141
E02002222,0.11328713347544556,-0.2045354281260156,0.033306104851157085
E02002223,0.160536444085998,-0.36534471303459126,0.009677107643384267
E02002224,0.1730386830441411,0.05539981016716977,-0.06925361119434666
E02002225,0.11886186287804623,0.09496180390388004,-0.010337497333839894
E02002226,0.043291643814529816,-0.12625607661219768,-0.016728217023251526
E02002227,-0.004467805100778747,-0.2777630437079853,-0.14127800915077707
E02002228,-0.04540206374949132,0.14046565469917088,0.001766989566270301
E02002229,0.07407865030933654,-0.0027637703110961857,-0.08230440805692625
E02002230,-0.2257023645111686,0.0127320370500115,-0.30845298614174577
E02002231,0.049676985619724064,-0.04939287823267345,-0.024288411435131003
E02002232,0.07711738845096226,-0.4723793017974092,-0.03935634440241862
E02002233,0.05497021675141835,0.0384550096765683,-0.17417163639017538
E02002234,0.07045078923465489,-0.25566268708689205,-0.1609397035636439
E02002235,0.0517654155151554,-0.14419307610849166,0.024458022331839517
E02002236,0.11142319130118365,0.034328660133465916,0.0011341438777899098
E02002237,0.16285232349009776,0.06120259744125799,0.05192453329185964
E02002238,0.02747342013229271,-0.09529897435947098,0.03257788159333004
E02002239,0.11411132121006452,0.012220854239513725,-0.06715000254903156
E02002240,0.15663042753932901,-0.10845966340529237,0.03708213008619328
E02002241,0.092032231336915,-0.07250685835500087,0.008239145995563829
E02002242,0.07765319634382067,0.02438602137030586,-0.03510117753208535
E02002243,0.10335620930174921,-0.06204469930152137,0.05608231508397263
E02002244,0.012252609438137158,0.09408653718431446,-0.06493617869284429
E02002245,0.12676717555585532,-0.17543169141587014,0.050956775707049824
E02002246,0.0874501973141751,-0.028863463822357754,-0.023122992393756106
E02002247,0.006168833140510184,-0.09786321301263863,-0.07222494634178844
E02002248,0.011662646148951508,0.13455860488465188,-0.13499713842990552
E02002249,0.05627865893909846,0.17425445097175235,-0.028923344191776553
E02002250,0.07482086389893021,-0.13913855917824303,0.030789028065759127
E02002251,0.04132857935479019,-0.08317895632927992,0.04071464973109815
E02002252,0.022581964469277568,0.04265560281508144,-0.09361954141867498
E02002253,0.14501475279924264,0.15804444333026244,0.023239496536962684
E02002254,0.11918688375230502,0.13727177551896658,-0.03273075930242626
E02002255,0.04924044019804622,-0.10084783877652051,-0.05606508899645915
E02002256,0.07794965540341692,-0.07667147429287778,-0.02714832742505268
E02002257,0.19393356798438297,0.23372228493034433,0.04869577683250068
E02002258,0.10763390452415318,0.08095412616067571,-0.008249611889998624
E02002259,0.007610243977854722,0.08801608432600078,-0.08681371854520219
E02002260,0.08992087958694696,-0.1073174222749619,-0.02664696565001588
E02002261,0.09722353213784639,0.05859566760141229,-0.0066154920350176534
E02002262,0.02781276281927363,0.19980970220150682,-0.09505543949782994
E02002263,0.036464161238688154,0.04337351849181993,-0.07288914113112947
E02002264,0.00781895460372729,-0.14294219115457968,-0.027288463062544406
E02002265,-0.27220486627549745,0.1408431610246341,-0.3279593889246596
E02002266,0.0996829858160065,-0.10832212055143205,-0.022040714283563908
E02002267,0.10053938295196221,-0.00016546357224369844,0.0037353455351944076
E02002268,0.07290802370991303,-0.012318122599042957,-0.06145955523546037
E02002269,0.08997820247690608,-0.055517569528672595,0.025834315555891805
E02002270,0.015636964823520682,-0.03096550561244893,-0.07472313667372377
E02002271,0.06104069797248602,0.08413745730561127,-0.08374404275080134
E02002272,0.027402340122694498,-0.0303486325222457,-0.01357210521658301
E02002273,0.07731175637419502,-0.07689697644353866,-0.06280809328559374
E02002274,-0.02426058236583981,-0.061240973752024384,-0.09412942595625422
E02002275,0.08396147416547776,-0.04674955885943567,-0.0568367096177573
E02002276,0.07442260059724012,0.06864418822150056,-0.009557250549727633
E02002277,-0.007734699403034126,-0.050708244635645015,-0.1562734704647357
E02002278,0.14484421510900555,0.09413632996083487,0.050904186397489094
E02002279,0.12578359846822118,0.20344625823112295,0.11531778536090856
E02002280,0.1789246795759104,-0.020401392135683843,0.2524721862477109
E02002281,0.05342967213089574,-0.00960944064920353,-0.003379725266425437
E02002282,0.05570602141649268,-0.0806923734500904,0.041694419326491185
E02002283,0.055736052002764463,-0.016621481181325556,0.029750232333769278
E02002284,-0.004343229881918299,0.026365157916741083,-0.07742811103693632
E02002285,0.04152001711628633,-0.012288314139924424,-0.07033704094504506
E02002286,0.08321800443078506,0.0058358103376883715,0.05427192716702551
E02002287,-0.03188818065880882,0.0421591626004667,-0.154566456023663
E02002288,0.12441994890308394,0.09903191669729798,0.062122940319102336
E02002289,0.0943125233295207,0.15663273178334428,-0.07319930528962647
E02002290,0.08705937640686388,-0.0246170101338079,0.035626100223609625
E02002291,0.015939533035920387,0.007715268258311273,-0.04201827359045941
E02002292,0.05332978545705957,0.09923172879768774,0.001142571518995905
E02002293,0.013139261699452882,0.16567637434108712,-0.029941913299486724
E02002294,-0.07605872302699276,-0.1426748029522908,-0.15410723899477938
E02002295,-0.0699572374265543,0.030073552043467372,-0.13924418455971774
E02002296,0.0058979101192812786,0.05689800680337965,-0.035699994275857704
E02002297,0.0944655376150502,0.01129572459047068,-0.05134681219292286
E02002298,0.009133986670803743,0.19923163316103332,-0.07779747659828079
E02002299,-0.07473498843837965,-0.07449417359814459,-0.10598004313004106
E02002300,0.057642375507215224,0.007866498953812914,0.011859773850728027
E02002301,0.06676369620220625,-0.10144031770514916,0.09558373828253186
E02002302,0.0687502331504877,-0.0029768205238582756,-0.11234306843700782
E02002303,0.09099104183323803,-0.006702486714899222,0.07250294608385549
E02002304,0.015892161178534675,-0.0432218865307052,-0.05883846348317559
E02002305,-0.0407718795004576,-0.07550579272200822,-0.15986104499787068
E02002306,0.029125563210599822,0.03408369831135503,-0.026185428069904006
E02002307,-0.031692484269700755,-0.02020683135893609,0.009410271928459566
E02002308,-0.0017271299303199647,-0.014917651432216232,-0.04158774355235789
E02002309,0.007489759043283163,0.01198441553282249,-0.10430817606488464
E02002310,-0.02543173375630428,-0.03155822723429829,-0.0023938581239661676
E02002311,0.09845589663338199,-0.016031909321261133,0.05643776550797523
E02002312,-0.05783851033377995,-0.03488312347719058,0.0263765753019044
E02002313,0.19600852874051056,0.05474014726671624,0.006050002538661848
E02002314,0.0764818308026822,-0.05873082134533657,0.009148776191659531
E02002315,0.07802360521019736,0.024191409418723574,0.0480784772619088
E02002316,0.05719656794259929,-0.00653140700610865,-0.10891586580364761
E02002317,0.02571367834177729,-0.11812198325339208,-0.045373147768481725
E02002318,0.05699464883986288,0.029577347370050504,-0.0875147042693043
E02002319,0.12543307884413815,0.1144264662915328,-0.10144858915973833
E02002320,0.07453748899519254,0.027936377103517932,0.06035173067991147
E02002321,0.02947765064456726,-0.02587447492698156,-0.011062748175940879
E02002322,0.10632619527737293,-0.10306661060634847,0.09529728147296139
E02002323,0.09272026002371148,-0.05118248985418974,0.03928930224642563
E02002324,0.10759474418187427,-0.046661098987182244,0.04533607658268805
E02002325,-0.05138978136566379,-0.03838328750676928,-0.06754760948424413
E02002326,0.10805932220472556,0.025990556241993524,-0.0003056098632115016
E02002327,0.06583397598764094,0.004917587876511637,-0.07583446381291042
E02002328,0.09512740198603686,-0.05570819063429229,-0.026752571849547064
E02002329,0.02939654302444306,0.00337316614873,-0.0700176711569735
E02002330,-0.025723520818594647,-0.03047391517303774,-0.0158533975693708
E02002331,0.0660817955385155,0.0684277337231711,-0.0646840605895462
E02002332,-0.017803067685489386,-0.04122924444157401,-0.01362166567322655
E02002333,0.040547963180431586,-0.005535095673285994,-0.02904772899305945
E02002334,0.008802979792840112,-0.027109261000945267,-0.027233559149585536
E02002335,0.05189516395748602,0.026857546279941077,-0.05143699514743948
E02002336,0.005260635092101203,-0.042551330410167156,-0.10390344868983963
E02002337,0.03816606413958383,-0.061126251382796516,-0.09095173784820991
E02002338,0.06820221469156527,0.0254322330274867,-0.044342466083108656
E02002339,0.037304672637562535,0.05321683738428095,-0.056701605082588494
E02002340,0.049162275316140355,0.034920945633309296,-0.01255566180079149
E02002341,0.09390820395618145,0.026691203555789644,0.013313784493382243
E02002342,0.039684898719905735,0.017994857579945026,-0.03823590666697874
E02002343,0.01111491731479685,0.02072942615137908,-0.013502844553298326
E02002344,-0.0688107241436213,-0.0010662495819277714,-0.015155643379680379
E02002345,0.0005951228027546339,-0.09397897804135721,0.0002800922450165542
E02002346,-0.06715897898807699,-0.034958529638746974,-0.08536457769488218
E02002347,-0.06261994224661128,-0.029476091161997845,-0.07374506823228495
E02002348,0.08525729253260247,-0.12091897824596833,0.03551158113967031
E02002349,0.0628447674237466,0.0927037398872035,-0.025762601336560324
E02002350,0.0049619268599265425,0.03210338356711546,0.009683431375750963
E02002351,0.0973548842409671,-0.014127145972791206,0.003987660052264951
E02002352,0.009983499108263896,0.029799198391948258,-0.024997485128391235
E02002353,-0.009701153057532422,0.00024602337054448583,-0.05812697297457297
E02002354,0.03307645633746848,0.021845412863025312,0.028275279167523957
E02002356,0.014144869021321964,-0.0030061757073228793,0.010292383621702528
E02002357,0.03613214449046431,0.04737221812981901,0.0005716943384985873
E02002358,-0.010797282700451303,-0.15677006747359726,-0.17236495684595576
E02002359,0.07682247464088801,-0.01008430982584299,-0.014467511511087007
E02002360,0.0590751761521912,-0.0337869327133443,0.04839820191620858
E02002361,0.05382072270666916,0.09619718055568824,-0.022244232134163395
E02002362,-0.006503889216322432,-0.022850909778997865,0.0014584504308172942
E02002363,0.058229529425979566,0.029768923278174198,-0.0031593377552209022
E02002364,0.1285233397468038,-0.06223569831680468,0.030200599143234728
E02002366,0.010403469953165847,-0.10980485672420373,-0.049343948067426834
E02002367,0.04241382479419175,-0.05518644179488608,0.036719373012753784
E02002368,0.028304083519799343,-0.04140861800799126,-0.05226469938324104
E02002369,-0.051045869949893186,0.00341085078245381,-0.18998395815040864
E02002370,0.07454547096854079,0.015088385466342823,0.031991511964196424
E02002371,0.023209049529088015,-0.11277220437309687,0.08088087977049345
E02002373,0.09959407492868536,-0.08685813296172733,0.020665991254008476
E02002374,0.006790202807274234,0.03037740059682424,-0.08183983296239555
E02002375,0.09776133802059385,0.11801293537623321,-0.03180885356711357
E02002376,0.01884362152580827,-0.014751514473928692,-0.06740538837991
E02002377,0.04041212285803242,-0.14646993338130343,-0.12762638843163693
E02002379,0.09805206534732837,-0.1100133811105584,0.10316640906358718
E02002380,0.0022091295605475483,0.048342242485463455,-0.09218831150771566
E02002381,0.04548084907095097,-0.026069907085434846,-0.005980269245406998
E02002382,0.07919061094431065,0.03975792912069589,-0.20921771968099936
E02002383,0.1560472154807962,-0.1481637276551747,-0.011978434483657619
E02002384,-0.10945339386995273,0.0748896904604324,0.07861631465517445
E02002385,0.06843866068959555,0.016519442599887628,-0.12737301025459552
E02002386,0.07059472870791104,0.0469023500979484,-0.042614304651037445
E02002387,0.04550969643760779,0.03574097584514637,-0.0397974359741234
E02002388,0.051221803644798364,-0.05317958482061306,0.00855894765983995
E02002389,-0.012203327837230254,-0.015836036767291877,-0.20742144142563793
E02002390,0.044191770993939325,0.01535185663877223,-0.06463911862366781
E02002391,-0.022435055595632504,0.011375931190252498,-0.047839499471586916
E02002392,0.09413099575341162,-0.059334358243370224,0.07897196777263181
E02002393,0.17097924809107318,-0.027428436409150284,-0.03975327473867214
E02002394,0.09457392663827548,0.24868222164747844,-0.1491818941913347
E02002395,0.09280716026053784,-0.008669037856981024,-0.07147802989465532
E02002396,0.00013992967007599494,0.039510724981929354,-0.09486493021742474
E02002397,-0.005756131677461903,0.012894119740944244,-0.12000655806260198
E02002398,0.03180330989474702,0.009427568889219608,-0.01097292210459136
E02002399,0.11607348088703921,0.00046815601080598367,0.028518797483869533
E02002400,0.1340810927251207,0.09017644014393139,-0.03740581920000216
E02002401,0.26052908312343764,-0.24426737407820026,0.11625887946983998
E02002402,-0.0186316616928607,-0.01556589286852323,-0.05461445897619917
E02002403,0.061762781715879594,-0.12149928915409514,-0.03769296320036406
E02002404,-0.20139419947574283,-0.0794147210240155,0.0761109588048709
E02002405,-0.10028331168842307,0.03048297039509419,-0.09993799958566266
E02002406,0.007561534687073415,-0.06031057288647132,-0.07130475935843868
E02002407,0.010804090340161466,-0.09420513565748324,-0.0199172624995949
E02002408,0.05998636760880661,-0.04971146899562772,0.0529373650803289
E02002409,0.01979007172519965,0.15515285203277435,-0.058182957952468854
E02002410,0.004554611839364687,-0.09135515186109312,-0.12614935441287872
E02002411,0.06534540668143253,0.22981435689485996,0.13530489674648144
E02002412,0.05622011199092827,-0.020662831338536695,0.011579857427761391
E02002414,0.19696930363009424,0.06793092494592196,0.017944537091834797
E02002415,0.12047841543975259,0.023079882956027063,-0.08944545018057788
E02002416,0.014444813801959375,-0.013662434888474954,0.02913813530512865
E02002417,0.020046470196579926,-0.029413786782481074,-0.05461667813462201
E02002418,0.021415619445143242,-0.041604963832151086,-0.044554922430753215
E02002419,0.016787647279425104,-0.02557233032623249,-0.05574310863078384
E02002420,0.028272951889061877,-0.012564697211187466,-0.07747671205277411
E02002421,-0.01055088258607796,-0.06537033087835573,-0.12988826720704913
E02002422,0.12749179443397163,-0.018874599875705236,0.03914692144101046
E02002423,0.05721134802695867,0.1746412483429882,0.0919719161762388
E02002424,0.05251941259633799,-0.08001699936939831,-0.01848662924091257
E02002425,0.03328210833699181,-0.02850044003413446,-0.025234185266452797
E02002426,0.14764069454511486,-0.048103116996964054,0.04384456051425457
E02002427,0.05565198236954236,0.12995639763018585,-0.07207256882943476
E02002428,0.007081298323765053,0.027565131941229636,-0.03361482572390297
E02002429,0.07701775006718205,0.013502576793852753,-0.07836803856361718
E02002430,-0.005522137346756677,0.027618330216842946,-0.09866127060136355
E02002431,0.06189679913782887,-0.11674426597196227,-0.11261661669007436
E02002432,0.03306487530446132,-0.029225308548454336,0.01312821667013523
E02002433,0.0244303587826692,-0.06166390508636471,0.03958811841166471
E02002434,0.07652437872940006,0.037546465567952776,-0.030192690708275644
E02002435,0.04193492967795401,0.01299020122607395,-0.08591648598508612
E02002436,0.04425665291306062,0.07701297736943835,-0.1385351861707041
E02002437,0.16198925457169633,0.04476753003284568,0.034379363521661946
E02002438,-0.022336789382421264,0.08294373735329036,0.12944250156112025
E02002439,0.02128126361918689,-0.053508836585281015,-0.1284582843025908
E02002440,0.050942248324372136,-0.031102485529239388,0.020385412259682503
E02002441,0.06671931450305622,0.04672980702435409,0.0052173614279288644
E02002442,-0.029268496799327543,-0.09311171468212107,0.03980303960118857
E02002443,-0.007307252244786726,0.020914790056584236,-0.05432023427301717
E02002444,-0.029039816736309516,0.11143143079417167,-0.19041886093121393
E02002445,0.05572413134193001,0.033201798699134664,-0.03496873845907845
E02002446,0.09430455246855693,0.12487932853156405,0.03638595829481918
E02002447,0.15751985189047119,-0.02387120938260735,0.10001241365208882
E02002448,-0.05874989872837972,-0.09401272441986988,-0.013863727706691243
E02002449,-0.01178276280364302,0.004000625322691348,-0.10164714393199233
E02002450,0.1269280127686592,0.006135338485603252,-0.001174054024632109
E02002451,0.0372905710162447,-0.0917450200871987,-0.03613615407313984
E02002452,0.0741130858552636,0.0786899720259901,-0.10498072159605479
E02002453,0.2083318469239249,-0.0737577738522881,0.10768061336417689
E02002454,0.06348952423889666,-0.011510604861444913,0.016606274665842875
E02002455,0.025745751149502345,-0.032280567748983205,-0.042163369551237895
E02002456,0.017424221674147262,0.0007078845262975154,-0.0004651925339489679
E02002457,0.04686693426451868,0.1335572680466006,0.08287629255883468
E02002458,0.03515440888386269,-0.01280828747061019,-0.09059454122397957
E02002459,-0.07427579669263684,-0.0537671954855334,-0.088392568470704
E02002460,0.039985140539086236,-0.09809979939354153,-0.042867637721706535
E02002461,0.02885797520868646,0.016627325305578592,-0.12249791727260748
E02002462,0.1363270502274052,0.06498168069797038,-0.022886545252519378
E02002463,0.017382360853337036,-0.11773558125434806,-0.0809108420987841
E02002464,0.04820491351400155,-0.06796026270646839,0.0699364751198649
E02002465,-0.09838532422847093,-0.11916082062731949,-0.1508503248387201
E02002466,0.05619701118249686,0.06471894369653927,-0.028386600932648918
E02002467,0.11306727427251333,-0.01153828993991831,0.12170294325054339
E02002468,0.03358425202389751,0.18481619745702,0.011962245551051163
E02002469,0.050756654763478536,-0.06175726263153519,-0.16341133922334605
E02002470,0.029283466638671804,-0.03652615589739285,-0.048092620880292265
E02002471,0.1169237585967219,0.027762595907225428,0.0013092761802860307
E02002472,-0.0006049692762004093,-0.010162178358576572,-0.09142418491868196
E02002473,0.05129637532312972,-0.07997048611452133,0.009015181544681136
E02002474,-0.10383099943560345,-0.17454528482349382,-0.08019931846029037
E02002475,0.10056257779895346,-0.10083320539390882,0.04176252842875096
E02002476,-0.14153004931455945,0.1730847104940011,-0.21966781347539685
E02002477,-0.06189850937472449,0.09077025102996052,-0.10553614546019628
E02002478,-0.02501596487224758,0.04188454145530888,-0.2055446803797086
E02002479,-0.05833041617988699,-0.020405269766954646,-0.09880389518618359
E02002480,0.18081830169801996,0.14638606826229536,-0.0780252993114376
E02002481,-0.10257691180117166,0.07746271617776974,-0.2557677159714553
E02002482,0.06050439763649674,-0.01998736534554106,-0.06622955856115395
E02002483,0.023895398447437283,-0.0010513896218895642,-0.010137348882877319
E02002484,0.036014774816176265,-0.040445380905468675,-0.022430307248214633
E02002485,0.03776469811341072,-0.003767264350552137,-0.10629673489660131
E02002487,0.0666387530591991,0.25462282303126466,0.0056623313661562725
E02002488,0.15119624260548006,0.03271429664904242,0.06344528918319185
E02002489,0.12643528197428955,0.10955273070188784,0.014583551490909348
E02002490,0.3001798245499174,-0.09136119608754491,0.42174298362905077
E02002491,0.1831682691580148,-0.0946942083877131,0.08984064178019147
E02002492,0.10465646366520781,0.00039234168186121543,0.07359749231309069
E02002493,0.10123835590807174,0.04246379629825499,0.10666223422038226
E02002494,0.12909174613871302,-0.1258572614450783,-0.0544418031121968
E02002496,0.02451741254407887,0.06895498351960537,-0.11760241088637761
E02002497,0.04371818021925171,0.003145874763420451,-0.26811992617504044
E02002498,0.07507558757475415,0.09439549292267387,-0.145005037164692
E02002499,0.1092399155815204,0.053023294598126575,-0.03191738717278091
E02002500,0.04778790346812198,-0.011859944246947519,-0.011164433045734909
E02002501,0.11854678947004794,0.112955772444344,-0.045923709888586024
E02002502,0.23442356315962226,0.17810525550791523,0.05740571819233949
E02002503,0.034007513634581925,-0.0287985599754834,-0.12686564288496804
E02002504,-0.02043015449629658,-0.03085149281149911,-0.03160358603151723
E02002505,0.08101735030141376,0.035017786039900946,-0.02100435202803117
E02002506,-0.004547693202660551,0.06859253360896383,-0.054107238511540874
E02002507,0.028500148647674226,-0.10528877302677919,-0.004604186653277061
E02002508,0.12233533946000914,-0.04377715130564645,0.022253092488645192
E02002509,0.14719106391121659,0.11763409263292299,-0.001302741796376997
E02002510,-0.0022774807088021386,-0.06306316049332084,-0.08505809945631004
E02002512,0.03284880054567213,-0.0011918854040795887,-0.02220460542419248
E02002513,0.026169128281276415,-0.0263282303000941,-0.008210902788657187
E02002514,0.05067833753216086,-0.008644453206730861,-0.014564585425247132
E02002515,0.08180094710929123,0.05361992028310351,-0.026026514086275765
E02002516,0.011645127349685685,-0.09625828318446134,0.010509537066619069
E02002517,0.05426237522365444,-0.07907450579215218,-0.02917561989039348
E02002518,0.09965844559629458,0.03005224177659402,0.0010032767606633457
E02002519,0.07545146472538992,-0.08675742398569235,0.015498223626512545
E02002520,0.052915948191461074,0.0010309404214120228,-0.025467535692993943
E02002521,0.16159509656314125,0.22567562725221593,-0.03225113720400562
E02002523,0.03534927129163053,-0.11219465439650038,-0.020868749801753444
E02002524,0.027604992411431037,-0.1162388322294025,-0.02174663405225715
E02002525,0.06648222581885063,-0.03666041859186845,-0.10235555471623976
E02002526,0.0793658025373047,-0.09835963709985614,-0.12510252878211156
E02002527,0.21442205247770468,-0.18823164404182646,0.09673887405968629
E02002529,-0.09870218676043173,0.0757057667153661,-0.13088918344680356
E02002530,-0.0580501036901773,0.10492757670830763,-0.057664080808696255
E02002532,0.06889395298900713,0.12992579881883282,-0.08421804359917825
E02002533,0.040002578068639556,-0.10511508457545313,-0.10139062976490017
E02002534,0.08558978130879831,-0.10295407324975775,-0.020460141216127055
E02002535,0.043548128058410594,-0.06385230976629004,-0.061010221606584016
E02002536,-0.0043784917692862605,0.0020467990678108045,-0.03977937679146468
E02002537,0.0426829972306467,-0.027258206648225546,-0.025157903072520693
E02002538,0.05155985623075887,-0.009691724007316337,0.03595858359388404
E02002539,0.06051904145648207,-0.04516062348786441,-0.06929281943645003
E02002540,-0.006505765485139735,0.001973336096251484,-0.0938886305066137
E02002541,0.061094808083623345,-0.015798738924187154,-0.04663266977935426
E02002542,0.12547322640200326,-0.03347509185813544,0.08984152535704736
E02002543,0.15306104522682643,-0.13385918702039354,0.23069623103768397
E02002544,-0.05891210244953377,-0.10162866256477505,-0.06425376595719685
E02002545,0.040039311573027085,0.08222580120648106,-0.03292055465014405
E02002546,0.09777891085933375,0.13479209634845438,-0.023099035364723238
E02002547,0.060535244425511545,-0.05887243113651974,-0.011328534522347436
E02002548,0.14673761140150895,0.07863527667759396,-0.02909812383626688
E02002549,0.05707640592331993,-0.03980888440206495,-0.028591483234692027
E02002550,0.059207282695581835,0.1458351936314983,-0.06571424411260206
E02002551,-0.11107465291706364,-0.08447294312303391,-0.15933857114264274
E02002552,0.09888089418405689,0.024345442468645725,0.06074961076359527
E02002553,0.08331340255038489,-0.0009529947484496953,-0.013747099056090728
E02002554,0.224034495082335,0.04392465376772431,0.18343336836997481
E02002555,0.058133866057743615,0.030851792529757876,0.020483414664840775
E02002556,0.05960023633598041,-0.04421129312754378,0.005753076895888085
E02002557,0.05616834627340724,0.015497713879831707,-0.036668305885866156
E02002558,0.04302499941875455,-0.0013121830125066801,0.010091765490606678
E02002559,0.029945472379435144,-0.0054027130444695955,-0.04828614512956134
E02002560,-0.0015940186007716043,0.07481852430849241,-0.028172544810734997
E02002561,0.04396391886728916,-0.08962341747163181,-0.04387320170045253
E02002562,-0.02131148782365899,0.14695990104511308,-0.21687869788438746
E02002563,-0.018511367257627177,0.043611414426610526,0.015063609176421843
E02002564,0.036577336355303365,-0.006130496368517672,0.06978413647431059
E02002565,0.10613683853011614,0.028002513053019235,0.06633122069028191
E02002566,0.16742908769944065,-0.12682490689887338,0.10514901884033248
E02002567,0.21795832597123538,0.06115577123955255,0.17097396459612285
E02002568,-0.004345552618301351,-0.015368247207051317,-0.039024186573409184
E02002569,0.006727861584714494,-0.026571361869293646,-0.02551957295686057
E02002570,-0.06538004244279752,0.14865056793579376,-0.1122581004617589
E02002571,0.009271723498287964,0.026582977300462222,-0.03295421973739862
E02002572,-0.010870421743933097,0.015641359069532356,-0.050641083337322576
E02002573,0.0116802616906921,-0.07615661686781655,-0.07103060595712023
E02002574,0.05515489524608726,-0.02218019374014075,-0.00984339859017802
E02002575,0.04914594799371515,-0.02910207234665716,-0.055897067469210235
E02002576,0.07747033838747572,0.11445997403495381,0.0289793821351721
E02002577,0.017416003482044046,-0.13658480463986927,-0.002387330703818932
E02002578,0.09302272458446867,0.256135601561157,-0.032725241176586234
E02002579,-0.04919740351794292,-0.06209107634568594,-0.07550065068721247
E02002580,0.1715386189827601,0.1260118951510523,0.10789927329133515
E02002581,0.15212787174702166,0.010066623096095142,0.030582500241004056
E02002582,0.050327250747974936,0.02978995921927878,-0.016330085815540504
E02002583,-0.06836114759767982,0.38658162446948136,-0.04839289728252391
E02002584,0.12965306271518914,-0.12481724342412887,0.11658184613512598
E02002585,-0.01608348195149372,-0.10705070434336914,-0.1583136067497624
E02002586,0.12000635628551685,0.0023891745785046487,-0.110147193962573
E02002587,0.015514252638784873,-0.12016512425121861,0.08394296385026638
E02002588,0.039257716424397876,-0.21337140445760927,-0.015724502498711553
E02002589,0.07138178103742004,0.01293494075274108,-0.028742240132895974
E02002590,0.09274927621594603,0.05646510997528467,-0.07904611889565615
E02002591,0.07966643149932455,-0.05753732139648221,-0.0031997126787683193
E02002592,0.06768378155022124,-0.051460091334244326,0.00528045549435978
E02002593,0.06630041193625284,-0.09173493903113071,-0.009266595734145696
E02002594,-0.01292132764569336,0.12655543026553082,-0.02691031181834955
E02002595,0.08624293927157946,0.022691886080086373,-0.053441556444591136
E02002596,0.061578071874610715,0.022544269404395047,-0.03248661059552771
E02002597,0.0928334744851433,-0.051822519948921196,-0.0204539626728559
E02002598,0.07040855950147659,-0.007008259201336602,-0.057705948739203705
E02002599,0.08379826076230386,-0.0006875166462141087,0.0025111813179186813
E02002600,0.08315686374368478,-0.05648470899333071,-0.023869811743417877
E02002601,0.07287220980551963,-0.0697753483666401,-0.029521547356674355
E02002602,0.13075406901124634,-0.1565431696001125,-0.004540094548867797
E02002603,0.0434172024685794,-0.06617999534233963,-0.0332513662784402
E02002604,0.08430074576650534,0.01507800807721553,-0.045889437809761006
E02002605,0.09166140717418884,0.043483485203603484,-0.009065861357438278
E02002606,0.013746725024054805,0.015334213840831184,-0.034967153758175135
E02002607,0.0812283410743167,-0.05326758680241357,-0.021588776722221505
E02002608,0.08634318910141249,-0.010109279351904196,0.04132492158299431
E02002609,0.09389825500874893,-0.06792562969238734,0.12717228598169356
E02002610,0.0034499663075474173,-0.02800258970360682,-0.05478598527727664
E02002611,0.009427782567576495,-0.07569857424213562,-0.007123774675964487
E02002612,0.06587382121692101,-0.028687745202399237,0.05660053051204715
E02002613,0.12720432012272506,0.08318029176932218,-0.004013605350163684
E02002614,0.06011870689947399,0.05686299865123959,0.06290611723560098
E02002615,0.011244624583583945,0.047367549105490174,-0.03555168370831266
E02002616,0.12383493358323654,0.23772643187465325,-0.09813704285004747
E02002617,0.05993200951711561,-0.12279256177633559,0.06250897905696862
E02002618,0.0888377060033155,0.14024702009959258,-0.022750571365334177
E02002619,0.005094096874896702,0.1484626645288266,-0.09021403931414652
E02002620,0.21328868854705887,0.08132797026006543,0.0977138526005853
E02002621,0.19399205162329453,-0.11271533731866583,0.002578043245052702
E02002622,-0.13642433238444038,-0.16741807087859484,-0.2558040763748132
E02002623,0.039930844495718064,-0.12293921463533115,-0.08965088047370824
E02002624,0.1263578307813567,0.036190854106115264,0.017793065271630548
E02002625,-0.0343030307643422,0.0052629899902508345,0.01304546810970676
E02002626,0.0030720600851581025,0.31152684671218295,-0.13097505300970758
E02002627,0.031031134076379103,-0.05247024274674991,-0.034315922449894024
E02002628,0.05730492111453117,0.020796918073430225,-0.05009347566254766
E02002629,0.16933221817397565,-0.04421800548493332,-0.06259692443633973
E02002630,0.10600220225486406,0.06315142067193857,0.06032400151876799
E02002631,-0.028819729697414993,-0.10006579711593563,-0.19271503651493044
E02002632,-0.051589654796516435,0.06837386609993834,-0.1857076965561047
E02002633,0.08476618065442784,-0.03954896514740214,0.016294620704955576
E02002634,0.11916768685704186,0.08748084721175813,0.000689529814436695
E02002635,0.08689365963372783,-0.0811661754923238,0.049738249111469464
E02002636,-0.0032804683669260776,-0.10414072533165154,-0.09780121728707908
E02002637,0.07451257590185369,-0.013133169312621243,0.018299241564954143
E02002638,-0.04030243143648992,0.07121683843623573,0.014176163684152162
E02002639,0.050315017810937744,-0.057563236531271246,-0.009369581418173244
E02002640,0.06765776708650698,0.24904301095959389,-0.049553967568514934
E02002641,0.017760544401942194,-0.0645571742800358,-0.01353424826139505
E02002642,0.03800617214286024,0.04656910210694117,0.019322470569297544
E02002643,0.12013685255151395,-0.050774160493812656,0.011678229492043612
E02002644,0.07116908375303821,-0.07473431627079735,0.03000241746060632
E02002645,0.035519801200996834,0.05097373289019006,-0.1540727269691718
E02002646,-0.009805111733480167,0.020868370220459728,-0.16270692127819583
E02002647,0.04645400252821407,0.08516209001830183,0.007814775809016359
E02002648,-0.02377191706276635,0.06027392314321783,-0.07472597266277102
E02002649,0.0692655811707584,-0.005332331864513657,-0.048902689557989654
E02002650,0.053194237207167074,0.09728472845340182,-0.15654483415875026
E02002651,0.10353861631198982,-0.016137788001146312,0.028194245824026153
E02002652,-0.014983254328607996,0.023714400668987577,-0.032709473033263325
E02002653,0.0009894015530858863,0.0764050627452794,-0.043344636880764204
E02002654,0.11324407310632424,0.07364531643393986,-0.0011587303053760816
E02002655,0.03166357186671118,-0.025904339410781983,0.02511281590113659
E02002656,0.09180297095949057,0.017280227063826325,-0.0377015985972575
E02002657,0.015028285663663713,0.02245019167437242,-0.028704861224202984
E02002658,0.052220198756496264,-0.008468123959494268,0.06199638763975647
E02002659,-0.0278795176973762,0.07922468705549386,-0.0035739094171532283
E02002660,-0.07971642278614484,-0.15885298083188445,-0.1671276269984151
E02002661,0.15246916819007922,0.000867222560276728,0.1341113588326537
E02002662,-0.07142259312919004,-0.046217355517779515,-0.11860923321333357
E02002663,0.04864379301027215,-0.09677400055252018,-0.0231862404565214
E02002664,0.03573326772584925,0.0025072942484255624,-0.011094742010044983
E02002665,0.07508739027896305,0.006076393688266604,0.029899571286518618
E02002666,-0.028167212927918704,0.04801351118996299,-0.16403081497064909
E02002667,0.04367626789837901,-0.044379511938220796,0.029650348787352055
E02002668,0.03385924270119306,-0.0337699552734188,-0.029277001384890585
E02002669,0.08467221428605405,-0.07426931233704727,0.03755897326115337
E02002670,0.02108110232415325,-0.00770087589846713,-0.009152165589316318
E02002671,0.06678440089410892,0.08543535591178311,0.0036072529504714147
E02002672,0.11504529708272448,0.032100098758894885,0.01771809147484594
E02002673,0.05438948674974735,0.025645463117238247,-0.039646436511862455
E02002674,0.020285764768432735,-0.03340610674545874,-0.03382020925770203
E02002675,-0.025361563614096454,0.13614065484501148,-0.20902514738866892
E02002676,-0.0468264881736911,0.01916404562442488,-0.10042104747294492
E02002677,0.2736517092088505,-0.15966323685589587,0.009233991036772757
E02002678,0.11572520644348797,0.092343896179419,0.0006264682439353784
E02002679,-0.05054528010163334,0.08048081605871765,-0.09233032579846122
E02002680,-0.18199588967358016,-0.0424717479257107,-0.11384099423591032
E02002681,-0.10359401726438996,-0.016518990343466267,-0.013620215012383332
E02002682,0.16984429669500314,-0.08223887331442956,0.40705628315532344
E02002684,0.05363136031761693,-0.050395127070364205,-0.03249501311647375
E02002685,0.11721712563627788,0.017436080974190783,0.01086139995857255
E02002686,0.08143407063596222,-0.029815982668261725,0.012157573470177173
E02002687,0.02953400279390553,-0.13301334176099427,0.02048894550440514
E02002688,0.11073246212828726,-0.018948742368779362,0.060008813305073676
E02002689,0.07213372169389212,-0.06465402236030518,-0.06836800629393978
E02002691,-0.018158758057438665,0.028237458936391097,-0.1387796953043953
E02002692,0.09439914018025676,0.04114032020796566,-0.010902681989658795
E02002693,0.0953059199579075,0.050987449425218836,-0.04525093591166138
E02002694,0.04877006964474361,-0.01804498531858549,-0.057662410553430674
E02002695,0.07734545676584727,-0.041554163050483636,-0.06271838467426877
E02002696,0.08925328175949675,0.260538692884926,-0.12894383423178185
E02002697,0.15035188155922055,0.01347827332137449,0.041147236975730105
E02002698,0.039122833142524446,-0.013683657303941398,-0.020952046762099556
E02002699,0.02641145370104452,-0.034482762540495274,-0.05398763486455075
E02002700,0.06898777237267174,-0.02063243703221197,-0.05008627644125518
E02002701,0.0761655156301057,0.05179560871051535,0.0005819597383244114
E02002702,0.010435868636712583,0.009920191858161983,-0.039642481605593465
E02002703,0.054442805110396286,0.0059463475124281115,-0.03288059034575757
E02002704,0.04485451762671664,0.044039333897869806,-0.15884931779002515
E02002705,0.012631208996638435,-0.03513303031868293,-0.07916914825053757
E02002706,-0.03934365017913089,-0.01601892308148387,-0.06316064759121132
E02002707,0.042124837729078345,0.0429864893222189,-0.06306728213144397
E02002708,0.039028463887840356,0.009297189674131599,-0.11152839884808392
E02002709,0.09009859864705634,0.05418969480822082,0.018344830885686423
E02002710,0.028991865006437283,0.046579965516931346,0.046653885281902806
E02002711,0.011877348904094354,0.027406794007525003,-0.11031367439152144
E02002712,0.011936168360130372,-0.012529547139640896,-0.060436161436373856
E02002714,0.054253539830226336,-0.011407948849588935,-0.09823958873569442
E02002715,0.08279950078494809,0.005827182318073788,-0.05256378056762255
E02002716,0.0729372312714591,-0.08059027318250463,-0.02275912858257766
E02002717,0.002596063044439051,-0.04917688383265334,-0.009901339153640824
E02002718,0.06296092159254364,0.04238041023855229,-0.07973906840861032
E02002719,-0.028344994212706903,0.10752568072890353,-0.08540364043576461
E02002720,0.1173135014551961,-0.0008004386574946269,0.036522745797747065
E02002721,0.021224700601375025,-0.14281880502222075,-0.04617842774965098
E02002722,-0.004544033530599416,0.04858217886330537,-0.14892375967535512
E02002723,-0.09419925839109111,-0.2756743885042002,-0.06886447683812433
E02002724,0.17781075127375637,0.10358315497468984,0.10726706885792894
E02002725,0.03412950130611508,0.041657226683852015,-0.053426365050775436
E02002726,0.04539910778180728,-0.14580993181879268,0.005289980222616202
E02002727,0.04375296415094309,0.02723805383884983,-0.10552347904889843
E02002728,0.049136997552891346,0.002196967515528026,-0.1369274432408856
E02002729,0.020693019904749196,-0.0026325497386410716,-0.0522117694702665
E02002730,0.019249846013607786,0.06321633617403587,-0.029885282140769465
E02002731,0.07661732953669033,0.1325732542659485,0.001892101759155461
E02002732,0.05927470146232543,0.019726480905305512,-0.014389161860476153
E02002733,-0.030376171411982657,-0.08540101371683019,0.0020404194550514673
E02002734,-0.07952505087748693,0.0295191083587503,-0.05820037531130022
E02002735,-0.01520733473365166,-0.056844467161415835,0.018333989670856365
E02002736,-0.03466597457436315,-0.11475122543428065,-0.11158686994882142
E02002737,0.03231585489568876,-0.022786385511681984,0.04992073485596375
E02002738,0.07859513561156496,0.04361097946195097,-0.02237385694125994
E02002739,0.04088739450900063,-0.07541641862760698,-0.04264638828209102
E02002740,0.10192489701839491,0.09203747810545714,-0.003753104594627683
E02002741,0.06024462180951007,-0.03272702959140316,0.09205742557222472
E02002742,-0.007448758893055993,0.10897545145709794,-0.026183835687955657
E02002743,0.043828316651121114,0.03951525500890195,-0.0271290109621354
E02002744,0.04318504860996332,-0.1173798879261226,-0.07193265900252042
E02002745,0.08660132307011703,0.018110533240649623,0.014631821345449861
E02002746,0.03097195039697854,0.019044489606661694,-0.02727824433279899
E02002747,0.08874170230763603,-0.046768981988137316,-0.033591354432328815
E02002748,0.0440296899493723,0.019919210897508033,-0.07695322307008964
E02002749,0.06942284306014403,-0.009826758464899638,0.014025061190283602
E02002750,0.041941894406314316,-0.07054539209522835,-0.030041474648281732
E02002751,0.07529126189903917,0.005967266480297249,-0.05515709970867945
E02002752,0.007649417046360128,0.10455311567683252,-0.04927650159481132
E02002753,0.10645514620220152,0.009637071023654036,0.09395062595636011
E02002754,0.08209531964287375,0.013955487859498461,-0.04944989652218061
E02002755,0.10842068755364387,-0.08706764546530285,0.014698296507824221
E02002756,0.04692686436449695,0.33174584158375786,0.04879875362303163
E02002757,0.05408328462543562,0.0808109975284834,-0.05073525280803751
E02002758,0.1457285285097485,-0.03107550269145369,0.08397458526358603
E02002759,0.024891982278074754,-0.1434122455570001,0.03544974618632956
E02002760,0.030612287241764072,-0.02916197001286489,-0.03918805932413036
E02002761,0.09329769220851339,-0.03214352351623281,-0.001980768813864739
E02002762,-0.06949852939786788,-0.03485432084813699,-0.10462160681329742
E02002763,0.06703321067621354,-0.013665165199146434,0.07612456401143487
E02002764,0.05938035950986346,-0.008752262598374083,-0.03234112998762908
E02002765,-0.021568256782353336,-0.04448978996910384,0.06516717142855873
E02002766,0.08356299004965416,0.02732408675450385,-0.023509034197962752
E02002767,0.050181567765857804,-0.025471757877058812,0.0059995404493048115
E02002768,0.053798593309764234,-0.006440586511096646,-0.016453225026173003
E02002769,0.06031662380836974,0.09537107466639524,-0.08739575929190119
E02002770,0.16867861082286043,0.01974538754501767,0.08136686874762127
E02002771,0.08024376471626395,-0.05761177840352788,-0.03491154209741944
E02002772,-0.04762234507504054,0.025056052133944334,-0.0790151378845392
E02002773,0.002221694759819762,-0.0042912737341426616,-0.031207251252148127
E02002774,0.03646738144867446,0.051094712837998865,0.022941260334835286
E02002775,0.057908962619728936,-0.10537940070231831,-0.01630263243475707
E02002776,0.02165049647146521,0.09676554215410538,-0.05248569096143018
E02002777,-0.01233091476941548,-0.017705365615808672,-0.026310977061684275
E02002778,0.010227278394952093,-0.014808364427036435,-0.05154033469742687
E02002779,0.048245621986717335,-0.053774094102938194,-0.026563692635889376
E02002780,0.001834934117680931,0.010456444590042122,-0.00036763528152928746
E02002781,0.01173369896999376,0.016428591978590288,0.04140117279831785
E02002782,0.06984588277659096,0.0017659478846272305,0.024729934203636037
E02002783,-0.036442424968398904,0.07294404544598672,-0.04322737654945484
E02002784,0.04805268944030866,-0.06657230299386784,0.03791582310872729
E02002785,0.030338349437270762,-0.02505049469618109,-0.05426810240234957
E02002786,0.0358149237536673,0.055050391508614294,-0.0379811371269568
E02002787,0.0216390569748469,-0.006532609349184691,-0.015244841675693739
E02002788,-0.020796599973108027,-0.038507055526711034,-0.05582373588195016
E02002789,0.056313071336579826,0.011552326828336883,0.027886954378580454
E02002790,0.0415463092454806,-0.04522835450596316,0.03403217688180809
E02002791,0.04356676220281282,-0.007566145379190964,-0.014357231326274766
E02002792,0.034115663776692284,-0.019998530212049562,0.020016903821001155
E02002793,0.05749975588469749,0.04768293217959383,0.015649569871003178
E02002794,-0.024936270919744142,-0.13849088266117476,-0.03590035768394898
E02002795,0.055755857180925926,0.046307993326665645,0.02160370762697897
E02002796,0.011806420709053361,-0.024962628507317754,-0.05237297969924165
E02002797,0.009755349402721136,0.05911972439296706,-0.022479753687911844
E02002798,0.029233260017968957,-0.027859141611807702,0.002545567913817763
E02002799,0.018521973250481636,-0.08572723430730836,-0.041940902557861495
E02002800,0.058971893107285074,-0.039677038424174575,-0.013642323826290378
E02002801,0.02744863857603419,-0.08962180474598724,0.015552146268457459
E02002802,0.05206985560943144,0.015423202275763116,-0.034682919786445415
E02002803,0.028946505173226656,-0.04862881222200192,0.012691312629629537
E02002804,0.055297948046123896,0.027141747662378438,0.012864904360798707
E02002805,0.007447977364494797,-0.0670293755461805,-0.043248069321866006
E02002806,-0.016686139246250543,-0.0354434421936626,-0.014959569160242903
E02002807,0.08698445421479052,-0.031423298814933665,0.06047146645047613
E02002808,0.01803559554985919,0.06280323668809108,-0.027610597863936104
E02002809,0.03807267426793417,0.11716215137582729,-0.03521689028796115
E02002810,0.06644140538348557,-0.013271127778716432,0.018254900185161925
E02002811,0.0840479331495322,-0.06751660025391214,0.0030011633021231445
E02002812,0.012234775596685505,-0.01354536951825676,0.01425550914190543
E02002813,0.04463195375734128,-0.06263202389476077,-0.11849157159092286
E02002814,0.0014142438440661435,-0.010703486405697779,-0.010835867450788248
E02002815,0.1382440032609417,0.12503142497375336,0.010423569595914237
E02002816,0.03333011098217333,0.009363302064973053,-0.01398869860271363
E02002817,0.020831552443073473,-0.07385881207666649,-0.05271051234071962
E02002818,-0.04600329531455228,-0.07115524605734341,-0.01721722404755181
E02002819,0.028034659122524817,0.08484849097237297,0.06899774092651374
E02002820,0.010462976472427983,0.07674044325276594,0.018298292681433726
E02002821,-0.05856766173486702,0.12278805576131976,-0.05354364770968021
E02002822,0.05495941635640839,-0.036531563236798306,0.025943138845811807
E02002823,0.02343522622002614,0.02387674711385699,0.046698696071847276
E02002824,0.06765608499832465,0.0355220038214131,-0.003916162662911677
E02002825,0.093306576636281,-0.011975276341225551,0.03383372934793974
E02002826,0.020728579729099996,0.061566777540568614,-0.03949745800242485
E02002827,0.04565026849416478,0.016491947882480342,0.016499993181771533
E02002828,0.06674261724828442,0.042886949903701725,0.02624636985232745
E02002829,-0.007561243207689913,-0.08119385378458169,0.008203990590389848
E02002830,0.024130298404477373,0.0017621412718001111,-0.15702651528924783
E02002831,0.014228502409988485,-0.09391766652505543,-0.13151815748198867
E02002832,0.10461505515581718,0.06519338801457322,-0.05938462131619869
E02002833,0.01840408414922493,0.0980214170500666,-0.01606220611246129
E02002834,0.04211711235463596,-0.021602933470896504,0.04409893712092086
E02002835,0.08274108795868704,-0.12809698645044704,0.0767037125242121
E02002836,0.04638904824713608,-0.003267383858836799,-0.04730526574978302
E02002837,0.00493613020677728,-0.08880332397058617,-0.014571819876632046
E02002838,0.11610332719241569,0.020712810001462918,0.005420706575480028
E02002839,0.03396663659481625,-0.019473115207233303,-0.005654480255562966
E02002842,0.039621204230808275,0.05596620105989166,-0.019317255581502712
E02002843,0.015244975043477216,-0.10456494005443191,0.03711023986757259
E02002844,0.040322811805175315,-0.39848068022414085,-0.08473798218387552
E02002845,0.06276913668967701,-0.012469334993219613,-0.0019438491952379414
E02002846,-0.024760335072784898,-0.03530512024928672,0.03239255983560601
E02002847,0.16324534132124707,-0.08251371519755912,0.03714517502515664
E02002848,0.10511679249660683,-0.09189962271056262,0.012515825466222862
E02002849,0.01933913486737003,0.06426524631238331,-0.07885186283180834
E02002851,0.005294711258596099,-0.05343990570027775,-0.06244709646396033
E02002852,-0.01886645734672012,-0.019062634728893777,-0.04056455589008009
E02002853,0.15051136163527212,0.03848598879467642,0.04465680377274944
E02002854,0.011203155828473046,0.0819322863926797,0.001067364842018681
E02002855,0.029840168064145384,-0.03720774345256064,-0.017620160447747293
E02002856,0.04753606306280233,-0.04615132874513725,0.0055798029853368425
E02002857,0.028687151078271255,-0.01896250827817893,-0.011566632981421899
E02002858,-0.004790174301727133,0.018691885655394192,-0.0639926603216333
E02002860,0.09777606024567745,0.0836238233573349,-0.011316188755890981
E02002861,0.0816644226191998,0.011916056762559636,-0.03720220802780632
E02002862,0.016238143789811314,-0.01665755745142224,-0.006455518323165289
E02002863,0.056130140177737195,-0.01789037273459729,-0.031510469837498195
E02002864,0.05390168475562839,-0.034160846958729646,0.030211636454869642
E02002865,-0.029346238764209623,-0.05652084964900351,-0.03342564718111142
E02002866,-0.03110575476866385,0.08106190782758677,-0.13811704533432537
E02002867,0.10459279828402887,0.016863275229297203,-0.019887965560720627
E02002868,-0.0412755079689385,0.029269305650221643,-0.08268933977946777
E02002869,0.06735072041052813,-0.039527178159153284,0.006419458957182709
E02002871,-0.05215815418032855,0.0019979995026992133,-0.16131344988005322
E02002872,0.07587320099377015,-0.04002951879543954,-0.0318702684702307
E02002873,-0.028299594672045354,-0.01708425611909798,0.009354223748907186
E02002874,-0.008948206492525194,0.029670482186695026,-0.0901393085744901
E02002875,0.025717080055009254,0.006724705608402492,-0.031785788588316266
E02002876,0.11611952180795292,-0.025063319797475142,0.07879914249794039
E02002877,0.04120680362290372,-0.01590313821298961,-0.03930457741381538
E02002878,-0.017950252289533293,-0.047690848595900635,-0.18476302128955147
E02002879,-0.04047042144999014,0.03741276205145883,-0.0418874998103696
E02002880,0.032786022742378365,-0.007221676114160378,-0.09171801907201209
E02002881,0.03348881711768077,-0.09096692192945079,0.02503307714448581
E02002882,0.06711738748557408,-0.06468878866986309,0.07679099240377528
E02002883,-0.024668320282897557,0.0431282525581423,-0.04319069903435224
E02002884,0.035992899607999014,-0.024551493665238424,-0.09400979146813926
E02002885,0.09210139923804374,0.0892229018826713,-0.09461762936737601
E02002886,0.03328693035919121,0.014684585787225627,-0.05751222411706658
E02002887,0.08893128100239757,0.040830411363337496,0.03161525596649874
E02002888,0.034461299678238244,0.08091224119938131,-0.0407820082579636
E02002889,0.04162413278910832,0.11009999812501871,-0.10274066567891753
E02002890,-0.08632793352092122,0.042394190566186846,0.18084602567005245
E02002891,-0.01112792646845804,-0.023239772806076014,-0.10189327940649809
E02002892,-0.04474380858812472,-0.05124973341147146,-0.17865432510309678
E02002893,0.049138536936126166,-0.16458462940011398,-0.11760283136543587
E02002894,0.09663266496154281,-0.02965140794202857,0.06417827099972692
E02002895,-0.07251738746381586,-0.030081805257180603,-0.06850660468815148
E02002896,-0.023165101533830328,-0.04179510382937994,-0.09082218992530829
E02002897,-0.04915774349820451,-0.1876169896346674,-0.12635269102544994
E02002898,0.14711505838103,-0.017583622881735997,-0.02834453871566749
E02002899,0.0966989564130134,0.03278279629248839,0.039263916786173796
E02002901,-0.007637885388177863,0.034042400490474814,-0.01927076733701687
E02002902,0.023378224942370227,-0.04796420876833672,-0.026771046999668115
E02002903,0.012182668238644776,0.08396095815929173,-0.21759074534728434
E02002904,0.0788504723240339,0.0006810821062005812,0.01792034408513047
E02002905,0.09453988211190958,-0.07396872030241286,0.05903546813827538
E02002906,0.11174238532029697,0.06617160102637147,0.0016940128680531282
E02002907,-0.015953791256674166,0.07853019396697627,-0.08521362350200165
E02002908,0.11758774589480869,-0.036036839398459086,-0.018377012772337928
E02002909,0.07939411996186763,0.10708260111183604,-0.05956721485340261
E02002910,0.04719545474058968,-0.09863234225131289,-0.004255311424045843
E02002911,0.12423806862753044,-0.09641964775019134,0.060954533626287
E02002912,0.025504933740639894,-0.019706390662862963,-0.058090188068024046
E02002913,0.018265359579489136,0.030224151820066516,-0.0337505800115543
E02002914,0.09767407062963772,-0.01308674869558161,0.04982992245832392
E02002915,0.052773263572756385,-0.016628534391719626,-0.020314231313716794
E02002916,-0.004775084440984121,0.03503811992380675,-0.03564156078980109
E02002917,0.05042250312453319,-0.0175917256152738,-0.035613643895280336
E02002918,0.04324685979019395,0.05854256303599516,-0.04810312092688547
E02002919,0.07029708800097871,-0.03334295874556552,0.010373068112919465
E02002920,0.02294498915262864,0.024098622171542048,-0.04881033325173372
E02002921,-0.0546584500840785,-0.009107519099853049,0.02330877585048853
E02002922,0.08091389978503977,0.011628591953473601,-0.056570101079092903
E02002923,0.022867350227055556,-0.09406173491677966,0.0076387339109741876
E02002924,0.05910990666837539,0.22632987192093346,-0.008195965113848035
E02002925,0.01635326230754879,-0.04101190130148137,-0.05100844984314272
E02002926,0.06349888186324568,0.022959474941632783,-0.04993846787562798
E02002927,0.004274921409647127,-0.062104510282095945,-0.07362330910554288
E02002928,0.06247958729306605,0.02057667750233187,0.04372350170463099
E02002929,0.05610315127485771,0.04002337315951246,-0.08367490101350016
E02002930,0.05068859837536312,-0.023334534174004554,0.027732677621666924
E02002931,0.05673300271913067,-0.0029663400092181666,-0.08095333782312208
E02002932,0.08056437843759026,-0.14403942112606877,-0.003293964492497981
E02002933,0.09652200779207835,-0.018923620008928083,-0.01014570004089139
E02002934,0.08428739863480071,0.04639754713824266,-0.007366745532627977
E02002935,0.07956767871730067,-0.04200153769536158,-0.038207231474599784
E02002936,-0.010655941404584868,-0.03266470220545452,-0.03169064289632209
E02002937,0.118492739754934,-0.050778939635532476,0.056646904495752125
E02002938,-0.04942327908883668,0.07638436488487102,-0.16932049799992524
E02002939,0.04430442963854698,-0.11529681927934093,0.0747259396610507
E02002940,0.004329342348420537,0.11768337044812262,-0.14089052435698585
E02002941,0.027758372320017,-0.040963520918338554,-0.01234706529589076
E02002942,0.054943429117868245,0.04350063844875702,-0.04444524135927305
E02002943,0.05320073141095595,0.008743388273927944,-0.01518858372392478
E02002944,0.06074983052934735,0.10894688996036782,-0.0007382666696161344
E02002945,0.09135532283572699,0.047360199992353295,-0.043995301319925656
E02002946,0.02580950638316813,0.15552241606589182,-0.08494446846984044
E02002947,-0.13651017113285482,0.09566230967978907,0.05800214823599813
E02002948,-0.040847095622631155,0.01437798162037283,-0.11339049355628089
E02002949,0.051593237438273314,-0.05837913192144686,-0.002598448755834066
E02002950,-0.13178242713968097,-0.1878446995538246,-0.15976191613225352
E02002951,0.06467435835746882,0.026134159000680723,0.060728445649767974
E02002952,-0.037552972728937845,0.03523238097651899,0.10941990778301032
E02002953,-0.08750499734913537,0.03652831530703879,-0.14500630221710012
E02002954,-0.008968185936250666,-0.1784089558756474,0.053843460045642444
E02002955,0.01418009635153766,0.07848603403417734,-0.0912719355537308
E02002956,0.1436328760738101,0.07553558433723187,0.047694003600028664
E02002957,-0.021275358106229453,0.0831728502793184,-0.08477105617423898
E02002958,0.045623481161146145,0.061379658697145144,0.09348730775682537
E02002959,0.06119972150691069,-0.11721033490446527,-0.044287417766078106
E02002960,-0.0866660872010295,0.12035427054151908,-0.13190166828684935
E02002961,-0.00840128179728375,0.05046399347971813,-0.06750906903065824
E02002962,0.098119304091314,-0.03732580018440159,-0.13768568934501008
E02002963,0.054147950870820034,0.04718415802687022,-0.05191939349062874
E02002964,0.11665443842993116,-0.029679724597608648,0.00711754192946176
E02002965,0.04975088104991567,-0.14049573834085424,-0.04936854276794858
E02002966,0.03460861511860942,0.09897838952380388,-0.12258925902829634
E02002967,0.030677299548746862,0.07631016925591691,-0.0225660194884147
E02002968,0.050708727543950165,0.05328796706017183,-0.031062413694021955
E02002969,0.02317252665687624,-0.027627163939012465,-0.07899796574652647
E02002970,0.10822623179730537,0.060793837369357784,0.03511706056218427
E02002971,0.05647031239852396,0.004739162910883399,-0.0027559737101491757
E02002972,0.14381922327547994,-0.015878273539354105,0.10563498693822718
E02002973,0.085136337406993,0.062460238205015575,0.022298183592693487
E02002974,0.024753557401045005,0.06539012435599507,0.017280701937886868
E02002975,0.028060390233285895,-0.05017271817589884,-0.020466381701280543
E02002976,0.047796012884203806,-0.02149334507253209,0.06830351223787824
E02002977,-0.04687183683498123,-0.15118927396463808,0.07777637133485496
E02002978,0.06424067691713299,-0.013403626272662663,-0.07848171054764075
E02002979,-0.12065737965780689,-0.12831588574435177,-0.2649341303510861
E02002980,0.0980261343690404,0.09381215346923023,0.03270755007781299
E02002981,0.1314405516389776,-0.04243775252460321,0.12416457486826847
E02002982,0.22737084970186536,0.091654354337066,0.15463789920397106
E02002983,0.10103254510045212,-0.01291952937611626,0.011892769403292392
E02002984,0.062145867479951156,-0.018875163626819288,0.030361890078910624
E02002985,-0.024672287447807716,-0.04050231590080111,-0.041790610136054285
E02002986,-0.05385718698759068,-0.08067604987998532,0.03146894144545909
E02002987,0.010285034427729729,-0.058647699256486274,0.049556001338980686
E02002988,0.04621317531673467,-0.027920768241894302,0.04232489401983739
E02002989,-0.04125615223270196,-0.0861537357465277,0.04102117082283894
E02002990,-0.03604101414880851,-0.055052362466764225,0.025158026850112283
E02002991,-0.05148478320398882,-0.02528581324579806,0.002255118820883328
E02002992,0.0006980350145713384,0.0809775289116357,0.041518283533787836
E02002993,-0.08040075229024116,-0.07386778506379878,-0.04871257069945829
E02002994,-0.0151839836793686,-0.05697675571179993,-0.00017538571001092174
E02002995,0.02136155321418724,0.09206062288849684,-0.05390085269158077
E02002996,0.011444285711851004,0.06617959341819284,0.004477565735017854
E02002997,-0.00772309288670297,-0.024734528578060105,-0.0024056030113313756
E02002998,-0.003986291574409793,-0.062265140664116723,0.08537581469051153
E02002999,-0.08782891548059675,0.045575172704372245,0.024817228972349913
E02003000,0.12197352668186486,0.09674016711506211,0.04121367794750505
E02003001,0.006097141714322684,0.05530582848873539,-0.029857368416513187
E02003002,-0.08147709833485987,-0.053388667549965976,0.002525030347166208
E02003003,-0.0035357479945261473,0.11142577555058628,0.024595950460443262
E02003004,-0.04732867711384112,-0.1045223403171774,-0.1339880974781689
E02003005,0.03956229334086675,0.028556315903301786,0.004776564236764849
E02003006,0.07115506793935812,0.03114672082700122,0.043301130448833
E02003007,0.08825541289206926,-0.04134974211253579,0.02358085033939163
E02003008,-0.00442706138395112,0.031965427608009835,-0.03817315148803224
E02003009,0.07636363884552048,0.01376514339899853,0.037969999659013334
E02003010,0.012140963070894335,0.0016684940197209187,-0.02616709935853607
E02003011,0.03168551176044486,0.18456523674114944,-0.002513469403984288
E02003012,-0.03718162993434269,0.0034595385883082388,0.022721448544197425
E02003013,-0.04474334825566376,0.06898948854602939,0.0234929384526853
E02003014,-0.04847636708695525,0.021148145025841694,-0.0266806343891148
E02003015,-0.0431092388103495,0.025146655092715922,0.11781774443263815
E02003016,-0.1267742645408169,0.02771157025760571,0.023966445816065506
E02003017,-0.05875332655143437,0.011144378045288643,-0.0021648062432375543
E02003018,-0.14681295119589913,-0.054061565833491025,-0.007972820561076234
E02003019,-0.01706918744051205,-0.050795781224606214,0.0506284903549498
E02003020,-0.06334634704061304,-0.06340326879956137,-0.02960733201166911
E02003021,-0.03660739264216997,0.04776611777555239,0.013457816331005724
E02003022,-0.016676114039873378,0.008939852077793608,0.01154173555334815
E02003023,-0.02933813591934613,0.05609715352158991,0.024844672439894952
E02003024,-0.041574160675155486,-0.010625418138147507,0.05085477770707451
E02003025,-0.1233322534049598,-0.028888652867390494,-0.024651316050974145
E02003026,-0.025972080541256326,-0.10726663093215516,0.02608575206763372
E02003027,-0.06657326669793995,0.0034511782757818818,0.04111759916252077
E02003028,-0.07626005445019757,0.016073332131119333,-0.02165792641905435
E02003029,-0.08775852824933515,-0.02793402772242061,-0.04098558820600147
E02003030,-0.09932784442790409,0.05501981332664702,-0.012259149768365412
E02003031,-0.04680932700696239,0.019246402852027705,0.0139181092863277
E02003032,-0.07348476976930847,0.010609291778924095,0.019732862141412406
E02003033,-0.0704886068224767,0.0007986893485231752,0.023967627490446897
E02003034,-0.09355573996054906,-0.025207557575936755,0.011820545623901012
E02003036,-0.03850946850850554,0.0334617961444815,0.006738922289575694
E02003037,-0.07061932973272514,0.044368238810186915,0.04736434552401337
E02003038,-0.09054989272114586,-0.003592823236318817,-0.030914191451069144
E02003039,-0.061641175701706324,-0.02594307922313776,0.003858624000989228
E02003040,-0.11954675197709873,0.032616076145802426,0.007369892679822037
E02003041,-0.004786831942622331,-0.06152446544081994,0.1523252690995959
E02003043,-0.07476199556086925,-0.05349358960201256,-0.01212397568967149
E02003044,-0.05120619431502678,-0.08016455272685388,-0.01254208484811945
E02003045,-0.05032277476890248,0.0642978611473774,0.022975400643657266
E02003046,-0.09259661511981401,-0.0392959426333174,-0.013141170909221185
E02003047,-0.031084606006494545,0.02230613069787096,0.03717303048302541
E02003048,-0.11956041705473022,0.021963909397259056,-0.013974094095545763
E02003049,-0.10225897343273276,0.0012906701339022778,0.01843569534563653
E02003050,-0.0803741069547933,0.028201265925278444,0.015666676830364625
E02003051,-0.09754401219113588,0.01848613067301891,-0.026716587759691754
E02003052,-0.11170710076004209,0.017462279041438544,-0.0008014886057779115
E02003053,-0.028733508765249997,0.03479620365867996,0.07821386011750632
E02003054,-0.055116399008850146,0.027172183712533857,0.003208393888352066
E02003055,-0.11476372466691194,0.025331700603277746,-0.027982215325581768
E02003056,-0.04674447468179958,-0.004676005197315183,0.008360447151100226
E02003057,-0.03451226141503016,-0.014370880525589427,0.02016077837779882
E02003058,-0.003146372888789778,-0.05228346112393517,0.035798209992998715
E02003059,-0.06822883900585981,-0.09289832665401379,-0.009656370999635193
E02003060,-0.04488389239284017,-0.008047291296543605,-0.02531351178273535
E02003061,-0.04475242355050471,0.033330696401859636,-0.003922906735656198
E02003062,0.025354789160771864,0.09904368631896614,0.002278048127145093
E02003063,-0.05801349904828075,-0.030851298046421276,0.0198090344468551
E02003064,-0.08499110942236418,-0.03409662513156593,0.05488167351653772
E02003065,-0.09884995500554351,0.024696557365200753,0.009986477366955822
E02003066,0.006719744976702121,0.03245851355282065,-0.002821579489580017
E02003067,-0.04130190711884695,0.021881404146904176,0.046035138269366824
E02003068,0.06393255904141486,-0.05665468755805062,0.1611105051767598
E02003069,-0.02283086633512138,-0.05377405441368445,-0.0745680537727074
E02003070,-0.015096367970226841,-0.006074175618417633,-0.037317908819535506
E02003071,0.029512218958119826,-0.035443980807372814,0.029352911093305484
E02003072,-0.03337236753995983,-0.02544249965171529,-0.0780851905862596
E02003073,-0.04530846847735442,0.02326099214686738,-0.027720888057013077
E02003074,-0.03367453055848928,-0.06889473785859716,-0.008897013669859689
E02003075,0.06857906135211149,0.021817506603237776,0.05987867443561026
E02003076,-0.03708421966871768,-0.027342164724403973,0.028244873650774927
E02003077,0.010358289688434892,0.0035541464942117577,-0.038879756623026354
E02003078,-0.011848601538287016,-0.027919818465769804,0.016422081295169914
E02003079,-0.023304378159478216,-0.02451301002351847,-0.020913575129260818
E02003080,0.013510577361102834,0.05391431117728361,-0.016509907381693657
E02003081,0.06465534320942774,0.02339576397189143,0.018697347759375416
E02003082,0.005098949793849171,-0.019501296813303773,-0.018567849408285403
E02003084,0.021555685454954992,0.08132191775545432,0.005134034596693597
E02003085,0.04933663319354342,0.06455753752607371,0.05122776946387812
E02003086,-0.013535103880065182,-0.01609106103039298,-0.13464550978180626
E02003087,-0.014309325931150259,-0.026416043220211,-0.0470643734046801
E02003088,0.043787030244016055,-0.11910228451890549,0.002724368447471204
E02003089,0.11009262143986992,-0.04846066764051052,-0.007665881093061163
E02003090,0.0020699472295068787,-0.06435046676760867,-0.01767739195056146
E02003091,-0.030137653092424617,0.048912826866690545,0.01603426087654633
E02003092,0.014424801249545614,0.1327806551965859,-0.06902368866157892
E02003093,-0.03409324337351844,-0.05647543697633609,0.008247583899290612
E02003094,-0.008657049730381786,-0.08088776373457357,0.02187793482839137
E02003095,0.02592257246289986,-0.027419930352049524,0.05791281759561968
E02003096,-0.0010842657564385796,0.005038597234284777,0.001694574916480579
E02003097,-0.015407886464038284,-0.0494842789018651,-0.0065226672608779115
E02003098,0.003981889053766527,0.039258179481190904,0.022605471522339073
E02003099,-0.03700296361438665,-0.06653466117136311,0.07257880312219052
E02003100,-0.032794100567032504,-0.014952789110683087,-0.007865622314624818
E02003101,0.035610348444925354,-0.0037685805586378136,0.0547855272867867
E02003102,-0.050675465306678685,0.03153092402988789,-0.0732352187520379
E02003103,-0.017192117754246384,-0.00656762494645703,0.022473069852723564
E02003104,-0.0031021738041499864,-0.019524141430352977,0.006927402724804473
E02003105,-0.0832609547833,-0.06969060229812794,-0.013962658690114283
E02003106,-0.010279217356594199,0.0376769521740549,0.01843066485998137
E02003107,-0.059571075219904,-0.013574798322641803,0.02575047864970451
E02003108,0.007717910525329531,0.0035940594456601704,-0.028832734712421957
E02003109,-0.042875943733594775,-0.015405353928031516,-0.02186824831953411
E02003110,-0.0005752188366999431,0.06508953748479009,-0.011161762271914767
E02003111,0.01679827983659447,0.0322937452452978,0.012714306334338106
E02003112,-0.04886990449001109,-0.006652752131192621,-0.02802554843338913
E02003113,0.013703312998661153,-0.020297183627729278,-0.06206189411519676
E02003114,-0.02720072978591554,0.015252705154887854,0.04731685663089749
E02003115,-0.06674283760882097,0.004649773300492081,-0.0646255611399737
E02003116,-0.010154135820678353,0.039301314330753484,0.08034339762959844
E02003117,0.010880194022636668,0.08284932927434314,0.03867806185882123
E02003118,-0.02510772993742466,-0.046373629252737705,0.03680418033175781
E02003119,-0.016594501178966426,0.043854992061979015,0.03939417832531727
E02003120,-0.0033173486188317913,0.020664871496329163,-0.004585681541522856
E02003121,0.011724440651596528,0.011914910211308806,0.04032399596796702
E02003122,0.07347417354108556,0.011283859061736689,0.02587497152060146
E02003123,0.03083155246975685,-0.06396734750134793,-0.07201183516783105
E02003124,0.02962077478002226,-0.03974660969921745,-0.07331234845549776
E02003125,0.03830379753249251,0.044524304246450104,-0.08543114599874764
E02003126,0.08377108776417584,-0.013593738457989998,-0.03932762089756427
E02003127,0.009785047038494194,-0.07316559042475679,-0.02773638571503939
E02003128,0.0026323403242496574,-0.007119924447043605,-0.022909763113462323
E02003129,-0.00856435415761528,-0.0008294956166175056,-0.07497457273913712
E02003130,0.07290279268331035,-0.052272007456511616,0.015169134024692483
E02003131,0.019084842956457227,-0.012366983926285678,-0.0314800790634517
E02003132,0.03863488000836695,-0.05115713635976065,-0.01631991568353883
E02003133,0.06972521616813554,0.0009963400032842358,-0.044565781302216875
E02003134,0.01001753180240426,-0.016387340645407634,-0.01250757594166735
E02003135,0.0003515009344442841,0.05468418977934811,-0.06331576037499721
E02003136,0.016598376452361983,-0.02277218163569029,-0.03901223761483105
E02003137,0.07895872470334002,-0.08094961089405832,0.009870212030123553
E02003138,0.06717858575926466,0.001913183205263175,-0.005932268613388853
E02003139,0.03137087055307776,0.005951650352140016,0.04414219434420799
E02003140,0.0344013561644819,-0.06432824378583989,-0.030463629220717024
E02003141,-0.027220433877902395,-0.042845469523915186,-0.08670284576355057
E02003142,0.011780530005124959,-0.07107892678033349,-0.05719321284414879
E02003143,-0.006191048712931462,-0.018745135404307077,-0.05349834220338343
E02003144,0.017963068659299336,-0.06574605941355564,0.036932294001529725
E02003145,0.053027846044220235,-0.023264184254386942,-0.0027938247216464283
E02003146,0.08541362124232688,0.01778789035506289,-0.015761899330484476
E02003147,-0.03156610413466024,-0.10484896477637103,0.010461461281000131
E02003148,0.16591992999050667,0.031866866981141245,0.08239347144034656
E02003149,0.1162741376676064,0.1003377965758476,0.022949015322732413
E02003150,-0.06313470449010818,0.09492272991207394,-0.05567455472826278
E02003151,0.016985563382446466,-0.07485829805224478,-0.05803925736384794
E02003152,-0.01836380304811565,0.010454822218461314,-0.058780504113999016
E02003153,-0.0032922094004755346,-0.033018290491888536,0.007973468666495554
E02003154,0.07314538374384075,-0.055651741542587146,-0.029734368676503902
E02003155,0.048663345639903745,-0.038400613679581926,0.08758193686757676
E02003156,0.06673759379686613,-0.03370012974304562,-0.015320483672847983
E02003157,0.005318853825594925,-0.010094313790919301,0.0021847589269862328
E02003158,0.055369290816091786,-0.13204335944851694,0.03726978720545618
E02003159,0.09599957373946197,0.006438184851261676,0.02049213928404937
E02003161,0.04106852804438041,-0.019495439535488875,-0.014319012436278603
E02003163,0.07146584850674839,-0.0884074588386109,-0.039116402740406446
E02003164,0.0815800976304651,-0.026338975070732063,0.0074660775636532254
E02003165,0.03875182374428296,-0.08279963042450024,-0.09796706295483464
E02003166,0.11240512858824843,-0.14428786637783814,0.043532655552083896
E02003167,0.07969105781574329,0.07229446454487538,0.06463261673288875
E02003168,0.010928672109445455,-0.022294452664901744,-0.06331460677067013
E02003169,0.04460538554676826,-0.0009726050200120804,-0.03627602117487477
E02003170,0.03924852279882218,-0.10146776279875878,-0.006046273547287245
E02003171,0.07779817717893674,-0.0024741311667944898,-0.01251183061940612
E02003172,0.0073146808722092975,-0.04009196634329552,0.033674355164833046
E02003173,-0.07776737169038979,-0.07647766088216816,-0.0818063809243785
E02003174,-0.04415805811591104,-0.10059161970576491,-0.040166829128767616
E02003175,-0.022175886516489562,-0.010312195021994547,-0.019377725657067475
E02003176,-0.010028512357003366,-0.10991966045449361,0.048265499242510695
E02003177,0.01769722853641415,-0.06923014187289535,0.008608582845199067
E02003178,0.010659174960911165,-0.05943675710933721,-0.010212807160580945
E02003179,0.040017131046482676,0.014410648663854218,-0.04796474058445719
E02003180,-0.016794703938990296,-0.038381321485790834,0.03456134220138256
E02003181,0.008672432244316384,-0.040390196843704075,0.058054944032734056
E02003182,-0.02174742484910397,-0.048439041873274725,-0.05139572168159606
E02003183,0.060893702132619326,-0.04676460070916404,0.043935446029618686
E02003184,0.03914252999802651,-0.05224454251463978,0.03985897259730515
E02003185,0.015159011612461028,0.03648216661945212,0.004471780351387835
E02003186,0.00931621723523397,-0.01676657027941472,0.01638345635507217
E02003187,-0.019522316113549824,-0.006406264428424336,-0.013694783463407346
E02003188,-0.006436851602932926,-0.04117862027793208,0.017870562549009747
E02003189,0.04443038322932548,0.05265543318778558,0.006259717224240337
E02003190,0.02044442710879452,-0.013153170360091764,0.002265038629049864
E02003191,-0.058022420166054495,-0.050310489785517706,-0.032011082243747664
E02003192,0.02256879247075922,0.02217326962976423,0.029685953993989673
E02003194,-0.02489900231415208,-0.05222750469840313,-0.041463322257461195
E02003195,0.02515805201919488,-0.04007547733669331,0.036381951569647304
E02003196,-0.013752839690585371,-0.018373633587150447,-0.05745097528947556
E02003197,0.04855673124287192,-0.024526067997015313,0.02604091619220342
E02003198,0.02218710256728575,0.007179450533244368,0.08114692464501833
E02003199,0.005477341154307852,0.06640106715336433,0.007806464133115243
E02003200,0.037730443952971246,-0.009883371284573114,-0.006284037885298604
E02003201,-0.001980604223463223,0.02434742518210882,-0.015013585149702286
E02003202,0.022571011156161263,-0.07977777094200952,-0.0013879238956781815
E02003203,0.00944478872845984,-0.05454426875081032,0.024794597268834432
E02003204,-0.0019384148824782732,-0.04525153995566662,-0.03426212002772372
E02003205,0.0037487527450920594,-0.021169010550182818,0.02540809944958343
E02003206,-0.008682670385699854,0.004988831399446008,0.01966514160088024
E02003207,-0.005468485176616438,0.04291922330768852,-0.011829540869569168
E02003208,0.03738730266687335,0.025481766270318555,0.028311497691823062
E02003209,-0.003504279055422545,-0.1043158168939323,0.06384334114221311
E02003210,-0.029484680613064078,-0.0027410334483976015,0.010785398508739222
E02003211,-0.0348126269472475,-0.07417686654780482,-0.026353235555166183
E02003212,-0.02247985185972805,0.015254165583866629,0.018952694947574792
E02003214,0.07636691453816091,-0.4343542764218414,0.25063081015575633
E02003215,-0.05266898971668029,-0.06929305648783968,-0.01829964239673926
E02003216,-0.04093791623186927,-0.030764230169712494,0.05614191618666872
E02003217,-0.08787627828098467,-0.016145404304481553,-0.01983799655760569
E02003218,0.03450257084658916,0.007833245091795461,0.18538669173609518
E02003219,0.011278462637840768,-0.0011119968838796518,-0.026781257814291765
E02003220,-0.0029799302142679766,-0.0014130404142471624,0.008366844140654096
E02003221,-0.03166255555581388,0.013524862673456704,-0.0007837179769787895
E02003222,-0.007374530059850715,0.007920416420101427,0.00727923621811009
E02003223,-0.01742334534702829,-0.04497173502184711,0.09858688342291495
E02003224,-0.047226953955219676,0.027499433797505187,-0.01282270055786016
E02003225,0.011400173396654797,-0.03521028959842587,0.08027074186222512
E02003226,-0.08064944441649328,-0.06404309661472918,0.0049816871879739275
E02003227,-0.03170412036741485,0.01651958215797199,0.1061598883371855
E02003228,-0.0006513859245233579,0.060129002711600536,0.08423350025698677
E02003229,-0.0703484845798499,-0.01978193495627662,0.023017547537712183
E02003230,0.0006802527645114845,-0.008986378082001983,0.08906759420741048
E02003231,0.0010022712778264048,0.043705319717067474,0.029827904331944512
E02003232,-0.030915607593477036,-0.0589753306908266,-0.0009020671695143749
E02003233,-0.04281295868073825,0.030444878476650106,0.016886973744380605
E02003234,0.006847238180320886,0.03160201376435463,0.05201182653342248
E02003235,-0.0015637654683277298,0.008566913204376431,0.005596207840812007
E02003236,0.007890463645807906,0.00026402348820214224,-0.007528061501094484
E02003237,-0.05078006761261479,0.0019378217164007637,-0.06940876563121182
E02003238,0.055485191394527886,-0.070033611003249,0.02239429427165427
E02003239,0.07193516669375091,-0.018715961341466362,0.014778998951373228
E02003240,0.012709340587508439,0.015159251420966649,-0.1153983736889216
E02003241,0.052783422051154064,0.053965588759919254,-0.09046074675842532
E02003242,0.048026116809779106,-0.015290081244344294,0.09076680207745116
E02003243,0.11083512394074149,-0.0022543832070105146,0.10984890248259478
E02003244,0.055993232310618646,0.003270935961958871,0.04126151053174356
E02003245,0.02940936863076203,-0.02508921484923649,-0.02184080593442331
E02003246,0.005893916667624314,-0.01882245908104571,-0.008231186853088115
E02003247,-0.026477010642793758,0.06250033325767734,-0.05643432916061881
E02003248,0.09795865009108194,-0.11194072703934567,0.13048985236541405
E02003249,0.004895027609531373,-0.013326534154620734,0.0049495437414377565
E02003250,0.09330672279791148,-0.030932651011049642,0.1580124866824593
E02003251,0.014804463378424955,0.0003223860194198303,-0.042980065859263124
E02003252,-0.01426506155921907,0.0342963943580357,-0.0450314955789804
E02003253,0.030620375006908146,0.025894447299747218,-0.043547281825023196
E02003254,0.049987614499013615,-0.006470338273326623,-0.012914756573972909
E02003255,-0.0088683419262343,-0.016584780260152903,-0.014406980189366647
E02003257,0.027472210589656845,0.04832425402914789,0.002067412540421044
E02003258,-0.02050538039472851,0.024595249496864768,0.03479008907680453
E02003259,-0.031789627935750076,-0.005795665126191707,0.07965871077961363
E02003260,-0.08430991823359708,0.023175849314597013,0.008197451000504567
E02003261,-0.04650883325423324,-0.0022090015719610752,0.012447796760574625
E02003262,-0.09784931018586074,0.0010046577313575645,0.017736467036041308
E02003263,-0.0818147195198093,0.04834850482741492,0.009708830986444306
E02003264,0.0023705945848665863,-0.012325325692459907,0.06685634043895912
E02003265,-0.06277441744566135,-0.05862763146228643,0.07348086777758484
E02003266,-0.07841810469996659,-0.01445639114455595,0.028253368987239433
E02003267,-0.06413800964395061,-0.08772550385633657,-0.005147312431325963
E02003268,-0.026012864947312506,0.0525061787170284,0.07140115030257407
E02003269,-0.009866596717714227,-0.0246104053781732,0.10419525292793552
E02003270,-0.08404560227272732,-0.06306636621380053,0.030896963125546642
E02003271,-0.0593850669716508,-0.001993840541622352,0.057458421228076005
E02003272,-0.2196051310062339,-0.16778712985981495,-0.09349209621820252
E02003273,-0.06408810693037617,0.06492952267021117,0.06746652691555824
E02003274,-0.06934616301561314,0.058600028983863635,0.060463213234684926
E02003275,-0.09149225575620457,-0.02416799079593046,0.052898769118635135
E02003276,-0.07397344801687523,0.020783883838772006,0.08003498713468282
E02003277,-0.09630387586447434,0.026269478726705042,0.025914465334341823
E02003278,-0.06873414115631779,0.05071166364458679,0.0590050924892239
E02003279,-0.06337102299182087,0.03220064211054826,-0.0527977093363308
E02003280,0.014160933480124897,0.021403291421257218,-0.016858991264999307
E02003281,0.034166859538373666,-0.10704792780908977,0.03537112179409942
E02003282,0.0035579343393796876,-0.04168756693885132,0.0384036834607679
E02003283,-0.06275259656977744,0.03431730090549586,0.024135969221493282
E02003284,-0.02362780444231013,0.006059439280429305,-0.0021124251327623105
E02003285,-0.0017229198321268187,0.026135653707133194,0.034062491063166174
E02003286,0.012044175491296388,0.032388794130174835,0.025143393550840006
E02003287,0.013227339739237768,0.030891858322458658,0.033017742880851395
E02003288,-0.06262831484108795,0.005516553890571288,0.03584214856763352
E02003289,-0.018930623708493594,0.031520684672300577,0.055875717584734384
E02003290,-0.05972178236673316,0.043359013618351025,-0.040119578275784634
E02003291,0.003899372925276626,0.07813603004330794,0.046667634710245084
E02003292,-0.03802483879266001,0.0399966238040866,0.045168868402991266
E02003293,-0.05515661123068404,0.11590824038424168,-0.021636497370113663
E02003294,-0.03345050292146922,0.06749330181976598,-0.012614215261842053
E02003295,0.05364930364116627,0.04495884109761929,0.07493354232177296
E02003296,-0.023002989281868263,0.0128291142664088,0.012430388331366447
E02003297,-0.11545443556686442,-0.04005053010123616,-0.036458184657311515
E02003298,0.0023898712677344856,0.009412417364576752,0.06688740849362025
E02003299,-0.04179649840391723,0.049091607804585644,-0.016022219439361187
E02003300,-0.042324908095083776,0.004516202784049733,0.04476154980122849
E02003301,-0.02083619847491488,-0.00784320718466256,0.07956514694287224
E02003302,-0.1273480990354581,0.03780084054456956,0.010841410307050426
E02003303,-0.12616787480777708,-0.014095545164306156,0.004022572698897317
E02003304,-0.025087255269094118,-0.05503240343308209,0.09517343003248352
E02003305,-0.01117227821357462,0.0005948147187349236,0.02787046792332038
E02003307,-0.026026053404848266,-0.09447342121107657,0.05832269114970615
E02003308,-0.06664894153356726,0.006547555477749526,0.00932233800604334
E02003309,-0.04498735986008754,0.03688130093973425,-0.000854243543944559
E02003310,-0.08063308169626476,0.045628405848087125,0.006456034444756304
E02003311,-0.04283304241119751,-0.04489419376019262,0.10090355763118632
E02003312,-0.0702515588780819,0.04389155810725763,0.06936716973467702
E02003313,-0.03647792607988391,0.0796599024678586,0.08211832236971432
E02003314,-0.046389876053132405,0.07401917873582384,-0.05460801450122347
E02003315,-0.07645692928797497,0.029218883733887608,0.012155720593181027
E02003316,-0.06048899796697479,0.013032002462975457,-0.015596308909399866
E02003317,-0.022598871323512185,0.06891700415666673,0.03296722681901914
E02003318,-0.03470013977559112,0.0023090712189908057,0.05284472780369176
E02003319,-0.08643255330115955,-0.0442713243393481,0.07829054946174172
E02003320,-0.021175071884426924,0.014400412918191363,0.030223457672994256
E02003321,-0.05025731461506604,0.04151533554037995,0.0904115320296663
E02003322,-0.03101838973090773,0.0545865799916008,0.029906828943980588
E02003323,-0.06176217711983473,0.043043716824391225,-0.04203937654520173
E02003324,-0.06516997886585732,0.028353465862446015,0.03271201209914125
E02003325,-0.06834982593280683,0.08321780294241185,-0.04190255247735659
E02003326,0.005430298815559132,0.031291534133352394,0.03959930510565404
E02003327,-0.03737215399979365,0.0640684459275635,0.0040278527626970775
E02003328,-0.03319112547313356,0.03934527614727805,0.08592861833142021
E02003329,-0.09643794996984789,0.005025452418021812,0.03447159309310627
E02003330,-0.05745495765504847,0.021652119480414296,-0.007529699537564044
E02003331,-0.04639801144145299,0.04732278039378173,0.010486727787522894
E02003332,-0.06640438799096555,0.0293933591860869,-0.02842276289550017
E02003333,-0.07160098903371613,0.07131189876828002,-0.027553515580054457
E02003334,-0.02580554137833229,0.058489503826942166,0.06166038565879776
E02003335,-0.0847532902101422,-0.0394360081422237,0.007071909444943025
E02003336,-0.030992427734508415,-0.0032997009293230387,0.03684271452862408
E02003337,-0.00205478738503847,0.04114288671125588,0.07321808255985388
E02003338,-0.09603021373378415,0.005553302699331367,-0.003739236286838134
E02003339,-0.03990846301600548,0.022961655985495016,0.014673416142873446
E02003340,-0.0717076841834614,-0.07497387216900778,0.04237745174062412
E02003341,-0.08597512783852236,-0.03713158750343693,0.006112656833988021
E02003342,-0.029808664837865387,-0.020898536857699018,-0.06981727463551832
E02003343,-9.412192098443775e-05,0.058232645506216006,-0.018164085896908953
E02003344,-0.04095944972339268,-0.11627647647934151,-0.0075591027299252
E02003345,-0.007140193201315944,0.016569939245382866,0.048597236603326315
E02003346,-0.09764906894829724,-0.02418751097820757,0.03062329006803988
E02003347,-0.02640730550971422,-0.0010516546969645576,0.07469281555066265
E02003348,-0.09918705806576283,-0.03190317519650046,-0.01312840659783666
E02003349,-0.024458738546518664,0.026103861879438365,0.057173611881671645
E02003350,-0.03600119784912599,-0.04359935806351338,0.060207229376996296
E02003351,-0.021563636925897845,-0.03721927912023627,-0.005014263800758411
E02003352,-0.03190799595835877,-0.0037354734007836524,0.048944178697421
E02003353,-0.071604872632516,0.059538568664766894,0.005455750675992348
E02003354,-0.08333862414919084,0.015460165137930634,0.007169522054886967
E02003355,-0.10305245086889851,0.03433338899312826,0.06244819529829425
E02003356,-0.10227069047334704,0.03336395992882003,0.011125305796910631
E02003357,-0.0850395026156428,0.01344043401283413,0.08790019397002549
E02003358,-0.11755447561338059,0.011320066099947472,0.02551910411050838
E02003359,-0.04230331897298328,0.029346723818387942,0.054154561386062755
E02003360,-0.11653011240703152,0.010810562417336597,0.035516093696285035
E02003361,-0.15356015317448599,-0.07094940042126945,0.031729228312946806
E02003362,-0.11419930653667433,0.0884260578364665,0.034180536725938904
E02003363,-0.08733196902091163,-0.04976361469984259,0.003588777205867132
E02003364,-0.10783503774036912,0.014622194460351028,0.007260613654095763
E02003365,-0.05449409057913228,-0.058453019864833415,0.019990532825991173
E02003366,-0.0037771633180449255,-0.0116530305019438,0.0700076608331397
E02003367,-0.0805491981849666,0.0018534609192598034,-0.09114665690199585
E02003368,0.08769724541700198,0.035269175692652345,0.08819809070273786
E02003369,0.05552669807415393,0.0027547375783077634,0.029587699869434443
E02003370,-0.04944027260141866,0.0032198470976258706,0.04793046294852454
E02003371,-0.02634955798903588,-0.001639963411801154,0.035925508979946306
E02003372,-0.04317256484537603,0.06530289914622278,0.08494132127254597
E02003373,-0.011258399980392918,0.011768769147577227,0.007512635053608961
E02003374,-0.07689183404918759,0.0657745950768135,0.0351006672001503
E02003375,0.005769225102029411,-0.10070216799442118,0.10852217946942273
E02003376,-0.0180110588111456,-0.11371375203771335,0.01628898919496789
E02003377,-0.04031634797774828,-0.004409486697344418,-0.005319199877862251
E02003378,-0.09720956969347509,-0.09790442886099245,-0.01207363636134014
E02003379,0.003734918295266208,-0.061718668731841834,0.04514380284291659
E02003380,-0.0678284540098307,0.0287585205954581,0.029314550822888925
E02003381,-0.03703075259114791,0.025947889607829774,0.015719549162182576
E02003382,-0.05544770681064305,-0.010992504135306246,-0.03542432098751563
E02003383,-0.08456785915178101,-0.04337919797932162,0.03564114804470103
E02003384,0.07623645429901699,0.02382065233415809,0.04295217631303227
E02003385,-0.021292183802465153,-0.029095808708409682,0.11050732804137317
E02003386,-0.06249524515964998,0.02538201012921342,-0.04302790812434844
E02003387,-0.051268104248819446,0.02492703397528649,-0.010641950539375182
E02003388,-0.04686740593242696,0.05174179868409058,-0.017326431217471395
E02003389,-0.10395090048647077,0.019244844552902117,0.01968717373435008
E02003390,-0.0331125698818,0.028479096440158516,0.03578139555062439
E02003391,-0.04968077091693988,-0.02400463471566218,0.008184487697833979
E02003392,-0.10017109357961894,-0.017698412092756712,0.03816741404260108
E02003393,-0.09608846823279275,-0.018162116429603987,0.03549631770909039
E02003394,-0.07519629909671208,-0.0030043998742693427,0.0979771443227889
E02003395,-0.17093449442631695,0.05933384522593014,0.030775542797535745
E02003396,-0.12279625818704475,0.07795585717982466,0.034465526724558423
E02003397,-0.11358718485548627,-0.007982733038646155,0.06429514851861158
E02003398,-0.07091719686488665,0.02851681170404546,0.046817512024702294
E02003399,-0.15188837676796352,0.05122144714238434,0.06382337382102714
E02003400,-0.08224235161034667,0.005917116993100333,0.07513212564524363
E02003401,-0.11226704651298618,0.0018658907863425306,0.01741869157992813
E02003402,-0.15087624816773404,-0.07851995137529588,0.05213058797942235
E02003403,-0.018339922785430535,0.031808909713197366,0.07789450997172788
E02003404,-0.10900538334521803,-0.011766270387879925,0.010082411675140191
E02003405,-0.058268123860285126,0.06420181900586143,0.037681567623156303
E02003406,-0.10007240692377567,-0.09923193905844371,0.07708094446340785
E02003407,-0.14016393514774833,0.09098686668838196,0.0965332811847256
E02003408,-0.12001281273450876,-0.05409406220507293,7.759557596663505e-05
E02003409,-0.06398211872808254,0.047583780628918756,0.048637070706855884
E02003410,-0.12447108190369699,0.030485220388385605,0.03162315258915839
E02003411,-0.08889879282711712,0.004868127109919175,0.021616758775298995
E02003412,-0.11120031819630602,-0.019359922891563353,0.06467109780501842
E02003413,-0.09561248970324641,0.04280824334009911,0.10540378531255319
E02003414,-0.09155878677398986,-0.04540171711528225,0.048508786293158065
E02003415,-0.13858742553324072,-0.13280798977426145,0.11484939790623665
E02003416,-0.10252910769997367,0.04262705685298277,0.01623501702202853
E02003417,-0.09492346589991786,0.023546597569604758,0.028672897506971797
E02003418,-0.08713051203822544,-0.014839619127039053,0.033509671003296805
E02003419,-0.06596598622983922,0.0776317058129109,0.11661438558832465
E02003420,-0.12043185184153364,-0.05544157127378692,0.05293769467957761
E02003421,-0.039405845805171036,0.0892403263623352,0.023185477002349214
E02003422,-0.0385686908158044,0.028944212042284336,-0.03940422698985433
E02003423,-0.049386442980410714,-0.017742030343891067,0.08440904810307373
E02003424,-0.10105094613940163,-0.004498879909973882,0.0657889922472591
E02003425,-0.16123664729430104,0.025733434408070938,0.08014786526451549
E02003426,-0.12230103881131275,0.0659500268836954,0.010599882123767399
E02003427,-0.11840179007085692,-0.018315138132295263,0.00997673764641533
E02003428,-0.0886875779007246,0.031629120995703704,0.023565064097942647
E02003429,-0.06113214782509833,0.03888602853721246,0.032614258137489326
E02003430,-0.1779062012370489,-0.041881423652721315,-0.03871283403072947
E02003431,-0.06567477631078303,0.04121828691175441,0.01591669291477869
E02003432,-0.07538561664573831,0.04571015717997005,0.04107742160619053
E02003433,-0.07091769038599738,-0.021618152933298076,0.006783565014062091
E02003434,-0.04073660052916385,-0.029106890570370837,0.051081104201951597
E02003435,-0.026864574851708782,-0.13065037155486092,0.046690760589265086
E02003436,-0.01274314972002044,0.034251344005661044,-0.026795857533285655
E02003437,-0.06499038606602481,-0.03535521607485751,-0.009600387702494165
E02003438,-0.031169760641973788,-0.0058703574985831675,0.047075536174901886
E02003439,0.06699734141149938,0.02372780273154659,0.09113165040409647
E02003440,-0.0993861266322119,-0.04799124404329584,-0.03047566593516373
E02003441,-0.11420679576152554,0.07020207899451317,-0.012414215404289195
E02003442,-0.09033690377477911,0.02402536839595681,0.0340109881910593
E02003443,-0.10188465894523649,-0.1391477736999752,0.048940131732833445
E02003444,-0.03787611338962513,-0.02210081735912229,0.06096323662918477
E02003445,-0.07021419750989298,0.013255134445932923,0.049648551107764886
E02003446,-0.07652004228662797,0.03407954807973677,0.0405771360514318
E02003447,-0.03153182846328793,0.05793641030340196,0.03790619988067004
E02003448,-0.06398039699053842,0.0030858227477741015,0.060013870676161055
E02003449,-0.1278690389664291,0.014937552204020162,0.04549577639758124
E02003450,-0.0040803482538738734,0.1030452464399034,0.040839947390733426
E02003451,-0.08265907599378744,0.09261526350736377,-0.0033299048195774427
E02003452,-0.07249711828032439,0.03149660651454587,0.02738215998294959
E02003453,-0.03320723998337938,0.0511570099790282,-0.002264746114232821
E02003454,-0.06866122955611224,0.03484949308012726,0.01034448389092649
E02003455,-0.023652593022777467,-0.045376627085910316,0.05693707130705153
E02003456,-0.07489127773971654,-0.01600291796373431,0.06599205570004886
E02003457,-0.05184999432029939,-0.09874569495101422,-0.0021829091498177192
E02003458,-0.0067465245114489035,-0.026292785438347534,0.052223969129557506
E02003459,-0.032784886349043,0.05700376869283719,-0.01499527487979407
E02003460,-0.026599023105388576,-0.024803510331379737,-0.029286454197182534
E02003461,-0.03092155310209745,0.06087941087230838,0.024100218309587744
E02003462,-0.07073440452073013,-0.0004755573821042886,0.013018208764829804
E02003463,0.055160719391861374,-0.14580937385188197,0.07873868293747632
E02003464,-0.15356259926453308,-0.060113326398507846,-0.07157661386540527
E02003465,-0.054206740412214294,0.0014992101775398638,0.015079840332440026
E02003466,-0.06636220904439637,-0.040889625661651524,0.04270720669382462
E02003467,-0.04427759500509604,-0.03290290871368739,0.0019433451225955153
E02003468,-0.01148364227850048,0.02567349643076986,0.024105180997480786
E02003469,-0.06689176073982143,0.0005249983604694511,0.07211424542723924
E02003470,-0.0667493782709012,0.027928727299463812,-0.021437308032217647
E02003471,-0.03667179457762085,-0.13365038383243866,0.07552668388150735
E02003472,0.03900197587399656,-0.09051924999436865,0.07412215701272115
E02003473,-0.08640763449285387,0.0026750923392576424,-0.015395982061505883
E02003474,-0.026307574059400464,-0.07062886896380716,-0.01984263828438747
E02003475,-0.012711894923967767,0.029341571759829963,0.049194324087891386
E02003476,-0.13921022080498194,0.08328976245037012,-0.014385724202263172
E02003477,-0.038688722467214796,-0.04799814739263472,0.010491385439640233
E02003478,-0.1364179006201865,-0.11346419857469699,-0.08303824649454351
E02003479,-0.25586600224202266,-0.12099153425719987,-0.06958776180305687
E02003480,-0.07437427672295789,-0.09810507925437512,0.027706146282687076
E02003481,-0.10425636342458026,0.03391625182751326,0.08184103819373625
E02003482,-0.032859754492855386,-0.050962226223761696,0.010649171457843441
E02003483,-0.04339791637787837,-0.028831782756897944,0.02757286640008162
E02003484,0.012223299335623048,-0.03958717787723928,0.07665255378129021
E02003485,-0.06747665290412871,0.004432144085043577,-0.013275671440992834
E02003486,-0.042443441003258614,-0.010612704072415404,0.02934397148601588
E02003487,-0.09129029000963322,-0.023910009278941786,0.051263077182256034
E02003488,0.017021242092667185,0.024716835255606175,0.048116887397481635
E02003489,0.001967969827518673,0.1190009620833349,0.06462944247354006
E02003490,-0.2019076893557621,-0.04209822378166117,-0.01244924442453732
E02003491,0.0014701130095061451,0.02668010045077903,-0.0007829976286139496
E02003492,-0.030406521914868596,-0.10473163604289859,0.08532608012867578
E02003493,-0.023271410246758103,-0.07787282342195159,-0.04672373133537922
E02003494,0.040915464467245394,0.1172985246298462,0.006888274134871268
E02003495,-0.039054969445374836,0.05137382574798259,-0.03747710174671275
E02003496,0.0015410124607966795,-0.009913143275772921,0.07605548583036006
E02003497,-0.011165730445021262,-0.01219396458731381,-0.029511491440359437
E02003498,-0.027942005441170783,-0.029362335999761114,0.03196309900190996
E02003499,-0.025156690396345868,0.03334202997519024,0.005520213958117209
E02003500,-0.023338083924401606,-0.0442523229873523,0.02189624743727869
E02003501,-0.012745951183584346,-0.0017724441091954127,0.04870963501083085
E02003502,0.0018998320200235624,-0.07828273155338486,0.048332836280108815
E02003503,-0.02903701376473834,-0.020003561165044814,0.0023823110596720414
E02003504,-0.055758448295039766,-0.06942052664154476,0.021869584203065343
E02003505,-0.0990309544264902,0.04151554378298635,0.025511073300381153
E02003506,-0.04991285453181965,0.014537399590413594,-0.01050887878753249
E02003507,-0.012663380859516345,-0.03223415792305239,-0.0707981102635326
E02003508,-0.05580303721927124,0.007072554200835861,0.023632258884264425
E02003509,-0.03831851036782788,-0.01759548251524203,0.044802602595542675
E02003510,-0.0704916406244738,0.011735687012376338,0.033639167819920664
E02003511,0.03329406962481354,-0.0067290991615183895,0.06433767081617522
E02003512,-0.04803743050965513,0.02538173481855524,-0.022983267114612235
E02003513,-0.010550798191907641,-0.023055942214256966,0.005039022022038707
E02003514,-0.05702392346653673,-0.022729951874127918,0.07128548131085051
E02003515,-0.0418914767268709,0.15460322939329652,0.04109538640174519
E02003516,-0.11250499583749231,-0.04328554975901607,0.017090438858501433
E02003517,-0.020930259954785844,-0.010763958379351226,0.07996197864370895
E02003518,-0.08916827233792901,0.005303910701932626,-0.020058426464457088
E02003519,-0.029910390455896385,0.011004045504851753,0.05103936272305563
E02003520,-0.010721608344041426,0.04701743651895165,0.025707570384539472
E02003521,-0.08761471321797307,-0.061445395551802715,0.010729030989653547
E02003522,-0.046203539744980156,0.007480399074528465,0.07566028444629425
E02003523,-0.012646707575361722,-0.005378273149360638,-0.007905446256717049
E02003524,0.03127605451329213,0.038763714840164776,0.031144280042186348
E02003525,-0.005044158261282436,0.0607778843391078,-0.030339751930911756
E02003526,-0.0028406006754266486,-0.0008479388156700713,-0.023163597468837088
E02003527,-0.053050412678435896,-0.008668210791734203,-0.025842290772982453
E02003529,-0.050748867982224645,0.03643464046180011,-0.01277929675233164
E02003530,-0.012078255340054144,-0.07977941041936704,0.01489910557764307
E02003531,-0.03656605999578426,-0.07902793846656712,-0.04640284942440312
E02003532,0.026930062996521106,-0.012542929716938446,0.010189993320297047
E02003533,0.032587040814841865,0.06159415937499891,0.022077716892363607
E02003534,0.01073325798964775,0.019072633554728324,0.012751148265497066
E02003535,-0.020644150780233655,-0.00051299058111051,-0.010397653471884278
E02003536,0.004734660710365524,0.020890232716252784,-0.010765261896511598
E02003537,0.0005495943819805601,0.011990375324721317,-0.011554360836122254
E02003538,-0.017888531033899636,-0.009394392336262925,0.008426359896195126
E02003539,-0.007302198117357881,-0.19156932116009248,-0.0802467056341622
E02003540,-0.05785724933360047,0.07333181133576312,-0.04891018471645745
E02003541,0.04796035419392683,0.03476431880925576,-0.04440696511652149
E02003542,-0.006899873771420068,-0.023579528155046273,-0.008851182085508464
E02003543,0.003637517859749986,0.017733914645488562,0.025662282546132505
E02003544,0.009840683972696749,-0.025739903183663673,0.030359795456185498
E02003545,0.07168422674821726,0.07808120882995637,0.03709801875351923
E02003546,0.0326216470256778,-0.07133829965336273,0.02484521851303694
E02003547,-0.010156295549961081,-0.09903788328766254,0.028906982572386865
E02003548,0.0361336386057015,0.009371201654091263,-0.027751534244230432
E02003549,0.12217854509410946,0.05220498354208808,0.07963474415641356
E02003550,-0.0023694972461124827,0.059950353583427145,-0.01601537268072691
E02003551,0.07877163079723296,-0.1586379072981083,0.1121577207791336
E02003552,-0.0117199957483335,-0.11322244138694601,0.07589905567209192
E02003553,0.019864701986944282,-0.07897195472951536,0.027126817672084285
E02003554,0.03376720400202052,0.009933262668587023,0.03359146243640551
E02003555,-0.03565812680184557,0.011047910876089216,-0.04554277156922029
E02003556,0.02542666495731301,0.006508387502039779,0.03188505827001705
E02003557,0.007774081505280464,0.026320700595460017,0.011732061032520287
E02003558,0.00021652478714454703,-0.12924970766332713,0.04747661103206344
E02003559,-0.014872217796599276,-0.03930443833108341,-0.01964994020688468
E02003560,0.0685951469448727,0.020811711749807466,0.13476481183610103
E02003561,-0.02023854513561158,0.04067439005432059,-0.06861485625752661
E02003562,0.035888432788427294,-0.0037815901201463274,0.07785098311887659
E02003563,0.01808942261437592,-0.06745379591646108,0.0841897490054286
E02003564,-0.0648788490101281,0.010676077778839142,-0.0978422775654278
E02003565,-0.09149060404393562,-0.014074803286023318,-0.035305744303379176
E02003566,0.02159524679803209,0.030896862287354124,0.11470077459937432
E02003567,-0.020600772286487552,0.010455728362101612,-0.030430765735887218
E02003568,0.020000369726415782,-0.07702038172719097,0.04183829981643352
E02003569,-0.052740011353249384,-0.0036326051635906407,0.01505915566538636
E02003570,0.06330546801416014,-0.03260299033747422,0.13297497264909203
E02003571,-0.0029191468452138053,0.0009560631238155647,-0.05833289459632253
E02003572,0.015755038526475043,0.03773990449744223,-0.059144485655898776
E02003573,0.08113735069363459,0.0030673144087052357,0.04235312098308066
E02003574,-0.033454983892699006,0.0044625772801347476,-0.09166528456395617
E02003575,-0.020727980195942006,-0.0064808611918802,0.025722000386613923
E02003576,-0.028403873145768883,-0.013170193395800996,-0.05435372794797958
E02003577,-0.027790627916417877,-0.016626580447145916,0.029059708989611875
E02003578,-0.02291926517065275,0.04475594601784039,-0.039285621609401106
E02003579,-0.047552816771039515,-0.04004944360765013,-0.03456594112117114
E02003580,-0.023163027229393587,-0.04755679044398784,0.05516981686662536
E02003581,0.031248907921596025,0.019897448493799305,-0.03142996961446
E02003582,0.07497316578359758,0.007726095410838051,0.04295972174482159
E02003583,0.0806909888531664,-0.006090208861760069,-0.008127621529479795
E02003584,0.09019269247555557,2.983655421937894e-05,0.01222241798834989
E02003585,0.045192174176338126,0.04670274359083885,-0.022763641572315682
E02003586,0.03219228960144933,0.014283942731614338,-0.03221134346932613
E02003587,0.0625391638331809,0.06455201384944731,0.001471773492411996
E02003588,0.017405482797759036,0.05440662707588903,-0.010425807071963217
E02003589,0.0628111542382112,-0.012451701811517472,-0.02435151710602849
E02003590,0.03752857606510849,-0.05150177274285052,-0.05177768683508151
E02003591,0.10346990583820775,-0.002137093585083569,0.04395819771369933
E02003592,0.05405474982098412,-0.02942994276926361,-0.06015425478763364
E02003593,0.1516812608574503,0.07028295418132245,0.002353828637958123
E02003594,0.16394062155408512,0.174630715660324,0.06611941993843946
E02003595,0.119914756214258,0.032940601173680174,-0.016590433556012345
E02003596,0.061564276717060995,0.007883009670932226,-0.07301442347719017
E02003597,0.1128271716117154,0.07179407321512556,0.0005257718241915588
E02003598,-0.054954864860020956,0.06814911792556634,-0.11761849709598901
E02003599,-0.03934541790645163,-0.031076210195422598,0.014444682806923627
E02003600,-0.07428371360909364,0.05837915316163957,0.005087199369944222
E02003601,-0.06250482863886536,-0.005128028201546132,0.03465351840437035
E02003602,0.03954032833150358,-0.018088858275804424,0.02425649504091363
E02003603,-0.04030480970874138,-0.05139536395686439,0.05737729315459919
E02003604,-0.07204577160414517,-0.009367337041014397,-0.030721467748085478
E02003605,-0.04170757997702921,0.04014824295706226,-0.006760259184965639
E02003606,0.030955365854809704,-0.1401546101040987,0.04935187397219831
E02003607,0.020137481932166086,-0.013090708632868776,0.07962152821567375
E02003608,-0.09057187850337454,-0.010792686730541505,0.004204839673181243
E02003609,-0.0050778433599511594,-0.034570802224575564,0.07473900367595958
E02003610,-0.04903445027882906,0.0260092472271827,0.06232519624980452
E02003611,-0.0679259014488645,0.0428953771704893,-0.006655323255749038
E02003612,-0.06612430103052179,-0.013546529950899217,-0.0036461140447906545
E02003613,-0.03736107103859441,0.0018854318927260998,0.05118585076002993
E02003614,-0.017736162930583714,0.0009710887799506149,0.08613523599296473
E02003615,-0.01543203248090416,-0.006942995346919928,-0.008447481496220806
E02003616,0.04210389323876299,0.05961377947213973,0.05345820273371213
E02003617,-0.006247202477088985,-0.012735793158706026,-0.02694003390268165
E02003618,-0.01095481725472603,0.007354666700437216,0.028243508548689823
E02003619,0.007601163295754205,0.03553403414037514,0.07976406404809172
E02003620,-0.048748621432766905,0.024844137582286943,-0.03544019253454242
E02003621,-0.03769773071383276,-0.08611289796210995,0.0011513806065887992
E02003622,-0.10293484839267743,-0.089708375705123,-0.009484646755947297
E02003623,-0.030357843668795674,-0.032305219246949846,-0.015159888820135265
E02003624,0.0655567307421745,0.07995357728673469,0.10624904699927423
E02003625,-0.015997616243552875,-0.014827800323617265,0.026888667137823306
E02003626,0.011845463330624022,-0.02806263497204726,0.006558893695705403
E02003627,0.005741383776249938,0.110429281929308,0.0003242587948466152
E02003628,-0.014290351818046132,0.01782047358651552,0.06897771624210393
E02003629,-0.049384769174807434,0.0019249622400844917,0.016739907201374173
E02003630,-0.02093875932485078,-0.04419386574769851,0.05148824720782075
E02003631,-0.017634073273626337,-0.024237388694071733,0.016509935311949657
E02003632,-0.043498708603805766,0.010484712710138355,0.013527045201332343
E02003633,-0.051110355425157225,0.015247882974171605,0.007487153025880112
E02003634,-0.044806291382041036,0.019267015146835043,-0.012429352042039397
E02003635,-0.05317431260833974,0.01938212685894312,-0.011388007874615904
E02003636,-0.005775421263020925,0.030901307571129757,0.013603582351423744
E02003637,0.014375201806883212,0.0909598406434071,0.05580401448851042
E02003638,-0.031630783228707264,-0.002223146516708112,0.059062904154447975
E02003639,-0.09974934228858234,0.01127984085215788,-0.029274321003087106
E02003640,-0.013849380226642213,0.020521210970405854,0.07498689028701523
E02003641,-0.05347641493064656,0.013982070106399978,0.040118889132560676
E02003642,-0.14285039251327408,-0.05164366958350322,-0.009278384230908696
E02003643,-0.020300316602406245,0.009195640874145988,0.0702749875864998
E02003644,-0.03049965241306172,0.01317872608953779,0.040924843433573374
E02003645,-0.04816938197891497,0.04620516434862531,0.006011531326210638
E02003646,-0.07801249224878071,0.03530998943897199,0.017006888481538605
E02003647,-0.03216405271448954,0.07671134356068011,-0.002606869980285109
E02003648,-0.04689206349951017,0.03441433542301111,-0.02007550542734366
E02003649,-0.028780321248290264,-0.05505817578586724,0.014104400106189944
E02003650,0.015195162156907919,-0.022778027328472266,0.009486964798159317
E02003651,-0.052362088503014395,-0.0008798601989115602,0.020280303422493123
E02003652,-0.022017311977172785,-0.0490986119801227,0.019408213689375866
E02003653,-0.029657217141121177,-0.024829874856382682,-0.01587405455743137
E02003654,-0.02397945744448647,0.0006584921974822366,-0.02601155836191655
E02003655,-0.021897384119424476,0.0027784958341469197,-0.003286988112524064
E02003656,0.006211952836704398,0.057816467287273625,0.07546369013548876
E02003657,0.030306605680795125,0.0023498367833945663,0.03706609529219512
E02003658,-0.004100165149106988,-0.019497252114163942,0.02648691643928284
E02003659,-0.002936774097832692,0.051689410527533675,0.009257102798939095
E02003660,-0.04371744012593336,-0.05705956442167849,0.04643615330989278
E02003661,-0.03261554083182789,0.05974142698568905,-0.0007227319045568312
E02003662,-0.06025106017970257,0.05799486312259922,0.057614118545487925
E02003663,-0.03925332831629354,-0.009744486609903498,0.06735854567955919
E02003664,-0.13306914886087642,0.04279774039870907,-0.006832518563695588
E02003665,-0.003558683492445831,0.060782181063192095,0.08572683953585562
E02003666,-0.07391195642574765,-0.00945049582741353,0.010060746735949973
E02003667,-0.07243096362335653,-0.051371581907671125,0.04024254861310627
E02003668,-0.06998923341725607,0.026121909839375995,0.024410207781752506
E02003669,-0.06938368095330952,0.026949992669426062,0.06322121348560376
E02003670,-0.04409170730332895,-0.021512692787563976,0.01655095074751268
E02003671,-0.12496629908855114,-0.026606370404752482,-0.03753654728993445
E02003672,0.018625801313232597,0.03847654529362039,0.059950973938115784
E02003673,-0.023930725792444735,-0.04266703206178089,0.06132840096130439
E02003674,-0.011196177518770396,0.019600616359332974,-0.06609489065528085
E02003675,-0.0452114392859878,0.06358440533564517,-0.03750850028008721
E02003676,-0.04185649316426867,0.015420743291322488,0.029342777506354077
E02003677,-0.04610798436319115,0.001897645079921213,0.040436859712326224
E02003678,-0.09050803326549947,-0.04297661319963029,0.04503575117446838
E02003679,-0.08678160778051904,0.007314246626541563,-0.013139622728772843
E02003680,-0.08958050157887394,-0.01866946657711156,-0.042293693463075335
E02003681,-0.011677186926797502,-0.01294779318005578,0.030178726917240904
E02003682,-0.059520452622910204,-0.035481844473030585,-0.016192111117913913
E02003683,0.00939387680139638,-0.03479823074794022,0.05719630515893852
E02003685,-0.006339046739851989,-0.0009891420231537668,0.018883965930732376
E02003686,-0.026798767309488512,-0.02310170168665448,0.005456426827183197
E02003687,-0.04754675105853193,0.005738303321499306,-0.029007147356356608
E02003688,-0.04041064432257695,0.026506653933683146,-0.010420973126008317
E02003689,-0.11106726521583186,0.026659328842667484,-0.032460911941662875
E02003690,-0.09122055457480159,0.020743257187869023,0.002742291403587038
E02003691,-0.059797891985699465,-0.043221036074838834,0.03190963318296691
E02003692,0.025421436272682434,0.07634056613173608,0.1202044244343798
E02003693,-0.07691021396192611,0.025506328005175202,0.03948698033217631
E02003694,-0.08528285687731815,-0.03236186410056345,0.012862644160686321
E02003695,-0.058462817967167784,-0.007030650193751827,0.047622742567855814
E02003696,0.009827144746699129,0.040985016455850065,0.055383322402817424
E02003697,-0.06984137294570864,-0.010301407785912181,0.0035872920079825987
E02003698,-0.02813336016367452,-0.019779373994297324,0.023790598428011376
E02003699,0.03254722042281243,0.0295019816826303,0.07252601984808774
E02003701,-0.06061531828589682,-0.019755419027903967,0.025489077205980547
E02003702,0.009827851999782882,-0.04846238780397152,0.03898099015085701
E02003703,-0.0605543148322288,-0.0023050754268379952,0.08410579466480515
E02003704,-0.005881316003350905,0.04396766339238402,0.09054238527406548
E02003705,-0.04225280334339732,0.03358754942858065,0.07873678824066938
E02003706,-0.057712364201097495,-0.03233393526272799,0.05326950337911599
E02003707,-0.05598827917716201,0.033587613078918326,0.0523221372400817
E02003708,-0.09932387271072282,-0.007668239056185668,0.0149535751929271
E02003709,-0.07120886461636572,0.13419544617579793,0.06519985974087614
E02003710,-0.04140419045944835,0.0022460058721981394,0.08355923602608314
E02003711,-0.04902211254663051,0.029406792254561526,0.10225803084616195
E02003712,-0.07295408509737808,0.026988614708738153,0.004239996381065891
E02003713,0.04029222816758851,-0.024999769131593692,0.06150569082666254
E02003714,-0.05993666617704397,-0.006975381336146686,-0.000731125671537986
E02003715,0.01942186878532462,-0.14121989900680731,-0.055728099638162554
E02003716,0.00656721269389595,-0.06979807620702454,0.04647137620290039
E02003717,-0.011165190010079724,-0.09118221228471443,0.028764707791987275
E02003718,-0.05528572657842399,-0.047424691471251106,0.028740724430829975
E02003719,-0.1510396884384186,-0.023180854817032352,0.0526853186194643
E02003720,-0.05884085334278171,-0.022511691838691533,0.06914545476855827
E02003721,-0.03429898675837344,0.03626000731187363,0.05997389058368013
E02003722,-0.09573472118872714,-0.04019600807770864,0.016256747971508508
E02003723,0.04920118860997879,0.03022735487671603,0.11092042689889503
E02003724,0.002015601392407401,0.1169565531213165,0.09268308190458978
E02003725,-0.08689602886844804,0.024078891527035604,0.025537517985030376
E02003726,-0.15490997936192494,0.025411543422377225,-0.03999127059839087
E02003727,-0.11020891389307914,-0.043731691917578155,-0.00012539690218745664
E02003728,-0.03520742295894932,0.002633170157598784,0.060248544839616024
E02003729,-0.10086008601579437,0.0319780971530305,0.04530623853160544
E02003730,0.035046092302569554,-0.0010244727358511905,0.16978636919827242
E02003731,-0.11022153616982286,0.061846966682048705,0.0501675056502339
E02003732,-0.004351720503526177,0.06853724394869176,-0.0011885005516800162
E02003733,-0.006241467445378111,-0.005082074373305394,0.052826978284207446
E02003734,-0.07705454642130667,0.037778037183290314,0.01891519337072387
E02003735,-0.026932654342053282,-0.01813174430332018,0.01831810501161799
E02003736,-0.024490683381702936,0.057611269027121464,0.013061966408131103
E02003737,-0.040103269496319885,0.019703959896084495,-0.0022782920929879376
E02003738,-0.1087706022211402,0.002021213733664285,-0.09714828495776082
E02003739,-0.06984398473990285,-0.08054165839802527,-0.05994551119185036
E02003740,0.0181992267653202,-0.045910512481752735,0.015577954506218919
E02003742,0.04208664435077781,0.02003357423667044,-0.07825062095458026
E02003743,0.025215775038707932,-0.08726550690151276,0.04027515535585477
E02003744,-0.0008734960318878334,0.031924205166316125,-0.029306344107544825
E02003745,0.07786360768222311,-0.012269423971806324,0.03585972859796592
E02003746,0.007051093376692065,-0.02360664164802068,-0.057681267865910324
E02003747,0.0038445451721118356,-0.013785359021008772,-0.0539526719758377
E02003748,0.035729121481835546,0.057312604269278616,0.03935354873260567
E02003749,0.003672172441109866,0.01787856934381021,-0.010291135297563692
E02003750,-0.020303638099677085,-0.04952052958277142,-0.02412764026975024
E02003751,0.006836395460213156,-0.05724425153541673,-0.013915733510143682
E02003752,0.0031016163462843287,-0.024451581771055594,0.014503799126078474
E02003753,0.016726832904632213,0.008489161214922217,-0.01824286545605354
E02003754,-0.02728826704701648,-0.04827007668918514,0.006817750211445807
E02003755,0.03413001479849316,-0.03272914742215785,0.04693944401979974
E02003756,0.006037591834922714,0.033965211098807256,0.0033548071919665954
E02003757,0.06678204542369465,0.010198228268464754,0.03446513778875039
E02003758,0.01983853439306155,0.00526531970629926,0.06405525643400622
E02003759,-0.027962933951454532,0.04525431674884478,0.032292417118131286
E02003760,-0.03150837881751824,-0.002191639733014639,-0.023387541049531172
E02003761,0.006285935376818874,-0.011465914736854915,-0.019072383795901534
E02003762,0.0031633918778388908,0.009181933794189058,0.04354142056069556
E02003763,-0.05062616183947473,-0.023825855729147718,0.02661277772094427
E02003764,-0.013650600435660064,0.010251720328597232,-0.02681975912491827
E02003765,0.015665413745063538,0.01280325655277195,0.06420545563226288
E02003766,-0.01982186751202257,-0.009880087118919077,0.005437346992736562
E02003767,0.018003197026873304,-0.06239156644817751,0.006917149878828707
E02003768,-0.018593893894655118,0.049879988907873485,-0.0041216662150087915
E02003769,0.06643878597546486,0.050766001589516906,0.024706749777492782
E02003770,0.0009371380830410993,-0.02284933135071128,0.04289109478144154
E02003771,-0.06505244486796627,0.09853783579791024,0.013347071902830965
E02003772,-0.07357885161599369,-0.004329592999173328,0.0118047488528096
E02003773,-0.047676102756565426,-0.08935747847743435,0.021248025256811597
E02003774,0.04185302422137463,0.09581739132470117,0.05150358108569398
E02003775,-0.015281085906385827,0.025129788878152533,0.028311695063009224
E02003776,-0.056706335384878896,-0.04915538285697834,0.009625373605434563
E02003777,-0.018684627986791307,0.0020840736994346644,0.02159695346072606
E02003778,0.008122515266829975,-0.010303294840930375,0.07040019429008268
E02003779,-0.11631883654533919,-0.0006104048272109111,0.0009540524172864763
E02003780,-0.03952034362949154,0.01813315710941391,0.04088513311095754
E02003781,-0.05784751169856802,0.023080300447225963,0.03764568199661953
E02003783,-0.007183349627615005,-0.04834146631584323,0.035804289147448716
E02003784,-0.034024240755921815,0.020456123498834522,-0.016671522259503354
E02003785,0.0021126939526459857,0.013373589938797762,0.055997876576653935
E02003786,-0.004722142992861655,-0.0032846963961479796,0.05211487712002194
E02003787,-0.03457947630163696,0.044706749926842516,-0.041547376741171385
E02003788,-0.04887815473317123,-1.4530925588584659e-05,-0.025263158429288564
E02003789,-0.003830664009583169,-0.011785851772679191,0.08376693537324603
E02003790,-0.03949499855650321,-0.014568024658223286,0.014945390094239385
E02003791,-0.025964622047690823,-0.08539600084016995,-0.03129594277870964
E02003792,0.0061311827890634584,-0.017886375760342625,0.03694070290390694
E02003793,0.003521283991370906,-0.05455350647023296,0.03993130847195511
E02003794,0.06447877753295089,0.0034348909405714457,0.08321233088131226
E02003795,0.06704197320586333,-0.06682652247134144,0.07175085872460166
E02003796,0.04479229617134579,0.049495280459976455,0.00439824904468996
E02003797,0.038897833441928244,-0.0013443458845890225,-0.053601380891367505
E02003798,0.1736012655223037,0.07896991368692065,0.19878001571523918
E02003799,0.016385526920498522,-0.1367248484348024,-0.0011943085589274263
E02003800,0.019527882620648532,0.0170232376155582,-0.02678792657528106
E02003801,0.04799420385914326,-0.04849740625296599,0.008629402674547341
E02003802,0.016519156765439996,0.0407877637121868,0.02786873003914758
E02003803,-0.008554065297106577,0.01629359806517784,-0.003116108042859053
E02003804,-0.0166904160604976,0.021007941073386816,-0.021387027399691515
E02003805,-0.024379852099581146,-0.009671067280355003,-0.04357843898740354
E02003806,0.034517848024573645,-0.06477886804912061,-0.0013168869418202583
E02003807,0.013449817469636137,-0.058328569238233756,-0.022069566215952338
E02003808,0.09800488134878656,0.1645050324500702,0.018495069283729994
E02003809,0.08816464594681828,-0.008542665260757965,-0.08499620350168417
E02003810,0.08541443240722649,-0.02689447103636573,0.0418743661008604
E02003811,0.11325092834131174,-0.004254685598925728,0.018744788231276947
E02003812,0.02171181016915255,-0.05168658712591538,-0.04024345340419619
E02003813,0.041704542980778324,-0.0038294274739302976,-0.006464897961667116
E02003814,0.07808498346312448,-0.02893547614798866,0.03618692977772734
E02003815,-0.03359483493195939,-0.01762557084920275,-0.04740752994065755
E02003816,0.005562770258956922,0.0442039043563992,-0.05332664879401722
E02003817,0.05178457581603668,0.06010244697057024,0.011105889692454088
E02003818,0.015226771948929914,0.10936585947236024,-0.07430690996503227
E02003819,-0.029687809797765176,-0.0036973201405724773,-0.15360833315968783
E02003820,0.011555199434948853,0.02580651584360603,-0.03462789353570022
E02003821,-0.03266367396512619,0.05640787281104914,-0.08214592203041249
E02003822,0.044860077475461495,0.02361419492999835,-0.07090153071407868
E02003823,0.02063652991087016,0.02896650500848574,-0.05798674398563572
E02003824,0.04146027657310196,-0.028803858515441424,-0.02560812457142626
E02003825,0.08473875856524926,0.018723223319413722,0.017540470600589705
E02003826,-0.09603887404969523,-0.01820104181260616,0.001550738497639756
E02003827,0.12947570457655236,0.05652314951736063,0.1620905301284414
E02003828,0.054391480634410995,-0.001742159137493165,0.02994633193799341
E02003829,0.04782519388289915,-0.022532572345231656,0.035238538240126745
E02003830,0.12991562910481438,-0.0021514791846763332,0.0033229632575967464
E02003831,0.027832852297736098,-0.08388334643199932,-0.058626631796802414
E02003832,-0.06250423175107656,0.05833884441152958,-0.13840949048059803
E02003833,0.06714850873317252,0.08982552073411261,-0.05783044928077824
E02003834,-0.022895684073237388,0.02563139173588455,0.15575780863335253
E02003835,0.12503942860610684,-0.03084962405330913,0.057721705392138736
E02003836,-0.027976930385268082,-0.002040483613016391,-0.07380942018845575
E02003837,0.04345085542936214,0.050147066487475314,0.020743641523199713
E02003838,0.048766379547417325,0.015781276574470822,0.0021944630491146882
E02003839,0.0501184798759585,-0.13293150064961148,0.03164059191560834
E02003840,0.02170169634779448,0.04770560146179172,-0.14244764027670292
E02003841,0.00540184024103718,-0.12948276258935792,0.05434168526642399
E02003842,0.09830082960872623,0.02778607729600559,0.03393766742036331
E02003843,0.06790446623852125,-0.01928614264712812,-0.05754635413217194
E02003844,0.0911822443136963,0.012907762784127455,0.0004714253724106953
E02003845,0.08581188546518391,0.03391586044432745,-0.002287055560527411
E02003846,0.02971160821789106,0.09805325880656518,-0.07210936333809818
E02003847,0.09293033781506632,-0.02075675884072486,-0.06118265220445308
E02003848,0.059688310328805,0.15698054696549738,-0.12503411769835784
E02003849,0.2114090675873529,0.006111753495422123,0.08107390471966279
E02003850,-0.010763805465992333,0.01921500979827257,-0.10802983153760919
E02003851,0.07909283425890722,0.034725474518533965,-0.015912734194346894
E02003852,0.017264875806796948,-0.018208452572377683,-0.044565263202261195
E02003853,-0.08209464648038128,-0.03233216037026233,-0.16008518615096728
E02003854,0.04730726936805206,-0.10236955427688976,0.022334727573242025
E02003855,0.0017530307375535974,-0.023458312210308332,0.004876261207361321
E02003856,0.011958331767960424,-0.019945002130263838,-0.014228956801162058
E02003857,0.12127860950637612,0.03550094971588504,0.10051658313406203
E02003858,0.030195620206730684,-0.05388801332493139,-0.026779646593327388
E02003859,0.059708667813100184,-0.01429248476828674,-0.025513817023975705
E02003860,0.014737044266205843,0.03244298221477555,0.016948265871260564
E02003861,0.0708158143767472,-0.05397253302088664,0.0730248235154246
E02003862,0.01645047150587942,-0.09806097993010929,-0.03706904260379648
E02003863,0.0888095047731724,0.042515263759533246,0.0435350318158273
E02003864,0.05030613574504608,0.06502401467615401,0.10321361888057895
E02003865,0.027014857020455182,0.012189102172459382,-0.029100841652564317
E02003866,0.0565266566961679,0.00022506008138772896,0.01147036711728467
E02003867,0.02934826854546906,-0.07281161601824596,-0.022775517851038093
E02003868,0.036613371877251555,0.0868273658945597,-0.09583598345118027
E02003869,0.01644708042940093,-0.051008566676290425,-0.04544768524831092
E02003870,0.01909507888190866,-0.11669476940929498,-0.045316605790442104
E02003871,-0.09127238788352231,0.0448519909700488,-0.20321381924479728
E02003872,0.06123993666493442,0.09005318991025922,-0.020543879247954682
E02003873,0.0026399250821997613,-0.015114296629829526,-0.06848665666084462
E02003874,0.016581549584845024,-0.07980594056994068,-0.08651781546208956
E02003875,0.09328456355987833,0.00011314113406261067,0.0811492069989187
E02003876,0.2027674854177442,-0.1196208822730409,0.0079560577622185
E02003877,0.034224968657975266,-0.018479233377385502,-0.05171389247282489
E02003878,0.12721192595709943,0.03384755629803927,0.07068120026950406
E02003879,0.03475630724747034,-0.10270023776844416,0.028264919086081662
E02003880,0.01702371729729976,-0.03598957821720849,-0.07693469202545773
E02003881,0.07131210918989299,0.07059730189849531,0.022191462296534705
E02003882,0.00895935521212236,0.06529929964625036,-0.0635112398117081
E02003883,0.06187155630992911,-0.007964691956030272,-0.020163670032826056
E02003884,0.0136022698186837,-0.0551433278145374,-0.029758124803468327
E02003885,0.13215819452738972,-0.059001684899221286,-0.04413787942265564
E02003886,0.04121919682326282,-0.07250678517935776,-0.0600738778555807
E02003887,0.06539702767655972,0.008219125326679367,-0.019802365322287498
E02003888,-0.08392741359556283,0.034573619488938986,-0.08443939478185827
E02003889,0.09743841056611427,-0.0019869386403173063,0.08250274412055877
E02003890,0.08166585104289728,0.009930618758808895,0.017210111944012126
E02003891,0.05817314066447212,0.10470319598572672,0.015654940599385027
E02003892,0.1290944443801854,-0.03308000426320837,-0.04494595285642302
E02003893,0.07794676680615403,0.03338149097678576,-0.00512216502267193
E02003894,0.07265418606218468,-0.01945621116885061,-0.08412396187338253
E02003895,0.10103529453992548,-0.045724149931769584,-0.04718163869566338
E02003896,0.14623304301823917,-0.003767146315499472,0.06590919903240922
E02003897,0.007873516247824074,-0.05063403659001533,-0.03639727051157959
E02003898,0.07715269806877174,0.017997514860069234,-0.02375554191060198
E02003899,-0.022138156190796426,0.002160730847606773,-0.02705155797579968
E02003900,0.06216026499245556,0.003327152411560657,-0.007067220959500783
E02003901,0.0658301229408209,-0.1442818480379926,0.006819595367314869
E02003902,0.03631993786641192,-0.0701223694863327,-0.004588547648358536
E02003903,0.0674048000673802,-0.0319159941806951,-0.03406091850248478
E02003904,0.10148347118214904,-0.06281979680968848,-0.05753512250461268
E02003905,0.11727131246439053,0.06525120228307117,-0.054808312002732104
E02003906,0.18486296842114552,0.0806779596819263,0.007560343712277206
E02003907,0.10651726161362272,-0.04776005468799098,-0.021397648103404766
E02003908,0.04152512709889048,-0.11722123533544224,-0.029985236882011067
E02003909,0.10876508033481391,-0.07003856074832315,-0.005839267167256633
E02003910,0.03532828986073419,-0.07790972171347049,-0.07064459937286495
E02003911,0.08020338554682091,-0.07245168697795527,-0.0018777001819584884
E02003912,0.12099659839147334,-0.08335260741550557,-0.07422064804061351
E02003913,0.08347332903020398,0.09296567977210536,-0.05472368472604835
E02003914,0.00518784788786713,-0.052679082867930174,-0.058856784032227875
E02003915,0.13178105305638346,-0.009718493313090928,0.038258896434058116
E02003916,0.02507636343667474,0.09646791862655343,-0.010389185788755195
E02003917,-0.010035241139991297,-0.059752926178962246,-0.07814932429164398
E02003918,-0.0007585349616413837,-0.003712681645162537,-0.043715403692002525
E02003919,0.13536905399633725,-0.047459678694928474,0.1353236192202952
E02003920,0.11585550083381031,0.044058086447043725,0.024700413372271333
E02003921,0.09458425353735007,0.09033856484327352,-0.0750228614948878
E02003922,0.13516735769984678,0.03322201699555167,0.014715532356240254
E02003923,0.047818807668676605,-0.03432614589175443,-0.034988512369232984
E02003924,0.01611127188976929,-0.023758008356434893,-0.047813555161471503
E02003925,0.024193704093615417,0.12397235816558005,-0.0890827683687244
E02003926,0.10571938796177852,0.041447012468173894,-0.013912128782106483
E02003927,0.05426023636218209,0.002437531254576455,-0.08405114929967084
E02003928,0.09681011909538409,-0.05391855272260266,-0.047080136907903324
E02003929,0.05089547244564902,0.03589444459758546,-0.017098684888462033
E02003930,0.10586527137831298,0.07563674953047363,0.03616626366094044
E02003931,0.054600498894294254,0.038274956075625303,-0.09244349363493749
E02003932,-0.003031308426952483,-0.027882596521510903,-0.11771330327223063
E02003933,0.02032673695454041,-0.06685810955359037,-0.13589894317919446
E02003934,0.06011424770584246,0.08218170369761231,-0.06269504906312133
E02003935,0.056904727069102816,0.10815351389851835,0.006619447737122793
E02003936,0.11970783442025243,0.09552700190498158,-0.024400217520023214
E02003937,0.010520101963773959,-0.034731717918940364,-0.18670428040608553
E02003938,0.02826439235685967,0.06697005767999664,-0.03024141896507549
E02003939,0.04514895267130172,-0.017071044063483417,-0.03709725075839738
E02003940,0.08876934057291425,-0.005330026429936866,-0.039868518441968565
E02003941,0.02186067536990869,-0.036387876151067367,-0.11746073933325665
E02003942,0.035545278070714226,0.025740341592647802,-0.0636111443644052
E02003943,0.0542131129273229,0.15859463459045098,-0.07070875134374105
E02003944,0.07397690301816877,0.023747188874186396,-0.04891445507128294
E02003945,0.06050207905053216,0.05706655574103792,-0.042367037908400906
E02003946,0.05413880512190923,-0.08328496956113665,-0.05448884444796584
E02003947,0.04276826130390793,0.07664815290286837,-0.14881829755837378
E02003948,0.09747239712991512,-0.018262910701680613,-0.03139464352547483
E02003949,0.11947842847156302,0.20369118541125386,-0.11904438458596293
E02003950,0.13092253078887237,0.11308500494116243,0.017864570448187896
E02003951,0.027991665484895862,-0.02383173818205358,-0.07889348785006908
E02003952,0.14331431723372773,0.01594672526047678,-0.013819532338536259
E02003953,0.06852190928923815,0.03137321501242067,-0.06091988997627436
E02003954,0.04325605174307694,0.030431687754694153,-0.11401424560997116
E02003955,0.07317658195697781,0.027489595631166177,-0.04646564576209996
E02003956,0.14234941737557516,-0.02700330990780502,0.07767202413496481
E02003957,-0.008136871893139372,-0.07548377310918275,-0.13765439119262213
E02003958,-0.049387749420866746,0.025485858557194038,-0.1912501202410277
E02003959,0.08747038050089466,0.037795060314285644,-0.053265764468798826
E02003960,0.1308881592512556,0.009881603487454014,-0.10322293513075562
E02003961,0.08835740376844088,0.0005818896544726072,-0.0036679929866009994
E02003962,0.08006184973143458,0.06123861011794263,-0.041416932781033616
E02003963,0.008500645237533697,-0.06738588813152672,-0.14928232127310942
E02003964,0.09732370874893238,-0.0058450309532765265,-0.06694318310405462
E02003965,0.08373950653186808,-0.03152161341010552,-0.15848553629333112
E02003966,0.06860643742100787,0.15583129185438185,-0.11473636385660022
E02003967,0.015847924335357495,-0.1925650967263788,-0.18078672026883888
E02003968,0.0520073645021921,-0.08239978256082604,-0.06697847460016483
E02003969,0.007907657170324952,0.17797125919228796,-0.11484137985612501
E02003970,0.06976731079019899,0.01213309677090472,0.01292657716175709
E02003971,0.04242407348848332,0.03317017155908749,-0.06506731789790159
E02003972,0.052682905266882116,-0.15449004433146865,0.03806821827902328
E02003973,0.03085012120586385,-0.006497380958706152,-0.05613856096478486
E02003974,0.01576456656285935,-0.035117145177250994,-0.01794611965538656
E02003975,0.06914772520441781,-0.02009824179363338,-0.005877410041386024
E02003976,0.12679883197475983,-0.040204178818146995,0.04418474041504522
E02003977,0.02343669449363463,0.05026666904641654,-0.016137774138483284
E02003978,0.1261521985580269,-0.014692489735409268,0.09035073217295966
E02003979,0.06492449001779078,-0.0313348002750625,0.048643510331213655
E02003980,0.03665475931209701,0.006058682470653156,-0.08840952122583541
E02003981,0.06211109894193469,-0.07522963491541046,-0.02322700499997282
E02003982,0.029353756651874414,0.030334175618064178,-0.05266806950028889
E02003983,0.012321371730837485,-0.05000044554212217,-0.02040025079148844
E02003984,0.0654580709107761,-0.017713018141328345,0.006351844881461663
E02003985,0.04180506825358779,0.01204119937210497,-0.08743068005370544
E02003986,0.009432090264208454,0.024267897769866563,0.026047639262733638
E02003987,0.13263571164246923,0.16252989667706602,-0.06558097724392094
E02003988,0.1721770963378555,0.05919417276581726,0.02252534619823188
E02003989,0.004275879920251121,0.013071282340224732,-0.026682358201959872
E02003990,0.05590045285637696,0.024019685667718692,-0.03778143769159204
E02003991,-0.0007071478452613579,-0.03082857078767868,-0.10639751797949014
E02003992,0.1391852717880928,-0.11700264470123897,-0.06489178933086254
E02003993,0.10380521583630858,-0.11335784342146699,-0.004351129904738956
E02003994,0.09422973524159209,-0.15602843201456776,-0.0015489698258303905
E02003995,0.026055051409025535,-0.012338888567975432,-0.028952840901986705
E02003996,0.02755476589844083,-0.10204505158301866,-0.03781621038763908
E02003997,0.08756489820619502,-0.03646478823616741,0.059766969960180875
E02003998,0.0005744253514019697,0.034461083415178194,0.016572068679625223
E02003999,0.09490291145247999,0.05946694958352481,0.011546441887151534
E02004000,-0.04230575616268805,0.060671286882387,-0.21476559566109352
E02004001,0.041718035787437324,0.15766857354814268,-0.09306671162871076
E02004002,0.06958363748608627,0.010875739555157094,0.010629937576695852
E02004003,0.0072785213088971635,0.004550253081669391,0.010960930140836538
E02004004,0.07935253689308733,0.11485534120690823,-0.05365305295495159
E02004005,-0.006607820836988404,-0.10492393010395756,-0.16261561162199709
E02004006,0.0662966572413624,-0.06076850570394404,0.04589959636714006
E02004007,0.1486906509523976,-0.12078615139297424,0.18516340605014
E02004008,0.18038197577933524,-0.100406724775349,-0.03805255076472479
E02004009,0.09466925313231479,0.09368380555364797,-0.04578534337136607
E02004010,0.04361682027827053,-0.018353645254287825,-0.06736126212321297
E02004011,0.07430441762385248,0.025379692170664752,-0.04091802843886264
E02004012,0.10485676038826049,-0.1624901075183587,-0.0430021620584635
E02004013,0.03493981743572365,-0.0009328510677038918,-0.021199708959871947
E02004014,0.11063956834631881,0.052976378597131224,-0.13449844202972136
E02004015,0.07004097100032342,0.10697075875626193,-0.040112320570479226
E02004016,0.02437844850662284,-0.07730832502278537,-0.07993411628821205
E02004017,-0.029785571255886902,-0.0036828572290096735,-0.060729157195188385
E02004018,0.08830523521309651,-0.03449523788322825,0.046473798612669766
E02004019,0.011557262424349828,-0.06854487167858525,-0.044767347291659175
E02004020,0.06130333215592524,-0.0009183069747433699,-0.006575998703465048
E02004021,0.10913516983775075,0.05130060183673434,0.09756398868982041
E02004022,0.09135248918824508,0.05612137954579772,0.061046157400585714
E02004023,0.037857558400242956,0.14970079813950785,-0.1334081363684583
E02004024,0.052564839669841795,0.06168934538986136,-0.09033382096812392
E02004025,0.09661133411376947,-0.06230498726769285,0.028738576771931187
E02004026,-0.002709790264534591,-0.07022527668664613,-0.07183754585160837
E02004027,0.04323587523732142,-0.01009495156080963,-0.08499087599446557
E02004028,0.09848425910005178,-0.01419030229303505,-0.0565933026532848
E02004029,0.0006045504847007535,0.03999086842974815,-0.04733003974239865
E02004030,0.12354792365928172,0.04248132486972652,0.04107078954799228
E02004031,0.07163334438434436,0.15038044095020373,0.018767804434211638
E02004032,0.03827405863712032,-0.009120031511537839,-0.023712842668797578
E02004033,0.015031805792704689,0.03159840751880685,-0.020471204520497933
E02004034,0.06487592886633402,-0.00735494717415242,0.06866626402761082
E02004035,0.0956755939292325,0.028778386410306427,-0.009464556994431992
E02004036,0.06051577556994787,-0.028220175991115867,-0.05709112264921914
E02004037,0.04554892486369007,0.010757823560252856,-0.019077289021107557
E02004038,0.057597968681494596,-0.0064976637789055085,-0.02448281305818896
E02004039,0.04553380283842895,0.023840587013281213,-0.06916418104888827
E02004040,0.0791954966493181,-0.09903621039326813,0.057894994126549915
E02004041,0.048983156720918915,0.03405025543803584,-0.07681270313624458
E02004043,0.06214253917216867,0.04511252248746901,0.037777010874662745
E02004044,-0.006368245612864433,-0.0030373979759443525,0.0023775976178041203
E02004045,-0.09098589481921124,-0.0679922666549412,-0.14118600055806507
E02004046,0.019486244321554796,-0.06021628463160357,0.1375395162264586
E02004047,0.3079694295528325,0.05024728706820899,0.1398005470713224
E02004048,-0.04845122633290816,0.11821623919320273,-0.19926643772932662
E02004049,0.03650817556809759,-0.11589853469251978,-0.014853036890804956
E02004050,-0.07582132159329404,-0.0459375382275375,0.029905670372697223
E02004051,0.27963222003361754,-0.11786413469890801,0.12717402128924166
E02004052,0.02398589085305203,0.00817465554653828,-0.06446163671133151
E02004053,0.06452050981944381,-0.06416330058015704,-0.07568795758671495
E02004054,0.060279415466261074,0.012795896718710715,-0.0455951208898633
E02004055,-0.041153773968363346,-0.04144886484040535,-0.0797487379578332
E02004056,-0.047045122187637005,0.22672487186081217,-0.06018063918494544
E02004057,0.06725142788908695,-0.015668309651375285,0.05521243535187516
E02004058,0.10955251758751142,-0.041985125823205,0.13609295560453205
E02004059,0.08302718533934358,-0.07276538424932492,0.027042198604187554
E02004060,0.09548380197929425,-0.1019133005964433,0.19278051627737883
E02004061,0.0016790448107086408,-0.008854297781370942,0.034140126388590104
E02004062,0.06277563921228696,-0.084561620759107,0.026308924567097217
E02004063,0.02620548189974397,0.05498180356889672,0.011801180212535253
E02004064,0.08891899909568718,0.1034279048153511,-0.011679305337330768
E02004065,0.016462284726422253,0.011303031795627113,-0.015434158551897652
E02004066,0.09380611075512628,0.005459963632532752,0.08574857512643465
E02004067,0.0006909301146615209,0.011359540088371289,0.03698682423765436
E02004068,0.07796889518211816,0.007107076805720846,-0.04295761027713111
E02004069,0.009358635416319105,-0.11627544539431647,-0.07202831473572999
E02004070,0.030104286415332537,-0.14357013192095472,0.03881972068226658
E02004071,0.06618322792894216,-0.053683050585527164,-0.005929407935133181
E02004072,0.03755750807618128,-0.0905231082457049,-0.050580243554586256
E02004073,-0.005096406057426209,-0.001117901926244923,-0.07032554215727728
E02004074,0.08237363987660826,0.05308030528475067,-0.024926910930417132
E02004075,0.07293526435870044,-0.142292141824838,0.08732508737490234
E02004076,0.10460314386673776,-0.008548911552802761,0.006445371350401339
E02004077,0.0974464033676082,0.05458523844104757,-0.020236795587955034
E02004078,-0.10685273144069149,0.04202935593701314,-0.19836545428265265
E02004080,0.011554178851490165,0.014899854217945417,-0.07242248152474642
E02004081,0.016910665630821532,0.079058544616049,-0.07882545686204026
E02004082,0.09131510186623006,-0.05021880476780816,0.012455587800361592
E02004083,0.07059968550688936,0.019824730611233698,0.0003439799110260774
E02004084,0.013718615041867156,0.006957554090075929,-0.0021770060448331
E02004085,0.03399909166061768,0.0947411581199435,-0.049926267140487625
E02004086,0.012638072281557569,0.007383622730665212,-0.005005337839393554
E02004087,0.04308090873838172,0.003043261265364363,-0.01464952744675981
E02004088,0.08647359571500425,0.04173888418042119,0.05602202080640613
E02004089,0.020941453655089304,0.03318725631672751,-0.01822289283727797
E02004090,-0.01799263337023256,0.03806271327258812,-0.11241895078029347
E02004091,0.06407149834696561,-0.03160198224685761,0.13302862865765885
E02004092,0.08911430298274063,-0.011524798835670232,0.015528967142974168
E02004093,-0.019492981197277718,0.018295232017368518,-0.09318415034812766
E02004094,0.08820296937739693,-0.025910128152772455,0.07609124644548945
E02004095,0.0558111099113827,0.018240138298560974,-0.030803951520540492
E02004096,0.06844166215110167,0.11161083684710783,-0.08005653645547202
E02004097,0.023297256950210697,0.03225491836285906,-0.03529209406670148
E02004098,-0.00039367062464692266,-0.07562914946160725,-0.11702208975318569
E02004100,-0.017623098348523176,0.019799600534354103,-0.09452958143925345
E02004102,0.11894118194831241,-0.05481167354934605,0.042069304433073454
E02004103,0.09295521159518026,-0.06136760142115886,0.036250509034591274
E02004104,0.039013311146179654,-0.015028448285808226,0.013360749324947425
E02004105,-0.006014439991989284,-0.1442424571893178,0.009147780026879425
E02004106,0.016849805301203863,-0.01893595083688696,-0.07489832823974518
E02004108,0.023162213004089004,0.01978925687094039,0.014768313058491652
E02004109,0.06055501161579694,0.030689774587508895,0.04597288295321784
E02004110,0.04444859502318855,-0.06980628562528492,-0.030204817792907533
E02004111,0.06825215510447438,0.05788859055387685,-0.03442515711623489
E02004112,0.04157531138346153,-0.0351561962798488,0.03791205367166752
E02004113,0.06673226655807853,0.04268289474956445,-0.04060805509880468
E02004114,0.07623837060078917,-0.03484835888449528,0.041152874070908875
E02004115,0.0346984010366219,0.09989570499671259,-0.03228867367465252
E02004116,0.026846239385835514,-0.05814456254714683,-0.05765250892751696
E02004117,0.01134580348332467,-0.18186949057636115,-0.08173072184987365
E02004118,-0.005348935298078717,-0.06525424628665023,-0.04041912945678754
E02004119,0.0546093684056311,0.00624063804781761,-0.038260888393782326
E02004120,0.003958480355400021,0.02066085744551436,-0.040792630730640086
E02004121,0.015056965133556501,0.012493426208175288,-0.06473830051388552
E02004122,0.01697995902260338,-0.04206921281736866,-0.008769644752353218
E02004123,0.0712718460000961,-0.005687181518923772,0.06571331620696255
E02004124,0.06288577375811714,0.04779173552194847,-0.09572288613049368
E02004125,-0.010049901320878922,-0.0067662777984061175,-0.0451905960316243
E02004126,0.02682950656520888,0.10637893024063724,-0.004487752653637608
E02004128,0.014801144271446577,-0.024004632103142944,-0.015479357285474716
E02004129,-0.024206206505194682,-0.06004925894341912,-0.08322856885597023
E02004130,0.031853939633022535,0.021395304179736754,-0.025677647069076274
E02004131,0.025580833958454646,-0.04875629544671385,0.007132031436421594
E02004132,0.10183475178744256,0.0815247635500028,-0.006954637186174981
E02004133,0.0896158165972171,-0.0020622299382597716,0.013924890424124772
E02004134,0.03043208774166683,0.023410259865833897,-0.03330306631521451
E02004135,0.10187606734549683,-0.002371076410846431,0.0007682227976736576
E02004136,0.04671886874066206,0.0525776411404091,-0.04887053444052776
E02004137,0.04939948015766467,0.06304961559156669,-0.05438105498444183
E02004138,0.02340468271363894,-0.017224071436468688,-0.009571109532234112
E02004139,0.03635867236534026,0.03489303351235919,-0.08297550569687737
E02004140,0.059548052721168254,-0.03615658157739395,0.04644799694767499
E02004141,0.12548178884675568,-0.06628550414256149,0.013763129181393753
E02004142,0.03095704419202969,0.062203058175740886,-0.1129095122256586
E02004143,0.034491575102156447,-0.0011957425646132345,-0.05639100959392763
E02004144,0.012818889980031204,-0.02833489120969039,-0.131826505544842
E02004145,0.11232210466857954,-0.051271898230279694,0.026443297622730715
E02004146,0.061928263015860185,0.014908107295726988,0.04293483983916206
E02004147,0.04383536085029644,0.010713157075978584,-0.07432984148373888
E02004148,0.07479761030968451,0.03300329468413964,-0.012709192051168907
E02004149,0.03379222215318685,0.010721355419770432,-0.019284841901356355
E02004150,0.05151988675400616,-0.03342155551875729,0.004632171409022224
E02004151,0.010126118513012183,0.01889341708875436,-0.012089617662914953
E02004152,0.08262333560293027,0.11950751430454817,0.07508962657047473
E02004153,0.058195034232261064,-0.08604036858246622,0.013514802738737368
E02004154,0.038087613740405785,0.0024033603888188844,0.006421625032623042
E02004155,0.08270573176041555,0.16875093814251718,0.016445169621550414
E02004156,0.005447133197024992,0.01783486147418194,-0.004285181486455231
E02004157,-0.0024513800897184523,0.03184885158236344,0.0032344389273194535
E02004158,0.015431697683166781,-0.04533659501318731,-0.013621030890418957
E02004159,5.13235293873825e-05,-0.012743048133036413,-0.04964403152224466
E02004160,0.057683651972970026,-0.025650267050740333,0.0019076459711774236
E02004161,0.07238582976360494,-0.01598685610400887,0.014450650392872631
E02004162,0.01833575551370734,0.01264221176859035,-0.016134337281216094
E02004163,0.05350772730096765,-0.03381341602850873,-0.08066557208843636
E02004164,0.09612083464993677,-0.033781456948225805,-0.0032028572178042936
E02004165,0.07233848036080844,-0.06543121523533625,-0.0021063834795011474
E02004166,0.07509208530917452,-0.0009481455356602554,-0.0014193029479572408
E02004167,0.07602122422100108,-0.041546414525940545,-0.04820778408776994
E02004168,0.10740110329725475,-0.0641371082815516,-0.008663339461883132
E02004169,0.02728591996978605,-0.017767958733900045,-0.05072353578490462
E02004170,0.02096346183581788,0.013085556232023458,-0.041513236811580576
E02004171,0.08646736809014234,-0.007842248226110451,-0.027618289160767515
E02004172,0.05375577574229621,-0.013492415125065084,-0.14493417988914545
E02004173,0.04831135860114444,0.03399014770632199,-0.05042678506940364
E02004174,0.06815667276365282,-0.004839316254996499,-0.013766337795947787
E02004175,0.18106927514545806,-0.04745150478155615,0.04453022628043433
E02004176,0.09512088271290882,-0.019956123352833893,-0.030851591022562366
E02004177,0.011715207015260989,-0.09323780394235455,0.006625530051052642
E02004178,0.037927097368806506,-0.04682085656618467,-0.10297481085494724
E02004179,0.1353524738029321,0.03160885819187547,0.03005940665864908
E02004180,0.1403062338190561,-0.05798214818827031,-0.0014046253960004567
E02004181,0.012671780555177361,-0.024627191322710334,-0.08345184590189196
E02004182,0.02465219293123325,0.016190669491922993,0.02300472388266161
E02004183,0.1536726304137912,-0.0019135883898950261,0.030008829239520207
E02004184,0.04547017792688776,-0.09123051480303881,-0.07907469650551364
E02004185,0.05119965239167352,-0.066698552205122,-0.021239275485931408
E02004186,0.07910123118575417,-0.04024635988000503,-0.03491963545195843
E02004187,0.04465969854781494,0.043499294208490365,-0.07154116381177876
E02004188,0.01185204218161094,0.017738980361749673,-0.04088042884216023
E02004189,0.04671597637975533,-0.06680594851914579,-0.01771907317514372
E02004190,0.14380547807235142,-0.042009501635761955,0.05025146541269708
E02004191,0.07994403899799604,-0.04260695694610345,-0.031123603769470747
E02004192,0.08951328428678534,0.043654042871526307,0.0018622649786204472
E02004193,0.005355382287966605,0.03073051776825515,-0.03952732652108188
E02004194,0.05165719187479985,-0.0540460372544128,-0.10138884632138379
E02004195,0.0364983920048944,0.04704892947587134,-0.07455888173267082
E02004196,0.01267892347615367,-0.04262035619909904,-0.1251636104192148
E02004197,0.008447587379802198,0.11362414144310996,-0.09493711446803112
E02004198,0.06276224503495018,-0.020498398324282293,-0.12168164082697418
E02004199,0.056630687931860366,0.05163013069641694,-0.10173024638492993
E02004200,-0.0862689368581132,-0.033705263822931465,-0.23724587413050227
E02004201,0.054137623551639834,-0.1675584487042676,-0.0434527322948895
E02004202,0.013690311019061836,0.01822137351457137,-0.08428202080400776
E02004203,-0.0049731915938907335,-0.032858193911063954,-0.13636233425288594
E02004204,0.09126109957629447,-0.018954922351591404,-0.05514745551358407
E02004205,0.10393213089600678,0.08196457751522374,0.04022329619817609
E02004206,0.08910072582894998,-0.002523152681501027,0.04090450503505704
E02004207,0.03129616129184409,0.029124167036619276,0.032800682547286165
E02004208,0.04825814221800795,-0.03652845751168318,-0.03222000947272601
E02004209,0.07872196444172766,-0.029905968111797316,0.05334664338272072
E02004210,0.03311526566765659,-0.10940084321690921,-0.09484704185921362
E02004211,0.1476428983645625,-0.02814813660165129,0.05588151852497962
E02004212,0.031018449877685993,-0.05711792510887398,-0.01687988080367094
E02004213,0.01776590027956834,0.016885583626848038,-0.08744406436927377
E02004214,0.038825801913347675,0.017452570436504965,-0.001524225238599298
E02004215,0.029408519028229992,0.010774217182113995,-0.045488829427559586
E02004216,0.0739653540237814,-0.04231776758036213,-0.07471704020651448
E02004217,0.013285972218409967,-0.07487143608908126,-0.047142364377188134
E02004218,0.022402200127558704,0.059114222641497155,-0.021876993847361432
E02004219,0.08529575236185348,-0.08112954900205592,-0.04724629484614316
E02004220,-0.003613025057550763,0.023859724946271622,-0.17849287113568046
E02004221,0.05786974417940727,0.015757962473080634,-0.05692145004281462
E02004222,0.08524885095473309,0.07038844132753752,0.023977011735137287
E02004223,0.07425923598771826,-0.001402753876502672,-0.0010640321460298962
E02004224,0.057707136903599826,0.0037200377204260273,-0.12524335720777546
E02004225,0.0921281542924758,0.0373385380279059,-0.035378311223220583
E02004226,0.10226997922747076,-0.0036738103691920207,0.0033213711207325074
E02004227,0.13186960458762187,0.0277616871103843,-0.045350612605663435
E02004228,0.03508221266547973,0.008829317031707088,-0.03594066284243513
E02004229,0.03591728973116529,0.06590495578448664,-0.04850169164603821
E02004230,0.08453454791874701,0.0727251643387806,-0.04702369434742313
E02004231,0.14656992576312744,-0.009255396803039771,-0.0017726291348026592
E02004232,0.04800264936223932,0.001998895944837842,-0.0043337429295588654
E02004233,-0.0017648829910186714,0.0004134827958526278,-0.08917723529425052
E02004234,0.11831529572626566,0.03310147010362478,0.038512302046262936
E02004235,0.023067490048300655,-0.0589263931716228,-0.16109409886217319
E02004236,0.05230909069153123,-0.017549199151024295,0.019109309133100202
E02004237,0.03643324240639859,-0.008596314112345536,0.023823259636822493
E02004238,-0.0430121809180279,-0.10295352633088517,-0.07569176139747938
E02004239,0.020205430524369315,0.05404444250135915,0.020934707274727075
E02004240,-0.04421015925513946,-0.061436204780081945,-0.0481265425686326
E02004241,0.04842914509967672,-0.09111127028189935,0.038123198086596186
E02004242,0.03162091095011143,-0.11372069241597176,0.005171375913281839
E02004243,0.03681491663736814,-0.04812417360816816,0.00962620128974373
E02004244,0.0186911977778526,-0.015583018351894368,-0.02648569111009595
E02004245,-0.010841685870593008,-0.008582214131273132,-0.025883842558913687
E02004246,0.04229116761451778,0.017681853454570167,-0.06549287001926238
E02004247,0.040175840217632805,-0.0585502617699697,-0.02518886762014918
E02004248,0.036831538897730644,-0.02454022567267176,0.025634610686025048
E02004249,0.03926916975955631,0.004937068389041521,-0.05282413867957277
E02004250,0.03597012683445891,-0.049477658543985566,-0.010636429519625325
E02004251,0.008420914384934084,-0.060211157355159375,-0.05035997394610515
E02004252,0.022459484017074205,-0.015550108922101936,0.03646734374682769
E02004253,0.021405252090718908,-0.07529246135700209,-0.022228846759242995
E02004254,0.04313320860442074,0.037639505844024916,0.007171715441220517
E02004255,0.039608533550082675,-0.03477801208807073,-0.010778163007341574
E02004256,-0.0031396077458833637,-0.007722474619208052,-0.024933622516898124
E02004257,0.07371008160692857,-0.026724124916411487,-0.04517493124525814
E02004258,0.03886902005536979,-0.03523459920650626,-0.042101920858960175
E02004259,0.09443711003122092,0.006783959290536981,-0.020500572539946287
E02004260,0.005094717670765723,0.02647959286602447,-0.014542347814101683
E02004261,-0.02618260494532676,0.003510863270937681,-0.027153088077655638
E02004262,0.0036505715886418367,0.08740411789125678,0.004090058087706045
E02004263,0.017939664398889776,0.02709859288041549,-0.038878567817382366
E02004264,0.03157177569930331,0.007756232669098669,0.036730437356477255
E02004265,0.09018475704448362,0.005663467310835088,0.04410113551200072
E02004266,0.039706753278376174,-0.0023080247772507383,-0.10529802712130074
E02004267,0.04807090479744901,-0.09405507680388561,-0.06045385371556495
E02004268,0.026498100193101767,-0.09483290141295775,0.02899747397037336
E02004269,0.03991947913876198,-0.05726729578160601,-0.02811010571033809
E02004270,0.06123450085804589,0.01954405406350027,-0.02844572800901941
E02004271,0.05676637291922737,-0.003697145405536426,-0.08737432168291995
E02004272,0.09371833152955807,0.004750752308356497,0.009911168520179953
E02004273,0.046356343807299215,0.01611205035872763,-0.13897973419528636
E02004274,0.07888460175961388,-0.08236377057435251,0.0025550126902196533
E02004275,0.09241006189791862,-0.010918705876741146,-0.00804398836377
E02004276,0.06049523656179302,0.06803805468428012,-0.053944216114032786
E02004277,0.006920492366201072,-0.057502081515750814,-0.04235898400420164
E02004278,0.02731302906921046,0.11094144848988827,-0.013822574731333127
E02004279,0.049933621522818515,0.022873112304254838,0.012764636157958207
E02004280,0.01779071708204356,0.07345091784545635,-0.027143626924330654
E02004281,0.05750913240156618,-0.04368026626906439,0.05532059450246781
E02004282,0.00926238861527098,-0.00905389287343134,-0.055531680822673055
E02004283,0.06861183845138087,0.02212830229199288,0.0034349026259861315
E02004284,-0.0036343247499351565,-0.031889117899977275,-0.06526727104910149
E02004285,-0.0041661344309472164,0.015393151088531119,-0.092589770070313
E02004286,0.04132458111573234,0.008866572379828047,-0.0042521975123791505
E02004287,0.07541290917188719,-0.08025521416491214,-0.02414506684642711
E02004288,0.004646147902855863,-0.14257473876216148,-0.027823166606750417
E02004289,0.00680606039638641,-0.06601696878561542,-0.007666852771408491
E02004290,0.08137372081674964,-0.04231409790253716,-0.023717670391053332
E02004291,0.06856210865768526,0.2681082328639803,0.006212245374237553
E02004292,0.09871132947816343,-0.06254503746036319,0.06342184123554745
E02004293,0.10967544046268798,-0.03100915105107787,0.07840982446763309
E02004294,-0.0505135683139049,-0.0178250709052433,-0.02115627399502952
E02004295,0.03870739224254642,0.08346629525932424,0.024865542949731898
E02004296,0.05005101583898924,-0.0049936035481615995,-0.0010408627917960621
E02004297,0.06001918406676131,-0.06567860751817138,0.051675264907750276
E02004298,0.06485688017676884,0.062162521072107325,-0.0024238700773453205
E02004299,0.06341445341959406,0.26129375960406287,-0.04841243201326119
E02004300,0.12668217259256107,0.011125394598692873,-0.05608283524296306
E02004301,0.07763464056763754,-0.15808030963837688,0.012944644040435483
E02004302,-0.07854466616512111,0.04516285004963588,-0.05119461906673382
E02004303,0.11206507030601395,0.0852125892106095,0.007860285366931822
E02004304,0.07118787768444645,0.12970055846976325,0.08097513531945276
E02004305,-0.01576042930637441,0.019886147692855353,-0.12539781417655219
E02004306,0.06360991384630912,-0.20911261862853683,0.014116351260551867
E02004307,0.039395453536519486,-0.03153416919145154,-0.10275369965339586
E02004308,0.06557125600494138,0.010879701006839944,0.021657579699190018
E02004309,-0.08176249273484563,-0.010134239552291462,-0.08643106303877972
E02004310,0.03553428483183303,-0.09274626317804786,-0.004300093039922757
E02004311,0.0031302990834723866,0.00636590296726238,0.030815217802380692
E02004312,-0.05641167332556681,0.02675053576584546,-0.030447256833538782
E02004313,0.06840892343266672,0.09072873296667452,0.05315953641314734
E02004314,0.05704271112889333,0.20952545090688468,0.00793065178280704
E02004315,0.06895617593362457,0.1046941081384823,0.004734669017308338
E02004316,0.18267960908966435,0.08709324477458083,0.17009693162365927
E02004317,0.11746896543432755,-0.11475087118597672,0.0656984920666887
E02004318,0.06825149674342021,-0.1323585017876906,0.07585518504489215
E02004319,-0.040533210518890764,-0.19631909836259404,0.05104321520880181
E02004320,-0.03699685460359195,0.04264456644679797,-0.03352948854315124
E02004321,0.04276358767886384,-0.024156034493608394,-0.03817537427766223
E02004322,0.23009247564534535,-0.09962163201858006,0.039793572554449944
E02004323,0.26298745293796627,0.3197905223272228,0.10836521957549829
E02004324,-0.05037681875077836,-0.20159540553772087,-0.06039044311046167
E02004325,0.09420999568110842,0.13496263662341537,-0.025129506691826387
E02004326,0.10904046928053537,0.04657814337524919,0.0031464580676531864
E02004327,0.07101049772845001,0.23345773168038098,-0.09258868529493391
E02004328,0.11109234342301812,0.058347374793224945,-0.05447132451729073
E02004329,0.17663679966182078,-0.195680041914604,-0.0707316490130605
E02004330,0.004289111494409738,-0.024444295485122496,-0.10793721617901683
E02004331,0.12722160598620258,0.05152172013383144,0.2374584496448094
E02004332,0.0701885123243193,0.039213600892928364,0.0840608668208612
E02004333,0.019726508318511058,-0.09872301692913059,-0.11403983515099576
E02004334,0.1928129335960243,0.07527374852600976,0.13584685303395005
E02004335,-0.06990949971770334,0.06834906783060152,-0.2066466901940584
E02004336,-0.01655749491855306,-0.11692633317376683,-0.07847279159672499
E02004337,-0.19313557207199275,-0.06164142879053876,-0.24948441428998247
E02004338,0.40837590676450575,0.12914153547467483,0.3392412549560385
E02004339,-0.02344294499042213,0.014554949094683009,-0.15811789661487868
E02004340,-0.022831695814472138,-0.2058669315185395,-0.06505418132805581
E02004341,0.06112608698403042,0.03237444853583003,-0.034248884003017066
E02004342,0.007945228957725559,-0.1288578262373356,-0.19253106641046308
E02004343,0.03317332150184777,0.014166447454953513,6.394935434654778e-05
E02004344,0.02241462851960184,-0.14072078445938097,-0.07402090656837113
E02004345,-0.018635885516014455,-0.011392726640834365,-0.16033583216659075
E02004346,0.20418883382353323,-0.008588871924987581,0.08730779283914739
E02004347,0.03231278452735587,0.01940881266721392,-0.01567382361698602
E02004348,0.025011421452044,-0.034582435456105474,-0.09545927241913447
E02004349,-0.090267733082695,0.04543501145622846,-0.19530709795564896
E02004350,0.09701097845266896,0.03158473053948533,0.038844636933552536
E02004351,-0.1746736356326001,-0.05477363759139065,-0.3414233984264628
E02004352,-0.20142935135551032,0.18451191392290953,-0.20412856669245352
E02004353,0.00450853110595049,-0.14633136999963586,-0.06405966239439116
E02004354,0.04675744806785929,0.2072416820039553,-0.1413643359832556
E02004355,0.45232045930139275,0.07649729460458846,0.44812253006891045
E02004356,0.047288390633661755,0.05738925187422833,0.07308063864161023
E02004357,-0.002786533601855383,0.07719211208171087,-0.027773744066571963
E02004358,-0.022820888401657236,0.06947496666095795,0.03401034578069983
E02004359,-0.03866748387678049,0.1294701225325357,-0.07588789555702449
E02004361,0.038320122167676024,-0.024420914123290918,0.014294996358865351
E02004362,-0.010733461778584402,-0.04842659657855879,0.03536704307742925
E02004363,-0.017939933327303214,-0.009002562443123915,-0.018041299804737527
E02004364,-0.0021865163853286448,0.04948801690570306,0.04413630981296152
E02004365,-0.05770969836474855,0.04264493355786211,-0.05241798026564326
E02004366,-0.050600524876148974,0.0374410674166804,0.025073841010966588
E02004367,0.052489360865124256,0.027126687977759047,0.011241983509740344
E02004368,-0.0361237525522044,0.02562217102671872,-0.03498066575724179
E02004369,0.027359673076632066,-0.002399025004522745,-0.0016399551110634649
E02004370,-0.005254725634414037,0.060020717170952594,-0.04516978541387913
E02004371,-0.0002484332854133554,0.073468000517241,-0.012730464384938215
E02004372,-0.14261834432162177,0.11959984197872364,-0.14877291039162813
E02004373,0.047500165142876256,0.05696916492341861,0.006614568438032825
E02004374,0.01704455051354962,-0.018088427313254146,-0.03761373132206606
E02004375,-0.0016544335952333644,0.08295515137641205,-0.08745109774433003
E02004376,0.022182906328118254,0.0071442770183418386,-0.043245024388513666
E02004377,-0.012270453379556264,-0.05965774778935191,-0.020749617354069883
E02004378,0.0054014390469211086,0.038419659200698064,-0.0535769768839838
E02004379,0.02422789393145862,0.008722474114857692,-0.039358185467752715
E02004380,0.002793472450243192,0.024872739785336263,-0.01872483548716748
E02004381,-0.09319422642313918,-0.0021778969973239243,-0.03577906398413042
E02004382,-0.02971066925554348,-0.02457338797621045,-0.04503577951187279
E02004383,-0.015053504899580291,-0.015235637436690977,-0.04679103233868087
E02004384,-0.031989076326174704,0.0003171785204208165,-0.009267493389719971
E02004385,-0.028026269844318358,-0.011948496308501371,0.029956255868372524
E02004386,-0.007958537274273012,0.047801353518132285,0.02690136070640531
E02004387,0.01703944075706191,0.037022998971778506,0.08955408789158824
E02004388,-0.011492768076034382,0.04054347468395187,0.02378473409135985
E02004389,0.028169067456493408,0.006584601378010549,0.013720679138495716
E02004390,0.006861686185848645,-0.02620438440765963,-0.031557967468347624
E02004391,0.01623038437297903,0.039381027579986135,0.0138143237038464
E02004392,0.026862611388037128,0.08524214709212509,0.028581778917506274
E02004393,0.04018992482462764,-0.10974709560265751,-0.012216456440329333
E02004394,0.08800790249716259,0.04957818723151493,0.029235073465440922
E02004395,0.04853950747221089,-0.04184262274521671,-0.05433740102142359
E02004396,0.03294409994289051,-0.050642623404597624,0.013352696392584157
E02004397,-0.008054710477427575,0.11899520082026038,0.013985459323762228
E02004398,-0.05614792080368347,-0.013673848236611576,-0.01701004439740404
E02004399,0.007044373958413664,0.013787201682622341,-0.025952902303200295
E02004400,0.05227846673503802,-0.001517368969885636,0.0024120960873320585
E02004401,0.03073403219405837,0.09571984332316716,0.03978572261893479
E02004402,-0.0014762523493628938,-0.019572643652606008,-0.02340791140174631
E02004403,-0.020661704000598406,0.02582718554577304,0.009351508638743719
E02004404,0.025548810965779024,-0.016043970304897757,0.059907061651050975
E02004405,0.00010296821454196469,-0.016348325234417534,0.051082086410268464
E02004406,-0.017968385123168645,0.04008332514925788,-0.03262770529886089
E02004407,-0.00282157407659776,-0.05549549998320808,-0.024507246395223302
E02004408,-0.003265509476803238,-0.02785188596169372,0.006590858909088367
E02004409,-0.09269612185173375,-0.06706695925440999,-0.14823632132753187
E02004410,-0.08179442583321504,0.023686060494930824,-0.07080148859973007
E02004411,-0.06482222293247172,-0.04384548343054736,0.01821613738169709
E02004412,0.0354189859642414,-0.035359491025880256,0.039203135213549026
E02004413,0.032324696836284805,0.08522453493922484,-0.032703831180324335
E02004414,-0.05137054857114419,0.03512903321983757,0.019365191730615648
E02004415,-0.02628778013655367,-0.03490445217538739,-0.03886323343504086
E02004416,0.06592416424160151,-0.10482224669972656,0.05428858072589662
E02004417,0.037701425144759854,-0.0220799134036262,0.04370798980235705
E02004418,-0.0173185897379713,0.002811215456472075,0.021742504608000122
E02004419,-0.05130032629227805,-0.07314320717661857,0.014211542090894914
E02004420,-0.017532960670754792,-0.00031687276072874676,-0.017077068433423763
E02004421,0.016629243594068432,0.056306949049891544,0.020815503352937095
E02004422,0.04487791773903687,-0.010435609133107369,0.014847114616441488
E02004423,0.015647150117049084,-0.01155446312413164,0.014247109556560132
E02004424,-0.003383169078095261,-0.004379951750802583,0.01711648305596948
E02004425,-0.08618765208293751,0.003437815561345533,-0.01024739858743093
E02004426,-0.04990308202416153,-0.06330560734455619,0.0021103776356091054
E02004427,-0.017667293683632405,0.0012550607614242198,-0.025361315010320656
E02004428,0.014599167649864513,0.09962205822494864,-0.009275306815118588
E02004429,-0.03235942254475295,-0.04944711373922399,-0.019232163519433524
E02004430,-0.06715179056614232,0.007978732906907243,0.05667312624079055
E02004431,-0.04476411921211544,-0.038502016625030236,0.0706445319038852
E02004432,-0.1007827304602618,0.07483867509260414,-0.03281544413275191
E02004433,-0.017248427284555033,-0.04887899804743321,0.05523996301059138
E02004434,-0.07013768017440189,-0.008136761322402233,0.01747405999076885
E02004435,-0.05682851036181347,0.013021445399640043,0.02731705866045508
E02004436,-0.07365279124078532,0.008783361409525391,0.04736314271632902
E02004437,-0.008973005484384596,0.026350787876331334,0.08048741432843
E02004438,-0.0925742726343295,0.0701813270452992,-0.007907032689728897
E02004439,-0.06469354493731784,-0.029866182777082098,0.04045734656031576
E02004440,-0.028086695179662072,-0.026008773530836984,0.0927356978645927
E02004441,-0.050925453275670496,0.01649269254727588,0.010704800179215131
E02004442,-0.0867421076663819,0.07692042325078839,0.050462181950202495
E02004443,-0.007344473808952561,-0.026272928225185,0.06032818457151544
E02004444,-0.04002420444462799,0.006207385787251592,0.010128975922726373
E02004445,-0.024679955921757864,0.04876560301340771,0.04726501559230328
E02004446,0.01249217342474009,0.05637761181816263,0.026426313777693056
E02004447,0.02517366635778703,0.10110189946680229,-0.02225119581277486
E02004448,0.029254551487850593,-0.03813866032159165,0.057624357771607224
E02004449,-0.04339103666622931,0.013061940974149857,-0.03868044110705583
E02004450,-0.059805180598271675,-0.026474146835047358,-0.03405284764618166
E02004451,-0.014513576888360124,0.01427093752318336,0.011441352333030414
E02004452,-0.04312323994788675,0.026023657804717756,0.02153247277217933
E02004453,-0.022758247013204752,-0.0863167253175263,0.016459665056281863
E02004454,-0.032592749361945096,-0.030273619476171573,0.04432408592390015
E02004455,-0.06658716605383264,-0.014188722147752414,-0.04565554233837275
E02004456,-0.011727067405413882,0.009909486210437047,0.027498099961141685
E02004457,-0.005655148975212442,0.020619000152811,0.002570945012969138
E02004458,-0.003687486912621306,0.060544751250956576,-0.02293836255197484
E02004459,-0.010791372256412572,-0.0017087779818774748,0.056210539008465246
E02004460,0.009379803042699777,0.026844950165660977,0.0669353038502198
E02004461,-0.05837257285287733,-0.00764333884862139,-0.012818798524979079
E02004462,-0.03761502133683354,-0.02537380817181647,0.04640824094073013
E02004463,-0.05307739250358219,0.013521015431553547,0.017236918130224946
E02004464,-0.04217805711838845,0.0012940634134673205,-0.03563897041496369
E02004465,-0.02783680497253531,-0.005583641598849569,0.0988254770743209
E02004466,-0.0656773151709362,-0.019057321915290547,0.045791897054583974
E02004467,-0.0722219178225699,-0.0358196940634008,0.05423058082052329
E02004468,-0.08825071481986745,-0.022245490556017974,-0.07845980566345405
E02004469,-0.10889600850158551,-0.0057442595921911015,-0.01958394695054849
E02004470,-0.07110680008101349,0.04817466846350144,0.07750013686716924
E02004471,-0.05130714362042564,0.041410482282259395,0.027489747013967395
E02004472,-0.09451205935469516,-0.03611412266944781,-0.032287971921449624
E02004473,0.006138531188478177,0.0658269131359427,0.0014655185877775457
E02004474,-0.08077535655789633,-0.06646395035288949,-0.07302368700206784
E02004475,-0.02068682633843781,-0.006055647564985666,0.038125522085811554
E02004476,0.002173235749568907,-0.01850965387574041,-0.03603568659305244
E02004477,-0.03135079350143909,0.08891639096959576,-0.06343660423060754
E02004478,0.030122233335360734,-0.03294861341895232,-0.024191924685438355
E02004479,0.028671338938256415,0.06195674568918413,0.01751195079653201
E02004480,-0.09420060576285506,0.02155532990858854,-0.10916584621684557
E02004481,0.020837469352093716,0.054501600840006596,0.033158963262677886
E02004482,-0.020624991996630534,-0.009669560743274446,0.033791822448885865
E02004483,-0.021783169789158428,-0.05024975344588279,-0.020413345322023206
E02004484,-0.06256555881144699,0.09389794693504891,-0.048467550031969994
E02004485,-0.11141506754627126,0.009985210000285774,0.011254511258854448
E02004486,-0.03140692785367868,0.02731814155116443,0.007735545717452495
E02004487,0.010373511909065318,-0.010597175152450252,0.10198981494348042
E02004488,-0.08583136593230288,0.025559280511606774,-0.014259091731905567
E02004489,0.009280113213101291,0.0636237065217153,0.02420793687007528
E02004490,-0.060969835241331274,-0.0643359235125889,0.0323359615740416
E02004491,0.00404157656918175,0.017444987722980466,0.05730458735079809
E02004492,-0.05629608701131214,-0.0022600415553349676,0.008269991762584526
E02004493,-0.016736157044975962,0.012632968013024885,0.002350391986312546
E02004494,-0.05937328441175781,-0.016778446368573337,0.009185075719459906
E02004495,-0.02554582740456202,0.07830880458733668,0.09701009888431111
E02004496,-0.07089932567548832,0.06269781062650946,-0.04370793321911581
E02004497,-0.026652531065600907,-0.010723637115929111,-0.01901383329953889
E02004498,-0.07822878349548879,-0.011601325899041313,0.008557577244065034
E02004499,-0.04287576694799962,0.05061509768825119,0.03186198129100777
E02004500,0.029345312151940712,-0.03572860592729959,0.043532138081181455
E02004501,-0.029637735729503137,-0.04560348635394078,-0.0350175036065799
E02004502,-0.042384105421107265,0.005486586374274251,-0.07188703003908764
E02004503,-0.00021220002256498713,0.018917491684326354,-0.03892981437337622
E02004504,-0.031622392019248054,0.06706928424905852,0.022696318824983665
E02004505,0.01762860505042124,-0.03948023746668337,-0.07151010014571672
E02004506,-0.02019922139907462,-0.03351883554781681,-0.07813051463828925
E02004507,-0.02114462310261595,0.026255702120621196,-0.004315413519549412
E02004508,-0.030124996937842825,0.0030980402245386653,-0.020270548717529785
E02004509,-0.003232387066604476,-0.004133663001791998,-0.011396723113846378
E02004512,-0.044635389404071114,0.04484600707738684,0.01858025308680207
E02004513,-0.016800765980087066,0.14640215376081614,-0.00016565150474701063
E02004514,-0.031218057671493254,-0.009986566421689392,-0.05536664130609801
E02004515,-0.023213668031423343,-0.014315238290755154,0.014979258052265696
E02004516,0.0012038724228713262,-0.014291446635089074,0.05626768416251114
E02004517,-0.011600684863108886,0.005310759731278182,0.028891057639629673
E02004518,0.006713504513594304,-0.047647575321781994,0.00246884621404599
E02004519,-0.028339343202000693,0.02644289574000705,0.017633340045246783
E02004520,0.016331859063137916,-0.003860799690855109,0.05377335113247349
E02004521,0.019879344040557023,-0.039150116703540676,0.05549938417443525
E02004522,0.04327327836133992,0.05736318622993882,0.041116980965039546
E02004523,-0.026597434005067644,0.04799842004516853,-0.0020167165907337076
E02004524,-0.011112482614601403,-0.04424339799701517,0.03783660825034449
E02004525,-0.002514524538098267,0.01426120331505628,0.034795637832175375
E02004526,0.032785685017897824,-0.029724596669755923,-0.03874114570353245
E02004527,-0.08627772603940426,0.07178320541828156,0.03903190282967356
E02004528,-0.00666059971398924,-0.00045631444642666737,0.054114078377278066
E02004529,0.017265320426490916,0.035715145647977786,-0.0015163092257802111
E02004530,-0.04863697208744946,-0.012806475667342117,0.0928533810355885
E02004531,0.010983663225229376,0.0006157980307659581,0.1332825460600933
E02004532,-0.07516949977816684,0.03057982439664879,0.020613056607992595
E02004533,-0.0961141264011505,0.011878813808200347,0.002986024018607961
E02004534,-0.09911356840805208,-0.02743058387318459,0.033451147663795235
E02004535,-0.12995205652843206,0.04971711057090493,-0.020240574315140966
E02004536,-0.11220242980185288,0.10913553759831027,-0.03695793019122474
E02004537,-0.1609821277730259,-0.04924875032357907,-0.014286514586672348
E02004538,-0.11250059511295435,-0.009845111706070565,0.024166161753842248
E02004539,-0.060416616531348825,0.01956445868503733,0.09191050163381803
E02004540,-0.022688639819158776,0.07511457774727727,0.06000005822434029
E02004541,-0.0523234344828962,0.03512916356900361,0.09522748376954697
E02004542,-0.013809216389118376,0.01808569826545548,-0.0009394013848494149
E02004543,-0.07986721658010208,0.0362575230565921,0.05336111511722285
E02004544,-0.03160045789876515,0.08906495680396853,0.034760759624079283
E02004545,-0.05176003895859444,-0.017088869127105832,0.030679190309963335
E02004546,-0.08284936860585528,-0.0075449443106418565,0.029068953826356426
E02004547,-0.04965099514235623,0.008256207907161724,0.06943699036337735
E02004548,-0.07083894908481228,0.01592518393742948,0.010021395731075359
E02004549,-0.08321372656981005,0.0652506611330098,0.06276006956864422
E02004550,-0.03356582017412917,-0.029209961182774757,0.10146978958165158
E02004551,-0.09667045508276478,0.012925981158962783,0.039002719426447056
E02004552,-0.10783261770936903,0.0012180510994526104,-0.02372220966750784
E02004553,-0.06442668397549753,0.028399659246908304,0.08198840611647407
E02004554,-0.11669989699846739,-0.0035177157755289113,-0.04674085423144476
E02004555,-0.006306341185035118,-0.0323995602965618,0.03887186156449066
E02004556,-0.09833278322069165,-0.08964947499736303,-0.08017212744388452
E02004557,0.006673828042290208,0.04265472411130327,-0.0007306201350590909
E02004558,-0.1316703777035338,0.08227795849881012,-0.006556116714663927
E02004559,-0.0806132156399374,0.020071730957634003,0.027309208190802108
E02004560,0.015745070799604844,0.05582378376491376,-0.036269357428862524
E02004561,0.050142628775002106,-0.05188070503828654,0.06741170555201578
E02004562,0.02401846457020927,-0.04203889308314034,0.011822893027492912
E02004563,0.016698585527904677,-0.038067860450289995,-0.024528188359960897
E02004564,-0.027531758821738344,0.06385821240295261,-0.06507847361509951
E02004565,-0.024348522385648236,0.007691524426958926,-0.016764941667508956
E02004566,0.1189018091393945,0.04674242389970663,0.12006931239143086
E02004567,-0.06972297206182582,0.01474509282110819,-0.05258739603284916
E02004568,-0.06243235743703464,-0.031735829373942016,-0.044486403128866835
E02004569,0.017467979453863202,0.00747005692948973,-0.018174853829167434
E02004570,-0.026910086323127077,0.04869288436639609,0.025169742141634276
E02004571,-0.006262431617069905,0.05741685471168698,-0.0061151684863397825
E02004572,-0.019809456307709614,-0.034477140682581814,0.035812422434012905
E02004573,0.023373954156028432,0.028618072764710817,-0.1389951171745719
E02004574,0.018759882279606815,-0.027213589632287004,-0.0241212433466687
E02004575,-0.022414581246775707,0.053955425250671186,0.017251549670488503
E02004576,0.017413608751360596,-0.01783285444143524,0.005641342006525786
E02004577,0.01200748491601739,0.008980996982351375,-0.035116334341412085
E02004578,0.04837286612370794,0.006550324851497039,0.0318007142940409
E02004579,-0.02299027979878693,-0.051589816254389735,-0.0013524777598190295
E02004580,0.05232675389787164,0.003614172994158515,0.033230491488876406
E02004581,-0.019616692883924914,0.05747786337514833,-0.04689840873151801
E02004582,0.034962581588410244,-0.052046600303041264,-0.05256044709508907
E02004583,-0.02493344902972684,-0.016720369305613724,-0.005258359764662779
E02004584,0.06953321507574355,0.04659008262711271,-0.05506925712369578
E02004585,0.03656684366353387,0.032909498065431066,-0.02373233913820435
E02004586,0.00727033325625151,0.05896247038579651,-0.03790438254355844
E02004587,0.0739862029252718,0.04158688637362477,0.009694993298112178
E02004588,0.07168712371666001,0.04695915047586341,0.021979754121006268
E02004589,0.022557351931325256,0.012312185224547457,-0.015241320717295762
E02004590,0.09338642059387052,0.16754681542254235,0.007434927165264058
E02004591,0.005709376499483395,0.050237399504256895,0.0353085389831409
E02004592,-0.06252871960809776,-0.02481391616716419,-0.00019004843609489192
E02004593,0.012180876643246845,0.06981041532378192,-0.014240043323638027
E02004594,0.06588389721154962,0.013450859393682553,0.010006411082182823
E02004595,0.026929463219700255,0.049219431590904666,0.05041970973773446
E02004596,-0.013359619738323801,0.06901072341977108,0.05016216132686292
E02004597,-0.01813870464241472,-0.0014721088162191957,-0.024429099196698213
E02004598,0.0004795732206594741,-0.07352668090013238,0.0039345711695314535
E02004599,0.017923948404335362,0.06498551349276721,0.06327215520186577
E02004600,0.033251269256591914,-0.09963890264542473,-0.02685085717935186
E02004601,0.054679808025496754,-0.047624920009412625,-0.0045477775724545805
E02004602,0.06354254671249063,-0.03373000679271923,0.024091210510686013
E02004603,-0.0349080076002773,-0.005322849220448262,-0.04751704551020886
E02004604,0.015803405677812386,-0.09540966478340414,-0.04443030255626776
E02004605,0.08113325173190084,-0.039134910080664734,0.060105946977503426
E02004606,-0.026418429967396916,-0.02325347847918115,-0.01594413949613844
E02004607,0.0049530848767245375,-0.022713186060311277,0.023202751455692793
E02004608,-0.0023662100135197197,-0.013731929165124892,-0.032985830070068056
E02004609,0.02941150740566257,-0.015432409170804302,-0.05453393376576484
E02004610,-0.010534271840877284,-0.0137058521577323,-0.014520749168287723
E02004611,0.04644129553069061,0.0066962809486414195,-0.04483095876422968
E02004612,0.02076734423905852,9.961935304503187e-05,0.018544948907683902
E02004613,0.013581789452085869,-0.024838036393193638,0.027979396188525595
E02004614,0.018182825105914867,-0.05107764701706218,0.03944009194842369
E02004615,0.1200643125540306,-0.05657501117204822,-0.01966727708177246
E02004616,0.03394775871492676,-0.015217842281061104,-0.052238306716874766
E02004617,0.03843882349504561,-0.06460073348998081,-0.0688858607586407
E02004618,0.06056067315001488,-0.015652969160745565,0.01873689273042004
E02004619,0.07376649475269917,-0.05098314606169126,0.015082528369263833
E02004620,0.068029719237392,-0.03912807227888074,0.047051582026124625
E02004621,0.006518623804616374,-0.008805736263160877,-0.0101421204376483
E02004622,-0.003169854890626199,-0.05847244623715888,0.033579378645822465
E02004623,0.05284804640011165,0.006511143261915477,0.03218704885311245
E02004624,0.10166134215359063,0.018724508827505225,-0.009152987003679568
E02004625,0.005178019477565565,0.05230971241132655,-0.029356314638147866
E02004626,0.06981601115104791,-0.042457523878629895,-0.0726576877442202
E02004627,-0.010252397786084522,0.034608829879200366,-0.11866790645913562
E02004628,-0.04003250369614518,-0.12448010795497647,-0.06973503565755947
E02004629,0.04479468501059982,0.0162080785815089,-0.10888885586454598
E02004630,-0.0011591288433979551,-0.07820714070563765,-0.062103976978198465
E02004631,0.11568074220170665,-0.16189633176069892,0.01313510556745536
E02004632,0.06804177290056107,-0.031498284966819425,-0.01794131432821481
E02004633,0.013681505307429755,-0.027298136119394013,-0.025545958669159124
E02004634,0.04599724781025828,-0.022037269910254564,-0.11782843189322612
E02004635,0.13603073876876198,-0.05663817576130333,0.04824354687586042
E02004636,0.0008653197362763568,0.006949465582541213,-0.0051992098139523706
E02004637,0.09211880015756865,0.14399322645038043,0.033044364294815914
E02004638,-0.025366388718509332,0.013911822265106257,-0.03849633819345862
E02004639,-0.074505306527641,-0.021938864532054653,-0.1441634437590803
E02004640,0.07197077745464496,0.022498741886611297,0.12574803447921065
E02004641,0.004250743737133945,0.016828229942203916,0.001526180040222298
E02004642,0.019093863426946814,0.011996134870217542,0.05392264866350647
E02004643,0.09773901199737693,-0.017143200180806808,0.060315843730587765
E02004644,0.017959333916498985,-0.0524623264495168,0.01705405944453398
E02004645,-0.014439698195837741,0.02823766141091723,-0.040409719778729196
E02004646,0.056179301035449096,0.015784441826819606,0.02373767865495635
E02004647,-0.013992237319144615,-0.05885906727648128,-0.01795466840447304
E02004648,0.0356844657895342,0.004206122725366365,-0.05532839369678295
E02004649,0.0006962901372055269,0.03516063663347772,-0.04856821212259598
E02004650,0.015852731732763903,-0.014727886333661398,-0.03917944078750677
E02004651,0.0013975891163341325,0.009990741263424389,-0.02420905626312814
E02004652,-0.017496295901542763,-0.14005506727808856,-0.07174698438482889
E02004653,0.1206268407814222,0.09313549040528374,0.057300551524061445
E02004654,0.033072840158045465,-0.06680318188130106,-0.06823884182515498
E02004655,-0.006321034212719723,0.10554696337612988,-0.08595663000828928
E02004656,0.0014992529164582398,-0.028287207189617358,-0.040091507319442936
E02004657,-0.009679999157347845,0.01661830074602826,-0.10587481898391388
E02004658,0.019987855987899376,0.026840065752555452,-0.05664787074736883
E02004659,-0.025805392379016943,-0.029016731989120744,0.0018127151504865576
E02004660,0.07291335917671488,-0.06755186602235301,-0.0014146705310665209
E02004661,0.05545996561930585,-0.06495633916951675,0.018634194382990455
E02004662,0.05719080262384072,-0.009229003284745256,0.06006323641213099
E02004663,-0.02420296841131466,-0.11865753761529958,-0.04375224320552583
E02004664,-0.000230815042299569,-0.07021467231510256,-0.03259833682914284
E02004665,0.03553389992800754,-0.018152443361301226,0.1616908201901022
E02004666,0.055768691199531956,-0.039192431242139066,0.05156521186458245
E02004667,-0.009096781380355072,-0.05597414855423946,-0.05510633717830647
E02004668,0.032738554185515585,-0.016126542680628228,-0.09104223039374129
E02004669,0.03661153222961173,-0.018480111444669475,-0.05354179064391012
E02004670,0.020962918489000462,-0.024980723049701375,0.010518712602797757
E02004671,0.07034161255075848,-0.02202975017686571,0.0062243143910658
E02004672,-0.007882196309720244,0.03134403875866766,-0.04544597746348197
E02004673,0.03969423614717291,-0.04309168963810497,-0.005433389998664617
E02004674,-0.022410201779318413,0.012580594420459404,-0.07383640584226085
E02004675,-0.07361135392420354,-0.005817892811256173,-0.03356452968662316
E02004676,0.007673776780499613,0.012602758389709777,0.039223221388994464
E02004677,-0.010158001885541779,0.020233661901698216,-0.0006649563027850253
E02004678,-0.002538584031103607,-0.03759364665107338,0.013884655713335815
E02004679,0.012963717708801914,-0.05854716990968762,0.0076891169365434055
E02004680,-0.02065818475645422,-0.004011760314903966,0.03192023230582629
E02004681,-0.10205133774236028,-0.06538757698071147,0.0970661673890838
E02004682,-0.024356894556637396,-0.04284715342080409,0.04686587354605587
E02004683,-0.005372106672624956,0.010653083044819728,0.05707598242124731
E02004684,0.03081909338334969,-0.05616518310051533,0.14524283192589965
E02004685,-0.06674159533582613,-0.02913000489941791,0.09586485380761739
E02004686,-0.025480239377364714,0.07732429122334915,0.03641551272679504
E02004687,-0.1410835597369873,0.06047523937139223,-0.04422806682812086
E02004688,-0.032767198087121176,-0.04744038087620791,0.07833288105353599
E02004689,0.025938620524321925,-0.03775824678832891,0.032564320798335974
E02004690,-0.09900028602464504,-0.0447468104731959,0.02014093566328664
E02004691,0.0003679816638109915,0.032771642807126064,-0.025050760237770957
E02004692,0.028969950031410396,-0.00827952818078641,0.06543007106900299
E02004693,-0.08666004685899438,-0.04306950792560421,0.00850772823836604
E02004694,-0.012853011667438703,-0.06405122744623615,0.026010110172224623
E02004695,-0.03709227065995375,0.0021863668075258274,0.024438898978295327
E02004696,0.010198942574156915,0.015016616991042234,0.11697910352237005
E02004697,-0.0406666688899286,-0.032046888201527846,-0.0897223735083835
E02004698,-0.009255671224279435,0.025641844357112448,0.02435384591475038
E02004699,-0.021202304819726125,0.014862557707703573,0.04339234342423001
E02004700,-0.012251524465121016,-0.008586174554426973,0.09698931596443629
E02004702,0.018446650077083664,0.04218847301905429,0.09468909539531864
E02004703,0.009380966045788018,-0.005878076708486174,0.009202361344870307
E02004704,-0.05168527637575527,-0.010894744415592102,0.08607390784269033
E02004705,-0.002400332742510018,0.021627903133552152,0.009502230187057538
E02004706,-0.03275372909868426,-0.04835981054879933,-0.003989643598614367
E02004707,-0.024099999529369993,-0.0015796296074426924,-0.022638019494785878
E02004708,-0.0719991377591746,-0.050220942383408074,0.004966349821250177
E02004709,0.02653647392681671,0.007711975828050652,0.0032888236010766483
E02004710,-0.024002004132931857,-0.08064089617455081,-0.00495514468380392
E02004712,-0.005394335234116697,0.05728013969500961,-0.04740423111403962
E02004713,-0.002199513806173904,-0.027705522554012638,0.0038944115724040634
E02004714,0.011084481156787254,-0.015166711485858448,0.02676418086117158
E02004715,0.011486336581535975,-0.12463984241839145,0.03236875946469246
E02004716,0.011197563118032963,-0.029830356620555804,0.029051986186047537
E02004717,-0.03963032320698326,-0.042066446500600166,0.034940722980217054
E02004718,-0.03614659987768037,-0.013134581736879073,0.0024675783432771686
E02004719,-0.004956246578179969,0.0001603065707280486,0.021069970298158013
E02004720,-0.0031419102770160402,-0.014558770436067845,-0.006787427905944536
E02004721,-0.031256504876105796,-0.01710789319388658,-0.0008423329053422114
E02004722,-0.008246476361946913,0.06890215758139205,0.011447733415363722
E02004723,-0.030983331759617417,0.0066374810936167955,-6.700757037457511e-06
E02004724,-0.027594708808348006,0.024600577444883396,-0.06320325968610287
E02004725,0.0060486909535869765,0.06916117018342179,0.033856335658777076
E02004726,-0.003206217466521978,0.014382850310868365,-0.02479559180984216
E02004727,-0.02465788489332348,0.0443412229439266,0.015149805152996425
E02004728,0.0013644026990689922,0.009748752028908427,0.02390363089407918
E02004729,-0.040349991472109686,-0.030033724434920278,-0.03619145413843836
E02004730,-0.016315536550262088,0.0126132905333836,-0.010563147996308522
E02004731,0.03370364627724966,0.004543478781402864,0.05484154691144347
E02004732,0.02294030636038179,0.0248384910974735,0.036331779231795744
E02004733,-0.010338820386805699,0.01542839978908981,0.02336381884708766
E02004734,-0.04466743689850155,0.017530802598648206,-0.05807341144446349
E02004735,-0.04238194186382588,-0.0418713591913901,-0.028885726461126617
E02004736,0.026787906331837665,0.04864800904842173,0.011271287642717351
E02004737,-0.013113229471130042,0.01760381285248829,-0.03089896931020249
E02004738,0.00149464068712451,-0.0502211247788401,-0.04330912829081198
E02004739,-0.0003236218605674296,0.023979016142506138,-0.02970935811103361
E02004740,-0.04334196604845032,-0.020638800075879767,-0.0030995153650142195
E02004741,0.022487269963400457,-0.007786000906028526,-0.018313619996492073
E02004742,-0.01623370211816669,-0.058740830407408295,-0.020783350436695637
E02004743,-0.028744540005580667,-0.06347169566004761,-0.03750218527898579
E02004744,0.09028693019533425,0.03273519156507374,0.09517312939745295
E02004745,0.05099873695757444,0.04650858703019385,0.015835859319571974
E02004746,0.009180601114498718,-0.0012023655783137818,-0.02574856449133579
E02004747,0.03413383953213383,0.050126811220159266,-0.020604753029994184
E02004748,0.022476263163977064,0.036005415139045795,-0.01842363276048196
E02004749,0.022497246600089577,-0.04068564862302924,-0.01230737348377691
E02004750,0.009129546116402121,0.013418311704516541,-0.025987976314038357
E02004751,-0.027715190012161016,-0.005226867522156271,0.020955768036654696
E02004752,-0.1031376525327644,-0.0020596543806039374,-0.011018574579304585
E02004753,-0.06594825446026398,0.0521080885698882,-0.013168264265743062
E02004754,0.03945187149415636,0.018468906185410767,0.09438441897539833
E02004755,-0.1031549467153074,-0.05441464090626542,0.008371650581054529
E02004756,-0.0034128555624125096,0.037867375432530465,0.06305793869037445
E02004757,0.006942882801495248,0.05015986030672554,0.010043087406569949
E02004758,0.005436860393218773,-0.018741019645311774,0.08600752299844393
E02004759,1.0370845981333447e-05,-0.07854480926930697,0.08874586564607755
E02004760,-0.03518237645198306,-0.05326558897548117,0.008040572285440879
E02004761,-0.06183263467640372,0.011688530099112662,-0.01466933987342248
E02004764,-0.004849264435247743,-0.08876620969615893,0.007695344643901452
E02004765,-0.017538422413222836,0.005007773642434558,-0.023850546674637162
E02004766,0.020334332190587532,-0.05761126831349734,0.03727544593750845
E02004767,0.035601270264357464,0.007367573308118335,-0.05401850852327465
E02004768,0.043969022028632135,0.022017046808943026,0.06334135872023909
E02004769,-0.011211861972973492,-0.06230537262589754,-0.0732231186687589
E02004770,-0.022871114245533477,0.035521895968699514,-0.035073678441125467
E02004771,0.03606456647425215,-0.012125815733567554,-0.06461127388215056
E02004772,-0.03705326664564201,-0.05035557215980031,0.037048779573306545
E02004774,0.03632870079676125,0.009003369783974726,-0.020574431232550955
E02004775,0.023601725148723694,-0.07244979111446283,0.005677601048793725
E02004776,0.06749029464978677,-0.012036023706056637,0.005412355140108192
E02004777,-0.020782421382006554,-0.006215505897201717,-0.11274488425307334
E02004778,0.01867220947228223,0.06389292766319232,-0.06310840694193542
E02004779,0.0028387482201414553,0.021576572070940315,-0.022761209522159015
E02004780,0.0038438109671592446,0.015586485792582962,0.0062948301055327765
E02004781,0.050510760478362116,-0.04341125267266367,0.07380463833992283
E02004782,-0.010899840329252328,-0.024754139340001573,0.010969260573553723
E02004783,0.03162043624586828,0.08752961650053216,-0.0033707238833476975
E02004784,0.10069891400337981,-0.093870753903686,0.016939219211706266
E02004785,0.13814770921756522,0.0034849967478437203,0.06270433274145697
E02004786,-0.022271038190471153,-0.04184601783405755,0.04876417461152741
E02004787,0.0021571310726073126,0.016139848350414366,0.022306745363619745
E02004788,0.031071604143467244,-0.05183180013939894,-0.0027003160586749862
E02004789,-0.01789004063152908,0.0640396780410587,-0.016775540649970052
E02004790,0.08064624580725772,-0.0491073697817789,-0.01882773852351417
E02004791,-0.0008802568357507143,0.08789708289538757,-0.040017367498693716
E02004792,-0.03580570422174359,-0.018153022095661536,-0.09021036016725671
E02004793,-0.046946238647142154,-0.03999596586669537,-0.06799958669455593
E02004794,0.03486040921372197,0.00661252473232242,0.07087595431348462
E02004795,0.023155791840492337,-0.07256529590408002,-0.003654467236841266
E02004796,0.0100792111734355,-0.01572790661263428,-0.04998714691335803
E02004797,0.06545866902019937,-0.007893652782985172,0.03680259263512029
E02004798,0.016927495710347844,0.0864544506233979,-0.011634289724870855
E02004799,0.02368883355311646,0.0293265403279221,0.00448261216089018
E02004800,0.03617046140303541,0.03391482050783449,-0.03310762236848684
E02004801,0.05057477479723333,-0.02462497160641283,-0.03339194098188345
E02004802,-0.07261585910134866,-0.007534515768236017,0.07852740639968553
E02004803,-0.08580647208456543,0.09157717016789294,0.059598908776155535
E02004804,-0.08097041743357244,-0.003941633794648015,0.02417089713915998
E02004805,-0.036816650843630686,0.017104380685452784,0.0596635464075215
E02004806,-0.011439711148527898,0.06451884684204424,0.04560332123858046
E02004807,-0.04492454951705915,0.025890193561190787,0.048336316708419036
E02004808,-0.07754431810920435,0.0133481492949106,-0.019890215716966735
E02004809,-0.08991951515519561,-0.014601382896316437,0.03105697795454115
E02004810,-0.054222290354050254,-0.01663443842922881,0.061742229147418344
E02004811,-0.01896577363352136,-0.026821311726412313,0.04878388202325784
E02004812,-0.019351105341661904,0.08457074151584523,0.00041046974720650083
E02004813,-0.011067374068196476,0.08574487907672307,0.04349650246451836
E02004814,-0.02332484917660531,0.0937546271998088,-0.030432503399520954
E02004815,-0.0773831977475112,0.03087818880793752,-0.018863508805637794
E02004816,-0.05847080118565396,0.021715604740891993,-0.08135019568888577
E02004817,-0.028074416179603923,0.05682773258192266,-0.027532251812168326
E02004818,0.010749662662886603,0.0013032646570964076,-0.010315875796807268
E02004819,-0.03677596274928081,0.008539270842833444,-0.027073575149338246
E02004820,-0.01876447130971683,0.02178828571595842,0.00419639654359101
E02004821,-0.017603833667113555,0.10614208365113913,-0.10309203300196199
E02004822,-0.006799584365180768,0.03539284609922948,-0.03126797830857718
E02004823,-0.003994333413242695,0.014053387317331871,-0.009370194330935345
E02004824,-0.05163349493239643,-0.008674757105611107,-0.025026752549961558
E02004825,-0.014161579585808555,0.06932906805161752,-0.04846037266257308
E02004826,0.04606065685929397,-0.04639928923343345,0.02955092046426322
E02004827,0.020104353783995676,-0.003100068977087557,0.027571055881323105
E02004828,0.029863897681484584,0.0437393843282166,-0.0006454372232248643
E02004829,-0.02813525477411045,0.00045967454756171063,-0.050408721834938254
E02004830,0.016691794381068697,0.00795081014062001,0.045482148962963646
E02004831,0.05826615734832363,-0.05299023600010458,0.0657643967693874
E02004832,-0.012036208111780354,-0.010759957546734953,-0.007188311631351623
E02004833,-0.05727262336119004,-0.03355090618757578,0.07154221827358573
E02004834,0.017953596998316872,0.04059217213065977,0.01233056704065228
E02004835,-0.05073769021411682,0.03152902072313368,0.02773099314494705
E02004836,-0.07090422362076104,-0.39178406174321473,0.06077820761035163
E02004837,0.013935219032879207,-0.01729801841718277,0.038187076704421896
E02004838,-0.008193849400099868,-0.0176936969512707,0.03889224032339945
E02004839,0.05959788974453804,0.03505249937819122,0.030277148412475627
E02004840,0.0021804197836298024,0.009831321594383229,0.018383300852950642
E02004841,-0.0007445414454642253,-0.0023463055577059356,-0.016004463201730088
E02004842,0.0330266124761485,0.02002416277763406,0.0105923898500486
E02004843,-0.07878217120173464,0.024095383981555932,-0.01650792443219195
E02004844,-0.06566567953019525,0.04943560152344676,-0.006449450563708527
E02004845,0.0018686834349774819,-0.040150304502760595,0.10193645079819853
E02004846,-0.02890070946059088,0.03271599420279593,0.01828635111271933
E02004847,-0.04597427875056424,0.05012935021525914,0.07105268980598076
E02004848,-0.12261906821641412,0.062117428937142644,0.0368135684467152
E02004849,-0.07488934416079333,0.012260497842958492,0.04069251750129286
E02004850,-0.07687635825679291,-0.006343748012749658,0.022028887739624428
E02004851,-0.03717565697322346,0.09026370721293958,0.046478486334022184
E02004852,-0.04154316574661854,0.0007834803980791537,0.0655776911848614
E02004853,-0.03075714535688564,-0.10354547160671318,0.05038694106577853
E02004854,-0.09904891985382872,0.04776120559871667,0.01844881664126417
E02004855,-0.045079481555316346,0.05775417996371121,0.09246837191860924
E02004856,0.02789204109173176,0.026617447439328645,0.12595762189780568
E02004857,-0.05956240506810346,0.007416529512425132,0.020133734915160895
E02004858,-0.005198725533651144,0.06265055945173638,0.09953267228518149
E02004859,0.029218989096478465,0.0603125255268329,0.017469734399619522
E02004860,-0.1291377514540012,0.007703030962796589,0.07069918113178064
E02004861,0.012123168690099922,-0.03566652159394464,0.0488497945320462
E02004862,-0.11681485152950305,-0.02338497158814999,0.05363534369033543
E02004863,-0.08455640984292921,-0.011179903706653314,0.09210794992871914
E02004864,-0.007850210026045894,0.012158865793895706,0.03396827912765734
E02004865,-0.15452781411289337,-0.012485133670067395,0.02078855995135479
E02004866,-0.08478531500285243,0.013240782213367214,0.007939749344394372
E02004867,0.003295490014810519,-0.027720425048572774,0.04440496878380082
E02004868,-0.09843445660897934,-0.04368167238680241,0.061252378284245436
E02004869,0.001576825427982614,-0.047086669583472046,0.025444511913130144
E02004870,-0.08694176441030774,0.019261425969347188,0.012859768541053111
E02004871,-0.05738412222318583,-0.03745171185271978,0.07418098641902442
E02004872,-0.0933800882975393,0.052605583062815285,-0.016604196082138048
E02004873,-0.0393869952880366,0.0366872756388615,0.0784710015591093
E02004874,-0.12843576707590526,-0.0393815721272056,0.0014262132571496238
E02004875,-0.08616415430513558,-0.04618154599650167,0.1325583297245184
E02004876,-0.0745920718171985,-0.02884980746836592,-0.01612522280471579
E02004877,-0.04474061274942853,-0.009453929607691834,0.11439865963928925
E02004878,-0.04819728179728891,0.06997130932616763,-0.07739456262333383
E02004879,0.009567650992046236,-0.00458053206047386,0.016279723862272572
E02004880,-0.054020582064859914,-0.03305956072010875,-0.029659794011052735
E02004881,-0.039078145397771644,0.04391043911511278,0.03192514381637805
E02004882,-0.017189739944914958,0.04963244791278255,0.04760206623434854
E02004883,0.0013145760319700451,-0.0701509137403718,0.06822634762570884
E02004884,-0.029218788494647926,0.01745911821592625,0.07430251969160576
E02004885,-0.02307435038681385,0.036162115717101526,0.028789483199327275
E02004886,0.012406591053934957,0.07284970801677336,-0.035135106117008055
E02004887,-0.024859283621819755,0.04559046292068259,0.04241988600899305
E02004888,-0.022172654965776,-0.0019316479335440909,0.02292552259608302
E02004889,-0.06541614979628942,0.01642278944248351,0.036462558991416566
E02004890,-0.12389074844975015,-0.0519472380287417,-0.017405664216421
E02004891,-0.01398530395556599,-0.0599917304648143,0.0627394499807848
E02004892,-0.11508301955796778,0.01539377647550479,0.045044424610298846
E02004893,-0.08165683456522418,0.040499872814275084,0.04919669472708837
E02004894,-0.051217923805457866,-0.04921107775803335,0.09716602827477273
E02004895,-0.03683839315345675,-0.017258156681012358,0.01355658455657406
E02004896,-0.09325930120098389,0.01636002652327245,-0.01978565821565115
E02004897,-0.043028073430133325,0.059965653950422755,0.03935903906299021
E02004898,-0.09602977085917073,-0.000894228461277541,0.003530231104433724
E02004899,-0.07239692783475514,-0.05723016557727253,0.019598223174312937
E02004900,0.06169480969954368,-0.038841326154428396,0.1079038360315898
E02004901,-0.13212562215742776,-0.0007266782266834577,0.03478682497193288
E02004902,-0.07332849072686683,0.03904578317297259,0.10463759262311935
E02004903,-0.06396102604731875,0.06873545465414395,0.06053166553365505
E02004904,-0.11998115653333027,0.015751012819775194,0.04234445290520899
E02004905,-0.03155148741980485,-0.08645955057330935,0.11166865462397864
E02004906,-0.06293459781622135,0.017306597926040168,0.09232511788500157
E02004907,-0.08782433276529755,-0.011167694855134561,0.03978770084941291
E02004908,-0.13375308373730752,0.02351959969217354,0.029352852438283946
E02004909,-0.08987006903966006,0.09647817380765783,-0.027496557208050332
E02004910,-0.05227567504443287,-0.017362787639193758,0.038281142654210884
E02004911,-0.10417821347491454,0.028887923189748872,-0.037210349072802615
E02004912,0.0064133015667046005,-0.045673788864234385,0.08002400318501886
E02004913,-0.015681824509611496,0.03324649220160284,0.002090804601476648
E02004914,-0.1132465533971233,-0.019967767208841466,-0.05769436870388007
E02004915,0.0015276800914999116,0.035114794462536195,0.0801141871773077
E02004916,-0.06152413455331305,-0.09907729299040852,-0.021615727943140695
E02004917,-0.17135149470332886,-0.06166766748920504,0.11587583553705591
E02004918,-0.04528838647843414,-0.010563623274999129,0.040615481157928505
E02004919,-0.12757861636259896,0.002194584523716106,0.024420674090587954
E02004920,-0.06779609131513585,-0.018276098654930146,0.06413091209074517
E02004921,-0.051395450953842695,-0.11147211306241459,0.09353942233648824
E02004922,-0.046591295815570394,-0.012553526899190563,-0.07308017528628219
E02004923,-0.06442955116136907,-0.025622733859321834,0.07171927007071253
E02004924,-0.042079241827624334,-0.02493224905806512,-0.060021310329436264
E02004925,0.007275614048641189,-0.0791659314754712,0.08278866287132072
E02004926,-0.01027644742754788,-0.02386683234544913,0.06267177231713435
E02004927,-0.038740567744935936,0.06890002957187571,0.06455479086919264
E02004928,-0.02333994267462341,-0.02691180616874435,0.047935076668957105
E02004929,-0.06846162097942224,-0.04315244555161549,-0.01958958363640108
E02004930,-0.03362385096349738,-0.025801554884455447,0.07694591430181855
E02004931,-0.04503548426496547,0.10165554188707536,0.016417262444024888
E02004932,-0.028813755102779677,-0.004061565352565876,0.05994326984577431
E02004933,-0.06959506251027307,-0.04353535274131721,0.03757856367980507
E02004934,-0.08182485687600795,0.028773945399784968,0.05200571649731268
E02004935,-0.09369583241049106,-0.02295620457654628,0.0745035829117868
E02004936,-0.06693038875990001,0.014761182460046525,0.01927987766376629
E02004937,-0.03368723681386044,0.00980848702819171,0.003417489811031819
E02004938,-0.05217904084664057,-0.13552498648451344,0.026770327120692577
E02004939,-0.08347594830938324,-0.017261706844324553,0.01027862954682648
E02004940,-0.1297296079066622,0.10557636452901288,-0.05891258713076896
E02004941,-0.04496133480713402,-0.02086789057536611,0.0761376530484703
E02004942,-0.035435176886985706,0.03947583699973879,0.05149549336082604
E02004943,-0.0012589793133879347,0.0538029753419631,-0.010294027536936753
E02004944,-0.077816505925664,0.05760171857220767,0.08446891504392638
E02004945,-0.01298791150089959,0.05425906835947951,0.031634344714213766
E02004946,-0.07345640408344171,0.08594024976012174,0.07166481128098527
E02004947,-0.0062824681721289095,0.024718380111115545,0.06310906168787335
E02004948,-0.08041440892203562,0.14386148863192103,0.05916859952922975
E02004949,-0.18489222982046621,0.025449619859515174,0.012444768104632119
E02004950,-0.09048812422957334,0.022123375809296256,0.02217774331827633
E02004951,-0.0899145725308061,0.07101972368831594,0.049263967193581955
E02004952,0.01253270455523115,0.06300359121177006,0.09544307857354803
E02004953,-0.039961860444649756,0.04121357981170899,0.0396866227570086
E02004954,-0.08209079394008559,0.012523222981922957,0.061179590737206614
E02004955,-0.10270874059864696,0.06256912176951954,-0.0008833968133733483
E02004956,-0.007756689160949876,0.0006092827932101828,0.06260327943197638
E02004957,-0.015066497519594092,-0.019607052825943726,0.10042717311866052
E02004958,-0.09045141107569958,0.10534812474069269,0.05237317193777061
E02004959,-0.0016345350032028608,0.05700025429781782,0.14108457699756985
E02004960,-0.008960679943263836,-0.06225277400574256,0.04647764789586604
E02004961,-0.07398267157283908,0.028327581349350883,0.06412443570981613
E02004962,-0.076339988698847,-0.052513154398827866,0.0173163902780313
E02004963,-0.05748332839262978,0.08215807432489769,0.15658070587759315
E02004964,-0.04672656448266259,-0.03846686216558008,0.004366656204470538
E02004965,-0.04858754045653715,0.009572129266683405,0.15199985557373277
E02004966,0.007424190078330731,0.0012450107651222446,0.010342193641451614
E02004967,-0.12066402975937308,0.03546502204726327,0.11541643940255598
E02004968,-0.07631529346909713,-0.025711458900910752,0.08171850584577083
E02004969,-0.08879246795722781,0.11135400838454013,0.06654348589370009
E02004970,-0.16416933313519672,-0.024778029456145555,0.026467011399424825
E02004971,-0.15099314693953117,0.04127562323873634,0.028073551570081432
E02004972,-0.160846303538931,-0.053291828821925395,0.03789451166659989
E02004973,-0.14294453182607256,-0.013551746975870114,0.0893362940547416
E02004974,-0.08822643645876971,-0.028546497100895154,0.08103694120065641
E02004975,-0.02645941140333613,-0.09858238671989197,0.09894753935252525
E02004976,-0.11952220252398515,0.10845931465305451,0.13557802900470253
E02004977,-0.09961689440392925,0.03576788806165864,0.10802939115877834
E02004978,-0.13385325138544885,0.14045370940948,0.05002892711052777
E02004979,-0.1530072780582187,0.005840046148048955,0.03599045643284876
E02004980,-0.0010185799275550145,-0.010136007038494375,-0.030599121542210117
E02004981,-0.07294704939554071,0.03600937413843657,0.06674610856548883
E02004982,-0.09968854431576929,0.07576722735457242,0.032262493548356835
E02004983,-0.1113974240359696,0.09452131052691416,0.020004826715590583
E02004984,-0.016780066045145557,-0.010137484513230011,0.07999879283726789
E02004985,-0.07073011430374934,-0.004829743746079105,0.07899002717299629
E02004986,-0.0914716670757165,0.04182670462174852,0.1169660092538604
E02004987,-0.10022836304539953,-0.05460436161390972,0.07656278999926773
E02004988,-0.10171006063401017,-1.119049711662464e-05,0.04331033115547894
E02004989,-0.08924211138839605,0.024165807650266352,-0.013112193719506404
E02004990,-0.03412411911356896,0.017256657720316048,0.08567611761824163
E02004991,-0.057248859700517137,0.011501795894360577,0.07699437010828784
E02004992,-0.09972193923080065,0.01929737385922444,0.03488182822161905
E02004993,-0.09492763135715959,0.017673262974643174,0.079101703459927
E02004994,-0.019219442520658932,-0.004476570565615112,0.0005435837740139555
E02004995,0.0410125926999319,-0.0092272855250023,-0.0024403213915895543
E02004996,0.01539986080566239,0.0012188243331176273,-0.04765539913797348
E02004997,0.022423280773437297,0.024522534688773637,0.009718500659325443
E02004998,-0.06902566647307834,-0.014695354159946092,-0.03920542592132621
E02004999,-0.01292366613231239,0.042175261738606994,0.00011214141293009316
E02005000,-0.029718282012811858,-0.04386885798357397,-0.01000835129145231
E02005001,-0.0373080177503038,0.07151065579930709,0.022526845117937143
E02005002,-0.04188960062327443,0.0018484926199966072,-0.03534424632864825
E02005003,-0.022905205355307035,0.01604120127076154,0.07725018886705766
E02005004,-0.0008633542131212972,-0.052827842830256766,0.04644218604176416
E02005005,0.03950137269406876,0.01666198851696704,0.06326107547470082
E02005006,-0.08901154582119941,-0.1209533026188793,-0.03345789375386899
E02005007,-0.06986512965045497,-0.0665094580180936,-0.030920021629457246
E02005008,0.04605532401259852,0.022736111657123446,0.00536400624409079
E02005009,-0.043950038491403234,0.09410870152910866,-0.1757077210759472
E02005010,0.063612776106607,0.03983885269833012,0.053171209374573696
E02005011,-0.047632585291328536,-0.004327155977818592,0.02247766124698948
E02005012,-0.02873121016205355,-0.0946861491473501,-0.02704904800089869
E02005013,0.04178121361485383,-0.033290614322388314,0.02041739284199181
E02005014,0.018275210848899222,-0.03351991085088148,0.04450166434345982
E02005015,-0.026534438244422167,-0.008775961729146292,-0.010293111190571764
E02005016,-0.03842020973065991,0.015581080875820323,-0.006983213696155918
E02005017,-0.052257240735690935,-0.005641154108380531,-0.018892205915182664
E02005018,0.016623098571169316,-0.0054577429553259275,0.0013028653731263827
E02005019,0.03634446993918772,-0.09292366274398571,0.04708863268045613
E02005020,0.02365556049543748,0.03078950909029029,0.05647263097374009
E02005021,-0.033231594285891584,-0.001388965867065611,0.026130386818234052
E02005022,0.02138778796784605,0.037871961534264476,0.04788505663346185
E02005023,-0.025873414427517373,0.02741312794325186,-0.08362432232486208
E02005025,-0.018236275251128708,-0.010823972357558158,0.013938473086579056
E02005026,8.451377021236145e-05,-0.03137645598118888,0.05050684507508231
E02005027,0.04260858448436893,-0.06447370277419005,0.04924083190284661
E02005028,-0.05072470484767867,-0.08919035401380936,0.08316897329166292
E02005029,-0.07600853093443583,0.023082845146809715,0.09354420625366176
E02005030,-0.07375497064463793,-0.007696415103285385,0.06233492344649026
E02005031,-0.15097169510341693,0.004054270742709953,0.07116621899171913
E02005032,-0.12109803392949642,0.030121331494469272,0.036077245401086026
E02005033,-0.06374333579243764,0.028042916303614312,0.05479422133195121
E02005034,-0.04583643084963536,0.03912371044489466,0.0446021938037736
E02005035,-0.056145202276467424,0.07557622192870246,0.08619527178654432
E02005036,-0.11646663730228188,-0.028753253414819532,0.0002644146484341055
E02005037,-0.07797337490831742,-0.10344091283617697,0.01874975671921539
E02005038,-0.09308998825176643,0.021278406195209813,-0.01434455170225057
E02005039,-0.052261093934096114,0.12899219504452136,0.07756455702569218
E02005040,-0.06391799855354308,-0.09301835267833165,-0.003595129061758461
E02005041,-0.00387321893403225,0.024222486390550035,-0.029545729176568274
E02005042,-0.009916679971295755,-0.022893570641386324,-0.04394214396435737
E02005043,-0.0062341322560064884,-0.0515147976249082,-0.007421272386758946
E02005044,-0.059112085055388244,-0.0378579374244027,-0.009514059433951467
E02005045,-0.002923422882738164,-0.08117687096101514,0.0010697464655724089
E02005046,-0.022721480520925694,-0.028459581691455176,-0.024304681085150784
E02005047,-0.01088911885660503,-0.0816745725280362,0.028291903243610316
E02005048,0.028563872172941734,-0.08068346667731786,0.037023992509029754
E02005049,0.0016964337252366904,-0.051167897476137814,-0.005849199853452271
E02005050,-0.014878132066953154,-0.006374111682864888,-0.03308875380212713
E02005051,0.02221517540796764,-0.028635256416207087,-6.280362068668091e-05
E02005052,0.04057924733513814,0.031659101224121064,0.024842521116396198
E02005053,-0.003286319507277196,-0.0044831970780600215,-0.029030251471179595
E02005054,0.02482871136058508,-0.05972018724587984,0.027662172335539213
E02005055,-0.02105444675825505,0.06806464719805125,0.10189737848918155
E02005056,-0.037510868108645276,0.07619246769110229,0.07040252175382895
E02005057,-0.08566104025944017,0.045797428496665155,0.05872226246517545
E02005058,-0.03330360200785048,0.01886868669025113,0.12228895521672152
E02005059,-0.07771559119751717,-0.040680939823731305,0.030808497415287725
E02005060,-0.01649654094489005,-0.009973169561752912,0.11292861468530928
E02005061,-0.058607198403905846,0.06579044595082062,0.05672994975241167
E02005062,-0.03556589393762159,-0.050433712364697354,0.06298629494692877
E02005063,-0.0662695012776089,0.029293039550543663,-0.021250399598287555
E02005064,0.02306889132903059,0.07713123436322583,0.06253594259891188
E02005065,-0.14334633679980982,0.08063687866597856,-0.024835602042669238
E02005066,0.020338483436470964,0.06499005047059392,-0.0145477399685116
E02005067,0.01311635030667584,-0.08809966531918278,-0.018761891833615443
E02005068,0.01637930023781741,0.014697138303506663,0.0889801439245691
E02005069,-0.014126585663142207,0.059774554355772044,-0.0001079156756048371
E02005070,-0.04154148044313873,-0.01550434715914243,-0.0027066453482158703
E02005071,-0.05976920795467943,-0.08587315710411897,0.008679221344695343
E02005072,-0.09427344007526645,-0.070611302444006,0.008614433735121992
E02005073,-0.028507587087676867,0.05062521725226745,0.06246957591198765
E02005074,0.008807736587293015,0.02218873074682128,0.04987132883644835
E02005075,0.005884764276704409,0.011708123361372209,0.038636881984888835
E02005076,-0.0009287457283298632,0.027576815551012157,0.025645336974040152
E02005077,-0.024657242600617055,0.06604349693303466,0.050779114041956126
E02005078,-0.03399071408485582,0.06323730271294485,-0.0427296383892113
E02005079,0.03313820175487995,0.007928477289700713,0.058563285481090764
E02005080,-0.03253023614272765,0.009163853447009037,0.022777573719617302
E02005081,0.07376672633108225,-0.04158060292133057,0.03383028350905205
E02005082,0.00953396477501714,-0.0031108073513974447,0.051977597088014665
E02005083,-0.001367220297445254,-0.03689814176084584,0.0032568357159452554
E02005084,-0.04192726785881157,-0.007910979179038262,-0.06284923069087395
E02005085,-0.04904173399484571,0.11179436644698361,-0.02351853300057975
E02005086,-0.0507983588020727,-0.03874490064579348,0.016593667539806872
E02005087,-0.11677079272543835,0.06478644060156898,-0.03576811008968966
E02005088,-0.05916744061769613,-0.026838022425608156,0.07023528949734041
E02005089,-0.020664827846631456,0.07261890270684,0.08982139561041093
E02005090,0.04450898333512575,0.020854467935288817,0.0038840575822496567
E02005091,-0.00894602735470189,0.05729345616170799,-0.005165926178605107
E02005093,-0.08356205251937555,-0.03502461831379593,-0.03648313299654874
E02005094,-0.02486519190107029,0.01969241107535435,0.03956864961345067
E02005095,0.04573855843248092,-0.0007004005095138493,0.02177150231373218
E02005096,-0.06759327928445875,0.0038258719584882053,0.02875588259355144
E02005097,-0.03750238419385831,0.10928612484619396,-0.040468057676297096
E02005098,0.1279077012535622,0.01743699583910533,0.17488864915868144
E02005099,0.012836430497381751,-0.0030751615765338175,0.06418157640514484
E02005100,0.01191977910612342,0.03964645977554163,0.020186648298423912
E02005101,-0.010485913704889282,0.024083954597593285,-0.05630844553904061
E02005102,0.0534502473395765,0.031938621552798585,-0.06226361926815883
E02005103,0.05233220817735098,0.0022761616981638692,0.04130881292583278
E02005104,0.03603776738993722,-0.05602561870415165,0.05201621342812937
E02005105,-0.024539258910809564,0.021504651510267734,-0.11540693051443734
E02005106,0.07690056528003593,0.010513694919933422,0.04236877720953411
E02005107,0.03479650604665747,-0.040713382481875414,0.006237448549618182
E02005109,0.010144883961377516,0.0740944455075991,-0.02753542834371043
E02005110,0.032021187542375554,-0.06760109715924283,0.05734217622910556
E02005111,-0.009731735073569668,0.07887664223570091,-0.0032579515437215654
E02005112,-0.005906213759426974,0.09653893918574548,-0.14477485999088355
E02005113,0.026029374393295085,0.07506644182149957,-0.07348004365538781
E02005114,0.0006893942436894866,-0.011103677448971642,-0.047850164619788395
E02005115,0.035831880720558006,0.0408499723389842,0.08968042981889439
E02005116,-0.04536916329776463,0.1320012266880756,-0.03210674747372059
E02005117,-0.007501082374068253,0.08030289127352135,0.020296895502202827
E02005118,-0.047794886966621764,0.011052044832680118,-0.040363327409356324
E02005119,-0.05143615556143202,0.052271337033184116,-0.00800674454045446
E02005120,0.028893382095441972,0.06816423585471318,-0.02044061354262208
E02005121,-0.011098230797774574,-0.044045951759081374,0.054917649227145156
E02005122,0.011685748902925945,-0.08542873658663601,0.028409698428948183
E02005123,-0.03881970782184957,-0.03294836757684692,0.020190247044757546
E02005124,-0.018990828052087565,-0.05098629721094127,0.06041673356855491
E02005125,-0.05383845313364303,-0.017268242666891094,0.050045501542215515
E02005126,-0.01143546554559545,0.026153485319066777,-0.01639994986852112
E02005127,0.0433532161711848,-0.02147048882943813,-0.001463286499919431
E02005128,-0.025255939538765534,0.04522450012254497,-0.0046575529516552985
E02005129,-0.013963198332850353,-0.08233000930859262,0.07815610364024977
E02005130,0.01842967169229316,-0.025668121786250154,-0.00484766498889579
E02005131,0.20320145503648956,0.04058654320673089,0.13545352235320526
E02005132,-0.04809486966795635,0.013057103136634551,-0.07214852919109935
E02005133,0.01538764244378561,-0.0047115746676131415,-0.03269961940815756
E02005134,0.03702780869077891,0.029276045870327522,0.022658789418838463
E02005135,0.0074836876056195946,-0.014258933077965916,-0.03280211024139206
E02005136,0.053276633631177656,0.07681482728467105,0.03696467517970155
E02005137,0.017778517038561502,-0.018680105205442738,0.06454828087396576
E02005138,-0.04362817080865786,0.017922351689610903,-0.04206840050720133
E02005139,-0.003529540689254608,0.045693789776615035,-0.06425379594871926
E02005140,-0.006912933500595457,-0.10347999251998019,-0.06116974430050038
E02005141,-0.012887835408883686,0.012551870877710009,-0.051094816005955404
E02005142,-0.07580016543163179,-0.061125222747738676,0.038707367454374655
E02005143,0.013139790845965841,0.041240079451890524,0.014499632199830293
E02005144,0.026417694166257066,-0.11019720622973339,0.04095902573705399
E02005145,0.07340915983924998,-0.12960509918708135,0.026670032904384338
E02005146,0.016426589483870976,0.004237897252640876,0.018798200575441397
E02005147,-0.028307265797464034,0.02433636349373983,-0.06924103745471126
E02005148,0.01432133235557563,0.02400277268866288,0.004520280017829724
E02005149,-0.052892998689229365,0.054916076005037014,-0.02124342681766063
E02005150,-0.02443622285985115,0.02512867833043981,0.031612423551255896
E02005151,-0.047313220799261126,0.017456447556039464,0.0008672731838141926
E02005153,-0.05938404817579792,-0.009490323166460132,-0.009810878109640295
E02005154,-0.03697219281879678,-0.035401820982459815,-0.02604405840374855
E02005155,0.03700021425006991,0.006308899870239456,0.03677225795386264
E02005156,-0.01573842644793065,-0.013906783079897832,0.04601523434225817
E02005157,0.016350122371991682,-0.039423021798582814,0.04316930586071825
E02005158,-0.02156639296000573,0.047571801253087576,-0.02769513981001499
E02005159,-0.023810588944104788,-0.03949718713214496,-0.010162233292516911
E02005160,-0.03501327366289571,-0.0021745758420022012,0.07335030763430288
E02005161,-0.040027197170969135,-0.019188282209815704,0.03184549607612788
E02005162,0.01015785170973981,-0.07738056518565091,0.07041896874656982
E02005163,-0.08743946814196588,0.04130724121913919,-0.042730329185963686
E02005164,0.0008933018310678218,-0.03281271385219381,0.036177409478542755
E02005165,0.0007326443599728117,0.07059825732533792,-0.0017320452328251062
E02005166,-0.044538799567201935,0.0036733685082720614,0.05962861287920695
E02005167,-0.04521107446906571,-0.07091920880152701,-0.010291336702950802
E02005168,-0.021076565693457488,0.001938825983584785,0.014619144729032122
E02005169,-0.05034454386878518,0.035323599722055926,0.05203954271866592
E02005170,-0.03195593454433153,0.02450387440543368,0.013804591834745942
E02005171,-0.07255673068231144,-0.029429273664899412,0.027449248826669177
E02005172,-0.052415246631270625,0.054228050666877,-0.06275426903270766
E02005173,-0.047133659464097664,0.004377402134784262,0.0584153398391932
E02005174,0.11534392441781743,0.04411140140120828,0.10130038649936189
E02005175,-0.039115455674776006,0.03116480528441736,-0.03410143408646403
E02005176,-0.02490205537209144,-0.06688133367914846,-0.04848550073966528
E02005177,0.03554413594357613,-0.05686475494729478,-0.05272240681814072
E02005178,0.047355772885793554,-0.004444438022798127,-0.11730276505357234
E02005179,0.04152388158767917,-0.128793908012791,-0.09686553629334466
E02005180,0.04985298696000217,0.0016858214555405904,-0.02701581942124505
E02005181,0.021293628110354332,-0.016405839695176047,-0.16907152014300908
E02005182,0.10841954530211838,-0.07993777891338205,0.015207762346189512
E02005183,-0.0086567990949965,0.01536161221245689,-0.04837268170008119
E02005184,0.16620492454685729,0.12806484543551552,0.07992138825599095
E02005185,0.1313064109528684,-0.037590309543400265,-0.07308983724127874
E02005186,0.0976188693543967,-0.008217162161496719,-0.04115156287208589
E02005189,0.16829392848134178,0.1879146104688671,0.07201992137042146
E02005190,0.003478285243752362,0.056479676863338914,-0.04532811332870192
E02005191,0.05438413557001609,-0.01638838284222049,0.008968841633812164
E02005192,0.0479588487780038,-0.025196114345564458,-0.010909958949267174
E02005193,0.043920243687085886,0.020975693231229622,-0.09442640950413213
E02005194,0.058414167858635624,-0.0033766389411652867,-0.016825766413001274
E02005195,0.0845245358137384,-0.08615675824586426,-0.026655040896430702
E02005196,-0.046093073191720235,0.020906252236632946,-0.09389795918816574
E02005197,-0.02167879596253889,0.06724163886108167,0.07027511282312121
E02005198,0.03917906748162007,0.005269018691659916,0.015050737589187617
E02005199,0.016447521752201814,-0.08971217879000852,0.006401276271920228
E02005200,0.06014993921084747,0.02405147651409291,0.032686986257807804
E02005201,0.10968956163842267,0.13651929043000818,0.03956018249225278
E02005202,0.05014660683743724,0.06373456034486606,-0.030341552202547504
E02005203,0.025806043836288102,-0.062191396580119865,-0.050124307204328214
E02005204,0.036046561386176304,-0.10449196021915759,-0.04049736536236062
E02005205,0.10863405973087095,0.00968023101037785,0.01875589719681906
E02005206,0.03927184036244686,-0.03233027384294562,-0.04446138598295303
E02005207,0.03012847874934437,0.1266652851940882,-0.0653935735288531
E02005208,0.021711538694171254,0.06058727329644475,-0.009363780100949865
E02005209,-0.022724606905480865,-0.07404832832692261,-0.0657090102046501
E02005210,0.028497275632858952,-0.012749756069744936,-0.07766117173556833
E02005211,0.08780820177339504,0.014085568259497564,0.064112025033454
E02005212,0.10967166891714852,0.12047726958820289,-0.002870115658889591
E02005213,-0.038968458766459,0.1150024032436219,-0.1452819896111036
E02005214,0.2165061881123235,-0.03704151622687621,-0.020622130200532295
E02005215,0.13892598722008764,0.0730105298629368,-0.039357904122463906
E02005216,0.0074490883534984505,0.22764861727841065,-0.024792104121779474
E02005217,0.13616875395152628,0.22503489914096936,-0.0007040313127737055
E02005218,0.08646520676203576,0.033956642079606233,-0.06026981509722971
E02005219,0.01287028234931867,-0.11476962960420486,0.003727574413941101
E02005220,0.07182749622816675,0.003154556924262579,0.0020931064843328863
E02005221,0.07398216158999724,-0.02851783221085122,0.06951997582433138
E02005222,0.03078666916365088,0.029926698585617587,-0.19202346685050695
E02005223,0.007057883269608833,-0.029993049644530513,-0.06979478963005167
E02005224,0.07943668874102433,-0.026484509568955015,-0.0030255895414672894
E02005225,0.11928344863435966,-0.053077359264596474,-0.017473305367921244
E02005226,0.16564496586080266,-0.16325962084433468,0.10650003006312142
E02005228,0.0927071375857912,-0.027959395375209598,-0.06684820982143974
E02005229,0.11256495382444331,0.1640981905745573,-0.030529050555176223
E02005230,0.11743487930782265,-0.025328027246498165,-0.03923936236087327
E02005231,0.05469971395801567,0.02687732612827082,-0.09059555640507722
E02005233,0.06028549758365403,0.003002797896159198,-0.013104321314438741
E02005234,0.002850710833764578,0.008106954015988373,-0.07902658670815682
E02005235,0.1429064727423728,0.05838731637550012,0.03760532434029282
E02005236,0.0666762390089047,0.009566376565486106,-0.09861248634616399
E02005237,0.049744747805875435,-0.07541448514052529,-0.05892080125091766
E02005238,0.06329751668045615,-0.08087799324468523,0.016467263216504244
E02005239,0.02535213101976566,-0.05968757961597661,-0.10869306407974076
E02005240,0.07371766724447695,0.02244187908125537,0.02355699434111356
E02005241,0.08600526466586715,-0.0822961066225387,0.05513145684597244
E02005242,-0.014743652471506658,0.2004665753620044,-0.15576988993372312
E02005243,-0.012681017158262184,-0.003870724665815292,-0.06979339156850395
E02005244,0.049762468257705125,-0.09129692717469823,-0.09059694957349682
E02005245,0.10575836901592515,-0.09190808669944134,0.17323575996960913
E02005246,0.23432900695308537,0.21585453420278616,0.15337497038394504
E02005247,0.014785313101653649,0.022863954925145043,0.015404433871832218
E02005248,0.04706176214572542,0.18680560167166413,-0.09635527665788109
E02005249,0.03915499794034356,0.016693933358103062,-0.11084999062190046
E02005250,0.09338783328826834,-0.11726910692254647,-0.10122692326414608
E02005251,0.03160359842541966,0.07944091088047538,-0.10211374017085059
E02005252,-0.03955919695502819,0.056607856333666114,-0.29687637629048513
E02005253,0.040146955754386565,-0.05474131452792656,-0.045261157951900624
E02005254,0.06037460367442444,0.021686943841929027,-0.04038600597742067
E02005255,0.06336458281717766,-0.020265649128695346,-0.020043732691363107
E02005256,0.05896918074609328,-0.007710513149683758,0.032205797609187584
E02005257,0.05736177618883443,-0.22885439187529572,0.10038820903067465
E02005258,0.041817754829419684,-0.11186576019015067,-0.08073066102174452
E02005259,-0.012219897724254702,0.010734584556321113,-0.1095427750468475
E02005260,0.07653839553761499,-0.014502873529360796,0.016451325903049083
E02005261,-0.05540490226365448,-0.03367050822581341,-0.11928619352832713
E02005262,0.017506995763460872,-0.030253262389712484,-0.02912504674168814
E02005263,0.11722738729932941,-0.0002793730306562765,-0.0018310719949456813
E02005264,0.048922198353911144,-0.037399369624029406,-0.02780830650539732
E02005265,0.03844174715552637,0.011495286368996193,-0.09402746925692736
E02005266,0.045358501896755304,-0.0047256325947546175,-0.1450680149628773
E02005267,0.012416506989480314,0.045385827787442386,-0.09202569268031043
E02005268,0.027554683732861948,0.30052287885987305,-0.11422346146521946
E02005269,0.0548711783170742,0.05625249034569044,0.02680718547522375
E02005270,0.1572731582414967,-0.17981509987746566,0.07578447755717513
E02005271,0.072667965742591,0.04191197866236085,-0.05101229253866459
E02005272,0.07340377995401168,-0.006323138909095163,0.022736682531788878
E02005273,0.13849092561892218,0.06757454809989306,0.040932014452916804
E02005274,0.10425371995853779,-0.08826147989749288,-0.03217622486402997
E02005275,-0.01888916418605387,0.08117659418065286,0.07618279648251094
E02005276,0.01374366330196137,0.042270542822169854,-0.07297695419157607
E02005277,0.07203658593766203,-0.04610935936277216,-0.03282845453932013
E02005278,0.05098801368848085,0.03360211232545765,-0.08810900123279967
E02005279,-0.019611349829311352,0.015681590509565607,-0.035318491054660374
E02005280,0.03877719097906617,-0.018714657219843785,-0.11399924271727817
E02005281,0.0437337668604201,-0.12272080872282323,-0.05361948664595702
E02005284,0.06053362037671737,-0.053496330061976696,0.02082080296489732
E02005285,0.056937492837791016,0.07965442004447831,-0.10233057792702129
E02005286,0.052102847470461934,-0.1063197463475928,-0.054705867705742005
E02005287,0.03443306720341181,-0.011101375027316816,-0.06556699763569727
E02005288,0.08765030163593122,0.06524467462541636,-0.10717516375744392
E02005289,0.06661984951200695,0.004767783349541024,-0.03251606704281166
E02005290,0.05306131959687831,-0.06689656807033405,0.05522039502650664
E02005291,0.10865656614677519,0.07111697761210471,0.04963785898354437
E02005292,-0.009742790150239076,-0.07723648257064197,-0.07023197156320095
E02005293,0.07165940871752494,-0.005637084316129654,-0.04346024981265767
E02005294,-0.016093784272306042,-0.013271097312883609,-0.05853599958946551
E02005295,0.038894072722712454,0.066157919660863,0.034291687377395484
E02005296,0.06826967469319949,-0.015887769522201414,-0.029706047380955454
E02005297,0.019854579488221454,-0.07834652883128468,-0.10041722331860872
E02005298,0.06576184817678885,0.05372889608410366,-0.03631486546615424
E02005299,0.037697567177752064,0.019275006735396227,-0.0868342902005306
E02005300,0.03613594201310305,0.0896945411052928,-0.03143799546167549
E02005301,0.0035420311520613025,-0.09280802274879286,-0.02339275265707112
E02005302,0.06791188558713702,-0.01726098113056179,0.002712300515753819
E02005303,0.10552527212644928,-0.03693619557413521,-0.06477191986466951
E02005304,0.040512914672855754,-0.09753501147275805,-0.009040062972382667
E02005305,0.039894519464132826,-0.13015886239012517,-0.03505066536001409
E02005306,0.06264480807736338,0.0001711540475095261,0.011995858369608262
E02005307,-0.03955267800118368,-0.03777608614779374,-0.13682255125138784
E02005308,0.06915699977846468,0.03481394439915048,-0.07988487974026262
E02005309,0.10129732794228628,0.04303710587950906,-0.0019180555523827735
E02005310,-0.028962505293197213,-0.04723261710622546,-0.07280720859130567
E02005311,0.01779218320018521,0.03946006379428056,-0.044672668578325775
E02005312,0.17765930728360793,0.009932355850904469,0.15569951107832602
E02005313,0.018381711625932145,-0.0939203346220864,-0.013718285991336863
E02005314,-0.0016461751929990492,-0.16173414256528382,0.06476421763458079
E02005315,0.006364291201848526,-0.10003921232282025,-0.0394731912108913
E02005316,0.123882993741035,0.2938329981266964,0.10506895898772031
E02005317,-0.053030797617994126,0.045612463490406895,-0.10068554417395387
E02005318,0.06399759260122975,-0.061516535393495435,0.023482603337847404
E02005319,-0.0007019874198276003,-0.0009234913171865133,-0.009004805293694821
E02005320,0.0719799331249788,-0.015940993990176736,-0.1186828025400614
E02005321,0.055480867522909885,0.04282757738075574,-0.0889352234057098
E02005322,0.07183247862791238,0.005249706874295325,-0.07961952804857775
E02005323,0.04669693659606882,-0.00843442235595618,0.0492795187549269
E02005324,0.10774373105240848,-0.04833844024244024,0.03745041183780782
E02005325,0.12950299196260848,-0.03364696273715737,0.05412234686229148
E02005326,0.04231140811214262,-0.04409701207911547,-0.05549853376956507
E02005327,0.08852148442132551,-0.05742220164865967,-0.11738645087246767
E02005328,0.06570686440811578,0.06599363304310499,0.00791176146919496
E02005329,0.07360198874627077,0.0024545965547519612,-0.041150004862132945
E02005330,0.07428249478328462,0.05014700706700921,-0.03969115366922737
E02005331,0.07083585257612428,0.012677652362508904,-0.004491301037591339
E02005332,0.07265648477132379,-0.01918864560493406,0.012879423164984678
E02005334,0.053833396503012915,-0.10631643445929982,-0.01736220723812009
E02005335,0.031817880275437846,0.034058275107655,-0.026050671019639836
E02005336,0.040238530290906425,-0.040466791623102225,-0.06522955073236977
E02005337,0.06598140759410874,0.06228950594388115,0.035572647441129195
E02005338,0.05886080395211517,0.006701457830543556,-0.04594737092117692
E02005339,-0.022887204822729778,0.031976814194133396,-0.02264995033620626
E02005340,-8.443672815973953e-05,0.006848759414198356,-0.030331381615534427
E02005341,0.0786006493349179,-0.02973029430858443,0.09571991832289632
E02005342,0.006145343018816214,-0.06153862259216335,-0.038140523706326784
E02005343,0.007140155176143556,0.00013599072369213752,0.005546060219928107
E02005344,0.03978187755782988,-0.053363095401136554,0.023284529043979468
E02005345,0.05124785946850824,-0.07026353671574288,0.029051833116000507
E02005346,0.08117816353967251,0.055168970069055676,0.0014984482136828636
E02005347,0.04657594381389366,-0.01756968242155281,0.019484713355447644
E02005348,-0.02159815315949221,-0.005902951141921203,-0.06423126619618306
E02005349,0.17107745064103316,0.0032754903360273117,-0.011044865987208266
E02005350,0.02498271151060402,-0.0031877531377090176,-0.0853318779989476
E02005351,0.0003300529499690065,-0.013398367235991441,-0.017692840657278292
E02005352,0.07060508949372249,0.004551532623599055,-0.025116688104581588
E02005353,-0.0187779516190175,-0.042645072332651406,-0.12914384637602228
E02005354,-0.009060882867661298,-0.03330458701104945,-0.04955683542144162
E02005355,0.02098740676829392,-0.08562254194222078,-0.007137688149206199
E02005356,0.04856084388039616,-0.024348904771389658,-0.04525161660978665
E02005357,0.05484976304513774,0.0005548204236433583,-0.01684646938950535
E02005358,0.018857441179581016,0.0063521387990998265,-0.00984897906009067
E02005359,-0.0028582332261996974,-0.003313666302844816,-0.0072018774786316835
E02005360,0.11065939223545244,-0.11134120182153441,0.004734419721496105
E02005361,0.02700540198945033,-0.06090275534766947,-0.016890345919130367
E02005362,0.04849089453546571,-0.030887062651278135,-0.011823511787733838
E02005363,0.03564274456766606,0.02993236693536867,-0.01948769836455022
E02005364,0.019272476282063813,-0.06202358790697872,-0.04420062901155531
E02005365,0.041275718614082135,0.016058647500767548,-0.05142675865822425
E02005366,0.10563687090811048,0.030722695023914632,0.09136013575752103
E02005368,-0.01056527178574693,-0.012759430645564047,-0.05602082467112454
E02005369,0.0258304506327016,0.011520893633219963,-0.04370854818606081
E02005370,0.05098782742562912,-0.04741068075732774,-0.002159940984185607
E02005371,0.010074540286775083,-0.0007172929749483391,-0.0002609176497900403
E02005372,0.058302761287341694,0.013723192653091694,-0.023243575093360964
E02005373,-0.002236408629352028,-0.025486640234681827,0.004414422436792547
E02005374,-0.05869147623120738,3.718815652866405e-05,0.006083069958529962
E02005375,0.011170110299580902,-0.01359715906212223,0.06949475153379285
E02005376,0.053850592004109514,0.025257126435858344,0.015335468903098785
E02005377,0.0820523497633412,-0.03960727856273901,0.02786562718110673
E02005378,-0.002286134146703926,0.053270002236491955,-0.02984077548679567
E02005379,0.10276324076818512,0.005469807568671559,0.09100628207420182
E02005380,0.09489545407802624,-0.023614960962532697,-0.011604738783982903
E02005381,-0.03836637357227637,-0.027671252440474754,0.0013744674409146103
E02005382,0.10027252160468048,-0.02861368423828862,0.04527708240511778
E02005383,0.030138224983385666,0.041499649704790725,-0.05639636281974092
E02005384,0.06547523007080217,-0.06524597281544756,-0.06831354123915787
E02005385,0.05980671653150932,-0.14005938919880084,-0.0004689628016893497
E02005386,0.026867633945611476,0.017497982269039317,0.003281959182640783
E02005387,0.06100804469710132,-0.047142196317068924,-0.042141564240997985
E02005388,0.07249786141396186,0.040948974461851605,0.004617231281473237
E02005389,0.07411076026519708,-0.06943539498550252,-0.026982645487723573
E02005390,0.03748211415788912,-0.02029281441845864,-0.012365541917131264
E02005391,0.014562062583932323,-0.022626512815384005,-0.041442203054252676
E02005392,-0.004036867002550946,-0.018044498508171563,-0.02839806405182326
E02005393,0.10162848616321649,0.0332597768479537,-0.025879842415679356
E02005394,0.01996680794661102,-0.05096653626047099,-0.0565365092161482
E02005395,0.008659304965490604,-0.030678324803046487,0.009978331275776933
E02005396,0.06038012441338428,0.05961433047068859,0.0076295755846699925
E02005397,0.020593225540624375,-0.005916559087413541,-0.08505452362791306
E02005398,-0.015735129337764178,-0.06095476915249699,-0.11965307255167637
E02005399,0.009459893066104381,0.011285022212610267,-0.039205385511250676
E02005400,0.020384858778697886,-0.10477046457628462,-0.02679527877081003
E02005401,0.09003213210853657,0.00910122289893322,-0.021432462162386572
E02005402,-0.001175473181156837,0.04264648793363914,-0.015890186484853422
E02005403,0.05619122899653757,0.03896053828660615,-0.010896255544275679
E02005404,-0.033280284664044854,0.009267348840956636,-0.06288461847365356
E02005405,0.03624110064935638,0.11271721592962414,-0.02682479402380173
E02005406,0.05081983678406519,0.02424803398203516,-0.08010876039275826
E02005407,0.0666599430260291,-0.018782359648628098,-0.02716726134674731
E02005408,0.09886840161918188,-0.0023838106451071774,-0.06348444395426264
E02005409,0.05957478943863664,0.07305587454121505,-0.015686863053880853
E02005412,0.012781377803164793,-0.08155145410255395,-0.017862729006839103
E02005414,0.04998659932199612,-0.04096489827389658,0.01452892840395242
E02005415,0.11944889380873669,-0.013207225510574669,-0.002520589733030185
E02005416,0.055143605129072154,-0.013345147550800678,-0.02385165011249596
E02005417,-0.001913373891238562,-0.06414014985066502,0.015480055958137824
E02005418,-0.033507394884679055,-0.039509480258111074,0.008069015648662253
E02005419,0.039533577419037104,0.034818665926719554,0.006557344628206594
E02005420,0.06624598475534488,-0.10997883111556334,0.11375030964972768
E02005422,0.08889767207315191,-0.028067516283021655,0.005168665080984162
E02005423,0.11051897773153448,0.04632485633283358,0.0332173234056112
E02005424,0.030663215640776988,0.036541771509565536,-0.06655048696705684
E02005425,0.12772643218814705,-0.07938515476433909,0.040253164388679666
E02005426,0.011702053874776122,0.057989518313529366,-0.059015899654295045
E02005427,-0.09625514371963767,0.05096391383655247,-0.1134583219730237
E02005428,0.0460939825542551,-0.0156762235303696,-0.09082225524517044
E02005429,0.03166383991407703,0.021432571767056846,-0.07211205223707547
E02005430,0.07916761431544365,-0.00616285436858819,-0.06528941016775676
E02005431,0.04678189016255412,-0.05349276784234372,-0.061021394759225564
E02005432,0.1241553343631405,0.05611936562927851,-0.03539822064281387
E02005433,0.13141148729142946,0.05382400068612906,-0.004903871638351209
E02005434,0.05789164484052096,-0.07870244910814461,0.04789713888504818
E02005435,0.09789587918371874,0.007210363810228441,-0.05585936562180535
E02005436,0.09952129981937138,-0.04492401392320873,-0.022959214933151676
E02005437,0.08763923998160138,0.031680160912238214,0.017398389549679535
E02005438,0.1605450165827657,0.148163253897516,-0.0087183104643821
E02005439,0.045977643054535514,-0.07816127750348162,-0.0693957477529804
E02005440,0.05838994245556628,0.0013941150022249917,0.03554098347042378
E02005441,0.06628286413337128,-0.06039895717948973,-0.05355391528820328
E02005442,-0.026205393633224515,-0.04784417802138963,0.0163187899470393
E02005443,-0.03950983633531651,-0.08056492660023744,-0.08067595538185615
E02005444,-0.0068480124265612695,-0.007352501946987317,0.017496868869988174
E02005445,-0.023678940622893472,-0.029263433319519996,-0.011544050858788997
E02005446,0.03260303267693464,-0.09534548599043302,0.05403019149055509
E02005447,0.06144813265423736,-0.02781312316940515,-0.02374797626981728
E02005448,0.08080814460258237,0.010460879262801,0.0859233233533772
E02005449,0.007300100515296521,0.0059907875018604,-0.024026313032405166
E02005450,0.0976850309735154,0.016892098717512904,0.02195590408379663
E02005451,0.04070917248192735,0.11038776637760844,0.007929408195450988
E02005452,0.046399488409002064,0.027210620261172196,-0.007949626797977255
E02005453,0.03595106361463969,0.03344059360867794,-0.03839865522627316
E02005455,0.057488282341477355,-0.045794265283865154,-0.03415995338714755
E02005456,0.025141786754503813,0.06562505222995865,-0.02956242093125544
E02005457,0.04447149343835263,0.04642514356007267,-0.010452293090990526
E02005458,0.02231278072598441,-0.07776651531136385,0.013029702764205625
E02005459,0.05014494106020794,0.003178752605002229,-0.05862660920143241
E02005460,0.016418135932988836,0.051877889907675154,-0.04900782567288751
E02005461,0.019151517876180312,-0.005587837839824683,-0.011903578732013328
E02005462,0.03600472381368132,-0.0391391005657229,0.028680177323970064
E02005463,0.05493091290783821,0.014366092741433596,-0.04103348592603269
E02005464,0.06032013289820442,0.032915812976472295,-0.03833281717906181
E02005465,-0.020604182014261903,0.03658568920133986,-0.04021759277791984
E02005466,0.06791359360366243,0.0075604443527193,0.0348686827957619
E02005467,0.05147660118585032,0.020372608354016247,0.006160242994749774
E02005468,0.011861027077458891,-0.0016727872789791503,-0.0022313219384571636
E02005469,-0.047760155356716065,0.04458452097226652,-0.09269015165220802
E02005470,0.0188287404605479,-0.007624637701187383,-0.005110303141908783
E02005471,0.03976482638112616,0.006373323398443143,-0.028557142901521605
E02005472,-0.004709567352111834,-0.10555552888764949,-0.10802967657629343
E02005473,0.09440093979141316,0.005691892327502956,0.036501023491454794
E02005474,0.05629967759344775,0.022749368383782474,-0.0055320412467296035
E02005475,-0.01837800530911034,-0.050715885552249755,-0.060075226738834614
E02005476,0.06230163410230214,-0.0504709044246247,0.02741747413287289
E02005477,-0.06145506569228044,0.05835629031864218,-0.06733133304935963
E02005478,0.09509123371512292,-0.05055611098734648,0.08507274852176006
E02005479,-0.002094925013978851,-0.0064086167619664194,-0.03189437396344224
E02005480,0.029545373498225804,-0.08746465159365446,-0.008201349304796319
E02005481,-0.026182558027819797,-0.013879901884995586,-0.01742202441346997
E02005482,0.02916377224749372,-0.00016798926756426635,-0.006167598736228247
E02005483,0.06544365076260171,0.10462609012075451,-0.025152425795069547
E02005484,-0.009660062371759162,0.0009337775717449439,-0.023313251095774534
E02005485,0.02811200178632306,-0.02811115390007908,-0.006563818909439812
E02005486,0.02946061422272125,-0.026678352809917337,0.009662117070125749
E02005487,0.009217594856919305,-0.03219077255501026,0.0035026654873808855
E02005488,0.018940848974541187,-0.011218456840864671,-0.024150721958491574
E02005489,-0.08334855195766096,0.016017267288129577,-0.13359870764308784
E02005490,-0.035807675667545606,-0.05130631443579363,-0.004569445367168366
E02005491,-0.0070771148442685845,0.024120932825152836,0.00970928349446802
E02005492,0.05623485345358705,0.016994129635644183,-0.07904024449951702
E02005493,-9.956555682006266e-05,0.006423527796422666,-0.12603358861187774
E02005494,0.10902123805891283,-0.05704642934035049,0.02380071923349107
E02005495,-0.052108759548154936,-0.09846120232372908,-0.16752512358979202
E02005496,0.005104737815203224,-0.06754029922977967,-0.07483340112722257
E02005497,0.09732824532414534,-0.15157781154202776,0.08107619583327508
E02005498,0.11064587221539786,-0.03998742865609708,0.01605186770042113
E02005499,0.07071153009018466,-0.07971493807429707,0.021020508570913275
E02005500,0.07388889432878541,0.04939080635487727,0.0034348003233092175
E02005501,0.05624914139389052,-0.05792393886900472,0.06782285421290325
E02005502,0.030111022807403045,-0.033305036389432184,-0.05778937569106902
E02005503,0.04677654474612434,0.07407186906846362,0.04024848380846697
E02005504,0.03228665637502984,0.023324648870196116,-0.09410896123929494
E02005505,0.06299175871682118,0.017945276673909615,0.013656010735145739
E02005506,0.014673526912679306,-0.0029468130237282507,-0.05598430009079391
E02005507,0.05932194972136021,-0.04624100202114381,0.013737940235795748
E02005508,0.03606538498472384,0.15952341083412291,-0.01413594534975678
E02005509,0.04454829386806863,0.031140154368213598,0.03231907762708605
E02005510,0.06452840373228783,-0.04533066688075808,0.03715348917061278
E02005511,0.044802977223218486,-0.009295396095189772,0.03940939050001097
E02005512,0.0775553673833143,-0.05527363705144093,0.015102496059386366
E02005513,0.039951542760015245,0.006385231449303093,0.02831808868360891
E02005514,-0.004186573491771648,0.005564321015614925,0.005953070232256801
E02005515,0.07450651322943525,-0.012672702489788409,0.08054344925250981
E02005516,0.01105097339819996,0.04405973093031142,-0.04740377812677264
E02005517,-0.04698662983719048,0.06608975603864327,0.022703421020040523
E02005518,-0.10180042996167774,-0.01146489683205923,-0.061758548945619336
E02005519,-0.06607437361103968,0.07039883698314715,-0.0369901377629344
E02005520,0.03611480274093526,0.07882593231607778,-0.003923233750093962
E02005521,0.04465123316571885,0.09098711793181838,0.07779286304077997
E02005522,0.0558216109461411,-0.1279147424092709,0.018832487923548417
E02005523,-0.016249281289459194,-0.027614753355396447,-0.07513197064416557
E02005524,0.01250986570993963,0.02285635449780814,-0.01121526748387101
E02005525,0.010467678438417408,-0.03967563955795794,-0.02053017975202095
E02005526,0.018985881168508415,0.0327622513008273,-0.021963729700542403
E02005527,0.025213158355587816,0.06591611950247812,-0.04657102610036347
E02005528,0.011516974815280443,0.03889908205224113,-0.00151011077063289
E02005529,0.0696566867288035,-0.0020022263472302786,0.06575158262821024
E02005530,0.029605982647005008,0.12205128365150601,-0.02820527351707201
E02005531,-0.012281148329548706,0.1103946787738866,-0.04188465288568663
E02005532,0.004132586749040404,-0.04792663038097437,-0.0483833493748506
E02005533,-0.021001058817173044,-0.018546868149170094,-0.0669219006766893
E02005534,-0.0025646383940038106,-0.02801854829448474,-0.031238799030855177
E02005535,0.0416671602573942,0.04942703103588054,0.037511124098622395
E02005536,0.13583241336188498,0.03346664780618123,0.07998142341077413
E02005537,0.0883078698109022,0.04236457670900861,0.015861320459090538
E02005538,0.02452005999009286,0.009342156142378787,-0.07721866344437162
E02005539,-0.004898435829782239,0.011063357494529677,-0.05382200364526495
E02005540,0.04063631779450075,-0.068225730898422,-0.035389464698184575
E02005541,0.00801682642174552,-0.08214853682720911,-0.07830298406459492
E02005542,0.03927894976895748,0.02655578103458401,-0.006941377463641508
E02005543,0.09910678576506489,0.08521019627619672,0.07307584049366828
E02005544,0.028759603011190543,0.04613166131932131,0.028197195261159005
E02005545,0.028501800302117027,-0.0497735581794953,-0.03485975973755936
E02005546,0.09454617437551387,0.023844712212278237,0.022324876996249736
E02005547,0.046887791749622106,-0.10384566949424691,-0.06024607816954797
E02005548,0.1391576741786214,-0.08012231743984902,0.13044355691312182
E02005549,0.030686234379308053,-0.01408108289629707,-0.015867135869656563
E02005550,0.07704174207481125,0.05510449080821505,-0.006531332201750993
E02005551,0.11196815191962449,-0.021526772694169773,0.12926564904500795
E02005552,0.04520534198430038,0.032093130291778266,0.10957185065395798
E02005553,0.037011930653855545,-0.09452849116630752,0.002760284113010134
E02005554,0.0426757122937369,-0.02853135913485245,-0.014700972119131604
E02005555,0.06299556799728803,-0.06325758260189945,-0.01838501178345641
E02005556,-0.06063373201625566,0.0002606136420672123,-0.16109507684461621
E02005557,0.01835848048224814,0.05662966440488189,0.0008884533819745067
E02005558,0.05034867554863856,0.059569345956280016,0.012650531281037304
E02005559,0.02198396822353875,-0.040508869283439365,0.02460531895739471
E02005560,0.09718587381993755,0.12456986018317712,0.053419170218274
E02005561,0.009288539029893675,-0.02459331919329861,0.006814201224411841
E02005562,0.05133689549162746,-0.0856058725869834,-0.04831823871997877
E02005563,0.014846984342521024,0.050318601095033645,-0.06181775870180081
E02005564,0.028391114033985938,-0.13700225372975344,0.035086729514464975
E02005565,0.04158436700075188,0.041124481879048574,0.016856202812535637
E02005566,0.0028852268822462442,-0.044178819423014694,-0.024101759505308882
E02005567,0.011490736751261854,-0.027686853157672137,-0.02591255835751828
E02005568,0.0387982560671062,-0.0034832556486480994,0.008137432593960707
E02005569,0.04679404369839484,0.020667771272615834,0.031030712317359103
E02005570,0.024816815477027753,0.03527360384524859,0.012350455869117415
E02005571,0.05272690323932722,0.010803954025493027,-0.015213240858817497
E02005572,-0.04891108320161044,0.026174091639137247,-0.05924686200544971
E02005573,-0.035892397520801554,-0.0988339697901015,-0.11438312682727388
E02005574,0.04237395889701156,-0.04397808220008043,0.00033303714144565147
E02005575,0.04431875641128141,-0.07313529514258825,-0.027730607107544127
E02005576,0.06010989842762991,0.0018032528003792117,0.042940824691077316
E02005577,0.06393377568021069,-0.06743835194362346,-0.03491723616050171
E02005578,0.10423549167668249,0.0402052885875241,0.008471276021398999
E02005579,0.010577876438112506,-0.003511987364911236,-0.009414972812126665
E02005580,0.014611485712390326,-0.021892298646816695,0.03507881531101803
E02005581,0.01840052931092592,-0.021424977562941334,-0.07468361238516001
E02005582,0.07265935196189156,0.004915713108447672,-0.0029659279205906854
E02005583,0.11546711579114517,0.04769173665823081,0.028887484609751105
E02005584,-0.020037168786994478,-0.029818376380400958,0.0016206765317247425
E02005585,-0.032059757524866346,0.05088620196245128,0.01230248910942521
E02005586,0.009912874344815888,0.010475708570086163,0.023894738709389296
E02005587,-0.04434140376258726,-0.01156855071466321,-0.02033410391635989
E02005588,0.010517273612642073,0.014749276446009367,0.023409570124128018
E02005589,0.007321244663169608,-0.0896808922058151,0.012748648347581593
E02005590,0.015834429464281107,0.040692057883281396,0.05004211388219582
E02005592,-0.004565793011429148,0.0020417775214797945,0.018129926515110577
E02005593,-0.04953749551275209,-0.03284486204586332,-0.03987952013652256
E02005594,-0.023888152681094236,-0.03538476591569119,-0.010184449502821123
E02005595,-0.005839107642506145,-0.0029935192120812857,-0.026276582818401603
E02005596,0.03670653943938067,0.029826826799452703,0.05172828471592049
E02005597,0.010694376312553808,0.03965631229945395,0.014078528052624556
E02005598,0.003193215033096534,0.03257297493838962,0.0018536920663974486
E02005599,0.015454986281971058,0.038415876793920216,0.03954229098358123
E02005600,0.05193021442580509,0.00769302131600528,0.0023485456272731666
E02005601,0.030867730740555446,0.03138323158132191,0.041120337052936565
E02005602,0.019421715869726186,0.004018373191356825,-0.04381317625731004
E02005603,-0.02735693483115031,-0.03545738389583607,-0.020552545233481892
E02005604,0.05139049287279918,-0.01748637051253084,0.028602588021465074
E02005605,0.029989600604024867,0.00248677048345979,0.023252158576995145
E02005606,0.027651823178330526,0.027904291164348796,-0.08916332183936293
E02005607,0.02455176875920941,0.005873636976767289,-0.030247060045970654
E02005608,0.047041726028005215,0.03376540428075729,0.003504330111603019
E02005609,0.011455368430387724,0.008092680935123718,0.005004293034274182
E02005610,0.0425702862864427,0.06365124853447103,0.0026508534499639245
E02005611,0.034566578747117896,0.03598491954918154,0.031116544778984172
E02005612,0.05070318301895044,-0.0836246147348215,-0.03612126811384689
E02005613,0.0013985884971878413,0.06491383699731948,-0.05163857684965298
E02005614,0.07621510030995773,0.013767519216907092,0.030404863005824043
E02005615,-0.002639096039914774,-0.007951566417148247,0.004602283451152005
E02005616,0.03526693356522786,-0.0035195341217351766,-0.04122721564461886
E02005617,0.05413438460438887,-0.036490762060692926,0.02962509714392951
E02005619,0.0007259689826618103,-0.00867609788362702,-0.060111972092104525
E02005620,0.024687343687912613,-0.04687797307156507,0.009113927894090285
E02005621,0.00461200346499656,0.005795115664724806,-0.023968571590200008
E02005622,-0.020265795384266875,-0.08880507181515045,-0.0619003258122196
E02005623,-0.026353213942044658,-0.06230051910483966,-0.0327430527841079
E02005624,-0.009847812462500303,-0.030069272976116036,-0.032467880954384375
E02005625,-0.02154708748064362,0.03989787326728756,-0.004312427160945061
E02005626,0.012074378865113651,0.052685734826009516,0.24055131170769894
E02005627,0.03241389701115968,-0.015417225874352724,0.047280874117621496
E02005628,-0.03300935287560073,-0.03130190859488666,-0.02100641999555306
E02005629,0.09290768215300768,-0.09679119161155808,0.05911719485192971
E02005630,0.008572720138215171,0.03844924759645868,-0.047517445879312885
E02005631,-0.0007299266924922136,-0.04615185465225944,-0.03463557082399496
E02005632,0.013570721245458873,0.03268007551356984,-0.04013515566508216
E02005633,-0.019970906277273295,-0.047383980673485135,-0.01160654648748386
E02005634,0.023906000221755333,0.00012135944842046764,0.055718653541408564
E02005635,-0.023696332632445284,0.02135925287507717,-0.0281091234307406
E02005636,0.0334424835058972,-0.0425807046343161,0.046215469628779954
E02005637,-0.00630159923509633,0.008827810246436018,0.04173531174360134
E02005638,0.023430620506173675,0.00540348003930335,0.028012261287386857
E02005639,0.0574827211673328,0.11273341092698533,-0.04619805254218813
E02005640,0.07587095790675798,-0.022865168405426954,0.023675809853637052
E02005641,-0.0416667860978266,0.03215274956837065,-0.06912502829291196
E02005642,0.10015167991903111,-0.01969160977722039,0.03961456085353585
E02005643,-0.04626259413612491,-0.004118956232741458,-0.06375096377720327
E02005644,0.00806355952329297,-0.026656677032364646,0.005273652473804421
E02005645,0.06823373164092374,-0.018319657875870924,0.028441571973720325
E02005646,0.02573420576125079,-0.0925190420157234,-0.01996620758232062
E02005647,0.10427105939545805,-0.042028145662296124,0.04287293159988478
E02005648,0.01023161959877019,-0.014950303595178028,-0.006285797968521698
E02005649,0.03345676119149946,0.006170282773667204,0.019912981237106935
E02005650,0.017609968461892767,0.05553860928018169,-0.057221085174614966
E02005651,0.056324505755569736,-0.05349222403326004,0.06373338486323314
E02005652,-0.008505808841390156,-0.0949259961857411,-0.050668168061784175
E02005653,0.06369719655386925,0.036336778316322184,0.07255637577031063
E02005654,0.0009526490801117356,0.10459904997170259,0.03998719395400875
E02005655,-0.007566473530271566,0.100781595813102,-0.009249085384528061
E02005656,-0.016306274250575237,0.053350961101415045,-0.12333720181765058
E02005657,0.047030590629476746,0.029892461835401875,0.024244304138153205
E02005658,0.002546095540616988,0.03027928624771166,0.019999703080192163
E02005659,0.0036075554868243323,0.011820737007027059,0.02746042918698351
E02005660,0.12881017139156456,0.14236168956274892,0.15121601768621037
E02005661,-0.04309984064530588,-0.053275719420755076,-0.03016930279902319
E02005662,-0.005288717507946405,-0.012467651062108398,0.03482591240666975
E02005663,-0.037728033532590376,-0.024345710629506086,0.02687541786900378
E02005664,-0.006733629011180017,0.034913478894929455,1.0215605127310082e-05
E02005665,-0.02282456992521969,0.018122371549523078,-0.01758121680326763
E02005666,-0.03776558866193432,-0.010578286605114194,0.029324725169657256
E02005667,0.09049057897556922,0.10044899754170919,0.0632334126696893
E02005668,-0.05953854176809096,-0.042828043081511225,-0.08434164098898758
E02005669,-0.009329533117607905,-0.058535638594834724,-0.047099125510049036
E02005670,-0.044611348153175134,0.01615492635631116,0.028705153148002045
E02005671,-0.011997325555627337,-0.04191976367438843,0.017212275512136502
E02005672,-0.0016512504316506965,0.07420324267003214,0.01925095759226638
E02005673,0.01798297093235361,0.002813657685598484,0.034236236266796366
E02005674,0.0001691093934989528,0.04956072436750399,-0.019141562661630005
E02005675,0.08653320490966676,-0.015435844965712778,-0.023785036236989878
E02005676,0.018118772705076128,-0.1232510900986007,0.038564047762207995
E02005677,-0.10546844861852453,-0.11500794884360417,-0.02998012839974613
E02005678,0.030640391413616953,-0.04624688382542959,0.042450101121920186
E02005679,-0.007817857257179898,0.016408158107598384,0.03145845016815478
E02005680,-0.02071930306377366,0.011411487281346763,0.028967318161936817
E02005681,0.0465434135865195,0.03630844913182954,0.0630491394917763
E02005682,-0.03992555384663241,0.0006888254245848871,-0.08794966340434035
E02005683,-0.03926547083634505,0.02527966701366438,-0.015765529488551866
E02005684,0.03527593304172609,0.056279411479919626,0.052153336018611836
E02005685,0.029119790498799373,-0.06185703748640359,0.027019225167516116
E02005686,-0.048028652953589684,0.0007621998823773835,-0.08232326736060878
E02005687,0.03510720527628826,-0.000431238124756384,-0.011676370387245361
E02005688,0.00030663018134986607,0.06475139032565078,0.00978229330907676
E02005689,-0.011513472710493224,-0.02211874586106275,0.00951323693738279
E02005690,-0.0774183734439675,7.175146414935507e-05,-0.07237162190022348
E02005691,-0.01567404436105294,0.026631490291100065,-0.01788839932348845
E02005692,-0.008331551235978394,0.04013463134246508,0.034271209018612095
E02005693,0.031077642783438678,-0.0815087976262345,-0.03263748747660926
E02005694,0.07832285137483286,-0.015599904383677329,0.08392367803350642
E02005695,-0.004282620304821784,-0.02924943107946768,-0.05486312960202142
E02005696,-0.07814496937696254,-0.02156297844185143,-0.020951537436713113
E02005697,0.00827949831897766,-0.07288497343206428,0.026884427866778086
E02005698,0.10687925736899405,-0.058365290861632654,0.025828133008627557
E02005699,0.030608332220078905,-0.07045755964260508,0.043163845944594825
E02005700,0.022218060939825732,-0.10433550876907724,0.04173294307725041
E02005701,0.0597465756926195,-0.02929580402002831,0.03894585368652528
E02005702,-0.014506935706682746,-0.11134081498305222,-0.10782080078616307
E02005703,0.06849495069497254,-0.01852921796994808,0.10788227879646808
E02005704,-0.03317394530168397,0.008592608567251392,-0.048400139879910736
E02005705,0.10403771230577688,0.029002241872299314,-0.042001572293134046
E02005706,0.04604972640674204,0.013211755130736734,-0.07960762113316962
E02005707,0.0836074617801065,-0.035635717732749206,-0.06443631532523572
E02005708,0.0903390303691193,0.035558453169722164,-0.029021132302459618
E02005709,0.04292303370180824,0.1158358136097989,-0.07727518926544526
E02005710,-0.0785973346305009,0.04215933188379359,0.053594322662931626
E02005711,0.16537000212374617,0.08002435335022076,0.10411270385304883
E02005712,-0.02713460723788407,-0.003200926275673323,0.07259171010670105
E02005713,0.043725891633304266,-0.01728405449615833,-0.06749403998251952
E02005714,0.05744246657934317,0.026842257311084063,-0.021128582586131966
E02005715,0.14337410059756348,-0.030369024718637623,0.11786152953819279
E02005716,0.022497024597273353,-0.0463361454308435,-0.01733198719192234
E02005717,0.04453888135508756,-0.068843024495053,0.03123644666229349
E02005718,0.09233786907985994,-0.2043770080111808,0.0969044613682871
E02005719,-0.09189998411865555,0.04076180242575863,-0.15894632193597638
E02005720,-0.023345583285816426,-0.02062963628784722,-0.10870544029338425
E02005721,-0.010448287738550562,-0.17576223868262394,-0.03161917247651413
E02005722,0.024675899359994098,-0.07198526683217217,0.035357614867318914
E02005723,-0.0630166722157589,-0.22262418421631677,-0.05616170883849313
E02005724,-0.04398356269782044,0.005309048546164431,-0.02716521803146442
E02005725,0.0007927046420502327,0.0028927673245495995,-0.08128675285003598
E02005726,0.05383459979382746,-0.02768450922666183,-0.03297167761365389
E02005727,-0.06379242839852985,-0.13126842201843875,-0.09107304055903552
E02005728,0.18479960285792738,-0.009201362670217825,0.1999755538179314
E02005729,0.018999935832004797,-0.12400294756452235,-0.008305240202735022
E02005730,0.02351643843125586,-0.009737142491958829,-0.05550268596392269
E02005731,-0.0569063109970088,0.02042997761468454,-0.15494669617209966
E02005732,0.06823702644604827,0.03738479721027696,0.06786702143790034
E02005733,0.11246659059674752,0.022074493968851083,0.018136504380647595
E02005734,0.16545853121022702,-0.02363107738621876,-0.02054483113894486
E02005735,-0.021307422319351184,-0.1260642775202685,-0.13085655420647926
E02005736,-0.01640867702463617,0.15077765189413983,-0.035341394452798866
E02005737,0.014231206770786214,-0.2864188332347211,0.192132754052257
E02005738,0.12771138973688057,-0.32182771867091897,0.2750579566317516
E02005739,0.02894656185304558,0.09592002564578464,-0.11156636510645407
E02005740,-0.03024602133087192,-0.09210193268382236,-0.020616814783567937
E02005741,0.04366581399628467,-0.10856603989304968,-0.05670549038315412
E02005742,0.08185004510878409,-0.06378584248400883,-0.0345236748837623
E02005743,0.005196617941827506,-0.05845315019758499,-0.057465971468710596
E02005744,0.1302874851531529,-5.947236741070359e-05,-0.00962086319720755
E02005745,0.08711024831902081,0.02840320304590063,-0.05347161330610915
E02005746,0.08167928250548571,0.04508541766954263,0.04840954932579706
E02005747,0.02625372023278553,-0.03858467445211366,-0.003993874093840186
E02005748,0.01721262787782716,-0.07830266003985006,-0.10709918541960142
E02005749,-0.02004919826263938,-0.0691247411233209,-0.08369765610857646
E02005750,0.03941882031642193,-0.03774789834301226,-0.002899419870880006
E02005751,0.1131313594235732,-0.03809118538093969,-0.0170335085060361
E02005752,0.003965468064087182,0.011005203509570488,-0.01520826028449793
E02005753,0.03293535064718257,0.03938459868110218,0.05236671951357302
E02005754,0.051091974778454424,-0.02194189950674863,0.04040562516420266
E02005755,0.11806998003468325,0.04165820905966806,0.01752195366482883
E02005756,0.04240415797641566,0.05562208860118648,0.009414793960695044
E02005757,0.031143804076995508,0.10236915187769083,-0.014953382091454534
E02005758,0.07944364486768542,-0.06430978552805187,0.010217631689648407
E02005759,-0.005068388716483606,0.06483728521265575,-0.054324465056945916
E02005760,0.027117419456321293,-0.007757153931273276,0.016626485271559095
E02005761,0.07832395279203011,-0.09795548647602999,0.024023353265751366
E02005762,0.02448658971293979,0.00536440407258252,-0.03231144684494082
E02005763,0.014856472545130173,-0.019129306185237022,-0.14787497962042567
E02005764,-0.03348166802105451,0.0014153369757504697,-0.07055579127785942
E02005765,0.03579344648839111,-0.02598886839508419,-0.05821689410348334
E02005766,0.16451013713877846,-0.020753917138417757,0.030153754381692554
E02005767,-0.07594339210128975,0.03285591090795646,-0.14685373443411565
E02005768,-0.005340504069818637,0.01738741746937636,-0.009554326891607928
E02005769,0.008823319913215596,0.005321152647978014,-0.03277968715401051
E02005770,-0.005295816601761517,-0.0013748214980149112,-0.00785236968146267
E02005771,0.04134567050360462,-0.07919889038523883,0.020852687127307753
E02005772,0.037545023825165405,0.06895123458049947,-0.00338130039545995
E02005773,-0.01717468562461185,0.011879172970904319,0.012471470488569848
E02005774,0.026201914280870695,0.005270117043914846,0.005984703837834769
E02005775,-0.031080657757793066,-0.008586015432487144,0.006980441596699271
E02005776,0.03884469535681368,0.03942015782184815,-0.03919121579926002
E02005777,0.024961635499851247,0.046510481927208296,-0.023395684542354914
E02005778,0.08547645806193892,-0.034007884640261846,-0.0012300742062356135
E02005779,0.02353247129057158,0.04161587560562687,0.06760847023674252
E02005780,0.020098869238266495,-0.03616982541515247,0.03815978712388847
E02005781,0.07491775496825033,0.0058846208526436945,0.007956223584658424
E02005782,0.0963665283776278,-0.002469708392757972,-0.08880505668290883
E02005783,0.05016398310604931,-0.013619652275181532,-0.02345065730604814
E02005784,0.08415335027178074,0.03904757527809397,0.004727438000161603
E02005785,0.0405443278123034,-0.014896960853448351,-0.0017709795007099785
E02005786,0.08474081616553793,-0.07050454201202362,0.026155701784241148
E02005787,0.13082202803655116,0.05415475460621157,-0.021609689293477636
E02005788,0.06305486139154458,-0.09167270866686442,-0.1114232319760389
E02005789,0.042955929525377495,0.06481210880806484,-0.0567022552425324
E02005790,0.04160263686406401,0.06627985583429288,-0.048656843276128015
E02005791,0.07907815463206774,-0.09723273510202049,-0.06645870478509924
E02005794,0.0774225081407493,0.07017899635697115,-0.03970348763103832
E02005795,0.09651503686983486,0.11563631519849689,-0.06253316771868904
E02005796,0.010361551566328044,0.12174122614984921,-0.07858337153718799
E02005797,0.03726790929017223,0.007961515240396276,-0.15657652411092324
E02005798,0.0767649240721391,0.025661402333556002,-0.063530166479759
E02005799,0.10315626733928458,0.013200706255583524,-0.056831017141283455
E02005800,0.21145950611238518,-0.002437274436114588,-0.007357528348102495
E02005801,0.09599001014209235,-0.01944243778006663,0.044125823784806284
E02005802,0.03777216097939861,-0.04412458790056207,-0.1646985929213742
E02005803,0.1062983226289251,-0.005961151543950478,0.038808369750147675
E02005804,0.09404508610597231,-0.02804700010732224,-0.0545023090621745
E02005805,0.0688416715170307,-0.0373315693176183,-0.020240711055450618
E02005806,0.15811918361220142,-0.06537578206712498,0.024945620425608432
E02005807,0.05352484021652502,0.04824485883774127,-0.03881063329533008
E02005808,0.08786089820365306,-0.0994876521329371,0.032769119226819084
E02005809,0.005780995254235678,0.04763411667496369,-0.10251240453745221
E02005810,0.08902630602071117,0.016557839404388118,-0.04167272375765449
E02005811,0.05367713893629913,0.0619784969345361,-0.009362636331921421
E02005812,0.006682087601050425,0.025173175790257216,0.00703221401173842
E02005813,0.0407121764092094,0.008391804139893145,0.016976258258520616
E02005814,0.02726548894858273,-0.0047403718744391445,-0.06330807273302133
E02005815,0.0408474349168872,-0.00651197682147954,-0.02196833472497222
E02005816,0.041544483562858156,0.06187911984524848,-0.058697629811144694
E02005817,0.08229553963928883,0.028305730310420666,0.050478563053115974
E02005818,0.09516847742757106,-0.040395317636987865,0.007436647417420626
E02005819,-0.09453997107418906,0.2361631086951595,0.017842441403879594
E02005820,0.04271452607638335,-0.03393532590046829,0.1268335216616619
E02005821,-0.11795753922511948,-0.05551134163850942,-0.18671549669702125
E02005822,-0.07402947945177478,-0.008262773533874205,0.009812836046201638
E02005823,0.05478483164994086,-0.022507247175446454,-0.02020637184773744
E02005824,-0.020885827039907573,-0.0400423721809931,-0.005140776805004161
E02005825,-0.06658216366363762,0.05892916318421432,-0.10316029338736078
E02005826,0.03238024836286444,0.12970638646129398,-0.10435961364825731
E02005827,0.024250207854604397,-0.03167299539549338,-0.020508833095188007
E02005828,-0.04253508087550054,-0.14696148235321801,0.030388340358319145
E02005829,0.055674515041987796,0.04450782058648527,0.010999078489230202
E02005830,-0.030765520444629758,0.12758754974154465,-0.0782507651211791
E02005831,0.05983214570345196,0.012791728843658808,-0.0023362372677605127
E02005832,0.027612457329241353,-0.10497339063020754,0.017831860274229804
E02005833,0.09738504347254552,0.003915988134620842,-0.014788104371733973
E02005834,0.003415205651345155,-0.008976352554428801,-0.10355352907098674
E02005835,0.1355894036675434,0.024587141483450543,-0.0448474064775586
E02005836,0.07844717560387386,0.013431326224823566,0.03431540213990164
E02005837,0.017239940668326195,-0.0362293521259758,-0.04826700170187509
E02005838,-0.0937783854661026,0.06969474999846827,-0.11567330392278387
E02005839,0.028485779590445348,-0.021459171532255836,-0.0841976234020761
E02005840,0.04079396030482643,-0.016819366694662597,-0.030042349225074195
E02005842,-0.05340380653632309,-0.027041917773910695,-0.11333450962536074
E02005843,-0.0216420843988478,-0.05476805035715825,-0.0813224456563783
E02005844,-0.01632979016175419,-0.05260790325818102,-0.05018918452055284
E02005846,0.07699602438688193,-0.0026027627664302914,0.011756478520376347
E02005847,-0.04134569456478129,-0.13697741854554857,-0.01851905113538171
E02005848,0.018282804015165376,-0.010242336641369707,0.05717313633168764
E02005849,-0.04663897921447535,0.08377907289290829,-0.08156702542231059
E02005850,0.07459136972216336,0.06134119167775166,-0.017340322685589594
E02005851,0.05207195179336255,-0.02274455429069118,0.05938709326366707
E02005852,-0.029845959560236605,0.022186741845626343,-0.07257369811408004
E02005853,0.022332395006326992,-0.065039419397097,-0.011498078847950602
E02005856,0.017716866402473882,-0.01665920298593542,-0.03357999358805048
E02005857,0.015190920371557646,-0.057505117040303484,-0.052364177685700924
E02005858,0.05731683019816599,0.0057757065545386505,-0.05366753982828159
E02005859,0.07135586558957349,-0.04410971243033109,0.05799040494409409
E02005860,0.007459964196090946,-0.1250184227282839,-0.048552149034134344
E02005861,0.08997580346926243,-0.07581486575154792,0.04077196346952824
E02005862,0.08338513046416877,0.061288749681799655,0.07915154269273955
E02005863,0.09539820701192825,-0.024885996564864933,0.0523049815855979
E02005864,0.010163171195756552,-0.025431529986118383,-0.059398147576807836
E02005865,0.01670620148264196,0.01243335149274097,-0.06934264282084107
E02005866,0.07146242110099779,-0.022029493336525645,0.04699966471478525
E02005868,0.06314868373347873,-2.2570335021849275e-05,0.009819691080808863
E02005869,0.0037288021601221263,0.0214202832057203,0.020313427155476786
E02005870,0.026015638421603364,0.029221877924851907,-0.009894443954509226
E02005871,0.019521083798694317,0.006267200003394439,-0.018166483571092466
E02005872,0.03342164567905834,-0.008027128918237307,-0.026553887139739548
E02005873,0.06453850855624924,-0.009777708693064371,0.00317543370950126
E02005874,0.03841068413725644,-0.007104355721994394,-0.004172397413808386
E02005875,0.04894650464441674,0.008326365793839231,-0.0851229820968562
E02005876,0.13904286496370274,-0.0018273655108108583,0.09563788906472351
E02005877,0.06982195221786602,-0.01871861869539687,0.01952550089759257
E02005878,0.012044339116452314,0.06045167035623561,-0.06530571067439368
E02005879,-0.17890114598772658,-0.025564795287035227,-0.20659550495256573
E02005880,0.10415152633863146,0.04546142530893184,-0.016860863840812104
E02005881,-0.02175990166744518,0.00841006335182741,-0.07229007601529845
E02005882,0.05215478259906225,0.017214587922161965,-0.0018952651832794612
E02005883,0.002328217252404009,-0.0032988211201140662,-0.008065376426904905
E02005884,0.00976147383650347,-0.07681286246032525,-0.014533074788385029
E02005885,-0.008273808235126436,0.15889364222411453,-0.0955491629449124
E02005886,0.09900253965462617,-0.02598016342076351,0.09657075287030942
E02005887,0.04867820022308746,0.14002269716956564,0.025490138767481522
E02005888,-0.0004782238666417458,-0.17820663850546847,0.06561989999007914
E02005889,0.0450388243296827,-0.030410246731913008,-0.00973468300396554
E02005890,0.0854912063463059,0.07966953490273694,0.013616361446133313
E02005891,-0.03847905329526709,-0.1744410145678439,0.1529549511614046
E02005892,0.06126534322835976,0.012851566684880893,-0.041112407773389495
E02005893,0.1689657331157599,-0.01934333659287525,0.021930692170086096
E02005894,0.0684430992604743,0.04916589101801465,-0.04694085089332638
E02005895,0.04273083862106199,-0.028314518480998984,0.002175835884150211
E02005896,0.05984819252428944,-0.06779422027352107,-0.011248524979445805
E02005897,0.07444803734096563,0.0029520245902954706,-0.13186938229694886
E02005898,-0.01206215459060699,0.05316149550743339,-0.09389845548006857
E02005899,0.03600456460220141,0.01764435333850335,0.007817885491131165
E02005900,0.01135235398177481,-0.0210099389918217,-0.024665053177374937
E02005901,0.021450799859447672,0.0020208754723784307,-0.01590338047850691
E02005902,0.1256210164839099,-0.007776175286076595,0.02258042944535633
E02005903,0.031146412659368655,-0.06568937144278784,0.024523644517816752
E02005904,0.06638045896508671,-0.0015513319089096465,0.04384895129170289
E02005905,0.0990622824737633,0.012091485929328228,-0.0010282765681160304
E02005906,0.006198860766402115,-0.10545568580030927,-0.038329621415500545
E02005907,-0.018890634070822716,-0.012479085018118168,-0.06057379477930207
E02005908,0.02126739165760129,-0.011491814936280724,-0.06064121894413044
E02005909,-0.011781009970067329,-0.021383157046347252,-0.04320325148577985
E02005910,0.013432993954129323,-0.01647101702380367,0.023350676534445756
E02005911,0.029107715022897673,-0.08728332242641695,0.0132804710100651
E02005912,0.03138362960366036,-0.029285016501396897,0.05207453285100347
E02005913,-0.04400021659628585,-0.024068756694045144,-0.03899059859733653
E02005914,-0.08114711401613675,0.03953334324550519,-0.08625222069051176
E02005915,0.07231139176974498,-0.023182896300835424,-0.004766838566795324
E02005916,0.020619401552767615,0.017579817765459464,0.011173697159613348
E02005917,0.014877820006623094,0.03359622141779477,-0.05956304894648248
E02005918,0.035029357159021585,0.056697656365644916,0.00797204649649214
E02005919,0.020704648429052203,-0.01510142327408775,0.07313792688206232
E02005920,-0.007070814664778719,-0.017899365558220234,-0.044143631517129606
E02005921,0.09048648172382982,0.08965153930030036,-0.03959146834850539
E02005922,-0.04901949260911901,0.0522927416016021,-0.005981537639297006
E02005923,-0.14662801997215305,-0.06544820257720685,-0.008151230018397982
E02005924,-0.042014706784545275,-0.019918131745241464,0.04248061820046961
E02005925,-0.0037099227391437796,-0.030038025846231303,0.11039557246595134
E02005926,-0.03440170918691824,0.01874854046588495,0.010914322230253773
E02005927,-0.06186456495025373,0.019624602587188577,-0.08948653298046032
E02005928,-0.04554199987694551,0.007852319933708305,-0.024552523569179224
E02005929,-0.01849506230225759,-0.0531852380738533,0.030492604254784544
E02005930,0.028653324143683667,-0.038329143352367694,0.041668831350464064
E02005931,-0.02674182271307017,0.004641795236995257,0.061813558170716223
E02005932,0.00921727071560766,0.06654361945913734,0.059245488690276675
E02005933,-0.014424256245009736,0.08607573827026509,0.07137135342299818
E02005934,3.699074655993348e-05,0.03019655207257748,0.0782962307180407
E02005935,-0.06106063549990095,-0.0783727241120035,0.057320728470270234
E02005936,-0.01945145971634361,-0.022235817537960945,-0.00029685889241636064
E02005937,-0.040997892664843855,0.046606293415650105,0.06364626989735905
E02005938,-0.09724364076701263,0.04014741679198958,0.05450934890303978
E02005939,-0.04710960458952986,0.024476742329519404,0.0322222658411796
E02005940,-0.10609719281677076,-0.0738095736868088,0.01180830325783763
E02005941,-0.0821584906380153,0.015636747090010727,0.07132487689027858
E02005942,0.0051411851937135985,-0.01216825570494721,0.0782617385723555
E02005943,-0.041742413165176954,0.03878016690680065,0.06668763741860374
E02005944,0.003753988040800463,0.1696681101546774,0.0804044127444954
E02005945,-0.06170149034170646,0.012292424455163948,0.015012159454983303
E02005946,-0.05154697888490439,0.0737007970052131,0.00794311932267878
E02005947,-0.1404069393674348,0.028941044047523515,0.006827205473291805
E02005948,0.07369329968658521,0.005363425011435819,0.13637651150242525
E02005949,-0.10497629222992119,-0.041808789626861756,0.029072119083528858
E02005950,-0.06420452136942882,-0.03722958068704521,0.019978064248167615
E02005951,-0.03977309507056424,0.09007468749576031,-0.03718875756548635
E02005952,-0.051957301758271394,0.09634704999886906,0.03866093224741884
E02005953,-0.04779683072379629,-0.06952081786543726,-0.029735328999184227
E02005954,-0.005019080354484044,-0.027008031660975793,0.09361124090508459
E02005955,-0.07779346764424185,0.04717181876916507,-0.005719660393116123
E02005956,-0.11798961281373384,-0.07386649179287674,0.06557015041973904
E02005957,-0.024461381235988643,0.12730488415522573,0.13085841297246206
E02005958,0.023989081607751237,0.01791590582366167,0.11753244766890739
E02005959,0.011021336401153289,0.021260199193652612,-0.060528665890682044
E02005960,-0.08052037868318654,-0.05101779532675982,-0.02236599495996743
E02005961,-0.003701380631993207,-0.026304311369614374,-0.01083476074713444
E02005962,-0.05861121030416471,-0.002572419278329319,-0.022405952710135214
E02005963,0.015462524557328649,0.05835357826991415,0.03582401091632993
E02005964,-0.01432232962252403,0.02591153611608039,0.02100734217688923
E02005965,-0.08337354750038947,-0.04939684465743181,0.00354514116238025
E02005966,-0.04177375069676419,0.002672138817738662,0.054047895238640196
E02005967,-0.07187640161421281,0.022879374254400384,0.027434585687450743
E02005968,-0.05108090242118222,-0.15088230630298,0.01831711126160063
E02005969,-0.015036830910285558,-0.0602170373406453,0.012141482696159783
E02005970,-0.07788315407977003,0.0842819872591233,-0.009434239753988162
E02005971,-0.019442575522504668,-0.04508198427812735,0.04843453768572094
E02005972,-0.003995433382684849,0.026810977318389162,0.02360385520194437
E02005973,-0.01775136557249552,0.019349265623501533,0.04059959854070419
E02005974,-0.03622096518116309,-0.028765704335191232,0.03492940410460645
E02005975,0.039555892091505035,-0.025748911211621543,0.008318451765959372
E02005976,0.07012567779984352,0.01698490967441292,-0.06035614737922333
E02005977,-0.0630795913564351,0.047285619164847595,0.04208184771157063
E02005978,0.008481155600762966,-0.08421223912145262,-0.00017470986035210778
E02005979,-0.05555386317219149,0.03572966082340186,0.031738473957031464
E02005980,0.005601785267433493,0.024884963381593357,-0.04383601867671682
E02005981,-0.008548713497485576,0.028248887287134938,0.03576629446162104
E02005982,-0.0377519492834322,0.04045586762258742,-0.0005612776839777864
E02005983,-0.06221968303034952,0.02090912569153695,-0.01561212031833086
E02005984,-0.015405884161435261,0.015436269454522847,-0.002903960978704728
E02005985,-0.0800264517380353,0.08483571546245136,0.01955188078972503
E02005986,-0.030280304903669935,0.009569749288673097,-0.04643916444509852
E02005987,-0.025470485132502073,-0.024530420648917195,-0.006537638438170033
E02005988,-0.08486094585442609,0.0030190950102051196,-0.029426296569414694
E02005991,-0.05765092753657817,-0.013856053758845598,-0.021865631691192038
E02005992,-0.011092063199662659,-0.0291837631118173,-0.06493215891714581
E02005993,0.14049090151682014,-0.023156383922589802,0.08461313759013156
E02005994,-0.050755531860504084,-0.1296380122271446,-0.09053183010875371
E02005995,0.14533166929594318,0.04930249481328851,-0.0016851591845189803
E02005996,0.0119406473717651,-0.0011413844800716411,0.017852470352345738
E02005997,-0.11072658214584799,0.01839969113136665,-0.0058745504751581325
E02005998,-0.05612873198754907,-0.019491911058090044,-0.04294217976101389
E02005999,-0.01129719777663664,-0.03801817246325705,-0.028995231778676297
E02006000,-0.056513194381159516,0.022094177844438446,-0.009694108612879346
E02006001,0.04624589268193964,0.007260978774378296,0.06944342352603966
E02006002,-0.012394430856366635,0.03777955070790453,0.02324628333212774
E02006003,-0.053580512615099704,-0.0420462328131781,-0.09121707396343066
E02006004,0.06381485102430039,-0.11706586184478639,0.03697704398141993
E02006005,-0.028219927738042442,-0.052451601508463216,0.029258769462501395
E02006006,0.006509884718360926,0.04786939477077567,0.05921172448546855
E02006007,-0.03317251942421276,-0.03379171456125868,0.002832710276752992
E02006008,0.0361493178408309,0.036481356705031144,-0.05008342077888974
E02006009,0.03377253392712886,0.012925997614641313,-0.09265728964155699
E02006010,0.11309231875088233,-0.06143839122935452,-0.08341425528266361
E02006011,0.10752820995028035,0.027325289173527917,0.05986713575015581
E02006012,0.08854724077636911,-0.02096255520920252,-0.06920216772999163
E02006013,0.0677819433010803,0.06878679057206018,-0.01101991200464534
E02006014,0.13793582131797075,-0.010341070111647548,-0.013235935697797853
E02006015,0.07974642641459688,-0.07646385140704962,0.03316063616674872
E02006016,0.09868955465634717,0.017225540480976,-0.010628761043741712
E02006017,0.15602443413570857,-0.030239930876975716,0.05844904056656545
E02006018,0.042001640009903335,-0.06784084850129447,-0.03054913708589521
E02006019,0.019436834867568434,-0.044583008922537394,-0.038362723002238835
E02006020,0.04936816121263666,0.026932829480959233,-0.0057248131016500005
E02006021,0.08076152155176602,-0.052225048774311916,-0.023411659647535908
E02006022,0.09136030678233258,0.11107932786848086,0.022735748236384735
E02006023,0.09010275309602121,-0.010373397032226598,0.07478599033921268
E02006024,0.16026563332745758,0.04440308466674242,0.01798540974754405
E02006025,0.05120079392580281,0.003271722106942755,-0.0006911402097727326
E02006026,0.07117038642696766,-0.08246459097087215,-0.08901050364312321
E02006027,-0.025530905145182303,-0.05899170125488274,-0.04121510443722481
E02006028,0.03669831818950237,-0.021821603914936486,-0.041299520155590026
E02006029,0.026764390391357563,0.02372089081921445,-0.020172274900735913
E02006030,0.03125921910747912,0.05126663454632479,0.12595393000859526
E02006031,0.01477708348398887,-0.015121268567184196,-0.06456622240414947
E02006032,-0.003557536325578284,0.012845792408964312,-0.0715579613891698
E02006033,0.01541228462755788,0.04692243408446962,-0.019610199298518573
E02006034,0.03404605497090808,-0.017766339341560914,0.00045289281334068233
E02006035,0.07202380631714471,0.02961250789490481,-0.030147309331278304
E02006036,0.06183375032995281,-0.05582042618550369,0.05644087267060671
E02006037,-0.013280560648256242,0.08180739171892695,-0.07102439021279279
E02006038,-0.000528011398070709,0.04876710734530343,-0.09203502000289747
E02006039,0.03663526456152016,0.016123714261688585,-0.044847067180004384
E02006040,0.06874833110253577,-0.05464875076563155,-0.03429672030315296
E02006041,0.052403428850776944,-0.04259399606260329,-0.06919422692971043
E02006042,0.031071601035694774,0.06054523472885921,-0.004643837088031964
E02006043,0.0031578218203777092,-0.03641504718889901,-0.18684900494515688
E02006044,0.03178503338740164,-0.11926989070711774,-0.05300693552349113
E02006045,0.021848051766407056,-0.06411299330968158,0.01035979095967787
E02006046,0.162135103515547,0.1074010779480629,0.0047330510732834135
E02006047,0.050793333035753785,0.030405409827599237,0.06365233956538398
E02006048,0.06724734249125466,-0.027310593750382264,-0.056891774657695494
E02006049,0.006329248758649223,-0.001167461675243522,0.0295390008309158
E02006050,-0.02439017572846009,0.009060714568764974,0.036068128369317276
E02006051,-0.04308234937681066,-0.10287892674709684,-0.0892014471680214
E02006052,0.03128657530256652,-0.09687142301136593,0.000120989634758118
E02006053,-0.07562311429104013,0.007406922921687342,-0.05370700085956847
E02006054,0.02402674021330831,-0.054970521767946194,0.0003481922182734344
E02006055,0.05757431347070684,-0.06907158670753376,-0.004222236130614147
E02006056,0.004302341756411153,-0.13369982033291586,-0.03260801548866496
E02006057,0.05400033828656963,-0.09627753953105107,0.001833626707656969
E02006058,0.0559498470907414,0.012285728615132017,0.0288467800106128
E02006059,0.09785598714779963,0.07756150620627157,-0.02358381908560262
E02006060,0.0005520524024489818,-0.018607607502924384,-0.05545500863962755
E02006061,-0.01802204564955716,-0.10265033263501849,-0.03684218507642605
E02006062,0.0073366335410788505,-0.013915941897456053,-0.03645138695406036
E02006063,0.07146325122693961,0.02763198000031923,-0.04488065372548853
E02006064,0.09844140576009272,0.0019387126660724882,-0.009323969273551478
E02006065,0.10037686043398734,0.021133408957404533,0.09953372124849814
E02006066,0.05842929731723867,0.051396939002409305,-0.12062097936786942
E02006067,0.011135037067611292,-0.09658098950468065,-0.08483961961882348
E02006068,0.028347825793158813,0.035228772936482765,-0.04036109857326288
E02006069,0.022296393929592106,-0.017952599748705205,-0.037915318698780745
E02006070,0.02078088894297408,-0.02163526704298608,-0.0780112060948254
E02006071,0.07682506232781523,-0.032850967605768354,-0.06240061953181036
E02006072,0.02164940007033228,-0.013503572821922586,-0.009125055905168822
E02006073,-0.010665485697960773,-0.023461499997087083,-0.11933649433273745
E02006074,0.045814895084989454,-0.029638032030653516,-0.06040614462664431
E02006075,0.12517038844933154,0.01866155000768362,0.008835373828048094
E02006076,0.03532550686713393,0.0005087696525590149,-0.03496536423514031
E02006077,0.008359597617496637,-0.010473448418559662,-0.03905730689639594
E02006078,0.11011739217453506,0.05587778465136278,0.02182907721693304
E02006079,0.10557561765155479,0.01994405553256819,0.010205473526215808
E02006080,0.04626917388436748,0.044961457872419903,-0.07679607004525242
E02006081,0.05646593254572992,-0.06368537200955061,-0.0094576601028131
E02006082,0.05267482955162093,-0.08079760685250785,-0.07437399956015778
E02006083,0.10449157010316144,0.06189406124501267,0.026683466610013685
E02006084,0.04340296726626406,-0.04243899624263319,-0.02184156079200612
E02006085,0.01641587066123732,-0.02405264874377314,-0.0010152893185073333
E02006086,-0.01385279752065639,-0.020866839715504567,-0.0417376283369886
E02006087,0.031038928807350326,0.016791813289218516,-0.14592176718223446
E02006088,-0.0012700255727836663,-0.08391299883479361,-0.07188839623889512
E02006089,0.04247540370744124,0.060481594781724664,0.024307411602530964
E02006090,0.047254446686491425,0.015614768641036236,0.047886046971754664
E02006091,0.00016487506073443298,0.04286118372150064,-0.09960819914658077
E02006092,0.030910923591923063,-0.015039079272982848,-0.01801740663304468
E02006093,0.04090295656198286,-0.0400367364793117,-0.046529319695090325
E02006094,0.05369054536216667,0.03293951488598215,-0.05863401082448584
E02006095,0.04925504817646172,-0.07652650346803462,-0.046579361096296686
E02006096,0.11424921889545676,-0.057418289087277925,-0.02634597808539601
E02006097,0.02857462291066372,-0.03841152963908409,-0.09088931283559627
E02006098,0.14493258082072627,0.12209526902737669,-0.009235889174179881
E02006099,0.034782325931477794,-0.024270272755644327,-0.05345127606185633
E02006100,0.06524236935728216,0.08818052816264701,-0.05794351253651431
E02006101,0.0777375371088135,0.0004582823629246991,0.05580838141864775
E02006102,0.09262350211709233,-0.008430366669510568,-0.04107617722698138
E02006103,0.06541953322618134,0.04238794003806041,-0.10527809838299619
E02006104,0.06729313463115412,-0.029021347359617877,0.010757014034317789
E02006105,0.06452463472541886,-0.050138928934390294,-0.04722515575779002
E02006106,0.1111198194084494,0.005155446067492271,0.03364260533604399
E02006107,0.04456740371027015,-0.09624751765646447,-0.03292229122260169
E02006108,0.020433527174995927,-0.04488330204788986,-0.02546031747521548
E02006109,0.09185375794420049,0.026603444296068767,0.0014654887631867985
E02006110,0.03635504718740754,-0.034091952593308925,-0.05461440835106437
E02006111,0.04527903092495095,0.024392126796281395,-0.060761568683212815
E02006112,0.06702037445401272,-0.07085954043770473,0.005021719547174365
E02006113,0.10222433342677567,-0.057645171348141164,0.024773292871322666
E02006114,0.041381153349033396,-0.08140099746616844,-0.07109575024286319
E02006115,0.11350967252347642,0.09268902782039384,-0.12317797590463374
E02006116,0.06931376922992352,-0.016489820700481567,-0.07603472827319972
E02006117,0.08457309743860053,-0.036841970859179604,-0.1339591527029276
E02006118,0.09624337391721859,0.04749207797522,-0.02502547888951699
E02006119,0.023177678639363822,0.05883582024045638,-0.06374331725650469
E02006120,0.011860487288828466,0.014767470648633704,-0.015406190398847552
E02006121,0.12375428445113988,-0.05164502254078709,0.08098919808262012
E02006122,0.0930590618877651,-0.03250780471027419,0.084162380095583
E02006123,0.06514812493303941,0.09398717384555742,-0.02227371486846684
E02006124,0.06559973406613735,-0.009096259617436856,0.04059892155965541
E02006125,0.06598805563760887,0.1002554636235499,0.06762380316716936
E02006126,-0.008635336950915456,-0.017900032532866726,-0.05348449005646392
E02006127,0.056373732274086936,-0.020856764684694433,-0.006445495506721157
E02006128,0.026880537311930547,0.00383255887983204,-0.04000626720492275
E02006129,-0.02623201389408936,-0.021119763690336923,0.01934602482454283
E02006130,0.09144001567937851,-0.053739276032088536,0.03225021401762587
E02006131,0.07670413088199236,0.1141856668001514,-0.040979276661645775
E02006132,0.020314718213444098,-0.033648375187773,-0.007820528471738768
E02006133,0.04677072672497619,-0.0498256513286371,0.04328671266897072
E02006134,0.020784615253169925,0.03149824578242305,-0.021316056099144724
E02006135,-0.003938515035894054,0.04361984879287411,-0.0073419368167292895
E02006136,0.021381600703433763,-0.053549653068361035,-0.02326918888153131
E02006137,0.13482575254345702,-0.08147373500145674,-0.10313098235801854
E02006138,0.089616014689501,0.07118441849471546,0.2440427663170045
E02006139,-0.0721149409809688,-0.019752593339736512,-0.15862187186005988
E02006140,0.1850462305142536,-0.028472755321694156,0.12428424952126135
E02006141,0.04428486022598475,-0.016140543641569517,-0.05792079538978994
E02006142,0.02681156780016999,0.0035610432882806566,-0.003738344767068547
E02006143,0.07153777226056049,-0.06885363928366157,0.023158132476653725
E02006144,0.03941671754655266,0.0384941135789402,-0.04042166652717396
E02006145,0.006463425915677581,-0.08339673189066199,-0.015596995124839681
E02006146,0.03544799148848757,-0.04740639573265108,0.017497928986695773
E02006147,-0.00017590147338720965,-0.0071689912427333165,-0.024252507641641573
E02006148,0.0246997402102947,-0.06291193268629602,-0.02979176474206234
E02006149,-0.031874845530373126,-0.03447213193783974,-0.11364506656045098
E02006150,-0.00835998931425681,-0.004008921063934928,0.013223726188384506
E02006151,-0.04550454627897214,0.07716561563867184,-0.14029106009600825
E02006152,0.03164920473319855,0.03594551889049976,0.010617360286321032
E02006153,0.07037049832215915,-0.02022133010423074,0.029316757500734775
E02006154,0.0646275177039685,0.012042935116699554,-0.004571227232663398
E02006155,0.019691130112330982,0.019220309083581993,-0.08325561674606993
E02006156,0.03374779309334571,-0.039307366745525055,-0.07030394062991065
E02006157,-0.0011698039095563416,0.04530496025004211,-0.04182933235573386
E02006158,0.031286527487605444,-0.0707674536154308,0.07136460101400693
E02006159,0.13917578826200877,0.011704538063612963,0.1657439833286269
E02006160,0.11059941028628766,0.03063641294748442,0.03843676162550584
E02006161,0.06548242505276833,0.0017124996391625438,0.017364727989771088
E02006162,0.09550267835090266,-0.11756057852647246,0.05017397666846554
E02006163,0.06714539936897752,-0.02576542778421265,0.03646350477736864
E02006164,0.14787433988027707,-0.09065011721487665,-0.005572676438509521
E02006165,-0.010818955548865382,-0.10923141790011903,0.035395641000151606
E02006166,0.012539428666843405,-0.024733636998042024,0.02769416188250227
E02006167,-0.03110774488959454,0.016885967502845156,-0.06888204645371228
E02006168,0.0008710427742361453,-0.0480159742123454,-0.0267083764293058
E02006169,-0.04180725765449121,0.030916656548294005,-0.03398998685816065
E02006170,0.054424012672121644,0.01658532441774009,0.027681522648807112
E02006171,0.053684086313315456,-0.03517489789608333,-0.016249238978254425
E02006172,0.05479990776390616,0.02890701628623608,0.0207865582356877
E02006173,0.10507705486107269,0.00490908560108374,-0.06678199090331251
E02006174,0.03535025701704289,0.056154551378495156,-0.0747465636113699
E02006175,0.027499681001403424,-0.04309743091670846,-0.07517405218417782
E02006176,-0.02663162016048779,0.030959896677250718,-0.01468529582029674
E02006177,0.09317472176836959,0.05426608974137244,0.02022259253987142
E02006178,-0.06665502969879039,0.006892439022238269,-0.15118951051811452
E02006179,0.10851528534307693,-0.008423400995259676,0.020861311676017433
E02006180,0.08355259391473684,-0.0022728551841455146,-0.010369185426501882
E02006181,0.14225044540323437,-0.0017658948100448561,-0.03459373734438018
E02006182,0.039942927911446595,0.0033085081061222485,-0.021710297249372103
E02006183,0.05847300514831845,-0.06146233128303553,0.036159754205594474
E02006184,0.12374259613453509,0.05957939663306432,-0.03513511617214509
E02006185,0.0336001102811735,-0.01708554801196545,0.03501254941857877
E02006186,0.03278441570053607,-0.0029980716108044298,-0.06101743213196367
E02006187,0.0007525621313381488,-0.06782517097045622,-0.10712011464071204
E02006188,0.08680106936739099,0.02111193750834934,-0.014143401382750009
E02006189,0.12135914980799505,-0.06278573295210675,0.06261966324161021
E02006190,0.049978576277034344,-0.06859658239848565,0.029000780593767952
E02006191,0.030432313310718405,-0.0060742435501949625,-0.023998150480131333
E02006192,0.04429837332674467,0.03692359312545988,-0.0035345909213228706
E02006193,0.06584497516482256,0.008241362454929027,-0.039400631905103525
E02006194,0.04023294910165891,-0.02698720760641449,0.026461069094379588
E02006195,0.08997535033350679,-0.03848333047623141,0.02152760945136637
E02006196,0.012135034519241883,-0.046793975136796326,-0.07444137770925248
E02006197,0.04322641174460241,0.03595911378674618,0.019127227894520694
E02006198,0.09695535725867264,-0.05329585339582179,0.03607771812853875
E02006199,0.015495582643685604,0.0027254208395918393,-0.06428716247838112
E02006200,0.03142033731632358,0.003674227947835298,-0.026382907394354397
E02006201,0.038876879159767744,0.008663164656764567,0.0036505169725612884
E02006202,0.06190071646370139,-0.010507937886019673,0.02760875588383109
E02006203,-0.005875927053401733,-0.09962619965557291,0.06776592853793724
E02006204,0.036578000925860284,-0.1015932326964221,-0.04977337572923494
E02006205,0.08115729147412486,-0.0325983963132928,0.01143294448019653
E02006206,-0.09622894026731364,0.03181627625780441,-0.09899674712081312
E02006207,0.02295024714138056,-0.012656120443619889,-0.06292926029354975
E02006208,0.04733505570316512,0.11819836007376142,-0.06384032620601864
E02006209,0.09835700694047828,-0.029632660775760423,-0.0008713043677226576
E02006210,0.08032120692140961,0.1378210996674706,-0.02957922766211326
E02006211,-0.028343294513566018,-0.062224723658789116,-0.12725493461518853
E02006212,0.030229566744494753,-0.04465050351924055,-0.02943030433961956
E02006213,0.09792346419280426,0.018480607836996323,-0.01596750377069658
E02006214,-0.04474166941013729,-0.07559878253420657,-0.10794237142415802
E02006215,0.029818562779190455,-0.08667052690308633,0.010878328397814734
E02006216,0.06311791722953065,0.057147167939997766,-0.040116440488245954
E02006217,0.08271163630124354,-0.03289852550241474,0.015722439630721334
E02006218,-0.028899602875868874,-0.12093386018427758,-0.10651153362224199
E02006219,0.15685682679603466,-0.15907312608741023,0.10668645853772181
E02006220,-0.036537387395902454,0.07487558514275004,-0.07835147661624338
E02006221,0.030069980262482834,0.021759525973034894,0.03353730321022851
E02006222,0.06286299546957728,-0.07928132303543038,0.17756699593188568
E02006223,-0.06276518365401922,0.05464413550625,-0.05148560959660687
E02006224,-0.0055220089078197535,0.02653313628567423,-0.10279878091838272
E02006225,0.022381083538843244,0.03626389038424704,0.007157216158947478
E02006226,-0.00952831484159625,0.0005859577035440134,0.02398750567994008
E02006227,0.03771172612461231,0.0970123673522099,0.016007025537596097
E02006228,0.013384436571147946,0.04567511131633039,0.027397392909845327
E02006229,-0.012818281946455552,0.05740024259772278,0.0024784404010042634
E02006230,-0.012987374898647718,-0.016361288727048864,-0.03390585885627795
E02006231,-0.02076336863871187,0.03554263352013212,-0.020467301948132587
E02006232,0.08138365661651416,0.022752478842730576,0.09640099570741767
E02006233,-0.018345320871717037,-0.028210321652820117,-0.013131757403834049
E02006234,0.012106876880861888,-0.047774686435493416,0.0360469620403355
E02006235,0.02448252441168565,0.010812620153037722,-0.10767377450311309
E02006236,0.05092631837436473,0.07940843121852609,0.04999942136308201
E02006237,-0.044529462691373575,-0.006838744775108482,-0.10311576511191368
E02006238,0.023754376376240213,-0.04743014157403378,-0.01546008943778583
E02006239,-0.05838278408038933,0.07309301768087263,-0.06331873679312601
E02006240,-0.0053953921222325285,-0.006826994816221362,-0.04061434131240907
E02006241,0.005023537814104144,-0.028921897225843665,-0.03734818528941269
E02006242,-0.03676226637390132,-0.03446300671130258,0.0004980187657452281
E02006243,-0.05270337970048745,0.039040568000205327,0.031244530963748234
E02006245,-0.029603755300779168,-0.057625174085739035,-0.002811542799144496
E02006246,-0.036944699162914436,0.0386017824449379,-0.0021067914341495195
E02006247,-0.02753280859860048,-0.02795000314495241,-0.01805560269282464
E02006248,-0.05376365131957015,0.05794631289348851,0.049378875689067805
E02006249,0.005435854681798278,-0.03522272604190693,0.004510143519577278
E02006250,-0.035092998091615375,-0.026245856594105072,0.0022780816364530304
E02006251,0.013786904394554055,-0.03231078975300606,0.06646541760224034
E02006252,-0.029392142161960528,0.030133156451011514,0.0032358130797387787
E02006253,-0.020653859596157495,0.037992889774394425,-0.021811072375888894
E02006254,0.01627094801275261,0.008709120002325899,0.047822820851587206
E02006255,-0.061213072299163535,0.058452348511951996,-0.062152673342163546
E02006256,-0.020563465570456695,0.007028953538034478,0.010889996785380097
E02006257,-0.015832090487413027,-0.03141651765315032,0.05060549681232871
E02006258,0.027487947275317684,0.018839547498260036,-0.0019110806753930365
E02006259,-0.05006852749428504,0.050143262618374006,-0.04757878571853774
E02006260,-0.0007773421632582737,0.05992707653504108,-0.005262324610988442
E02006261,0.0313735468114139,-0.02389959533460518,0.04582760826110158
E02006262,0.02739245932337315,0.07381245689380612,-0.013901159470409593
E02006263,0.06907178419619787,-0.018570055610792818,0.015383789480212743
E02006264,-0.0019406257749538607,0.0007162459469927308,0.0032451905761977334
E02006265,0.03207859521998721,-0.045866329345190325,-0.01630554770822455
E02006266,0.012325746850076896,-0.012907947579002568,-0.07540633092812271
E02006267,0.05158210584704818,0.031204120949442176,-0.052861646212830335
E02006268,-0.06261820800942525,-0.004826327801651077,0.093289813632222
E02006269,-0.0014623182514349323,-0.008268840357356791,0.0374800186942932
E02006270,-0.012667792523789446,0.021384226357682855,0.01337100372861528
E02006271,-0.0019936435939006333,0.03029530891589078,0.035246652788265345
E02006272,-0.036103431834729256,0.04179181166760883,-0.05951159295514328
E02006273,0.013973872426449846,0.009468308721831848,-0.02064793400016917
E02006274,-0.02901951810641693,0.046655836750492743,-0.05705806229485147
E02006275,-0.05172878131538247,0.034535785000788626,-0.04436720038210324
E02006276,-0.07051912662716378,-0.022843895344853996,-0.06159717758945538
E02006277,-0.033684856364955856,0.016313303048124034,0.002935396627294328
E02006278,0.0007682428576608921,0.022804139223874146,0.035436681572503265
E02006279,-0.034087403908849595,-0.07508424516088488,-0.01901784899341253
E02006280,0.045051129813944296,-0.0005284040621281143,0.03987026203559178
E02006281,-0.007831342579603353,0.09703792018516115,-0.03219708896309461
E02006282,0.040987531734509725,0.05442949838874465,-0.005080009626501668
E02006283,0.013909020268204373,-0.0042177583233774085,0.041019093136824815
E02006284,-0.029911422942067358,-0.025335887094418974,0.031726423507781695
E02006285,0.0006615271310268653,-0.04361891854836585,0.01065509176704564
E02006286,-0.06301748783536695,0.020133476635300716,-0.052735602077607156
E02006287,-0.03999023382376082,0.016395884437470025,-0.0417155419191956
E02006288,0.05164929476682986,-0.0060712414748603435,0.00859692692332869
E02006289,0.026496085374772993,-0.0009699990790363387,0.015423119639865226
E02006290,0.0016743416379926723,-0.2186816864605182,-0.04983973192811737
E02006291,-0.023054823803981352,-0.05541806784891328,-0.05437390159448749
E02006292,0.04133644755109367,-0.1128212498883152,0.028376409403423508
E02006293,-0.052903088360566286,0.03221823015226416,-0.0891460911823861
E02006294,0.08097785804835263,-0.0015364173179415407,0.08755284417104033
E02006295,-0.014535632248797345,-0.003621045025303135,-0.008502980945136508
E02006296,0.009298528265349142,0.04304986730570319,-0.00010183014562704218
E02006297,0.016455129823650105,-0.0062254045631657245,0.010824710296107298
E02006298,0.025568722747602007,-0.04263652359821295,0.02386370449979033
E02006299,0.03589283497217624,-0.04150605393352095,0.0046062234060322855
E02006300,-0.04718964369464516,0.08943192527018264,-0.052156336643967155
E02006301,0.012003242134202879,-0.044564710506247204,0.05073477380671561
E02006302,0.058777605991643646,0.006409434744250919,-0.02912113936351353
E02006303,0.020897537014215792,0.00106794894080789,-0.0703488428594659
E02006304,0.0443523052434414,0.00995933099073448,0.008727016490563181
E02006305,0.03055884357925539,0.026273352629870263,-0.044328594919640085
E02006306,0.04413963315709897,-0.052177981448341536,-0.01049680359511619
E02006307,0.05598153034929149,0.009303058211815944,-0.07933003314204032
E02006308,0.03105940824128998,0.007473055739138437,-0.060681773148133694
E02006309,0.08883882897080432,-0.1627482156662503,0.06149344879906998
E02006310,0.030513981478803312,-0.03286881726775952,-0.04740867580376863
E02006311,0.06479529246169087,-0.03152698287071427,0.08067214500835133
E02006312,0.02954601073521811,-0.026453508138829577,0.002891156206448047
E02006313,0.0662668632577261,0.016827213678118434,-0.01709721006269884
E02006314,0.10552916778615519,-0.05914232426058474,0.03474339361537669
E02006315,0.14021405061187459,-0.08945327837724441,0.17628028311174976
E02006316,0.04203742170275771,-0.00022152536407300084,0.008017798326716749
E02006317,-0.07432507984878926,0.029596655234759295,0.00900563872422147
E02006318,-0.06424533420232484,0.03884956535332943,0.04994063265911631
E02006319,-0.000698732826320189,0.006066071089779765,0.11468260555577861
E02006320,-0.049662931260323985,-0.010735992578893783,0.008471937479860341
E02006321,-0.07676141853747605,-0.0012593932658148499,0.029332551245978958
E02006322,-0.07444965800772381,-0.015316894867604045,0.009930761404681484
E02006323,-0.0265069533200027,0.13256335673606837,0.06362858963652906
E02006324,-0.08113071582804518,0.009109062603100378,-0.010050834840235267
E02006325,-0.050084634404071494,-0.01642368650249506,-0.054000141129411094
E02006326,-0.06570644617366161,0.0126690384997025,0.007670747862657981
E02006327,0.023524820787233683,0.054140367637133466,0.07703095650327103
E02006328,-0.0572988678937041,0.0222915274655308,0.06526684499341198
E02006329,0.031786085223013995,-0.12768685037806093,0.07873474506736909
E02006330,-0.06691886500509892,-0.03998789058132358,0.01700176397045771
E02006331,0.08063156202246256,0.010988375669646515,0.0963553697371771
E02006332,0.01235826737801152,-0.034594007149427786,0.11455124254137104
E02006333,-0.0070481828367432815,-0.010660451227039671,0.0025716349603692886
E02006334,0.038011569031025594,0.0029022513212553966,-0.004466587347409764
E02006335,-0.050377128255936335,-0.050010481585039374,0.03531614694668693
E02006336,-0.062182203790736516,0.0017863536320174424,0.06440174137511925
E02006337,-0.07915045408347501,0.007521587816841146,0.030865170641112886
E02006338,-0.036484292519369264,0.0035582555092656537,0.1034711053580132
E02006339,-0.10043123529756864,0.003912575102904109,0.04657655634138571
E02006341,-0.08787084901242409,-0.013791084408029439,0.07317185648536856
E02006342,-0.16027669164670083,-0.023077722266093528,-0.04153332381371162
E02006343,0.0013721904827780932,0.0468701264095138,0.10592156755237396
E02006344,-0.05233039822795116,0.01045702063805167,-0.018847259601548816
E02006345,0.03310783875927988,-0.06113832149211659,0.034475585047970034
E02006346,-0.07173138208836868,0.05706219804396668,-0.04396400318343986
E02006347,-0.05169717194833953,0.07688126133374412,0.02335368001182618
E02006348,-0.011188487656932325,-0.02858076863219145,0.05839946330521538
E02006349,-0.0768640334944578,0.030330602845859325,0.019314339035643713
E02006350,-0.0332745377884318,0.024453970325942754,0.09216737555621518
E02006351,-0.04243950898173734,0.031086661285496718,0.021454318215682867
E02006352,-0.04084477988719362,-0.04244583402067686,0.06875966618774292
E02006353,-0.026207775955650138,0.05028838215182907,0.029972809959604396
E02006354,-0.036843255370528724,-0.009317620583140979,0.05058945032595338
E02006355,-0.10126269765903723,0.00848315304243581,-0.05085667509698273
E02006356,-0.1115703348380595,0.02408211689466953,0.038287281327963114
E02006357,-0.030921134430763667,0.010369360654991031,0.010370544836939733
E02006358,-0.0720862547238165,0.01755023174157813,-0.02426740472367909
E02006359,-0.04915802087901925,0.050651680037654856,0.08929456215586208
E02006360,0.03210813199345243,-0.0004881496599725388,0.05589747094065245
E02006361,-0.0009434492672010896,-0.03932160531949617,0.03293549107277958
E02006362,-0.01990957518395135,-0.001192199028375071,-0.01710742244354411
E02006363,-0.10787876066929929,-0.02794451277108919,0.0006654714818736122
E02006364,-0.036480946211842114,0.12468694709307787,0.02771069371384414
E02006365,0.007557381949765446,-0.03826200758100438,0.13239701330334605
E02006366,0.00860275462090185,0.019062315284009125,0.01767267993642427
E02006367,-0.02289978981311052,-0.006294171868745536,0.04679348377893731
E02006368,-0.026881109692732816,0.017676602078528027,0.013688428177485076
E02006369,0.015882173381594148,0.060463909436074985,0.02704835678959249
E02006370,-0.08091592913956283,-0.011148319749498623,0.04379249945545559
E02006371,-0.07359520005746636,-0.030340641485328026,-0.02168376832919673
E02006372,-0.060026344400966845,-0.09050155064195087,-0.015922463176966096
E02006373,-0.03176722274073253,-0.018110768203135376,-0.06275070421548878
E02006374,-0.057869132300936627,0.12373984924578238,-0.036948964915334094
E02006375,0.0586270150570335,-0.033609851105891334,0.12121737242245588
E02006376,-0.010234368566438267,0.02858695266165429,0.08640914723323392
E02006377,-0.06423844994639259,-0.026109626621334037,0.004468637066833565
E02006378,0.018599312706277075,-0.02277396959787161,0.03735578127621805
E02006379,-0.09485492415232077,0.018198649215811286,0.04636482501593055
E02006380,0.01971692287472163,0.014255988700861469,0.06467023778802525
E02006381,-0.053944427328294346,-0.02621705350610717,0.014006336123077152
E02006382,-0.10598770234685766,0.030349002704491052,-0.0020647275779239783
E02006383,-0.004899338779220933,0.029828044961311872,0.07554261463645728
E02006384,-0.10582079635203769,0.04170092010418424,-0.005954705372088289
E02006385,-0.11930491387946833,-0.04608863838980872,0.04169693469037765
E02006386,-0.030165670964267113,-0.030805988618305205,0.05183045848584167
E02006387,-0.05880921363898677,-0.06524882481392116,0.03189858721878055
E02006388,-0.05986346167540141,0.016984006692069994,0.05266274834790695
E02006389,-0.10272172868954696,-0.049997480360074634,0.024573545811697104
E02006390,-0.1308296994253836,-0.020653647549405872,-0.02766156294560442
E02006391,-0.015535585645101517,0.04551859095419009,0.052508190460681135
E02006392,-0.03931096189081837,0.015558263062740541,0.05144391443955066
E02006393,-0.08053917132293921,-0.026770603614257406,0.016063972960731396
E02006394,-0.010714325631441167,-0.0208905676679266,0.1038977870608386
E02006395,-0.0957259805242949,0.03398260422162745,0.008965893602726868
E02006396,-0.07295947504564886,0.046753137617584976,-0.00849124518165129
E02006397,-0.026219198648981333,0.07630417907390265,0.01256807188122193
E02006398,-0.050452261554672695,-0.041790857392541444,0.04462035933408196
E02006399,-0.11019896419323261,-0.019675844813569262,0.03572003591925918
E02006400,0.04833144987571051,0.0366057282513877,0.06307356114054062
E02006401,-0.04959861469512573,-0.002299299343539892,0.02589322829572078
E02006402,-0.04784090826180079,-0.02091131374034364,0.02255222729354293
E02006403,-0.07698370085520023,0.006042564516875474,0.01599668038068887
E02006404,-0.10861706595974467,-0.07788332946571865,0.0413253461297033
E02006405,-0.047501803758651644,0.024161775076066067,0.043256062003666246
E02006406,-0.10163715983719551,0.009753890932829629,0.04467401872381328
E02006407,-0.06757012281375299,-0.016750170146497073,0.03956225121318723
E02006408,-0.06037869825936536,0.010821825857461026,0.07215333142253248
E02006409,-0.0848017195686563,0.033877068058128165,-0.04367992706838836
E02006410,-0.1363302203507886,0.04395115845209986,-0.00495943432492989
E02006411,-0.021124878622258415,0.05517990005360633,0.027505653947261014
E02006412,-0.044943445340480004,0.08029480474509088,0.022928062764451744
E02006413,-0.04354990978839587,0.009607129544497765,0.11251701367416446
E02006414,-0.06253703317424425,0.028065443028438154,0.06065106790237066
E02006415,0.021815482796365797,0.00711652920629418,0.10063549979143781
E02006416,-0.02712301038583467,-0.019144212191519853,-0.004791431466147327
E02006417,-0.09235381529558406,0.05454362810154252,0.01531204230917818
E02006418,-0.0035159996718846015,0.018510071340438854,0.04071101071824388
E02006419,-0.0679509755947874,-0.011230887563666744,0.05581029492077557
E02006420,-0.06317753565732853,-0.021582792941857873,0.029514805257978286
E02006421,-0.056858827431797314,0.05504729413585072,0.010721050040275156
E02006422,-0.08383120034761792,0.03358020551126368,-0.010170862582844229
E02006423,-0.11932847128949585,0.018000918393152664,0.04807719907758038
E02006424,-0.04159247491776144,-0.01950008602016137,0.06114605777525243
E02006425,0.027344484979531933,-0.009655190076317603,0.061664993223656914
E02006426,-0.007303750163671001,-0.032516649528656766,0.04896640592385495
E02006427,-0.009535386483194673,0.029903549331080675,0.03223578840637677
E02006429,-0.08605813531944446,0.0475799190384876,0.04205993774790076
E02006430,-0.0730912214953527,0.05852799686011262,0.003052571033834335
E02006431,-0.0683007012041672,0.05097062007801742,0.031776246546336845
E02006432,-0.01837746903572531,0.027271147022530896,0.1265927570025633
E02006433,0.03751858272846205,-0.08546693101847021,0.0688807476809871
E02006434,-0.03943069057633378,-0.08689414299381833,0.07153482080940361
E02006435,-0.07481170412365887,-0.0001031351724261113,-0.03871081056167446
E02006436,0.07246271368790316,0.09464481048524173,0.02885707685495291
E02006437,0.001434972075199491,0.008909572321967079,0.009621748085536704
E02006438,-0.0122852275645643,0.02752238273118005,0.0028194751634318185
E02006439,-0.0024007759525449335,0.015077437923474607,0.02540758411832529
E02006440,0.003258277543394474,0.095258261535481,0.02278134209323591
E02006441,-0.06988727675208259,-0.016074733456974154,-0.02975636794026271
E02006442,-0.017736930181691677,-0.01738930199235426,-0.023643511875496747
E02006443,-0.06643815949847434,0.04254756344338408,-0.0165492549872201
E02006444,-0.019876976465133894,0.008487119257110647,-0.016499696223275382
E02006445,-0.02377094292988293,0.11220988422801167,-0.005199974266033804
E02006446,-0.03681283486065451,-0.04348855245952509,-0.04381778047957424
E02006447,-0.012682542234876464,-0.008155256821685775,-0.009484785292132413
E02006448,-0.047019277449341354,-0.02013440142608748,0.019706042440439078
E02006449,-0.012971921087222787,-0.08486325041361358,0.042538909462058024
E02006450,-0.030026429695591036,-0.1314826491391471,0.03419488659232234
E02006451,-0.03640981779786214,-0.025442594386238204,-0.009955402287748384
E02006453,-0.025732960760174787,-0.042494747805634246,-0.000525484647951465
E02006454,0.05036484721724715,0.022452524095087516,0.054351834862733955
E02006455,-0.11157945226671197,-0.03264374931151722,-0.03605658723082176
E02006456,-0.025459869670968263,0.026554590567743185,0.020107463328328634
E02006457,0.0037166772623402813,-0.012575202579192183,0.055718482304304234
E02006458,-0.008633137461955109,0.08411822366081859,0.05492909534375296
E02006459,-0.11860976446637889,0.04953242319703727,0.024270741981096428
E02006460,-0.042718154278145924,-0.05166396166124473,0.08790936759550017
E02006461,0.015638223805826554,0.0984162972693398,0.11291042874019927
E02006462,-0.06757884637736446,-0.009576168688619002,0.04302038968238559
E02006463,-0.13926786570587232,-0.055711262225554975,0.04102673429033795
E02006464,-0.05451583954540525,-0.030630456781736343,0.010481019009068221
E02006465,-0.023822865497251496,0.05264354568043337,0.048640579102667815
E02006466,-0.12920075371341813,-0.045473347232289046,-0.030014865692093592
E02006467,-0.03183650385549794,0.004972208425693943,0.01132799260617999
E02006468,0.057610872881586825,-0.06076669679688043,-0.034513382215520035
E02006469,0.03339465151423047,-0.005140945830451455,-0.0010773694238912534
E02006470,0.06568686768816867,0.05335185890130571,0.045996270138620704
E02006471,0.038412398102286104,-0.10350216609022268,0.004380719953029315
E02006472,-0.01376149608199175,0.03404241698413586,-0.07760673766341324
E02006473,0.03596217602365164,0.05874293820949987,0.05004890834176917
E02006474,0.09125760880004907,-0.08198742895005647,-0.12207588720243884
E02006475,0.07214971027150774,-0.011282068708657531,0.0370393992818026
E02006476,-0.01454111110743587,0.07596976073931008,0.042664352284538354
E02006477,0.047609027681752694,0.028930718336405023,-0.027122192635740488
E02006478,0.04639460918080188,-0.013122393260343012,-0.034503924087370956
E02006479,-0.023547477623761345,0.011643268850720308,-0.058216175409199516
E02006480,0.06804359049800934,0.04011187339508458,-0.0018743443378304464
E02006481,0.1834493824602201,0.005988690326169249,-0.012010841894698166
E02006482,0.07136910060441105,0.07898999719423565,0.02656870510687034
E02006483,0.01237023949843155,-0.046940053918719755,-0.08956413390080888
E02006484,0.09345381020167205,0.014381893968220915,0.010345503670884564
E02006485,0.11783594413072086,-0.0023400646737890577,0.040102541448649026
E02006486,-0.08052878035417373,0.024340352994891012,-0.08637565161121044
E02006487,0.007877717536752944,-0.0426339741149463,-0.008697974421412683
E02006488,0.039407115632472706,-0.0849347969782846,0.006232431903406761
E02006489,0.10887903526269774,-0.03932447369310084,0.01978916789256963
E02006490,0.1376433078807,-0.03473141948204515,0.07774193331804717
E02006492,0.04804858955659331,0.049211482467580954,0.002644561041591612
E02006493,-0.0026581701229194243,0.02192590146221,0.01091032190071525
E02006494,-0.056960602691625783,0.00464330725123464,-0.010525087879434188
E02006495,-8.897887907203974e-05,0.04470035181429584,0.02098643433451675
E02006496,-0.0949087208716311,0.02633273929356628,-0.0708763454583228
E02006497,0.033216425204786744,-0.006356854445866402,0.03225130848354285
E02006498,0.005650140515010997,-0.02650873822940003,0.01505618509654665
E02006499,0.07544668117746767,-0.060122489745636894,0.044065850304335866
E02006500,-0.04288533270888552,0.006832399006736335,-0.13175458107763344
E02006501,0.010799595937594917,0.013322669850344348,0.0071318767024538595
E02006502,-0.04410787299211371,0.02532683332898093,-0.09446967956147666
E02006503,-0.03503023109832158,-0.054866097078188604,-0.08159944003470693
E02006504,-0.028002224195433217,0.06593492318158392,-0.05220316568921674
E02006505,0.07624069545945845,0.019456437720519356,0.1007924615280317
E02006506,0.0005998179500764673,-0.07669840696224951,-0.05822917817807308
E02006507,0.06530147823287001,0.028581972300660514,0.05020257328063941
E02006508,0.02424023521512679,0.06421685174609706,0.022239005014940277
E02006509,0.013054389953959142,-0.019971321280189542,-0.005050626082133415
E02006510,0.047758450662914745,0.03295654566827377,-0.045401817992971154
E02006511,0.04005339153637277,-0.017570213408066103,0.011748597205965126
E02006512,0.06032644373178073,-0.015450170720871102,0.04051880542716067
E02006513,0.08499623694815564,0.014518196775007675,0.01818444615888075
E02006514,0.04062414033328993,0.01538461190954908,0.03060217342276308
E02006515,0.09867258277366431,0.003864013103119449,0.0020443158151391807
E02006516,0.022840364890840223,-0.0500896875341892,-0.054538766153684616
E02006517,0.05836801593244111,0.05728083360725899,0.005079747127900909
E02006518,0.06241524255043583,-0.024561190649242403,0.028916897601344627
E02006519,-0.02124473021419597,0.07093607291599772,-0.02093452202223059
E02006520,0.0267262125727724,0.01058785504272139,0.08283842543494456
E02006521,-0.02423308845224563,-0.02123213457419147,-0.040673778501423605
E02006522,0.05640961851911316,-0.045505244939472445,0.09402576711579659
E02006523,0.013433307609358769,-0.005659371020570274,0.015395503977247343
E02006524,-0.0056680339623291776,-0.05671257605805143,0.09047553905076813
E02006525,-0.0421926341035591,-0.07130918146865173,0.022858452213924838
E02006526,-0.05509884897490578,-0.01079438002111185,-0.006821969462421582
E02006527,-0.019996863626294836,0.008028373845996258,0.03873111170810659
E02006528,-0.0601750102986317,-0.015582520512105477,-0.012782000930775571
E02006529,-0.008985574377413486,-0.006157561998909425,0.031155429397743066
E02006530,0.02291540370585293,-0.0013671006516350972,0.07675055861909823
E02006531,-0.09808508176217624,-0.013962737922085307,0.012817124879892483
E02006532,-0.0033431004461706945,-0.0006055163935199963,-0.03844136195681527
E02006533,-0.0318185729150863,-0.004947744812551627,0.046646892033798015
E02006534,-0.038862244514075016,0.05891215670648507,0.0006462782094183708
E02006535,-0.07063629934476733,-0.005535953455137856,0.007013690402082458
E02006536,-0.037841597559565475,0.007683620871767516,-0.0002705158844704187
E02006537,-0.012496013195305761,-0.022584105442589993,0.08164153532110864
E02006538,-0.08688286385630668,-0.013284607440559013,0.0005796864184315832
E02006539,0.009220278839301934,0.019716453822905114,0.008748744578862985
E02006540,0.04684872043863034,0.04793667262687902,0.07074351094901374
E02006541,0.0017983603136696943,0.04607378923041943,0.06597056807012004
E02006542,0.0392881511189395,-0.11076164831346685,-0.041420558932638775
E02006543,-0.039069258934884686,0.028574547902774607,-0.06823454298969465
E02006544,-0.01681571913784312,-0.027575175125755486,-0.06585932503672105
E02006545,0.05413236112855031,0.04272226055423531,0.06377082416121697
E02006546,-0.02630447821098171,0.02026504861589433,-0.029832289097798954
E02006547,-0.07282332568516865,0.05566592999327547,-0.04914018577932692
E02006548,-0.002863245304382377,0.004910094214759407,0.002963731074198759
E02006549,-0.029974643880447176,0.011485107397025594,-0.08126173445587881
E02006550,-0.07711786053273385,0.16684886814328695,-0.05236226433814148
E02006551,0.006861562929241381,-0.14852897913459515,-0.025491045720101288
E02006552,-0.0890006755968155,0.06704256403034142,-0.011562105604424158
E02006553,0.020198217838915733,-0.03341919696518192,0.055786018285375695
E02006554,0.05341044000272472,-0.046573080056966205,0.047770942012566604
E02006555,-0.03398677831385929,-0.00627109986525785,-0.014763397119984636
E02006556,0.0044373827223970225,0.017792450587255388,0.003955507703678965
E02006557,0.042003187158409186,0.007412085273809866,0.11043231411668443
E02006558,0.03739249174338799,-0.014554812660863123,0.034223784877741775
E02006559,0.02020249776652342,-0.005436845308194616,0.018385516249522112
E02006560,0.05070303902020812,-0.10431983501730716,0.008245710754658651
E02006561,0.07694061395227451,0.008276337103996806,0.0951867407643499
E02006562,0.025785235335594528,0.05130539050900763,-0.13835841732079532
E02006563,-0.04650388363637259,-0.06296050136985999,-0.17630714254041738
E02006564,-0.09555690635078763,0.027355348448307757,-0.05638097280004274
E02006565,-0.07867264059888228,0.0027330946450310444,-0.09724570704690841
E02006566,0.029402490769982106,-0.07212581361671659,0.047659571901952975
E02006567,-0.009406911627343178,-0.009184607664927217,-0.017452770505975716
E02006568,0.008583966793334551,-0.045642605832893667,0.057038051379391295
E02006569,0.08348623874640576,-0.05153282685579737,0.07739840596607404
E02006570,-0.011693506570037393,0.011791356882686716,0.030078578393846332
E02006571,0.0193461376304964,-0.05310622999669026,-0.00326828529527331
E02006572,-0.040180318718765255,-0.03109650535685804,-0.07994140652200617
E02006573,0.050051262720276594,-0.06820875422826447,0.04308570107393879
E02006574,0.029489011719673858,-0.020096599681528847,0.008887097792742646
E02006575,-0.056228502536486785,-3.6783557272999925e-05,0.04987948551504241
E02006576,-0.05473558929097129,-0.03978965923634033,0.009875129192848648
E02006577,-0.06896456607128333,0.043332935087114596,0.01795532976582603
E02006578,-0.0999600382184238,-0.022869206381979486,0.07358254323303051
E02006579,-0.04014241449177329,0.056779695634013645,0.08984842738444693
E02006580,-0.025883782761478964,0.01468687358678824,0.04620908064284197
E02006581,-0.06236639665891312,-0.03928857959876687,0.10396106003402548
E02006582,-0.058634655541085635,-0.0376575111494376,0.041362482431965185
E02006583,-0.0671710158106914,0.01264249956370878,0.0798798427997694
E02006584,-0.06936402283791206,0.02306470872348858,0.07626088091295459
E02006585,-0.04773291233863928,-0.01757394369580469,0.06619881988038362
E02006586,-0.09105713965909275,0.06684444510056035,0.02062654639803812
E02006587,-0.12222491672718808,-0.06654958400824455,0.025100833343852838
E02006588,-0.08224748514722782,0.04288860561019754,-0.013826956135330668
E02006589,-0.02487219838134459,-0.05313023816421783,0.04792380593676134
E02006590,0.0013199680767447368,-0.08400646118792335,0.01636302643491597
E02006591,-0.06394333317451653,-0.06131652358978842,0.061003182453529925
E02006592,0.007085617627764466,0.041353510995427556,-0.058687181547508085
E02006593,-0.04044868244977607,0.01347936532654833,0.054419470178236264
E02006594,0.021686513837911144,-0.047661780050665674,0.07858847199535977
E02006595,0.00495598944922805,-0.001345768758089045,0.02534737993369596
E02006596,0.023578603930978707,-0.03745439400098233,0.06252182870294054
E02006597,-0.023199030397769216,0.06915678665995446,-0.03695693064686914
E02006598,-0.03587589296012555,-0.01676024461166222,-0.0051085369805736166
E02006599,0.0490099252652408,0.009341917953472322,0.026575038649402465
E02006600,-0.0018319978220380428,0.004504679412468103,0.010143537259217714
E02006601,-0.017992486251690153,-0.010876752350540596,-0.06540351789952588
E02006602,0.008174998628118959,-0.07187916693366973,-0.01428484651803004
E02006603,0.009224850563705932,0.08452474820395404,-0.03406390959281703
E02006604,-0.07614622661536632,0.021156852320932354,0.024391826925289163
E02006605,-0.02229030337920516,0.09446107824769336,0.0775835864069466
E02006606,-0.03888864597166574,0.02546069180007923,0.012990280906765819
E02006607,0.0017986454139102216,0.029119752505404363,0.004625304967926857
E02006608,0.001000217293693143,0.07390214394625029,0.07372412406569895
E02006609,-0.02003365088654826,0.06356203419284316,-0.037075447475477134
E02006610,0.02150971599832051,-0.060021739554535894,0.05553116431085923
E02006611,0.013665547414396715,0.009166641068819219,-0.011229368881002256
E02006612,-0.05661493235589218,-0.00139589841170365,0.02800381736405708
E02006613,-0.03301436449403541,-0.012323044514687397,0.01221911536976649
E02006614,0.013565171757252737,0.04773342516123901,0.009624039791446989
E02006615,-0.04414840906595658,0.0010817460301682377,-0.0204929960129222
E02006616,-0.009939823976860728,0.0668732969034089,0.040175491096590785
E02006617,-0.0786803510752949,-0.01024036383817556,0.03986005837755308
E02006618,-0.03326258379068152,-0.0022417323925383093,0.0029582317939513604
E02006619,-0.04278257960234803,0.0263283179884418,-0.051522492850884005
E02006620,-0.005920495341070078,0.012410511451827061,-0.049383978078928595
E02006621,0.059565835843025036,-0.0004889015643135347,-0.031879469915806875
E02006622,-0.03372315013300257,0.0219555542100354,-0.06460343869774199
E02006623,0.002275597567967006,-0.022934095087462695,0.02538652305597353
E02006624,-0.016012973825090707,0.01285220672228268,-0.030490682683683917
E02006625,-0.04096705670903174,0.02581514332548516,-0.005646948560855761
E02006626,0.004382300586887543,-0.028585301008913468,0.06738558216758467
E02006627,-0.003888631614038543,0.017416715118956743,0.008925416444350529
E02006628,-0.0671670421501106,-0.0248377393255092,-0.024347070288038678
E02006629,-0.06330454014851057,0.05573958358391245,-0.0048333972542377425
E02006630,-0.019955894215434544,0.03713532249580453,-0.014534710279565743
E02006631,-0.03191243538066774,0.014365618827378456,-0.025564785068449357
E02006632,-0.008461738617173762,-0.028338274121689225,0.034418580297427566
E02006633,-0.05179668419498047,-0.013984562113699956,-0.04953981216584493
E02006634,0.08693077913514019,-0.022293341378986142,0.046308019844543705
E02006635,-0.03977113439532396,0.07037404635764422,-0.028131883406180357
E02006636,0.033266536073535025,0.07186700570739755,-0.0034634079139060367
E02006637,-0.015793948569480104,-0.003744710176917157,0.007418562005996774
E02006638,0.035486809034381984,0.007393634903994703,0.09950117460834298
E02006639,0.10081776274599728,0.09386468817372856,0.10571919386276663
E02006640,-0.059088223060713284,-0.05463262867687959,-0.12775013589564765
E02006641,-0.05046812119895934,0.008061831782966954,-0.10988024028601273
E02006642,-0.049920705392320755,0.02763175572248746,-0.0008948684996774303
E02006643,-0.004366294871408686,0.0309632376119824,-0.0394487441485122
E02006644,0.021760754973537064,-0.0437678867476065,-0.00785411437295851
E02006645,-0.011051925886451382,0.06185908224924008,-0.03867080537830019
E02006646,0.04209063205207207,-0.061449771669057886,0.014593853639766147
E02006647,0.03553746688975739,-0.03164911670576705,-0.0908715164782476
E02006648,0.08638230920874625,0.08359262227757963,0.007262005050345204
E02006649,-0.010044125282160858,0.09997662379438145,0.020989013800462756
E02006650,-0.013439948521840266,-0.020031003307897484,0.020646098469212153
E02006651,0.08517350721773619,0.021394947183123073,-0.0336675764320192
E02006652,-0.04486137170654071,-0.03941682428876089,-0.014715848185878387
E02006653,-0.009588468412385266,-0.028589992755148126,0.004627557300665577
E02006654,-0.03307069181168648,0.08746684278831414,-0.0025125174106773057
E02006655,0.01595997979477743,0.12732152183939402,0.042358931104117425
E02006656,-0.01427926049746464,-0.07090707634484501,0.024901826044683505
E02006657,-0.003222802279413091,-0.05423934171806284,-0.009363721447005934
E02006658,0.016244044420423015,0.042391846259909396,0.006175033943999769
E02006659,0.056366618238767575,-0.07874918922692331,0.028694957857693854
E02006660,-0.05064584536554093,-0.004731416850602319,-0.08322154859808235
E02006661,-0.013245993593584308,-0.13684753182768794,0.009835623099219322
E02006662,-0.024791835150878856,0.039656785509279854,-0.035448413427509436
E02006663,-0.010866602239844609,-0.03442632587054342,-0.004027284584982451
E02006664,0.014477475526940444,-0.008351924721142618,-0.06349536493372726
E02006665,0.057272417183267844,0.03846125313571933,0.017279259946965952
E02006666,0.05213846583939273,-0.021731699492528036,0.04069258722585943
E02006667,0.006666943262693764,-0.03917921277840859,0.004852122347282721
E02006668,-0.007831627574272854,-0.04109106055882101,0.02432667545733843
E02006669,0.055561027386394284,0.04399609278101534,-0.02270508759554857
E02006670,-0.003070664077329832,0.016097167641564648,-0.010608198244139784
E02006671,-0.003092996612448154,0.0766029604468413,0.005884600588815639
E02006672,0.00046826987662939115,-0.020027389501110663,-0.05010207969211867
E02006673,-0.04068759425021039,-0.08574692293122012,-0.005901381141936711
E02006674,-0.007759634254951081,-0.05785464578314451,-0.04244704518424328
E02006675,-0.002258880187623343,0.003545295120421291,-0.031176249426154795
E02006676,0.07612589091254669,0.005624829027980581,0.09082593384005398
E02006677,0.04165743209424884,0.11690957776915115,-0.06045999574890104
E02006678,-0.04792732941788117,-0.054257665875871004,-0.049577694961657516
E02006679,0.02841047955105665,-0.024667641451230987,0.019514831452900488
E02006680,0.008338388576763814,0.05539473087846424,0.0009150256215241659
E02006681,0.0007119699885316845,-0.09893888309057602,0.0005413331321043558
E02006682,-0.01957698389796603,-0.07864465535599857,0.017646307316815893
E02006683,-0.024274448067692272,-0.05698392392636934,-0.03070068641423005
E02006684,-0.006337550764849825,0.014355268042505573,-0.020365399852505305
E02006685,0.026421455849555426,-0.01421820865007209,-0.0038001796552032045
E02006686,0.07935608314489562,-0.12832418467202192,-0.03695142581988199
E02006687,-0.025925489717673958,-0.03797311161916,0.005693735444784152
E02006688,-0.014824293870458027,-0.08420659128182581,-0.07262422610811958
E02006689,0.005186853723121431,-0.0729783113977117,0.004859965373575515
E02006690,0.025924036146795067,0.04250080568508865,0.0026399739930589735
E02006691,-0.002173415734557423,-0.0479235394805847,-0.018644902788555996
E02006692,0.12868844176481564,-0.109936201404273,0.10686323978611612
E02006693,0.04395351184962956,-0.02304846371837616,0.0526783491351055
E02006694,0.06924654777461481,0.06028065578112794,0.019952309601205045
E02006695,0.02811405466155236,-0.06622401114796203,-0.05853700035977224
E02006696,0.035621003001254335,-0.007371119695878342,-0.03607347590622615
E02006697,0.06603112955659782,-0.0016603587959766763,-0.0987549617477122
E02006698,0.0008742084553895285,0.04877858610748984,-0.0509680362010393
E02006699,-0.021775077872748273,-0.047189945694389855,-0.0999339588442198
E02006700,-0.010071099071319731,-0.013485020827077556,-0.05991849110587004
E02006701,0.023281455348503663,0.008354254621538229,-0.034687049713982926
E02006702,-0.032152583073709835,0.0650828844863886,0.03248029325783515
E02006703,0.05344564296407334,0.025798294617284816,0.026842826430309948
E02006704,0.036887297558954736,-0.01922521689209166,-0.004039230091672114
E02006705,0.004986861205694401,0.06785593042552462,-0.04703408192569586
E02006706,0.07781819456647748,-0.06036192639092961,-0.0020998733074068243
E02006707,0.034151551666968205,-0.033377322895287796,-0.025034709982750154
E02006708,0.08519499650639661,0.012187312599279567,0.010397415906791038
E02006709,0.0021340250164426696,-0.01858273834967349,-0.005692380536675833
E02006710,0.06477494570247422,0.03975632983782169,-0.07529000616870381
E02006711,0.0531119471615908,0.08251059649791675,-0.014349219482427714
E02006712,0.048410960078839355,-0.013048553789403583,-0.038392315638576924
E02006713,0.03775153591244038,-0.06881499509514594,0.023228527045466643
E02006714,0.01678838218148944,-0.020841320754728596,-0.025069430306150733
E02006715,0.04782544673183431,-0.006915780960028981,-0.0334126435602143
E02006716,0.006514595670658473,-0.106682849568394,0.0022972223050817127
E02006717,0.04455749775340238,-0.036519995814030884,-0.04011809379916808
E02006718,0.016035353294279617,0.0317488906555142,-0.050318829684993696
E02006719,-0.021785234230785336,0.026399662191724703,-0.017510445279335665
E02006720,0.16218935313661528,0.007818795188371343,0.07166740849823697
E02006721,0.020017041611012767,-0.0525028380918696,0.05090579998924127
E02006722,0.03609609809521773,0.03377453850367686,0.03262091185720145
E02006723,0.05503978316306852,-0.020695334586249694,-0.001162755623878347
E02006724,-0.13397519028997493,-0.08448224755937617,-0.1373948309859041
E02006725,0.07820927714900278,0.046700569993622924,0.04028034238001639
E02006726,0.014065580055182344,0.19991517816609963,-0.01551525324829805
E02006727,0.028709495589757404,0.006894970678005842,0.040172028308911575
E02006728,0.018846620768789128,-0.0966611531616618,0.03971101795338955
E02006729,0.040481666587421715,0.06505712158991027,0.019870141535554102
E02006730,-0.031077658310798287,-0.0352103241697431,-0.015556888848137869
E02006731,0.13178406762735473,0.0392340270237415,0.06369545542435438
E02006732,0.040435493948452285,0.021063214401883416,-0.031914691726602
E02006733,0.07402958924997433,-0.03013839274655406,0.024805892258045466
E02006734,0.055478698361273664,-0.046964303096253546,0.049302339776018216
E02006735,-0.010508635434675959,-0.1302396692002054,-0.06438015520543057
E02006736,0.026581277412823047,-0.043523344097585105,-0.008138554184401103
E02006737,0.09596308906751051,0.06260442453977264,0.06505216306790564
E02006738,0.0064646694653111,0.04501571211356767,-0.060186632405077045
E02006739,0.08671865615932908,0.010540761210890863,-0.03136320565710874
E02006740,0.031646759137670386,0.020467330766661424,0.0025674634292691964
E02006741,0.019563669192459235,-0.011098606639233517,-0.06506649946398882
E02006742,0.01790324791847192,-0.03264653760918184,-0.09015798220699178
E02006743,0.033122469025131364,-0.041123127661717586,-0.075948864859025
E02006744,0.05646888803615423,0.010172860635879315,0.011339253014356577
E02006745,0.039152791925922296,-0.02513708212898632,-0.008830097994582004
E02006746,0.02551294965783359,0.016610843760593224,-0.02556024982823067
E02006747,0.065317647254697,-0.015450495766221732,0.0037078781662239014
E02006748,0.0789990897060303,0.03798531422709762,0.0018643964536130412
E02006749,-0.006860649722905508,-0.06271732942482708,0.07493515973837345
E02006750,0.06984790148498772,-0.06378229153821792,0.07539582300030356
E02006751,-0.01633688814744149,0.015124362874320856,0.02258340238877355
E02006752,0.015916736838251615,0.017441303969572865,-0.022790749234764464
E02006753,-0.004678258890890563,-0.05501944341450874,-0.009033821846713383
E02006754,0.06777109049985075,-0.019918608671855884,-0.013797457460314971
E02006755,0.010855792421322041,0.08085847734593417,-0.09793844859011681
E02006756,-0.0002123476459721191,0.04942741374383878,-0.06993402317764745
E02006757,0.06966048552190152,-0.04013120744923684,-0.05469361123266923
E02006758,0.03283931047538374,0.041338686851482204,-0.11317662669246785
E02006759,0.05504131939882307,-0.009440216561416073,-0.07775213438107449
E02006760,0.050118104558478656,-0.05045950584322795,-0.0922542028726869
E02006761,0.09868329619154616,0.0990455704639616,-0.0730657850648833
E02006762,0.023338722232035914,0.04029983411615277,-0.05658852655794683
E02006763,0.012307602370852906,0.041601550184211356,-0.06174822362872215
E02006764,0.007472371203784219,-0.09905357590859067,0.024537004887616776
E02006765,0.16536607228893088,0.02555196682144825,-0.02613123762883516
E02006766,0.0875222178292048,-0.01903626930362643,0.01714472262216429
E02006767,0.016058297674722003,0.01936654664493529,-0.056568112369957124
E02006768,0.09902338980852643,0.02509746078036929,0.0006469401847624561
E02006769,0.013482752773786239,-0.1066201062218049,-0.05746555469339994
E02006770,0.009298107658125245,0.1265979783208045,-0.06932050200845916
E02006771,0.0527626371414668,0.009973332390208792,-0.0014316909618797464
E02006772,-0.01050110322764445,0.006418322222935,-0.12832697160732848
E02006773,-0.020877476994187127,0.04545846777126046,-0.11845064642218793
E02006774,0.08944408838789866,0.017151407467597902,0.03456154834674292
E02006775,-0.013869097395607488,-0.07860568084530886,-0.022621981790533978
E02006776,0.09414566283557732,-0.04883088474515115,-0.020289888078345614
E02006777,0.08937191539408282,-0.05791053589902935,0.040338334100988534
E02006778,0.0909279841679719,-0.04385400592281201,-0.06525416357256231
E02006779,0.12009059833652798,-0.023032171671772905,0.018452561219659516
E02006780,0.02624286761719601,-0.03165865249595683,-0.02430581605560646
E02006781,0.01769588415988208,0.12674835925587852,-0.16068904694432423
E02006782,-0.08113173510007153,-0.009690019670376013,0.0513602194152549
E02006783,-0.11812161860562695,-0.01902916414792989,0.0830152523576519
E02006784,-0.17122333577637422,-0.05216980887931688,0.022149160719511948
E02006785,-0.03546228922861332,0.0486024197448333,0.11430021008431936
E02006786,-0.1552204370666567,-0.06686949452149744,0.06958794247187665
E02006787,-0.07905976277928493,0.05691641991684246,0.01190432166026752
E02006788,-0.17128035854205512,-0.025636415034733934,0.03128227299863153
E02006789,-0.052376728847274456,0.0884944125736598,-0.009385345787487795
E02006790,-0.04490890576585803,0.018465743526082372,-0.006200844561135953
E02006791,-0.04835977900444045,0.043141944097487735,0.06054117309355406
E02006792,-0.09404104251222667,-0.0244994839945487,0.07135248333943024
E02006793,-0.05984336637493664,-0.01744198700454807,0.08010546453710198
E02006794,-0.08528299958445573,0.09887479167331369,-0.11372388839959495
E02006795,-0.1439711102463646,-0.045249542438433446,0.014878094061995193
E02006796,-0.13490026447496453,-0.05503787817617594,0.04916935352466056
E02006798,-0.12375493934093892,-0.03259963375865214,0.2354334351138162
E02006799,-0.060710030223181305,0.00023691824674523546,0.07924601273232253
E02006800,-0.10272436974327794,-0.01620950982622557,0.023271220459921055
E02006801,-0.013936280375488464,-0.0803786268492747,0.037455585606190514
E02006802,-0.1540014423369163,-0.05091755168458966,0.14591694516196063
E02006803,0.03978705036341885,-0.002714712145018717,-0.03805207142994258
E02006804,0.029415865177520772,0.009338277266371094,-0.06951460112485484
E02006805,-0.003072820709996749,0.05528834759702203,-0.06916536515587503
E02006806,0.1003034554782587,-0.07248842179108127,0.0807630262783546
E02006807,0.04329265196473316,-0.009233325435542786,0.030881737345829025
E02006808,-0.000903842672925582,-0.022678247341678004,-0.029206093231654906
E02006809,0.038115959728100626,-0.05870921391760298,-0.17596142294984832
E02006810,-0.07169662710594124,0.04601533139234197,-0.17021100870061268
E02006811,0.03532319632789909,-0.006713273837572185,-0.01129906237528597
E02006812,0.10562094839793809,0.038013543608407495,0.0018129633761980266
E02006813,0.1292271592242275,-0.08924782858641683,0.14763133722177904
E02006814,0.07778701370464258,-0.06617558949339718,0.052774837426601835
E02006815,0.031060706362333386,-0.034489761019219384,-0.0804277386972557
E02006816,0.05499177937932943,0.00685583418178703,-0.03908518292234396
E02006817,0.027335428699017537,0.005584318013974209,0.0253154601789595
E02006818,0.0142902208450984,-0.034977844169785936,-0.023066602710420117
E02006819,0.009521334983776338,-0.0438412388740167,0.04780327093009125
E02006820,0.02187787239857902,-0.05134702398062619,0.02267477716443433
E02006821,-0.04912665119295177,-0.019955850681318013,-0.02513858850767479
E02006822,0.02747528600984169,0.06824890677451391,0.02272486802416425
E02006823,0.008808698851090077,-0.08779410655545905,0.004846736957378406
E02006824,-0.050924309943319854,0.06407065187572254,0.03592123417839858
E02006825,-0.035305836145640056,0.008944559227219958,-0.024146887988652055
E02006826,-0.009971539156251897,-0.02301453035860086,0.047419459970067676
E02006827,-0.11359512408528696,-0.09873985987837275,-0.043387902034164726
E02006828,0.04509374701483596,-0.08322736404166808,0.07166680957675822
E02006829,-0.03999043618859002,-0.09034437812748021,-0.046027609529124984
E02006830,0.072857222670174,-0.011959492426099746,0.10600452359366272
E02006831,0.025891325949466314,0.05937276152038366,-0.010665000462759068
E02006832,-0.03856076775069915,0.035805548438712975,0.1301900166478003
E02006833,0.016099130387122917,-0.0021891125601702735,0.00578046471489664
E02006834,0.06726232837223389,-0.06235739025591491,-0.001743520144079941
E02006835,0.005260997162957185,0.012420145880876088,-0.06360737513438251
E02006836,-0.0472076561568057,-0.0041920624402479525,0.02533473283767757
E02006837,-0.09118222680755902,0.0024212951821953746,0.0048965066480627885
E02006838,0.04053619299154871,0.019723422174886342,-0.0024065323036943542
E02006839,0.04139514366728927,0.068179931156838,0.062440851159534176
E02006840,0.0886628131512807,0.01573376833201658,-0.009542974666066132
E02006841,0.03427042930539022,0.022378098928672114,-0.0294956914691587
E02006842,0.1631251163837259,0.19500056597686852,0.06707959177151834
E02006843,0.03886451301688095,-0.017762716132150615,-0.02369568943561268
E02006844,-0.11412342358783249,0.06329182187684387,-0.06112905514287143
E02006845,-0.0032425725730794532,0.005344576126738326,-0.0413987440799598
E02006846,0.04098490764278543,-0.05435516491888721,0.0200280660131692
E02006847,-0.022110172841378485,0.04181431860073494,-0.011345296776914846
E02006848,-0.032307691661369674,0.0496377210998128,-0.004968180293602114
E02006849,-0.0006690201760777874,-0.01738659328797753,0.07016670689919431
E02006850,-0.02414567107073006,0.10143133813840281,-0.016767669577690256
E02006851,-0.046581268548423434,-0.0760131968375392,0.0003081878168213215
E02006852,0.04965611702381347,-0.0494234494685685,-0.011853670563794915
E02006853,-0.07276246879633753,0.08813876565779066,0.09723949746474864
E02006854,-0.03249884913234406,-0.06686717733912158,0.09568496884893432
E02006855,-0.020660843144074417,-0.07900917707432462,0.012936323318271912
E02006856,0.006399944732393363,-0.028279110891349192,0.03080291434708375
E02006857,0.01029836030035528,0.0395080014741067,-0.011307940491464585
E02006858,0.0014968524683687857,-0.009033915068371041,0.0027226617841638514
E02006859,-0.05621192683282239,0.02645919754316466,0.03818809621515179
E02006860,0.1700366283771515,0.02266295762214238,-0.039999638545873614
E02006861,-0.022482171380289184,-0.03594596050892848,-0.10153101476619981
E02006862,0.1013667976857546,-0.25906190982595617,0.03771009900830183
E02006863,0.011852762865675005,0.025870129014124547,-0.0022879662658127375
E02006864,0.03902309929496071,0.014709246865296077,-0.048394655135321096
E02006865,0.02309682442000821,-0.010044318795125531,-0.009420918103246549
E02006866,0.021481725634218914,-0.040070054657238,-0.034376107885476695
E02006867,0.029117834457788788,-0.0013063427793913484,0.04716444650779641
E02006868,0.0326498437150745,-0.04029676969246494,-0.07771577598960679
E02006869,0.06930609647307921,-0.03396638102707452,0.049774847017743866
E02006870,0.020243067491133117,-0.00765643883387042,-0.0544794889609525
E02006871,0.08787757302442348,-0.0216498652723203,-0.017336703682001804
E02006872,0.0718895912923204,-0.03858634109998059,-0.05745405778000722
E02006873,-0.1049343930257242,-0.01576299170003182,-0.026144022067904015
E02006874,-0.018546339812554918,-0.06516517658264422,0.04705153558093281
E02006875,-0.113601646666137,-0.061392186207817896,-0.07178257606853441
E02006876,0.03233324082765308,-0.013459045454592157,0.41219403885562167
E02006877,-0.016869052929051942,-0.007848096444608236,-0.08476370033971542
E02006878,0.02482544326181829,-0.018834915790513763,0.0035311696477785823
E02006879,-0.025325211002580877,-0.026569642138611724,-0.030737063140117832
E02006880,-0.059348431195343165,-0.012375690716427348,-0.11488816931493921
E02006881,0.10124896925832828,0.07361924029926059,-0.01787367848072116
E02006882,-0.13433368718664335,0.11286010362488708,0.04779247496579199
E02006883,0.0015800661621973447,-0.003338827370825679,0.05698242367686454
E02006884,0.13770686268790663,0.0069297956258223305,-0.024250178255226067
E02006885,0.040893210748671485,-0.020280925728969793,0.08300719825051665
E02006886,-0.017057072324686277,0.009200957524897881,0.002083634755297909
E02006887,0.040956930219293704,-0.034889950577071935,0.16398488524683363
E02006888,-0.06456883127768896,-0.043496628265263605,0.06443060564762003
E02006889,-0.07254269784881058,-0.04846154592448555,0.05898353174312058
E02006890,-0.10710001297432971,0.06593530965241583,0.058284948784896456
E02006891,0.03367382569034605,0.019210635846723743,-0.062736791757631
E02006892,0.11996850007767886,-0.09651577319359196,0.01992385301053421
E02006893,-0.012027866673135088,0.06512656864663047,-0.042519738643652355
E02006894,0.12585014571532102,0.02597858727966641,-0.047841806739114215
E02006895,-0.05763423174494425,0.016371786014271285,0.035925139298948736
E02006896,0.009960041825528392,0.029786671321162507,0.1707325070962739
E02006897,-0.025467767987275132,0.14029717675816605,0.2654470087104504
E02006898,-0.015345046369504489,0.04973949746627568,0.07554513639759694
E02006899,-0.10103535502842347,0.028630041969967737,0.055740515204743574
E02006900,0.02474743433774105,0.003651902841484166,-0.07031480361229978
E02006901,0.014300473950446682,0.029155115047440065,-0.12499914502816975
E02006902,0.10302989162075035,0.050057373487864286,0.06857652469164081
E02006903,0.0355427161401283,-0.0900809546248355,0.014760544534451928
E02006904,-0.01551231007929619,0.0622263572796712,-0.0287999104318893
E02006905,0.09267787322681424,0.044958126239459995,0.08054989124366879
E02006906,0.08135938170318008,0.050358896439400745,-0.023460619194940815
E02006907,-0.06422096093375718,-0.015336017148205287,-0.032899708273337915
E02006908,-0.03025378326795765,-0.05194929428735254,0.009336126165352777
E02006909,0.06855812336567625,0.003826083320723772,-0.006733394313133555
E02006910,0.07875452505222306,-0.029684687804141328,-0.039069218428113166
E02006911,0.07346281411202117,-0.0027627157580887344,0.04935360580043139
E02006912,-0.010839303018293285,0.06323874657436628,0.004115473543029149
E02006913,-0.06664851621602373,-0.23411789524874535,0.323317888564133
E02006914,-0.058297234590912475,-0.11871152863740358,0.04317912952218928
E02006915,0.03662727037448452,0.22183190196710714,-0.10998735511832702
E02006916,-0.07600891442220742,-0.11274327996169192,0.02597816007113641
E02006917,0.025582782543099758,-0.0834803457639874,0.024520278669063308
E02006918,-0.16418363456608104,-0.031639038671647975,0.18629148852687102
E02006919,0.03519703050247936,0.04044062374960811,-0.0006158157864619256
E02006920,-0.022276395898304036,0.021142130239132185,-0.06636183454624613
E02006921,-0.03306578458357436,-0.051830001776927655,0.057217865065685915
E02006922,0.021302491297888748,-0.002811007858027864,0.054237611901932666
E02006924,-0.0743337956552607,0.02742226429053691,0.08443065700196986
E02006925,-0.06916175723176854,-0.06289047602336315,0.023569476594709704
E02006926,-0.016337312050040707,-0.006785318302924289,-0.015746491449848018
E02006927,-0.11441176424464192,-0.032218787953526555,0.134565017187739
E02006928,-0.11637851091877272,0.016299178500367786,0.08376592842059924
E02006929,-0.1133007499637415,0.14165262393346864,0.03899207198298506
E02006930,-0.075857609969126,0.008041070987639462,0.06495043757824025
E02006931,-0.1636990716101489,-0.0147492453255668,-0.003729752124932543
E02006932,0.004881557655631814,-0.04865239034701711,0.030316893830174274
E02006933,0.03481864409917195,-0.031902380125683076,-0.11732941509424888
E02006934,-0.06183059650779907,-0.023072779234735417,0.11139065515503271
