PC1,PC2,PC3,msoa11cd
-2.057890135601561,2.284520604709426,1.6832285351194605,E02000001
1.7782905087198109,0.3712267646176558,1.115212050159445,E02000002
-0.12530599040512466,0.8471301233889673,-0.33638209452664225,E02000003
-0.11324149885535112,0.4860911201800135,0.04052028738661633,E02000004
1.0495081236130572,0.8146340116597895,-0.0001325441041800955,E02000005
2.2355549711537672,0.6561079780174305,1.3468787621116893,E02000007
1.8381368775335742,0.8302117800662286,0.613691277813508,E02000008
1.5045976779022654,0.8770985257371817,0.2093043513886638,E02000009
1.7945950176068128,0.7784371454388679,0.5126663341407507,E02000010
-0.0011574839529215452,0.6052642489456411,-0.3644396463299973,E02000011
-0.1356301933589705,1.1231726117494314,-0.34332128438389586,E02000012
1.826192227265806,0.7350224502514029,0.6938337009269394,E02000013
2.0445807806849507,0.7982659884104625,0.7106226281755322,E02000014
2.5267079731983277,0.6447759483440486,1.3942913065554097,E02000015
1.4931885897108552,0.9303136205709394,0.484565800388977,E02000016
0.1155128229509411,1.0850049746536372,-0.7763503950664257,E02000017
2.027364505764466,0.7194099474145078,0.8875748813537228,E02000018
1.2610807400701705,0.33266755000271053,0.8144206964907752,E02000019
1.2655542179998978,0.34951147751480666,0.9118154929166722,E02000020
0.6370748514892913,0.2049410536584181,-0.10372945684621838,E02000021
3.1936430763118686,0.9278803756649802,1.6826336811373748,E02000022
2.448218249197233,0.3959626165977169,1.5501461858624117,E02000023
-1.7060819498769197,1.268197886503936,0.09441606682614803,E02000024
-0.9036917534357075,1.2023455795154567,0.3522350690305721,E02000025
-1.3660196706998053,1.2885355218809265,-0.24392272752772914,E02000026
0.8506603630015834,1.0345109532629626,0.8103160870586394,E02000027
-1.40494525473023,1.5850087117327962,-0.280851290071012,E02000028
-0.7799513629539262,1.2348764309662905,-0.17377173892634287,E02000029
-1.583775122899072,0.34128928234372113,0.6941122339485186,E02000030
-1.4598455840806956,1.424651686234534,0.1350970368208088,E02000031
-1.5124787233916064,1.472112843179012,-0.4108015301858447,E02000032
-0.3855991403438146,1.00967357555782,-0.11509545934819099,E02000033
-0.9472813081607289,1.3794255483053803,-0.10069836407236842,E02000034
-0.9991886050189379,1.6606724869341956,0.22507984928310956,E02000035
-0.5898836701392021,1.2663061370300293,-0.12804014762353835,E02000036
-0.6601689292419453,0.8358889007331596,0.6065885138321094,E02000037
-0.8206020847624522,1.4092578085528833,-0.13664970313309602,E02000038
-1.6985047962485695,1.3697095488039595,0.023446164658448503,E02000039
-0.44846126004123854,0.5440565929772482,0.9595630477048966,E02000040
-0.48509144219410594,1.166971904512946,-0.3690218238482653,E02000041
-0.8609837388574838,1.6627729001911393,-0.25826343482403835,E02000042
-1.979354432727884,1.7844150026920724,-0.10489063907136377,E02000043
0.8673996742348787,1.0926179618204173,0.5211870241003179,E02000044
0.018442495485814118,1.2295769311488964,0.32013273962298616,E02000045
-1.532281310590717,1.9019585668287646,-0.11428903644975007,E02000046
1.2164327171322389,0.8305822540228033,0.2231950332737962,E02000047
-1.5660430033476398,1.3098004669386492,0.017551468363973807,E02000048
3.0001980138776694,0.9492583019684114,1.7115122165013645,E02000049
-0.16010699302985723,1.3169893611265038,0.7301782504775514,E02000050
-1.5164320932327229,1.7407004093489187,-0.0365923940082797,E02000051
-0.9453021452111259,2.1339523580146595,0.45529161488263725,E02000052
-0.20648445332689186,1.0089247876335323,-0.16502469045291546,E02000053
-1.0972690818487723,1.2219754449596143,-0.3083986090772058,E02000054
-0.46340317267396053,1.4155385728966952,-0.10107276900134544,E02000055
-2.1127358673749517,1.6335336849034188,0.38720596648555156,E02000056
-1.0663388844533848,1.4132523182662047,-0.4476933377088053,E02000057
-1.695222273440598,1.85030254589213,0.08132013467825405,E02000058
0.49527807266674495,0.6901905141159831,0.09851080798624905,E02000059
-0.9849493592896544,1.6019370146564376,-0.4080991304804788,E02000060
-1.7504853002797784,1.8235283824014046,0.030475722686609596,E02000061
0.961655983148491,0.5502309249106856,0.5913832416805264,E02000062
-0.44095838495744705,1.1215334899420277,-0.6433266324352848,E02000063
0.2853244759761576,1.4016601057329576,0.4607046508821704,E02000064
-0.002574589639309385,0.48654787190786547,0.38889798162781364,E02000065
2.029898496630181,0.7750806009457403,1.3595723203227073,E02000066
0.3442632850775917,0.5747818239723048,-0.020066981231977882,E02000067
0.4877845416739702,0.5169521348702324,0.2677697883882963,E02000068
-0.258722389031629,0.7425269820770151,-0.3390147696463089,E02000069
-0.8340350253470847,0.8524408061224857,-0.5165927509023183,E02000070
-0.2795251664684547,0.9469643938939342,-0.5112150647221364,E02000071
1.7653363789524577,0.21772371430579787,1.1959408035454753,E02000072
-1.0628152399310662,1.1512830391817421,-0.7949055059827377,E02000073
1.3606878636350608,0.8169589629244958,0.5935807300556493,E02000074
-1.0871195680811172,1.0615133783244908,-0.6006718442821614,E02000075
-0.4838140220879383,1.0294356462291059,-0.6384303959546258,E02000077
-1.1235780006474159,1.0486347090454822,-0.6740605609990639,E02000078
-1.074893445066063,1.0714345480688736,-0.5825453816782536,E02000079
-0.799850140469811,0.9885672359341314,-0.6730219635495519,E02000080
-0.5482187462915741,0.7962352826468377,-0.056921939220528905,E02000081
-1.3572430916551592,1.1993555545190095,-0.8349464692907359,E02000082
-0.11577472323778337,0.498216120140543,0.09206211507096812,E02000083
-1.3839587615899493,1.1073867511982167,-0.44825167143410605,E02000084
-0.977363013176853,0.9147674022900297,-0.7373838577629243,E02000085
-1.5638078940473559,1.23815992223604,-0.6436697929620625,E02000086
-1.7882143139770663,0.9392844648879595,-0.06793557953204,E02000087
-1.4084952133937565,0.9931501448172808,-0.5588815076312104,E02000088
-1.2921132948494538,1.2573353197168566,-0.5246738844350436,E02000089
-1.0254524160912375,1.1654671006787074,-0.26604000813788375,E02000090
-0.7733710523316493,1.0324650795750734,0.22182931392337826,E02000091
0.6013540674966976,0.0010975345154871255,1.1060432443755066,E02000092
-0.39322867928749694,1.1933774242261446,-0.46203334564891857,E02000093
-0.1243728885098347,1.0295778396240132,-0.4362570637273024,E02000094
-0.31159335578375397,1.0296217694377447,-0.39540321581798304,E02000095
-1.553986329963958,1.4510683598812382,-0.20882300390291925,E02000096
-0.3171629706924358,0.7119438186129822,-0.5611971112879919,E02000097
-0.31666696130689365,1.0624603815476918,0.22813550118178502,E02000098
-0.46489887263903495,1.214343281596912,-0.23392343984244726,E02000099
-1.1715133696434286,1.4844423896188725,0.5374615132728529,E02000100
0.9711961033948103,0.9472764630081497,0.4978494147970844,E02000101
0.9126693225381503,0.5957744632957691,-0.10508203536968948,E02000102
0.7427937573777363,0.6513076693161237,0.15980761985165262,E02000103
-0.22474888807017315,0.9733172664240546,-0.4578148406090795,E02000104
-0.10238972022380632,0.957211280069843,-0.4242414653598616,E02000105
0.8174739068218804,0.8087092273278854,-0.366996224723289,E02000106
0.0952156274895782,1.4798523490376623,-0.24108416289083948,E02000107
-0.0207196621213896,1.0714990342636763,-0.3890628999963219,E02000108
-0.21328266725316022,0.905330210129927,-0.21298713918342807,E02000109
-0.0988810327325548,1.654617020128463,0.21244606362800003,E02000110
0.04088356061126434,0.9871966265639953,-0.6347187454362955,E02000111
-0.18510066325335478,0.9697947872569956,-0.7344274035115507,E02000112
3.2192156881253133,0.48335417425389,1.557528630185621,E02000113
0.35882762961125214,1.6196859609966954,-0.06336235182770715,E02000114
0.09086021012640658,1.8568616886799727,0.7634732002647496,E02000115
1.6894823589477272,0.6888698116996248,0.28311762415173963,E02000116
2.7596579187251904,0.9397041815624729,0.8033689506034689,E02000117
0.5395455707404107,0.7355831201073519,-0.40668208881740125,E02000118
3.2773176308983683,0.1747134103675033,2.2965286339492237,E02000119
0.24817758595107237,2.123740716102733,0.39830010365863383,E02000120
-0.1439997645411979,0.7928348367807898,-0.7732924513325943,E02000121
-0.6318196208354373,1.6817931302776687,0.43833168811323986,E02000122
1.9586351418348529,1.0825527946276707,0.2080904353366719,E02000123
-0.3244173457164237,1.9544588217866519,0.6064525485940313,E02000124
-0.15199189438190286,2.0128116863467764,0.35309815576392095,E02000125
3.660777893368933,1.396363313135721,2.2709229517834313,E02000126
1.4055826926224297,0.648788419560911,0.9190066174350089,E02000127
-0.9944895381177016,1.0109814520372584,0.18935174444811637,E02000128
-0.37785471671128457,1.420033469997537,0.453574463557124,E02000130
0.12619591189181076,1.433433602112155,0.9063483827418151,E02000131
-1.0827699089254519,1.7590313768815238,0.6075362702541153,E02000132
-2.3739406994112064,1.2778154394342707,0.35286001632521224,E02000133
-0.5755716856227686,1.453012592907636,0.3330961816434578,E02000134
2.5237639749102647,0.8857307411056797,1.2787645480112513,E02000135
-0.5014374391797368,0.34994090453048526,0.5929624838869042,E02000136
-1.6933921602467095,1.6103580066856644,0.1655348081458984,E02000137
-2.027667203112575,1.6497015364172942,0.07750834104657886,E02000138
-1.067898081907923,1.559362727834593,0.35791921505437907,E02000139
2.0236181726149627,0.5029495424677063,1.1596415208885247,E02000140
-0.4913069880137666,1.5462490157594189,0.08543239376860873,E02000141
-1.6347702809844424,1.5488629034659538,-0.04668336487768974,E02000142
-1.7919299939619946,1.6839840972194051,0.10020994201989225,E02000144
1.2170797493669498,-0.4614936427368747,1.2225881322463386,E02000145
-1.3136664828218176,1.3883912352986287,-0.06562422390809315,E02000146
-2.0535242897549626,1.5537614566921587,0.0440181143588595,E02000147
-1.80040375256584,1.1519477919026222,0.14417757384836594,E02000148
0.1447874913638226,0.7966014751847451,0.17910162253658254,E02000149
-1.2774524756940764,0.9827943717438609,0.02583436927098657,E02000150
-2.0480331814734125,1.4455983216402377,-0.17760145410239023,E02000151
0.6215338906169512,0.527840539829836,0.8384112919270571,E02000152
-1.6612680890529261,1.1133076746388058,-0.3593047731869481,E02000153
-1.1715825111625748,1.1967523041859716,-0.04338302860610964,E02000154
-0.6967406381784583,0.8569162990653174,-0.3547358245017555,E02000155
-1.6249330781775717,1.109071845961474,-0.20342060628218483,E02000156
-1.927966772554884,1.2410848106432941,-0.2744671010825836,E02000157
-0.08401331459896416,0.9006671335763805,0.48731351192257777,E02000158
-1.9447102644466492,0.5464473770703208,-0.07731786250920711,E02000159
-1.9942489513510933,0.4645677979855457,0.03719448459841661,E02000160
-1.7227448085999133,1.3817636421210269,-0.4442831034746523,E02000161
-1.0056090029459446,-0.1362797751250101,0.7100373834813716,E02000162
-1.9836724445484792,0.42631950498986754,0.4525292353297635,E02000163
-1.5485939130083735,0.4114351735640013,-0.12232706356320493,E02000165
0.11751320339700462,1.328779829660496,1.8043037729288738,E02000166
-2.2117857933021723,2.2890841932668176,0.9453937866076106,E02000167
-0.05608287117895305,2.3428093100252187,1.2101863340496488,E02000168
-1.8409776274052077,2.229771988563533,0.3791579359265309,E02000169
-1.2547559177693164,2.4796401890915085,0.48644022906615414,E02000170
-0.35056277827232324,2.5355259814518907,1.0270113272164658,E02000171
2.775084219925606,1.5525733373242634,1.869451258201852,E02000172
-1.5745983740224663,2.7674323908976963,0.9788577662325546,E02000173
1.1972643138060812,2.075739167017007,1.384324373388952,E02000174
-0.5410204393217343,2.4642604266651955,0.8210934491191162,E02000175
-1.6882917969198439,2.9737156789617587,0.49061883699420344,E02000176
1.883368292463818,1.9208881490976746,1.5979435553930441,E02000177
1.0229484193580416,1.9589693752923887,0.865286111030377,E02000178
0.06568853249453602,2.48214755063096,1.208395186972883,E02000179
1.2882189488904985,1.8787600876904114,0.9989479710285539,E02000180
-1.1904258352413477,2.832572944156294,0.8062350631678218,E02000181
-0.6347921984756298,1.9760533113962264,0.5730769966586555,E02000182
-0.0281943686174447,2.2158207091084114,1.213236227082465,E02000183
2.0715217140810385,1.4339257348318752,1.1782750240352267,E02000184
1.9998995896894458,1.7611074350921647,1.258775808539796,E02000185
0.4941957278608684,1.4845321084760674,0.8375689041439687,E02000186
3.4986581540866823,0.8137496788120435,2.178421665830768,E02000187
2.8081775245269944,1.312959218394897,1.6757025043770344,E02000188
2.6627062616239168,1.475025681157045,1.393524014554287,E02000189
1.6148161117856947,1.723947692442655,0.9579706550353743,E02000190
-0.09090396453635727,1.8091119632065662,0.3900453756829771,E02000191
1.6682470730682697,2.0266237260907363,1.7748820607156996,E02000192
-0.06297450914428845,1.8645827385275657,1.1211825807203804,E02000193
-0.06713358127783157,1.5621696326409933,0.7452646363846317,E02000194
-0.9707695462456614,1.2386315862366615,-0.22075841699770685,E02000195
0.14904902724099273,1.0198025176606857,-0.08018706482338099,E02000196
0.19263247890901378,1.2677719186695962,-0.1333434093431938,E02000197
0.7985394123367905,1.0338754035033402,-0.1545207894829288,E02000198
-0.0638356647050673,1.2968843766255536,-0.5260651258688458,E02000199
0.021031634584965556,1.1542278449907606,-0.26418924823727635,E02000200
1.29978447704285,1.0866863230351946,0.26790538968531463,E02000201
-0.21047995944421344,1.2325127011242476,-1.0176315044688573,E02000202
1.030602436313426,1.0519708935690764,-0.1276521347432712,E02000203
-0.10436767160380142,1.0799677913138483,-0.7707932398187208,E02000204
1.0792753825648633,0.8558316375087405,0.1912601718398863,E02000206
0.9605469202945441,1.042464510229444,0.36246436401526494,E02000207
1.6911985256890107,0.7829261170006369,-0.1479314611896442,E02000208
0.4608103137759256,0.9488157800903171,-0.41350934587470833,E02000209
-0.42404136733123227,1.5986542617663402,-0.3327148920985075,E02000210
-1.2767529827414708,1.2370305718036891,-0.342569078168072,E02000211
1.1027925914189842,0.6856566879817974,-0.08944696196198149,E02000212
1.5719748033191654,0.9705600696155731,0.19142563446461805,E02000213
-1.306358523113579,1.4791936955495153,-0.3243581895356135,E02000214
-0.17807941878625613,1.7215695120386256,0.05226161239356992,E02000215
-1.5991499033088754,1.6135734961747312,0.6428058816329211,E02000216
0.43650938107610765,1.216682589242065,0.28213021360802315,E02000217
0.7253931672221579,1.1154737839665512,0.9021759249169335,E02000218
-1.86016006652576,0.6946992364196134,-0.024098409848049878,E02000219
-0.08977984890108436,1.354038981834491,0.07957254449071038,E02000220
0.7225100763269349,0.7936952411198016,0.9174837558785837,E02000221
-1.1760072518907463,1.4675215135737918,0.18059965848545625,E02000222
3.459221556074762,0.7537678449395269,1.948160749388181,E02000223
-1.0264648296240244,1.520986202412129,-0.14993497805586997,E02000224
1.5972483696202593,0.47900519346680676,0.6654372947649458,E02000225
-1.8456178082294794,0.9827600257985241,-0.2652084872886603,E02000226
-0.7196631886835971,0.6359003507775234,-0.12851340576445472,E02000227
-2.1591878102746125,1.3082292805249558,0.05287048625383296,E02000228
2.4309464323828593,0.41401573642146844,1.1859090288733796,E02000229
-1.2870699303551982,1.3298508664412205,-0.016837947520267432,E02000230
-1.8623593492435726,1.0874980654861324,-0.1307304184350617,E02000231
-1.2872467774336744,0.5506663942540383,0.19411572839373098,E02000232
-0.9116545822278701,1.2567559048046462,0.26219771260128844,E02000233
-1.0604295362157201,1.0670174431214772,0.354027773307545,E02000234
-1.7185769123777375,0.9342291007458695,0.6270059602600545,E02000235
-1.718138435170657,1.002046635531801,0.007538398370712667,E02000236
-1.1078418708464717,0.5902220524579309,0.325333702743405,E02000237
-0.31270286022770594,1.0054347454644772,-0.43081969045769086,E02000238
-1.1260098699573893,0.8240698628122782,-0.6938286081555306,E02000239
1.106304034408835,0.825406678267099,0.5178494712368845,E02000240
-0.6999433466897318,1.0029916984814262,-0.5482368392903626,E02000241
-0.7095042270412039,1.096943397322317,-0.8879518253995461,E02000242
-0.17920065189633383,0.6621034726199541,0.11432337003206504,E02000243
-0.9113821574219378,0.9780508383955849,-0.3660147270184882,E02000244
1.831514698649193,0.5671540246844545,0.8844335955961055,E02000245
1.2113518964055752,0.5336484462526507,0.5519878620308026,E02000246
0.765702595280774,0.9092031496713451,0.012511154585449727,E02000247
-1.288431669492101,1.315762113939566,-0.26854145074339403,E02000248
0.2310682996048214,0.8655036720353951,-0.2988143023605622,E02000249
-2.175087958643116,2.3467406963179487,0.34892516410226726,E02000250
-0.46644326039969297,1.0784204131717676,-0.9479195031007538,E02000251
0.36474599469614966,0.703076178421319,0.5077423033964461,E02000252
1.6955468727551763,1.034537263264507,0.9143012720083121,E02000253
-0.04884962889162186,0.9367365924066261,-0.9152591397037178,E02000254
-0.3135446091950105,1.5719070159979882,0.5543167130527694,E02000255
-1.5342937675474757,2.248683258136925,0.3682937578414835,E02000256
-1.406142181824756,2.09519297448375,0.5378148384288618,E02000257
-0.47389432752020677,1.483833610675781,0.2019993213727543,E02000258
-1.146960398191517,1.473318265630784,0.022812057233522087,E02000259
0.5877023304691996,0.8432769888149648,-0.5233639887460392,E02000260
0.3475034013163466,1.3991375247928173,0.3462392117867616,E02000261
0.6026833663379869,1.6599894175792547,0.3450237458310959,E02000262
0.8366192255899552,0.7003526139727818,-0.8232323044508604,E02000263
-1.2653092129132897,1.895570172058241,0.3888981994056081,E02000264
0.5474506077769719,1.603929507496889,0.46389265213809044,E02000265
2.0735645057863503,0.24986067135033158,1.2244968496839672,E02000266
-0.7989854363157042,1.8797134729756413,0.06576875897678869,E02000267
-0.7632036165142756,1.9081479297518262,0.5700461342439439,E02000268
-1.80957778852786,2.3417371408157988,0.14133122250101826,E02000269
2.263984636839882,1.1945475777486632,1.3414404077549005,E02000270
-1.9812459992905385,2.6043536683987134,0.4347383558615349,E02000271
-1.723470262383181,1.853702267039811,0.081139804028749,E02000272
0.8166924843827145,0.6020763681294194,-0.9416422558759506,E02000274
0.7459423111415592,0.7189091929115455,-0.14788860606791548,E02000275
-1.4143541150427554,2.2134940989260463,0.42500605724743146,E02000276
0.19475715515890968,0.8396052387035244,-0.6353073409709971,E02000277
1.877118058861203,0.6072092319743652,0.3356991002800115,E02000278
0.9516907930385381,0.5685994035411714,0.13931673782372786,E02000279
-0.6596004511997208,-0.06411548499508357,0.8910618976383923,E02000280
0.4345903485232273,0.7744592042672486,0.05021096724324405,E02000281
2.0941431998809152,0.580244672384593,0.32413220320280767,E02000282
0.7898586186021733,0.7357422517641667,-0.47268841938040806,E02000283
-0.9009342834855146,1.5735168580682528,0.00033498357044639364,E02000284
-1.193412808006178,1.3910326409493363,-0.5824472053450299,E02000285
-1.4158421697400032,1.342250121955636,-0.15719905944017082,E02000286
-1.592098882990591,0.3410495771549625,0.4402706968523102,E02000287
0.9434286712047275,0.5258533187497959,-0.14973546492303036,E02000288
-1.491967658324797,0.7853458857904334,-0.037403557899766314,E02000289
1.7601734766601245,-0.1819474715143835,1.08427051476627,E02000290
-0.12474562803461976,1.378173992385594,-0.02902440630454024,E02000291
-0.4664100181893229,0.9835606547155471,-0.4597372840037647,E02000292
-1.7373488635527234,1.1575376499007486,-0.2082352762367024,E02000293
0.6274329256268447,0.6291974236933732,-0.42380260315149015,E02000294
-1.0640981224318584,1.394984186432465,-0.07232882537985101,E02000295
-0.5553991220049839,1.1366975671393864,-0.20866339125159816,E02000296
-1.375117932490815,1.3841222107596498,-0.5401724505350686,E02000297
-1.7639700474128415,1.5187837025779545,-0.04787209121691177,E02000298
1.030077696672594,0.9215592515666327,-0.5170100196407963,E02000299
0.5548629180412851,1.0039581932019648,-0.7671533820324482,E02000300
1.8509848882982705,0.4509388986152737,0.34682906318163026,E02000301
-0.3911309378795248,1.0495003993306782,-0.2083484790997895,E02000302
2.1104312711737214,0.5337319310413178,0.3171046554765154,E02000303
-1.9292130809177468,1.71765580873739,-0.058706433049159186,E02000304
-1.0813507951384576,1.6986972758293948,-0.44510952040635327,E02000305
3.008455708692494,0.28986773517170866,1.4918641623741444,E02000306
0.056133199966943395,0.9898807856271371,-0.8633096904522274,E02000307
0.009649575586849295,1.2003967396878636,0.05198370447609564,E02000308
1.4748501263341893,0.46601780161539735,-0.32364208147320067,E02000309
0.35508253650382776,0.932764149506927,-0.322800202128524,E02000311
-0.7878756993446873,1.5892372591771204,-0.2735962410905212,E02000312
2.739487809271846,1.0366682110913732,1.9594891953165692,E02000313
0.33009033025395,0.7586691912139163,0.2666490586179872,E02000314
2.2463104965457075,0.8708899359435323,1.1397768788106062,E02000315
1.1423628835156308,1.1465878426829543,1.2728556842823824,E02000316
2.982525431272578,1.2230644328169928,1.9435288636206025,E02000317
1.0127498893183113,0.8132249682322121,-0.16182153043124714,E02000318
0.9787597587012568,1.321066122264942,0.3690727168227316,E02000319
0.6579799727994069,0.7793982080659938,0.47281392646756765,E02000320
2.6239245561746567,1.106915419553308,1.4401697884012568,E02000321
2.4794070735815272,1.0303131913789638,0.9213069977525628,E02000323
1.961571237142303,0.9881031112530264,1.7697054135914325,E02000324
0.21747134630484183,1.8027693672229628,0.8954085452118385,E02000326
1.8871948351759686,0.602455729188333,1.6517434840302936,E02000327
-0.4790880886226763,2.1929064454815665,1.391315364464687,E02000328
0.025315633213222718,0.8295815342964244,0.429348721491608,E02000329
0.9948026403315541,1.2539098444819405,0.8379994321220738,E02000331
-0.6536233162221883,1.1727044680102932,0.39803564276508097,E02000332
-1.5433771347975827,2.253755760373594,1.0867883657569217,E02000333
0.3302411694423496,1.0851884930778373,0.7110822973791189,E02000334
-0.8502923203080148,1.3015899731165517,0.09393504330435459,E02000335
1.5969230722090129,0.9277612404873322,1.1918457100729094,E02000337
-0.5710961545238904,1.4285300505475955,0.5760707754432997,E02000339
-0.7889660487862405,0.6815994319777335,0.35034148800429327,E02000340
2.3712579287259072,0.5713720422748678,1.5472900335019533,E02000341
0.7312466918078852,0.8344517137440582,0.6560401252469177,E02000342
0.9661965893888175,0.9802441398380553,0.8656715873550892,E02000343
-0.7876487979947594,1.171728149010224,-0.13975546652724932,E02000344
0.7755693828241108,1.3766658685399975,-0.11527700962056764,E02000345
3.816644542135832,0.8622533511593533,1.978526620501013,E02000346
1.2915863764250932,1.454626618919266,0.838139312374501,E02000347
2.198568180178231,1.2613235181638511,1.001128020148232,E02000348
0.35290440044187554,1.9262473076779256,0.29933452186470444,E02000350
0.1457528432207435,2.241467567443662,0.6147164870394306,E02000351
0.9030971859384922,1.7356041169193985,1.413234555447742,E02000352
-0.12283956756849751,2.1993757849181175,0.5806661169025923,E02000353
2.196399637689762,1.281142103459978,1.1872271057655737,E02000354
0.6492385422835145,1.7402001009323365,0.4152201299636393,E02000355
0.06542029088967716,2.4241515486992333,0.8602787566480387,E02000356
3.6432022982077004,0.4540150868799719,2.52595999699436,E02000357
1.6068941789586615,1.765483281160879,0.9291074944281665,E02000358
1.3622696216099135,1.546176261362008,0.5281725512650277,E02000359
2.883237693846711,1.5620419711135443,1.6954709311262162,E02000360
1.55300270981464,1.5807600431900732,1.0217877688454953,E02000361
2.2125429155890237,0.7785410783488437,1.350594827990784,E02000362
3.770517127833167,1.2445771027963912,1.904813133496707,E02000363
0.9108573555585378,2.088626439017557,1.4095647407100627,E02000364
0.9354432794648488,1.8790024082092271,0.9544772200256861,E02000365
2.5025140893908953,1.580183181565655,1.9162223979304105,E02000366
1.2260073389865254,1.8918955287262524,1.2376899680730693,E02000367
2.9506577542622896,1.433703971565341,1.911144484769833,E02000368
2.2883630449136803,1.736827531875706,1.6010447939928656,E02000369
2.229387727678469,1.7416338982506498,1.7255324103309149,E02000370
1.016600779099977,1.9024034810712065,1.3237822271520048,E02000371
2.082986451675134,0.6572910096738434,2.23195481562743,E02000372
3.772091856260497,1.2046925373221469,2.042720518920024,E02000373
0.9201253679709913,1.9615888751955206,1.1366465072664027,E02000374
1.383991796566813,1.6697436222765327,1.5900191956100076,E02000375
1.1448497577880261,1.91629788132619,0.8065414830754607,E02000376
1.146518561007433,1.9485308443130975,0.8303566718180633,E02000377
0.1182362277263915,2.6022829176537274,0.8107257626682216,E02000378
-0.05405973576036578,2.094175156445693,0.9210071039130449,E02000379
-0.38621883344982194,2.588216664835947,0.9352531239814833,E02000380
-0.2984462370142065,2.506435917858498,1.0166690396462708,E02000381
-0.01812650514577389,2.1194702471391365,0.9448954768220283,E02000382
-0.35045687410358495,2.289513878927007,0.4836730753595357,E02000383
1.6151022608218606,1.5828443403205201,1.6211065963662106,E02000384
-1.0195042404290429,2.784145541180286,0.7411798124280341,E02000385
1.736368975907384,1.9107662773416394,1.3241762890004527,E02000386
1.0708638830068269,2.158560445308447,1.679209549684137,E02000387
0.07845309007258734,2.4263304845760607,1.1638508867890316,E02000388
-1.216757156886991,2.576565017209582,0.5844400952127681,E02000389
0.03261841067581713,2.3967364020534347,0.7689430567788103,E02000390
-0.4348551584200599,2.356846881717083,0.995219936522489,E02000391
-0.42718334291130255,2.735113088782667,1.0739707664949305,E02000392
-1.6010525778880011,3.0638452903788598,0.7272608529321122,E02000393
0.3045448949010518,2.1206694701535596,1.2644705700284098,E02000394
-1.942359503234428,2.522102223161261,0.8918678298762068,E02000395
-0.25416683690994524,2.290277595085535,1.192745636254522,E02000396
0.7566537467837227,1.5382909533870976,0.15854889830270277,E02000397
3.2491541392469587,0.25824672752665667,0.9525347996639812,E02000398
0.30201435452853653,1.4112333661770768,0.930990559909503,E02000400
2.7118790129938315,0.7960757289478788,1.1285763006615284,E02000401
2.8794774307429893,0.4944294103462259,0.9286727788228546,E02000402
0.2516780690056578,1.093859814141054,-0.3749681091590702,E02000403
1.4523868388434948,1.0538667599858975,0.2046111209013573,E02000404
-1.7866742628584373,1.8989820796620076,0.6137011002125843,E02000405
1.9341462688125373,1.2858313630770488,0.5938489732446114,E02000406
2.3755814974935814,0.8831117670898062,0.13959365853271502,E02000407
2.7303644336026824,0.9115109084285088,0.5744734706150781,E02000408
2.7713249988278386,0.8950121127711174,1.339109631826605,E02000409
-1.7224199852250461,2.4100658622172935,0.3097291024341717,E02000410
1.6446383171281922,0.5145609695970463,0.42232117558851107,E02000411
1.8077997861953818,1.0111693411037133,0.6599298166634486,E02000412
-1.2123505985162617,2.0470014000263386,0.6759982635438576,E02000413
0.905112181495462,1.4249649489403147,-0.3811450327392953,E02000414
0.6513312895981707,1.167346555789325,-0.15765986170908522,E02000415
0.8843605648300519,1.8411628146215542,1.0565506208498905,E02000416
-1.7023596243778358,2.2781247643938163,0.5520457609228082,E02000417
-1.5870050875280586,2.3901908196236716,0.6483558413970587,E02000418
0.20073332367673882,1.5697968901531598,-0.2418046455611634,E02000419
2.0131596082806853,1.0256570132611855,0.2780384875954066,E02000420
2.5194453574983764,0.7607556332009346,0.785802799572342,E02000421
1.4639253528434641,1.3167768131420987,0.25892490489143233,E02000422
0.3381017251200455,1.329275592668765,-0.47721777476501104,E02000423
-0.361801146755999,2.2703531551809117,0.9626151162542506,E02000424
0.860465265032512,1.1201179967345567,-0.4005743027782786,E02000425
-1.4809611465114243,1.8035636692918493,1.0776627190530133,E02000426
-0.13512343680433522,1.3150998107521679,-0.03479724032007208,E02000427
2.136869287721712,1.0509327453385555,0.7650630061708522,E02000428
-1.9743092458341167,2.6378352809054717,0.852483072298281,E02000429
-1.4691342586010026,2.7230832614096805,0.706426811347855,E02000430
-2.027114791351598,2.9124660515360197,0.587093062007729,E02000431
-0.17113705697960335,2.344820181073261,1.0183088404819427,E02000432
-1.4896036354719582,0.6749848304112068,0.45960965881023463,E02000433
-1.1768051120508334,1.2994672172323958,-0.10307370366330344,E02000434
-0.25691218036105523,0.960833023411947,0.22317131208361202,E02000435
-2.230747796058575,0.9285274014745117,0.27564089390528435,E02000436
-0.6119679973515406,1.128630687033058,-0.3849961131741619,E02000437
-0.2719953253879074,1.1488886804100635,0.4003076481711034,E02000438
-0.28355588806128285,1.0795724816401298,-0.5496085458399625,E02000439
-1.3199979641439938,1.428958792513465,-0.486588140472174,E02000440
-0.7247032062902407,1.0872838477514735,0.6209257859362817,E02000441
-0.6569762314192177,1.0076737010852768,-0.9773427367303139,E02000442
0.267839602888639,1.0884884782174993,-0.48435306096089986,E02000443
-0.9906219293438339,1.2163017512449952,-0.8813118297511813,E02000444
0.03867001407563368,1.1005408646259447,-0.399671767612362,E02000445
-1.3039836404090306,1.16218940379645,-0.012640704305292367,E02000447
-1.8929121921299625,1.7531305972998945,0.4109592887372339,E02000448
0.15185123333661574,0.9909488086466893,-0.43499899004066306,E02000449
-1.9327706079490852,1.5388086696818875,-0.15557322850066801,E02000451
-0.9226571138383194,1.4097481000380307,-0.564442293224902,E02000452
-1.2254751908920825,1.591493705924993,-0.33037499892020133,E02000453
-2.004363508979944,1.68705414109871,-0.026654083809912126,E02000454
-0.7832035548679342,1.6149989251978096,0.18407974994442947,E02000455
-0.9674709796477734,1.6100858819399442,-0.15949632494780616,E02000456
-1.3984769259098087,1.4310100202023,-0.2994435137318051,E02000457
0.14421225931183126,0.9968672363106384,-0.1216340300469467,E02000459
0.8630339239599134,0.9783099504459697,0.3527558539304943,E02000460
-1.822530754963355,1.2943997180109033,0.1292237608713008,E02000461
-0.6084596429298442,1.0605945813500504,-0.7219553654776419,E02000462
0.28266554092454715,1.109944801297391,-0.17094418293676433,E02000463
1.0298127915459727,-0.2873856057502808,0.7824240481503318,E02000464
1.4239799090697791,0.3217769772895806,0.9320477792643461,E02000465
0.2868891488600509,0.03284147381719418,0.5563930581503373,E02000466
2.730825566875513,0.6699024996004377,1.2695968503106003,E02000467
-0.322346604875152,0.22696498808000629,-0.2298186531910942,E02000468
1.2120593775294595,0.4476148068570741,0.5162026014830469,E02000469
-1.1633600986823975,0.2751434818101385,-0.017982085797471674,E02000470
-1.2196855344568618,0.7680471667556147,-0.7472990592193581,E02000471
-0.6723714144557523,1.019653127519452,-0.5806582075027082,E02000472
-1.1457430470307406,0.9030842411874063,-0.3662683238746745,E02000473
-0.12113260876952946,0.7274330660449179,-0.09510637969606567,E02000474
-1.223411829963239,1.165877215436264,0.10243319917623761,E02000475
0.41787005111321185,1.1118080110516495,0.4732282007384468,E02000476
-1.4036306053597531,1.3217735812590774,-0.5141796642590787,E02000477
-1.696093713505242,0.9522217353856909,-0.13118357307484535,E02000478
-0.45826328211026446,1.133781932773678,-0.35134044009711896,E02000479
-0.27535417416129465,0.6671897816606887,0.010754990375899392,E02000480
-1.4627680103833884,-0.07213832816361095,0.09536944300633939,E02000481
-1.9949381741845693,0.9971507388801735,-0.2581135312850101,E02000482
-0.39569746322793153,1.0271467076874585,-0.002112442047003439,E02000483
-0.9926106440678627,1.0079451664187793,-0.45778854403111024,E02000484
-1.1732137374919545,1.0565932554988975,-0.31453310773813875,E02000485
-1.068820015531063,1.136653176859174,-0.7083841883829253,E02000486
-2.301314020349781,0.31528927114750477,0.13565338108143674,E02000487
-1.2726974761176242,0.8680644117818452,-0.7765091330424737,E02000488
-0.26663967895019525,0.6709301330713373,0.049312788448469466,E02000489
-0.16742635726787677,0.5339698731707859,-0.4503808808330877,E02000490
0.6030970546500511,0.09734000888254982,0.4109804906840473,E02000491
-1.3640598227906162,-0.46403079590868,-0.18205962564809597,E02000492
0.2558939396367912,0.6706120416384628,-0.3646531507153884,E02000493
-1.7328063979691735,1.0272275462224623,0.9394318210227094,E02000494
-1.10642950007963,1.2454828069818105,0.26842542983803497,E02000495
-0.5406833153815229,-0.10197990423453897,1.157737131256823,E02000496
-0.7644909413565112,1.137199773592332,0.5452634390553973,E02000497
-1.0613174018191234,0.9027767274177199,0.5980563631145335,E02000498
-1.6361504774999311,1.499497349095851,-0.152833437715211,E02000499
-1.7577302304871876,1.2455631107005216,0.11731340351680541,E02000500
-1.2948787812838345,1.433266223222408,-0.24668540296408856,E02000501
-1.6995702460244972,0.8663456230694994,-0.018684006924508244,E02000502
-1.5438288906997208,1.5697571478187977,-0.41404370557539,E02000503
-1.9993546612710538,1.2359576940612513,0.08273682643123674,E02000504
-1.9068893737760317,0.8072974622776281,0.1690182769783897,E02000506
-0.9573687463576314,0.8461182617052927,-0.1124874370206657,E02000507
-0.46481603959762685,0.8603136607940828,0.22121800390000582,E02000508
0.06273486151457598,0.8608437597943411,0.21210419597694483,E02000509
-0.6688798369375425,1.0550869954843907,-0.005826300896841955,E02000510
-0.6409162327962521,0.7449215596575027,-0.5195855554947123,E02000511
0.8589464657015647,0.8364815765994726,0.36276262141913684,E02000512
1.2366984084713895,0.75555020405512,0.3601479477042903,E02000513
-0.1885723810324821,0.9590673981979736,-0.923509757658653,E02000514
0.20017552506721129,0.672953874868524,0.2807477986684546,E02000515
0.052718444856387554,0.8458276518119223,-0.0996984630467856,E02000516
1.1429835215570885,0.591334273580625,0.12329195629352306,E02000517
0.9069308671463527,0.5293035926524445,0.6486751725862642,E02000518
1.4187719159650163,0.5627835510302112,0.6665275167080412,E02000519
0.5061198999565695,0.2688411077560588,0.1274377928530877,E02000520
0.9365001398146248,0.6124572307158598,0.5520671629434405,E02000521
0.5788484113614893,0.9251989358449121,0.3616998870102542,E02000522
-0.16967714347888874,0.8639033911470385,-0.5008129135873736,E02000523
-0.8624501967707222,-0.5787581267440799,0.4494664695195483,E02000524
0.0954248808100594,0.2866687550532209,0.11558974565326109,E02000525
-1.6988612694173097,2.5501417291446944,0.6538534520982161,E02000526
1.2260747994700862,1.0885528950946293,1.5868387091122822,E02000528
0.3531654274831043,0.9646847508990052,-0.0886004461944502,E02000529
2.039197640211764,0.09596558534483751,1.375929112232234,E02000530
-0.09846204439933477,1.1920999930552942,0.7989476077433922,E02000531
-0.9055360060085008,1.7883581858258701,1.1842451544924741,E02000532
-0.9666562270341564,2.277861787565473,0.9881431650525964,E02000533
-1.722012868195275,0.9701420907521832,0.27813787548446617,E02000534
-0.3327618567976022,1.0471404431818772,-0.276164852398383,E02000535
-0.15155302441875282,1.0325172682882737,-0.09758460924874927,E02000536
-1.3810294448229663,1.2910271561194075,-0.42187667830243436,E02000537
0.009782674130623165,0.5880793927171667,-0.11868199994720376,E02000538
-0.09619042724497853,1.5255651991617682,0.6697880865168082,E02000539
-0.029873409672929715,1.3110553860944554,0.1365436385173473,E02000540
1.1206703235871736,1.0000504824903949,0.46826626199949994,E02000541
0.5256960706996395,1.1502489121078208,0.06805932676164353,E02000542
-0.35766548879269217,1.554039457162198,-0.21870895712553085,E02000543
-1.073078235792176,1.2528337872858737,-0.5070891976098518,E02000544
0.8243642615054404,1.2395053683038069,1.0767451179111467,E02000545
-0.11195986014312807,0.7353687658864124,-0.04061398508133954,E02000546
0.08532463924442822,0.47571900594029665,0.16411935594033292,E02000547
0.9190326996382909,0.37922697232560554,0.7908962626644028,E02000548
0.2072740635347808,0.6900339498898597,-0.08864766710377389,E02000549
1.1343802761261725,1.3066341528068395,0.638129297560877,E02000550
1.9711366877173981,0.4679550148419064,1.288186309280588,E02000551
-0.7527461146045084,0.6906872339673021,-0.1496849067044357,E02000552
0.16402341302213935,0.5215449721439817,0.4020243383839994,E02000553
2.5664377412904607,1.540038137683962,1.6592514809160834,E02000554
1.1350964696992978,1.9630986639511396,1.0955099825741217,E02000555
1.209340528855322,1.8820491937973753,0.9735939033289136,E02000556
1.7838071300743956,1.723276918522585,1.6590210682024602,E02000557
3.7362385964434,1.3117571153117737,1.8034142938187714,E02000558
-0.12773811298219315,2.37985537478151,0.832383761599014,E02000559
0.7116033182992595,1.8211882568430062,0.4591040255092685,E02000560
-0.32016315420265135,2.361792369295644,0.9563568069203611,E02000561
0.9653460880836245,2.0895200468659074,1.595658057573075,E02000562
2.4167294092797658,1.5335462982436718,1.4728562651062311,E02000563
0.9044958675461933,2.007611240219765,1.2239413104340595,E02000564
1.9497796011535498,1.9226276746284108,1.7235256946617974,E02000565
-0.11670677723013917,2.44644207958854,1.325654799710517,E02000566
1.2425713472464401,2.1418908089951585,1.5537428079294464,E02000567
2.4224939129649514,1.2978303695480362,1.6274181655634683,E02000568
1.6052830416402801,2.1797015017713277,2.0148053154686125,E02000569
-0.5041098177981043,2.7526443589400778,1.28293772172905,E02000570
1.9007473005587197,2.0575989651330575,1.9054783114164617,E02000571
3.075295216589053,1.4804432454481686,1.7504145575871488,E02000572
-0.1880167586548106,2.5763489685516734,1.413767333182521,E02000573
0.8464598023991647,2.1061292205928637,1.3054662711988574,E02000574
0.6194509829529661,2.0518662656816398,1.2771738985107044,E02000575
2.09601010226836,1.7644306239820184,2.1178771110914587,E02000576
3.8169696377339966,0.9520284873937563,2.589396707737649,E02000577
3.6592393946819253,1.2300102185733544,2.512827603255492,E02000578
1.2589124539148648,1.9362834826873998,1.3982524437826205,E02000579
1.9675322271689357,2.1383549510286852,1.6788807667827177,E02000580
3.4023275914437776,1.5874390042533917,2.4763829589490998,E02000581
-1.2434436773419577,2.840734998730055,0.6044774286099838,E02000582
-0.9611027595191001,2.690784841093935,0.9309306978901559,E02000583
-1.9389684782678895,2.679655916911932,0.5809655764693138,E02000584
-1.1282319193441324,2.2835617980311342,0.5250323310542183,E02000585
-2.007456298050968,2.9203027184852544,0.24751009921665587,E02000586
-1.7677882276115875,2.688727717833379,0.045298651334615046,E02000587
-2.2654629996343365,2.9459370532264644,0.49904464265411447,E02000588
-0.9720325420310763,2.72207258574164,0.08788775050446157,E02000589
0.15016758688843576,2.245399471993622,0.9647589971728456,E02000590
0.6387413195309961,2.1416329132712493,0.6750802503762326,E02000591
-2.057259461223143,2.887029761236606,0.4445954650340439,E02000592
-0.6814518666506206,2.4745848572361435,0.4322410643908682,E02000593
-1.3756090627802922,2.4430499638865624,0.6596711939958355,E02000594
-1.2007878016734816,2.4938428398495565,0.5946352422028338,E02000595
-1.5714727685241174,2.7939514504520693,0.44624024629364156,E02000596
1.6828674498370602,1.8986055414160117,1.3190132089630846,E02000597
-1.813965248939907,1.9469838799907406,0.2147285445327866,E02000598
-2.063969325648694,1.013786735292782,0.06654775135246471,E02000599
-1.263277355799453,1.9821672805258488,0.4018794958899822,E02000600
-1.359583207344878,2.267029193297052,0.4413584675304852,E02000601
0.5078373614924041,1.5145635803642405,0.8508861229322174,E02000602
0.1365902062305863,1.1399448777513732,0.3893241366594774,E02000603
-1.4591334479456872,1.634317930778237,-0.07473074378099728,E02000604
-1.4269017993849462,1.5073618042053103,-0.22067784726121814,E02000605
-1.7326953596396226,2.089184521219274,0.21961251994225686,E02000606
-1.6141160786250126,1.6449756840372312,0.13733011489335478,E02000607
-1.3175806008878574,2.1392635340894057,0.26129187709775636,E02000608
-0.7190918458946716,1.1692152776198663,-0.023974732434211905,E02000609
-1.0319986301908095,2.000368629257161,0.6836999877647876,E02000610
-1.746048733532367,1.276145035129894,-0.4015808148193138,E02000611
-1.6418916940247723,1.4170632788825597,-0.16629054389103254,E02000612
-1.184698371439506,1.7138786178385905,0.16273320700754038,E02000613
-0.9016855631665031,0.6873623263078573,-0.2864569718026655,E02000614
-1.083320733956026,1.130188370348685,-0.31018322214098326,E02000615
-1.3532473870482788,1.2192640642918804,-0.3720210135831897,E02000616
-0.6318310888630442,0.35640730956146216,0.6540538792849047,E02000617
1.9527279732263658,1.8403670033636412,1.8654562107722403,E02000619
0.9453120715249909,2.187365024888804,1.7707986618408642,E02000620
0.5518664505243999,2.1982679873552082,1.1009563358051615,E02000621
0.7812281233285223,1.8718807984850665,1.2889518335091903,E02000622
2.224720037989524,1.7464188512966676,1.6724400771969004,E02000623
2.112402660173162,1.6856297514723826,1.7010957710259804,E02000624
2.3985116458765137,1.4438164587936086,1.415420634394457,E02000625
3.4018637364660353,1.219836104291352,1.9411695274745933,E02000626
1.2569139646178888,2.1422280417258333,1.3490902182181048,E02000627
3.094270547067798,1.2752727863973037,1.6541851700270986,E02000628
0.04587310012468094,2.439925829668803,1.1540757821244645,E02000629
-0.37853353899680486,2.4499436168856974,1.208894082204231,E02000630
0.016112305666176472,1.9178728928580842,1.0346351878310946,E02000631
-0.5361807458996789,2.815606518794536,0.9592018848403392,E02000632
1.7946613379778322,1.762148717506542,1.4500612998295366,E02000633
1.2446870320096513,2.11703443398406,1.7127138334069667,E02000634
0.8141287382923091,1.755878536178808,1.5588165640712106,E02000635
-1.5897685089283449,2.774887736395296,1.1054887401390163,E02000636
-0.20436220223675297,2.3374401218851206,0.6442738919214009,E02000637
1.258857583122247,1.760222676882843,1.0276192455691369,E02000638
2.2143627025460813,1.409921853041917,1.3650134180237061,E02000639
-0.6714695818515884,2.603051879232986,1.3087360731680937,E02000640
2.7374300441742494,1.349433451790571,1.6766042552146931,E02000641
0.39930274713365993,1.8195360469766597,1.117225051770997,E02000642
0.19313470584779344,1.980433834173781,0.7103070610954696,E02000643
-0.09940098644257545,1.7639228617468927,0.39859938644060183,E02000644
-0.156342547116786,1.7022482574911308,0.4861025888847598,E02000645
-0.5833736269284003,1.8228703809548001,0.051721701765999904,E02000646
-0.2619476344600946,1.7285729569177428,0.36498805979361343,E02000647
2.356184755903966,1.2787504208779825,1.3736835085623331,E02000648
-0.009863953920617237,1.6551351036500839,-0.052285841555995305,E02000649
1.2193812502816173,1.5512471447096965,1.0998455686602262,E02000650
-0.10971211907905663,1.417486651963777,0.04848063480308373,E02000651
0.2162860552114886,1.2341931324031663,-0.44928498136946465,E02000652
1.948945830898968,1.5878778475935733,1.69414275120902,E02000653
3.0689499951494366,0.845572630656334,1.7993562034125135,E02000654
1.2723750424667442,1.1065217869641157,0.6082100412481921,E02000655
1.0502842853920304,1.475689719602401,0.8055040513579267,E02000657
0.8670005479841926,1.5977478574997133,0.8703288449008023,E02000658
0.36763825867392513,1.8733750546479104,1.5018405763161626,E02000659
0.06429960845074227,1.955638555130725,0.8152734323406493,E02000660
-0.9863353849370463,2.014045334443149,1.1511952440697608,E02000661
1.1657978948214263,1.4777838152456055,1.0080977999142493,E02000662
-0.05676216385263979,1.9211871744799671,0.6313318080641133,E02000663
1.299367983400399,1.2506645079849492,0.9576108401527368,E02000664
-0.1834751994614546,2.0153677343357197,0.8201221535309495,E02000665
-0.12225959897279762,1.6716874283211365,0.5952580243352037,E02000666
-0.7245094692802283,1.8025294951292643,0.06205923276341017,E02000667
-0.7194624346789001,1.8001696811386931,0.5183741725396579,E02000668
-0.1466771622421815,1.8559801036021857,0.1775130771713302,E02000669
1.160841221511108,1.3498608851437184,0.3885637291841551,E02000670
-0.24858480869102645,1.7785111345301772,0.4783291306426612,E02000671
1.0250584815115429,1.0063673778990072,0.24591076646481247,E02000672
-0.7843614942003222,2.092378558440575,0.7895249788772966,E02000673
-0.3334516369727389,1.5115074571078755,-0.2743926651299151,E02000674
-0.2818796916471183,1.372768146442225,0.3365611065726619,E02000675
-0.09287845805746543,1.8174818917675277,0.41058162521310326,E02000676
-0.27784744034121633,1.259007724114458,-0.21232369062734718,E02000677
1.1750097294890456,0.8846577486138683,0.5533771053057455,E02000678
0.7414154403265032,1.5567656233745741,0.9136827165057871,E02000679
0.8935717675219397,1.6059914784305915,1.0836936787662312,E02000680
1.4022528546569044,0.9132725546340957,0.8102307997026849,E02000681
1.56473329418338,0.8927904729927616,0.7339477220103225,E02000682
1.4983807331269936,0.9302371874268064,0.7648260544603908,E02000683
1.08520695756814,1.4323233007484344,1.1584995749758826,E02000685
2.409017273745598,0.529989945606496,1.6979271325342264,E02000686
0.6318366235066699,1.6449778474214507,0.8075375386450256,E02000687
-2.072207650379761,2.0645869014622433,0.5705128479539342,E02000689
-2.6099442273187146,1.4745278213887765,1.1507209635317865,E02000690
-1.8073293957518735,2.4070107553862643,0.5010611809565695,E02000691
-2.3129943572368443,2.7046201652969954,0.8897137421170059,E02000692
-1.2529298786662209,2.010406433270597,0.046298401445619815,E02000693
-1.3213782420819458,2.5475926525186985,0.6348250482997486,E02000694
-0.7089211805159444,1.3352994231360262,-0.9625031531233497,E02000695
0.038259544366403594,1.4729861451778576,-0.08580295028212384,E02000696
-2.4066872559381602,2.698703545756901,0.6171290355009661,E02000697
-2.2468474582427094,2.099297752193479,0.4580939508307323,E02000698
-2.1182499846714813,2.4617500132547967,0.30454888074712627,E02000699
0.9195782804977262,1.2820060642056343,0.6712953472845191,E02000700
0.2567235783788556,1.0381414474681527,-0.4409092174465906,E02000701
0.6076338986772843,0.8416846033424036,0.3411919806383458,E02000702
-1.8204279545910589,1.820741354955887,0.03371383088433976,E02000703
-1.1577087995282207,1.6621220905777214,0.5057234322845561,E02000704
-0.5669965506753134,0.9851445069877166,-0.8593284194296811,E02000705
1.802414252851978,0.9092681071595349,0.6703650324833806,E02000706
1.0941869777768078,0.819130233575077,0.39134393729288275,E02000707
-1.636780436457342,1.5345456954203816,-0.23574320160486628,E02000708
-1.4750825338985023,1.2484150943877397,-0.3785227331645428,E02000709
0.16372048183438564,0.44765124347243274,0.24595222027945637,E02000710
0.42556962613793,0.9170172553574957,0.04458215417061298,E02000711
0.7640570003034526,0.9096007828562678,0.6759406385680216,E02000712
-1.2995695386412953,1.1388729762517757,-0.6307726392741669,E02000713
1.008434675582442,1.4073812045249925,0.12471332448670112,E02000714
1.641558954978871,0.9725922693909637,-0.4167744033484032,E02000715
1.0556399466989386,0.41459658673970556,-0.08914695118990572,E02000716
1.358890882012316,0.9364935643610478,-0.6046949227193251,E02000717
2.4033431147932354,0.7836743929085322,0.624499563176487,E02000718
1.4241322501400344,1.0751093226646957,0.17564968385947063,E02000719
0.42943169114105756,1.238142207333798,-0.6696882281831739,E02000720
1.3228611536002917,0.845517936305312,-0.9031369284824708,E02000721
0.9733120282681743,1.615213340927541,0.15530445132659734,E02000722
0.4758499482731347,1.0258568774618,-1.1091503012881816,E02000723
0.6534752285736891,1.038957011248318,-1.282062822257163,E02000724
1.163152806915581,1.4021301686750154,0.6026122319068209,E02000725
0.7818052784852124,0.4683654242073121,0.7530005117727754,E02000726
0.9500089898784697,1.0472084892647493,-1.1608160868014554,E02000727
0.30983866851995706,0.9766539976454307,-1.1114609780538058,E02000728
0.7541542225750945,1.0126017319475416,-0.2807304643390802,E02000729
0.7136480419837339,1.0829133776988327,-1.031570097994954,E02000730
0.7530462595939709,1.099127968919542,-1.0155560721975376,E02000731
2.2918672574701446,0.9508876262707138,0.16818942087706001,E02000732
2.049298270770826,1.2040108931027078,0.9177088343260947,E02000733
2.367310917288433,1.4048185552862935,0.9967096556881098,E02000734
1.486253853093294,0.9273717561561763,-0.2510357214691438,E02000735
1.5708181237618015,0.5291851828406132,0.05513761719945103,E02000736
1.2798823015086878,0.9690585218139687,-0.1020861900589877,E02000737
0.320921109984005,1.3038951718595373,-1.0505744580186902,E02000738
1.8168195216691283,1.011378844446923,0.10114891966347182,E02000739
2.235492458902416,0.6207937078462075,1.3504272524283671,E02000740
0.9727256179690399,0.9956884717492345,-0.2916964063741741,E02000741
1.304435241560636,0.9235016243384158,0.011969992673432725,E02000742
2.876842261800331,0.9160111614978089,0.9992365556827563,E02000743
1.651275447720791,1.0506020152089681,0.01042047138238274,E02000744
1.6202055300833647,1.0182896836938304,0.37308254339984753,E02000745
1.720587545213358,-0.16140969795936438,1.206716850510685,E02000746
1.209297692246743,1.0817139913490175,1.0593993220131939,E02000747
0.5090599232359975,0.6629040757577204,0.03045142402409524,E02000748
2.914705116937719,0.5410778462528378,1.4190911204232453,E02000749
0.16047323186155338,1.1138913008928257,1.1655132361030824,E02000750
-1.878098885963041,1.4791518352601176,0.0607465234987229,E02000751
0.869392477350842,0.07032294906818445,0.9877434474156499,E02000752
0.42195181791232805,1.1464804191566733,-0.02173573546193011,E02000753
-0.5722835816907699,1.2873574021334533,0.1293814049501043,E02000754
-0.6002207720550612,0.9717839168766215,-0.08103440255926526,E02000755
-0.6123984205850798,0.8116988590602663,-0.27235273092119455,E02000756
-1.543819620615298,2.0982890032217902,0.20048336621146912,E02000757
-0.3569345591346622,0.95128176696657,-0.3141398897424181,E02000758
-0.7045782509676473,1.4476123596598474,0.3313308470925977,E02000759
0.06598088260385127,1.0468810037984266,-0.1746350426940012,E02000760
-1.1850745117584804,1.4835200528130232,-0.6253020071014771,E02000762
-0.7988308558017171,0.12531469594893394,0.33393414931885934,E02000763
-1.3728713495582061,1.9654230252984661,0.4703302814007526,E02000764
-0.9740544934258978,1.5356045334452,-0.5268687349580062,E02000765
-0.5967037414498343,1.4487212468749682,-0.39534160952218184,E02000767
-1.5689111939022342,1.6632426170960002,0.6641701169164366,E02000768
-0.3208937484087672,1.3420995844144328,-0.5283646252041548,E02000769
-0.5212292440444151,0.9991128906915918,-0.734675402520391,E02000770
-0.20510056593177234,0.9229264295869912,-0.45414433541696303,E02000772
-0.18625058402748426,1.206834244285146,-0.5558248868593979,E02000773
-0.12645221481791125,1.1161553477419062,-1.0832868517448233,E02000774
-0.4734645064468634,1.341361690711271,-0.861981266725362,E02000776
-0.9597138107104864,0.9737023168268407,0.7948102342084197,E02000777
0.2721105895430816,1.0535937977110423,-0.6020876928532783,E02000779
0.2959290196505712,1.0823962517440966,-0.8662871199212439,E02000780
-0.29913878907927705,0.9559824235772288,-0.8099746450393563,E02000781
1.045597063989035,0.969742578344534,-0.6157311506951714,E02000782
1.3943302694370046,1.0246763654165656,-0.15758763318242552,E02000783
-1.3440651454501316,1.842020765672681,0.9967327673866809,E02000784
-2.4664806005211575,1.960488787191208,0.8843912719003313,E02000785
-1.360873547267612,2.120537167155356,0.8320585777845898,E02000786
-1.0831595234429277,2.11840318676456,1.0263744380008903,E02000787
-1.8973223328159197,2.43036754192134,0.5045647435682955,E02000788
-1.6367638179904809,2.1412311087296576,1.476618880873038,E02000789
-2.5794314433422567,2.908296107038486,0.7281444976088133,E02000790
-2.5352778404647696,2.7613857131776824,1.0314815460857811,E02000791
-2.4063963891508533,2.557972183719075,0.7433768545413291,E02000792
-1.052515360934502,1.5855477996561056,0.08024263184538949,E02000793
-2.2019832836146502,2.0268449109488262,0.29933483108252723,E02000794
-2.3212693843354604,0.8326002175703815,1.1047098601982694,E02000795
-0.23680252154920484,1.2142258020167647,0.33686980113884235,E02000796
-2.1518232173217378,2.5837097557810296,0.5460244298507575,E02000797
-1.4462089082337377,1.66245219484328,0.4208919153204845,E02000798
-1.9248808492426621,1.9846178261313256,0.3910504607803291,E02000799
-0.4454515927791209,1.1313911887736408,0.9510976018320068,E02000800
-2.1144725586356583,2.2842463403537576,0.2966630489662637,E02000801
-1.7851302647136456,1.9028160622793138,0.42213968588096545,E02000802
-0.3326061392617376,1.3248085222202375,0.5988446234101491,E02000803
-2.09231095718345,1.6251188342099798,1.0036490057717573,E02000804
-1.402648024581516,1.6764559887076596,0.722711554565436,E02000805
-1.6298695988250795,1.119040144904687,0.8774320836000377,E02000806
-1.193155495931388,2.738345132406209,1.0549283969449317,E02000807
0.29311759134971715,2.047090543772048,1.5936477308759165,E02000808
-1.2286790355810127,3.1393378281196425,1.2360030493410923,E02000809
1.787677990568638,1.8642738737233324,1.8817821965670383,E02000810
1.6863049161551882,1.8369319732307234,1.6619588112724142,E02000812
2.0647188802440883,1.5124719800122217,1.9569993504829526,E02000813
-0.6549787760638787,2.328139602616942,1.125207343415811,E02000814
1.2261586554524342,1.7973735433007518,0.9799454619494672,E02000815
1.963621746896914,1.5019467964458366,1.472749803628614,E02000816
3.489209899488105,1.0650525275275802,2.3718049468617326,E02000817
2.4270929852749252,1.3320854170044243,1.3735251242769693,E02000818
2.737721111384281,1.4566144677709867,1.80026721578128,E02000819
1.8280224976741746,1.9676874256222436,1.6156484799495598,E02000820
3.263101567272207,1.11817535962127,2.1066835765006084,E02000821
3.4160923962459795,1.393625916481716,2.227194845042728,E02000822
2.0705016720771696,1.47147021132011,1.5301029136168212,E02000823
3.252809448014301,1.0028225720702881,2.247427309378808,E02000824
3.115942573344445,1.3697386568504444,1.866179897657134,E02000825
2.4608086090277124,1.4649307303937493,1.5072414867396917,E02000826
3.0197361944939374,1.3134681507482968,1.8822431844387943,E02000827
2.8450341604384395,1.117774576273084,1.4302759859727587,E02000828
2.361026098171765,1.2860482994891107,1.2155017994500161,E02000829
0.34959439366574147,1.9473570228597414,1.026474419083187,E02000830
0.7473574281667409,1.8217500862978662,0.9359792625263533,E02000831
2.0879345009008268,1.4113108331022648,1.4682550219495016,E02000832
1.3187926659555893,1.5852778012908781,1.6930883630492266,E02000833
-0.47932750423704473,2.070263145740967,1.0017360577356025,E02000834
0.26453935933701406,1.2849294551916508,0.884676288844543,E02000835
-0.899458349817035,2.4018105505645964,0.7517043209896437,E02000836
-1.793144984631473,2.1027286969932386,0.9889028113635568,E02000837
-0.26953527924157833,1.8885912859353553,0.7019360734310425,E02000838
-0.4143118918393037,1.402200419831863,1.2178787510854554,E02000839
1.9682762456252691,0.774328049964979,1.215683545384216,E02000840
1.6529278180770086,0.9441826930860692,0.917041277622078,E02000841
-1.1039756651762758,1.0423808372311285,-0.5777441781523538,E02000842
-0.5663983850845089,1.3058122134446932,0.004397759564963622,E02000843
0.3256406914874311,1.1496734099143149,0.08211153780767308,E02000844
-1.3247518095348936,1.522471380574615,-0.17381659190739995,E02000845
-0.9998216342994336,1.143015666454407,-0.42422919281230986,E02000846
-1.3608153828293,1.299209608052997,-0.5204894297894325,E02000847
-1.2959723841695425,1.246169109133268,-0.8728379769289729,E02000848
-0.5107960580761702,1.3155664874553075,0.02506668579457545,E02000849
-1.1184744657718115,0.6522726538708786,-0.07159298914359385,E02000850
0.4459924387019379,1.2582702496456872,0.4044231879484352,E02000851
-1.1184313756473856,1.5397736224259464,-0.4309038616163296,E02000852
-0.8131766635002705,1.2862520760912812,-0.24705458763203808,E02000853
-1.274361938327944,1.386026298173974,-0.003627084818531,E02000854
-1.800084681287716,1.4480342782991034,-0.20192529498327538,E02000855
-0.9912667702045991,1.3419156358744804,-0.457937069600162,E02000856
-1.2593790761071204,1.7684097101071297,-0.15838017503755056,E02000857
2.3883282226230396,0.7035754765422063,1.7142962368975911,E02000858
-0.7185808986837712,1.1690965904164046,0.004982651655674604,E02000859
-0.17458675307135377,1.6075864671369258,0.2791662974670607,E02000860
-2.1341810689028877,1.447756744925407,0.06021103367790312,E02000861
-1.491709365474758,0.4509742224931023,0.33233766557665195,E02000863
2.6502871271184554,1.0250384515360436,1.9603034657451142,E02000864
2.8902115540726627,1.366580912377888,1.5333873292272868,E02000865
0.9393222114079186,1.5826391648172597,1.145866389440942,E02000866
0.9220664019746803,1.711983197616639,0.8259502575344388,E02000867
1.4723657548155074,1.7208459628061306,0.6761802536427526,E02000868
2.1304085442435086,1.7624166532569805,1.3343788296885135,E02000869
1.8979755394254287,1.7383935660316836,1.2849271894381875,E02000870
3.050560769714332,0.9649161160439221,1.2884207760434623,E02000871
1.897817523045686,1.4771209864859194,0.7850888675481785,E02000872
2.178575176480772,1.2117531806548867,0.7542230447840534,E02000873
3.114200851514544,1.104176443792769,0.9097527766761659,E02000874
3.1023678480072823,0.8914790061315919,1.0587939845946817,E02000875
2.3503332930684127,0.8181368604180905,0.21075517404670022,E02000876
2.972538251777978,0.9217635701616584,1.197944746828172,E02000877
1.8777868624704221,0.9985222392081261,-0.09420899241400027,E02000878
2.3156501616227416,1.326134921040002,0.8831248170038989,E02000879
2.47351652227829,1.165050067505726,0.7114809160988408,E02000880
3.179480817388566,0.8690222506772628,1.3824446212731798,E02000881
3.2427593823377463,1.1953527425539194,1.698608868898033,E02000882
3.77058349739316,1.01106561222411,1.3955871837404847,E02000883
1.3541182824265596,1.1381179710594882,-0.2688574301032508,E02000884
3.2107857560151225,1.2694239200068587,1.2659674407964483,E02000885
0.8227473979004964,1.9032153872929654,0.7421448807430887,E02000886
2.923523163792697,1.1190340170306614,1.1242223909319013,E02000887
0.9539513235017717,1.8117465685069356,0.6815632545749332,E02000888
0.37664321246843174,1.937919921506495,0.9014092358484291,E02000889
-1.908431526601368,2.970568662936707,0.9743942530153414,E02000890
-0.12671417391634468,1.7693673006424047,0.6988038400641694,E02000891
0.8380389615917614,1.6345926933584995,1.1429743716803247,E02000893
-0.720254771878061,2.5204816279283,0.370407879302233,E02000894
0.28848460275619237,0.6821263440319884,0.25477556392607986,E02000895
-1.1051475697303346,1.2222683476364662,0.22284868470759062,E02000896
0.8335349334705084,0.8197660909328007,0.6523785050769109,E02000897
0.3338961662850653,0.9476626632533576,0.24740986806056017,E02000898
-0.15638105554549986,1.0441755076402304,-0.44840216626137935,E02000899
0.5363560989923147,0.7298416192602557,-0.11511878005307916,E02000900
-0.7712667319779665,1.3709545639907943,-0.009875167240474705,E02000901
0.22386124324554743,1.1841013654548629,0.11675129524158798,E02000902
1.8095608823739955,0.5352907272745088,0.7526097428867699,E02000903
-0.24140584891697017,1.15453670432286,-0.09042109575626256,E02000904
0.19718828551901035,1.2986002804885217,-0.12357519555387932,E02000905
0.6871529428853219,1.6137776370761165,0.08934812703165879,E02000906
2.393780138538974,1.1663811764304186,1.150688177444618,E02000907
0.1461496031584631,1.017495680939501,0.38909907606980676,E02000908
0.01859423912175821,1.3062149887250438,0.2561092622842364,E02000909
0.32894699229635826,1.474210854121726,-0.38588411855895477,E02000910
0.9898569910404074,1.2259479551740973,-0.17115056648659052,E02000911
0.7369930859454284,0.6050003191011188,0.31928820107540024,E02000912
0.04110684029638229,1.1547359559550656,-0.4608446364603654,E02000913
2.0676981575154096,1.0782321271367543,0.2518151313067812,E02000914
-0.07735713681230096,1.3054292060915038,0.26015921641957424,E02000915
0.34062423716016005,0.5276290770157981,-0.45625472961040614,E02000916
-0.030780274130452034,1.47509827537716,-0.6376678902145528,E02000917
0.7336208078886048,1.4316694552122424,0.34878135188001913,E02000918
-0.1284996777346343,1.676407225985974,-0.6251841144460113,E02000919
1.1788159485940095,0.7493946704817873,0.48211858965929083,E02000920
1.9834242566914364,1.1202318816117407,0.6602779104483258,E02000921
0.6897726050922381,1.3606699090778112,-0.4304238947305597,E02000922
-1.4659989795808188,2.2935684997551755,0.6786915301528026,E02000923
0.8778535894643874,1.1982622357507395,1.1472636049837088,E02000924
1.6910625876333414,1.869016345685624,1.3742604702944214,E02000925
-0.7734536735369041,2.5363525168660077,0.6816578207656654,E02000926
0.641035566860152,2.398978771766993,1.6210917980743165,E02000927
-1.8366605995187846,2.655964364482377,0.7121477853557822,E02000928
2.61492510751193,1.573536866831313,1.6395640737741177,E02000929
-1.276971117725575,2.881673275052951,1.0680694771481085,E02000930
-2.2499144610483968,3.1481127067428156,0.9131810628015373,E02000931
-2.299046571682146,2.9583043657987016,0.8715319119435969,E02000932
-1.6350484586612843,2.4260673189947215,0.6141069352257563,E02000933
-0.9258169680599776,2.6768541295898287,1.1647044238103874,E02000934
2.1998923850602696,0.6383993715767126,1.7524837940048268,E02000935
-1.4771965082405458,2.607724885338876,0.844477851819763,E02000936
-1.9602546459135224,2.6037139709752424,1.0383170154397587,E02000937
0.46757715103244585,1.1980138024231226,0.8939256530424712,E02000938
-1.9789882604165832,2.944202531156002,0.8651696211626397,E02000939
0.2314677117982571,1.9119349282897633,0.8611971361108183,E02000940
-1.187816090685483,2.2829821816148943,0.5386446419604232,E02000941
-1.9057561807211418,2.5298212071133004,0.34053364596417046,E02000942
-1.6562418933308802,2.8567002120297045,0.7699270555237032,E02000943
0.7673367494636388,1.8069101552348596,0.9742699612356417,E02000944
1.3791916746134028,0.4714025335263372,1.0161523998011994,E02000945
-0.625960990002131,1.9798198884083673,0.6503014124442511,E02000946
-1.9180894782068796,2.7402580550596247,0.6104708649607528,E02000947
-1.4377454906725293,2.3805094886841736,0.7271876858746107,E02000948
-1.8093927395592546,2.344143429987034,0.4656837413365497,E02000949
-1.0569010547128173,2.133984119257911,0.5357052219275004,E02000950
-0.8106783715415862,2.4776149385670188,0.5192408556591299,E02000951
-0.4678513776764418,2.2924191526495252,0.7734455542300663,E02000952
-0.9404011990435862,2.495652530304249,1.1447951057254449,E02000953
-0.6677919026807051,2.117064435671792,-0.04642367390619962,E02000954
0.6766990533430293,1.507960245348643,0.2567836603302348,E02000955
0.394135073448883,1.3527143349819326,0.18202212871732806,E02000956
-0.21204380261556557,1.7918394619815605,-0.2553882623473751,E02000957
-0.4796371352968594,1.6423195403381339,0.008709876567720992,E02000958
0.21095629354944012,1.6595323709058096,-0.08583188791162262,E02000959
-1.3978224895248275,2.0904812563753996,0.3815748293353765,E02000960
-0.19689040412717979,2.0608239033601294,0.5352748124376009,E02000961
0.10075948228646207,1.9722320830048492,0.6056851481008255,E02000962
2.9276504145126103,1.5285052881110206,1.4758724595396246,E02000963
2.167562076360174,1.8719613064648406,1.1687748108336256,E02000964
-0.5931627346891485,2.656719136720255,0.6353461829960962,E02000965
-1.1073854718339151,2.770102349817591,0.44571980270963885,E02000966
-2.0267778895101802,2.2260972841373587,0.49192793089572784,E02000967
3.48742603318414,1.2919938714608932,1.1301216294231844,E02000968
3.244627338615808,1.285626872191136,1.3636483672800213,E02000969
-1.8293333684186759,2.679716255792832,0.814939560338691,E02000970
-0.9863688701416,2.4792571211840015,0.07846522192377851,E02000971
-0.13940315144618565,1.915211659785012,1.220214426159237,E02000972
-0.10650837260846793,2.585230331671981,0.8902737752380275,E02000973
-0.4487688991866972,1.9375575843492903,-0.16375708610747022,E02000974
-1.3430013803960532,2.855345027328259,0.26428306382791206,E02000975
-0.5506184408563938,2.494959537161283,0.01521630677390303,E02000976
-0.7268265094945461,1.5842150498102592,1.2367573546629729,E02000977
-2.2421541630048423,1.7664624934483641,0.5329798235414147,E02000978
-0.08941731679099334,1.854048501309624,1.2827172889736955,E02000979
1.0278294160167176,2.3119887674165636,1.427967815785295,E02000980
-0.44648656547160875,2.9326565587234628,0.9187563710603154,E02000981
1.3177760254077364,1.9343963735804233,1.6471136459696425,E02000982
0.681111585973706,2.435026992016359,1.0889239075879995,E02000983
-1.8274734244545727,0.1581459994548032,-0.39971384073357125,E02000984
-1.2622220091551537,0.37052021782591193,-0.6039706784217381,E02000985
-0.6972158632210809,0.5108179150978412,-1.0093590646649693,E02000986
0.9338148418969922,0.17265666761559084,-0.5307076248747263,E02000987
1.3060127055480746,-0.061462751864001575,-0.5805859247583119,E02000988
-1.137923698418323,-0.23830037276251786,-0.5404958503461161,E02000989
-0.9002192404441095,-0.3055806331914762,-0.26782571829442986,E02000990
-0.40508042774174086,-0.4568573162414234,-0.7216664307360233,E02000991
-1.0168311130621868,-0.46559919902673297,-0.30676272421871914,E02000992
3.29242146559561,-0.3735954929205503,0.5158410161264158,E02000993
3.5532834053011686,-0.2722612942120055,-0.0753449728128388,E02000994
0.5660505720538687,-0.3278624009357671,0.030424067097287552,E02000995
3.9223935046879546,-0.37118847643130054,0.7792686008709201,E02000996
-0.14471105268205958,-0.6975623245174694,0.2582643150286124,E02000997
1.9648800563116013,-0.2681217428047399,-1.418867091041786,E02000998
4.382102861372031,-0.8308446306048585,1.2137989688634567,E02000999
1.2955225477552508,-0.1734129267209568,-0.950872663434869,E02001000
0.087738603821884,0.24946838554078135,-1.0046471017322038,E02001001
1.0072353886435088,-0.23399541977088228,-0.322016844628789,E02001002
-1.4820578462757124,0.4016949201418238,-0.614787840028189,E02001003
3.533273537541065,-0.25308126622159033,-0.14265113169601024,E02001004
2.151651748671149,-0.49855567916672966,-0.46461267115074945,E02001005
1.7469567855635604,-0.16109003261479635,-1.569811631034377,E02001006
0.40836585148044385,-0.09375306022432887,-0.9574586363822128,E02001007
3.27741352688441,-0.34234403285446924,-0.10795183986437773,E02001008
1.3914383567816695,-0.837152734665984,0.13971037985423138,E02001009
1.9153727790982698,-0.6390297845183653,-0.5640754561564346,E02001010
-1.1107430032513004,0.2516993299872008,-0.6394624920882012,E02001011
1.2053055846201979,-0.1142053445071896,-0.847193192507443,E02001012
-0.9444729213382358,-0.21862024890794662,-0.542061318687485,E02001013
0.8381465061710459,-0.6336458775234013,0.0051001466749631815,E02001014
2.105334971159357,-0.19520812607813298,-0.1438297293966315,E02001015
3.2190894630684985,-0.22336804218627038,0.4246663734565206,E02001016
0.3584799238334571,-0.36847760194279267,-0.4048384741455298,E02001017
-0.8230721962366812,0.0743403687565059,-0.5383705740982718,E02001018
-0.8406043311474642,-0.2500177474766968,-0.05007121341687128,E02001019
-1.217797996297399,0.4797931527729617,-0.7263077374121923,E02001020
-1.7875954258277897,-0.07587058894338712,-0.1879533993123136,E02001021
0.15883890946404977,-0.4176577820862616,-0.5987768287642536,E02001022
0.01940802152356648,0.2358427268171315,-0.13436548723068875,E02001023
-0.7475204981921453,0.37605533658853085,-0.9295552934606848,E02001024
2.5015997573480733,-0.6180796341091331,0.5476142800937814,E02001025
2.1405872022906243,-0.588122828810483,-1.0297692134522791,E02001026
0.5769245232774174,-0.001097801905976895,-0.9306231043874027,E02001027
-1.2110069402361012,0.4039401319220622,-0.767316760909389,E02001028
1.3386453538294794,-0.2743718391617194,-0.6013566315438649,E02001029
-0.9860403647623582,-0.20559992734950966,-0.2627119415999251,E02001030
0.4231692214694675,-0.5276372408564166,-0.18493982736260203,E02001031
0.04597766335667692,-0.2594997097978756,-1.061873753711397,E02001032
0.9638922429591651,-0.4805134926943618,-0.6243382265836711,E02001033
2.944342300738035,-0.2733315637073277,0.1423066344020812,E02001034
-1.0901505364071744,-0.09537628477155775,-0.7130876540551102,E02001035
0.3963533571918751,-0.41890612043005404,-0.3441300149004793,E02001036
-1.3578529609344894,0.09196278998320061,-0.6079388368129369,E02001037
0.8017950224589122,0.02376742773339649,-0.22274452184757915,E02001038
1.9143497706739057,0.07240641214182843,0.08184518654970999,E02001039
-0.4576198838006007,-0.2660115810533117,-0.9190343045938906,E02001040
0.770932517514654,0.5278035133449063,-0.4618685420421971,E02001041
-0.08128782409744789,0.598904260938057,-0.41102416850226475,E02001042
0.23246884456508443,-0.12682701156565443,-0.05392023349293575,E02001043
-0.2342275675528655,0.5816380792397885,-1.2620539380788587,E02001044
3.188710633367801,-0.4140433519468268,0.5754895612383525,E02001045
3.0633526586519713,-0.37358840676340177,0.22761511638210494,E02001046
2.8701945691467587,-0.24357644189852726,0.39537266442257296,E02001047
1.1472284398302657,-0.5931283276069572,-0.5530033368099003,E02001048
1.4589092117986469,-0.055586212865088594,-0.5538107199771131,E02001049
2.8782073601096307,-0.534041889087066,-0.5879410803800947,E02001050
1.7791947191888686,-0.20279700345854085,-1.2437158603217657,E02001051
2.276571945603092,-0.5246844129809521,-1.428292225579726,E02001052
5.259742168479283,-0.8647017810403199,1.020433916961525,E02001053
3.4690608696151037,-0.8701890886825683,0.1003557132938994,E02001055
4.789444128023171,-0.5666501110345347,0.988593314703449,E02001056
3.414653201673344,-0.3466568915759065,0.680342555999207,E02001057
3.497632053456811,-0.762775791694715,0.4621146159993317,E02001059
3.7685899002220133,-0.5903224533259313,0.011754852061099424,E02001061
4.283111558187152,-0.7096913295430562,1.1839571258049268,E02001062
2.5410378262962405,-0.35163462703185117,-0.3266769460860004,E02001063
4.076732229468572,-0.7753393452646402,0.47679415871011643,E02001064
1.990872934155152,-0.43530259624939155,-1.1490237210252026,E02001065
2.5119363369834273,-0.3268505784698471,-1.34349625361793,E02001066
4.033419115503964,-0.44181677852394285,0.3912471279430461,E02001067
4.736217046723739,-0.38603467555701726,0.691935826171034,E02001068
2.8808507551924354,-0.06047564195214796,-0.8651758519309081,E02001069
1.9858472402844036,-0.23012743485562437,-1.0862927674450646,E02001070
2.475618604395249,-0.299513745989714,-1.3704351260623566,E02001071
1.1989081705764537,0.543583694290778,-0.5904457292432661,E02001072
-0.3295952643947179,1.234506710564861,-0.4109788857918964,E02001073
2.4048771285074966,0.05703051213391745,-0.002567915324755825,E02001074
1.632069272449062,0.02261615704218614,-1.2170237800057584,E02001075
1.0807975239212229,-0.05002834044146464,-1.6670156870491886,E02001076
-0.4085501395637171,1.079068929630677,-0.4684510040794271,E02001077
0.9021477053881843,0.19610240239020013,-1.024698316963452,E02001078
2.458241136281257,-0.04440543328697319,0.13974247927879144,E02001079
0.8835105331120692,0.3544345843205991,-1.2402613332023744,E02001080
-0.35883434944526166,0.8328658482125892,0.2790454673737836,E02001081
-0.29566667892663107,1.2727315180893168,-0.3519338339726141,E02001082
-0.20177357272881105,1.2311699347890201,0.06711506458648361,E02001083
0.5558389030852393,0.6975644666020954,-0.31837837533988494,E02001084
3.5480450459586867,-0.10449778630393267,0.6628367698076707,E02001085
0.9678286889409592,0.5675320059292476,0.6493465607063621,E02001086
-1.1818734744640353,1.4885634492393758,0.10817592537183343,E02001087
2.5362269790831546,0.08443765030307224,0.3477484489523278,E02001088
-0.8589575890847555,0.5882848765401488,-0.6483460261684095,E02001089
0.3999988553783562,-0.002754241086787266,0.05829143164051959,E02001090
1.4130675979604068,0.2547312961127515,0.10261287407078704,E02001091
2.7658636565607564,-0.3220161319367144,0.4909371621456462,E02001092
3.371204610044926,-0.14559701056590824,0.6751263818808483,E02001093
5.105170374155424,-0.3324429378937285,1.5108833541966495,E02001094
3.172570274673329,-0.3949259958230454,0.8134624142035349,E02001095
2.3838694303654053,-0.39732175868342734,0.5759191712960283,E02001096
2.7765369690312887,-1.1384232355402688,0.797284144168057,E02001097
-0.024737962374232012,-0.24409488456304843,-0.43095476627304674,E02001098
0.7122332660564521,0.11131452189085214,-0.5348390290355772,E02001099
-0.05078730363409315,-0.4894576041782525,-0.2860225478012835,E02001100
-0.6082014832968013,0.04606773265424481,-0.7095462422890614,E02001101
-0.3280096890320497,0.22749525628397166,-1.1144516367609643,E02001102
-1.5544702080748383,-0.943315067656276,0.48500838194468016,E02001103
0.5788964475993021,-0.3272364783763423,-0.2702916146308554,E02001104
0.4350158665991407,-0.02186816740409781,-0.12299427179077975,E02001105
0.6156864403036312,-0.16955893636290706,-0.4164801877403819,E02001106
0.5735828291473181,-0.27755359779661515,-0.7044527343780178,E02001107
2.617171576045579,-0.5437240102258315,-0.15183413826500639,E02001108
2.340208391010489,-0.17653366518660543,-0.08522712460775304,E02001109
-1.8689860505208016,-0.1267486223878515,-0.17057947457358225,E02001110
5.173254499406251,-0.6675359644973463,1.3282999911052191,E02001111
-1.2278154929025036,0.08997683620904412,-0.86944697703573,E02001112
3.329822977768781,-0.6766635613427583,-0.724854822333897,E02001113
1.4768096520686738,-0.10650236173933564,-0.4361979816087788,E02001114
0.46168578291271956,0.19724727881092932,-0.6877653926281341,E02001115
1.3744221568886814,-0.2884985254125045,-1.6171228351327416,E02001116
-1.513547080376894,-0.8891833657480323,0.22185198651369853,E02001117
-0.9408315988283406,0.336579259286612,-0.543383670275027,E02001118
2.680066039519097,-0.741662468708915,-1.5043855806350288,E02001119
2.8335712609827914,-0.6533474299070785,-0.8955206283267514,E02001121
2.754620456553069,-0.7130610325485071,0.4124954397910713,E02001123
3.0429229595028944,-0.2687823761588076,-0.1432602947696603,E02001124
0.423027911146079,-0.1497265513202685,-1.039242999712749,E02001125
3.108807611535868,-0.5385381645861658,0.04373318170893713,E02001126
3.2687493647355104,-0.3005254817835409,0.4466641982860549,E02001127
0.9103305524801919,-0.09380050108382511,-1.0221515888050006,E02001128
1.914645758890899,-0.25281727913671287,-0.3492728471325356,E02001129
0.23871731575802702,-0.45884323331296845,-0.12577383688095986,E02001130
0.4261291140189472,0.09524491989006133,-1.1196367026368126,E02001131
-0.2046978325563261,-0.8101060854710249,-0.37749134525432615,E02001132
-0.8898108621130395,-0.764996657129004,-0.3320478866249077,E02001133
-1.2863351720237557,-0.7548380339539272,-0.2335406878752154,E02001134
4.0361622943804,-0.4471027724428102,0.6066424293684324,E02001135
0.30881630871038157,-0.028458964284196323,-0.5731366853984231,E02001136
-1.5793057424644337,-0.9782294273075549,-0.19555393583182737,E02001137
-0.7763115551361531,0.4319872048755749,-0.47079823190774156,E02001138
2.7620272357254647,-0.7824806512653713,-1.3590327035765724,E02001139
1.7882020688774094,-0.24332689989963496,-0.42262095167325986,E02001140
3.939776115855409,-0.7075846159932171,0.16850954527867812,E02001141
-1.1707717087614737,0.4082484044219359,-0.6458476669120157,E02001142
2.572120131857901,-0.3889147088461941,-0.5226936351059785,E02001143
0.5742727953153356,-0.32626092891230696,-0.24268914409345047,E02001144
-0.4186166603841804,-0.9300070626778222,-0.08608093652365446,E02001145
2.542445690997833,-0.5038269457971195,-1.239415792216016,E02001146
2.8762514033928404,-0.6160584089804388,0.7572982945402051,E02001147
0.917793274789299,-0.6020126578823374,-0.6160950740961499,E02001148
2.7996648672840974,-0.4028242282364026,-0.021929009798173697,E02001149
2.095498974417739,-0.6786659252388879,0.18454649462340303,E02001150
-0.08517342552260213,-0.6174275346464594,-0.6935480384964107,E02001151
1.3628493803316672,-0.7076772289808668,0.00584595272473445,E02001152
3.364545146768,-0.7175672496403482,0.8286002832304817,E02001153
1.0516196849929145,-0.012878121494836307,-0.8577488774408556,E02001154
1.4299489755892167,-0.45690463077689786,-0.28891357393423056,E02001155
-0.1686608222850424,0.264481940720933,-0.8053486214336767,E02001156
3.9156406872129694,-0.4502341485265728,0.919694725941052,E02001157
2.6774657759377742,-0.15679704450541382,-0.022818140936456472,E02001158
1.442617215458576,-0.410488021751034,0.18821136546637277,E02001159
2.715844767954059,-0.37348929425681104,0.7214066395587936,E02001160
0.5568793891724457,-0.14460774489384168,-0.3927941926649208,E02001161
1.220481984447886,-0.15593546557458618,-0.45687077098006595,E02001162
0.05873168284127508,0.18598563364567108,-0.5343845676554152,E02001163
1.6674725871755072,-0.5545923265889974,0.2842320145433152,E02001164
0.9813924507210682,-0.08422637073003404,-0.4233320188740879,E02001165
1.234189683542682,0.22276386993300082,-0.4047140871012291,E02001166
1.3286439764486104,-0.14336280369944843,-0.3685779158011228,E02001167
1.2702889174711907,0.043175902674433726,-0.09966102872895737,E02001168
-1.5970482584849395,0.07965477756668421,-0.3351320231946779,E02001169
-1.5110470209846556,0.354338542094832,-0.4200427822097392,E02001170
-0.40936108141915817,0.41795290841126453,-1.2752020556599768,E02001171
4.039150672156346,-0.19354918751807204,0.7015348676470379,E02001172
3.6295383142733435,-0.757465248747164,0.5422862574653999,E02001173
0.010720233658919666,0.4791401520451083,-1.0435522666295238,E02001174
1.7739848367916522,0.021202461650385574,-0.21771328755168143,E02001175
1.0609095289397477,0.26784012740985735,-0.05514048666020103,E02001176
1.6326203957600143,-0.14333784557836682,-0.13152819004452918,E02001177
1.8475745419086091,-0.0850248619788316,0.34362764549808555,E02001178
2.017257267006326,0.04898778877554128,-0.7260729612267203,E02001179
5.707527079554739,-0.2592601669874485,2.0211933391583283,E02001180
2.887171368402504,-0.6758962904044672,0.7525429887595684,E02001181
3.2139470520367417,-0.1658241412188811,0.48720143318495474,E02001182
1.4870225595222697,-0.30606004817196825,-0.537053521639499,E02001183
1.3565463297213314,0.1871845137668029,0.22999860001082792,E02001184
0.9500786612370506,-0.7482147206790658,-0.1338733242768488,E02001185
0.6821499310869756,-0.9167230543657156,0.07341705034327532,E02001186
0.7132161445813701,0.27191325811883493,-1.1404915199528944,E02001187
1.5902453502618228,-0.0458112084571924,-0.573537255362982,E02001188
0.1252747981804615,0.11257389157985573,-0.9442848386844327,E02001189
5.151217593408452,-0.8075377860767513,1.194888878204257,E02001190
0.3343048708194258,0.22876956312566343,-0.23316408506334124,E02001191
-0.7031361598363158,0.8637082095556966,-0.5705482883148282,E02001192
1.1715210096978639,-0.21477281430290823,-0.59230475755214,E02001193
-1.2545129748296127,0.8135667984472336,-0.5450792577749457,E02001194
-0.29043743807045025,-0.3446010427881847,-1.0879737405053356,E02001195
-0.42618263115889804,-0.31089886867648125,-0.17045393999572636,E02001196
-0.31134090039542034,0.5633954543677191,-0.30116515737411764,E02001197
1.2776300163608476,-0.43169478472703215,-0.07416314588895433,E02001198
-1.2913470849565944,0.8585329832564216,-0.7257959037638508,E02001199
3.6211375035747024,-0.5671232243741818,1.020526559540208,E02001200
-0.09472293964303626,0.07634015175396687,-1.2697967705219757,E02001201
1.4792503233924699,0.23142326575613759,-0.42947847820318025,E02001202
-2.1691068424311055,-0.22850326418163613,0.10146428093282027,E02001203
0.3129189235267122,0.20525553676820324,-0.9367559817771862,E02001204
1.079204441491675,0.1255835281953686,-0.48645864682011675,E02001205
-0.2892749872287436,-0.00028913270381965614,-0.4137969174683913,E02001206
-0.5772521069672769,0.06180236157290121,-0.6418767622792987,E02001207
0.14762386106258696,0.16937676238937371,-0.3625907048620759,E02001208
0.20752399230269217,0.5694788603154765,-0.8094822093686367,E02001209
1.9287147754735483,-0.0018309467352878351,0.0573674760741988,E02001210
-1.1018784275244142,0.605648687674049,-0.6942292126468086,E02001211
3.2313097416321814,-0.2478444388204807,0.5742312545445921,E02001212
-0.45483678930510096,0.4124674617287108,-0.8261125010037392,E02001213
-0.08480810304177165,0.20974135426861365,-0.37276862101748903,E02001214
-0.785060121129385,-0.2364907134438143,-0.24909236232833998,E02001215
-1.0880031789744924,0.485982317853391,-0.7834744258688752,E02001216
0.20873600891809738,0.10909483402889199,-0.9006295859473579,E02001217
-1.1708702252479026,0.4109649897858665,-0.3211468191785178,E02001218
-1.3682348393385582,0.43641249100377183,-0.9861267394152573,E02001219
-0.5520204501392212,0.471492530928607,-0.4302937402100531,E02001220
-1.1456115577745194,0.4814884714369977,-0.9702189528806591,E02001221
-0.7822066499148813,0.0479130046216303,-1.2617863300782286,E02001222
-1.5904172179794962,0.5034764100117017,-0.6240252294145029,E02001223
-1.2572729105965628,-0.37741127186882006,-0.725881393299343,E02001224
-1.2617898753795889,0.5901172142883073,-0.6336585320003719,E02001225
-0.4425073217013669,0.15010474488621953,-0.8619994576474443,E02001226
-1.6949656959368489,0.9147444487112112,-0.6042645803184403,E02001227
-1.9504766232902775,0.14141558693947043,-0.09116142104225639,E02001228
-0.3632177099641533,-0.017406679871267514,-0.6133216891328463,E02001229
-0.3230793050025716,-0.4959206977962522,-0.5428393351740181,E02001230
0.48052109859312464,-0.49291150566604575,0.2950250074793987,E02001231
1.9193290786056256,-0.05043972872864984,-0.5621410318150828,E02001232
1.5572559448854633,-0.20689275134398935,-0.19936799636179686,E02001233
2.636110766489078,-0.07370796941325132,-0.1611617279805792,E02001234
0.5523156837346292,-0.052565373189671596,-1.089691176775556,E02001235
2.6949900152703177,-0.16162268732012208,0.3012993183030781,E02001236
0.7744230043585913,-1.0754716304763359,0.43051017946128334,E02001237
0.8820661297922988,-0.11273696931049694,-0.6221093320137541,E02001238
1.1934942434829166,-0.10759949611126463,-0.9447997354023417,E02001239
0.3580950720063962,0.08434083869030148,-1.597903120128901,E02001240
3.5553119406275164,-0.8396107020035648,0.2994380335224576,E02001241
-0.49918610978126343,-0.21766890329996247,-1.0796141876359555,E02001242
-0.14585148979796886,-0.01704451538297629,-0.2318022990756134,E02001243
-0.37527400372921604,0.10166086075581064,-1.2384355893707648,E02001244
1.4132085100254959,-0.11815015734694792,-0.06082155899989733,E02001245
2.2486079317800813,-0.13882908296842653,0.08790689442397535,E02001246
1.4595169725785544,-0.003935547219043573,-0.1946802388783627,E02001247
2.2385965067636557,-0.3802251992242155,-0.12473524420418533,E02001248
0.814348198930459,0.02169759857743394,-0.9851150128177038,E02001249
-0.5839056748968189,-0.13641996907402718,-0.7353678265392837,E02001250
-0.4791323614029888,-0.43501016221690075,-0.12995191717826954,E02001251
-0.3948117163077467,0.058480328338471374,-1.1929016402488832,E02001252
0.17965379276320131,-0.39206852369064593,-0.7393359728551185,E02001253
1.3128220392391472,-0.04822966424650598,-0.5348148736241866,E02001254
4.202377516456681,-0.9251907500328489,1.268390638349974,E02001255
2.108179912878709,-0.38353827648817296,-0.691557385120392,E02001256
2.0196301930354017,-0.1780201890105441,0.1244545203297159,E02001257
-0.514322127929349,-0.41539805048646194,-0.7876667308556707,E02001258
2.7171957460942675,-0.03539661519253121,0.3585514600957354,E02001259
-0.5569379859696857,-0.3777656945385244,-0.5437472582242656,E02001260
0.7624600752142219,0.087891349934191,-0.5452925904845337,E02001261
1.1324227124371196,0.1422996973174256,-0.5457746796015429,E02001262
-1.0154888488349114,0.21488290638288715,-0.8052728228557476,E02001263
0.001454365877452327,-0.17519181883955362,-0.5744998221655918,E02001264
0.14323622453580903,-0.02059129373280942,-0.3560005889192116,E02001265
1.1404392297843005,-0.19786905981459965,0.47023875288537836,E02001266
0.23392210029135443,0.28930850150049287,-0.03274071581607811,E02001267
-0.6095660843026944,0.39331724150368397,-0.8889540357907986,E02001268
0.6273921217516174,0.22194324852618216,-0.13311854947062507,E02001269
-0.9986522750207962,0.8756117448224412,-0.43653261616303635,E02001270
0.3472421359204899,0.2209722164291375,0.037913522463192136,E02001271
-1.1311952463394375,0.7967247399278371,-0.5321873353912513,E02001272
-1.060082015705633,1.1047911619793291,-0.38743390751220874,E02001273
-1.1775926024882566,0.7483496987373074,-0.7382979555640053,E02001274
2.260302870991294,-1.08753897311209,0.960327833144281,E02001275
0.7102296630730728,0.2569551106366641,0.10164253890589982,E02001276
1.5413756534309868,0.10389067348955229,0.7605121272857617,E02001277
-1.071827247857032,0.9474892669497407,-0.7093714681960667,E02001278
-1.259305144077836,0.9483868948325888,-0.7940541309572308,E02001279
1.1420050630144492,0.33250178031090216,0.19630746098201163,E02001280
-1.3501071322663716,0.655223993765878,-0.7454307231749717,E02001281
-0.9987119906750642,1.0285866934444028,-0.44551475048460626,E02001282
-1.4104168654491747,-0.4058197295411552,0.28397785512701956,E02001283
-1.8052601705094287,1.2982009018866818,-0.31039963634616324,E02001284
-1.603489428984551,0.8664866658186643,0.104039970523894,E02001285
-1.5999189542291445,0.2566318794543978,-0.14523743555448806,E02001286
-0.9853383229104833,-0.18861233721798665,-0.5485699274843437,E02001287
-0.6876497261742057,-0.04471561219601079,-0.18617714590866286,E02001288
-0.8435087811822833,-0.1264917464651429,-0.6002824177966399,E02001289
-0.3540354603736709,-0.8337006910440974,0.21363991115659628,E02001290
1.5019187592550638,-0.27156248676928335,-0.2406385166926438,E02001291
-0.6676231286984177,0.45864404904592687,-0.7783741350305596,E02001292
-0.06636587274632658,-0.5933738991630108,-0.4548142656133005,E02001293
0.3491194547130831,0.13954473049751395,-1.1133853531100015,E02001294
3.600138317635758,-0.23101335082423902,0.5766587804538931,E02001295
4.8478226810203235,-0.8253512779761649,1.4117060112611615,E02001296
1.3619507317756745,-0.566033506243276,-0.1594999049299277,E02001297
2.5707146226630906,-0.9015051409091426,0.3099761261670414,E02001298
0.2921342408393252,-0.3759583150300294,-0.7666987338006044,E02001299
1.220929663635403,-0.1613031268896507,-0.9835359709737148,E02001300
2.0062450831736234,-0.47249765277620187,-0.051338365283279716,E02001301
1.724299987228604,-0.024854486810159768,-0.149381141087911,E02001302
3.070449926430973,-0.24314131450284304,0.6913137319711601,E02001303
-0.74182546121221,-0.25009789337218263,-0.42660579633881013,E02001304
-0.27264090335497315,0.024918714375317,-1.185237886297327,E02001305
-0.03553839086312965,-0.12247292542037361,-0.9574718625306209,E02001306
-1.2011762439877685,0.029932090081852703,-1.011414944460366,E02001307
0.3201740914217565,-0.05860495760125446,-0.637379287675318,E02001308
-0.17942891093825628,-0.24767851109938327,-0.5937143282065274,E02001309
1.5886824769078685,-0.8622203552053049,-0.28659136152687537,E02001310
0.590017869250587,-0.21282033033207023,-0.4377986787538729,E02001311
0.5962352456705969,-0.8939054873589656,-0.5417834227713205,E02001312
2.262501545721894,-0.3369180104220305,0.2033109081807341,E02001313
-0.4524496019678406,0.6049644389642816,-0.36626275005233855,E02001314
-0.8685424274696755,-0.6840100257007591,0.020188471025949024,E02001315
1.5230950290729668,-0.21778110001569587,-1.5015201285288169,E02001316
1.1258964504696347,-0.13866657721235914,0.07235960302091766,E02001317
0.8417412924878755,-0.3394207056281473,-0.06965800547666148,E02001318
1.6992616318962959,-0.7388057170736659,-0.3608087383114186,E02001319
0.8152808532738008,-0.19405429430697851,-0.4663340496309935,E02001320
-0.36143412030110317,-0.21594428747268152,-0.6366566668410014,E02001321
-0.1883425800361146,0.24931626948999008,-1.0116674462040034,E02001322
0.3344953000129164,-0.030743565241692906,-0.05451076859056553,E02001323
0.8300327627730046,-0.10723934732088215,-0.45179014670934614,E02001324
-0.9381394057512324,-0.3186544496455646,-0.36557182744333755,E02001325
-0.5106775885174841,-0.15761711925613187,-0.3179075777051895,E02001326
3.868679724189129,-0.8094951136393507,0.5045485089337245,E02001327
0.38238917838798336,0.2368212576746038,-1.0851193226233475,E02001328
3.641137318154997,-0.6873422616857927,0.4256987703595815,E02001329
2.335633791328153,-0.44166645564382545,-0.5252147322736098,E02001330
2.1480524335318347,-1.4976034177863546,0.45352507607571574,E02001331
3.7472034797183906,-0.3085286870752647,0.9968285114034031,E02001332
2.5950766776395966,-0.31711076794509707,0.23993031351744135,E02001333
5.014973840791548,-0.4253275543046319,1.1758189678868942,E02001334
0.18751487651720505,0.256039357993639,-0.9370719716792965,E02001335
4.361478014393847,-0.8355179028922122,0.9873892355838627,E02001336
1.548949133289746,-0.14471482542160335,-0.2721689387434289,E02001337
1.9161035900000423,-0.011760014162345702,-0.6122408476393979,E02001338
2.1439444322145573,-0.2160762912285631,0.025295924991480007,E02001339
-0.1555478731635992,0.28285468591869334,-1.3595672561857781,E02001340
2.4029438953688844,-0.36112665100002966,-0.025948511204409802,E02001341
-0.7709485786306909,0.10850986129111757,-0.9589816650115327,E02001342
-1.1879534377659318,-0.8873426043243746,-0.38941105191849124,E02001343
1.2307299843906765,-0.17962424815077319,0.20734527123971708,E02001344
-0.4863160836808921,0.3557676642394026,-1.2287922206127644,E02001345
2.401359429772963,-0.47667749959751116,0.3232852388032392,E02001346
1.7730631048859309,-0.08436388893547717,-0.013774018773534196,E02001347
0.8874724772768324,0.19181597031029665,-1.48430680864017,E02001348
0.767240962847571,0.2373812749929625,-1.3620868785844196,E02001349
2.8571153498149324,-0.41927539707787104,0.44525868532639157,E02001350
3.166317044422686,-0.43958125103602336,0.5636748548179141,E02001351
3.0010719775170895,-0.11643387558859164,-0.44937945478233177,E02001352
-0.3246143696773329,0.29661538989468733,-0.8360135928256285,E02001353
3.0307346138257,-0.21195067650506932,0.19295851507846493,E02001354
2.706984679943945,-0.29272812545851246,-0.6819159899546525,E02001355
4.233757005593646,-0.329966825279918,1.0725100051387284,E02001356
3.875964483837632,-0.08516352313668654,0.6318669438581082,E02001357
3.2720855176712837,-0.10360035028570469,-1.3460203396893422,E02001358
0.4487209918379289,-0.08784224556310968,-0.30119361975353925,E02001359
4.4059054082259985,-0.6560455491030502,0.5691617348632824,E02001360
2.624592492879278,-0.12544349301805166,-0.19764198162521707,E02001361
1.7639950042366423,0.149102534532153,-0.37114601289303345,E02001362
3.3341024836510087,-0.15151986738611056,0.42672044242843843,E02001363
4.373994375080894,-0.49164943350467694,0.1366243140016158,E02001364
2.926740661639165,-0.1500205296209008,-1.633173616161779,E02001365
2.3157468883802554,-0.15221538016572278,-1.0378078704314178,E02001366
-0.14924412375690052,0.387588521376056,-0.7635751393274154,E02001367
4.547365862506036,-0.800918013818001,1.6932369034921035,E02001368
3.773909960163372,-0.23155040474127417,1.0318558905024782,E02001369
5.245485076117277,-0.37405987102011373,1.092224343203163,E02001370
3.208503302822078,0.09060221406537132,0.054739993969101196,E02001371
1.7407250791821414,0.05507956418753699,0.10827887362257932,E02001372
2.043202096026845,-0.10093469031999665,-0.8625523601200857,E02001373
3.4506085093240397,-0.7258651594551173,-0.5007664844089983,E02001374
2.076438246342911,0.1409728557367606,-0.8562259789514807,E02001375
3.4685997524201237,-0.22265966538720136,-0.9217621498816342,E02001376
2.8418366217615385,-0.2882232167503862,-0.2548216665952921,E02001377
1.776201043489224,0.2639800477535546,-0.24522931745664328,E02001378
-0.2616634033954392,0.5678398432387899,-0.9655891888246435,E02001380
2.470419571042008,-0.052461165233464446,-0.823569393840211,E02001381
-0.7393424027806506,0.7535703783522472,-1.0463447677616768,E02001382
4.097575078882714,-0.2405374755913531,0.7687896828635757,E02001383
1.3615457920606977,0.34443253722520023,-1.2388056121395534,E02001384
5.195599410462494,-0.3858335258820993,0.6567875238115806,E02001385
3.5646372489858678,-0.2271860673295973,0.836442656521759,E02001386
-1.1811378300571758,1.00528623403614,-0.7945209259125957,E02001387
0.10503169380336785,0.7312577948466024,-0.8784568555629088,E02001388
2.8445553710727665,0.18913686312709352,0.3088376108802076,E02001389
4.653027142681288,-0.02026629777082449,1.201063460475186,E02001390
2.995710199823191,-0.5820464595646739,0.5324329818326089,E02001391
-0.8698240895575202,0.49064098522870714,-0.869486823607254,E02001392
-1.458703944167334,0.5507578283351685,-0.6162612381992438,E02001393
0.8677446846792779,0.48530197375150147,0.06237818145156439,E02001394
-0.832203906563842,0.8276868334005931,-0.8049541091896812,E02001395
1.5304316267698745,0.3047093309464288,-0.3273677086743774,E02001396
0.8656123185101945,0.5965005481495057,-0.029073742746949356,E02001397
0.5633543711845724,0.49428545547967734,0.08307477486351975,E02001398
-0.6503802185380287,0.7965589062803752,-0.7100424897122434,E02001399
1.2383688556545456,-0.19993201038732367,0.1127635472239085,E02001400
-0.12467560825032564,0.0714084955881882,-0.7210824569490676,E02001401
-0.6869460778860489,0.6942385834642639,-0.40884148495467915,E02001402
2.0623928098228,-0.23781275801128246,-0.16724365076055547,E02001403
2.6039957717090347,-1.1182379393697097,0.7998850628733756,E02001404
4.247566144494319,-0.4063865613008848,0.8655871025275259,E02001405
-1.2875825958221387,-0.8591664317925579,-0.08035798765629233,E02001406
-0.7436945770362605,-0.4327079821678058,-0.3730374557778715,E02001407
-0.8876879391236822,-0.5186197640956364,-0.3081569407293606,E02001408
1.1293174120707354,-0.3447450803345785,0.05202517885795783,E02001409
0.9602294272886965,-0.8119708073042897,0.13676387988630997,E02001410
0.44850518479005064,-0.1700339211200593,-0.6263283902666734,E02001411
0.10977936787878263,-0.3481206020385605,-0.23412110142004133,E02001412
0.9204042832167408,0.19600225189317655,-0.7281253534400575,E02001413
-1.6369173017106233,0.05732074684184074,-0.4577887359956825,E02001414
1.3081125044799236,0.06487620447057439,0.21889524180326062,E02001415
3.1580334548622777,-0.5995853495355741,0.15636468689987265,E02001416
2.8795227511326256,-0.18811776086981044,-0.0024474773773836365,E02001417
1.7040229610446564,-0.2741476981662158,0.09363980455865546,E02001418
2.9938927651531393,-0.8901513540440318,-0.17132173584542454,E02001419
0.7944689650596221,-0.3306087571144698,0.234015948370593,E02001420
0.7366376396026542,0.07169657108892633,-0.8659085067508614,E02001421
2.9897199756123416,-0.6040539953536624,0.21069640485244953,E02001422
-0.5613109593882711,0.011485989581243207,-0.25422309441819213,E02001423
1.6749852789701853,-0.4989650844056865,0.17019871170374762,E02001424
1.0782293624494266,-0.0803994435319402,-0.5867009555387976,E02001425
0.03470816311194007,0.16294142764660674,-1.0704600426691961,E02001426
1.2885810201703185,-1.139038357237102,0.2957351816222867,E02001427
-1.139460779975446,-0.132998571238002,-0.5546558698781289,E02001428
-0.38627482330327506,-0.6334173518993503,-1.118737838354392,E02001429
-0.813035639890068,0.05743201841024874,-0.9973796726090577,E02001430
0.38254327237093033,0.08914313959468423,-0.6697090808084644,E02001431
1.300542835269001,-0.9522108987216746,-1.0945328569182384,E02001432
0.46010182364997576,0.04962659067454502,-1.155966517577869,E02001433
0.09760922247225297,-0.008859407744644412,-1.2422159132465942,E02001434
0.445564837885071,0.1008024926937976,-1.596691379966692,E02001435
-0.03655354485017971,-0.10880357082146899,-0.9795238236613654,E02001436
-0.7887070964332871,-0.3088854407187084,-0.6751799187861934,E02001437
-0.36842249105347347,0.31918131478054185,-1.1554515909736023,E02001438
0.7587770867507398,-0.14938362176248846,-0.5181813980902598,E02001439
-1.4313602424524943,-0.20605504047611453,-0.7357183867084544,E02001440
-1.831401305868943,-0.3227667256102304,-0.29684356180589305,E02001441
-0.8988150403174964,0.38014992773944484,-0.6381437470911855,E02001442
-1.43226655889726,0.00599392401652521,-0.5633847104052266,E02001443
-1.2386088223684124,-0.829817892346087,-0.5893686159470681,E02001444
-1.0200133971822378,-0.33790410790159464,-0.7532493669498914,E02001445
-0.5463624713098418,0.016886605676107096,-1.2240844524109924,E02001446
-0.4847467479095547,-0.12096420831439543,-0.6899828219519765,E02001447
-0.6676303463916747,0.15538737257982083,-1.1034268521166415,E02001448
-0.3508506084045479,-0.6882995253537858,-0.016320417211222675,E02001449
-1.3250534470677395,0.40025253683950585,-0.5825454178816514,E02001450
2.703452723816004,-0.18397794402459838,-0.1575863001255288,E02001451
3.554534814989874,-0.32075492906716674,0.6743230246047971,E02001452
-0.5809807070032129,0.7494717310454538,-0.8872154424156558,E02001453
-0.48389273232380114,-0.7436100008893826,-0.6861131689725227,E02001454
-0.1951427509140052,-0.13256238679019502,-0.962848943900137,E02001455
-0.20780327060537845,0.44565932301602923,-0.9925946289637446,E02001456
2.8699297872533633,-0.45343912972340344,0.5359844479607907,E02001457
0.14242327823996778,0.642705219651916,-1.1050651399630453,E02001458
1.4805327596314848,0.0543845889299703,-0.5467836816304095,E02001459
2.542946129079063,-0.3804825458526838,0.5208083386373062,E02001460
0.5462907058420535,0.09818227198977836,-0.7720684392800018,E02001461
3.8166384095324832,-0.6015468251456881,0.4589898079273168,E02001462
2.770713345281532,-0.26727539363388336,0.048776002863307744,E02001463
3.2770704500785555,-0.2299853848951944,-0.654618384594983,E02001464
4.341423335855111,-0.9109065908607924,1.0653420864815921,E02001465
2.3828837488473478,-0.06025380573995064,-0.6453980536911131,E02001466
0.7101424557767865,0.2440325049129829,-1.0998205039023947,E02001467
0.8360739116026458,0.2782172819162164,-1.498197086839614,E02001468
-0.4083001947937133,0.3027737882415785,-0.8971926687845989,E02001469
-0.5539651524270971,0.5711931089543347,-1.3566194911094986,E02001470
1.9806256794911987,-0.02200144853417947,-1.3661790736754267,E02001471
0.5329008325239518,-0.32693194747893656,-0.32054130411457543,E02001472
0.5781781761217804,0.14624524198672034,-1.509899933696482,E02001473
3.5483941580970124,-0.40029312407258716,-0.449998383966911,E02001474
3.157100453942482,-0.6156177019777215,0.580971623933868,E02001475
2.5823331797747393,-0.6808627503460987,-0.5613757882247885,E02001476
4.562655602621387,-0.8423397315781986,1.3285829061231313,E02001477
1.2594784209377567,-0.18258459329046367,-0.8623111854935452,E02001478
-1.3178948877793897,-0.23078821746691347,-0.5777007110870758,E02001479
-0.8634973787740415,0.29970321628572233,-0.7415379541515801,E02001480
0.019439101707268654,0.036295440959319684,-1.0543989541543237,E02001481
4.841929450834451,-0.8776398102731333,0.8408183647504235,E02001482
-0.5148842793134794,0.26087957376655274,-1.2247731366835009,E02001483
-0.14633255072156523,0.15832424968641123,-0.6680581000125791,E02001484
2.310414267136201,-0.11771645680843103,0.15384609763570917,E02001485
0.3119142174586971,0.2717296509921795,-0.45245222133457197,E02001486
2.7571141379700563,-0.41308785407883175,-0.8512977087031638,E02001487
0.8503255713525191,0.3019261958940402,-1.2136936566949483,E02001488
-1.200760626283422,0.013025480955881446,-0.803550412182124,E02001489
-0.5791516333682435,0.19716372632189386,-1.2414401143736817,E02001490
2.7706338091003393,-0.35947351420189044,0.1951140155536385,E02001491
-0.6381594378359267,0.12180713130154554,-0.5003563069007884,E02001492
3.5803111038143216,-0.5146753122641098,-0.0318654657990685,E02001493
-1.639250550710834,0.14313653976685592,-0.44447884121920567,E02001494
0.9548116968306947,0.1209187501765229,-0.8979720398731088,E02001495
-0.183218498750617,0.2543563803533538,-0.5956530841500052,E02001496
2.34441020340145,-0.057386791885444335,-0.10709435106632707,E02001497
-0.31765917973448254,0.40283435248017924,-0.856914802098903,E02001498
-1.1784777522391787,-0.4154217304352533,-0.6602546828004064,E02001499
-0.9644852176561663,-0.3118547617347558,-0.47679222881936306,E02001500
-0.7093143742886187,-0.30453400456853424,-0.4631540695993553,E02001501
0.012415281564868003,-0.26228476035902604,-0.4044669710179451,E02001502
-0.5097068284821608,0.3243193031305053,-0.37825599454866565,E02001503
-1.7311008918498034,-0.7331671163790514,-0.38429059577915675,E02001504
0.5422377028447156,-0.2577883275815952,-0.5930725719570713,E02001505
-2.0113127842306624,0.1963478670658797,-0.3208256731494123,E02001506
-1.0402814115238532,0.3207903877195113,-1.1499958651263373,E02001507
0.20601349761291882,-0.42958279298459934,-0.381237662356998,E02001508
0.7383474289199846,-0.4038965893140869,-0.005014078905756268,E02001509
0.9185937748713968,-0.63882260678588,-0.2405176252496372,E02001510
0.38446392789038936,-0.62592611187607,-0.22552657597866863,E02001511
0.09995480834767657,-0.2655780851316004,-0.24915042474680676,E02001512
-0.6546117796475098,-0.47110024823928315,-0.32835966884285245,E02001513
1.561135477272628,-1.116757535953672,0.10939434510111092,E02001514
3.404595985258867,-0.5756677605326285,0.5287214828404597,E02001515
1.0776366848155752,-0.7397800360550939,-0.3863638172106607,E02001516
0.41135341767289085,-0.17527499117437498,-0.4170273049333054,E02001517
0.7393263606076498,-0.07269555436049856,-0.2684470939619599,E02001518
2.0029879190370723,-0.7525409054704261,0.12106390485636703,E02001519
-0.6996151442974307,-0.1360362882619333,-0.29444684697013673,E02001520
0.7912339815961036,-0.1613502166304411,-1.0197324157479588,E02001521
2.408737329281041,-0.6668807523222884,0.10815364614475642,E02001522
-0.07367728938018721,-0.5137044099181965,-0.7923838849387934,E02001523
-1.8954163965391284,-0.696863181671156,0.6109052773511755,E02001524
3.176354332999636,-0.4101164206733272,-0.052744895604535484,E02001525
3.351825467064603,-0.39750912179388315,0.5526153910524677,E02001526
0.07693858204201633,-0.43069669751551914,-0.0192292837910474,E02001527
0.8017392369370733,-1.1426894624119652,0.0639876219827082,E02001528
1.89529816245924,-0.8353060004099914,0.3375422115269039,E02001529
1.7533264634069425,-0.8951959408542319,-0.33887167217245295,E02001530
1.431791389572615,-0.6439977626211505,-0.33385636021342113,E02001531
-0.7013286308302786,-0.22610926732717762,-0.04552025014640076,E02001532
1.024492902260644,-0.5805220346568669,-0.46345710166814796,E02001533
0.8577128323357569,-0.464852407751795,-0.02132401319702076,E02001534
-1.7652199644113145,-1.4524047308540402,0.9561862003540608,E02001535
-0.11233637721164969,-0.7392613687308406,0.16661208696423208,E02001536
0.4108188589624768,-0.48112137806645566,-0.08757036987044726,E02001537
1.4048413557449555,-0.286474382386533,0.17145420857636562,E02001538
0.9962790454711491,-2.0822954754343583,0.21766591028081825,E02001539
0.17089027769978193,-1.7295719042892599,0.055472519301366055,E02001540
0.973822083941406,-0.6366774067352962,-0.5989913612013018,E02001541
1.8948252852195617,-1.8947034963780978,0.6698325705003103,E02001542
1.3520087178809832,-0.7184146799149049,-0.10905587560362524,E02001543
0.8961435702374912,-0.6844851765792762,-0.4068115837385286,E02001544
-1.0150537277095588,-0.5382034565222898,-0.4193337507385062,E02001545
-0.9934650680179075,-1.5189903448342463,-0.25495337831221415,E02001546
1.470210739379117,-0.798297264779225,-0.15057006958420324,E02001547
2.3380476138270856,-1.5174766332825929,0.0104882682575906,E02001548
-0.36739908292084733,-0.25758265021312543,-0.5346811908359824,E02001549
0.6417962799790723,-0.14825202006596466,-0.5334800438483844,E02001550
0.31712569009228764,-0.7820329960981977,-0.9323557244881077,E02001551
0.556384485204165,-0.6378223011098452,-0.354786373725981,E02001552
1.2960086431984355,-0.5194348811717775,-0.2405561447637125,E02001553
-0.6043510218349861,-0.11598264148301045,-0.8005144004928398,E02001554
-0.7058535564990069,-0.2349075336152174,-0.6712109051021703,E02001555
2.0542211743338616,-0.3322744581212989,-0.1563766348616563,E02001556
0.3689139255546424,-0.21646470106263271,-1.120693697763657,E02001557
-1.3042593229644526,-1.496286146059686,0.4928753398412559,E02001558
-1.300975646509224,-0.22097736256876757,-0.593220537444831,E02001559
2.509184174559898,-0.9231982526372162,-1.0001896015256955,E02001560
2.834522522122178,-0.31283337479978673,-0.15010819614728557,E02001561
1.3644906101949603,-0.3931841011079394,0.09811103333857246,E02001562
-0.5063747710135255,0.39844541832703634,-0.5642869803503415,E02001563
-1.7845722124476266,-0.9090896221504925,-0.09769405598211313,E02001564
-1.5249629909191351,0.2181225691492747,-0.4095854220526589,E02001565
0.9163542458923069,-0.6326619207660529,-0.4045176386245647,E02001566
1.7690736379524008,-0.22217526776330487,-0.5315316421266585,E02001567
1.8880886922775597,-0.5204306283533758,0.41544916154668904,E02001568
2.1375400600269745,-0.17064880129266208,-0.5353026408812249,E02001569
2.940343760012701,-0.9210806263835323,0.7429293661929166,E02001570
-0.9806504369481508,-1.227163518442034,-0.01352206934520727,E02001571
1.5043312891074885,-0.9829528348900971,-0.07252328618336903,E02001572
1.1630405535128099,-0.2238331230919503,-0.6146733291516776,E02001573
-0.817855754314725,-0.4766760087843214,-0.6332309012882992,E02001574
2.1747797589633953,-0.9307192233029531,-0.03060904227707952,E02001575
-0.9470201060720552,-0.8893702966538509,0.36201948510511,E02001576
-1.408063891398266,-1.097761590716731,0.4187789892379327,E02001577
0.8021702955596826,-0.22717193392695437,-0.18305430064030145,E02001578
1.0773339570163463,-0.6826475448240025,0.25407554144162525,E02001579
0.5621674893413129,-0.15338215435542468,-0.2817325476795371,E02001580
1.1161569762579153,-0.05068392241319034,0.03166720839005988,E02001581
1.3874998152522333,-0.4132261969207355,0.21674094018568218,E02001582
0.821522779490768,-0.6292306983050159,-0.5508197100023721,E02001583
-1.4156954282848049,-0.7598980379865712,0.20948342908585008,E02001584
2.3025591835201915,-0.6840384853966031,0.27691762635613054,E02001585
2.5202272577265066,-0.6878674885380753,0.8895423994812465,E02001586
2.5354014187061726,-1.4074392590713842,0.914001803440621,E02001587
2.7126921788513094,-0.13511886007171892,0.43833192364259016,E02001588
-1.0114282726859944,-0.18330862545067647,-0.34650110665545536,E02001589
4.448717712420072,-0.9537114659975948,0.7175804013899709,E02001590
3.0482074827967978,-0.6644243969537716,-0.27626478214529704,E02001591
0.44358768192818515,-0.34085131436642124,-0.3799656654791127,E02001592
3.1885573276785584,-1.0541684473223225,-0.37150661535982565,E02001593
3.3409536335411913,-1.0029918457560272,-0.23591680842234272,E02001594
-0.35973795283719207,-0.20046418299912777,-0.643996669838315,E02001595
0.47715645209325563,0.3017739033176737,-0.6853611004443125,E02001596
1.6659682115635692,-1.4718267061027315,-0.09239020063127196,E02001597
0.5554644311452135,-0.13147870423444513,-0.26878879297304686,E02001598
-0.9449421245912311,0.06484094212897523,-0.2433075784908778,E02001599
-0.07879742987132432,0.1937591541111768,-0.5855763397028849,E02001600
-0.24239099557317434,-0.7758670894506757,0.16352018996307302,E02001601
0.29319823897486413,-0.4085672980299031,-0.6294543039282268,E02001602
0.6825653066821166,-1.1568391283253772,-0.0614714987606395,E02001603
-0.09779343252532761,-0.6094620493936973,0.06476534184342789,E02001604
-0.8037438280669864,-1.0923312567840826,0.24744505175296277,E02001605
0.506823418188035,-0.5567900353110792,-0.7504253574714103,E02001606
0.6197992577305544,-0.34767702579324583,-0.053106170798905464,E02001607
-0.7838649498487767,-0.560304863971937,-0.3299494039688185,E02001608
-0.7501232689276885,-0.726386975562244,-0.06692160915227299,E02001609
-1.005314710362429,-0.941796852954857,0.18562366789542686,E02001610
0.32266510569455703,-0.4773597246602356,-0.29357538727775284,E02001611
-0.9112153450897214,-0.6697418335424685,0.004990836220373048,E02001612
0.5567354160646968,-0.008241636860698655,-0.11564399940026077,E02001613
-0.5941839431962423,0.12769235449783284,-0.5609305676079375,E02001614
-1.2926831994456078,-0.2927519457572211,-0.27372712654226383,E02001615
1.6025813205963024,-0.011498829157978317,-0.1260347539556456,E02001616
3.330050147788834,-0.4221042812265119,0.7143367295725466,E02001617
-1.5514664787554424,-1.3455779463813011,0.801560055821777,E02001618
3.563703143555433,-0.3711978702664896,0.6210713930153955,E02001619
3.295592951632816,-0.2891379001862483,0.39545275587621775,E02001620
3.3796430035799174,-0.4305582254455854,0.5035662336021406,E02001621
3.171371766316723,-0.26314529380015533,0.5263480897123451,E02001622
4.5171512526132815,-0.4247870389400628,0.9065849038843241,E02001623
1.048930374031495,-0.33220745130464946,-0.6383205360737754,E02001624
3.71404269786682,-0.2765466043209515,0.6587426331819286,E02001625
-0.03412259479697849,0.8583467216268219,-0.42719820950836473,E02001626
0.3915479825423328,-0.12944497385911935,-0.3649103240989084,E02001627
2.635531720729073,-1.6337252167006135,-0.21425788029525228,E02001628
3.4074504660148364,-0.3752719110779851,0.7168539986459426,E02001629
2.1318914605300336,-0.49588956124384936,-1.017233571990073,E02001630
0.22226505110111466,0.611979364859561,-0.5160985637303245,E02001631
3.5663315623340845,-1.2360608218110047,-0.18015723544577744,E02001632
-1.095948348797696,-0.5777492924566954,0.21702781427830314,E02001633
-0.4470483001496208,1.119480937709591,-0.39319931417351506,E02001634
1.2582902124027178,-0.33859353797560987,0.3618142557996265,E02001635
3.0151378015134025,-0.03292583030716741,0.7264123749600001,E02001636
3.847034049397681,-1.3756096564129512,0.3130284453826785,E02001637
-0.8942928324804215,1.5111094238051386,-1.0070814999726572,E02001638
-0.9827828902778862,1.3732570192286828,-0.47093015105866953,E02001639
0.11590625123614781,0.5487386817409187,-0.6052506047559003,E02001640
0.44474334480387506,-0.18387773388437703,-0.89548212732604,E02001642
-1.2935852607661633,0.6936868933170459,0.13219060392585005,E02001643
-0.6268984021247901,0.9749565975471177,-0.6103298940276922,E02001646
0.9280857359783318,-0.14868359805334377,-0.3123918761258997,E02001647
-1.4858426690556066,1.107979176954464,-0.428164809557494,E02001648
4.4889922662289,-0.6949836509586407,1.1302671137129936,E02001649
2.3161161298670216,0.19925793212884896,-0.31005931031753536,E02001650
-2.6081326849684223,-0.058035341923037866,0.5000490229208625,E02001651
1.2876231294030362,-0.005235503078010755,-1.3422209084191017,E02001652
3.247304334078166,-0.31660518608334093,0.8569416252412374,E02001653
0.7388111059030487,-0.11144209722901258,-0.20465889759998399,E02001654
2.3726287153481533,-0.15014302540047603,0.3393789269764357,E02001655
-1.4702812056328987,1.3089294938593223,-0.6040555428522176,E02001656
-1.8098185862552985,1.5165858616630037,-0.37064827390857463,E02001657
4.659433743206252,-0.5031118339354221,0.9469940898737571,E02001658
2.66725914887976,-0.2736590447392287,0.8677753709922168,E02001659
-0.6050859597488097,1.1603570824548117,-0.587451965707877,E02001660
2.9428030559741467,0.04559609314554395,0.6214608797667192,E02001661
1.0969542521475273,0.012005739257086765,-0.6567645864613872,E02001662
-0.7242284088699554,0.9468180967810806,-0.7810479306474687,E02001663
0.5282156075159644,0.40357976958338815,-0.4875840333173509,E02001664
-2.1072377373807973,0.807782108464482,-0.013332545863612688,E02001665
1.167215111587258,-0.027106324224865894,0.11784682848405062,E02001666
-0.6955706297512629,0.8824134947542639,-0.7620361430728003,E02001669
3.6736403150679875,-0.4113882081461115,0.6445325043927732,E02001670
-0.21637978175483172,0.3534455797030599,-0.2968800600649261,E02001671
0.5455401178920293,0.02234407946764896,-0.4735350424211083,E02001672
-1.2600949311242373,0.5463045134810036,-0.6065086607799299,E02001673
-0.6327073715277868,0.15509263831298456,-0.28864201374449355,E02001674
1.5473354009091629,-0.054623969066120645,0.16450432251538294,E02001675
-1.4263755303725998,0.5524475791670187,-0.24262298050006012,E02001676
-1.7766813184582142,0.13458909709475664,0.12927842674129916,E02001678
2.4565222207413155,0.09221400194106998,0.5190767525125249,E02001679
4.188544025097577,-0.32285750744531455,1.1877824032294906,E02001680
-0.9810677458372118,0.7840688797492484,0.003941794351063368,E02001681
0.09179255280951393,-0.46113498289840765,0.17049379845550602,E02001682
-0.623340134677394,-0.6279887313046852,-0.3163973177589435,E02001683
2.302295396792628,-0.5494229616776848,0.6001419360038595,E02001684
2.196134978181749,-0.06637478244760851,0.32836129526614527,E02001685
-0.05859985018094055,-0.4799807578777022,-0.4219565027988002,E02001686
2.256235847723476,-0.5247763001435005,0.9807462328721458,E02001688
2.3084260114536423,0.002870552047677108,-0.49693168702682144,E02001689
0.4651165158337768,-0.19513735861615028,-0.20601302853455572,E02001690
1.1161181020867368,0.1674745638441627,-0.9059605991572884,E02001691
3.63572011889862,-0.23382567926001907,0.7127105603630157,E02001692
2.91386079146547,-0.00641726608809266,0.7217386321022722,E02001693
0.39321391592491883,-0.1246701548836539,-0.5808290681621069,E02001694
-0.0989213947496369,-0.1338957768203096,-0.17699394354415,E02001695
2.471122153504426,-0.25128935192799856,0.36087939525095286,E02001696
-0.27768440597621713,0.705669681644089,-0.6330015455491599,E02001697
-0.9199752578327208,0.4972230079523636,-0.8978378594201998,E02001698
1.644798367593297,-0.1317638701038762,0.13636431759317713,E02001699
-0.05231888235209975,-0.8468419504105802,-0.11071789563416291,E02001700
-0.824830768228803,0.5952417156784959,-0.8320507488834648,E02001701
3.6494491260395296,-0.3433065421597456,0.96424263266927,E02001702
-0.2971810058009143,-0.7122959764587375,0.17722589779605757,E02001703
2.3279705349297215,-0.1157044306579244,0.29924874560874,E02001704
0.43330375380784125,-1.27357154916495,0.08705387020897365,E02001705
1.3006114108924416,-1.4165119868076774,1.1738020492122923,E02001706
0.9489431887961447,-0.3084801024868323,-0.16732574992668034,E02001707
-0.412331700752144,-0.9187775255869414,0.006773496751972703,E02001708
-1.521185981232877,0.25825235048382816,-0.32561998171019213,E02001709
2.5445215488806023,-0.13806106940568896,0.1770345843852232,E02001710
1.8909808019735346,-1.1970778866023082,0.9372705114608698,E02001711
-0.9756956484528616,1.1427024930235292,-0.20788388177631933,E02001712
-0.8396521882621103,0.9483985000464951,-0.3223481832286096,E02001713
-1.1844193288552476,0.6343698482428685,-0.7090831259108765,E02001714
2.203620523751845,-0.14645725397010578,0.5131221013192288,E02001715
2.749465816155341,-0.2410320919643683,0.25535970204447006,E02001718
-0.2990660288297252,0.5798059865309383,-0.6142848725628811,E02001719
-0.9871945782314885,1.038103210861244,-0.9500086005825649,E02001720
1.0238973088803798,-0.7398310584444474,0.22073817466091014,E02001721
1.9769668302342032,-0.18202876866818074,-0.18458681638797023,E02001722
1.600357202686959,0.02737475502504117,-0.26081294308653596,E02001723
-0.6150992388273322,1.0564249595114514,-0.6696885836607548,E02001724
1.4284043378721645,0.6951458309014269,-0.1030545905834446,E02001725
1.747440888378774,-0.1630897947790308,-0.48193871170110025,E02001726
1.621015005774039,-0.12889675111648133,-0.25646300967274416,E02001727
1.2180217408607146,-0.39856065624701126,-0.4083248364905463,E02001728
2.084716519779945,0.04734912108769896,-0.29282694491302547,E02001729
1.6648712549616276,0.27988289448884207,0.0873551947242883,E02001730
2.5856626392529853,-0.5483245638431371,0.6178153027385787,E02001731
2.7619102140025,-0.647302346419158,0.27779199765676893,E02001732
3.8505751810890514,-0.5114543995854531,0.7244283937678909,E02001733
3.1541133962612213,-0.49349237161818515,0.19688035961414316,E02001734
5.123926885816435,-0.3984111242469049,1.326266609176468,E02001735
3.867659235559218,-0.6151236907168436,0.13148950588047015,E02001736
5.080424584753407,-0.7460708002470496,1.5239479353729228,E02001737
-1.7108276689296016,-0.049232120770417095,-0.5473766897546843,E02001738
1.1758370939509175,-0.47612454176103314,0.27494306905946153,E02001739
-1.4392797367333448,1.087895859660457,-0.6967985536037598,E02001740
-0.4698050798244919,-0.5675734410038646,-0.5038645684923543,E02001741
-0.9383921013430425,0.8976246948161679,-0.7205566051560414,E02001742
-0.1571705435886656,0.6143910997767412,-1.020963674739562,E02001743
-0.02232443471976672,-0.4514577612927527,0.15865994642662573,E02001744
0.7796621141661791,-0.16392885001143276,-0.20700312345425037,E02001745
-0.05565523323164464,0.023597887566854926,-0.4440125445987498,E02001746
-0.6553711613620189,0.6041173235841348,-0.9321130418378507,E02001747
0.6224461255228606,0.14275172661943825,0.03173614404273112,E02001748
0.08165784561615022,0.1582463765426454,-0.07137329844781072,E02001749
-0.6372062803004106,0.46095618213751677,-0.5921738456634595,E02001750
0.731448062602917,0.1488674040797261,-0.21628703314661962,E02001751
1.8019315029190204,-0.5403399518738493,0.27145071598172305,E02001752
-0.290455824672496,0.6630893661173246,-0.02303559176348895,E02001753
-1.1115903783840937,0.8352175153504416,-0.5969319778086467,E02001754
-0.5336784836109636,0.04651724571439926,-0.055544587061064986,E02001755
1.8361881133379663,-0.015428473243820202,0.7558985295340562,E02001756
0.533172534280107,0.11505828827027192,-0.5091230108235866,E02001757
0.5266717187688281,0.08061358662043555,-0.34849956498546975,E02001758
0.39855418523489433,0.5845381315924381,-0.7942212584680436,E02001759
3.124464234858322,-0.5455734128353551,0.31011074316913906,E02001760
1.0437492903238492,0.13108892670700606,-0.3577991957406758,E02001761
-0.39388581336379225,0.018042926881460114,-0.7580598582115692,E02001762
2.617313403070649,-0.1524786189712685,0.22513154063394372,E02001763
2.7682273145886747,-0.47900337929686826,0.8337605276072392,E02001764
2.3441914047721495,-0.36213793191115934,0.3685542108642524,E02001765
1.1626509508861227,-0.12685014256728022,-0.539718463736276,E02001766
1.398614998427063,-0.19342446868941515,-0.2501232156846343,E02001767
1.3452051926143405,-0.16248479236956406,-0.7995477506169755,E02001768
3.2909534521811747,-0.4308767004903932,0.4732036844257012,E02001769
0.049201314400717115,0.6305602650093096,-1.1635722560355797,E02001770
1.8794962355021205,-0.2180412260615927,0.3841237721018135,E02001771
0.8831207637990377,0.08672848468665309,-0.6571088198992046,E02001772
-0.5038533899303422,0.46344499805427025,-0.9021744434167444,E02001773
2.3182515973936217,-0.617544753155574,0.5689026278317529,E02001774
2.6293661091759373,0.06175609660701365,0.36109827709988973,E02001775
1.7848724729819743,0.07404951255487006,0.22779721808772846,E02001776
0.7266250158707287,0.11726931922024372,-0.1135877684797752,E02001777
1.7574714559267248,0.02541268923288116,-0.5413444194327307,E02001778
2.880678813948703,-0.6926345273150682,0.7057067308548622,E02001779
2.3010193203995417,-0.03872210913828084,0.44805882913416706,E02001780
3.4268410862149956,-0.29604928018765503,0.680067139787218,E02001781
2.0445127020906044,-0.3058062880123883,0.46983281123616094,E02001782
3.411501830301834,-0.34273375399866585,0.5593472367390443,E02001783
2.1876374875816875,-0.16187898136396803,0.745980288593852,E02001784
0.7925095728347248,-0.46284894680940003,0.42229281987431133,E02001785
2.2615652677056572,-0.16793563400733474,0.38137233095309914,E02001786
1.1380227971457573,-0.9085991181399994,0.5861459861741776,E02001787
1.1902568676471441,-0.04975061767654706,0.05988630443929082,E02001788
-1.803304945777468,0.07736643989732302,-0.40256823496897515,E02001789
-0.5046789168673876,-0.4379891346983045,0.15855994293740389,E02001790
-0.9469100983175182,0.2560850881903608,-1.1230145101751774,E02001791
-0.7289367000269913,0.4892467472221209,-1.1378081788647758,E02001792
3.4977039371382066,-0.3558680977806026,0.6506780498068467,E02001793
3.209349435237653,-0.45488228978593964,0.5420279854641715,E02001794
2.5710551955224945,-0.48393285958066395,-0.06618149950516311,E02001795
0.6277436203748873,0.23352680157961633,-0.797636627545988,E02001796
-0.7739740032295067,-0.691212203978153,0.006496183243674264,E02001797
2.1623963907674457,-0.45415131639222306,0.16993412013609682,E02001798
2.69657355887816,-0.3536221494304498,0.2132987023686671,E02001799
1.130993458504266,-0.2158200711029433,0.27771349921069416,E02001800
0.9984598052670557,0.11772176503672141,-1.462698390363921,E02001801
3.612088026537176,-0.47253961046935355,0.6665432262726426,E02001802
1.959524730004343,-0.34704582300430165,-0.3503235769038638,E02001803
1.7203162196652355,-0.25490869437854546,0.046351881082173446,E02001804
0.23130945577582565,0.13376931991467939,-1.2302603566837365,E02001805
3.473927550816436,-0.7717896668340823,-0.08644723670487198,E02001806
1.0911121677474822,-0.4783013026901269,0.3134203613231773,E02001807
-0.025101913596039964,0.385333549052225,-1.525518965088761,E02001808
0.779983697653366,-0.0016830783020795144,-0.1638685217031853,E02001809
0.8511135075067581,0.1435534392002746,-0.10736350777847506,E02001810
2.74855403240884,-0.3420631399474669,0.2844911702073955,E02001811
-0.8825805967329593,0.47790089277311004,-1.1071791536099198,E02001812
3.5829731647830583,-0.38837449385454587,0.7045831745969826,E02001813
1.3209050525228665,-0.18523241368063253,-0.0915583392468819,E02001814
-0.12854837000016422,0.16282743051267026,-0.017898364637417997,E02001815
2.531621554398961,-0.3728435394912412,0.6360843065656747,E02001816
1.7921244765326212,-0.09623203866028288,-0.09015850884602536,E02001817
1.1189213029229381,-0.28642150629584884,0.1688252978512478,E02001818
-0.7874713370956324,0.17276572932565123,-0.4412197866253135,E02001819
1.1779098423362089,-0.2988694366079777,0.021679210113098576,E02001820
-0.038622950218976215,-0.5637974684440085,0.16322155313714581,E02001821
-0.10107484644607806,-1.0503025221280564,-0.2645597520728095,E02001822
1.6149399254128274,-0.4486204283466246,-0.27405986721593856,E02001823
1.2212071462478757,-0.23727937777225888,-0.18876851677140585,E02001824
0.9921727386743859,-1.0586899347307956,0.09090172021693331,E02001825
2.2726557521519415,-1.3700572497827594,0.47317170903223377,E02001826
-0.7136104124817912,0.5190661154349596,-0.23798021498284072,E02001827
-0.8204895102938184,0.3020830068757948,-0.44490265464654327,E02001828
-1.6370030407384808,0.43591489868788974,-0.42772492388949124,E02001829
-1.7396374648608843,0.03491222470909917,-0.11022556750414637,E02001830
0.9500052801565613,0.2405840966359594,-0.04838605048294001,E02001831
-1.1206315930854787,0.5655890963288683,-0.3369982694203866,E02001832
-0.2833707797347525,0.30988745140506924,-0.9212787514291092,E02001833
1.7056653400742139,-0.07655365645808017,-0.8176697324997886,E02001834
-0.9173230369499331,0.7095799416627346,-0.6421346680751053,E02001835
-0.8597943706342517,0.6736917006751049,-0.7333154320656279,E02001836
3.603910255772147,-0.3019892001204989,-0.2666434072815817,E02001837
-1.7142040756097248,-0.14762411188026286,-0.32195951809980583,E02001838
0.6497824703364271,-0.11887258057529694,-0.8885528875690626,E02001839
3.278531356185823,-0.21956836606247632,0.12800751483672976,E02001840
-1.5370000561403832,0.6789042984213249,-0.6570576189139671,E02001841
-0.028213702344710597,0.23166395831579628,-1.438664558863587,E02001842
0.049122162979196894,0.10984043841235118,-1.6241973088275214,E02001843
0.10296650256396783,0.5753675946769276,-0.580040480425932,E02001844
0.04168240054813894,0.3015348715376903,-1.265163627450817,E02001845
2.2211420353641396,-0.042657404497368434,-0.4084960734451263,E02001846
-0.7404769153299304,-0.5828285836562864,-0.534731330384797,E02001847
2.206018322826504,-0.4057008833762622,-0.22769320218260744,E02001848
2.3565442004504313,0.022975528788687652,-0.17353089534534127,E02001849
0.17216472428396368,-0.0960920460456866,-1.288967895936105,E02001850
1.1508723402185497,0.15656470419780197,-0.13315182827476035,E02001851
1.4617283165591404,-0.022987590887459705,-1.021369530623955,E02001852
1.1948381418181788,-0.363928292675031,-0.41876651655191455,E02001854
3.6299058071866925,-0.4227554222721373,1.121525183485017,E02001855
1.1317624869912275,-0.1755181801539604,-1.3295289542914783,E02001856
2.380475280809717,-0.3179385709070472,-0.6613582201026528,E02001857
1.67782053942266,-0.03342481718364076,-0.5160900726997459,E02001858
1.8109914636068105,-0.8361042455447124,-1.2008014404153584,E02001859
2.363079772065472,-0.20865799678568456,-1.2196244217517178,E02001860
3.351621563506391,-0.27400840183742803,-0.4211001507096769,E02001861
2.460351333457661,-0.5047533138256932,-0.6290643594000285,E02001862
3.3268694528054787,-0.9468411401628939,-0.5843224538235084,E02001863
4.013211225040577,-0.25328879919327285,0.6401481799082266,E02001864
2.6986710466822217,-0.2396746790965009,-1.0758842310156311,E02001865
4.016148752779125,-0.36137501976590547,-0.27718251701452584,E02001866
4.222146553308983,-0.43303145496976575,0.15048159354004265,E02001867
0.5332447983345794,-0.19296788939140672,-1.7155214024753696,E02001868
4.800711600065834,-0.906750371796882,1.7672129166900739,E02001869
1.8137624978380236,-0.3577383655165523,-1.5811928752538789,E02001870
3.063996470983367,-0.2948258028212107,0.2286048053331284,E02001871
2.8731755478610594,-0.448651516892986,0.05257177997133549,E02001872
3.056776214119726,-0.4537652360631802,-0.47631711525922016,E02001873
3.5487543309701275,-0.8138122733950688,-0.6013389656432512,E02001874
3.7767731011751624,-0.22441931267369605,0.6847638301719192,E02001875
3.927691970638897,-0.8910521694845088,0.7271681592416754,E02001876
3.4795727756151216,-0.5421047021928819,-1.0457183053070593,E02001877
3.113132659988296,-0.6878454042081025,-0.2568561874079057,E02001878
2.847026013300558,-0.31387471911902615,-0.5294577504891477,E02001879
3.7030458201242946,-0.35813474919816796,-0.1835678345328893,E02001880
3.3392640271841745,-0.5280663014013234,-0.6721580451957904,E02001881
2.089145995115987,-0.1920049367165472,-0.577162934723131,E02001882
3.1025156388484056,-0.4897385390911789,0.2076387405159848,E02001883
2.6530335441726636,-0.5497284340213611,-1.3941787595125905,E02001884
0.6102354090883989,0.2035506926085349,-0.8599348264479982,E02001886
2.4298750349227864,-0.22117614787724574,-0.3508206181700865,E02001888
2.41086912901924,-0.34225569907460696,-1.5329187681229008,E02001889
0.05746990549281556,0.6561712950140821,-0.12515700077237035,E02001890
3.0911563150398877,-0.44387038091427955,-0.18433475038247868,E02001892
1.2494100006032531,-0.14079127582871165,-1.054498650652561,E02001893
2.742014680693394,-0.5431407786522378,-0.03342180641527774,E02001895
2.59557914541719,-0.5843955329855183,-1.7803463520789837,E02001896
5.014822224033734,-0.8682659266034,0.7992172807531074,E02001897
-0.1625077372205498,0.40881123183155854,-1.3294245054729157,E02001898
-1.134534461168382,0.9090945059770648,-0.38485238779456077,E02001899
1.6964625017523334,0.20431270717840827,0.39055947094489646,E02001900
-1.140138044441683,1.561139434036746,0.20369195439680257,E02001901
0.5892754242780824,0.12021409508101626,-1.1214558675155513,E02001902
3.7348504839889634,-0.41572657088376874,-0.8672410737729376,E02001903
1.7317189376009752,-0.6418036321640426,-0.986197757586165,E02001904
-1.0454217504625636,0.36302022757104446,-0.5599752355462204,E02001905
0.5035941406799775,0.319055159746821,-0.7989864602904518,E02001906
0.4891481636234788,-0.14592775239695216,-1.0064033698628494,E02001907
2.9096582075253083,-0.20443275246123266,-1.8919109643309735,E02001908
3.553761495688872,-0.4153736993407719,-0.8793835090170049,E02001909
3.5635174207467757,-0.2718067136076108,-0.29039605646055305,E02001910
3.028790542786401,-0.020861393508953652,0.41924578923682665,E02001911
0.993118878561974,0.15890723419996744,0.3067906515152286,E02001913
0.5700525990429562,0.0989263443649307,-0.47365478606405653,E02001914
1.133369487316355,0.16097835029189012,-0.8368892935157695,E02001915
2.112535013102754,-0.2861466496752457,-0.9352823244831343,E02001916
1.2965461492965582,0.5929764955586633,0.14285213461884536,E02001918
0.4941030248113391,0.4931672721147195,-0.9176386981109221,E02001919
2.4969716241214037,-0.4285216402744649,0.34074561833334144,E02001920
1.7212341381589567,0.0026779277590593983,-0.09997666184664866,E02001921
0.3086858147945409,0.44380185847290127,-1.3068592031552113,E02001922
1.0183322456751551,-0.008786626831815336,-1.3373777872011,E02001923
1.20255062457716,0.12054815145018503,-0.7758622305706442,E02001924
-0.011079751940116157,0.49247488722830574,0.010388593856930743,E02001925
0.07080567026050295,0.43610196228197484,-0.6255957518763928,E02001926
2.3933172170203876,-0.046106116705530296,-0.00382358622506966,E02001927
2.269712616633429,-0.07820953811498878,0.2780573658299983,E02001928
3.02074520590041,-0.19609539676514118,-0.3221858843155367,E02001929
-0.3011100724323515,0.9884842971157973,-0.5924986578306838,E02001930
0.12892933342646704,0.1416011321912001,-0.6540475422565802,E02001931
2.554023392972653,-0.5671496134839148,0.6070445128402298,E02001932
1.215799982886957,0.19633603880672473,-0.39946717031749035,E02001933
-0.24911872646894548,0.4477872709295,-1.262595620261559,E02001934
1.040566890159033,0.28307024302279143,0.13989466688712923,E02001935
-0.04907343067549921,0.716884542570357,-0.46137670830245575,E02001936
2.4192679418486245,-0.21087322799517258,-0.07183047765485853,E02001937
0.12199888860787209,0.5620745444133476,-0.3791201567108659,E02001938
2.254609120647802,0.35011232878411497,1.656883447192222,E02001939
2.4721917710414325,-0.22175539047722592,-0.16488245461756018,E02001941
0.7626973476247639,0.6434384799679838,-0.22874280501678182,E02001942
0.9985971881172374,0.06706007947332636,-0.4104428744535021,E02001943
0.5424128920639721,0.2637951564477045,-0.5823747155503496,E02001944
2.9816273683004177,-0.2963926293032998,0.02162414631301467,E02001945
0.00864000240348395,0.40269449228309206,-0.784918281790303,E02001946
4.267918547837844,-0.4061235132070452,0.7873349159151497,E02001947
0.776708497158077,0.028049153427836235,-1.3080012682049358,E02001948
1.6634463624681215,-0.13398711797478433,-0.025103201387375575,E02001949
0.4437221841419859,0.13781807110965744,-0.9452600845680733,E02001950
3.6791965935859303,-0.15430578280584142,0.8371844829242132,E02001951
3.4818848415213064,-0.20693085127767388,0.5165095386551507,E02001952
0.4443517811363678,0.06342992015981504,-0.5654747947527893,E02001953
3.7532644126653216,-0.35092615769577257,0.7270861572755424,E02001954
1.4001623939295516,-0.3551119559013201,-0.1299883041400341,E02001955
0.5172203075115488,0.18620145968732804,-0.6833397829723983,E02001956
0.3597961434394456,0.2426709735229017,-1.1707165427011852,E02001957
0.812114252660147,-0.29003594297542473,-0.8948496833380942,E02001958
-0.2287113600561807,-0.6195893798071681,-1.2364737697388,E02001959
2.966191691831555,-0.3098860701816525,-0.13400231257356185,E02001961
1.6694162009119349,-0.5060892043911378,-1.274901348558017,E02001962
0.1978565223063938,0.23625529300989123,-0.978575582140189,E02001963
4.371735659705688,-0.7931952043695416,1.2071270835889119,E02001964
0.09615460482448024,0.22906811273785296,-0.6454128709572444,E02001965
2.1642814919185267,-0.5028650309977837,-1.4481141391552417,E02001966
-1.127204497525591,-0.8705910593321871,-0.35926782293771165,E02001967
0.5777560115004348,-0.24065941259888704,-1.6682410094962483,E02001968
1.7913067888468355,0.006557305823181354,-0.9131830396573305,E02001969
0.26810636016079664,-0.2905255183920469,-1.4447582154790048,E02001970
-0.13540366082970473,0.4389728906517199,-0.9679478218719186,E02001971
3.5411911689671762,-0.7657659133875996,-0.6056221258242854,E02001972
1.9213976300019815,-0.004293813325274908,-0.6142191338110088,E02001973
-0.5242162975060265,0.3424635716279567,-1.356065176910933,E02001974
-0.0799414898081814,0.2759920185252957,-1.6835231008629958,E02001975
0.8423627448968681,-0.3089972179188359,-0.32416792986442505,E02001976
2.0094277036657813,-0.10924188769373727,-0.7321548108346867,E02001977
0.11631062524276214,0.24254726935721704,-1.6537612919271936,E02001978
-0.8107979228957057,0.35284566686672997,-1.3212310836182477,E02001979
-1.0175350439917705,0.5116417411536073,-1.2506386136527312,E02001980
3.3941195977356107,-0.4090986674345454,-0.7807896525002886,E02001981
-0.3789917480256819,0.4241396796382403,-0.4688310738250763,E02001982
-0.24621000983092473,0.27086582374610346,-0.9511675604448244,E02001983
0.20741194940895627,0.2914012243705883,-1.2919106770649837,E02001984
1.3304870095671313,-0.04562199185639657,-1.3176483184490835,E02001985
2.422931291032707,-0.22290889108366257,0.25664635150255694,E02001986
0.015130056621771443,0.5764774025734662,-1.2549161918442417,E02001987
1.6972682795102023,-0.07580676851314976,-0.15624050803563436,E02001988
-0.14634420166084144,0.1812750363610048,-1.2845963137188392,E02001989
-0.6947846056567663,0.41192221317052224,-1.109321519937896,E02001990
-1.137280235161679,0.6034051785141253,-0.5209153481768417,E02001991
2.41193286380737,-0.28992856334372213,0.3202544435625498,E02001992
1.440687786213917,-0.3570372195382494,0.3947243913424713,E02001993
0.185036197810023,0.44283239279280723,-0.9279081441603647,E02001994
0.19204141358265797,-0.4545705467546823,-0.6976530300022519,E02001995
4.394727593348819,-0.438913639827119,0.8551756557198971,E02001996
-0.8332072359047059,0.5751380994905092,-0.8260929786604863,E02001997
-1.073664600455423,0.6486276218041056,-1.1007779365387247,E02001998
-0.7899629053436122,0.026536539955454602,-0.695373012499621,E02001999
1.7322748764600475,-0.21200174525663246,0.004858239559333631,E02002000
1.0013146397065917,-0.08215386958787547,-0.17969709080976742,E02002001
-0.7048912344264759,0.21055656161537883,-0.9186301740469064,E02002002
0.6385414098711554,0.013194654909256073,-0.8230470850312581,E02002003
1.7714811141979527,-0.013973489176029233,-0.12038578574733023,E02002004
2.9674475347002196,-0.6069556254401149,0.37189134231070814,E02002005
1.6378545474366575,0.17642367048141827,0.14733554118741554,E02002006
0.4740585327140824,-0.13000840696423874,-0.6827050612385727,E02002007
-0.8923218161704182,0.48819055275476314,-1.0385805548519897,E02002008
2.920528773093272,-0.06892003947315377,0.24557511112839384,E02002009
2.3150578591739714,-0.20365834537384891,0.1596162688470102,E02002010
-0.9641125008164424,-0.023229225445357455,-0.9367157799080584,E02002011
2.6201027765582445,-0.3078225483960283,0.5374370304834581,E02002012
-0.6036558514289498,0.29982224951600006,-0.9485353430316114,E02002013
1.7441360383596372,-0.30591524803390846,-0.44824036929646255,E02002014
0.3398032487250467,-0.14781689647097604,-0.6364014905011548,E02002015
2.6954015970185505,-0.5162329556304984,0.1379887827386111,E02002016
1.7013802660460717,-0.23710866416698007,-0.2038683539704198,E02002017
-0.6494505921920207,0.44417172312522224,-0.9855129112651602,E02002018
1.8811653090524778,-0.35140491905784144,-0.04674165360884446,E02002019
-0.32742500255223966,0.16188102884555147,-1.1345359073834993,E02002020
2.438434688928811,-0.46722998306280666,0.36925223056675605,E02002021
1.5358421202715689,-0.07057453118313982,-0.2726831841242978,E02002022
0.0619774840890655,0.41153923321546754,-0.9426823641219291,E02002023
0.9387282710523851,-0.16314448252072827,-0.8045283595810526,E02002024
0.550407608140601,0.0984555460928031,-0.6091808537835934,E02002025
-0.3380917155259518,0.2913087674085532,-1.2067552248755151,E02002026
-1.292110131026092,0.8229465315724375,-1.0150679378494452,E02002027
0.08157479031940272,0.41717394512097866,-0.5826605516846262,E02002028
-0.5250993879447194,0.2188426042355151,-0.8904406657815725,E02002029
1.1117663453042115,0.020215587622202796,-0.2242529682668083,E02002030
0.1416607335313886,-0.12979104471770367,-1.3721384196033377,E02002031
1.3066815152833482,-0.0917904777018104,-0.36130248403902815,E02002032
-0.10808796247568637,0.020866862709217213,-0.624069591671245,E02002033
0.546824977383571,0.43174132874554744,-0.2601614697948821,E02002034
-0.954493651322077,-0.11148361375873955,-0.4055100646296152,E02002035
2.2552801775732574,-0.473561236643809,0.017481871195368648,E02002036
0.2027621635229377,0.25273933968829515,-0.517372286789282,E02002037
1.003772537138478,0.21710811018610582,-0.29514589184279294,E02002038
-0.4666136115541043,0.5663044486989659,-0.47936158904390314,E02002039
-1.3133644972344316,0.14842012966843723,-0.45359782935807497,E02002040
-0.30559163532073774,0.05214553862149071,-0.4519176888071991,E02002041
-1.0066867366286945,0.25469370110491923,-0.5913596344281651,E02002042
1.7268695834330057,-0.06748891192809064,-0.14851100656883848,E02002043
1.2562993602409804,0.06608125962642934,-0.245825926632116,E02002044
1.5302199803103484,-0.10467819611810061,-0.18521168738811022,E02002045
3.8463228309561086,-0.2601725245686521,0.6244609560379545,E02002046
1.872574366328471,-0.41476846840540393,-0.05417854704296699,E02002047
-0.7284127746976437,0.1296022099028658,-0.843541105066228,E02002048
1.4262532140716486,-0.06811255137932856,-0.3496617042926781,E02002049
3.6811429700911806,-0.29992535091149,0.5519450684774302,E02002051
2.5571837072491928,-0.3149214233858179,-0.0038229262164153066,E02002052
0.5768372894082796,0.3072377826536999,-0.8377837274750951,E02002053
0.18528936208305857,-0.021195170449377892,-0.9205199828266221,E02002054
1.9296446643684269,-0.4658637452414282,-0.04540913227228805,E02002055
3.3371008358705967,-0.3388229663343201,0.5092307714518741,E02002056
2.1144561370301913,-0.12006211583494299,-0.1312412847665414,E02002057
1.5489916739764236,-0.15881070175454026,-0.13958781678831952,E02002058
1.8896665467225668,-0.5381413653494385,-0.27233583750563195,E02002059
2.7853474679609667,-0.7857029227000846,0.11982558890890996,E02002060
2.148819385043727,-0.6192126609678248,-0.5840279454329425,E02002061
3.2453025004270755,-0.7416222108152085,0.669974716644376,E02002062
0.8491306269477391,-0.3157621687797556,-0.6493411913638717,E02002063
1.5191616590977222,0.00785403264884565,-0.4048480149868759,E02002064
2.008758228030725,-0.6693033674987937,-0.9782826235604853,E02002065
2.0255327294663177,-0.7282089593390993,-0.5552836991179937,E02002066
0.8526009567286852,-0.3324902874803339,-0.4597496584722037,E02002067
3.3031136859310006,-0.661941581061773,-0.04361663711806124,E02002068
2.176431842175014,-0.0799460183412347,0.1298591797801971,E02002069
2.640033482755495,0.0013366138526129188,-0.5767674099088403,E02002070
2.00938498311956,-0.2612199578525082,-0.08041382153657024,E02002071
0.8084018502360126,0.05064903106079163,-0.7502474688401833,E02002072
2.345986413738847,-0.16614816072182217,-0.07168880934464304,E02002073
1.660174848276518,0.1176500104441743,-0.41580387024080234,E02002074
1.6526689464305513,-0.01801879549844253,-0.27763542177183215,E02002075
-0.09753963726821752,0.7781609707667071,-0.6643624845930074,E02002076
1.5828172336322637,0.004111024299013245,-0.13173083313015593,E02002077
-0.0790938213700541,0.499611821233019,-0.8816240286903614,E02002078
1.2283141347489326,-0.0021860959879501504,-0.4474850059727759,E02002079
1.496875178066798,-0.22585884123484656,-0.06883069005713417,E02002080
0.11865766516085076,0.09171102120096655,-0.45950938553623455,E02002081
3.265575723137409,0.054168578794418304,0.2227977272550122,E02002082
-0.5593134794063264,0.20393500674465923,-1.4763327142305092,E02002083
2.8968058760282687,-0.24865751462131194,0.36986652252685237,E02002084
2.3666228853133617,-0.1716766668285858,0.11090632979532225,E02002085
3.750781643762495,-0.3678144737707589,1.044484502734097,E02002086
3.2478511304931166,-0.2516392298790755,0.32614598746168705,E02002087
3.305468648364242,-0.17729874721936836,0.38976312013899767,E02002088
-0.13841051659903839,-1.0127958235621888,-0.3015258372806503,E02002089
-0.4790563983949552,0.4171028578682091,-1.2256780772377132,E02002090
-0.43127331613033554,-0.15027145923553759,-0.9922368131480017,E02002091
0.7603038646554935,0.23242153219644254,-0.32379296455000256,E02002092
-0.0067455613214325045,0.46493439478284937,-0.4534715836957274,E02002093
-1.5910494730082128,0.6921200426796377,-0.683209398876888,E02002094
-1.1144260406377247,-0.4218335467900858,-0.047423160820235344,E02002095
-0.9538015666216374,0.5484397937026975,-0.41138355656458514,E02002096
-1.4687570124382157,-1.0171552842157239,0.6597784813890684,E02002097
-0.30424801949689206,0.4893478487429246,-0.6329527029180223,E02002098
-1.8279235839419852,0.691072323482081,-0.24291802412227084,E02002099
-0.035295912353845466,0.22618920658896197,-0.9929518044638357,E02002101
-0.7301438136364148,0.3280039083093643,-0.7560088248603322,E02002102
-0.7067623290482208,0.48303332924820624,-0.7791766631499281,E02002103
-1.9838182370300719,0.8880580644563758,-0.38189300813137605,E02002104
-2.0357047334788034,-0.35100486467940495,0.10465656960792992,E02002105
-1.6319958193088622,0.17341594374869865,-0.18414489963520395,E02002106
-1.7935779127500886,0.8382410898617606,-0.41305526418290117,E02002107
-1.843709138855814,0.3807193793184243,-0.10825590658403501,E02002108
-2.0700066570559383,-0.008919180154169738,-0.043273755201708536,E02002109
0.25092089590567146,-0.468389106695274,-0.3342307197345427,E02002110
1.7126922020738324,-0.4362465986906716,-0.20676702732078633,E02002111
0.2644752760543664,-0.11285673909663696,-0.37468821971746646,E02002112
0.6794423252792298,-0.5594901388167084,-0.2550053812423189,E02002113
0.33741738271128874,-0.07996349616418673,-0.8118989596002301,E02002114
1.9006895506793708,-0.4966997933932227,0.052190381504340265,E02002115
-0.4552059178479282,0.010248294872342668,-0.5687026467849167,E02002116
1.3276269766020234,-0.008139021211534052,0.00717574939433387,E02002117
2.5568532762419163,-0.2987313740136722,0.051855779214380525,E02002118
0.5984884085222565,0.026406112949291655,-0.6601488988842518,E02002119
0.38543675726463356,0.3936908506633053,-0.7194676456775477,E02002120
3.0590440501958946,-0.3551627404292175,-0.12147968321918252,E02002121
3.3345663024678043,-0.602642699323458,0.05100580566932099,E02002122
1.4036392394422799,0.031067996336372625,-0.5710923175621487,E02002123
0.33582804102028835,-0.5115358750528605,-0.13210833211399237,E02002124
0.8384496426197177,-0.577099967368847,-0.18311501256699475,E02002125
3.588110248560943,-0.596185821359925,0.6822152407502425,E02002126
3.2665731956778585,-0.5807438760971678,0.1987726499974489,E02002127
1.0721179570000876,-0.29631856012200836,-0.4815926214196288,E02002128
0.45105731395671195,-0.058681828437038314,-0.8042641476334976,E02002129
2.447326274555939,-0.3056819568219866,-0.06161386068010279,E02002130
-1.193883769745517,-0.2558922549738547,-0.5278435024652804,E02002131
2.5134877821437005,-0.2546645566641861,0.12002375016489213,E02002132
1.3663473114701215,-0.23649427192920588,0.3456310780951273,E02002133
1.998733807037339,-0.32272013805131206,-0.2434670039927469,E02002134
2.3437279496596672,-0.5315179876541591,-0.367939379234696,E02002135
1.4450900163634481,-0.14573708287543166,-0.3140085102751348,E02002136
-1.4335594256910824,0.5651818897197717,-0.8771393720660842,E02002137
-0.29303598642970735,0.2699661492397751,-1.0333927044230742,E02002138
3.040337334186226,-0.22531603737331432,0.53372917571023,E02002139
2.5898060752991205,-0.5477294074988603,-0.5355141828945423,E02002140
-1.1765828742013944,0.28041093097258424,-0.9537358230101823,E02002141
2.275177727530137,-0.6398115323565954,-0.1498488465702118,E02002142
2.408152958772919,-0.34667625368591704,-0.8677641274899883,E02002143
-1.2881933779573536,0.4429866787339909,-0.7337823074649779,E02002144
2.6771318922104403,-0.12707304039329648,0.06463307421690659,E02002145
1.3217014151598576,-0.28836486542394674,-0.5397499198270215,E02002146
2.5040625080331838,-0.37404360490897337,0.22227750576989863,E02002147
-0.6707262807545457,-0.4392202144153254,-1.100956481479896,E02002148
1.1724399356381499,-0.2705705736614752,-0.35764838940594884,E02002149
0.8999394400453987,-0.06858979153620091,-0.2107536513378948,E02002150
2.2831238988096714,0.12900384436431528,0.4723344829067594,E02002151
3.370244524367781,-0.47720099223587803,0.5222484697538109,E02002152
1.9319713993022183,-0.05770813223017806,-0.12583368500303704,E02002153
1.4931521223021398,-0.37071400302827834,-0.11571376484724902,E02002154
4.344314627114248,-0.3475024299083146,1.0055844838988648,E02002155
0.9045662260012608,0.1478650022296229,-0.7195499862209599,E02002156
-0.44216198636815734,0.06548786789764739,-0.8093149663899948,E02002157
1.6052298977933979,-0.03775416478944172,-0.2927470936593176,E02002158
2.8737380033891124,-0.2649565336039269,-0.08728161463579778,E02002159
0.5032329941467767,-0.39413394371719557,-0.8097246917671772,E02002160
2.207627615777768,-0.4414506799571884,-0.1390992587992522,E02002161
-0.5175160051958168,0.29226189823424925,-0.4717668687154407,E02002162
3.2720685251040353,-0.182012227777322,0.7807314316891578,E02002163
3.4614430094268385,-0.13990067318605676,0.02537489506186877,E02002164
1.1739313137868252,0.22383757370350493,-0.5709974404458763,E02002165
2.8980305449958164,-0.48635718328689104,0.3164293096315401,E02002166
-0.15573505071359456,0.2456169435116252,-0.22901844235113344,E02002167
2.584027530033944,-0.5105405414702158,-0.18835539625089803,E02002168
-0.7725583545134231,0.45159857713482976,-0.6770247722267833,E02002169
1.9833272102589385,-0.025689859741228623,-0.4076894281257561,E02002170
2.3023689665004174,-0.28201950812421844,-0.11153472655442431,E02002171
-0.25585193391842975,0.4300338176010972,-0.9154753034370291,E02002174
3.361160453541007,-0.5576642459982754,0.33631978763610987,E02002175
1.3189712377493834,0.24012636398436835,-0.07951886777827494,E02002176
2.8337547261049303,-0.5876940368274437,0.3152177088618805,E02002177
-0.27493924563079375,0.14919938065345897,-1.1826253457675595,E02002178
-0.6600538205122461,0.5234367733616817,-0.8543656687979215,E02002179
1.203810985813751,-0.269236584922697,-0.7133648093620588,E02002180
2.8439477432369484,-0.37700870224175803,0.5004849996244968,E02002181
1.7299201660007744,-0.168846204499444,-0.4069251154924744,E02002182
-2.018175756876947,-0.4429675472674097,0.4997400038613207,E02002183
-1.4433327703531116,0.5390117439827449,-0.1817669839070576,E02002184
-1.5414454368530743,0.4457305976584992,0.07262419291745588,E02002185
-1.1784989253100218,-0.9424515012744811,-0.37481778672793864,E02002186
-2.1821960371103066,0.22794943349763455,0.29678639567963994,E02002187
-1.5588719012149421,-0.4371878851697894,-0.38619784642680893,E02002188
0.4607083541412023,-0.4406178987338072,-1.1703223196604435,E02002189
1.6558765996132698,-1.0172707351950685,-1.2156495897690303,E02002190
2.6116166545832757,-0.4535639431500237,-1.1513540719558326,E02002191
-1.6660660811789378,-0.07784758671748147,-0.011615042161715506,E02002192
2.418673202651927,-0.8479312200534829,-0.2946091387172123,E02002193
0.7717624340821362,0.018349740108529806,-0.7346403453501655,E02002194
-1.397170129524963,0.036593724188583324,-0.10225710724030383,E02002195
-0.8062564742122451,-0.706444203060878,-0.222883850225449,E02002196
-0.3946744469335834,-0.18622011776766098,-0.1141491418482024,E02002197
-0.08210864511613318,0.326804757699235,-0.4590466434338693,E02002198
-1.234083582626528,-0.17091739688490273,-0.1348103730395578,E02002199
-0.5131711202129069,0.329743499197879,-0.13711590323607178,E02002200
0.3612591790207053,0.5038244729235811,-0.3217108050574975,E02002201
0.4565542331870901,0.3216370256974297,-0.11980867215140008,E02002202
1.7800826408821242,-0.2220796792730434,-0.2579185115834679,E02002203
-1.0208822976222651,-0.04678121098693303,-0.30064290265726895,E02002204
-1.287316037204039,-1.1015712124830883,-0.13482857661473888,E02002205
0.5652310742548481,0.1470468665305474,-0.9779212780241224,E02002206
0.930831670607139,-0.1424636241744893,-1.6218887829419257,E02002207
1.2479877767030014,0.09587554006638503,-0.7780359510193493,E02002208
3.4773613433457227,-0.5851063343238675,0.018045221803965596,E02002209
0.225251094975851,0.24984008359694448,-1.3987617125583547,E02002210
0.7678858773511117,-0.459406641923538,-1.5845717460074031,E02002211
1.4110051993232584,-0.5762580369960579,-1.0662240869686308,E02002212
-0.7086778621521809,-0.9501294784978012,0.09578502537278628,E02002213
0.17785149902907296,0.24731799735769322,-1.5462289901610942,E02002214
2.3043740540143673,-0.5904265060623386,-2.1901533812860596,E02002215
4.1852468563469545,-1.3053380392755172,-1.2740527991404007,E02002216
2.203087893249665,-0.6418988667814725,-1.4796345517076614,E02002217
1.47996359770914,-0.2540081022113385,-0.3792073961567347,E02002218
2.5215220096657696,-0.6185183627359359,-2.3200193518380248,E02002219
2.818637176694772,-0.7828902688330782,-1.7468156956897447,E02002220
3.922234873261162,-1.3575366872034655,-1.1528164740454725,E02002221
1.8380892171218517,-0.25404949226259615,-0.8693191843253292,E02002222
2.853647953731199,-1.1353919295690875,-1.5738522869538583,E02002223
3.2205740756346084,-0.9757947945171407,-2.3631118536792535,E02002224
-0.19202698108575922,-0.6719490603042769,-0.30990953459356607,E02002225
1.9232062856272047,-0.9399331903824131,-2.7795346141452364,E02002226
3.6845896575587376,-1.1214825310944334,-0.47251398705971964,E02002227
3.1214226241444605,-0.7523988570608499,-0.04185250270666604,E02002228
0.43966293593691275,-0.23910697473334064,-0.6308636993822389,E02002229
3.8631785306847752,-0.8390341984015903,-0.8699718052646688,E02002230
1.166566499181583,-0.18042238687846668,-1.2616597065232484,E02002231
2.331046964272828,-0.33593275387759536,-1.3457364263984526,E02002232
3.4998323951484642,-0.617277976351611,-1.5027008485588451,E02002233
4.965418496310069,-0.6494021450109084,0.7289994290715106,E02002234
2.420583390903733,-0.6806341587177452,-1.1481607960039815,E02002235
0.33825793712984503,0.13765705663315708,-1.4730524102514106,E02002236
0.9420629842574828,0.07522990613877853,-1.3083388401858094,E02002237
2.2081966897148955,-0.2007604825655216,-0.7426524472176711,E02002238
0.687495697442558,-0.8308458151087693,-0.22466878590925418,E02002239
-0.5200655647240452,-0.12752920656363467,-0.6368364205050508,E02002240
1.6328036573539189,-0.11463153554128377,-0.5993728889206578,E02002241
-0.1208960940391939,-0.12448121273237077,-0.7734682895489645,E02002242
0.9235357843890066,-0.4432669776912956,-0.3865356082996016,E02002243
-0.48546402321186016,-0.5308308255932189,-0.04852464804514273,E02002244
2.86167112632061,-1.1285653012366783,0.6555426573466635,E02002245
-1.2184440566116546,-0.028388231303383353,-0.40697037363312466,E02002246
-1.6101810225878022,-1.031686839728554,0.7951902769230395,E02002247
1.9820189907361783,-0.3931330452959062,-0.41233485954198595,E02002248
2.590020578845308,-0.2970777512007294,-0.2720152761800955,E02002249
-0.9318810723811219,-1.00905966235895,0.42985389580566397,E02002250
1.5781211410479843,-0.7867449225700485,0.15859223017554203,E02002251
-0.08424898996917025,-0.46613054102949913,-0.35142170922750576,E02002252
1.48371449820114,-0.31735899660170264,-1.3100940834787476,E02002253
-1.356327142818335,0.2252160298805888,-0.18587886285698618,E02002254
3.911127816323075,-0.9671192095676021,-0.9441410015078131,E02002255
0.18955201778355954,-1.1037486909466208,0.04969095268421675,E02002256
1.9951412244512101,-0.3167023878825788,-2.139230777665172,E02002257
-0.5516019066795415,-0.3490329335264937,0.004445834642273567,E02002258
-0.3727127100496942,0.410362631012342,-0.7018054861322076,E02002259
0.6561238545518057,0.1636382142102176,-0.4491291879307659,E02002260
-0.021133245770248672,-0.4406757996768029,-0.3505482211779684,E02002261
0.13305518688083667,-0.27030958396362803,-0.36453835600264134,E02002262
0.23392700132071803,-0.7633119583550564,0.27503403582685154,E02002263
-1.0811170025168373,0.741158450478442,-0.42325789043814893,E02002264
-0.6611497060387185,-1.0417152261892484,0.21872035891766398,E02002265
-0.6243418357716582,0.34691365815341124,-0.5485314275514177,E02002266
0.33482328983174997,-0.19185783960205477,0.04082335727874785,E02002267
0.5909633326562185,-0.47311973175525746,-0.2665623832600829,E02002268
-0.9647585640693361,-0.3110690740490338,-0.031122628702029573,E02002269
-2.0806766264430063,-0.6488651074951095,0.668641431428206,E02002270
-1.0368016225049752,-0.10612002388792557,-0.38927752531682114,E02002271
0.687069361653575,-0.21146737369657848,0.019871732215336356,E02002272
-0.6740601437444782,-0.3746782501103654,-0.24683241495243685,E02002273
-0.6081816235113443,0.24730063447542677,-0.281594475250586,E02002274
0.5151227347329246,0.13210652770254533,-0.5285378780908083,E02002275
0.4791176942134277,-0.1544703202147773,-0.5928399337176237,E02002276
0.2417533948428264,-0.4456349170786888,-0.7315365712612868,E02002277
0.7628485546253664,-0.12859424018302615,0.012367821542773974,E02002278
1.1648368557508457,-0.2675100726794399,0.10069665138732421,E02002279
3.0704392169574595,-0.5573452448234752,0.018211514324914014,E02002280
0.9488335765156939,-0.0018467104547393754,-1.0277524488685525,E02002281
1.2164490840102768,-0.025425358081479995,-1.2039387235455996,E02002282
1.8142608932269653,-0.6802409125253511,-1.4352773834882842,E02002283
-0.056323920965068365,-0.07942627400341229,-0.6115678820375101,E02002284
-0.8638328392026386,-0.26209055935311315,-0.46138668715884096,E02002285
1.4791457797096996,-0.0699170448475959,-0.34057001233075873,E02002286
1.7524076653707097,-0.27862440293280905,-0.5948889117511119,E02002287
1.4016170372103083,-0.18440750627727115,-0.19425589541287036,E02002288
2.804588962470352,-0.8612410906244646,-0.5988675657160923,E02002289
-0.8464504528372275,0.12372379653603459,-0.5363608482145598,E02002290
-0.17741608771293474,0.3019287145633652,-0.5369057054080106,E02002291
-0.7570273440440058,-0.041464640190158025,-0.1249162941864747,E02002292
2.5674203638444686,-0.9417997660877852,-0.9544340110828832,E02002293
1.571766147375795,-0.7463007627823395,-1.0825192370548131,E02002294
2.7676844484818344,-0.5415338686049627,0.5933543532171859,E02002295
-0.5864850170957386,-0.20347889979673942,0.07498176711290938,E02002296
-1.1347501441807766,0.1960466118167884,-0.5242291902009851,E02002297
0.8055149531792997,-0.7046162563454502,0.5377929752713778,E02002298
2.8494264632702064,-1.1116663515711285,-0.16873483553294713,E02002299
-0.8745191674572096,0.48545614052834185,-0.4698309297547309,E02002300
1.3683600807146303,-0.12603912162337866,-1.5308928902940755,E02002301
-1.2586430078391349,-0.20386250734097452,-0.2673983302183248,E02002302
-0.06991908193299443,0.5104937795434885,-0.6265672094928281,E02002303
0.36646736747161396,0.22884669030056165,-0.8391980729488937,E02002304
2.0718147205154933,-0.33111675470815677,-0.13475204996255286,E02002305
-1.1876979039909696,-0.16763760192111188,-0.34695913612544976,E02002306
0.5686703008687788,-0.17693624780170067,-0.5666559602850678,E02002307
-0.31155043810571265,0.3039920641299528,-0.5622655867822677,E02002308
1.3734091513045967,-0.2093494969767132,-0.6780094490740306,E02002309
0.9763345063838262,0.2930602614631803,-0.3939431749569612,E02002310
0.4746082420798606,0.07084869765329711,-0.4864949021596219,E02002311
1.2832176136533717,-0.1847118521478398,-0.11225398772847654,E02002312
2.0524804899222833,-0.5509361055729717,-1.9628588052010614,E02002313
-0.16811371991152152,-0.22062703980632134,-0.4402107153072053,E02002314
0.4640533642664021,-0.03238919694969042,-0.738468041925714,E02002315
-0.9964711390491772,-0.6225276776877171,0.055696209962044795,E02002316
1.2963327229093005,-0.2501896129705443,-0.7468214387006948,E02002317
1.151359509096658,-0.30484108621199557,0.09319147331159475,E02002318
-0.5329675294446293,-0.314596723974257,-0.5402789739007083,E02002319
-0.31142526105710333,-0.14241847738588065,0.03784579704981816,E02002320
-1.642479740091817,-0.4493524972554408,0.03957071438211466,E02002321
-1.1918823228199957,-1.3034399506333054,0.32183460372124734,E02002322
-1.1816143796200602,-0.1279485543475911,-0.007862804453194143,E02002323
-0.9916056348546821,-0.758931515343555,0.06218064909767334,E02002324
-0.8832649434444887,-0.7836784959618189,0.06533676401935613,E02002325
-1.8496546164074765,-0.19603885868067064,0.03157326923278049,E02002326
-1.4911870814323769,-0.457536766527158,-0.055000585077001105,E02002327
-1.8275401858619331,-0.6574731661235362,0.3611991218253331,E02002328
-1.430892702419185,-0.4054772944639403,-0.013058131705693397,E02002329
-1.623253693592514,0.5605121700945884,-0.4192413845048071,E02002330
-0.21505187926205274,-0.992665961810024,0.590219671645378,E02002331
0.11853398303198394,-0.017166236250650294,-0.06109657530476397,E02002332
-1.06664161579312,-0.03666976001801828,0.04289560263561025,E02002333
-1.6676839185832595,-0.48104967054046505,0.4941774568616942,E02002334
-2.301453489509288,-0.5910338306044324,0.6868516106778668,E02002335
-2.290935459048312,-0.29406478676776265,0.5136768749595896,E02002336
-1.9684356009621267,-0.02038758324814237,0.33138930671017364,E02002337
-0.7034931911962685,0.6295883196846873,-0.32025065991013196,E02002338
1.2594979818711256,0.22011337623101124,0.1353791203029797,E02002339
-0.2388668174339721,0.3011776162318388,-0.21265728709675802,E02002340
-2.315839765847991,0.18697144761423715,0.08566941474474182,E02002341
-0.45190156174914203,0.24784915363662602,-0.056877973117279546,E02002342
-1.2913481636937059,0.5482241303208619,-0.30862390556888913,E02002343
-1.3006244429547809,1.0329123511535068,-0.47106929246245616,E02002344
-1.9653890639019906,0.5857108013797983,0.16917963596660032,E02002345
1.151000952421212,0.36157820467151774,0.35576913326300913,E02002346
2.2398504115846216,-0.01042370857178943,0.8488821678733113,E02002347
0.5652437982716884,0.26463561684244985,0.33286762681830284,E02002348
-1.5070891058356404,0.688753100649672,0.38061800838978144,E02002349
-1.6658654989095167,0.4711696442846303,-0.358729170510485,E02002350
-2.071960393866679,-0.30827472193067085,0.21327970993461207,E02002351
-1.103110912253396,0.9820891882272141,-0.6057856394538123,E02002352
-1.1730317584840482,1.344393590336711,-0.08318967077869939,E02002353
0.1299813176444524,0.6459370082150774,0.0537288792828531,E02002354
-1.5047868809308433,0.5319545375257265,0.12401576267848122,E02002356
-0.15895891238790713,0.9538913212590823,0.1834228146904427,E02002357
0.7943256068200684,0.015878879760038538,0.11673754959854138,E02002358
-1.7223196412913486,-0.8660445765741046,0.6766152704462918,E02002359
-0.08723239712329063,0.9217657835608817,0.2770613605858952,E02002360
-0.02256502858053231,0.7093490925495395,0.3066036254088766,E02002361
2.4954992154065336,-0.1308450097304537,0.8256443071678992,E02002362
-1.3147380625695064,1.5784053637131383,0.03677388259253791,E02002363
4.014007003840757,-0.3914769352518658,1.2062557070328532,E02002364
-0.25489916460268014,0.34474986468462115,-0.7063987803945119,E02002366
3.5477949894536276,-0.3604020090720282,1.066088906827255,E02002367
-1.3897146265782856,0.2607391548390943,0.040825470583492625,E02002368
3.456416784920941,-0.36481771428374554,0.5808570727563024,E02002369
2.7104493390264826,-0.2711920404050464,0.6282731297026097,E02002370
2.625254594942154,-0.08957704145964472,-0.046277761434114335,E02002371
-0.0882887250949496,0.9633985305744355,-0.906470212250478,E02002373
0.8554488565650082,0.4967800790672826,0.32859054900052603,E02002374
2.873064088085542,-0.4997497938919438,0.6347620508621828,E02002375
4.0817847546247155,-0.44953094386998765,0.2935724901657198,E02002376
3.688035720892144,-0.6608117151842512,-1.7712315316304457,E02002377
4.3931638852203685,-0.5934090746020275,0.7724618180131325,E02002379
0.5534326044078132,0.27005382518383986,-0.39619644649140234,E02002380
0.3371000334441897,0.37129370990270216,0.04616743260546657,E02002381
3.620966857735257,-0.5585358225061411,-1.9497768981911512,E02002382
1.487088375651431,0.20138101815231738,-1.826346428859557,E02002383
3.2090159837626513,-0.3679364208591344,0.41632904482905353,E02002384
1.504332282111156,0.23190309906837647,-0.4298307544572778,E02002385
-0.8625384485269908,-0.2824800013024893,-0.8159317320762819,E02002386
2.5783911286558863,-0.018520038706417722,0.10414139915662726,E02002387
2.2395493569686433,-0.07905854390458068,-0.014638469236447803,E02002388
4.1365816447403585,-0.5108834403823546,1.2851097543485261,E02002389
1.5305842643790495,-0.02806522755358095,0.050453681753229056,E02002390
-0.012581764524147164,0.3935294738795873,-0.4940635150783112,E02002391
1.6851753830135896,-0.060144688214738576,-0.6610533538479468,E02002392
4.739728433600493,-0.4961257957362178,0.932782768367005,E02002393
4.136404624422139,-0.4028473508783405,0.014982992751833214,E02002394
-0.6252953076242631,0.09664781880245855,-0.828001471291705,E02002395
0.6892632083769247,0.23778310086345192,-0.5620113675218976,E02002396
1.0365617817056492,0.25641584352019947,-0.05672543651953188,E02002397
-0.7254231114712465,-0.46644502640915314,-0.6797839469681428,E02002398
1.972047379871484,-0.819014054370342,-0.23454253464578817,E02002399
3.477172078535794,-0.5189155996722498,0.36678667885313876,E02002400
4.333697826452946,-0.9730156171705209,1.5184923988125196,E02002401
-1.553048379810246,0.2308933286490321,-0.5547265146004996,E02002402
-0.3196056114071167,0.1257338221957817,-0.5590129663353938,E02002403
2.4669496887454834,-0.021255095253379565,-0.002768756350657926,E02002404
-0.23428821317027304,-0.10674723381596624,-0.40518281836789616,E02002405
-1.16222316550561,0.48350131438226884,-0.7478658829382561,E02002406
3.5987272886257196,-0.2955331219661002,0.4490791946145764,E02002407
0.1518396991006593,0.27565466143102757,-0.03003728958613141,E02002408
1.3046875563735165,-0.5460160485873375,0.33678767539745175,E02002409
0.7614720409127732,0.05891280551186908,-0.39300322860955306,E02002410
2.2951728824322872,-0.33037092790056855,-0.3269576342899022,E02002411
-0.02129984270780444,-0.22107769658842838,-0.3522657038652814,E02002412
3.8337836561590084,-0.7026811726453036,-0.02393012944658361,E02002414
4.245075006542904,-0.8162018688577694,-1.3940988127061853,E02002415
-0.044327554360383443,-1.0199740359580312,0.23787402614691408,E02002416
-0.6859612190449392,-1.0789466461517694,0.24020376533222715,E02002417
-0.15623012103975475,0.24122875896515156,-0.43300750749110645,E02002418
2.7849212017132987,-0.568171820099413,0.38584824867982026,E02002419
0.4792895915736948,-0.05386424060040218,-1.256321213273977,E02002420
4.740334645689669,-0.5637110871862006,1.1101338989478058,E02002421
-0.9186438380861534,0.257656009285799,-0.6148147906523047,E02002422
2.3726441732787285,-0.20963542870090685,0.16783350775849348,E02002423
-0.2054401917014241,0.15428718204523817,-0.07332363400755113,E02002424
-0.5847131805582302,-0.06336596065792191,-0.39233106004650503,E02002425
-0.44221981848365244,0.24086196172559216,-0.2640018918198283,E02002426
0.7197680888935197,0.2740593461846504,-0.025546971667113214,E02002427
0.9322433302401583,-0.4188263793821187,-0.30698103585013564,E02002428
-0.5861053490592227,-0.576678856445016,0.16015714016938562,E02002429
4.037230101363387,-0.7556933561920279,0.8760682231278726,E02002430
0.4330455222182461,0.11399905816276223,-0.2098146291128516,E02002431
-0.34040470373224446,-0.5684309368527587,0.0386881817224741,E02002432
0.9768989333018285,0.325027983504594,-0.13013378930092598,E02002433
-0.19327207478255473,-0.12859805598155352,-0.20037027981273217,E02002434
-0.8227676839299976,-0.3197045335104094,-0.4829424101432553,E02002435
0.5225211159012659,-0.5321273287999796,-0.023517949518414422,E02002436
-1.5149197399306804,0.20684634797599616,-0.3601510746855443,E02002437
2.886427837192204,-0.723644115751169,0.8543871880050024,E02002438
1.2402436136053039,-0.5055283891430162,-0.864089539760776,E02002439
1.8627951009601242,-0.17574268258666462,0.10699383171896337,E02002440
1.8300103966774257,-0.21481093849897615,0.01717025714382492,E02002441
-0.5599682737922818,-0.08778713734529889,-0.8083498707416461,E02002442
-0.9223122983561302,0.0652962246408501,-0.6145435664035241,E02002443
-0.358642312681974,-0.46382533152159694,0.2683907424235894,E02002444
0.19411885530591236,-0.10032441857317571,-0.2805889420335624,E02002445
-0.7103559397871467,-0.297958513743916,-0.07224989080722927,E02002446
1.2418604798593718,-0.8185257775335067,0.020401528403642732,E02002447
2.2729449716948302,-0.9813638362821628,0.6093047365908146,E02002448
-0.2444086456729615,-0.09564325674844878,-0.5671628296464877,E02002449
-0.05466114231957084,-0.229440361031556,-0.23660110346690702,E02002450
-0.5309100859774202,-0.13356045570724934,-0.20919103828319002,E02002451
2.0070738206721725,-0.747840729922337,0.770619634411165,E02002452
1.6880279435117083,-0.8931127565008894,0.47074922258372687,E02002453
1.7616404993818473,-0.08806512531054299,0.022015619481558273,E02002454
2.5860585323694756,-0.45930277728689084,0.6749540012710797,E02002455
0.5654439138393406,0.3371745413423401,-0.3626170332036534,E02002456
3.0336687493558734,-0.13570035584167578,0.6605095171028175,E02002457
-0.2450165404487645,-0.2514549794467429,-0.205936790940611,E02002458
1.139970144733961,-0.14827602797132156,0.07921457769399298,E02002459
-0.5980381688565667,0.13495639434717405,-0.46599164872255616,E02002460
0.2465039118983878,-0.8131538581532992,0.10020620049038705,E02002461
0.08619547216020276,-0.11934738028566823,0.2003904910602052,E02002462
3.9029047767663574,-0.25329201229204973,1.4474329000725559,E02002463
1.847724729030191,-0.8469357551531492,0.33553912119826845,E02002464
0.1680120751694423,-0.20105596153657188,-0.0674739907192836,E02002465
0.4274710862467872,0.1385415324922268,0.04192856544510924,E02002466
1.8025253713934046,-0.5226447750648208,0.029674412717599994,E02002467
-0.6172334117009444,0.21482190628246817,-0.3288392563590087,E02002468
-0.6335279289872323,-0.7858278900003958,0.17985011495144831,E02002469
-1.8924017625243528,0.7063747113096146,-0.08567380162058404,E02002470
-1.3579921729572628,-0.7893661349879648,0.24095669618410595,E02002471
-0.9119691344503073,-0.6070478814921783,0.19685345336301038,E02002472
-1.2544296468182583,-0.247360433945665,-0.5054340361127962,E02002473
1.3015384483140486,-0.3478027954909613,0.8712117319821987,E02002474
-1.8686294744344978,-0.7278229136477854,0.6188856817484877,E02002475
2.6064607499008243,-1.343402629063512,0.6517212349675329,E02002476
0.7800533264491493,-1.003799458410829,0.26189595703153945,E02002477
0.13739117051653196,-1.1084153425408827,-0.2590172133931145,E02002478
1.0570124061863542,-0.5413102085725848,0.1998687740379602,E02002479
1.3384998336486427,-0.2506553861383314,-0.27966343825049716,E02002480
1.1290549344875134,-0.6998777355525728,0.23938629329847377,E02002481
2.040708480057854,-0.8829135788812809,0.7003337998933103,E02002482
0.11995394595928392,0.14474736900856702,-0.6072085422411098,E02002483
3.480677855050974,-0.8604001851368521,0.6107470392639397,E02002484
2.9118908435618627,-0.4344193125099176,-0.14089774308838576,E02002485
2.2291376480146274,-0.510201554953677,-1.1707113830891283,E02002487
-0.5658007943104181,0.37418548257293344,-0.9147468332823095,E02002488
2.290229862071707,-0.45765362041877444,-0.8407589286148683,E02002489
1.878783852468521,-0.5018837692433743,-0.9687639586494948,E02002490
2.248781453927161,-0.5670868073169504,-0.16897429648187393,E02002491
1.5472217825748835,-0.7492472837698432,-0.03814456573191578,E02002492
-0.7412731981548367,-0.8658611494291398,-0.4610285333799015,E02002493
3.4578733603202365,-0.34235616156649085,0.25392732714081273,E02002494
3.5125119589278957,-1.5404323641759563,-0.8354438379645195,E02002496
4.033917067050409,-0.8967792915303266,-0.522283666549765,E02002497
3.323269940090314,-0.6572130120895382,-1.6078825750435592,E02002498
4.043459425900803,-0.7812354680985819,-0.002493919753411627,E02002499
1.2678302230880465,-0.13079397443863272,-1.5048965378968968,E02002500
3.1852105695897266,-0.46946090366161924,-0.22016274001187278,E02002501
4.167042258797253,-0.6382204519193162,0.3634988328481262,E02002502
2.4044102857280922,-0.6944340629198479,-0.2645347633853222,E02002503
0.028947197217855828,0.30697975932291804,-1.4380109446262586,E02002504
4.030369067721968,-0.6321255235712973,-0.09938191699102329,E02002505
3.940726364869941,-0.6961584460441744,0.6472390911738393,E02002506
-0.6978128728557631,0.060946837333850326,-1.2913995254864772,E02002507
-0.5818251571457477,-0.30416263726544424,-1.2406679831782093,E02002508
1.3349773128847227,-0.13740406949375603,-0.7841206169180244,E02002509
-0.680086655431371,-0.3528989335989162,-1.24297698359956,E02002510
-1.3136826880123724,0.46167905876096127,-0.6167875783166304,E02002512
2.318703210928452,-0.7999300043047641,0.5354320459674868,E02002513
1.3219043862588242,-0.22646106901886276,0.29610212186019674,E02002514
1.5248533932783994,-0.3416145042964921,-1.6520562090035165,E02002515
1.6018724024045776,-0.2224337536913465,-0.5306981865872565,E02002516
1.2211776517354935,-2.0441933626895223,0.5516026470995986,E02002517
-0.6179532112438059,0.22923107256457706,-1.1889011684672366,E02002518
2.7527088481709927,-0.20159255878817026,0.29416105548187316,E02002519
-0.4712032376167275,-0.589939978560758,-0.7395762787251056,E02002520
0.21772331693761157,-0.19073824928751928,-0.5280551731604516,E02002521
4.944821960337492,-0.9092346965080647,0.9591577279398028,E02002523
0.5473369423929005,-1.207850523166455,-0.6422678243100497,E02002524
1.212832781926933,-0.5324544906562446,-0.4466319424890425,E02002525
0.45850150253716715,-1.2010224267201646,-0.2877541779926516,E02002526
2.087669711647874,-1.2611205745176626,-0.6827648174617542,E02002527
1.097147865703045,-0.3972153007694906,-0.12590666456200092,E02002529
0.6507583865457618,-2.291282604519819,0.46602393089886324,E02002530
1.1879439750085845,-1.653830660124639,0.27097289189108104,E02002532
-0.8125864186997627,0.2170634154913884,-0.9471434417561885,E02002533
-1.9084404932522476,-1.2858392066716269,-0.15656696245373394,E02002534
-0.8194690177332966,0.23684778050296504,-0.9965837334915423,E02002535
1.0800783683010031,-0.1507785571636036,-0.9162751643852493,E02002536
1.8244032189489363,-1.8264263474062383,0.25544422256041993,E02002537
0.8396950061796442,-0.9218378318185603,-0.23113443475544512,E02002538
-1.8718971934818887,-1.3255431601890109,0.0844695336977977,E02002539
-0.8660739197171242,0.1722494453449474,-0.9389229106218325,E02002540
0.33040802454358853,-0.06679590437581627,-1.05838690990387,E02002541
2.57833831318633,-0.45523590369062017,-0.3352607865013108,E02002542
2.9376030286229367,-0.4406982564417755,0.339588896696257,E02002543
2.3135648737280667,-0.6040162718183206,-0.3951492542486153,E02002544
-0.6371953401722783,-0.08747836591470462,-1.123958913784987,E02002545
2.527966961380388,-0.4613592160087888,-0.44706034437751124,E02002546
-0.1831895449309454,0.1634104767696152,-0.7910204531604913,E02002547
3.332816377623865,-1.2839590028511518,0.05234545930150334,E02002548
-0.6766750673325344,-0.09753192340305226,-1.0383640784249797,E02002549
0.046962901427080185,-0.004294569008659686,-0.5784629326687762,E02002550
2.1350896672617847,-0.874138224915455,-0.2898548148035793,E02002551
1.553889329189205,-0.1768696988489685,-0.3594847910678967,E02002552
1.2023348761532628,-0.15747921970197853,-0.6098424750758638,E02002553
2.403225488165955,-0.8096422913675171,0.24947094960513672,E02002554
-1.1116823662765978,-0.025611556795451334,-0.6403842674950696,E02002555
-1.7836732181357877,-0.3250048410969949,-0.3704460890752446,E02002556
-1.4225280923199706,0.6192184059984237,-0.9147811748551326,E02002557
-1.583811582308042,-0.20051028955251085,0.04624120844983989,E02002558
-1.9622081729641734,-1.5450614774858493,0.31858621400323067,E02002559
-0.4014515082314295,-0.08420414977522203,-1.3296012548801477,E02002560
-0.054272408282899295,0.23472860447170185,-0.8267303387173299,E02002561
2.003635645853201,-0.31209608154489443,-0.7875640017869967,E02002562
1.1584954734194146,-0.0804830681114619,-0.34645912557437725,E02002563
1.6430269268433406,-0.06575189281547782,-0.2844409238856157,E02002564
0.12797244869680144,0.39555508444704324,-1.7176508560364874,E02002565
1.9779623242408648,-0.46023949861660685,-1.0788322934833883,E02002566
1.8050171813693154,-0.820534487615689,-0.26081766352290375,E02002567
-1.137260386527828,0.9483987137862012,-0.37538661776138393,E02002568
-1.2201537902691721,0.11006295259340704,-0.7788209004319915,E02002569
2.057239485857477,-0.17359314201498624,-0.9371935993786747,E02002570
1.4642628377076907,-0.3937562553546522,-0.5976517250633633,E02002571
1.9089897174164336,-0.18391519715654134,-0.42576462855920383,E02002572
-1.3218390432742808,-1.0677716194513658,0.0040746470482700605,E02002573
-1.200163304115794,0.009103709582112473,-0.7644538071591107,E02002574
-1.266217268204242,0.8623719883183604,-0.7577284707665788,E02002575
0.8681248765838201,-0.296137926233322,-0.40778778712911307,E02002576
3.103687682313516,-0.049878104444064965,0.5468735098435951,E02002577
1.134153997508396,-0.07112247904070057,-0.32683147085251196,E02002578
2.045615126226004,-0.019974172991877544,-0.2785520155731311,E02002579
2.9850775746847953,-0.8147402436207004,0.10272270314075564,E02002580
-0.28758185319770835,-0.9109180018401825,-0.38090392280334817,E02002581
-1.8072196791176631,-0.36082063963246247,-0.0364357431554909,E02002582
4.140512057892033,-0.8264458990988841,1.9005070522358571,E02002583
0.9718017947769846,0.1225948069167639,-0.6576231988897318,E02002584
1.0162946050262645,-0.6294382540950906,-0.40589245912848754,E02002585
3.5714073181315644,-0.32177781362242797,0.681799146399555,E02002586
2.127543046401425,-0.15247660815139774,0.28327646284121233,E02002587
3.021193796800625,-0.21579976118181718,0.6842532037639617,E02002588
-1.1593953004135975,0.011448305046263187,-0.9287715255200908,E02002589
-1.5579091709085564,-0.624979690366684,-0.02381861433925848,E02002590
-0.8831846565044428,-0.6681742720735365,0.14800655445026348,E02002591
-0.5720472075891867,-1.033559245119872,-0.2366420843335003,E02002592
-0.26687283280962015,0.0031215724833335554,0.36290896525664046,E02002593
0.9985568096858115,-0.17262159646921477,0.7396120157720734,E02002594
3.0419837179875087,-0.5231293068738396,0.641326575852099,E02002595
-0.3338808578954411,0.3357596265083491,-0.5599741692842031,E02002596
3.1429140733134777,0.012220628527528662,0.7630547226493946,E02002597
-1.792246263932097,0.5494247374591921,-0.12785494760967903,E02002598
-0.8522842903754566,0.7235722064199899,-0.29514360907539733,E02002599
1.4726650226984697,-0.003736901334926203,-0.6283708941403277,E02002600
-0.4739550739638932,0.09226616885650338,-0.9334293334191326,E02002601
2.45252638428865,-0.46384381196960817,0.04825715111537522,E02002602
-1.068517921584698,-0.4738824774061486,-0.6055965733794637,E02002603
-0.9023156090042393,0.6564600601820053,-0.950819669355475,E02002604
-0.030956202400291167,0.29700713824749075,-0.6891220041450428,E02002605
1.2401912864227642,-0.14025499301891511,-0.7681591301943717,E02002606
0.9853149676166232,-0.51169774721018,-0.2764080234124294,E02002607
-1.2291916794031867,-0.6030796006964122,-0.6744189113225234,E02002608
1.9299299427089076,-0.2748987054439309,-0.12241953622359605,E02002609
-1.5892437627226994,0.06580532867774945,0.09087513547526478,E02002610
-1.179188973063704,0.5490278131461893,-0.6300980613874643,E02002611
-0.7568994209121382,0.7862074170207037,-0.397111422996843,E02002612
-2.2674194539056045,-0.42578177790254856,0.15567316297528688,E02002613
-2.2855604109531575,0.5355419846415853,-0.05977867813420744,E02002614
0.31606600282695396,-0.3716430607117284,-0.7751269466946613,E02002615
-0.41839638668869455,0.13787750262611445,-1.3299164014420601,E02002616
2.4196778807886328,-0.5232151196803583,-1.2312178061686991,E02002617
1.694394534992166,-0.01888748390602805,-1.4846517946526032,E02002618
2.185256419330952,-0.26659560840490487,-1.4763805811367983,E02002619
3.5293347088399276,-0.7319952655999222,0.0807681878234107,E02002620
3.148552125642178,-0.5889810341443411,-0.8957446256660933,E02002621
3.9246048425231113,-0.6791801454589869,0.21412241070610372,E02002622
2.502933933478038,-0.42163291417681564,-0.9664244512615723,E02002623
-1.3015109001465721,-0.5493084615684156,-0.4960281570668333,E02002624
1.8579674277702753,-0.4892677275643995,0.12340992448726006,E02002625
1.691171609888206,-0.16387042048147324,-0.43490443688104113,E02002626
-0.8510037910072216,0.19284212675485343,-1.1113453925994394,E02002627
0.9361714352601354,-0.528924645206065,-0.702977013838494,E02002628
2.1737011815525387,-0.37725381656590834,-0.967064511147386,E02002629
1.0137620902669624,-0.6916742905446923,-0.9586256234752869,E02002630
-0.42085215548082605,-0.5922494161315209,-0.47382138868729484,E02002631
-2.274312326956329,-1.1552959900530995,0.3420493157518312,E02002632
0.042712636468966315,-0.039020866187275585,-1.6995188836164117,E02002633
1.1313137343316042,-0.16743128703122218,-0.5149204711806289,E02002634
0.1617186175366375,-0.08497477717637672,-1.6279284345457576,E02002635
0.884691822080459,-0.26556654845595695,-0.9418433351760946,E02002636
0.27416048867355264,0.07652463461114861,-1.5985339684722575,E02002637
2.817343153680843,-0.6384096572896296,-1.8536878351784782,E02002638
4.824842712192878,-0.49602311843251096,0.7116115334666488,E02002639
4.106219586842742,-0.4476181670835313,-0.8585900679087503,E02002640
0.30048523606502825,-0.01890245016152465,-1.4603593948018994,E02002641
3.510904249656323,-0.7267930040688708,-1.7207096231100398,E02002642
2.1901273619934996,-0.02830025825524877,-1.7327846865377794,E02002643
0.052755321973936606,-0.24476403415028966,-1.4154891044627256,E02002644
3.5018566707460352,-0.9494417050766902,-2.0787882122126575,E02002645
2.0956438403299003,-0.7177289418390521,-0.33937491296465594,E02002646
1.9586865353626846,-0.2941828642751176,-1.8314944590088469,E02002647
1.5394802880435454,-0.14229930743029615,-1.445643744656576,E02002648
0.959826692273532,-0.0820864893302572,-1.6770729603851062,E02002649
0.04519206131035961,-0.37496518472120577,-1.0575620701790995,E02002650
0.6005470178632524,0.14527591060421652,-1.3944551959350955,E02002651
1.4040448117691577,-0.39717250833595036,-0.3837483388211629,E02002652
4.413017403864109,-0.4784765939654071,0.9776834286924266,E02002653
5.558668340236508,-0.5579798349314292,1.1910549666243013,E02002654
3.527032753293659,-0.8772995458747693,0.5522355385733035,E02002655
-0.37808470452851983,0.3403083680099823,-1.428032953039416,E02002656
0.31096220857164686,0.07808861240308437,-0.9748648654872301,E02002657
0.03876176747352143,0.3306139127240144,-0.7971764430498781,E02002658
4.732607912271547,-0.3735724565786439,1.0049269619209584,E02002659
2.759243278609607,-0.22513195960087368,0.18158033962365122,E02002660
2.5016155286148214,-0.2932954694069253,0.09958582805251431,E02002661
2.358455760450711,-0.21582427178139937,0.3566946073731028,E02002662
-0.33565185985402074,0.13314461974501957,-0.790722186777667,E02002663
-0.6789023534922125,0.39638114672887365,-1.2718387953381243,E02002664
-0.30415833501771844,0.5548096968497698,-0.5629128020509506,E02002665
1.5991518227589916,-0.11492937533534066,-1.2539056159986848,E02002666
0.40980601736574673,-0.43368689696303636,-1.185165696658862,E02002667
5.241932720579044,-0.4827111304722329,1.4987319385455782,E02002668
0.09030958362436028,0.7425771079508665,-1.129971298880517,E02002669
1.8293211585457632,-0.06892662197433254,0.12205195400916487,E02002670
1.136895843899803,-0.8171070303636038,-0.2762015397536424,E02002671
4.1749926674904065,-0.7295047641971979,0.5949068670930863,E02002672
1.300357900017234,0.06749102963305517,-1.763659031239012,E02002673
0.19540719955172908,0.23377019137649602,-1.3392668399566008,E02002674
4.23139865954653,-0.7612350243038519,-0.006713740048896024,E02002675
0.7728262289420238,0.2520937350374313,-1.2634756708530595,E02002676
1.7389195855980695,-0.18880283649238158,-0.4625903404561369,E02002677
1.1357688365121357,-0.035065398812592095,-1.7797309811174,E02002678
0.7980010468723292,0.2394961774586545,-0.5179018973031806,E02002679
3.85858563000567,-0.7196306857371717,0.6576666325141222,E02002680
3.3347342914935627,-1.2098261068404743,-1.1011663523254347,E02002681
3.2139904693483525,-0.5814886221555639,-0.06649773320966743,E02002682
-0.7617960953059981,-1.740560242784575,-0.6524072755637895,E02002684
-0.43079119545522576,-1.2506900729813442,-0.9132584116872476,E02002685
2.83209382761804,-1.019584843458793,0.49918703854357044,E02002686
1.498229010899676,-0.42798785657192,-1.7138902384297836,E02002687
2.000873426115737,-0.36819248757599216,-1.8074280549239827,E02002688
-1.296085321015754,-2.3750975746083784,0.3620938453864911,E02002689
-1.8359499831092454,-2.0138244194068324,0.49239834247758874,E02002691
-2.0422393515796147,-1.104929441886308,0.2963339490990599,E02002692
-1.4464879003927258,-1.9771527606817854,0.3947519035080172,E02002693
-1.4999006759435562,-1.6537533404169191,0.3708657992837637,E02002694
-0.1382790945468255,-1.1573999840495108,-0.47224783233629036,E02002695
-2.32747752449337,-1.4575901339530364,0.6027736796918456,E02002696
-1.9062518311920063,-1.6402009965616458,0.315556511450088,E02002697
-1.4891999965699343,-1.3960491232513879,0.32812482701542117,E02002698
-1.7136811433691175,0.3485249907377848,-0.4230485137087702,E02002699
1.8440036350682467,-0.19047782650042933,0.4327436329957638,E02002700
-1.9761426357384102,-1.8612075891455588,0.5402644413272137,E02002701
-0.7286001046188202,0.138899965989424,-0.1981929102201813,E02002702
-2.0884218850008454,-0.4989045414238848,0.3072187491739384,E02002703
-1.4662358431674345,-1.774159969569677,0.06112918824360776,E02002704
-1.4025491481508838,-0.8322358601537384,0.028540670808270188,E02002705
-0.9455563340521618,-0.2878440315799066,-0.3268447954941904,E02002706
-2.3643568943028654,-1.038908126443124,0.5980204761022591,E02002707
-0.47066978768575596,0.027315905851223513,-0.16634382781188656,E02002708
-1.4299702650061312,-1.5234000529898901,0.28636054985351816,E02002709
-1.033448570358926,0.5965127504738355,-0.6800017837019519,E02002710
-1.9241967872939976,0.15487429919340154,-0.39324095886871635,E02002711
-0.997502004464843,-1.0306301356143004,-0.45111191372600623,E02002712
-1.310346452612044,-2.079809853427996,0.11553539670726727,E02002714
-1.9409476728741566,-0.20239955429662837,-0.03876485479699336,E02002715
-1.068431970279304,-1.2023513572693592,-0.11283737706778216,E02002716
0.10765768887240418,0.11936779496729806,-0.5164356213638124,E02002717
-2.145765984364015,0.025875243850431755,0.12761468740411938,E02002718
-1.1520119330633845,0.31985639838288693,-0.3933643957349626,E02002719
-1.6704679821418602,-0.7212518230251007,-0.40042277713983565,E02002720
-0.9241655568079191,-1.846460310432749,0.5993795126934153,E02002721
0.7256336356086945,-2.1960045505350023,0.15728657634061055,E02002722
-0.2556188433652687,-1.919797064443294,-0.5092949829211445,E02002723
1.9024900375337785,-0.5510169882977888,-0.6435211711016662,E02002724
-1.2330721482834393,-1.3195238684086374,0.2676851757148373,E02002725
0.7985460519644985,-1.3737899446067605,-0.06690175535935029,E02002726
5.6109900669184745,-1.2459854702476065,0.8700691791428944,E02002727
2.2867774074137626,-1.083508481581207,-1.2743500283658795,E02002728
0.8765235826335078,-0.5347029978703226,-0.21082619273833042,E02002729
2.1306080885128016,-0.3720735144486477,-2.0929557555393377,E02002730
2.9741520846141185,-0.3823857686221169,-1.8855886840121858,E02002731
-1.585864111712121,-1.2116707068732977,-0.02924967245270085,E02002732
0.763622873824328,0.14640008027553142,-1.242865668437643,E02002733
0.6197644923011318,-0.28199825695174097,-1.045362576003075,E02002734
1.0853091419632825,-0.2679769178617977,-1.8608098050515665,E02002735
2.3468666132793503,-0.4206058460476141,-1.9167750585724799,E02002736
0.2101282256861915,-0.36931156017077904,-1.2300321942516301,E02002737
0.31132947093957203,-0.02196747954578787,-1.1230068575524645,E02002738
1.0950776858241047,0.13071476155164527,-1.122063457832497,E02002739
2.2134105910663626,-0.40640941595774877,-0.4657163608000483,E02002740
-0.11761227039991803,-0.012696871083296401,-1.10854980829319,E02002741
-0.480405630355886,0.18404160029486819,-1.2149336030505231,E02002742
1.3497096066423164,-0.25610680846805245,-0.31283162991831964,E02002743
4.581287704763722,-0.7186661015276603,0.35470105320264383,E02002744
-0.9626986346712283,-0.5380269618148106,-0.8174454664562756,E02002745
-0.38113056139057405,0.12290139384927744,-0.9392071955891442,E02002746
-1.2144783964394035,-0.3974502159931359,-0.7105468194516585,E02002747
-1.4721353103105392,-1.495441547979145,0.05934868819283742,E02002748
-0.09663363719155517,-1.1097917800153014,-0.19692434699798317,E02002749
-1.1941516235582048,-1.4000983052983005,0.05394114540474937,E02002750
-0.6763681609388736,-1.4821513002334294,0.19797906646787247,E02002751
-0.9361845228052815,-2.0546958324970617,0.3586416647824859,E02002752
-0.9193295408252145,-1.5421874870331638,-0.07835307460474662,E02002753
-0.7501352530272207,-1.7828040824853448,0.36812470897806776,E02002754
1.1979868309909032,-1.173800757845089,-0.09142754477832254,E02002755
3.181253150859021,-0.6082286796113634,-0.697863057447345,E02002756
-0.44452994257667156,0.23063208531180024,-0.981693620279889,E02002757
1.0571885973348165,-1.1687078570493927,-0.08575163773644348,E02002758
-0.6751296229942787,-1.6580355541891127,0.2743193809270146,E02002759
0.4695067977402357,-0.0984822450312882,-0.08048456774136006,E02002760
-1.2912219566394434,-1.6494024554903697,0.08340292845559973,E02002761
1.4491693594729675,-0.024024966610631863,-0.3804074984835138,E02002762
2.264609980541256,-0.4046464305499307,-0.011573457651287268,E02002763
2.8203682418273353,-0.47631297984855975,0.18529962845211284,E02002764
1.2790280371911482,-0.08135582335718071,-0.7570385149525616,E02002765
-0.15291987321640038,0.3433011297244912,-0.9034492043009624,E02002766
-1.267613338708413,-0.1690373349664358,-0.744545930542695,E02002767
-1.479939292448968,-1.2220312080183644,0.4320024475167786,E02002768
-1.7010317823768655,-1.3914082538253345,0.33274839553618923,E02002769
-1.2282812456186232,-1.60426560283568,0.3889867508290333,E02002770
-1.5739208879447582,-1.4237110887057316,0.41279383607275866,E02002771
-1.8194313312603478,-0.48489274139478206,0.10616695446423746,E02002772
-1.2207449921582205,-0.36390986443951673,-0.28152612759247386,E02002773
-1.6782009660060169,-0.2846941348009034,-0.5757551851530567,E02002774
0.6059966603735791,-0.3160116305715305,0.5590799861444582,E02002775
-0.7854386902401863,-0.399963407653756,-0.5295473587328356,E02002776
-1.2615608130466707,-0.25888100373549594,0.08830245141215708,E02002777
-1.2941474020727883,0.4586049216645477,-0.45865318206104616,E02002778
-1.025319428279006,-0.6084045164762144,-0.1589783523304925,E02002779
1.4735864649041157,0.37756513227926225,-0.2919615938006968,E02002780
0.4704335950908409,0.4850954499521229,-0.458264439262955,E02002781
-2.1418808584007847,-0.7696421884267823,0.3816775704999124,E02002782
-0.1788943656175133,0.3083024581113859,-0.6680509933008867,E02002783
0.7937156887810988,0.4584873643446366,0.10062564019092254,E02002784
-1.307233902128773,-0.17926652531930876,-0.578097886515342,E02002785
0.8368135673404462,0.40695646658932844,-0.49308920419346935,E02002786
0.3422735332908334,0.525620354391572,-0.4039629963755499,E02002787
-0.961626156038034,0.8397049744462218,-0.6016557586348679,E02002788
2.0104161661789766,0.07074470984008265,0.2810979858591485,E02002789
-0.6101388522668276,0.6897001285349568,-0.5027549188722771,E02002790
-2.240889914176422,-0.7788071625947804,0.4637725957276688,E02002791
-1.6325407207331621,0.7291350721100381,-0.20036365341650114,E02002792
-0.25973586510382984,0.17993681786263324,-0.45834634614234315,E02002793
-1.6105329500108054,-1.0784696523305213,0.21872958150694993,E02002794
-2.002052155197972,-0.2333650958386862,0.050100925305421824,E02002795
-1.4629003774896518,0.41190965175909816,-0.5165599272488107,E02002796
-1.3285271781906733,0.3054526654740764,-0.9637343177483523,E02002797
-1.378400153158746,0.8632450136338112,-0.8728147921102163,E02002798
1.4402971530560902,-0.307868463469902,-0.22192695914622762,E02002799
-0.8496341033966979,0.5709355933038069,-0.03831690097122859,E02002800
0.6840217171530291,0.07359923491106239,-0.8949297825240257,E02002801
3.2178222099435123,-0.6153220037815029,0.49918431867594676,E02002802
1.3422228765229198,0.2594652534231871,0.21514522011257925,E02002803
1.5870190041280905,-0.15908136178599025,-0.12100879914474665,E02002804
-0.9301018431548677,0.17742907568548552,-0.97857535804022,E02002805
1.3522860143976712,0.5150722290590924,-0.4817363893323375,E02002806
0.8972883379501639,-0.20002648576380597,-0.6470761413464834,E02002807
2.0208440459735177,-0.02411070248232385,-0.3239500265858914,E02002808
0.5467268820085488,-0.6259309850751205,-0.24240875996153857,E02002809
-1.0595560362697254,0.3426630153683689,-0.9182946647631656,E02002810
3.077611631704172,-0.2703852312074327,-1.2845290814758563,E02002811
0.08400062290197242,0.2021979875378254,-0.33867140339233415,E02002812
3.6594641268307333,-0.6539310514930382,-0.6626191831616148,E02002813
-0.953727145725963,0.5690725983891651,-0.7005449559558555,E02002814
2.004936744473573,-0.1442335525442274,-1.6812920072140844,E02002815
-0.9071569864924436,0.5699407334384481,-0.3551899314921094,E02002816
-0.5664386680677328,0.31731715230698115,-1.035837536478595,E02002817
2.6610450122471603,-0.16452285074096956,-0.19768744890719062,E02002818
0.5281044604922398,-0.43372992034230734,-0.3827716109841067,E02002819
1.7787691564000498,-0.03547629428496354,-0.7307737644947951,E02002820
3.470766110973521,-0.5190746378901748,0.29197513699611854,E02002821
0.5645793427693095,0.15178931066818938,-0.49090350250373666,E02002822
1.4648332748737416,-0.11783615948416865,-0.38974348780871987,E02002823
2.1553573638856007,-0.7111806766620608,0.25237187416700063,E02002824
-0.03956666803910048,0.2739544140633913,-0.4174302398813792,E02002825
-0.3284319126600338,0.48900263520484544,-0.1096247639056159,E02002826
1.206975864324764,-0.551981947321724,0.2705954314622127,E02002827
-0.11914763103397716,-0.43094207961036574,-1.3283306915187325,E02002828
3.519695677747662,-0.6146800246498723,0.3897400712418226,E02002829
2.7374855023967166,-0.4248405563057076,0.721624455912589,E02002830
0.880903393279177,-0.19470593403008332,-1.60702969170661,E02002831
2.0395308102090173,-0.4013852798193822,-1.1148531814567457,E02002832
1.9586385841881482,-0.03250489936272904,-1.0535666215930224,E02002833
-0.11536741428190542,-0.007568122217489458,-1.1207343199653463,E02002834
0.295667190983891,-0.11482559253138383,-1.0543749826213804,E02002835
2.120496462715084,-0.2863728421015692,-1.0996268637864393,E02002836
3.3869606464085655,-0.4128037062428891,-0.23156244164209305,E02002837
4.185510053372151,-0.5659111167709249,0.7478381293026541,E02002838
1.2406495829724455,0.03202613299718707,-0.5801309348828618,E02002839
1.8200629418636405,0.1421843282483619,-1.2990545873974455,E02002842
2.4774996717275917,-0.1975328490870614,-1.4841574770976143,E02002843
4.640984208702811,-0.17670179080124174,0.7042275421080161,E02002844
2.3226708341325595,-0.2592453161800525,-0.15300040351215247,E02002845
-0.4426507285978527,0.1835680277185042,-0.9065905871050085,E02002846
0.8469405205331398,-0.1720859622162964,-1.9961523331682427,E02002847
2.737289526465243,0.023915658767654245,-1.63055919696707,E02002848
1.261197302067805,0.32741272238469155,-1.2793276559665232,E02002849
-0.29058651536855634,-0.09442202502050653,-1.0416401205138395,E02002851
5.158650453909994,-0.7325803348689703,1.5363723046185882,E02002852
0.7630008125599144,0.26729175103915315,-1.4676646448685655,E02002853
3.1579297012681855,-0.2692335823369114,0.10254045854100485,E02002854
0.0725407728738235,0.28983551115945916,-1.2103856561322368,E02002855
-0.6163979218735715,0.6511327635987021,-0.872293257628041,E02002856
0.8428859406450979,0.010998222798187223,-0.9684231541223288,E02002857
-1.4843068568732167,0.9770792146367676,-0.554921737386969,E02002858
0.5623198307203906,-0.19300007308101982,-0.5680796678907587,E02002860
4.620095163773802,-0.5065148741602422,0.973423650635107,E02002861
3.4099802107729675,-0.21138905351098214,0.26642890938136754,E02002862
-1.777108868607956,-1.6305726892659365,0.6803757199318693,E02002863
-1.090900084196899,-1.337504843972368,0.22214193140030122,E02002864
-0.8249998152856376,-0.007465521269856319,-0.270451652575476,E02002865
-1.7433781701775661,-1.4078250158014909,0.4653735355506954,E02002866
-1.4540200874444837,-1.6440304166523785,0.5027452003877638,E02002867
0.4877638227479324,-0.020736079092694593,-0.8912949755177942,E02002868
3.3931573193010793,-0.7123918677128345,0.29377872226387935,E02002869
1.2926291987982839,-0.13104135683902055,-0.8524324613191933,E02002871
3.032804110294957,-0.386598727406105,0.32652590227350625,E02002872
2.4287150102014543,0.037076383252953676,0.10110711918187015,E02002873
1.3485159720457194,0.18753814983760178,-0.1284294281093508,E02002874
2.120289373339933,0.1330157113145285,0.027051210273218735,E02002875
1.3840461181597523,-0.062255077842990406,-0.3105156766104358,E02002876
-0.033209013144294024,0.6777796440405992,-0.6551464820165352,E02002877
4.738083898777761,-0.5717003068820595,0.5501567558455768,E02002878
0.6384012585773478,0.5397245854746532,-0.6505275668545296,E02002879
3.6392203161286165,-0.22999487444319738,0.044107443620104075,E02002880
3.393847602526186,-0.5892834198400062,0.4753986075184652,E02002881
0.1757070134587761,0.6307364560456254,-0.4334563653523376,E02002882
2.014806847540249,0.12478867066834344,-0.0036798955379611195,E02002883
1.7598728077196826,0.196875990470953,-1.292049310700074,E02002884
3.448536918422381,-0.30718270260624553,-0.9503624562396521,E02002885
1.2234112025674981,-0.1915600595319901,-0.6245234552841278,E02002886
3.011396404397028,-0.2354989324993733,0.6851017665141741,E02002887
3.945137803950278,-0.2588685545637374,0.540426034215951,E02002888
3.4910437193203485,-0.6828812479492526,-0.18873448241152763,E02002889
3.517019698691963,-0.08113245439448172,0.13709787902447776,E02002890
1.0698458355761002,-0.20638676859977087,-0.6983331448184161,E02002891
2.4812704951223767,-0.24440617788201313,0.20604236744388366,E02002892
2.610328799663712,0.10490568544440385,-0.2666982111583275,E02002893
-0.99226819237031,0.49398881937255534,-0.36074544761582716,E02002894
-0.40587460459519653,1.1568499490870279,-0.3762706444730725,E02002895
2.595328404570849,-0.42382425251592387,-0.043804199281576715,E02002896
-0.5721135728865598,0.5131225276531274,-0.30871016405767393,E02002897
0.9343613782919803,-0.5746384104518171,-0.45934932574443155,E02002898
0.8551098988815202,0.0696654344756118,-0.010702410545319861,E02002899
-0.08947373764721989,0.20748590543577514,-0.5069828824520186,E02002901
1.8323431603924245,-0.3678573763531461,-0.1537805945899419,E02002902
2.1147600809960325,-0.5926547117799916,0.033811998155835556,E02002903
1.94636963985649,-0.22738783703088994,-0.5884710860589503,E02002904
-1.5861696426290117,-2.396863641285177,0.3454372692240434,E02002905
0.6681598582096214,-1.0743580071057854,-0.4182036808065223,E02002906
0.37766528872648364,-1.7719273900230683,0.0024020259188944604,E02002907
-1.3655454634862223,-2.202238471505953,0.3985690353581517,E02002908
-0.8791743617024306,-2.217007720286504,0.4161309165368218,E02002909
-0.8738781050896253,-2.4317679600522,0.36726149630325355,E02002910
-1.1884635652056406,-1.8740008129744472,0.42042811474986147,E02002911
-1.4154148825126347,-1.3623883845440923,0.13074548343895448,E02002912
-1.5270657154151601,-1.4931658007092392,0.6866822472297563,E02002913
-0.10096878626076485,-0.4341057175167648,-0.7368843056664862,E02002914
-0.9250450575927902,-0.8428032557152976,-0.3184624458404856,E02002915
1.0874761007072704,-0.2049751265196491,-0.3403286399031806,E02002916
-0.1519647352975856,-0.12840816393687585,-0.9721094848108437,E02002917
-0.6828039333876029,0.12422672863943991,-1.0340150695593564,E02002918
1.207846995354597,-0.21889729671084193,-0.2163008666001082,E02002919
-1.0019144784444567,-1.442538588244392,-0.10425528544931878,E02002920
2.9615530393630194,-0.19382577841088186,0.5797536985168178,E02002921
-1.614224431863463,-1.913639930261314,0.6169339044899145,E02002922
-0.7266976768545697,-1.383955572546372,0.05557538146024849,E02002923
-1.4707525805631263,-2.5462540013722474,0.45190334114983505,E02002924
-1.1484921481134218,-2.158103151354468,0.31133834008667133,E02002925
0.0803014748530992,-0.5806763438346868,-0.41353606766756307,E02002926
-1.4850385865102367,-1.9149570319392724,0.2330695462740814,E02002927
-0.5588682157064766,0.35669977528780245,-0.40043509389357573,E02002928
-1.864601522545497,-1.6114076391096146,0.3999646087718327,E02002929
-0.3093201543345046,0.20148312369241111,-0.5729696011142277,E02002930
-1.5839344669729816,-0.7986099699747471,0.09032561686599212,E02002931
1.7595380930668922,-0.4043087255434986,0.18334891331167616,E02002932
-0.260131152704559,0.27090900147536495,-0.6719621761865524,E02002933
-0.11815291100967988,-0.0005794201008946918,-0.21704061671567287,E02002934
0.5350669645591035,-0.3351459797163889,-0.8701783263852827,E02002935
1.2668544147904337,-0.7388565233512888,-0.096347718336858,E02002936
-1.5441217210829745,-1.3594128165473873,0.3051882139580923,E02002937
1.3345500222180053,-0.29457256474900007,-0.2710702741341591,E02002938
0.6158554772097502,0.05101793604408535,-0.19260820850131602,E02002939
0.755256164260144,0.02737220904534136,-0.33611469233882424,E02002940
1.0052868759229943,-0.3880288070370497,-0.2110119987424807,E02002941
-1.591160599564384,0.4881616654628739,-0.17175242655896478,E02002942
-0.25720569974920365,-0.24845229110448658,-0.08345019718520834,E02002943
2.935286694586011,-0.6555212866764912,0.4051608382183984,E02002944
0.9419346146138339,-0.5436610647532365,-0.1042330639071519,E02002945
0.643680273274987,-0.10200737762730269,-0.3298565780631365,E02002946
1.6706357779472651,-0.14885446265624336,-0.6792651692684512,E02002947
2.878833125695819,-0.5235191679267117,-0.6603019146461635,E02002948
1.1420764535677155,-0.3069429640074951,0.06252067126988663,E02002949
1.7300193479511834,-1.0072023968724766,-0.3185013330435519,E02002950
0.5508144437727274,-0.43055530497554334,-0.5745474089798099,E02002951
1.5102520058320545,-0.6761246160502611,-0.1998102379319475,E02002952
2.549326083846142,-0.24815286502879794,0.08576329540381009,E02002953
1.8474579008765146,-0.7857505571446037,0.044569255375905545,E02002954
2.0871740519439657,-0.6957120517741862,-0.9233050593909062,E02002955
1.882382463760153,-0.2628688556434253,-0.5608089166888348,E02002956
-0.554886165978319,0.06572702831007583,-1.0179852360461512,E02002957
1.4056190637289365,-0.07816948093847659,-0.48585684417412384,E02002958
2.705599730591109,-0.748763500666488,-0.4741493276170177,E02002959
0.6301481643398372,0.06047917432029075,-0.7736958481089102,E02002960
2.257740655683645,-0.7659377163903803,-0.6878330124389627,E02002961
3.6640288935983514,-0.653165507589591,1.0125472637212556,E02002962
2.15859632089488,-0.015099215032528077,-0.6933536796961275,E02002963
1.2888061025619282,-0.472374203276217,-0.46254694419902886,E02002964
2.5037897210572773,-1.0472308491222149,-0.437284799538379,E02002965
1.603845223217143,-0.5920670386513742,-0.40736975269386266,E02002966
4.362958819294257,-0.6809286681268257,1.3083634961859798,E02002967
0.046909527421800254,0.2675926845679706,-0.5436491335781697,E02002968
1.3798197312306584,-0.03761533928835217,-0.6768125715204731,E02002969
1.707821822728701,-0.46015435699241014,-0.42684531269730236,E02002970
0.8962395035635161,-0.30267588907368187,-1.2063153823955364,E02002971
2.3148391650323723,-0.3189702042877231,0.15610709344053503,E02002972
1.1937940050364393,-0.2340612223252499,0.04624475212400822,E02002973
0.5460124280956923,-0.27975872206326985,-0.9079875974637359,E02002974
-0.4521235475609597,0.3170786249735549,-1.244806800103738,E02002975
1.214079241551584,-0.42846774282384414,-0.42554688975578314,E02002976
1.7688203901536403,-0.2979897617779631,-0.22483289382332763,E02002977
3.122243470073251,-0.3313528532279125,0.10009377834383085,E02002978
1.9111855417273942,-0.2867373104435842,-1.4031723509552614,E02002979
-0.4064212040495233,-0.10398167305761606,-0.5431401177569292,E02002980
1.6216862381465345,-0.2683669657507758,0.2235418693364096,E02002981
2.9683072235106738,-0.5605738628034038,0.9430586359383158,E02002982
-0.8570590125568412,0.3923560678569054,-0.7503353730553515,E02002983
-1.386131503947548,0.35518156310061955,-0.6708257583607877,E02002984
-0.12916584689062238,-0.4288660782632821,-0.037476890981388934,E02002985
0.5591613643942919,0.004576334558460561,0.04200749235969176,E02002986
-1.4732395085954797,0.05111127371122362,-0.425352779344192,E02002987
-0.9709714753239306,0.8692795202140958,-0.05476319442552354,E02002988
-0.544635435613903,0.5511992125010216,-0.060704203555265845,E02002989
-0.8299992471688271,1.4155300355245861,-0.11639355162266828,E02002990
-0.41390395821881537,0.7348975843438098,0.2742447280834213,E02002991
-0.9785797548968437,0.9958346644892572,0.22180397474360053,E02002992
-0.15929332313312283,0.9383297697504179,0.22687447691113002,E02002993
-2.0322613977547914,-0.8575177533361752,0.6454302610814441,E02002994
2.8033749408200785,-0.1680624712878429,0.8915305978040317,E02002995
-1.4877259046459237,0.3814252946375941,-0.4379906504431869,E02002996
-0.6047522354093487,0.8959069378196945,-0.8411546925597396,E02002997
0.2482994189847539,0.6645545649333325,-0.27761066882925095,E02002998
0.5992120724136586,0.2965700461150717,-0.2031271652733501,E02002999
-1.5173789767172254,-0.8695183439553075,0.40836840154350357,E02003000
-1.6107748539600777,1.0709452906345607,-0.00039176701319558845,E02003001
0.13972201484206948,0.27593552557871404,0.5351013858295969,E02003002
-0.0016761678406513546,0.5571546464314658,-0.29853339333625933,E02003003
-1.3605930355359606,-1.0416893786536405,0.30251927257676475,E02003004
-2.087500061919517,-1.1319838552214017,0.6734046303627157,E02003005
-1.3324990561606564,-0.9307152994915884,0.24165692019463406,E02003006
-0.9688373234347022,-0.6378888299838446,-0.25799642304556963,E02003007
0.09082079258658371,-0.4696273136728577,0.14148166622313804,E02003008
-0.9487739089040282,0.023933578665507976,-0.840944096799912,E02003009
-0.27105367390902274,-0.07013735393255693,-0.8363077193072048,E02003010
-0.1936357267463551,-0.03940597457777045,-0.6077958300724495,E02003011
1.711291865482128,-0.07163109041770667,0.2814038085269503,E02003012
2.1954330533505138,-0.050978908394088064,0.1084879489306712,E02003013
2.9102756814839177,-1.1071076513819,1.484643407481389,E02003014
0.6561998827548193,0.4477230236846081,0.11135755903190238,E02003015
1.4604615098016696,0.6808108179115122,0.2647419894699141,E02003016
-0.9785823073467309,1.2952133417732743,0.15188755617993863,E02003017
0.7569979348842826,0.13224142074513145,0.46603621603623524,E02003018
0.6930317272768962,-0.46005063668578433,0.024651931072076062,E02003019
-1.8511640538677765,1.1517252097830666,0.08023605496624192,E02003020
-0.8127776033416184,1.14146370574597,-0.6087908005904076,E02003021
-2.02239483292813,1.6065789057529192,-0.2463014826937592,E02003022
0.11875348298250667,0.2827254698145764,0.04828160037823159,E02003023
1.175985814498136,0.16107432075745814,-0.5037844697845688,E02003024
1.488814357072372,-0.32438930528193505,0.06910026902251165,E02003025
-1.6577519153314657,0.7003532611313218,-0.3360495324467002,E02003026
-1.2900483659162694,1.5993536395349546,-0.5144348702531814,E02003027
-1.4589401971954103,1.707893475021249,-0.16509816445701556,E02003028
1.8613871388442993,0.17375393501507327,-0.33184192220602376,E02003029
0.262132222863049,0.39351013059465567,-0.7271328851063213,E02003030
-1.1791532236226743,1.6998697861211325,-0.4222184565948412,E02003031
0.5703356052794187,0.21603443422334714,-0.7503793218416287,E02003032
-1.2217214299256407,1.8960896539746708,-0.4673767364276911,E02003033
2.0674604062845257,0.7398662537964668,0.1694739713004272,E02003034
0.15629359793873815,1.391043547757395,-0.21591918363191945,E02003036
-1.5902107331357447,2.1668553644633524,-0.24031916748540724,E02003037
0.5768066831514642,0.46600669174608855,-0.9505339917503453,E02003038
1.1819453618164042,0.41742006396289677,-0.6312430977663793,E02003039
0.47039965433031394,0.6559742949844046,-0.8669048598615314,E02003040
-1.7965351857349208,1.8577022951349946,0.005466960627956888,E02003041
-0.06446624124320499,0.8135543896721291,-0.1180000232873739,E02003043
-0.5193715381125953,0.45973497095291527,-1.043453874491962,E02003044
-0.41329179037099917,1.6584807251877074,-0.08089985948111578,E02003045
0.004541330539048941,0.6850009549257362,-0.508774199123654,E02003046
-0.35621981410643533,1.1607559720057705,0.06348513039370222,E02003047
-0.22163072900323894,1.3711758444081517,-0.11280173960878587,E02003048
0.4078274656395584,-0.06575313473956858,-0.3486479981056505,E02003049
0.8042687379266908,0.757146393114962,-0.08446882600774841,E02003050
0.48214354227990464,1.050604356186796,0.042647992712563705,E02003051
-0.4716319199494229,0.6962478676384884,-0.4526697081922294,E02003052
-0.1811420153075532,0.7705017101776817,-0.661315795771643,E02003053
-0.12935393472042875,0.2782621238202067,-0.349395523033082,E02003054
2.9524457599183123,0.008385746763126476,0.2177724025165992,E02003055
3.316084480649338,-0.30317006288563997,0.384281977936359,E02003056
0.18516511534062513,-0.119209024545153,-0.7252231917716283,E02003057
1.0690822791418326,-0.12107105329847037,-0.5101979878914082,E02003058
1.181106841521827,-0.05279348556092951,-0.35333955697207964,E02003059
0.7948883854293373,-0.004014179025143706,-0.48334576930241546,E02003060
2.8160149513199726,-0.034934290064395274,0.463355595692772,E02003061
3.781282505815475,-0.35719051413145575,0.47669384521835706,E02003062
-0.5320756455722684,0.29509671894557826,-1.2362106583871997,E02003063
4.756120190704861,-0.6314345944017344,1.2734841662115015,E02003064
-0.8629710044013014,0.8011779456654241,-0.12860232532993507,E02003065
-1.770055722663354,0.7410470654831879,-0.460480967189366,E02003066
-1.1654854017975376,0.47619262756220937,-0.3691789248230324,E02003067
-1.2327389146829533,-0.5847102651845633,0.3059863437364562,E02003068
-1.8247681237741198,0.04540700962568925,-0.29923394101665207,E02003069
-2.0158150847565754,-0.5501443235962966,0.5164528109076322,E02003070
0.07928853107445727,0.3869160766559242,-0.4935227009135486,E02003071
-0.8497735635172541,-0.33481380783019915,-0.3704415866861787,E02003072
-1.6924896923171895,0.8568508021956998,-0.4056776592100734,E02003073
-1.0821243603994533,0.18519213805030602,-0.7375905915204526,E02003074
-2.090466163224788,-0.5339446115833419,0.4184728414870757,E02003075
-1.4914831417040701,-0.7407749577605888,0.20570002637023668,E02003076
-1.9814997436952042,-1.0626125357420257,0.3807278904369677,E02003077
-1.438850215213986,-1.0230403300423399,0.18615021931260148,E02003078
-0.5883967553066022,0.5688817212185393,-1.0386086392952578,E02003079
0.34847935694519905,-0.006259797095407451,-1.1135631123642415,E02003080
-0.5402525587317745,0.24888950211962316,-1.036064329079471,E02003081
0.16365787154548742,-0.08938555435223437,-1.1561535097038453,E02003082
1.7635538512542481,-0.26707442538169035,-1.2956058477526335,E02003084
3.6894534869930893,-0.28805203819786496,0.8272232873336745,E02003085
0.227743297023859,0.028403922149852292,-0.9935492202662581,E02003086
-1.2555425172151549,-0.9403426413380949,-0.18211736924418456,E02003087
-1.7491366172582752,-0.7844222036792834,0.21325103301263632,E02003088
0.4487916110391347,-0.3055691966011689,-0.44678218200140657,E02003089
-1.65688369849943,-0.5686736200409892,0.08955214463908778,E02003090
-0.9864239829874121,-0.4866752280739144,0.28697578718774197,E02003091
-1.8242470822652594,-0.8796484780057447,0.592857760202144,E02003092
-2.2487157546049756,-1.041844445435423,0.5983967936623555,E02003093
-1.5206864383234018,-0.9805047040736699,0.18424144500121534,E02003094
-1.3133157678590246,0.12033726456139954,-0.48898486598038987,E02003095
-0.2162654699901022,0.4841772853957757,-0.913308851077128,E02003096
-1.0869619421988292,0.06335862795786963,-0.23334194285909338,E02003097
-1.799920233066304,1.1315243754355604,-0.5151273148308504,E02003098
-0.2240913694712198,0.0930057057284572,-1.078121747617387,E02003099
0.24670137299469239,-0.013895387636131233,-0.3412653590633128,E02003100
-1.27987121439142,1.3893139317124503,-0.3402225415104488,E02003101
-1.3547728008432336,-0.07938479372341103,-0.00217595838617241,E02003102
-0.4289036037198605,0.3652665466408813,-1.3987830396026277,E02003103
-0.5144915333898756,0.6373582706994856,-0.5146789655829255,E02003104
-1.01332403076971,-0.1921119670148281,-0.06916675430792141,E02003105
-1.5231394388726174,0.2217305904581726,-0.051820458054142586,E02003106
-0.10589060915661731,0.08249094243741192,-0.5427267435235417,E02003107
-1.2287261624145758,-0.8313278541159964,0.07820975207149176,E02003108
-1.363249552419685,0.8000628304424919,-0.833957876371944,E02003109
-1.891760903288755,1.0896610515666263,-0.38101169611110947,E02003110
-0.8989516343192295,0.7705228431110303,-0.6109292378753001,E02003111
0.7576382691608955,0.5308062777099884,-0.0006948257122475584,E02003112
-1.8950086894052856,-1.3429864725484126,0.9177981188537601,E02003113
0.07491661067310879,0.3954580929742614,-0.789872561851021,E02003114
0.2527859220128237,0.4888348338564512,-0.8612846967279121,E02003115
1.1759068831334516,0.20325037288510311,-0.3336581988874657,E02003116
0.1654139859322141,0.36568464069075574,-0.8528712433473261,E02003117
-0.6361715152479288,0.3652476274619646,-0.6088568393352037,E02003118
0.14184335790651148,0.16987440112226113,-0.14243260902092086,E02003119
-0.6399462664404274,0.14609851160995074,-0.8292426085214055,E02003120
-1.3048600089507192,0.24516995319423052,-0.8665689241455904,E02003121
-1.0892120094301123,0.20831981896443866,-0.652414241694107,E02003122
1.3322892959301365,-0.0722326000474683,0.17322225392757912,E02003123
1.5499245305978664,-0.18739256741139831,0.07953428673958485,E02003124
1.6299776365167689,-0.37516816029482203,0.35809570311795313,E02003125
0.49628202984154335,-0.3460722608825067,0.04801215739707148,E02003126
2.07316186511696,-0.16852322491495228,-0.07533598245701675,E02003127
1.809327794124892,0.09649996257490995,0.23565597456290963,E02003128
-0.03609046520987197,0.3433211509758071,-0.16617718139824506,E02003129
1.8787327473189106,0.04346294634544977,-0.3825995532079438,E02003130
0.9426133969339483,-0.0652540590239127,-0.10144260936062624,E02003131
0.4452372788174003,0.27017613435855004,-0.5482759597738365,E02003132
0.2698745936477052,0.19681298019810287,-0.7596698826873388,E02003133
2.6171244729990284,-0.15043129085104803,0.5005372162693353,E02003134
2.138272033037611,-0.1483627196963721,0.467621163481873,E02003135
-0.7493082667991487,-0.06443151042081594,-0.8736418425838122,E02003136
-1.0940947597866342,0.8288460142083105,-0.6338813340375692,E02003137
-1.0405012439025285,0.9539182552319836,-0.9247849166316682,E02003138
-0.9314704286977065,0.7583802756745102,-0.9508201824283813,E02003139
-0.910387783412813,0.04633230399275123,-0.9808005756576624,E02003140
0.8182984225002014,0.6444772906847489,-1.194827166663121,E02003141
1.5709559145555883,-0.010317315389513993,-0.20099358316689261,E02003142
-0.04523444181988623,0.392939756839866,-0.5551728924627088,E02003143
-0.009632349574509404,0.7039776923698138,-1.6154178076711696,E02003144
0.4116638552827319,0.4928930401987888,-0.7971230292577273,E02003145
0.16445779719653536,0.8084820763997241,-1.4106595828002735,E02003146
4.000834671834551,-0.29972553400177687,1.1560740896620918,E02003147
2.3311001868886403,0.1627208756986643,0.002011588436739942,E02003148
1.3772659786619807,-0.026008746534437657,-0.8844626537111043,E02003149
2.423570264032566,0.010877964020895447,-0.12235320636080267,E02003150
-0.9550728142078522,-0.02596863035567811,-0.6959625028661556,E02003151
-0.7224790843414263,-0.3220639215318575,-0.7352721553303263,E02003152
-0.7324604890765952,0.2492193811576542,-1.0797857556590607,E02003153
1.7604349376886683,-0.27180337223317397,-0.5480597142793886,E02003154
0.08124227886207838,-0.6459412941464865,-1.121112762014601,E02003155
-0.3022875126321104,0.03896924603204726,-0.680056910092021,E02003156
1.6642624987388381,-0.1897825304578322,-0.8322557394811735,E02003157
0.4858084451292891,0.09683838449794246,-1.2448782862880796,E02003158
0.8952747080658509,0.18443296193413672,-1.7104911869131236,E02003159
2.249572153847497,-0.3604159374736852,-1.4036427762687311,E02003161
0.08643051099789907,-0.344235741903199,-1.1466714404505556,E02003163
-0.3091345047631033,-0.050157481494718555,-1.4115022255352452,E02003164
0.05094492619939968,0.15137295388494335,-1.5287770584577158,E02003165
1.0620914086451043,-0.9285550998018041,-0.2976119589273108,E02003166
1.8280571346382355,-0.43336419719097413,-1.664366467187889,E02003167
-0.09638708161328102,-0.288316721430018,-1.121413671405008,E02003168
-0.9199358151532355,-0.7972939934117632,-0.8433487348027267,E02003169
0.21167842673017928,-0.2151648717698378,-1.2240630699809694,E02003170
0.32063166282007116,-0.2603221369509043,-1.0362847598170275,E02003171
0.9645736276909335,-0.35608375954249066,-0.48512532271246583,E02003172
0.854872516070928,-0.18834167900778281,-0.45726567989766165,E02003173
-0.47902208042190986,0.23502531129377055,-1.1167659675065766,E02003174
-0.4858019435696477,0.22096941755157165,-0.7835346444146455,E02003175
2.807917891256379,-0.28835141809423676,0.7067674568437933,E02003176
-0.8525540070263729,0.6888625146855512,-1.197297924501416,E02003177
0.5238902324481578,0.0753705627443249,-0.7841686053829644,E02003178
1.477614439791974,-0.10570161383924606,0.46471679108585723,E02003179
0.30741969485072246,0.48365015262870786,-1.148718193381391,E02003180
-0.8684798269274684,0.761654620762086,-0.8899765020291155,E02003181
-1.3980791443531617,0.5518167270660101,-0.4675722011828489,E02003182
-0.8588554992787045,0.24718966396861403,-0.7912969984067141,E02003183
-0.34231575852078966,0.6750569282705073,-1.193331121003751,E02003184
-0.1473586211321878,0.6040962660574908,-0.6849586738417845,E02003185
0.5324675786588096,0.3216817584132554,-0.9630699380110401,E02003186
0.34258215823339244,0.35850374734583007,-1.1970220120710855,E02003187
0.45439506938555474,0.5224983271219814,-0.5527272109281658,E02003188
-0.2727910045764711,0.6435257322484222,-0.9464652069945043,E02003189
1.6920087847593313,0.2683899264685204,-1.4805548863087465,E02003190
-0.9737945679194525,0.13014668839635946,-0.7850088680117625,E02003191
0.7004510284539294,0.34197387635723553,-0.9263537961345341,E02003192
-1.8108444877399141,-0.45137556473670426,-0.21918147790059403,E02003194
-0.19976152341948186,0.0236183956417637,-0.30430967940351866,E02003195
-1.7196394640482324,0.4237001252467428,-0.5321394566843359,E02003196
-0.24320721393292796,0.1153142083846587,-0.22370639105359394,E02003197
-0.1947976148968852,0.2161690085663474,-0.9217857660082397,E02003198
-0.17272464626394557,0.005106447347749477,-0.6437524141325522,E02003199
1.0120525444788935,-0.050435710770084075,-0.5146975182572792,E02003200
0.6966615086595156,0.14394291355386757,-0.628391478944734,E02003201
-0.42929350342469424,0.4427903448306331,-0.0848989513866268,E02003202
-0.2932387498913156,0.5686675388488852,-1.0451531348074805,E02003203
-0.031206924918434787,0.3218326544100047,-0.5970606141642112,E02003204
-0.48080251702311666,0.2985084233269947,-0.9728836606502292,E02003205
-1.2269370147587555,0.9713033620727218,-0.5192474836071044,E02003206
0.7088156305256091,-0.1438570694795566,-0.10347192287914675,E02003207
0.6231414131888943,0.1642220322570667,-0.34965883002690346,E02003208
0.3268097355302952,0.022035029907861756,-0.4045535243674676,E02003209
-1.3155750938516337,0.7068612908691237,-0.5776261733516428,E02003210
-1.3480896038394512,0.161859706483659,-0.7496775427890316,E02003211
-0.9799500228840295,-0.9064542285500579,0.37102159191891854,E02003212
3.8391715802717075,-0.18940005864482323,1.2228556526613696,E02003214
-0.571506359755529,0.5739036490143211,-0.9075469224252617,E02003215
0.23678818147999092,0.10024534557665724,-0.3897534436224824,E02003216
1.342483693090855,0.28779575209346203,-0.015555269372164508,E02003217
2.3645570773962907,0.023058069991356317,0.3702072767221537,E02003218
-2.2726610788661166,-1.0349032694900395,1.005595590930804,E02003219
-0.7300765709842866,0.0016502046875799248,-0.6941304369785283,E02003220
0.9850214011379332,-0.11766782843134482,-0.5976160243519222,E02003221
-1.1983508253738522,1.012091950774051,-0.27689511627913055,E02003222
-0.6628025789971693,0.10491156863385147,-0.7436393722627553,E02003223
-0.8208028013563152,0.5563864192076826,-1.037298499471632,E02003224
-1.363914502812455,0.485079813231351,-0.6131210405503634,E02003225
1.2938456058014625,0.31719914370914,-0.9740691778484092,E02003226
3.599754377359147,0.02143454671733162,1.172623745580893,E02003227
-0.5179667222512552,0.38094850947217485,-0.8955055029800119,E02003228
-1.0688789528653357,0.7882645722831467,-0.3494402025572593,E02003229
-0.5079413570627934,1.1641399634550256,-0.7513995412113798,E02003230
2.88866633248436,-0.007103647577581296,0.4007573311423081,E02003231
-1.1839038387819378,0.9000663042310677,-0.5245264049493754,E02003232
1.120705688186032,0.1762693679898631,0.2792968256167853,E02003233
0.49035722406702237,0.11487058179155915,-0.14920067587084665,E02003234
-1.389977092607505,0.4350372082761999,0.05442542907789363,E02003235
-1.06236433402687,-0.8863039838130665,0.509246111281666,E02003236
-1.7012248406492634,-0.6545651857251934,0.24847785670915395,E02003237
-0.27140499950949426,0.5777724387150952,-0.03973340902481602,E02003238
-1.66264365530293,-0.9404565110346793,0.07516237797711835,E02003239
-2.35580177261814,-0.5783322634674618,1.1933412224009257,E02003240
-1.023072382918086,-1.6963974516612037,0.7061779652685941,E02003241
-0.04834596158545996,0.1738931505878088,-0.4688081678432799,E02003242
2.935163951020874,-0.28751663645665876,0.95000307743874,E02003243
2.300122037209337,0.051240094788800206,0.3753658209278981,E02003244
2.6371530986616736,-0.1394302039666066,0.48948625350174774,E02003245
1.730144766838625,-0.25781519140853276,-0.800466543284566,E02003246
1.4952549197578955,0.1872305934234896,0.10880619811104705,E02003247
0.6386392593542393,0.19103066718984327,-1.1876641128750207,E02003248
1.2410591393411692,-0.5529687038253311,0.290889389542517,E02003249
1.3116491505037855,0.05496053069584739,-0.8268418157259882,E02003250
-1.439307050718512,0.32090511299486024,-0.21034548085973145,E02003251
0.03292622816320007,0.59396845908285,-0.4322432273124521,E02003252
0.5644968359710729,0.28365556946359743,-0.14789224132957537,E02003253
-1.8148119136761425,-0.6127756215153708,0.41826042477397546,E02003254
-0.11640712922159152,-0.4826471706483509,-0.08243544803596216,E02003255
2.449088597342741,-0.15268104080388759,0.29295145198253253,E02003257
-1.320285579948848,0.9650449876328278,-0.639360306177504,E02003258
0.05427033294217383,0.3324394334645344,-0.46960011211734104,E02003259
2.611905009863315,0.3493683348429207,0.43531947532088267,E02003260
-0.042078706870845826,0.6062479273754029,-0.5166999500254965,E02003261
1.5204242333522797,0.36709610514761665,0.12372999435505727,E02003262
0.1796292885635349,0.46316725739223186,-0.9843733405914948,E02003263
-1.3547398258839447,0.9627617848252156,-0.7279105216460235,E02003264
-0.5354679143440008,0.4370659573238012,-0.4724433335770536,E02003265
1.782907404879009,0.3264341100263063,0.25457038384492287,E02003266
0.46923090402497103,0.46427182550150214,-1.5125364678556488,E02003267
0.44133911786022334,0.45053040858598287,-0.9729786824563945,E02003268
-0.418347431192545,0.5848499085592054,-0.7719731596172518,E02003269
-0.2735685807298988,0.6046745859149405,-0.7914293966794493,E02003270
-0.9802474301553816,0.32194847727177683,-0.33266261055793567,E02003271
1.1878282772751863,-0.049648504888218335,-1.673238532132863,E02003272
0.9706931628053278,0.22361014006077895,-0.26044669835855794,E02003273
1.7735111217096928,0.15262414219808412,-1.4270659455920118,E02003274
1.2061114037321297,0.38752107042456774,-0.44524931295608977,E02003275
0.9828796956765021,-0.04751411065806555,-1.303826883892666,E02003276
1.778521810594417,0.08820771163602385,0.15454055219956586,E02003277
0.6240106247716284,0.3287153136736701,-0.49244239579975063,E02003278
-0.7035876560069161,0.47381775819224564,-1.071955020121497,E02003279
0.26531324200001394,0.20822420946064785,-0.5781156475773449,E02003280
-0.24894246340690124,0.3815940158024167,-0.6369376813768988,E02003281
-0.17003291709536092,0.5287224183259795,-0.6322380350237538,E02003282
0.4777903892164007,0.5173488100349978,-0.31534546182250517,E02003283
0.3664790037099269,0.09043732093915113,-0.7818778693476607,E02003284
-0.03235064244426904,0.9944222138885821,-1.4364258570959745,E02003285
-1.6582962170866387,0.9729203540901102,-0.46327736908733885,E02003286
0.5939265669627801,0.010416929636338253,-0.058215938359116245,E02003287
2.226525568281086,0.26168422196977936,-0.18462095489596855,E02003288
-1.2636707574467028,1.3325797636633756,-0.7641949693606868,E02003289
-0.5266317678833282,0.9851805046092313,-0.8168163231116858,E02003290
0.8355464626318739,0.11722063158355651,-0.05266111563728886,E02003291
2.143662085594938,0.47328405160740894,-0.43215868769681554,E02003292
0.4311015111290199,0.6112327402097372,-1.223500557396669,E02003293
-1.164371670940767,0.6449412145611726,-0.8838737281962964,E02003294
0.4416946864596903,0.32258190721680097,-0.32441942153685643,E02003295
-1.6114339260639166,-0.7344011355186371,-0.36776689693517534,E02003296
0.3578907976167535,0.26507889032172666,-0.31977799719138594,E02003297
0.23696434979863024,0.30907675707090315,-0.48225646875813033,E02003298
-1.8328760930151273,-1.0036716183701935,0.37311279117479884,E02003299
-0.8451728117964724,-0.11885469416587209,-0.4644728738190043,E02003300
0.3783870895373481,-0.6306023734211249,0.47593150457146466,E02003301
1.6775672941493527,0.12461869432384481,0.6762277412035317,E02003302
0.4226991481518956,-0.46084827836756675,0.392588231134038,E02003303
0.5367870334038101,0.24378846289484185,0.27906747219907224,E02003304
-0.37799674426085345,0.30235876676314744,-0.45479021715072543,E02003305
1.4695175112109402,0.08809539921618705,0.6922244826024304,E02003307
-0.9173249244172424,-0.7290420233370586,-0.07538911366155022,E02003308
-0.7576329271105867,0.6750852829640261,-0.5844984951230167,E02003309
0.10467600314935198,-0.3807770864775173,-0.012099286962569672,E02003310
-0.06238126572172465,0.45706683867240794,-0.7610345049288746,E02003311
0.8592050093008476,0.7419220439675739,-0.22968653775300565,E02003312
1.7910793577031645,-0.5567010428894507,0.8141023585650075,E02003313
-0.6842948100662116,-1.5072642318231495,0.24248066203141788,E02003314
-1.4656792955256168,-0.7599620241372174,0.3719370793016523,E02003315
-0.9001192067769624,-0.6547583230783128,0.3277305348448966,E02003316
-0.7436531840654753,0.0871861339239244,-0.0429243886346547,E02003317
-1.0476369303848663,0.7136531977968593,-0.7252403033083931,E02003318
0.46984871583013754,0.5330773580762647,-0.8682637102069085,E02003319
-0.37753718767780226,0.6911743942422757,0.4476783899182399,E02003320
1.3220462446805044,0.3247990921284211,0.04199003115012401,E02003321
0.9659747041987664,0.5885524922869819,-0.956697396661626,E02003322
0.8583234863455211,0.49343103964912155,-0.06780728122259838,E02003323
0.3086230657955978,0.24541433608042199,-0.5209932445644979,E02003324
1.5011967524291414,0.5471061575287653,-0.725762554678928,E02003325
0.35753966546886284,0.7416221120547517,-1.0867999396457324,E02003326
0.1738396772729129,1.2015113515076756,0.5530385028491308,E02003327
1.7228593473429403,0.11183874923861377,-0.07469352506888935,E02003328
0.11359964870322804,0.8366915091670689,-1.3595969115767528,E02003329
0.056246869636590674,0.9670043613329264,-0.49353436972111936,E02003330
1.0511704851967196,0.46846705720686455,-0.0725996110282441,E02003331
-0.19199963337648376,0.5461753697249015,-0.3200624486494261,E02003332
1.9391361008327541,0.28358962932315734,-0.8903585598929746,E02003333
0.21289006997485677,0.7806619010633254,-1.0322888122428995,E02003334
1.815971942783242,0.337159930515716,-0.7740219876949149,E02003335
-1.1843379125435893,0.06344806837860681,-0.3991376933199102,E02003336
-0.3756541314169642,0.11857359014728969,0.1285942855456372,E02003337
-0.04674082181494031,0.5077854851074194,-0.21595624185182935,E02003338
-0.5783544177793786,0.7365502324779485,-0.43118203858723914,E02003339
1.203634676400149,0.3425552209052528,0.19134927436342003,E02003340
-1.5402415564361376,-0.4388880934163094,0.1680446116153075,E02003341
-0.7395645081603792,0.8769138508167935,-0.7240999485726294,E02003342
-1.7768858283783766,0.7374211649562825,-0.3632062642330817,E02003343
0.33040506506989253,-0.035409174683316905,0.40203424971059437,E02003344
-1.6264660833892028,0.3604207516870116,-0.5237112443145441,E02003345
-0.5103764655634502,0.3298666586934462,-0.5102782187891881,E02003346
-1.0709378993528733,1.0429754005065837,-0.7207181722906034,E02003347
-1.7844404748018028,0.6592263954022298,-0.47421772479209945,E02003348
-0.8521819828932289,0.7533146747481917,-0.8131199704233215,E02003349
-0.06948128748006276,0.7174662088886798,-0.3016137539996806,E02003350
-0.5691848745526422,0.7015420341174582,-0.7646800240282913,E02003351
-2.5760868123506806,-0.10556706008156848,0.5794457847689383,E02003352
-2.4944398902567326,0.4396608575878638,0.8251946681025555,E02003353
-1.7753597393796634,1.613568302708307,0.28540278891354226,E02003354
0.6304415581891673,0.808788060015685,1.0611949509158571,E02003355
-2.439458362799243,0.2801942099760998,0.6164645789496018,E02003356
0.28777433586059514,0.9155008766314255,0.8209152119900988,E02003357
0.32566298011396455,0.7704912124174476,0.9822734018794348,E02003358
-0.8622508893270038,1.5553179214095603,0.3442953440578384,E02003359
-0.5032943159119464,0.4899186453596995,0.5470638288559098,E02003360
-0.2262020193987163,0.9869615380767445,0.47168156892692364,E02003361
-0.5213801709916085,1.3053466533708513,0.27075860738381835,E02003362
-2.1392596608100565,0.9124570458286051,0.23631412533955265,E02003363
-1.5123634091136042,-0.060852332172678325,0.5226046035403149,E02003364
-1.6468446630086415,0.828750612024228,0.2057289613109233,E02003365
-1.9970562592488552,1.1484692781389148,0.36682672940188327,E02003366
-2.160163940207718,-0.9614946358333879,1.6639984634802247,E02003367
-1.52321176607895,-1.1752595827097598,1.5151755886233356,E02003368
-2.6150326247745705,-0.18204814681358295,1.1285945548477745,E02003369
-2.0589671993340293,0.14209509537052956,0.22497089694802147,E02003370
-1.6661172589858213,0.6341412360004278,-0.6553915959091875,E02003371
-1.1005074370483738,0.7147087252342065,-0.07357387125592506,E02003372
-2.3727197097486696,-0.32912398977386675,0.9965771665093113,E02003373
-0.9254742297390564,1.0036819954289389,0.10182299155152079,E02003374
-1.3043003001316982,-0.4869312953944952,1.1993529951402406,E02003375
-1.5168473957951494,-0.5937046910513123,0.805470012361616,E02003376
-2.0255166263858166,-0.7642537789228407,0.8715106429113503,E02003377
-0.7168331274299677,0.019991335232822503,0.8903444467336818,E02003378
-0.41088634770229227,1.0212010279998234,0.22447644171149106,E02003379
-1.1868995066732813,0.6971572170684899,-0.1367266447803929,E02003380
-1.9866424111767984,0.12861162840150403,0.9318879516339539,E02003381
0.23836580822618586,0.9534900594971442,0.30694642309914594,E02003382
-1.7739076903336575,0.5962234758983358,0.3176012752168987,E02003383
-2.3394357818429308,-0.9498344932109895,1.552077581819112,E02003384
-0.818197530345137,0.04689885712403345,0.8911806265403638,E02003385
-0.09785410864298075,1.0670752934261785,0.5204511494397339,E02003386
-1.5700214413702647,1.0148489317292926,0.009743921451094777,E02003387
-1.7589136824930058,-0.4174973641835648,1.260501604220198,E02003388
-1.7521118704531933,1.0114344301121434,-0.2444957469095545,E02003389
-2.4228012385044604,1.5218982106761125,0.11561141360583976,E02003390
-1.6015919065443434,1.4149636274397097,0.06687105213088032,E02003391
-0.42476418517160824,1.4135524442939778,0.32997260569567,E02003392
-1.403671236750157,1.032374074845429,-0.5508460017399175,E02003393
1.0782872780977488,0.5518292114199376,0.3535000600065414,E02003394
-0.4936102020562601,0.7376435582605115,-0.38132178405621103,E02003395
-0.47000479096091535,1.2969984920160862,-0.33704400002937424,E02003396
0.5181951808504,0.5793412749489589,0.06219061409487878,E02003397
-0.034252449120456774,1.305949558088937,-0.20517686952259645,E02003398
-0.22415829357842929,1.171706109862627,0.17776090670239184,E02003399
-1.2273034630448747,1.5653198094250262,-0.6580214332151363,E02003400
-0.4216558702852108,0.9658597231515124,0.4341014840591821,E02003401
-0.8543835550272503,1.5554015881238643,-0.05204286105460444,E02003402
0.5475962268399596,0.3489783345905315,0.528780422340018,E02003403
0.6735880355487335,0.6835833114659682,0.5441423142023823,E02003404
1.749840669103019,-0.007991937570929175,1.0353720688916115,E02003405
0.916948880828533,0.25539592505475733,0.34296696622442735,E02003406
1.8325395680780412,0.5835328318564914,0.8289051358387662,E02003407
0.19744903478105766,0.44121163524459756,-0.606359089762588,E02003408
-0.12352464708296888,1.0828372047857704,0.34175054695707724,E02003409
1.0021736893398432,0.44471135268315937,-0.5804064778220432,E02003410
0.9287849902633895,0.6697726618386595,0.22539340671709673,E02003411
-0.3028478931180423,1.0082630867488942,-0.41209588184153334,E02003412
0.4661684539770324,0.6053387460682379,-0.49017044996639625,E02003413
-0.13093395797184573,0.5824269780358604,-0.059805850029483555,E02003414
0.7394794006435034,0.5150139302001295,-0.43502230195690345,E02003415
-0.9611849852888452,1.1006163288305535,-0.07939966480551801,E02003416
-0.5925966115329857,0.8175778741066755,-0.10511633404661455,E02003417
0.5823381900982019,0.9595898606264982,0.4111219757347625,E02003418
0.5762470355803224,0.9984274309515032,0.4779479950933504,E02003419
-0.3817179403055487,0.033103149863539516,0.17601650268168384,E02003420
-1.998376936162563,0.8021903716574136,0.09622740325876182,E02003421
-2.3823092289378494,-0.19135381484267167,1.0778225732408508,E02003422
0.3541258873767407,0.9821583278834957,0.6291469876946216,E02003423
-2.3615311991101686,1.1976977160488527,0.32056888703389347,E02003424
-0.42652681792801095,1.2240784370145281,0.5618972242677216,E02003425
-2.052049007292947,1.4172924912168625,0.1979460075532252,E02003426
-0.4441925326247651,1.1301944648365692,0.3364083789547022,E02003427
-1.0270613027889963,0.7441412236610757,0.6229932248033098,E02003428
-2.364167963973713,0.1220059042388636,0.8238129371590164,E02003429
-1.5727960150401383,0.6557025449290277,0.9162845021673784,E02003430
-1.356537269269041,0.35367579715101344,0.9356936900532641,E02003431
-1.7085882894126985,1.718364604772722,0.9131000158767894,E02003432
-1.0882992175399968,0.9998577305135077,0.022363521611330393,E02003433
0.05458395181383334,1.2289991881128732,0.827844728097711,E02003434
-2.518892075864238,0.9886434738006931,0.833468117690366,E02003435
-2.1329892206512375,0.09960603345874557,0.6477285847635093,E02003436
-1.723078727847488,0.6196572105815575,0.9270762325698401,E02003437
-2.063361159244218,0.8618646964586054,0.6228458708243454,E02003438
-2.299771291660945,-0.10937044019955518,1.2224272660497053,E02003439
-2.2466702110331638,1.153583992534998,0.531972028505228,E02003440
-1.946512537195055,0.6427257243073815,0.08295627404769783,E02003441
-2.4323243285071356,0.9327655175034584,0.17830447668422283,E02003442
0.008697734730449713,0.6175416330972159,0.2503039128536403,E02003443
-1.6221280064347259,0.9869498910476528,-0.21615039932249855,E02003444
-1.611479179570359,0.9082898169489415,-0.6421566261829826,E02003445
-2.108274562647228,1.2959478443877501,-0.12146246637036565,E02003446
-1.5660229380395432,0.9728333620394197,0.47953810750214004,E02003447
-2.619540774303049,0.2599288924079878,0.6903116680904556,E02003448
-2.234403377295492,1.7878956709395941,-0.052163856299728854,E02003449
-1.7517441499597943,0.9048388648427057,0.4451162630959129,E02003450
-0.6389466117518678,1.007386439447019,0.6533020461999477,E02003451
-2.311815101049436,1.3519753785212862,0.2474168798674172,E02003452
-2.734332580997291,1.108578771245072,0.4004192516689496,E02003453
-2.1599385036338568,1.086391494162981,0.32167681540666565,E02003454
-2.314956948005094,0.025511758697834928,0.8821627632155814,E02003455
-1.848016380988491,0.04931619815180364,1.0461198380547359,E02003456
-2.6429997745074956,0.94841374648768,0.5611745920675838,E02003457
-2.152675557960034,0.4815391971122834,0.1083640492580953,E02003458
-2.42252800602513,-0.2804486079228094,0.8925731471924646,E02003459
-2.1932377614203373,-0.8455125448017476,1.2929652732180916,E02003460
-1.2637701079793129,0.5498785625923595,-0.13940805893163388,E02003461
-1.5613670323014222,0.8868187356188516,-0.15483004887088336,E02003462
-0.7517473455190108,0.7652548494302407,0.256138568180359,E02003463
0.9028619840141268,0.5004162682213934,0.4517658611770588,E02003464
-1.4291368259841608,0.7622841280140027,0.15524180894100892,E02003465
-0.3360688027188531,0.7477444164463027,-0.12893344839321555,E02003466
0.6512960792171754,0.4032655829071843,0.790554815344003,E02003467
-1.0939404476182688,0.36067165286439723,0.04757035658462821,E02003468
-1.377590051843901,1.0020935138149552,-0.13672553924779712,E02003469
2.6139431177810826,-0.0184001527404869,1.1630285406374192,E02003470
0.31504833720326425,0.7086182766341933,0.46067487840475324,E02003471
0.5514460333650368,0.05404769789293338,0.5291022896813016,E02003472
-1.648765397555615,0.6761044603454739,-0.24865819478358486,E02003473
-1.0152562342423663,0.988550876974338,0.6611972820453602,E02003474
-1.2083113414098305,0.5475719555460292,0.22838477553902858,E02003475
1.878729222261617,0.34557858805940367,0.7073245292131084,E02003476
-1.4412321340220344,0.27317836779949417,0.42108059631421835,E02003477
-1.2470062995799036,0.8069230332178046,0.3164682202661981,E02003478
0.7028141759632757,0.836724037975215,0.7466289517076696,E02003479
-0.9772030489285402,0.9723886655736995,0.6448077968110278,E02003480
2.6320884047194366,-0.44144112353373827,1.7154131474528158,E02003481
-2.335031023586084,0.13618577990466812,0.8057683711626542,E02003482
-1.095752607929116,1.3973295182959788,0.36038089922241173,E02003483
-0.6276650154080523,1.099850816756974,0.40670210283238645,E02003484
0.4257546997699059,0.6830055352188592,0.07662680002094209,E02003485
-1.5607071397366954,0.9967545166369517,0.1920233488433992,E02003486
-0.025667671462856822,0.5861407154677393,0.007920602502841784,E02003487
0.22377398701312012,0.41107495941120525,-0.4581247894061807,E02003488
-0.8254800983773384,0.6457912272162274,-0.32599938264575673,E02003489
2.295232029578134,-0.3564276710149537,0.9755855792189871,E02003490
-0.6305213050891222,0.5116495212803377,-0.14576915894659068,E02003491
1.50070179183807,-0.22140893016400953,1.0749812379725636,E02003492
-1.7371865631446206,0.24170193300672382,0.1565190087586956,E02003493
-1.2966946923509173,1.1770995676274945,-0.15203386784899042,E02003494
-0.21981583081269448,-0.04910689302083609,0.06987955687663124,E02003495
0.32543967784440736,-0.01292170437234683,0.5660908456220859,E02003496
-1.822570484860485,1.18327578139503,-0.27844762954444263,E02003497
2.4126000944579413,-0.08988216589072515,1.1597596228229288,E02003498
2.2048637446209463,-0.007959704368039538,1.0593343791259013,E02003499
-1.523279172352377,2.0404623353759015,-0.5012895181799193,E02003500
-1.7381137754310512,1.6037242306651096,-0.13191904895956327,E02003501
0.6999310424186896,0.719828609908499,-0.2477629964018659,E02003502
0.46954316418986447,0.6574626402591212,-0.03584962089694773,E02003503
-1.041713884029384,1.7414642309587447,-0.06225489718151738,E02003504
-0.36913705021341675,1.6596608689839007,-0.7104911524592319,E02003505
-0.7982518722417701,1.621002059696355,-0.38550696510845134,E02003506
-0.20884577346334565,-0.09915300087863006,0.11850869037863569,E02003507
-1.0339362920499955,1.649929813432899,-0.6175078893588324,E02003508
-0.36249667195874713,1.8074970394350234,-0.2097437210593949,E02003509
-1.1562132629562627,1.9169067156503734,-0.40234917004879917,E02003510
-0.6944365660551693,1.2075133379864078,-0.20364034661604635,E02003511
-0.17172579950235842,1.8357640020938197,-0.5463958468308329,E02003512
-0.21488027791688802,1.474898825970225,0.021449382269865928,E02003513
-0.7423108966887595,2.20583462169647,-0.4729959889281806,E02003514
4.008336749501247,-0.11764271299691036,2.17211068300453,E02003515
-0.7728703887976381,2.1660555432245276,-0.5757057632662873,E02003516
0.18839871534314803,1.3366392564804652,-0.11901329554362702,E02003517
-0.6864330408473664,1.6197080918276003,-0.49761239622400083,E02003518
-0.18386380699513766,2.0071508771876827,-0.5959568917556722,E02003519
1.7678530668070662,1.2382845952289816,0.1806688218086784,E02003520
0.5742437048968042,1.6279076724318133,0.358981595590113,E02003521
-0.17099293338440338,0.8726806430006887,0.445674474157963,E02003522
-1.5153742741384457,0.30725439668800947,-0.3099516708750645,E02003523
2.4543966908104675,0.1398503743368935,0.6568111559572392,E02003524
2.1979748109263273,0.10728126624457077,0.899769123943305,E02003525
-1.4814328769991074,0.9128688880411086,-0.37060702818491587,E02003526
-0.3171797169872716,0.33305341446545333,0.3316685726649492,E02003527
-0.6759516706760017,0.9933466472273131,-0.47548070657597585,E02003529
0.2868442875429832,0.7870542523828029,0.1505016858737177,E02003530
-1.1267302683673006,0.42466142219415925,-0.5845537503623688,E02003531
-0.042857756676831775,1.1031084774773754,-0.9223702190605038,E02003532
0.8794846700232277,0.2760106084089936,-0.4701755991854489,E02003533
-0.3235540530245637,1.1227623389037187,-1.1685542610482977,E02003534
0.222080805390811,1.1782060610130425,-1.2256722475559336,E02003535
4.424666868796466,0.2776304789580825,1.8302370460381787,E02003536
0.00328147969583656,0.8882165866763612,-0.6148852668670882,E02003537
0.9639522761010881,0.8327993579734684,-0.8160883351242206,E02003538
3.533924480727263,0.2427728510932896,1.776508643574235,E02003539
-0.21698519196943628,0.5657292524869331,-0.462416977114359,E02003540
3.116447798863996,0.8686659690873507,0.6150524979961144,E02003541
-0.47747443746974816,1.6426973983254711,-0.9433872440276926,E02003542
-0.19760742883147794,1.4447048904610544,-1.0055485059536333,E02003543
-0.4140759054854742,1.6786820004363137,-0.606378417772665,E02003544
0.19923954744998368,1.4435867617854239,-0.3842253938594953,E02003545
-0.8291512638747719,1.0251920879939898,-0.5171798158095819,E02003546
-0.9250073564203782,1.3008881936640966,-0.17267257656304683,E02003547
-0.6149821410089477,1.6240247747259386,-0.8288094772078,E02003548
-1.0112809825590208,0.941258367351779,-0.02299155504023723,E02003549
0.21025009408346934,0.7210493274672026,0.019511869054568108,E02003550
1.4389427505876955,0.36355548789149206,0.8335986278113251,E02003551
2.3221711049516287,0.5561811764549982,1.113855228138834,E02003552
1.0446861103243519,0.6135202333990031,-0.0865826372074747,E02003553
-0.8060769588327308,1.0507137153159858,0.22489604838713204,E02003554
1.3274516800643361,0.49739272098379594,0.35621615014768,E02003555
-0.20660627327721023,0.6260580052753444,-0.36187430651391106,E02003556
-1.1980244910304114,1.1307894675131005,-0.2769630315581913,E02003557
1.3221957048618584,0.8007096103465242,0.576423545274474,E02003558
-1.4451790892081124,1.1979091050205848,-0.049950666912273865,E02003559
3.026723926218058,0.029935109753229848,1.5153186161036238,E02003560
0.549164882236375,0.9775715748533816,-0.2181476830860277,E02003561
-0.5373817321464196,1.063935366752435,-0.43180460580917024,E02003562
0.676182141268861,0.9749258504747423,-0.03180967153319669,E02003563
0.8413077514212989,0.6530180083799216,-0.12218113151798454,E02003564
0.14712525969547158,1.158180043319333,-0.6988553593411296,E02003565
1.1566181938724236,0.5293452153517201,0.2885126274279957,E02003566
1.0044694684010842,0.3128725113712336,0.3856969381538813,E02003567
-0.8937032932983624,1.5947108724301509,-0.5352144878921351,E02003568
0.11594472035676247,0.7068826906353965,-0.0847288801242395,E02003569
2.457281801866381,-0.012989671790732304,-0.3863551731610621,E02003570
0.18074004010397654,0.8806956196407156,0.1534425116446952,E02003571
-0.3440950858484824,0.7888698224383855,-0.5684220596675037,E02003572
2.379853391524941,0.3863688595323067,0.867625949661632,E02003573
-0.019065419588636653,0.5618350604480369,-0.6661387200923676,E02003574
2.88759044797526,0.5007088413534315,1.2381733794417307,E02003575
0.8810915489471175,0.7683012151840597,-0.023501371583449462,E02003576
0.8479237437336742,0.8492253662997631,0.3722201214895267,E02003577
-0.2269148404429143,0.6658418621648018,-0.560438076525019,E02003578
-0.13743605925574212,0.8204935882611926,-0.3274404898511413,E02003579
3.3291655949173906,0.2948250055577318,1.4058450714162345,E02003580
-0.34623411254829367,0.7864955931682645,-0.6397765168008055,E02003581
-1.2457759435225437,-0.21024915342409725,-0.26467182772275877,E02003582
-0.06793388041300225,-0.612608219223917,0.19600083550116826,E02003583
0.5179903084007174,0.41777513947596295,-0.9147954982834784,E02003584
-1.3283458917419106,-0.37498848025683623,-0.22801899423240649,E02003585
-0.3461806262804263,-0.7574538121307701,-0.07879018718968571,E02003586
0.7922496290971528,-0.0038813412339735983,-0.4053027074289683,E02003587
0.2853589124701799,-1.0012085089669829,0.4925002621200523,E02003588
0.3686149144717985,-0.3923272819193369,-0.13792671321953148,E02003589
-1.289521040220489,-0.6702333803921956,-0.36755637871800734,E02003590
-0.6121083778178227,-0.8133079181207478,0.06947965258909154,E02003591
-0.3875646612776064,-1.130204238732965,-0.19736359429815276,E02003592
-1.7749883182544512,-1.5138040957261762,0.5285891304832725,E02003593
0.028790560095443646,-0.9307063867369836,-0.24876850086448105,E02003594
-0.8389332991689012,-0.8711360696822005,-0.31289518328697374,E02003595
0.4740327132835897,-0.47343561422532604,-0.5324162809865352,E02003596
-1.1826615460785619,-1.534669508955392,0.5885096095774132,E02003597
-0.030599322300650683,-0.8076955024086848,-0.016496511020492845,E02003598
-0.179467774279615,1.0067216356359827,0.14223620185697694,E02003599
-0.9506026571081635,-0.4996237979291799,0.5540690606376563,E02003600
-1.7967021821750608,-0.8828114282198898,0.911592255715307,E02003601
-1.6849904928264818,-1.1276272997619408,1.1523180665394575,E02003602
-0.5091893876386036,0.13339826246463043,-0.07581030316584302,E02003603
-0.825373895869758,-0.3028869657230675,0.5258608419151394,E02003604
-1.8176166638243227,-0.6486781858296384,0.5535665777878178,E02003605
-1.7194241464243467,-0.5974922149568941,0.875552609210445,E02003606
-1.728632341041546,-0.9064719527168186,0.9254688748457582,E02003607
-1.1038519847200163,-0.2942428664674711,0.5635927938170711,E02003608
-1.3849535437762979,-0.47078445675369035,0.9037493907590988,E02003609
-1.8977913274430995,0.11510838202969462,0.5742255333701328,E02003610
-1.7923605125740898,-0.1871681646046436,0.541388107332813,E02003611
-1.593869291772446,0.3212051281818239,0.3833410613162315,E02003612
-0.5510673192982998,0.33723029544757815,0.3787759039547881,E02003613
-1.9616279919542996,0.16104489215853351,-0.0016713646063976166,E02003614
-2.0143841480940607,-0.4007704138877297,0.6594665314726519,E02003615
-2.4546514433953255,-1.0074725104922455,1.1645730400275864,E02003616
-2.1757996886674627,-0.9498042475235884,0.9473519336784497,E02003617
-1.6762396003463,-0.6931856505206577,0.48977739037973117,E02003618
-1.6674756178725318,-1.2279967206747464,0.7574396542362855,E02003619
-0.5212910394764257,0.7056584765315447,-0.18535194010169478,E02003620
-0.8449902539673395,0.6898147753515389,-0.4056098809818529,E02003621
1.082733693490775,0.30813199438508176,0.3172574931473342,E02003622
-2.0860133214162406,0.2947432721787505,0.34903384588794306,E02003623
-0.5979403938175774,0.6231802651929577,-0.4898770916774336,E02003624
0.8470518230121277,0.3637043039917489,0.08839970493577,E02003625
-1.0030924922692357,0.31140624514079707,-0.12252228804146861,E02003626
0.39286937595564414,0.806474697851557,-0.2295625171964986,E02003627
0.9334304991911732,0.13461810785170658,-0.7525453297818372,E02003628
1.2627367769376532,-0.12894432815707613,0.2689506643651275,E02003629
1.2901791915752996,0.2432050266184106,-0.09957192559586671,E02003630
0.4443134884289432,0.45076781024940343,0.4244137871300221,E02003631
0.009348402291359203,0.6348159901117227,-0.8202326157944887,E02003632
0.15412426831319825,-0.27597103150557667,0.052009315160314394,E02003633
-0.958705813797247,-0.6775114438726227,0.7217934926439048,E02003634
-1.289108887464425,-0.5781393209365642,0.27288272185136625,E02003635
-1.865757523307444,-0.614358981185801,0.3783880354369305,E02003636
-1.6362369586268224,-0.8845730490604701,0.6456066022770829,E02003637
-1.0878833365490612,0.34385954301494653,-0.3030081040448873,E02003638
0.40050326710646555,0.7628087295337127,0.15335401963986212,E02003639
-1.2335221584763036,0.4018326770493753,-0.07798201537862258,E02003640
-1.7425216827863728,0.9610763703826453,-0.2986029400777496,E02003641
1.3728789861941466,-0.12653439400361274,0.3229555315900497,E02003642
-1.1401802151354667,0.6762718889311385,0.011108973285060685,E02003643
0.02627338261150916,-0.2315537672290463,0.23851808955219017,E02003644
-1.1039882972461736,0.5202442692198558,-0.8185869570556392,E02003645
0.3454589470968257,0.392200472935806,-0.12307827464820281,E02003646
-0.026368116999221435,0.6833916231623128,-0.28827467850882443,E02003647
1.04574169926515,0.5368823388543622,0.46739312481261513,E02003648
-1.1583247341170615,1.0349388078785033,-0.7391179379679143,E02003649
-1.5560696848871778,-0.7821659515655762,0.757711678021936,E02003650
-1.4812108282597485,-0.8900643908327178,0.30381752936032536,E02003651
-2.2326713814341974,-0.7254605792209512,0.7403666236059144,E02003652
-1.1633652273177835,0.7764953152083025,0.39761949549998704,E02003653
-2.425006652848436,-0.6594849261641939,1.1761660323191159,E02003654
-2.259920806223418,-0.9839799738226943,1.1490600757304723,E02003655
-1.7998864088627926,-0.4387387359226938,0.768153102887196,E02003656
-2.2549685742633954,-0.8803934844075999,1.2215520108724416,E02003657
-2.1769958584680547,-0.6867814963357195,1.0857928872324556,E02003658
-1.8705337175947243,-0.9085182267082151,1.429369255642433,E02003659
-2.2329021524315866,-0.3643842929543275,0.9888236466111328,E02003660
-2.471476249972736,-0.928347251632829,1.1573950262593133,E02003661
-0.5700029863446269,0.7971049532095921,0.06355020266032768,E02003662
0.38124451494721523,-0.5574237703414515,0.9505551729144125,E02003663
0.4059715672561297,0.3949797150159563,-0.15609784530046272,E02003664
-1.0142789110612043,0.9158054991146334,-0.41735252891726077,E02003665
-0.023217092904911883,0.9570253911801209,0.02802770487021527,E02003666
-1.1795165796757159,1.3932083631227996,-0.21803643117534807,E02003667
-1.6601996614914551,1.033125291388964,-0.47367621758871203,E02003668
1.5346153869777173,0.5262296736097463,0.725126044777382,E02003669
-1.0007553361183448,1.1682867850872585,-0.07534291873631388,E02003670
0.0761726327874546,0.9787390882490496,0.013761189455269024,E02003671
-2.2033473628431492,-0.12449328571283194,0.6628548988462261,E02003672
-2.270084920777288,-0.3714510428305898,0.9615770117231055,E02003673
-2.2356911216121533,-0.3677706623166003,1.3016514590131074,E02003674
-1.9417088574142394,0.15185152350859227,1.1132856164751523,E02003675
-2.6551496199357993,-0.385678396874456,1.0893995259052776,E02003676
-0.012064941118083428,0.6319302349180778,0.6273036129747879,E02003677
-1.7177233474901075,0.7309462172440685,0.14943646844240807,E02003678
-0.645430814563935,0.28888646173098037,0.9230141973377128,E02003679
-1.9573103333897481,0.2089178200520547,0.5901449926825655,E02003680
-1.7485176518194712,1.0430115712177765,0.6483782496382015,E02003681
-2.1775020113082753,0.33782327533741896,0.8887544881760929,E02003682
-1.7204059387232071,0.5463345620210918,1.0344588703169002,E02003683
-2.1609286515851553,0.48625149057179,0.6694130165319095,E02003685
-2.052507949681777,0.42368874940181883,0.24135143426869818,E02003686
-1.6313370389564565,0.5097632717296195,0.7641345603834084,E02003687
-1.8059064732333674,0.46094847570521347,0.9194063898434373,E02003688
-2.530264479368355,0.7267729665775906,0.6324767627638216,E02003689
-1.2118353470568939,-0.12606779958639297,0.6974244739609115,E02003690
-2.067646833855052,0.3412466908922385,0.9778508989486011,E02003691
-1.7012146041972536,-0.132083872012183,0.6116882072696993,E02003692
-2.4745838856285927,-0.19616834897506868,0.7869826020692235,E02003693
-0.31080219384843855,0.980546597937437,0.46299182539949585,E02003694
-1.2822269926303969,0.03565887933369316,0.6138723919130187,E02003695
-1.2596275564761978,0.21590751109989229,0.6520487579074999,E02003696
-2.696395924952814,-0.4901875576559825,1.054273782093898,E02003697
-2.4134518810814445,0.1309260306312567,0.2540001120469395,E02003698
-1.9440760460515596,-0.310531618568191,0.9246295140172252,E02003699
-0.8498403727565875,0.5072692727627651,0.16530912392490232,E02003701
-2.786713952445905,-0.5756706121983585,1.1624039169827283,E02003702
-1.3300585003650602,1.077180530735859,-0.06619374803857712,E02003703
-2.205486754092087,0.9371628602027585,0.23200498178630977,E02003704
-0.13017482790168192,1.0791006603341844,-0.25240796402534266,E02003705
0.12869755403926977,0.9832790943985436,0.37674328580948285,E02003706
-0.702979246161049,0.4218747194659108,0.06162703195822306,E02003707
0.9152832043124298,0.5867836486710108,-0.6107725339835721,E02003708
0.9073365513371712,0.51443775436905,0.8719166332915155,E02003709
-1.1708315736526764,0.7131635989670256,-0.10426025397120851,E02003710
-0.8413150700519756,0.8531168981687982,0.6148079119661122,E02003711
-0.3677168594571183,0.015328939694170257,0.4524929388920384,E02003712
-1.6211560608442483,0.6243432477258366,0.14123539526510384,E02003713
-1.5075425968618648,0.5020219649941741,0.6343353666979002,E02003714
-2.742796764783052,0.046432356167160946,0.9134418938634655,E02003715
-1.8058068947911532,0.6762008578858176,0.4612035581303153,E02003716
-1.6794530094042717,1.0365443686373224,0.4800348722191704,E02003717
-1.4774673649147991,1.29586975468912,0.4640932226924041,E02003718
1.212909338352297,0.8779520372743038,0.9105513046169191,E02003719
0.3962907810104391,1.1166399975557737,0.5475336332822797,E02003720
0.44822353482439614,1.0100530666128875,1.2332372159065115,E02003721
-1.3130509070363119,1.7547173115601589,0.34303006544148956,E02003722
-1.3028710029219654,1.0137225354010742,0.1198073374569818,E02003723
0.7418101998995862,0.5456325758076097,1.063748788086725,E02003724
-1.3810388814387604,0.9921964876469127,0.18270680253961988,E02003725
-0.9441322298735864,1.864868488849417,0.3513772727508409,E02003726
-0.8879421799960031,1.5968987218165356,0.20663720147067802,E02003727
-0.33377294776802974,1.2041223874729714,0.5357674933729895,E02003728
-0.3728505862316415,0.7327575282014506,0.7095129500127778,E02003729
-0.9802475776157041,0.6259840764624449,1.0388370749271996,E02003730
-1.2064712152536787,1.1455236041943244,1.002296179001115,E02003731
-0.5968123316861582,-1.4639733640789072,0.7857506613699281,E02003732
-1.6560736208287963,-1.2679010333921823,0.82313325953908,E02003733
-0.8900708685300618,0.1880495241312939,0.31455930136599175,E02003734
-1.722809702342935,-0.5707819152806702,0.9151298484517538,E02003735
-1.6826607885746867,-1.055105087545821,0.7268121499227306,E02003736
-0.968482492428964,-1.1529485963583852,0.5444318656730149,E02003737
-1.5957921965389574,-1.1566752109052023,0.9592721810197368,E02003738
-1.6984851804961887,-0.46318054484599785,0.6658355562701181,E02003739
-1.832869061522852,-1.0730986684203954,1.277426154950133,E02003740
-0.4825201340836639,-1.730150408128344,-0.00892482068292002,E02003742
1.6934010703246105,-0.2348033269290836,-0.6448131669947849,E02003743
0.889104016616234,-0.9006228183994849,-0.11865236489325076,E02003744
-0.4281128722324843,-2.0717767074433437,0.3177795389168,E02003745
-0.5904404984254696,-1.2839009461829864,-0.2953321824327655,E02003746
-0.24448480280564988,-0.459020679799971,-0.4251358352741275,E02003747
0.08741168327132585,-0.934818366154599,0.030782068282899054,E02003748
-1.5607926164702002,-1.7044714016226263,0.25979609806230886,E02003749
-0.5896867034041412,-1.45752877729177,-0.23718167673894347,E02003750
-1.401491898718071,-1.6758737663954006,0.2493313127078746,E02003751
-0.8793052695721915,-1.3263915524303904,0.11069402223294991,E02003752
-0.9206519914305901,-0.7352834887180228,0.23671718017709686,E02003753
-2.061643107660127,-1.0819640307053477,0.986167118754876,E02003754
-0.9931690874570169,-1.2223135232018718,0.6519494671015136,E02003755
-1.8150004108924283,-1.23360123337076,0.8288804192054902,E02003756
-1.6235764459295026,-0.9237712675656281,0.8168935291766882,E02003757
-2.015932060688301,-1.2047876026281505,0.8174877911847725,E02003758
-2.1121575325025863,-0.36408291670092835,0.5255858249557848,E02003759
1.6045086273358706,-0.08760604398127769,0.672981355344376,E02003760
-0.7322228069770877,0.6988318367181808,-0.27009210847337795,E02003761
-1.9648161665379078,-0.6488401600027657,0.708543796999963,E02003762
-1.0619500840741631,0.3830410222083899,-0.3239320812313833,E02003763
-0.9609325013984775,0.6621897811133962,0.16954279322697216,E02003764
-0.785109344140104,0.29951075064365473,0.10068003223888948,E02003765
-1.3684628045542797,-0.2758978883694869,0.8322971714168035,E02003766
-2.486349886189929,-1.2262158796089921,1.2221287157131386,E02003767
-2.116516825204982,-0.33405400124807083,0.5725651111905633,E02003768
-2.0419689776912624,-0.6354101771278484,0.7082328834956371,E02003769
-1.7772412600751326,-0.9518854099795412,0.9434165721833895,E02003770
-0.5344361968184997,0.35326952089099883,0.048752422185320374,E02003771
-1.447124964815473,0.718378322361964,-0.4875330379059012,E02003772
-0.07302074278468298,0.4919033099327229,-0.17329196413297873,E02003773
0.029793518716888574,0.42721874576215085,0.19809222985212224,E02003774
-1.7937297224074085,-0.48452039843255806,0.808399592678632,E02003775
-1.8083836060384506,-0.48894589086628715,0.8742065523692913,E02003776
-2.1982326120110085,-0.32954917350734814,0.907961637948543,E02003777
-1.7778683910190372,-0.4738192612326498,1.0265544938658733,E02003778
-2.1454613383459544,-0.5413657753681171,0.40784219804658994,E02003779
-1.1483256059123588,0.2127089520954681,0.8369999707737166,E02003780
-1.8953690050556424,-0.3682960904545492,0.7100523271401825,E02003781
-2.0600058843859728,-0.08024135659111313,1.2443949124380143,E02003783
-2.1510317344315655,-0.47034846994431045,0.7744276444720405,E02003784
-1.6413251926806227,-0.5877886610324764,0.9189744618163044,E02003785
-1.8624673676124444,0.10054062827586097,0.9403662866005607,E02003786
-1.7641500833713333,-1.0507314760420696,1.0463609559972027,E02003787
-2.224057120455722,-0.2789014333382214,1.1305340660887575,E02003788
-0.7486514690029452,0.0631505044366859,0.5633856277833905,E02003789
-1.9189776491383592,-0.9773914599096062,1.2626187858048339,E02003790
-2.0615827088741345,-0.6091765547168086,1.4300053575934952,E02003791
-1.5753433088754736,-0.7193555321931387,1.1207288283097432,E02003792
-1.707330351855443,-0.9583148864841479,1.060464857807558,E02003793
-1.4151414725767548,-1.2215738056058845,0.07201447496371316,E02003794
-1.5755909689901568,-1.1951420651369706,0.30596802456837585,E02003795
0.5013676336301919,0.08549587159652657,-0.0920219401951524,E02003796
-1.2232168658796436,0.42175232175451655,-0.6512730590683032,E02003797
2.7940780173964423,-0.26783489685929673,0.31707628113192365,E02003798
2.4574372158247497,-0.11391777084095418,0.2595640723519424,E02003799
-1.944086501354639,-0.364613995060714,0.19128145100042743,E02003800
-0.5167473780949685,0.6042989165130394,-0.7304713780272236,E02003801
0.8354198334667775,0.6744999635655223,-0.036010247938701,E02003802
-0.1644864771857034,-0.01706451932077516,-0.48523506342314215,E02003803
-0.5310221136717663,0.8187191918119278,-0.410812415205386,E02003804
-1.878096891313607,-0.484245842654045,0.09060223071912683,E02003805
-1.7347491896131366,-0.032528705351172575,-0.3458050305568329,E02003806
-1.21963251892126,0.3169559622431068,-0.31453684919805863,E02003807
1.4121555816036453,0.2821138521424612,-0.04218983681543664,E02003808
-1.8373018864380595,-1.7175516400694526,0.5101789420785956,E02003809
-1.5588168951866754,-1.744834011243914,0.4495540429134205,E02003810
-2.0569886319117736,-1.2265642094908364,0.5767328471407205,E02003811
-1.5435926855839799,0.15308963401706988,-0.22429966839661322,E02003812
-0.3421868244523918,0.1289140717262773,-0.7249068236011973,E02003813
-0.5703923200753579,-0.14656412353634612,-0.3116501739927324,E02003814
1.2452366512088109,-0.6990843470026517,0.21510290193770198,E02003815
0.17858121351841996,-0.0562151002178692,-0.5979191663702189,E02003816
-1.032221579395406,0.22945476036903623,-0.7166013899728777,E02003817
-1.914199975946844,-0.27752375984124505,-0.3304404693155166,E02003818
-1.0603765332221766,-0.09526657355287868,-0.5111047966062477,E02003819
-1.4285126048361552,-0.07110916489268661,-0.47466054628717247,E02003820
-0.08795242689611577,-0.171820439224094,-0.12194099274277914,E02003821
-1.4208254536803868,-1.309768237767869,0.1606362183381531,E02003822
-0.44231315603037563,-0.2648411937738417,-0.3551714800955542,E02003823
-1.207319497102983,0.24554164208556664,-0.11728060107555371,E02003824
-0.8857957903033569,0.6281266221715384,-1.2017726532087825,E02003825
1.7587568728649263,-0.8247667903978968,-0.39236322433249365,E02003826
2.2263164520352325,-0.3696962573477051,-0.7768584721386048,E02003827
1.8630826279333792,-0.7456259050108928,0.0611501399083914,E02003828
-0.6050113723796682,-0.3424616400944281,-0.9798335674438644,E02003829
1.2642141358542727,-0.335628559990818,-0.894355738049179,E02003830
-1.7354655995440178,-0.9245814040478901,-0.08693561050821162,E02003831
0.7359743177731338,0.1628086935455211,-1.2532343134979567,E02003832
0.01216675032339351,-0.4331603145900134,-0.4824313044354644,E02003833
1.0504454723215961,-0.10687141349899554,-0.7886252368182539,E02003834
-1.5806669896934689,0.1313522219089599,-0.7429644555455203,E02003835
0.07799155148665443,-0.003270960607683076,-0.43729896648107097,E02003836
-2.1179236700523085,-1.3356775040554494,0.3889445673913282,E02003837
-1.1227893131904692,-0.39461031143115344,-0.7855248982839315,E02003838
-0.1292261316370872,0.23437584052511493,-0.5627457291863812,E02003839
-1.7240504140499993,-1.7653134036466,0.4458338843797293,E02003840
-0.24475048763035245,-0.5481719491458394,0.34821849541611377,E02003841
-1.9037132633659357,-0.9086918345488508,0.10966408027859578,E02003842
0.9593101413990672,-0.2756895566896927,-0.4322134994057485,E02003843
-0.7841019097593582,-0.02607271118550367,-0.6474968074869197,E02003844
2.351127036037985,-1.045380822202557,0.13614450587635155,E02003845
2.583443427629288,-0.16256380988401734,0.2408959962812892,E02003846
-1.4004551570075614,0.40743321502428476,-0.8890525172247836,E02003847
1.7731402568603687,-0.10297606747544177,-0.2355495023229538,E02003848
2.340901902528073,-1.5641616236059273,1.2281581158015558,E02003849
0.2312968554074055,0.22312948579114664,-0.9126583255371028,E02003850
-0.9012197680966644,0.17404634438824063,-1.1023209093390445,E02003851
-1.0452702934126723,0.5970413692216352,-1.2946107325721847,E02003852
-1.7864000525142687,-0.8377582036431059,0.12044477333850503,E02003853
-1.06896195668835,0.18647194803968506,-0.20125487490814814,E02003854
-1.3822326964389675,0.18802213754155447,-0.7577204933779204,E02003855
0.3126365366406294,-0.12320931603034103,0.35664076429113506,E02003856
-0.9627487333546639,0.7557086939419568,-0.12585717314060946,E02003857
-1.9751139790559293,0.4974259041002442,0.14299896656391298,E02003858
-1.7114914549180773,-1.608374093617188,0.26831216080968456,E02003859
-1.8514033875441558,0.7073505050271935,-0.43494074708232583,E02003860
-0.03906815994881847,0.03615135814119816,0.30997796655490134,E02003861
-2.251895253913743,-0.8233517862142655,0.3221146781042507,E02003862
-1.4845073643397655,0.33357186780560416,-0.013160614708630874,E02003863
-1.8601167071416695,-0.5259937456550675,0.29849898452815715,E02003864
-1.0167629752785459,0.03978981256321773,-0.3166498718075051,E02003865
-1.8263193888101894,0.8117714930571948,-0.42541192054279003,E02003866
-0.7171545282038501,0.29533002311223494,-0.27912633045831037,E02003867
0.4571177227917804,-0.15766597188463902,0.015294401828922227,E02003868
-0.8771826732520378,0.36087971245840966,-0.837032801012182,E02003869
-0.3100281509700974,0.5108840418250772,-0.8855963908927693,E02003870
1.19709962500391,0.13289536244694347,-0.15670644537766446,E02003871
-2.0025914207970414,-1.6629858006822074,0.6129466646873387,E02003872
1.538630626960007,-0.40673716314448555,0.48234675489216344,E02003873
-0.9757450865329682,-0.6288928201024144,0.02353082468835481,E02003874
-1.9949799260055674,-1.2534459620111997,0.4944847401240689,E02003875
-0.2068815910938068,-0.17417777801171644,-0.5952180303143576,E02003876
-1.8057015420330533,-0.8432618402314964,0.07827836410150646,E02003877
-1.2713806312342923,-1.422808973453324,0.11191859454651451,E02003878
0.4319608626410697,-0.6494682701701657,-0.3824935583384094,E02003879
0.23019794105253397,-0.7338588670936768,-0.030485454215829766,E02003880
0.5940007936908414,0.005924670193999208,-0.7549157226381419,E02003881
1.22037004999018,-0.05119456485734048,-0.2558071871361191,E02003882
-1.7066230024469633,0.4255822573956215,-0.3650133051281171,E02003883
-1.7159318264988515,-0.8605410922302775,0.15001675239646944,E02003884
-1.5889422902027102,-0.8172398430633572,0.20672984645820103,E02003885
0.9259071173403057,-0.8811918234876668,-0.25246167289232097,E02003886
-0.6221036262707255,-0.37045839286828564,-0.34658514428448534,E02003887
1.4232166485227191,-0.39192810653437243,-0.4415128935622805,E02003888
2.4671699220516885,-0.5643880439861503,0.49844963418929183,E02003889
0.4948216307980491,-0.42992002672467755,-0.48460908348452725,E02003890
-1.857979389348362,-1.3477740754055576,0.5014986880918116,E02003891
-0.9693259229598955,-0.9339393824611674,0.05867273804423111,E02003892
-1.3439070069695414,-1.993186296039777,0.4736649332824505,E02003893
-0.5107798683994202,-1.3501392637222291,-0.07522410349147493,E02003894
-0.4391120257727983,-1.7578668235235941,0.17617385634884947,E02003895
1.263951211754781,-0.5483818423503715,-0.212217928780705,E02003896
-1.9521587415936907,-1.079079631010485,0.09442547561890413,E02003897
-1.4688656863694487,-1.6432632027795029,0.5959031203338776,E02003898
0.6308317517946924,0.34221375726896264,-0.3358221286659626,E02003899
-0.2660084780700738,0.10751607050924503,-0.5398794397639395,E02003900
-0.5297378404795505,-2.28453364773438,0.6396241769316612,E02003901
0.47553245872880345,0.23809636511028195,-0.3907466601287022,E02003902
-0.8518032922666396,-1.129876126321124,0.20043142683244206,E02003903
-0.4365362806362876,-1.0716460216062285,-0.5086117203372873,E02003904
-1.3361076452021237,-1.846781497448868,0.29123579099908403,E02003905
-0.9070552246290418,-1.536644912446952,0.07377779814837969,E02003906
-1.1071483942173703,-1.0630254411380233,0.05152574571190083,E02003907
-0.06269915961491576,0.2318254152648652,0.033814109458497346,E02003908
-0.2712070403138139,-0.493095607172212,-0.01691243403069784,E02003909
-0.3406730564303996,0.20504985516039406,-0.09489271937339185,E02003910
-1.4959241314073706,-1.2351259994712749,0.19021997152865724,E02003911
-1.1860275686998825,-1.98164691430673,0.4005604842204938,E02003912
-1.3217364238480083,-1.155242823048324,0.1840529151544865,E02003913
0.3358975854278254,-0.12450468774827528,-0.3681305205830302,E02003914
1.8249783846122198,0.07561340863659798,-0.15491673114158183,E02003915
-0.6373312711774811,0.29352760949572543,-0.8597349862069495,E02003916
-0.7243793164032711,-0.014579696615733313,-0.7130558587943435,E02003917
-0.5298977664132105,-1.067810612300549,-0.14439954444683847,E02003918
1.3637488518396952,-1.0886980579032959,0.23976413935069882,E02003919
-0.410991728076462,-0.38514533415191976,-0.8697902998980458,E02003920
-0.37239014355169353,-0.8485520573146474,-0.3019680791300113,E02003921
0.4237812651938158,-0.957954015244565,-0.33527023204177586,E02003922
0.8645307281027839,-0.3319618503947118,-1.1725483647265655,E02003923
0.8069614028220491,-1.251930173407004,-0.10066315321074888,E02003924
0.725336414713321,-0.9688412360422873,-0.21754287343987141,E02003925
-1.2084330828741077,-1.7137810285166013,0.09651870646445007,E02003926
-1.2800231254566572,-1.4806275878515818,0.06643107798092036,E02003927
-0.44920245971404893,-0.579026223510503,-0.3318860224258968,E02003928
-0.6295846049575169,-1.554885639507432,0.037649025821855066,E02003929
-1.0746426669750873,-1.8996035823658866,0.4729113892107416,E02003930
-0.06035516086026958,-1.0158819070227936,-0.37890359087158054,E02003931
-1.1258742728227333,-2.432543140023395,0.32592169036061897,E02003932
-0.9332615764487305,-2.1029605388910437,0.09171008691796766,E02003933
-0.8164572036607645,-2.4246101121680343,0.32408630435841107,E02003934
0.40378207703008606,-0.7576337541359744,-0.44966034029634905,E02003935
-1.3436755494325296,-2.312371724278072,0.15609153364692818,E02003936
-1.0453600764463589,-2.2179400490722156,0.46421812597527917,E02003937
-0.7270460290033939,-1.7953511908174353,0.46340107820467985,E02003938
-0.060788924216355456,-0.21508196986652897,-0.5125921466106924,E02003939
-1.3125770761642233,-2.277499757750926,0.5006337800124289,E02003940
0.12673137992944614,-0.7170664383192118,-0.3636087619244911,E02003941
1.3847019588100098,-0.5874620941842409,-0.019246186208825143,E02003942
0.19897372118869308,-0.8010643944868671,-0.19885154700874255,E02003943
0.5050339095347087,-1.0573151655526,-0.4081805367147622,E02003944
-1.2413419219789217,-1.4807824790070188,-0.4079531870240336,E02003945
-0.617698637618057,-1.5730179666453006,0.08519891062038466,E02003946
-0.7692159233077767,-2.0531688418322807,0.2631240868723036,E02003947
1.3939571135567026,-0.5592374018465548,-0.11705960790108252,E02003948
1.6312608958072308,0.27634799341163,-0.6091424910611428,E02003949
-0.5883790426404061,-1.823319945371432,0.2860093494394085,E02003950
0.13949460754992254,-0.6435627104130184,-0.4165940954474302,E02003951
-0.5162867299159599,-1.3480097212700188,-0.13196280123852216,E02003952
-0.77550175960477,-1.8419549061844012,-0.034268865735988384,E02003953
0.13835686964934485,-0.6208093956642734,-0.4533270455799212,E02003954
0.2983992919770809,-0.10751715581179208,-1.03966193948833,E02003955
0.06262910198439228,-2.0404467822410326,-0.00947119368166086,E02003956
-0.33935025715968264,-1.8132851710620217,-0.15300281911216038,E02003957
-0.16553336846948646,-1.649661802969079,-0.2964109199261683,E02003958
0.5792041350302958,-0.8147377948142195,-0.443891730699413,E02003959
-0.900915607853779,-1.341056518949422,-0.2481594609714132,E02003960
-0.4793521731962746,-0.4363041105804459,-0.7656561445646997,E02003961
-0.22346927923078877,-0.6544126037444968,-0.8170136235964008,E02003962
1.394847249627256,-0.23919234477520596,-0.5862252959525781,E02003963
-1.0480219500147765,-1.9061744762398867,-0.25066463086964264,E02003964
-0.23455148360041997,-2.215767651693914,0.08857485526752219,E02003965
-1.8384780343788825,-2.522663499061117,0.4272013605108072,E02003966
-0.49483413304605983,-2.409048556622329,0.35860062983697405,E02003967
0.06388595860743959,-1.2760017840294937,-0.23117508365015055,E02003968
2.4204021465042613,-1.6796092419766657,0.8379710680249407,E02003969
-1.4466048968704006,-1.3587978310714155,0.5530438449155932,E02003970
-1.5440788258429028,-1.956396315384785,0.6636490891300616,E02003971
0.1745388310323978,-1.0758690626970782,-0.11857407455432112,E02003972
2.8472926787588615,-0.7953524225898775,0.15477846513699103,E02003973
1.547299372138283,-0.40443079609745003,0.08561401503013905,E02003974
-0.8849616209099035,-1.2576624751980665,-0.12552544423215267,E02003975
-1.0703528736287427,-2.3328559453034603,0.8038294567891247,E02003976
-0.9213942771277808,-1.3648535322105817,-0.5836206464219356,E02003977
-0.25730029224187306,-0.5604365905687158,-0.634970764521148,E02003978
-1.1496044720586227,-0.22304844505552923,-0.8925924304264815,E02003979
2.6433065377743423,-1.008430038031047,0.26512940892324416,E02003980
-0.14784396322822757,0.29243678541275686,-1.3206971797924694,E02003981
-0.46901032769737616,-0.73740818489461,-0.3471556404303733,E02003982
2.2579006011662925,-0.13706811594893087,-0.9388675767335327,E02003983
2.906383912408902,-0.4854570148621972,-1.6136471616588062,E02003984
0.2905493073318922,-0.6707384250281598,-0.6283812103931885,E02003985
0.5523392251153244,-1.0567858149734202,-0.5717539498230465,E02003986
-0.7421308485244662,-3.0614364195243358,0.394418586338554,E02003987
-0.8226692003200274,-2.6090906045735673,0.7255657339303869,E02003988
-0.6134948824560109,-0.14889426480152593,-0.9100587488397097,E02003989
-1.3747178350289717,-1.032285972916212,-0.2802567081905505,E02003990
-1.3766639399863891,-1.664300976155871,-0.38239363680683314,E02003991
0.47314837456843684,-0.29189799767308444,-0.7253399808867732,E02003992
-1.9942638922893967,-1.903332626214573,0.36871568680765165,E02003993
1.2752313455312856,-0.22769423407556036,-0.6414144857399061,E02003994
2.3977174008686997,-0.4030708857891367,-0.28603281874746245,E02003995
0.5459580310588805,-0.2480854036243718,-1.1180667180374972,E02003996
2.7166582017955094,-0.44223296729649386,-0.029234677323579962,E02003997
2.12913573186389,-0.3061826982405826,-0.341611492964045,E02003998
-1.353584451520553,-1.7219020534027423,-0.2071462126681694,E02003999
0.4065767626950068,-1.4939463620535751,0.4898265964322975,E02004000
1.3865821876642612,-0.2742195311086462,-0.1533099240144573,E02004001
-0.4189889342562105,-0.05723280448444374,-0.44092660625133073,E02004002
0.23596252575016025,-2.1355379667965493,0.613235272448157,E02004003
1.831432183850927,-1.1155854041892386,0.30901673511014927,E02004004
0.4301434756185926,-0.9521912926566413,0.057612682013816835,E02004005
-1.8620206764005736,-2.115567699119705,0.43324001491988223,E02004006
-0.2809332267028451,-2.558995759294155,0.1870682928676865,E02004007
-1.4930736509905993,-2.7393928760093043,0.6536711534429306,E02004008
-1.876358261198549,-2.253669139139177,0.39532973643931063,E02004009
0.8173925271268374,-0.6855551056538381,-0.256426324471484,E02004010
-1.0181393653900688,-1.472301992018084,-0.43814119854178524,E02004011
-1.719710808888765,-2.671815094090282,0.814226434924863,E02004012
-1.3620976729579302,-2.78330731199431,0.2203077457709839,E02004013
-1.311091034481725,-3.064316253662964,0.35588566007906486,E02004014
-0.8906692384547134,-2.1326174239510367,0.9679493275527038,E02004015
-0.9697543394460099,-1.8539058166089306,0.18396872457820973,E02004016
-0.6739983887121507,-1.5260500314078522,-0.01939760177320133,E02004017
0.6241767751899457,-0.09088953888274218,-0.37099067465234586,E02004018
-1.6726672392715882,-2.230074098568414,0.08990391086434024,E02004019
-0.7269812031759442,-0.051844323762610146,-0.9108280238483135,E02004020
-1.7337253190171924,-2.353594834675288,0.5429425056681566,E02004021
-1.796390173282481,-2.336046637959634,0.6530532812849861,E02004022
-1.6193115453097369,-2.4605499996230114,0.6434264927799561,E02004023
-2.0156978631015687,-1.758710299294984,0.09371094074748558,E02004024
-1.2070173395324566,-1.3191006992305048,-0.0701124383006863,E02004025
0.09358463811091906,-0.5695459632213483,-0.26083502931608016,E02004026
-1.0957002358295667,-1.6596367649796469,-0.2880696804650768,E02004027
-1.489743590226933,-1.1909463781596419,-0.13392287285435395,E02004028
0.9479835340861926,-0.6205717788713229,-0.3387645910314493,E02004029
-1.3476028998998637,-1.177544358657746,0.4239065632457257,E02004030
2.3426967759115676,-1.0052103117769922,0.4788774712268224,E02004031
-0.7318078430903927,-0.31448147386068276,-0.7944411356980312,E02004032
-0.19528270457812807,-0.8519897665960048,-0.8431592898400249,E02004033
-0.7801774463091665,-0.615379520117034,-0.4903116393501101,E02004034
-1.5510135987678064,-1.4547259867287368,-0.0073313316474044096,E02004035
0.7814153787594847,-0.5799774897742531,-0.5359819233858584,E02004036
-1.0413728715863866,0.23646404144807776,-0.830702739907482,E02004037
-0.3532005540917979,-0.32311679491927797,-0.4470651462369428,E02004038
-1.0788880562969423,-0.2844125819132499,-0.422411965560282,E02004039
-0.3964797858602379,-0.8307150078174671,-0.7577904913385974,E02004040
-0.13609555623710543,0.06609948959033775,-0.9861854876637424,E02004041
-0.6373915749565866,-0.94528765244739,0.12351689786309933,E02004043
-1.9890717825458168,-0.9600503337228005,0.39707172151115816,E02004044
-0.753043991901565,-0.8659102666040516,-0.23472835538821096,E02004045
0.07244220727142349,-1.3037471988186777,0.3917926686103735,E02004046
1.2428096796759547,-1.0554831074138509,0.20715589006423132,E02004047
0.919614092585102,-1.3969550640443642,-0.07701453392701027,E02004048
0.09478073806170147,-0.7220178904434977,-0.0367312073710786,E02004049
1.6062065676784207,-0.38800909376098797,0.09944214855300464,E02004050
0.6876532258100425,-1.5250557950962638,-0.04896222568083471,E02004051
-0.3481729323290334,-1.341221243187109,0.15072288800374206,E02004052
0.8295738745668269,-0.708410102057123,-0.4079011696020972,E02004053
-0.28318083973944724,-0.6003251029386901,-0.6067325906619054,E02004054
0.6031791759629935,-0.6667156685665175,0.08478429777067524,E02004055
2.256179623603107,-1.1116038810413698,0.8981021619726284,E02004056
0.823942826496622,-0.9882520504545995,-0.1670810585277943,E02004057
2.2323852903017567,-0.704092154404663,0.641787525296784,E02004058
0.14247396291567546,-0.5279816566325191,-0.2949971000084663,E02004059
1.0812031746006772,-0.7678716069457684,0.003810414991107895,E02004060
1.1891752842675771,-0.04926928370983156,-0.167872420676531,E02004061
0.9891840480385025,0.14341562183517703,0.4679263666889565,E02004062
-0.3519294228536012,0.4359887562000085,-0.7122693424721759,E02004063
0.774785773188714,-0.14878378858019062,-0.5953507084828062,E02004064
-1.4298327467194538,0.4824614263018061,-0.8396790212808861,E02004065
-0.1788167424762345,0.025941100988350903,-0.7261528347235331,E02004066
3.2452475820188176,-0.09706629590356722,0.9358274519422279,E02004067
-1.5886413049045076,-1.3970261246992262,0.7209770474414505,E02004068
-1.9570103936500627,-1.6546601118792335,0.4585334874482967,E02004069
-1.1456250283112857,-2.0332053714209843,0.6256851112342044,E02004070
-1.010466712096729,-1.2668027365904337,0.23765408503821162,E02004071
-1.2825915144962183,-0.6091682040264199,-0.26358733293058695,E02004072
-0.28795111779102817,-1.350368029178869,0.5384035567457338,E02004073
-0.6866018344843345,-0.9874699354207553,0.013667932653459136,E02004074
-1.840642709342753,-1.8625788217194321,0.43788495281791634,E02004075
0.2587345739454502,-0.18974627230287244,-0.02712137837514656,E02004076
-1.940405428912273,-1.860018437321838,0.2973064773028885,E02004077
2.6433496804055663,-0.581582103274236,-0.08493414229468318,E02004078
0.9658444396854825,-0.346497679063377,-1.1525022317976268,E02004080
-1.1820763161014056,-0.9349669675001024,0.2722876537965339,E02004081
-1.4825944194695424,-0.8627368070567955,-0.4740592175199324,E02004082
0.1816948812289931,-0.22281010308811647,-0.9942702533636326,E02004083
1.6102787363491982,-0.5669568325385163,-0.30136084091361975,E02004084
-0.42793240311655145,-0.8263363996585205,-0.11826448093400119,E02004085
-0.8329959710890426,-0.2522454629863714,-0.13459785700961005,E02004086
0.8080252692221191,0.10501354912471521,-0.7880386980578851,E02004087
-1.218285025818436,0.24905754961981053,-0.9220310453396736,E02004088
1.2774804173156553,-0.1703635090370608,-0.7341263622921245,E02004089
-0.7025876277192449,-0.7040823067019681,-0.035229160976014695,E02004090
-0.6597693170955621,-0.37933264763045743,-0.9463544613669334,E02004091
0.42635456066601046,0.020158961395158947,-0.5054117789293672,E02004092
-0.9819509357908899,-1.3665366021299294,0.38905810757366305,E02004093
1.5862832580345736,-0.15022516527330443,0.3202619114845791,E02004094
0.15569119209949725,0.11047895658913559,-0.4275697316399119,E02004095
-2.11184894745498,-0.9694981863401788,0.16305753781191623,E02004096
-1.509313210516501,-0.7481370978508366,-0.1807616455744078,E02004097
-0.2583385256144654,-1.294343903038169,0.5582910442314116,E02004098
-1.6220242658696553,-0.9451845353193015,0.10673332656599321,E02004100
-0.157842367044874,-0.7456635586634522,-0.4061768133756804,E02004102
1.180117556414943,-0.49676229876781836,-0.1547602886667228,E02004103
-1.5927076475694828,-1.5285049195251958,-0.055020184530559325,E02004104
0.10758650874216856,-0.2922669463934793,-0.1293287590022436,E02004105
-1.2921370801389376,-0.7648257775843416,-0.12189255369629849,E02004106
0.2341724027226806,-0.7959951316091446,0.5625712428216504,E02004108
-1.6408914511822559,-1.1360709897970918,0.190858543298577,E02004109
-1.2211311987394342,0.24887442175301602,-0.7235635317480551,E02004110
-0.35122065581701994,-1.3942486519121566,0.08736522780426029,E02004111
-1.6947894551877891,-1.133679770615046,0.18636784548441226,E02004112
2.0986710732510203,-0.9414367724558985,1.1467578745494293,E02004113
-1.3578516584839495,-1.3174231444407773,0.06686002415973187,E02004114
-0.1879665863475865,-0.5682758077178636,-0.1885995708089528,E02004115
1.7710295703358896,-0.7017365800097162,0.3709516886240487,E02004116
0.18371268006625177,-1.33167376462937,0.7115968107515085,E02004117
-1.826072868610822,-1.3998287255919444,0.24470418619784018,E02004118
-1.6833065604843058,-0.3582933565578105,0.05890281129974779,E02004119
-1.2119401812974873,-0.7978172403117509,-0.4531680472200181,E02004120
-2.0036204346065465,-0.8784946257032683,0.2694248677376906,E02004121
-2.0719069871631097,-1.0653484672060074,0.1660258865181319,E02004122
-1.537220118219354,-0.9877149259921248,0.46872388038744983,E02004123
0.6759294839125531,-0.34175752507423485,-0.5611535550533624,E02004124
0.36909641733786125,-0.6969766208351569,-0.6383186764630437,E02004125
0.2137989469478822,-0.048591322948085394,-0.6744094128321295,E02004126
-0.9141782859291551,-1.4603692591890995,0.034156635812399486,E02004128
-1.7009147560223203,-2.1924633812618666,0.24534815682793826,E02004129
0.20067600598441115,-0.6495953713705753,-0.306795913074953,E02004130
-0.8998556754408477,-0.5883035736975433,-0.5534542544640034,E02004131
-1.7806728050418452,-1.5328302933686921,0.33205484263333224,E02004132
-0.6511618581594004,-1.6129256565256298,0.0534897504802984,E02004133
-1.5236148837330752,-1.6456911829176253,0.5404737165427657,E02004134
-1.4355522240998244,-1.6670773045368286,0.25679684294945826,E02004135
-1.4198373811546758,-1.0759165231925139,-0.04240989842984817,E02004136
-1.6511341173316727,-1.8471123937647322,0.37447085722344536,E02004137
-0.2545108015326835,-0.6078014965802059,-1.08815175776644,E02004138
-0.20097765584186528,-0.5942284660315298,-0.30676569509544666,E02004139
-1.1612860084346526,-0.4450252851971159,-0.6885734420384225,E02004140
-1.7029159236855573,-1.2766256071187256,0.4078979019758114,E02004141
-1.993036372794741,-0.9049934400220022,0.28671897723035333,E02004142
-0.703556300067855,-0.031157244501059278,-0.8447095521492325,E02004143
-0.7286693681909354,0.08983685980297927,-0.98310037626121,E02004144
-1.2074095327353533,-0.7082585344857325,-0.19803424906148523,E02004145
0.3246875440646356,-0.2137122903469348,-0.12011352936227873,E02004146
0.15890780698183457,0.4090191737078654,-1.3635536043573844,E02004147
-0.06516584994508284,-0.6943536652516612,-0.3703282808120161,E02004148
-1.4145152620246009,0.046134785015510556,-0.47088056125696687,E02004149
0.8589140187127035,-0.14089295909400193,0.05169444653073121,E02004150
0.1487254654019764,-0.07894774425138167,-0.3695400394541087,E02004151
-0.014111219954725833,0.7096667658170503,-1.103928779023727,E02004152
0.24540309736308558,0.03367652970533742,-0.07770298431792963,E02004153
-0.28195496039647583,0.9194590169199548,-0.7673445305116963,E02004154
1.207658140409032,0.33435116664196934,0.14420456252265343,E02004155
1.454482561952123,0.4245086489184155,0.23878149533836812,E02004156
-1.0434204562478913,1.1771641947099487,-0.18188261481627777,E02004157
0.33145912289157864,0.644852253131474,-0.9044389583041467,E02004158
-1.2018354476002515,0.08799579978752016,-0.36660323468938005,E02004159
-0.06888947454710774,0.002335316019269398,-0.5724468571229019,E02004160
1.8657759682997326,0.058706321226195964,0.11475396332057637,E02004161
-0.6410970605740238,-0.03229110786520223,-0.350432807795646,E02004162
-0.5583076479615324,-0.048168966545165115,-0.22309301007093157,E02004163
-1.6473710508592305,-2.1376115745256397,0.46967865603798786,E02004164
-1.5988861490234962,-1.450079134718674,-0.3106666508219347,E02004165
-1.2328592851250753,-1.6392884568289476,0.5605727733908469,E02004166
1.2997650364582538,-0.41697843283881075,0.07204555666636539,E02004167
0.8272618625518644,-1.1415238304138513,0.2534748643223389,E02004168
-1.4552311784558805,-1.3847775244009353,0.3689600851059751,E02004169
-0.02230455083343116,-0.1714508421038382,-0.5199825562603742,E02004170
-1.5827253910424615,-1.6068650562468916,0.6400303322391776,E02004171
-1.4080707530508763,-2.106023043489612,0.4512950639432752,E02004172
-1.6447854992947872,-1.8992232067398767,0.6177377461949328,E02004173
-0.03296039319557631,-0.31123015790733255,-0.5569062425619823,E02004174
0.8556494126798276,-1.1676937608913553,-0.7957802505599859,E02004175
-1.0628431801645766,-2.4392841262405827,-0.01633229504745142,E02004176
0.1040321211119112,-1.2812087241872048,-0.42747915658534036,E02004177
-1.8553387248518196,-1.4935249168003721,0.13736276475323306,E02004178
-1.1934510039416184,-1.0145065451985584,0.030234641008231984,E02004179
-1.8307451374861134,-2.1204693949030284,0.3428980223461537,E02004180
0.16394627534198478,-0.19991758922121072,-0.45182668647830004,E02004181
1.7054153396914509,-0.5473838787109017,-0.1276788767680857,E02004182
0.04120580183893583,-0.17920288363233125,-0.9507871815211023,E02004183
0.6419795520560578,0.0697686251830677,-0.537695057481756,E02004184
-1.2599549377389876,-1.5137992121991057,-0.1868838982479927,E02004185
-1.187932935194842,-1.5447286146291457,-0.0565424812848282,E02004186
-0.9125742629797452,-2.454623846966541,0.2911948419949569,E02004187
-1.137280498828868,-2.654217726057578,0.41468928539104166,E02004188
-1.8222721878238968,-1.4981149387905717,0.4087012112102664,E02004189
-1.4931157871782024,-1.9359672802235495,0.7726357448116855,E02004190
0.18487925727179644,-0.16676149349855013,0.1322716702922915,E02004191
-1.8495472739780827,-1.5933135607855262,0.30037323196851784,E02004192
-0.7526098124589823,0.5172287482862447,-0.7262411526580069,E02004193
-1.6311733321912565,-1.645255276461667,0.7099655540286915,E02004194
-0.24337371024092846,-0.36317755202146385,0.4697011109046491,E02004195
-1.5956150632319557,-1.589186309645359,0.6754445505710734,E02004196
-1.7363680462399809,-1.0648713433011017,0.40738519134633494,E02004197
-0.05414122104299371,-1.102687232656629,0.009442012615882971,E02004198
-1.3739578463277191,-2.032838755895818,0.20000610682016476,E02004199
-1.3156834633529157,-1.556655091215019,0.41939062815482875,E02004200
-1.797251254473184,-1.8983066679117562,0.4040807496711619,E02004201
-1.6013142250967602,-1.2481460532890825,0.4470851636224719,E02004202
-1.8791593232924753,-1.9071779223827796,0.7373692881631314,E02004203
-1.217254025508024,-1.0709256091414694,0.0793388815510614,E02004204
-0.5970190331651698,-0.939225596941493,-0.7679261089438325,E02004205
-0.135140101508389,-0.8935645184961465,-0.4329173010175636,E02004206
-1.2909546980013982,-1.376973309009244,0.10179916339928391,E02004207
-1.0305764314866788,-0.06471798881511671,-0.9642947954389592,E02004208
-0.29855142579256794,-0.07593843485394997,-0.7323794815376101,E02004209
1.204558766725251,-0.029285042376698017,-0.9103326584444557,E02004210
-1.8297867893300335,-1.0045572670950205,-0.08766690397475643,E02004211
-0.470879538456494,0.23044848385548167,-0.5175255486814135,E02004212
-1.5906432589992527,-1.2207369204059795,-0.2081649900579396,E02004213
0.9498257805226684,-0.12891263637609734,-0.7154222701470844,E02004214
0.32654655586139136,-0.4039295306063437,-0.360524589723654,E02004215
-0.0543929631376216,0.05097794472843507,-0.7432024444947516,E02004216
-0.47387948623463627,-1.3451470766106937,0.2420802202456945,E02004217
-1.0467973764069791,-1.0118601871788124,-0.28580652706871723,E02004218
-1.5892206706846232,-1.2401970609587736,0.07494825870413706,E02004219
0.1507725960595956,-0.7395204468933736,-0.6478914529475572,E02004220
-0.6361540371374083,-0.5559569251786713,-1.0471586545411495,E02004221
0.6188362483288629,-0.09425712382018232,-1.0606836188427489,E02004222
0.47875705651159495,-1.6144962558587268,-0.1669439998367662,E02004223
-1.3385675468605034,-2.26300348451636,0.16287403412126245,E02004224
-0.09930327626437101,-1.3411683733433493,-0.4198646775172761,E02004225
-1.4916720252408722,-2.3549979856791956,0.2498889006911424,E02004226
-0.8951776712257823,-2.5193479547440023,0.11441303136930822,E02004227
-1.341865687622587,-2.5770613409444967,0.16548910507890804,E02004228
-1.1654929153535163,-2.515558321605829,0.19299447773109304,E02004229
-0.44408387695679075,-1.5249916081986834,-0.04142795711145406,E02004230
-1.5499800085553095,-2.4206914048036765,0.7927859619052431,E02004231
-1.5653276986607798,-2.4081334600082056,0.38265820662317557,E02004232
-0.32805835666725264,-0.6066182486505441,-0.46530573820844306,E02004233
-1.6143074279494471,-1.9790871504114067,0.6009864034448928,E02004234
-1.2767205750630968,-1.2648243389594065,0.39831942163310546,E02004235
-1.2024797981451798,-1.2749478233437284,0.1356088178275896,E02004236
-0.5507095112399404,0.33577363502552543,-0.51516237704496,E02004237
-0.5802560636109443,-0.2181048926329794,-0.9316892390199347,E02004238
-1.1478468921595495,-0.00745059372859284,-1.0715204190683796,E02004239
1.9098731631328592,0.10479245229831279,0.7261260757029385,E02004240
-0.14172947865800647,0.07891799395416207,-0.47179778725480237,E02004241
-0.9639727608387173,0.3301478572257435,-0.8802204733808398,E02004242
-1.6102964769711756,-1.6521601346409147,0.6324536858635196,E02004243
-1.5736383984566782,0.0012460121668975796,-0.6344376243103778,E02004244
-0.9566007219890503,-0.28188611049431966,0.15248615896450674,E02004245
-1.7374198525951594,-0.8719977326832686,-0.30995821919789135,E02004246
-1.9061798723450902,-1.6471181112403495,0.8598182283967739,E02004247
-0.7276648816966976,-0.5486395350565862,-0.5360185342861474,E02004248
-1.7364554432210255,0.10942763081464621,0.04566595505852084,E02004249
0.04365275507611747,-0.24358843976323766,-0.6212156575401225,E02004250
-1.3297852293077426,-0.5140470660790326,-0.47313921373727985,E02004251
-0.1511386622378907,0.13661114076558084,0.08832548360583492,E02004252
-1.546921756744196,-0.41078486129571734,-0.6307769056477185,E02004253
-1.3855463731986084,-0.19466967046942693,-0.3127200711386541,E02004254
-0.3473078914389476,-0.3491888024279165,-0.48570105482648773,E02004255
-1.646267649037115,-1.5907802127986523,0.1778770404513791,E02004256
-0.23997831909222156,-0.20023722900333885,-0.3713375673247595,E02004257
-0.8756702618640582,-1.6601746224635392,0.3439561787801285,E02004258
-1.2458417350933786,-1.6865679017592055,0.606956234858603,E02004259
-1.7100718160322577,-1.4070788909278344,0.7267696030210484,E02004260
0.019622711348207054,0.17681589655486243,-0.2773637792499857,E02004261
-1.406593698765512,-1.8829866166935598,0.7603608036932705,E02004262
-1.3918683455163612,-1.4668186533182075,0.7816303129438482,E02004263
-0.8532174641319052,-0.7713267589627398,-0.4292909492229455,E02004264
-0.7408979814089445,-1.1646715776902827,0.2697389538809563,E02004265
-1.2078783790633647,-1.6124015359246464,0.865177431964086,E02004266
-1.7192525347802177,-1.935703999033014,0.7598368432449901,E02004267
-0.3230081658631047,-0.7059604488061597,-0.5150751642266469,E02004268
-0.10381115376907217,-0.2582706994563472,-0.14533901213702385,E02004269
-1.6337242301187296,-1.8369269419022023,0.5180901304382457,E02004270
-1.0531913885351192,-2.1949405477004706,0.4809991254584292,E02004271
-1.6738728396622011,-1.8269382571560382,0.7672791335292001,E02004272
-1.001914311628932,-1.739030193896369,0.4180584828254606,E02004273
0.23112371373421406,-0.4708491905389152,-0.33339880281461237,E02004274
-1.4400593848583303,-1.8806113198570718,0.30154243192268343,E02004275
0.18864900251154637,-0.4759555614001912,-0.40568806466926066,E02004276
0.21199714108314074,0.05702579038585507,-0.0756805856831272,E02004277
-0.4599653867639446,0.4137034788268888,-0.4288466901666215,E02004278
-1.6559407212198949,-1.5783685264185103,0.6007875723504799,E02004279
-1.2257937041266254,-1.6797448881742083,0.37314830518617687,E02004280
0.6380118799307486,-0.5367310300090729,0.2829572483741011,E02004281
-1.1908488801291943,-0.2498135671297491,-0.7057161868576975,E02004282
0.030772694955320166,-0.39964178755883395,-0.27069168433580265,E02004283
1.181835003966198,-0.028893020767170128,-1.0885218673401063,E02004284
0.8589888308330614,0.11591702637416304,-0.6501214055044218,E02004285
0.08300035614658892,0.3972928069576121,-0.5581751030403118,E02004286
-0.05986271247462937,0.17660403315907755,-0.6551878678079038,E02004287
1.0286360775783618,-0.7494716615120728,0.05293811385057435,E02004288
-0.3368448254058971,-0.44269233130360414,-0.7186589965595069,E02004289
-1.0208907792269415,-0.4924949696805359,-0.37097716590426305,E02004290
1.0185480157066473,-0.9380606877093318,-0.07759690344717302,E02004291
-0.6232751651693066,-0.27853814427436946,-0.44797322238633763,E02004292
2.164614421170594,-0.5242199776950655,0.4801299637971557,E02004293
-1.328363579552928,0.3919849668016737,-0.8614879587437807,E02004294
-0.11768752388217525,-0.9138869463936049,0.11517524364106715,E02004295
0.47847483977501865,-1.1763098997036399,0.3200505670156733,E02004296
-0.6319021044757992,-0.8028620865696416,-0.16575399299946986,E02004297
-0.7172724028256076,-0.6928536600196165,-0.11474336890140278,E02004298
0.6090763278662908,-0.8750126887115097,-0.3457404500571775,E02004299
1.466767815669141,-1.2099920037954683,0.26386089793589496,E02004300
2.427005343482157,-0.8023472512763611,0.20948549128343713,E02004301
0.9547992171656718,-1.2901521273587286,-0.8677772952868847,E02004302
0.1106973626039293,-0.3899197277045788,-0.8558418673028063,E02004303
0.5479998571709118,-0.8617518228322018,-0.42798077273343677,E02004304
0.49221851301284475,-1.941121207269178,0.6657882794947292,E02004305
-1.0266801728305543,-1.5707269030447433,0.5167656307063948,E02004306
-0.4308927073483839,-1.6527652376600495,0.4073975829099383,E02004307
-1.4955914176781866,-0.3300326617100124,-0.46068501756108765,E02004308
0.10352711054832281,0.13111996336741188,0.014733111318969577,E02004309
0.49070680064879063,-1.1194870923318554,0.4731544083193291,E02004310
0.11175947832480698,-1.2046566659553701,0.6089384648061602,E02004311
-1.08117895986327,-0.07840056362134305,-0.6529068174971264,E02004312
1.9524911834445526,-0.38234248515628205,0.5930562835228032,E02004313
-0.4709300435322222,0.02969092774151518,-0.159527256759404,E02004314
-1.790411701625586,0.010563390870968636,-0.32033770955078705,E02004315
0.3098639648827895,-1.3152121010752769,0.19025756338762467,E02004316
1.080489605693482,-1.2346054542235052,0.9666102077251337,E02004317
-0.5275498150277554,-0.9988795551523045,0.56799634712802,E02004318
0.03131751426448459,-1.1543112876751194,0.4713817266015417,E02004319
-0.32620162922635504,-0.5179509854052464,-0.1932826566207873,E02004320
0.8786340390630842,-0.3752074045137928,-0.8281652558681656,E02004321
2.942012080668905,-0.9945300727797355,0.6827964603345201,E02004322
0.3486661026210209,-1.0641069341562535,-0.6095138746053974,E02004323
0.39231006046420586,-1.5873190734497231,-0.21929143428975592,E02004324
3.122565671954937,-0.9240597564953635,0.2369793680921615,E02004325
1.3433472375749065,-1.5101213895684127,0.37670937647672276,E02004326
2.1902262372203576,-0.5653831674620207,-0.4343208527120813,E02004327
1.5923661239158202,-0.20163944006720855,-0.3193621353220529,E02004328
0.418568894405046,-0.08560394523737261,-0.3151377007172442,E02004329
1.2956762489359033,-1.233293271766158,-0.3806529487202487,E02004330
1.4636631727900278,-1.279457533473427,0.11518325183701833,E02004331
0.15177821484388823,-1.6053151983988232,0.2214041296204824,E02004332
0.046277133670487976,-0.5280397301001308,-0.2723859964061413,E02004333
0.628458777342013,-1.3233658504433883,0.2107812999805877,E02004334
2.4926315603934555,-1.2541703387359557,0.2398268963334257,E02004335
1.6035004914693916,-1.220227177802908,0.36329832315658833,E02004336
0.47254932924732845,-1.2204209894004172,0.05465148421187444,E02004337
0.8122675857845637,-1.546961568732566,-0.0859378686681688,E02004338
-1.6944555316171948,-1.4698027511028522,0.6165248931239439,E02004339
1.8682529263776722,-1.310657882412787,-0.054263140624749726,E02004340
-0.7862581225571341,-0.16307726024117727,-0.45876380077996165,E02004341
3.271059979840955,-0.4208427672053485,0.438149413867876,E02004342
1.20222749319288,-0.9240019210844028,0.287803486668087,E02004343
0.8505903606209898,-0.9209261599236205,0.26678332478199707,E02004344
-0.6803240480993196,-2.3232272900683872,0.29131729553116986,E02004345
-1.7941212114840153,-3.0208951531619475,0.6397977413520777,E02004346
-0.06421403174151447,-0.8541414531849884,-0.32026506386303577,E02004347
-1.2159106586272945,-2.6903765623395985,0.5524401867796718,E02004348
1.5108239981116574,-1.5289234980962536,0.4761466519823764,E02004349
-0.3833635980897861,-1.29203262791591,-0.4071268867895258,E02004350
2.1405482505719298,-1.4744246498779208,0.6164288261309386,E02004351
0.7508893313102404,-1.1448199725820614,-0.7390781174185012,E02004352
-0.2552636346070955,-0.011632018964496409,-1.227819805778267,E02004353
0.378475912179688,-1.323486304011674,-0.14870732408045356,E02004354
2.9420560016498776,-0.480580476273739,0.13311854247688498,E02004355
0.9904794941702323,0.3341570747453941,0.029461108210687918,E02004356
1.1263504241473705,0.6150771334578357,-0.08737370893125254,E02004357
0.6816123566846766,0.2061211378099265,-0.19904450190056316,E02004358
0.450054773044693,0.23773659626840216,0.11594467948703951,E02004359
-0.8940171884724859,-0.034145486317400005,0.33871737737490365,E02004361
-0.30215715885038413,0.6174857990239537,-0.6459451439266897,E02004362
-0.6774819123357861,0.48282334274613176,-0.4518234582527126,E02004363
-0.519344458772625,1.0231555545047337,-0.3847606480883335,E02004364
1.2546168329150411,0.5278842074173361,-1.1250886511514586,E02004365
-0.18106446847856614,0.680041502338766,-1.0771110625043776,E02004366
-1.4567752152526205,-0.2626850866952848,-0.13791793637935917,E02004367
-0.7160564610020026,0.33001367834328543,-0.32380986823754687,E02004368
-0.7153352904960364,0.22867492475124726,-0.7564067937763572,E02004369
2.753151902863123,0.11594336834817755,1.198555301035679,E02004370
0.4400321448974339,-0.3488132292631877,-0.20616600328901963,E02004371
2.7311599979925254,0.1355387132674574,0.5324406525856696,E02004372
0.2823020052584548,0.39949508686715174,-0.4733707295978115,E02004373
0.10952073259909888,0.5275602253766503,-0.6951614759357616,E02004374
0.4800137076615757,0.4076245420797978,-0.927375938750197,E02004375
1.3461483846234819,0.4724280335710996,-1.035052913349636,E02004376
-0.24222694499878847,0.12670094041589572,-0.6771800846501125,E02004377
1.9469161118316962,0.5034326970115379,-1.0813256480979918,E02004378
-1.954777724299438,-0.5571556598464308,1.2036787774341349,E02004379
-2.345203547552867,-0.8922323131564421,0.9198496731831657,E02004380
-0.5244674220680956,0.49121730525205537,0.5504546225205905,E02004381
-1.485438084175039,-1.1413200239549932,1.025911750558912,E02004382
-1.2872014879886913,0.708104784478082,0.5033430076739019,E02004383
-1.1009734593348184,0.20593828904111064,-0.48802187118421436,E02004384
-0.4902786313279339,0.475883537805318,-0.8100319998405827,E02004385
-0.6128417448903924,-0.055432091552059484,-0.5270006461781759,E02004386
0.5135116096506157,0.06553930449546536,-0.04457980489665147,E02004387
0.12381090003982602,0.029927831916835627,-0.3118127841509383,E02004388
-1.3672284112809812,0.012441106254934189,-0.5379935784277091,E02004389
-0.6610155963267893,-0.14294792455435584,-0.19353772536382635,E02004390
-0.500110769367483,0.43511464141876705,-0.463981481790923,E02004391
-1.6798855157683545,-0.9880364038274495,0.7805348827152547,E02004392
-1.0736928374286063,-1.639515402436704,0.8243065919808117,E02004393
-1.7128582862369446,-1.3976652718900868,0.8168864246785633,E02004394
-0.29305141053825146,-1.1234443876166276,0.3709110906825692,E02004395
-1.540383879699085,-1.285847806144506,0.2720026331216547,E02004396
-1.4030541616383831,-1.1160622161130638,0.6381887679343499,E02004397
1.3461991013096835,-0.09800873922079452,0.36968334745549003,E02004398
-0.3504911980388907,-0.13049111170755762,-0.7925286047077775,E02004399
-1.389175697628327,-0.5657128785883465,-0.48118533769812105,E02004400
-0.7152852073769357,0.28985476928792153,-0.8500858568152596,E02004401
0.4349458179235701,0.3250801578159626,-1.3207490339262147,E02004402
-2.365249421685906,-0.48275380399440837,1.0649100861397849,E02004403
-2.5931037449821037,-0.8923519256823402,1.0372553075674855,E02004404
-1.615981695511825,0.7595181345645555,-0.1503524326760374,E02004405
-1.8344622973212525,0.3503580283919009,-0.08336220436641814,E02004406
-2.412973368658315,-0.6083448763690484,1.0300668720054604,E02004407
-0.9527136761782539,0.6991894911050432,0.16926972106709082,E02004408
-2.396624825553911,-1.0537289934273315,0.7189929647127408,E02004409
-2.265697935096366,-0.8919333584576805,0.7730630967656411,E02004410
-0.7932903483569438,0.3276966005436291,-0.21315652101927712,E02004411
-1.3152118054622592,0.09337440667284465,-0.23039541436996755,E02004412
-1.8245274738285844,-0.9689425216174797,0.42018683361554515,E02004413
-1.369033170517133,0.6277654671406122,-0.11819786340117241,E02004414
-2.0438346306102773,-1.1225428547555951,0.8724732285867755,E02004415
-1.9698444081133901,-1.1671180081748647,0.7077334560772213,E02004416
-1.1192304457209985,-0.13589132758732678,-0.5106255845630355,E02004417
-0.21676514943711275,0.00035768447801606216,-0.03776946835640222,E02004418
0.6867671559888361,-0.7419833959185104,0.5436969733932991,E02004419
-1.9457831331852418,-1.3228886951987977,0.2658246751437542,E02004420
-0.8115960074433458,-0.25790783623608926,-0.544835181894058,E02004421
-1.5212116094988641,-0.7546711727162954,-0.1443894279946323,E02004422
-1.4198198302469671,-0.385435234896513,-0.5440331951130896,E02004423
-2.1207096372214744,1.134351687442527,-0.23292716126379764,E02004424
-1.2902905928018318,0.6559076316344963,0.048772825595650514,E02004425
-1.3165192626727644,0.9026648763417501,0.12932459600525836,E02004426
-1.422159730977941,0.4246351286284303,-0.08667158872746288,E02004427
-0.06325296780419648,0.4096358777361197,-0.2310517230953534,E02004428
-1.1576387507347101,-0.20005342104023402,-0.45283189108413413,E02004429
-1.4731573886609284,0.5922065761626133,-0.6666713327553988,E02004430
-0.73177202177817,0.339719690079657,-0.24342313809012925,E02004431
-1.6238062338060457,-0.5337717367928764,-0.06205364097127508,E02004432
0.20397349813388682,0.22196807473573213,0.30220136070237325,E02004433
0.19359366614342877,-0.6052333259544836,0.1778741435270233,E02004434
1.087678917300015,-0.012759065976205531,0.22485383572883122,E02004435
3.3156752732413577,0.1423841491313005,0.8827265302586954,E02004436
0.917159667764228,-0.082930676486288,0.6666430624907912,E02004437
1.6141289781732364,-0.02478737542940382,0.5754805553932734,E02004438
2.960111784774407,0.41983900628278087,1.084852964776684,E02004439
1.0306801535995993,0.3208494640213155,0.06764336645956442,E02004440
2.0123318995999955,0.15903167434380974,0.6405218564398132,E02004441
3.2129420818325305,0.28372031514397567,1.021759760891616,E02004442
0.025479770969433907,0.2529904444549565,0.12500132501033315,E02004443
-1.2077772321868463,0.46868275305147494,0.00802329307564931,E02004444
0.8081929176086139,-0.49516418095786324,0.48987853672193643,E02004445
-1.5620838089801266,-1.283878495684106,0.8669417412810713,E02004446
-2.098423583262296,-1.507868020932453,0.9722290675565931,E02004447
-1.2037546241552153,-1.2313371804396278,0.362011760907724,E02004448
0.6892927002546013,0.27464148061469623,-0.07314837347720167,E02004449
-1.9035565021171093,-1.194738963541434,1.0554016615665058,E02004450
-1.301065410163631,-0.7354611855876978,0.27398630916806965,E02004451
-1.2896346893320023,-0.752561945978721,-0.055523673952789086,E02004452
1.3767426034275776,0.04398218839754451,0.7241859219674653,E02004453
-0.20571606556422828,0.6914537954027877,-0.548504579246737,E02004454
-1.6498216686922005,-0.1007093796387518,-0.07322171885409828,E02004455
0.6071711181742994,0.44999536513800553,-0.0017209696978737075,E02004456
-0.285854775922873,-0.8472736390013712,0.8919316688921292,E02004457
-1.5920819443184835,0.21829904838134143,-0.045484667216027584,E02004458
-1.465039625089629,-0.6008731863917922,0.7681712476375488,E02004459
-0.23971166731437182,-0.57642349653691,0.4089969569498505,E02004460
0.8749276824067341,-0.210030225505947,0.6742618825817561,E02004461
-0.38572324333885477,0.5209454344110686,0.17739921976327827,E02004462
-1.3817716615695257,-0.978920068057602,0.6967524611509879,E02004463
-1.6764195748851465,-0.7239026580177719,0.4356211642976611,E02004464
-1.6069547128444466,-0.6428681796167951,0.5918576552810375,E02004465
-0.6265553363404147,0.22162553909129584,0.37213744024372786,E02004466
0.03785826500667804,0.8117831802634903,0.25527759731415467,E02004467
-2.2958372499731565,0.6685063324249929,0.04097709461674377,E02004468
-1.8865569429572606,-0.19209168287251657,0.16284907943470178,E02004469
-1.0264969681900744,1.296147211505714,0.16033501752233353,E02004470
-0.6788194774303348,-0.30904159097519457,0.9384011421007507,E02004471
-2.2632882424044327,-0.23027494040540192,0.26065467111541674,E02004472
-0.7352454132612252,0.769807682879924,-1.0836711044774205,E02004473
-1.0949310097569036,-0.0969660200566372,-0.6859318411816451,E02004474
-0.95354231879649,0.5629928131414847,-0.9136090968615637,E02004475
-1.4611052919867724,0.23884777007146932,-0.7084320099665232,E02004476
-1.4620997044083974,0.18069550153759734,-0.6606379787037969,E02004477
-0.6640639994710791,-0.11062454423643688,-0.22692870557722064,E02004478
-0.9327060374258698,0.287226087809058,-0.8299857346900986,E02004479
-0.5024734063010081,0.2574976967865013,-0.9281742650767711,E02004480
-0.19355146372206428,0.03888514575891536,-1.2875942154058173,E02004481
1.0850003958119547,-0.6671072237733016,0.05981071319751053,E02004482
-0.43667021135282436,-0.05036335707251239,-1.0354093820933228,E02004483
0.2915231535174767,0.08738076352140439,-1.1752362388156923,E02004484
-1.4388988286658082,-0.8387911859755908,1.0928803282379054,E02004485
-1.6493361844254544,0.41600529012657905,-0.03299870423938314,E02004486
-0.6121115897025861,-0.9110110971030719,1.0749894706363448,E02004487
-1.2567749772645638,0.7141861441574004,-0.34680177240089116,E02004488
-1.5567049278109384,-0.22764665858921196,0.8141091394148776,E02004489
2.2540757131076847,0.5216215643162977,1.196241102465233,E02004490
-1.5605997427087455,1.0260813766542562,-0.560776313773478,E02004491
-1.1349015396882909,0.9503608711633572,0.05844950842777933,E02004492
-0.24258848416613774,0.8994917970375977,0.44415530190995733,E02004493
-1.208098682701626,1.2364624153621397,0.13807467779071222,E02004494
-1.3411847482191772,-0.7701437122839158,0.6499641464017616,E02004495
-1.5095423491407047,1.1309497783964162,-0.4423404254127735,E02004496
-1.7603239924158252,-0.06859240800215675,0.15334590268142084,E02004497
0.41975096550620783,0.5403017710596857,0.4644213543717161,E02004498
-1.1544308695095105,1.1046178163292135,-0.8898915763475035,E02004499
-1.549139470273712,-0.5206654445591632,0.5227035793612546,E02004500
-0.8156162530068986,-0.2514011606200214,0.4236282732777819,E02004501
-1.988918822216022,-0.8010759950992407,0.7545762594341481,E02004502
-1.4804845037655796,0.308260041571812,-0.5216647600951141,E02004503
-1.3106046790219532,0.8242811359969595,-0.13035054053769174,E02004504
-1.2388333303481014,-1.102991325569466,-0.14427260250091514,E02004505
-1.7983242088223685,-0.8328714584377986,0.6036333116530557,E02004506
-0.4823694082409006,0.6230406311696565,-0.09485291130190321,E02004507
-1.7017163119307002,-0.7847502403215257,0.5684847381270551,E02004508
-1.352977626413895,0.5224834793117737,0.09737447484394841,E02004509
-0.4657670640437891,0.6480581019833636,-0.16325230639770474,E02004512
2.307708104584544,0.12800189062181244,0.34373591853373775,E02004513
-1.1965333860671687,0.2766680826823388,-0.011817015022158896,E02004514
-1.9201400422524615,-0.8866324692024076,0.4959057181916835,E02004515
0.2566169221524169,1.0398163241400407,-0.04567083187468519,E02004516
-0.8714373815652267,-0.15561278074509524,-0.04594434527813398,E02004517
-1.3359320805923764,0.9903199249499081,-0.1407199884358509,E02004518
-0.8636584635947588,0.6040124938692475,-0.7338487101731268,E02004519
0.2637826016414848,0.22766596351832316,0.5340703616902789,E02004520
0.23783692412418864,-0.3941780982937581,0.256343254716359,E02004521
-1.473094893391968,0.22280974586068064,-0.411842375986293,E02004522
0.43219648201486677,0.02508104847425637,0.13819010902385137,E02004523
-2.0412349780947254,-1.2524697698337333,0.49079182664783244,E02004524
-0.7751764089764789,-0.33922792345414243,-0.36181591543827446,E02004525
-1.0889393098685352,-0.40094497766255227,-0.3166585068572099,E02004526
-1.3242549273984443,-0.682501589658172,0.629554778412371,E02004527
-1.6375935652174276,-0.8180680700940562,0.4285407583287647,E02004528
-1.7213846306201337,-1.5337613091763078,0.9357443741104425,E02004529
-0.7483255258421412,-0.15039664077648388,0.42400451263276495,E02004530
-0.8744381934837371,0.1724449409310564,0.7718941477319122,E02004531
-1.1960370351260612,0.5255918687575849,0.38611568922942874,E02004532
0.9469711830515792,0.3057586874007913,0.4193321358864776,E02004533
0.15787100426215386,0.3649582251446117,0.10285163543109982,E02004534
-0.9113681534081357,-1.259082186156494,0.305708463116161,E02004535
-1.4728519448375996,-0.335922529737358,0.5968632828042784,E02004536
0.9292756378122409,0.26804760895591107,0.6309735541517324,E02004537
-1.5238011967869447,0.4579534503297992,-0.07535462676106118,E02004538
-0.025095922070707915,0.7879416748917463,0.06133630437734821,E02004539
-1.4126945119824823,0.8325613085103678,0.11279224130384738,E02004540
-1.322053741522672,1.0682476406132178,0.012758796545459403,E02004541
-1.8703212530530307,-0.010514723764262594,0.2836533967873397,E02004542
-0.3132538875216545,0.8325548494203362,0.04150245616622097,E02004543
-0.3363395916725302,0.16857152257282434,0.6892495106642014,E02004544
1.4391052358627927,0.0015970513972566865,1.034105358391454,E02004545
1.470570975520054,0.2831918547657825,0.924958772017891,E02004546
0.852574441920831,0.041656668514311664,1.110242754638311,E02004547
-1.2884430623537377,1.1537731092744892,-0.6427743547493824,E02004548
1.4014856023805562,0.44183293962165965,0.6519078644026746,E02004549
1.4705839665273865,0.4306725997850997,0.6108564612108768,E02004550
1.4545061218716582,0.3268993155072119,0.7770747594877634,E02004551
0.16189034501585306,0.6457390318835234,0.1759562568394488,E02004552
1.3719590287559456,0.5578696934255312,0.6404556052052969,E02004553
0.5772098944341564,0.40522725227465756,0.39941925636601416,E02004554
-1.6492416892762476,-1.2596034929146613,0.46803036497618367,E02004555
-2.1978372546319203,-0.8748968997278153,0.6873977576361868,E02004556
-0.652575342379605,-0.02212870264904897,-0.08941089569745757,E02004557
0.1622134961575939,-0.4527340162362788,0.214198302286238,E02004558
-0.9432895433276303,0.32361336763861936,-0.1926569916778432,E02004559
-1.2869118863756719,-1.5752086450218508,0.4412040932215373,E02004560
-1.6906675387043013,-1.1536691514940771,0.3496303398290738,E02004561
-0.9399878422800969,-0.6958104894821379,0.19058129083612324,E02004562
-1.1795164978566535,-0.3536443985613458,-0.6231058964798052,E02004563
-1.5599958587545288,-0.26132276079222955,-0.40136361777004637,E02004564
-1.4188120598850473,0.15947277418888006,-0.5047332442548182,E02004565
0.22968096193237003,-1.3649633044539733,1.481980930634329,E02004566
-1.525215257392526,0.4862705862395169,-0.6399051939120396,E02004567
-1.1870898202606779,-0.14813763296465704,0.12457097210165843,E02004568
-0.8288652044189259,-0.46857779232662283,-0.33578749095492394,E02004569
-0.7872696730901583,0.5713717372802455,-0.17308618121734046,E02004570
-1.4113007300808227,0.5658349054903693,-0.7883948475086012,E02004571
-1.1952467645652671,-1.2987931531124488,0.39940063239421664,E02004572
1.307397727248713,-0.08552346264327497,-0.7473908151606812,E02004573
0.8032066267105277,-0.4698069766742584,-0.5492032600897598,E02004574
-1.1344626347011755,-1.1491868876922136,0.2899252085157808,E02004575
-0.9507479983800077,-1.1366665872381203,-0.2133722467929609,E02004576
-1.521849717071585,-1.3701855895744732,0.38734173561623614,E02004577
0.1260000855837367,-0.6418590559875599,-0.7312940431434658,E02004578
-0.9397225688967754,-1.4824849442260541,-0.08049398240596596,E02004579
-0.4907406464026983,-0.9263615285147236,-0.8188859876015755,E02004580
-1.5255624754754546,-1.0514553855511806,-0.04130891080461136,E02004581
0.11217082038821598,-0.7485881827865286,-0.9675784954326386,E02004582
-0.4790157921090903,-0.5493647902982027,-0.5970048189472811,E02004583
-0.08407792080100746,-0.4387337986018075,-1.524376215130698,E02004584
0.2397790135922525,-0.5634762105500568,-0.9258490507150006,E02004585
0.7047878768200492,-0.21244490543589598,-1.176852138930424,E02004586
2.123065709907152,-0.21876289541926014,-0.23968157317363636,E02004587
2.633697382798962,-0.24600157420705085,-1.438976420746321,E02004588
0.6472805820085358,-0.17113920489189144,-1.127110504606402,E02004589
1.0131931606721787,-1.8246191874912192,-0.6327745790051446,E02004590
-2.47579893436809,-0.6556920906257471,0.914251120958261,E02004591
-0.627058538877306,0.30288223313343454,0.3150851652995817,E02004592
-2.200392792037307,-0.9385890092369252,1.164399331440716,E02004593
-2.0205114866953053,-1.1609749015055177,1.1454095001929043,E02004594
-1.9437768779652778,-0.6818651976482596,0.5617890290532442,E02004595
-1.4106678048027974,-1.0709073829024933,0.8984716525845039,E02004596
-1.0912973057800388,-0.4643750714632956,0.7354033035650326,E02004597
-2.055065606511319,-0.7772628792754855,0.8226877822268068,E02004598
-1.9786432562364262,-1.0331819087909981,0.952009830500053,E02004599
-0.49405556003379447,-0.3133310288435568,-0.38921656181194014,E02004600
-1.6100479649065862,0.3149549269123996,-0.24687263091127462,E02004601
1.3284338027274671,0.07938587332226874,0.17811332565998875,E02004602
0.6514906485427407,0.4222745836264671,-0.49941998003542676,E02004603
2.7015863597173913,0.24613392113393356,0.6420129801293872,E02004604
1.8734515997553727,0.140628593641692,0.31525445974398986,E02004605
0.10846625045608578,0.43859868891544557,-0.65541370643967,E02004606
-0.8777737970093251,1.1856216539028899,-0.49736167599228187,E02004607
-0.8375114850073754,1.038838612245494,-0.4608010468188427,E02004608
-1.4047726006096712,0.5794463089018367,-0.5237702000346892,E02004609
-1.4309741064835773,0.997634093315173,-0.5347934683456647,E02004610
-1.6361326975927846,0.15598666722505616,-0.11505162746584817,E02004611
-0.9830452070564661,0.8401836275441228,-0.7380439316559941,E02004612
-1.8834431600536663,0.6564395626951884,-0.1714415786477671,E02004613
-1.8974847530606165,1.0447251219726625,-0.2077625329437944,E02004614
-1.4224699097741669,-1.549931457258377,0.6890332478768835,E02004615
-1.0767582072212534,-1.699931844392686,0.6162810213965715,E02004616
-1.6857873364091407,-1.7049644956181795,0.7847516664308664,E02004617
-2.3954091315685577,-1.597249116458621,1.0769890626148457,E02004618
-2.0002467581982115,-1.7199580252452489,1.1173223812725763,E02004619
-0.845503126879312,0.06685618695071685,0.1289243996958424,E02004620
-0.18173091453268211,-0.585539108066588,0.7259025388863656,E02004621
-0.5653702977184062,-0.5824217122725107,0.5290321113965792,E02004622
-1.5013008066462858,-1.1122693551995406,0.7241506517053463,E02004623
-1.9120146735155954,-1.0558911912637052,1.0020583511779357,E02004624
-1.462009347695134,-1.55941846518183,0.8617386363957551,E02004625
-1.677853968984726,-1.7439321004719082,0.3055529600919797,E02004626
-0.8195049032449483,-1.235573233611477,0.2508884460987943,E02004627
-0.5901445984409561,-1.0728738919401033,0.0521940637723266,E02004628
0.1303403242721542,-1.371514017366924,-0.06719984743816632,E02004629
-1.2209713304533745,-1.8076589339850244,0.07017512942646334,E02004630
-1.689379104037713,-1.4923084324343907,0.3417947721886464,E02004631
0.12262277599407656,-0.6655315461397779,-0.20699827076975275,E02004632
-0.7020041334363187,-1.3056753620350707,0.11819460377068361,E02004633
-0.29405606743820695,-1.2584082747363994,0.0459939818488659,E02004634
-1.6062200281656374,-1.0194544238126115,0.3309947915383937,E02004635
-1.291754414447219,0.7430703890619895,-0.9208227531141632,E02004636
0.3807074030407928,0.13590037357914878,-0.5226651170210361,E02004637
-0.703382390170442,0.5187818715272762,-0.8949903297705541,E02004638
1.017962412760523,-0.6650715754045416,-0.1870707830217772,E02004639
1.7069836518365398,0.15425419629066978,-1.1788211101219528,E02004640
-0.7752055755217874,0.48309416759655255,-0.9862439277871313,E02004641
-0.16994389579920233,0.23034626076122267,-0.5403617559769566,E02004642
1.9652479801869427,0.13341550552968023,-0.5548805908267259,E02004643
0.8625884432213129,0.03621973641540691,-0.3691821751986815,E02004644
-1.2940246765435626,0.9802874717060497,-0.7653158609544781,E02004645
1.7566357655587643,-0.4025445319184351,0.4551859436041142,E02004646
0.8332387481495149,-0.002677290037400184,-0.16512138644067678,E02004647
-0.18439673498272788,0.055548942470219596,-1.3868287838892617,E02004648
-1.199669190066452,0.6455696849668044,-0.6884476808343966,E02004649
-0.31382160148180044,0.2548429046959837,-0.6340066405327307,E02004650
-1.7893988672676768,-1.0028873677730092,0.31425454510325723,E02004651
-2.0733835529803573,-1.1853436376859139,0.5319012585810811,E02004652
-1.6409155155939783,-1.3526631373208184,0.522076044795387,E02004653
-0.18987369447252353,-0.07283650010577122,-0.23513122265331757,E02004654
-0.1024952769911868,-0.10808886048917705,-0.0725567635245121,E02004655
-0.011482738942580839,-0.10183307502406083,-0.16790941004244342,E02004656
-1.5008747368671598,-0.07414308025545939,-0.25144574587747553,E02004657
-1.6619793278052226,0.35656210169078734,-0.31098332693993186,E02004658
-1.3202497943632927,-1.1287213074765663,0.5568419148980495,E02004659
-1.5207545506606304,-0.6057580586964226,0.4351494148970404,E02004660
-0.5976104202775965,-0.43234489791166447,0.16347994893394724,E02004661
-1.502528884133021,-1.3528771912704218,0.6381980089683119,E02004662
-1.0344267146673773,-0.6324870676967489,0.3876914167462725,E02004663
-0.11125727460259655,-0.038293972620179716,0.1409498969122046,E02004664
-1.5406066255118107,-1.0132819371060695,0.6136560884568254,E02004665
-1.059689266845521,-0.4595867320705391,-0.04720428667870759,E02004666
-0.07206458273427817,-0.8667031817666636,0.3639795338885427,E02004667
-1.7617638573473775,-1.5735829916581419,0.6998981031406765,E02004668
-2.146268688387819,-1.3939269272057062,0.4899117808765029,E02004669
-1.0025246127821315,0.1449227326944502,-0.15680394874979184,E02004670
-1.7678474305488374,-1.2156339482486571,0.3467211289171732,E02004671
-1.1431483199015877,-0.003925914636810878,-0.20485814029721475,E02004672
-0.9479401571088675,-1.3333911884573066,0.5997036598032678,E02004673
-0.3803370021644529,-0.4544951618199865,0.06542358503575554,E02004674
-1.06111839665615,0.3867057163905177,0.33475707748330447,E02004675
-2.245909740113577,-0.06281270076220481,0.6567377225096723,E02004676
-2.1805056669936738,-0.6994720256248139,1.4315004997637495,E02004677
-2.200794305931951,-0.6341924802405677,1.2563437549939405,E02004678
-2.234316055593226,-0.3377298878927244,1.4450169102723374,E02004679
-2.2309840990540817,1.839618596482839,0.35897998839619005,E02004680
0.7673337252734771,0.49175659883938844,0.6263683284067483,E02004681
-1.3463768655902715,0.9992625353649092,0.7313901571084355,E02004682
0.39539040927603913,0.621511549819529,0.8297235408391977,E02004683
-0.1758550512212727,0.6689536030733764,0.5214571705012107,E02004684
-0.5522306392312389,0.9776704624120767,0.5974522254389184,E02004685
-0.5736252800907847,1.1349103553164335,0.19203710934329363,E02004686
0.754711391699401,0.5460447218044502,0.859566703846196,E02004687
1.3020452867915469,0.5199472993096271,1.0755583379645528,E02004688
-2.13836882319236,-0.4719071770887581,0.7514427967272379,E02004689
-1.1698470055656853,0.8590508945525366,-0.19693167393684907,E02004690
-2.4565993404760853,-0.9384319149667758,1.2198217861399923,E02004691
-1.7294241740462233,0.872939760083921,-0.25940488242109794,E02004692
0.38602930290325643,0.928326402220074,0.6930848853356039,E02004693
-1.991259052130608,-0.9016017547335166,1.3743860624207516,E02004694
-1.949927733458887,1.70241694610479,0.20157436913218083,E02004695
-2.126076650329222,-0.8219398439705539,1.3979256985640443,E02004696
-2.7040982803163116,-0.7583180416277088,1.0049680042599347,E02004697
1.0976221559201365,0.5613909566481375,1.0888768534766482,E02004698
-1.6398039211626452,0.592976477821358,-0.09403737484178375,E02004699
-0.745476365562802,-0.2571208543526245,1.1934886697692138,E02004700
-0.4654912701411459,0.7361944854237351,-0.2506891791427477,E02004702
-2.487229987750094,-0.6759990663969647,0.9293090788961518,E02004703
-1.9838555076123978,-0.849566922223516,0.9993981806273997,E02004704
-1.672664825196444,-0.26406215977448527,0.6441232373481355,E02004705
-1.6780106973350073,-0.4218812491252572,0.6847996138314206,E02004706
-2.274492638798899,-0.735567793504027,1.0293667880189161,E02004707
-0.6016181062985526,0.40513707129921694,0.3908938832943268,E02004708
-2.1528965344508095,-0.07279056464923968,0.5145944889268554,E02004709
-1.6169153795933697,0.18403873534412493,0.6076689332212539,E02004710
-2.140888252481323,1.1581384027063182,-0.22432819292143655,E02004712
-1.4836136970410174,0.7942185840275633,-0.34562703013761015,E02004713
-1.6846622476923727,1.0466875312801178,-0.24384844125877084,E02004714
-0.4551288336762688,0.5859251823250786,0.00351055728122848,E02004715
-0.6321789211135731,0.4324521865985856,0.07764571782704138,E02004716
0.6195983678891652,0.013509133522210255,0.9856610154811579,E02004717
-0.026754297502847742,0.6425376464879259,0.20414515004113193,E02004718
-1.8239616049021528,0.2783601927098415,-0.18526561720315496,E02004719
-1.3797818231361236,0.10687453241514094,0.0008053452666255379,E02004720
-1.97300688653865,0.9468179600460612,0.36793875057556674,E02004721
-0.6615440175529838,0.38732302013570546,0.2865065650641052,E02004722
-1.6546708314151581,0.5723213605129359,-0.515598425446676,E02004723
-0.5165029434860122,0.23802970415630142,0.633697191855051,E02004724
-0.2463684767360733,0.6343751334179116,0.3610611541068142,E02004725
-1.6011911694358107,0.44062683447089934,0.5201615017378831,E02004726
-2.0852653313084843,0.6825584882669454,0.2312785616010789,E02004727
-1.2928553625840817,0.9331838105804854,0.08252901779163327,E02004728
0.0015541233634490175,0.684945764252944,0.10693851301146388,E02004729
-1.9511432631752976,0.20649229718292464,0.06247820709175655,E02004730
-1.9410765775440668,1.2400444582216308,-0.1634066910325328,E02004731
-1.9829946020614317,0.47937316467712277,0.1897663277171458,E02004732
-1.6871323902601814,0.27397823350117256,0.4696607106489389,E02004733
-1.2368592958288296,0.551648336545354,-0.21845251970109358,E02004734
-1.6552102281669885,0.9458370146302146,-0.6057416339398861,E02004735
-1.4042332909854351,0.6939472210463314,-0.5387859978786617,E02004736
0.3909729028599165,0.5388768076419665,0.09194420782307698,E02004737
-0.5993880416218387,0.7313103271758299,-0.37175010903242683,E02004738
-1.4999455698732975,0.21785915229405955,0.17343613898587154,E02004739
-1.8387067230711267,0.8878711425959248,-0.28061569133134295,E02004740
0.477243059696443,0.3331702209414549,-0.023689904713687458,E02004741
0.6579060281979117,0.21337958045669755,0.22355027363440622,E02004742
-0.9436737515708375,0.6607605583994813,-0.5205877400397229,E02004743
1.1702199793502985,0.40847746009187824,0.2995394505988002,E02004744
0.5021311454023079,0.8786592798294458,-0.24974798247689795,E02004745
-1.2600610741788185,0.7143036578019172,-0.19522023550756123,E02004746
-0.14689879006313603,0.3900076223314802,-0.47889905419940537,E02004747
1.4594748115154579,0.6279975619702457,0.4108450578525011,E02004748
-1.5293104131531698,0.9013874602915735,-0.5170728744382344,E02004749
-0.990904066004155,0.6510503984733583,-0.33897387272399376,E02004750
-1.3517534375068487,0.6318405511394214,0.24119655828620581,E02004751
-2.303583198497727,0.20419230028174565,0.23257377427784565,E02004752
-1.7637518224462612,0.13895920657480426,0.06262338106648387,E02004753
-2.132149857137713,-0.4386695549213138,1.4304990498095003,E02004754
-2.341800847863228,1.1723180033497012,0.4472038777217276,E02004755
-2.259082374884197,0.4226735343207469,0.8568793544274264,E02004756
-2.197536106624998,1.3650573199646114,-0.0158250925491729,E02004757
-1.9157958385149667,-0.20960184132890802,0.9693363549036954,E02004758
-1.8750127752641845,0.9211696002885232,-0.17391099192131632,E02004759
-2.440981472098167,0.14618483437813393,0.9809641451839043,E02004760
-2.3875946733992377,0.15366564055109896,1.4929147803053449,E02004761
-0.6474219205878964,0.5508371122319823,-0.4699313984724368,E02004764
-1.8172296198455078,1.0288795856312274,-0.4169541828100909,E02004765
1.066354260242976,0.48484245457326847,0.5747542242392053,E02004766
2.0979377822235805,-0.21248679187746047,0.9117593118348548,E02004767
0.29471305221833205,0.6836716363494605,0.31991601058693453,E02004768
2.6701533248653764,-0.12429221310758343,1.3111052174900006,E02004769
2.2938943059159738,0.2047516750040889,0.7396683195481322,E02004770
2.3825137471148916,0.25748644678565297,0.5176477799148067,E02004771
-0.6775377421323546,0.5327808718616973,-0.20886416199410096,E02004772
-1.2626226023789213,0.7313845208153233,0.08061720853236798,E02004774
-0.9947704617491593,0.2709497729412452,0.09605006111694762,E02004775
-1.5321175378674072,-0.13725742741933428,0.1335777953075241,E02004776
-0.3539643846863789,0.5326494959861312,-0.22146384221045945,E02004777
-0.8102645771579147,0.3563773831274514,-0.598492464525894,E02004778
-1.8087324856275429,-1.202850195225722,0.8234727564207975,E02004779
0.134035717487086,0.6357255949075818,-0.15380137090613002,E02004780
-1.1826018069606767,0.7390811615494415,-0.3455603258054341,E02004781
-0.2667731374299265,-0.0665658579657392,-0.098385986873141,E02004782
-1.0094853802807857,0.8075110255893095,-0.42281403792605704,E02004783
-1.9993919086531364,-0.4243770648242049,0.23067229149948856,E02004784
-2.062040795572674,-1.270110870051484,0.9840571047013861,E02004785
-1.3494506179185852,-0.007001913273240515,0.32367391484637137,E02004786
-1.3206263917252672,0.5540549941776102,-0.3201059285081367,E02004787
-2.0273079607612816,-0.999710543443404,0.38228462395598517,E02004788
-0.1274792799338778,0.5483994424823271,0.054190173920253916,E02004789
-0.6296766568624141,-0.4954588392454013,0.24831021426980251,E02004790
0.769817798569599,0.18029543496849376,0.4805891521923847,E02004791
-1.1548469153423768,-0.74206902931358,0.03021102862571871,E02004792
-2.197062788291403,-0.8165310179263681,0.7032623951609375,E02004793
-2.111143296130757,-1.0746907775854235,0.7519949961755091,E02004794
-1.9626477893561232,-1.3485151137602056,0.8629751151385533,E02004795
-1.5952184940442566,-0.4198561361531489,-0.2772043358999456,E02004796
-0.09973917933199372,0.05017858462944394,0.43023839999173275,E02004797
0.8441317789901076,0.1757899094348086,0.4641662499969474,E02004798
-0.17002012840076447,-0.0021741406679453585,-0.8796749457029255,E02004799
-1.4413428623714655,-0.1749658806726723,-0.7334704712824323,E02004800
-1.884031639181388,-0.3439613215282484,-0.16768987321488324,E02004801
0.47386451319656464,0.6525885512011684,0.40070496924467985,E02004802
1.804714103383714,0.5713397854450646,0.5573903719609614,E02004803
-1.2979958404218956,1.0129402450615044,-0.6063361310718672,E02004804
-1.7952559529140233,1.1372316249993226,-0.030987767026186355,E02004805
-1.4779930712868234,1.152802010113702,0.11511735280600414,E02004806
-0.5435817917751169,0.8787312482256586,-0.0005685974226438813,E02004807
-1.045904591247151,0.3157673364526439,0.4992229675804444,E02004808
-0.5262107597723852,-0.09943021354347419,0.3332528858953552,E02004809
-0.07374062244227514,0.9643993195055156,-0.0013044126045917554,E02004810
-0.3202744171741793,1.0293841581624616,-0.2742291637793678,E02004811
-1.2769024454938303,1.199991840672171,-0.6845309048351423,E02004812
1.254355133659419,0.5208166059269365,0.6804031500470314,E02004813
-2.2347030291067607,-0.7795210856069795,0.9444346738056414,E02004814
1.8675861383878436,0.6252331951933712,0.9550449273496612,E02004815
-0.03869787806053358,-0.4951553488728729,1.1828603114774587,E02004816
-0.08469554534470619,0.6026530713958467,0.10495109806248536,E02004817
-1.6918454121311641,-0.30536010107853717,0.5764633664235825,E02004818
-1.2497088330659734,0.8950655502528594,-0.35081592695142105,E02004819
-2.1935893221930782,-0.7412281405255611,1.2575625413096077,E02004820
-2.524139094903118,-1.0028000141778857,1.3245970542776673,E02004821
-2.099082685897595,-1.2231588814127972,1.427748701010709,E02004822
-1.3794414431067168,1.147405543369498,-0.27580184567336535,E02004823
-0.34843552086718244,0.6440376872892367,0.25147344305372765,E02004824
-1.724537146737443,-0.2290501000398025,0.49453013115975003,E02004825
-2.1080555854736103,-0.79373736325898,0.8971019844777796,E02004826
-2.2950742275971794,1.5755744045610625,0.1812801449393666,E02004827
-2.212003402946185,-0.19414095093951167,0.46553695743668044,E02004828
-2.697365367011829,-0.5393290769378272,1.4029998893630513,E02004829
-2.2514557666517043,-0.6320320948483937,1.5602111400730418,E02004830
-2.168263234315043,-0.3619061624077873,0.7503892355578271,E02004831
-2.0698661723693523,-0.9164316154807355,1.027707985735395,E02004832
-1.0133501351764176,1.0675698744660187,0.5626460920524234,E02004833
0.8110840627461878,0.5585801609299106,1.739196242760633,E02004834
-1.1556045226942144,1.0696457772461603,0.6545466468778461,E02004835
1.3905828603762984,0.723925905093446,1.2621877795908512,E02004836
-2.494808440809179,-0.2835000058355408,0.9066785669823707,E02004837
-2.298401948537168,-0.40577993005777124,1.0033469390899579,E02004838
-2.4169047403983837,-0.8158145577252025,1.2315747963027197,E02004839
-1.665676865298992,-0.14623016280086537,0.5354137811053882,E02004840
-1.78720537155558,-0.40930146027454456,0.7564743728014582,E02004841
-2.0701096211630423,-0.45927829782532165,0.7884360097106285,E02004842
-1.0025028357091508,0.7560673597023374,-0.7585464005141865,E02004843
0.01582126232348918,0.2399057735275326,-0.4493475536548337,E02004844
-0.27767831279373495,-0.2708873456311934,0.054645220817737906,E02004845
-1.866612845107888,0.6630860492435788,-0.1532439573376317,E02004846
0.02297909760930431,0.27218028325478805,-0.012472821355586998,E02004847
-0.8270383712143401,-0.13486356953448717,-0.02218837527935133,E02004848
-1.848533365730799,0.09511046268483735,0.021366340733345583,E02004849
0.0524738823100713,0.46203600716052295,-0.26905026811548577,E02004850
0.1609331172409023,0.4247867658794602,-0.5313832105854845,E02004851
-0.2596486479044124,0.6022903893825713,-0.6741037977716766,E02004852
0.49317194716619733,-0.21322245975977439,0.36605146011005313,E02004853
-0.35539727067131804,0.44061619803205,-0.7455845041235852,E02004854
1.1236339781531182,0.1530745135699557,-0.024312192862952577,E02004855
-1.8286433696829452,-0.7238898578082583,1.2811501024721539,E02004856
-2.0766606659437854,-0.15731648543672147,0.726269656723261,E02004857
-0.7227059648317302,0.6725045657886369,0.5470306131801019,E02004858
-2.378568600933547,-0.2328455091505892,0.8955386422153502,E02004859
-0.2735690692812692,1.2694094305315846,0.13014184212513757,E02004860
-2.223014029420101,-0.3387486371492109,1.06440514710551,E02004861
1.1062033318847715,0.5579930772369737,0.7350606504917975,E02004862
1.934739249458634,0.600995391172926,1.1708895584205241,E02004863
-2.498735826556582,1.1898846312036895,0.5572912340386471,E02004864
-0.21298243447091691,0.5823146959442923,0.6357109816571748,E02004865
0.3974978033695111,0.4774323503505479,0.938377583692309,E02004866
-1.066145047971405,1.1067408185419725,0.7969557101708977,E02004867
0.4566377412729795,0.11729567558516409,0.9181360207081908,E02004868
-1.6693815345686358,0.8504603059056236,0.911567359535995,E02004869
0.3089689554687729,0.8282482469563258,0.5834938465334821,E02004870
-0.17398726184908933,0.5398147661999702,0.8423769345924328,E02004871
-0.42110501504662584,0.8135603221502115,0.08103430693369829,E02004872
-1.3981036179416053,1.196399335587963,0.21251654187377383,E02004873
0.1427954587968773,0.9351887390510512,0.3634397914603143,E02004874
0.4531653689788549,0.48636552157644186,0.70022348795091,E02004875
-1.863392932191415,-0.30596159776918613,0.5236820812094215,E02004876
-1.605870185014857,0.24071493185421694,0.7094669447087498,E02004877
-1.8275371477453333,-0.9051435510458181,0.6927095953606447,E02004878
-1.7973755776740936,-1.026795931668696,1.2425946892571496,E02004879
-2.3165083907258004,-0.5690484490295807,0.699668616116146,E02004880
-1.6382252474240202,0.7102997978294308,0.07271204514251892,E02004881
-1.2390897180044393,0.9134039437077761,-0.0077162210813458846,E02004882
-1.847966131955666,-0.7340292216861551,0.8728366497545982,E02004883
-0.32896601348754506,1.0471917278233969,0.15956014235540603,E02004884
-1.9805743210547215,1.0272345394961948,-0.29784015028781735,E02004885
-1.4994466082230375,-1.1117393789079346,1.2485016808084253,E02004886
-2.0372048197773918,-0.7907826606630953,1.1358204908136116,E02004887
-1.5758141415466573,0.23401694467024897,0.1794132744320337,E02004888
-0.5243245955257589,0.9081092537020796,-0.034600517684541796,E02004889
-1.4149526105791723,0.8764534014164034,0.18212075864266744,E02004890
-1.7458239310180992,0.7117885640652493,0.5207953167736483,E02004891
0.12641493521682542,0.5013880057398716,0.9097879514561223,E02004892
-1.5111780726621373,1.1541427519218275,0.23167046064304764,E02004893
-1.5567952077753937,0.8150771954048378,0.6399311736165413,E02004894
-1.453628228229146,-0.5139125762067942,0.7040032439024672,E02004895
-1.6669631915323126,0.2711655036549683,-0.2369239837371943,E02004896
-1.1267566471700208,0.33134924407411553,0.0883743911259186,E02004897
0.05258483951638589,0.34849405494924124,0.2724891091071975,E02004898
-1.4018515772979774,-0.6001096678575958,1.2820677265052554,E02004899
-1.9912325770006034,0.6269278337137559,0.49759183495447223,E02004900
1.6780931347667147,0.4847405021781193,1.213138929035482,E02004901
0.2674038841656602,0.8897078103615031,0.45037032695857077,E02004902
-0.7009854422869233,0.25206441542856084,0.2862905248184911,E02004903
0.1565647641094044,0.6173949683073703,0.6283247872053298,E02004904
-2.0400799760195754,-0.0594888013451319,0.42225385951933997,E02004905
-0.20051432096753333,0.8011633220165335,-0.0006755005616016996,E02004906
-0.9426941014539171,0.6462915640178425,0.08136605089204,E02004907
-1.5910248900642796,0.4980993511649758,-0.20025419573343664,E02004908
-0.32775753367983373,0.8460378511867895,0.015882016280684884,E02004909
-1.4293410195567724,0.4612255204674141,-0.038486251058021594,E02004910
0.9241939784106522,-0.0910137460406992,1.1067891910024819,E02004911
-0.6110382071242181,0.8010427277941152,0.11760932670016024,E02004912
-2.003196252258479,-0.96726286012377,1.0754287186500173,E02004913
0.25455609366436227,0.478455561476032,0.898772940732619,E02004914
0.685422044433012,0.5506667369507061,0.8565858676734693,E02004915
-0.7523608399167266,0.5817294202406654,0.6342478326639662,E02004916
0.2804392249247079,0.046836166663509704,0.9456568424278179,E02004917
-1.2495366885003716,0.9023565181632939,0.24772286648549283,E02004918
-0.7091274415563762,0.688290927777947,0.4721676800462172,E02004919
-0.5185986649277881,0.45768553339252205,0.6214170056816811,E02004920
-1.4704521674590436,1.268089430677822,-0.16410306587581636,E02004921
-1.4895895432346853,-0.9206482910515005,1.5733125018228091,E02004922
-1.758840345875621,-0.21989237067911352,1.042796720723402,E02004923
-2.101473624889105,1.3516312828036763,0.39163574680389573,E02004924
-1.3360185242078197,1.2325937413061805,0.47435800271999046,E02004925
-2.336845583873497,1.5777783509394094,0.36865024878529623,E02004926
-1.800253471117543,-0.2249654785249555,1.0519511987428998,E02004927
-2.264030949201899,1.2049684037618502,0.24864908337554423,E02004928
-1.8488148671463982,-0.658941201613809,1.1245743511545467,E02004929
-1.950195074001881,0.1896785198943507,0.688760808258519,E02004930
-1.3763681564517987,1.179609991318142,0.14464556719409793,E02004931
-0.2938419791789195,1.1801481718584994,0.9684687674193538,E02004932
-2.2515333002806983,1.7513467665453757,0.17978086303920707,E02004933
-1.6155414832145103,1.803344107450449,0.4132650203510337,E02004934
-1.3414074605945916,1.946991537891492,0.5415826220223422,E02004935
-1.724376737156711,1.6429989798496214,-0.23685297262129718,E02004936
-2.4143057276845887,1.236295368447538,0.15726836494977328,E02004937
-1.2963108188679928,0.14633291953565744,0.9751293087138095,E02004938
-0.4289296716946585,0.8965655645353069,0.6772074097790624,E02004939
-0.3927011351928682,0.8606227615731138,0.8499274030473754,E02004940
-0.9203049759533104,0.6382861147418937,0.3437384662451496,E02004941
-1.321344298728236,0.011764718533940581,0.3735900372506512,E02004942
-1.9542255000422983,-0.017214243408604234,-0.010118130487564098,E02004943
0.5836265013161586,0.7888955562412729,0.230457453793809,E02004944
-0.34227708268570994,0.6906173757239867,0.5343896208520509,E02004945
0.6077117941595004,0.9276653998793017,0.3740478608808989,E02004946
-1.152560088424426,1.1999569878501257,-0.27343735940469627,E02004947
0.18500185299094438,0.39328718916132377,0.9187924833592694,E02004948
0.8895207056396255,0.7123509871317526,0.7047555052347032,E02004949
0.2903550089683511,0.7465929938283328,0.17041983598581148,E02004950
1.6546206987171497,0.18156353215448376,1.0940817678303019,E02004951
0.269360209581096,0.8547641109581436,0.3057644945043633,E02004952
1.2193979855670456,0.399980159502903,0.7236990875556264,E02004953
0.4920752742589989,0.3222778031929884,0.8938025281673101,E02004954
0.045157008059235754,0.5214154123471095,0.43888764769569294,E02004955
-1.3018442310445901,0.2816027129155552,0.4695020167659314,E02004956
-0.6200505538988368,0.5438237979559127,0.39570217420090226,E02004957
-1.8818905096455951,-0.30381201751146286,0.6301731254199306,E02004958
-2.432518567696034,0.7394162564803539,0.30219522069255744,E02004959
-2.2507758998046032,0.9890749088045279,0.5146322082155961,E02004960
-1.701888632146875,0.880003317407363,-0.19847653617852976,E02004961
-1.194232900487899,1.2142689002394864,0.2297844691363295,E02004962
0.08930601535512965,0.34576918443656407,0.545217318936132,E02004963
-0.4869766198484223,-0.2527276408706209,1.044092367039958,E02004964
-0.6640285512125506,0.3099204038378403,-0.4511067126746974,E02004965
-2.6815410069898133,0.637630345377692,0.5170737897032884,E02004966
1.6388798997244989,0.2913356564634507,0.9061210582114433,E02004967
0.2644121233098338,0.7256171238342806,0.304509462973568,E02004968
-0.3884547864763538,0.9141800679104406,-0.20048880266405575,E02004969
0.7954937365689269,0.5600601958412293,0.6216443866804665,E02004970
0.14281086474033283,0.8571587842981179,0.03212022980236814,E02004971
-1.4610022192174401,1.0693375324331675,-0.31195311462661196,E02004972
-0.6507578320381922,1.3596020922245016,-0.6522993952352786,E02004973
-1.5189975531883002,1.3508942252392284,-0.14130354610034754,E02004974
-1.7489386222368828,0.9210097331281237,0.12031397987487776,E02004975
0.13874845302924943,0.8619472851009308,0.08785342875622666,E02004976
-0.47776702187218956,1.1819787224253582,-0.7214164509394251,E02004977
0.5792015299997102,0.7486908623806642,0.4649791051974633,E02004978
-0.996515173004991,1.3126355903803348,0.18489492398301968,E02004979
-2.2930940284142025,0.5240454630516982,0.4719995931094465,E02004980
-1.5201481741792966,-0.23917204370738482,1.041233224150611,E02004981
-0.6790317879394203,0.663896864661873,0.6782958293028841,E02004982
0.008961445556595274,0.6232617850746679,0.9671606010293329,E02004983
-0.18291122701948886,0.9432926923478696,0.884664942174062,E02004984
-0.7555292882399247,0.7941425893689743,0.8673026095936002,E02004985
2.011490528735503,0.5841688120058988,1.7030270174796587,E02004986
0.27089371652175986,0.7858344208498803,1.0724152656422463,E02004987
0.372519235510081,0.9467112109853658,1.0967555942809015,E02004988
0.05103979909391921,0.45179697245829326,0.597688494835756,E02004989
-0.6270540194054572,-0.46747502579654193,1.3202504660480967,E02004990
1.1105384990366487,0.7050409749111728,0.8660271233239953,E02004991
0.6086850580835587,0.5606820775423242,0.3094725676675621,E02004992
-0.5142711880504963,-0.4563536295037969,0.8234555171879746,E02004993
-2.323231000424172,-0.25264624463837726,0.31604663890904006,E02004994
-2.2297209649669307,-0.14476063258923982,0.31302818882933375,E02004995
-1.6814689242751144,-0.8810042391911826,1.1831514830307817,E02004996
-1.4564780647861746,-1.1481235447388394,1.0599769307924154,E02004997
-1.346084578033683,0.44354849553399794,-0.12565537663692414,E02004998
-0.44763230662917236,0.31538354452917894,-0.007459791197266435,E02004999
0.47695393032749483,0.260546514334808,0.0913039770672241,E02005000
-0.8895732670129909,0.30324386457087216,-0.24972023466982685,E02005001
0.6953130869649314,0.4561530711251542,-0.04533711735738709,E02005002
1.2309370745331536,0.39063194059177014,0.10444354125025206,E02005003
-0.7518467493374504,0.5946177938533513,-0.17959049618752243,E02005004
-1.9519740678323527,-1.2358729336995145,0.607736348096596,E02005005
-1.719800516545124,-1.1345440282592878,0.9084211842790803,E02005006
-1.739845077417071,-1.093054232693635,0.5178307796102768,E02005007
-1.2951230675657808,-1.0102250981383076,0.6488981030268802,E02005008
-1.5245263501935513,-1.3747395631369692,0.9707807227445437,E02005009
0.5801377585760524,0.43128835922814884,-1.0467496628624848,E02005010
-1.1141614319811775,-0.24136073415169867,-0.3821101853704816,E02005011
0.2507283593129115,0.25890602594706597,-0.5036081686127518,E02005012
-0.1791323782237598,-0.448096807324146,-0.33923431752439887,E02005013
-1.656376294367357,-0.1199381956674822,-0.5606142782618024,E02005014
-1.3863276707278687,-0.1913279910717542,-0.4002270771280992,E02005015
-0.29004782424953807,0.5023732675311,-0.11378840448568354,E02005016
-0.9128871196929249,0.8223255762239163,-0.7580676293663207,E02005017
-1.1620905309565936,-0.3448716004317349,-0.008191289582784922,E02005018
-1.4817666975868715,-1.0092274209227692,0.9055241561095555,E02005019
-0.520363772743801,-0.6492218580670038,0.17865128814127113,E02005020
-2.00541313676472,-0.44802970021422617,0.10189595796593494,E02005021
0.22772924078873513,0.6073769136335029,0.26987221790034144,E02005022
1.7016318980952134,0.08153617033473202,0.9312329482433693,E02005023
-1.2036252539035928,0.46659699415405415,0.1893153852498749,E02005025
-1.8078613432665878,-0.8092676801064864,0.8512531214319808,E02005026
-2.006968040793673,-1.0517254313917639,0.6616827839954507,E02005027
1.8084634400540167,-0.3345896036580999,1.4033262763492615,E02005028
-1.330210119903533,0.6048939457253707,0.323468441147375,E02005029
-0.7082070507926173,0.7917182187400712,-0.4689741593027416,E02005030
0.8585018032176183,0.6572124506956106,0.3211415006723484,E02005031
-0.5697974987669612,0.9132362690362943,-0.7973199013630432,E02005032
0.2166198678913768,-0.07123954375100139,0.31997367013580413,E02005033
-1.7208081621289717,0.8380945846236703,-0.5747941779361647,E02005034
-1.1624616566515058,0.2991299885300358,-0.3708203130492353,E02005035
1.2350206591585593,0.480234663558675,0.5989674022272992,E02005036
-1.3846465791910874,0.23650115272835448,-0.3590601803924455,E02005037
-1.3460076499478124,-0.0022205862083582977,0.035083430137512354,E02005038
-0.2899901866176229,-0.4149764380217254,0.703670978391907,E02005039
-1.8732955814030647,-0.040973157237095444,0.1746489776770527,E02005040
-1.4666205253275373,-1.0889772298260605,0.8194224972192314,E02005041
-1.046118100360834,-0.8159600244809242,0.5450954529702201,E02005042
-0.38485047583430626,0.3792964969237914,-0.5747032800560211,E02005043
-0.6612521126063177,0.8374668604487879,-0.9549876218576673,E02005044
-0.5061306165039324,-0.8696566833362077,0.19480630966060813,E02005045
0.1483643055986792,-0.856778161277602,0.8843796865478991,E02005046
0.2143269259682133,0.3509470829831083,0.019080405917100404,E02005047
-1.8207728093137479,-1.0338293899603352,0.5149902183055428,E02005048
-1.8479820069767385,-0.5442144070021252,0.3327026774453013,E02005049
-1.3069008667464688,-0.40743642077430775,-0.15695699521239526,E02005050
1.7052723566903605,-0.08263173685136489,0.23706752587755223,E02005051
0.3224260450669064,-0.6019793345599266,0.20116581084609592,E02005052
1.0230794610350213,-0.21729896776487137,-0.2375114595109022,E02005053
-1.5775424645800933,-0.8993934821655253,0.04761575283298951,E02005054
1.1096352040336477,0.10564080185297718,0.2666804504167696,E02005055
1.3065408133211949,0.5715637622968623,-0.42101699339462395,E02005056
0.18898488222404816,-0.09552978424321136,-0.32421089109429524,E02005057
0.629151312252482,0.7729122319485938,-0.47844180649879703,E02005058
-0.8303052390284248,1.0228392239624937,-0.6838290152101024,E02005059
0.46707319230034444,0.17867047099421576,0.021980928983963754,E02005060
1.7018187509548695,0.5346495582434748,0.3833100255201524,E02005061
-0.48915356464897414,0.25717195790225195,-0.5356243686991565,E02005062
-0.16512006648063202,0.5763915111071437,0.16366471210597242,E02005063
-1.5644354679267174,-0.833633274317642,0.44060917019278256,E02005064
1.7114346890402485,0.4351517698658739,0.3554498389091744,E02005065
-1.8534697401713573,-0.2464425518111328,0.06257263269084282,E02005066
-1.9565452003872912,-0.3723948885053774,0.2992864429916102,E02005067
-2.289253235192773,-0.5007508969313762,0.46067316094263394,E02005068
-1.316136915543422,1.089447196206734,-0.5803075797622439,E02005069
-1.6532444302887486,0.7154885397332598,-0.6975696965186243,E02005070
0.2631312513219851,0.7659844686544874,0.13125514643016453,E02005071
-1.9599507863002554,0.9407748154726988,-0.21346739343755472,E02005072
-0.39217520351778756,0.9348585401004679,-0.2549320510284785,E02005073
-1.7055884041864235,1.0219047253815705,-0.4461363905725389,E02005074
-0.5018913007961278,0.7594159181801459,0.05373213177395163,E02005075
0.008503277542226196,0.5677186550154064,-0.13869111349864388,E02005076
0.5668985300294117,0.1081014348883746,0.2894281533179545,E02005077
-1.7925556991819631,-1.1782854056985446,0.7370050411715217,E02005078
-1.56211519848089,0.3892837516411575,-0.24493098280033127,E02005079
2.805941493112898,0.26284539488707787,1.0959233458435573,E02005080
-1.5197026479604279,-0.6346162924737292,0.49396878119327403,E02005081
-1.402068414082539,-0.5722814174611102,0.641654573076533,E02005082
-1.2864346271508866,0.09051859329731647,0.03548292584618582,E02005083
-1.8342326908376085,-0.8906703864835637,0.7946984562463615,E02005084
-1.7287355335984655,-0.9048434623633422,0.881598217222071,E02005085
-1.9100029270007866,-0.4618550716470143,0.3397728231160836,E02005086
-1.235463339823687,0.25646899757391284,-0.08109961454611395,E02005087
1.6964927117884026,0.42601101779274664,0.8197402431490179,E02005088
-1.4243234751134237,-0.1832985398678563,0.11553214121108786,E02005089
-1.6278504720987037,-0.12720632315699085,0.38712740346216856,E02005090
-1.7405682976980716,-0.5810209250268841,0.7075297218932867,E02005091
-1.5591776073438475,-0.6981227925621535,0.11147468537385831,E02005093
-1.8730348100205454,-0.3482853902529695,0.7213044560777909,E02005094
-1.7814363825854829,0.10816223123195477,0.5049913627832281,E02005095
-0.8451714717287178,0.698632554763431,0.551810700539537,E02005096
-2.562262366848734,0.44981241921134163,0.6921528941155609,E02005097
-2.223724441190559,0.1399207105399016,1.113505201968851,E02005098
-1.8498951970261917,-0.5577380031758871,1.0702885868303615,E02005099
-0.8045976607489894,-0.442357808459003,0.6294026713775075,E02005100
-2.0285691698766883,-0.7985465575349748,1.3345452217884939,E02005101
-2.0584086501231753,-1.2067584831938665,0.5539892934374901,E02005102
-0.825693518436111,-0.23596468870841014,0.09920657241174007,E02005103
1.0620041607392856,-0.04872356695940144,0.38632388332721834,E02005104
1.3020477988152837,0.6330046812760042,-0.8471322294478927,E02005105
0.17457087415129782,0.18980090603357003,-0.13407719321204137,E02005106
-1.0744087527885882,0.5660628514670478,-0.6265238875693504,E02005107
-2.147544227955424,-0.6390909297990618,0.17286445037100667,E02005109
-1.5063735927313056,-0.8528799202909639,-0.013581434400559996,E02005110
0.2314580032774854,0.15710939571295582,-0.22764465641273599,E02005111
-0.6429470854939829,-2.0448033589126404,0.47271376712641294,E02005112
-0.5073700049638024,-0.27241632341365807,-0.4020298166894621,E02005113
-0.6072671204920586,-1.6070814141655319,0.011161456383410429,E02005114
1.8053954352470218,-0.06925210923022823,-1.5133030772123532,E02005115
3.049280179635042,-0.6365675506155584,0.7727401082731731,E02005116
-0.21047662051283775,-0.04244663098215518,-0.28402195012286335,E02005117
-0.022932165296798923,-0.13172175179792078,-0.5758054037501162,E02005118
0.16851377008440915,-1.5350981929616587,0.09222760172235639,E02005119
0.30672146361449565,-1.6231061067005375,-0.14882242575335194,E02005120
-0.5994189224143937,-0.3342312519031821,0.0984735610277639,E02005121
-1.3369474154415524,-0.7007819837042363,0.4434131660860348,E02005122
-0.7123078674013245,-0.3493356070503491,-0.13560076630603032,E02005123
1.6709733371151978,-0.08433199781820673,0.027398738445393707,E02005124
0.3440729678348312,-0.07513475484010555,-0.11596982627734058,E02005125
-0.46481458526063363,0.4668518095312781,-0.7634883491096961,E02005126
-1.7093615586115765,-0.4511396724736833,0.34503618696599714,E02005127
-0.3521139377835115,0.09033528216760132,0.0891941309739888,E02005128
0.1581726368899881,0.1741579230747166,-0.029491104738544483,E02005129
-1.0233313086979683,-1.4289597266078748,0.953620497710657,E02005130
-1.6959170502848864,-1.0144659466206185,1.0262482143965086,E02005131
3.012341057190324,-0.009717431331105421,-1.3807793177532197,E02005132
-0.8197967652392989,0.08681281345457803,-0.7992594941904194,E02005133
1.94912575418564,0.000997154032646644,-1.0164922357800268,E02005134
0.6798132153693562,0.04168528645427098,-0.3872420951497707,E02005135
0.023563952079789615,0.08473182393854854,-0.5289038604343786,E02005136
2.690484597072296,0.07498793248335117,0.6938714148534239,E02005137
0.32508780429275225,-0.019907764361210927,-0.47390390674507,E02005138
-0.7767683693434946,-0.12863383377114906,-0.8269191754600411,E02005139
-0.9162657619317839,0.5717942717825527,-0.7795968240012353,E02005140
-0.9003719803105195,0.6604217470409397,-0.7881537321224173,E02005141
-0.05456749621604919,-0.27831007553335346,-0.4407501214330861,E02005142
0.27144190859508494,0.5153426619824975,-0.660632759168674,E02005143
2.544691212319781,0.019581152003564917,0.501697380723447,E02005144
-1.3372677940663134,-1.1298572749495173,0.6206115768785041,E02005145
0.3662832738556341,0.576435440738842,-1.120631117100495,E02005146
1.6246231941437042,0.43740258865649295,-0.6206548307661967,E02005147
-1.0462603404715067,0.22786126279224111,-0.5310246748728256,E02005148
-1.5760493730794136,-0.2733265365252936,0.24628502152256443,E02005149
-0.016824730129916952,-0.1176324126176099,0.33828978399547477,E02005150
-0.6408791255203614,0.6110562707983241,-0.04949810046573257,E02005151
-0.47800238996699757,-0.012315742158016944,0.6370451057729388,E02005153
-1.835990358373208,-0.37118675022990333,0.8722453736459509,E02005154
-2.0456417322462532,0.18598839150805566,0.6720124531948352,E02005155
-1.1446809083593967,-0.6361536709149145,0.9142107798309753,E02005156
0.7219359698166831,0.27824756103956677,0.5732767698641273,E02005157
-1.9105451846579578,-0.1292416793966553,0.49863217724408415,E02005158
-0.6159430534690696,0.36390349346223794,0.48349402833018934,E02005159
-0.8192651134387536,0.6451762416218545,0.35717550968939205,E02005160
-1.2360899374902592,0.69533881544407,0.40444196040132063,E02005161
-1.2523076867419205,-0.41095442551012445,0.6319711719913225,E02005162
-1.2301764730014084,0.40519959855957277,0.24126856875775723,E02005163
-0.39660869476775285,0.3937318344396992,0.5295458131795898,E02005164
-1.4291348198738918,-0.31951375612078153,0.787477429764987,E02005165
1.599729662569952,0.4982384014186372,1.1255637260459972,E02005166
-2.216105326776308,-0.005667423202973035,0.6646681605117049,E02005167
-2.0480279661617073,1.5434309551116416,-0.10072323283305894,E02005168
-1.0053106851924969,1.6025016578550841,0.03144718473048138,E02005169
-1.565419023155925,0.5513112390673871,0.28140610844401986,E02005170
0.6435271836589119,0.15081443581508644,1.0100694131173837,E02005171
-2.009455723389936,-0.7564152612646768,1.1746489407232765,E02005172
-1.9247070600557243,1.4689601462348192,0.1968299287548273,E02005173
-1.2999724766243315,-0.8286360566719968,1.169594696607853,E02005174
-1.477214897152459,-1.0335931510540233,0.7954083185561195,E02005175
0.24897352527243136,0.11346574025399565,-1.0213100660035959,E02005176
1.0388447985853153,-0.3060872463061776,-1.574047764828782,E02005177
2.6712994151976606,-1.253634638027485,-1.8810759420416454,E02005178
1.2542051879643223,-0.5041028837469979,-0.6523895813299021,E02005179
-0.4494186170316869,-0.36200030300745994,-0.6562735620138112,E02005180
1.2828253778230643,-0.116471649012473,-1.1595281349054891,E02005181
2.4715301174049618,-0.536156824733984,-0.8009972602012797,E02005182
1.363981142493164,-0.26779210523292646,0.12949767032178966,E02005183
-1.6582861482522968,-1.5784344341966594,0.026806698972947105,E02005184
3.4440618468581765,-0.9124197940085519,-0.4887842032070442,E02005185
-0.9675368506972635,-1.2241645694743002,-0.3248551140965888,E02005186
2.503571637866985,-0.004015586334909758,0.9858193201982217,E02005189
-1.7367341119655106,-1.0383123216582426,0.23028285511272725,E02005190
-1.1566376051387866,0.16097422474161646,-0.39961549828468357,E02005191
-1.7733472423077337,-0.35987741029619097,0.27778021955956456,E02005192
-1.2593213689205771,-0.14764098022902247,-0.45600885463850865,E02005193
0.3686567927597938,-0.2975850844334332,-0.4590206526666733,E02005194
-1.3312512100678506,-1.1012921124538522,-0.10418662501893927,E02005195
-0.3359315872362542,-0.17635345342162193,-0.16046296983455333,E02005196
1.3981835724461147,-0.5023964836270709,-0.3662889410863769,E02005197
0.5565956019058528,-0.34527496640568356,-0.6964258671410567,E02005198
-1.6380575937090875,-0.8623125018994166,-0.10393897948680544,E02005199
0.8782398944859545,0.004117891487299828,-0.2271641763558312,E02005200
-0.06222506549157216,-0.7575461416886018,-0.4397310982885788,E02005201
-1.0842599496465566,-0.8812687242199317,-0.16758746670937216,E02005202
-1.4570788086298732,-1.4501702968711359,0.15238803427497946,E02005203
-0.5939488234793752,-0.6281489923402636,-0.3392539660595967,E02005204
-1.178727822467011,-1.252237593645282,0.2310892062588608,E02005205
-0.010136461346711631,-0.5129948328943909,-0.684877083508429,E02005206
-0.7717538487990324,-0.2345191621105562,-0.6544894472422794,E02005207
0.16550862653767554,-0.0007346637300962608,-1.3056671960697055,E02005208
-0.9177461250720947,-0.894789420944793,-0.3707973225430718,E02005209
-0.7491295953468934,0.2573553737908677,-0.6545623706363425,E02005210
-0.9857295054099956,-0.06762828209159695,-0.5616582764949325,E02005211
0.3146892190679351,-0.9728531668039123,-0.8303364332840811,E02005212
0.07028450740190308,-0.7102214838940035,-0.6874764950901193,E02005213
0.12306119165911932,-1.0806030476269743,-0.698093499819104,E02005214
1.2919246392327672,-0.4966649027312739,-0.9913222022296174,E02005215
1.6240382121158439,-0.723394621160146,-0.4182038597694988,E02005216
3.0995282145120426,-0.8133515574587511,-1.3097706949945094,E02005217
1.0043992773563417,0.03743244902390052,-0.8059412541417208,E02005218
0.04037493067834231,-0.596076535750864,-0.5093503629971818,E02005219
-0.7128442789687471,-1.059170505646054,-0.37986365969244573,E02005220
-1.053128084520019,-1.3546409780774271,-0.20966770675998914,E02005221
-2.0506094294823285,-2.2491032339154065,0.5008344214201605,E02005222
-1.3829328914455006,-0.7469646471847611,-0.5848028218456769,E02005223
-0.1741928237326108,-0.24218992496994415,-1.551707093331498,E02005224
-1.5185829596392841,-1.4223867666932375,0.2094134460293012,E02005225
2.275938206762692,-0.46911497498856947,-1.4372337237224608,E02005226
0.6933117511751641,-0.22330075764005622,-1.8352307061862128,E02005228
2.4616114024760276,-0.321500831955264,-1.9817431515395374,E02005229
1.608861013431369,-0.7176251155146602,-0.7446254698851769,E02005230
1.9734135054324577,-0.10857281409520413,-0.4982815409470244,E02005231
0.2348213758648496,-0.2894392862575297,-0.24440638967131267,E02005233
0.4843955683289755,0.3028632638735193,-0.7836876966492916,E02005234
-0.29851683847257954,0.7721502753181407,-1.2312267412841407,E02005235
-0.0737688724416532,-1.3159095733037978,-0.7409481888222782,E02005236
-0.39346410967537576,-0.24453895901752842,-0.2638572679530331,E02005237
-0.000907585025695411,0.39176235665735515,-0.7321724799450539,E02005238
-1.694821290210621,-1.7474658336767859,-0.14672526881076445,E02005239
-0.06439034449743694,-0.5221410723140448,-0.7705333001397836,E02005240
-0.5139104016899221,-1.3761974089624214,-0.6203988267792765,E02005241
-0.588154041155291,-1.2666391047566878,-0.2995500117364243,E02005242
1.447397925365422,-0.3838424097960214,-0.7507203831256468,E02005243
1.302767261016719,-0.6955129346910207,-0.23058607496666414,E02005244
-1.5479697218146056,-1.283346306474952,0.002914766536383797,E02005245
1.5310070087890615,-0.8839344114749507,-0.6554601891319226,E02005246
-1.6150924116681844,-0.8540507754755782,0.07750754030881532,E02005247
2.7886751558268013,-0.8263215088862342,-1.1172236737932824,E02005248
2.5047073358334395,-0.47226162293295554,-1.4429847186375167,E02005249
1.6388298149778378,-0.5521996652184442,-1.835124361074167,E02005250
0.3546862761072236,-0.893858177308473,-0.5025055286225238,E02005251
0.5157643389404375,-0.875188307147438,-1.0981596544054337,E02005252
-1.6634699441098324,-1.5795655893262042,-0.16844738588108374,E02005253
-1.9895865187742545,-0.9405341531136543,0.06569847098143657,E02005254
-0.923023632404054,0.46380821003982325,-1.066956757312081,E02005255
-1.1992774293611885,0.25752972865007184,-0.40218365733292133,E02005256
2.524702003848475,-0.09046271057820861,0.6759736361663163,E02005257
-0.3988294074002258,0.24115984932296405,-0.6900541688034698,E02005258
1.790194111724163,-0.2642244838619542,-0.3360333936583681,E02005259
-0.49133405887932263,0.17924996297044823,-1.2902023546692682,E02005260
3.30242432627858,-0.9881520834074816,0.5653839814750593,E02005261
-1.2570615424175706,-0.16265760358936793,0.00944013287653154,E02005262
1.5807304062826122,-0.33761221298406047,-1.3844015846498918,E02005263
0.8474551661063631,0.10938971437873257,-1.2863046925314958,E02005264
1.094421443237171,0.020816724903313974,-0.48111221916433605,E02005265
3.023271820174914,-0.41134504755319207,-0.8225332528710485,E02005266
3.1858150691700726,-0.34661835485841025,-0.4954417858159286,E02005267
1.9544086734819843,-0.7976450539969782,-0.7687726773011911,E02005268
2.0225697658103075,-0.191735653055887,-0.417445031834781,E02005269
-2.022895424455046,-2.1695475243445324,0.4599559182035325,E02005270
-0.8397672367164196,-0.28563592329216486,-0.4529497867294426,E02005271
0.5460775959761108,-0.15493460360759376,-0.5083121776043219,E02005272
-1.9278451030195134,-1.990786341574755,0.3563330444737678,E02005273
-1.8206360081140591,-1.2663593929413197,0.27939041875961973,E02005274
-0.9324883141603901,-0.9538706279120992,-0.34063506373224295,E02005275
-1.4914671409992297,-0.8871394114154778,-0.12203758402491023,E02005276
-1.9736987796565169,-0.7438354595501717,-0.012034258163717127,E02005277
-1.3493631277963152,-0.7188724222713886,0.008881370831057726,E02005278
0.4818685400294851,-0.9813138455506132,-0.19502549929084975,E02005279
0.7049814098860766,-1.0303369440630008,-0.311176616119762,E02005280
0.4546178959655623,-0.4845482192033063,-0.2009975052591561,E02005281
-1.1105613597904618,-0.8141799844195616,0.0966388112886003,E02005284
-1.4810669374838001,-0.8183281701898414,-0.016297754408937028,E02005285
-0.019637292152541987,-1.0769147035944713,-0.043016397925015486,E02005286
-1.577035727046636,-0.005561238776875567,-0.6181850317880007,E02005287
-1.2274704608330151,-1.184521307623845,-0.25697299273809526,E02005288
-1.339770024985278,0.3777524329199957,-0.9285904185678334,E02005289
-1.3075674393942438,0.10670819755079793,-0.7307014102218352,E02005290
-0.4760694856568703,0.16889611915269945,-0.903847289697952,E02005291
0.9987057399696151,0.006111517682363839,0.13439595984748212,E02005292
0.410739517647732,-0.03576599253037254,-0.9304477695010414,E02005293
0.036695098583445246,-0.512360179869423,-0.6981729873236135,E02005294
-0.606677868965221,0.17060204635575885,-1.0449527350501542,E02005295
-1.5840118504625957,-0.4458907914033762,-0.39917185937391875,E02005296
-1.5728628518411907,-0.8689771548003593,-0.28527666707281346,E02005297
-0.8053290386250798,-0.5340034423862183,-0.45895597108971276,E02005298
0.025708266604863715,0.239040591355164,-0.9293068287037514,E02005299
-0.3318503313027716,-0.3579186982078922,-0.09394245021737548,E02005300
0.8748841883166927,-0.12702158468736685,-0.3255072266246694,E02005301
-0.973311822364538,0.21610779324619414,-0.6657561390282336,E02005302
1.9568411839543272,-0.4837277868562673,0.46894813051063955,E02005303
-1.3464607454752324,-0.9600648985324108,-0.36523329834714496,E02005304
-1.13084647922183,-1.5498216653375962,-0.06620896941848693,E02005305
-1.4012402090698333,-1.7552766489255378,0.14384703826123155,E02005306
-0.6023447865169894,-0.5365642731145996,-0.2650794039318413,E02005307
-1.891877580318745,-0.7736678123478793,0.09109255482461222,E02005308
-0.8376177637513565,-0.08675786963278022,-0.5878765415343715,E02005309
-0.11852285982189138,0.025309242248464023,-0.4899060607725659,E02005310
-1.8185408550279931,-1.422732679144643,0.24726335843252914,E02005311
-0.013192344013258963,-0.26360033764470125,-0.3041519125212473,E02005312
2.5853787241193533,-0.5719421211085002,0.11721445914579695,E02005313
0.9748540319975676,-0.4581933487403892,-0.13875624493361544,E02005314
-1.5529023837812987,-0.45884653616744686,-0.2463924452187417,E02005315
2.132354839633397,-0.5274695800854265,0.00879274355830996,E02005316
3.375436268345729,-0.5028936750611421,-0.07925219141056306,E02005317
-0.6741997747859865,-0.657830998962745,0.05988742381370439,E02005318
1.9413630208841377,-0.3592363903677034,-1.4650220156793392,E02005319
0.6072540965801896,-0.12746267210711093,-1.2153231506691413,E02005320
1.6137131208133861,-0.3607498906152005,-0.33432432771471093,E02005321
-0.700142879760671,-1.4068217098731288,-0.7968742788132263,E02005322
1.1627085189549102,-0.7874160405282957,-0.20760258224765235,E02005323
-1.855993972826751,-1.7179930935502832,0.3203526304107352,E02005324
-1.0910789057981607,-1.0611740140935115,-0.474784402091271,E02005325
0.5542336269769038,-0.1885779646128688,-1.6021995741352866,E02005326
-1.612040896292202,-1.767131604633973,0.14508838300492805,E02005327
-0.7477660423230355,0.18107402803979553,-1.3122751255592489,E02005328
0.014810527817767068,-0.32011784819576655,-1.0692380025974393,E02005329
-1.1601580375905272,-0.051748845228116305,-0.9398950090935391,E02005330
-0.7141536782031401,0.06977797952760241,-0.6138805667977585,E02005331
-1.2200455828336685,0.04116496776457357,-0.9279104769881258,E02005332
-1.0238094612472122,0.40208816091876454,-1.1732819396568641,E02005334
-1.547598922057194,-0.7771663498653718,-0.06948172935966974,E02005335
-0.6638609262046107,0.33823435849006434,-0.73870938180849,E02005336
-0.1886400247561583,0.07983810412720375,-1.2745015139052358,E02005337
-0.6292203136060162,-0.6230475802146997,-0.2706897345170044,E02005338
-1.2514927556294342,0.10847999705179324,-0.5350869865517225,E02005339
-0.37815116130593024,-0.34757735298852743,-0.6962185119798029,E02005340
-0.8992082871951712,-0.3743666357791671,-0.1860649218387823,E02005341
-1.0915091792299234,-0.9413396681951702,-0.03283651856470886,E02005342
-1.3125243485760831,-0.6946938641563606,-0.3146797607197514,E02005343
-1.1539180756865524,-0.8020086761453475,0.15700779821869892,E02005344
-0.8596224675970743,-0.5057987363550454,-0.24272648025963625,E02005345
1.6638882756171696,-0.770004808192714,0.00825705537411567,E02005346
0.729941583614851,0.18242640728379367,-0.6370431519357578,E02005347
-0.5951996094754812,-0.0454569162902438,-0.3745810852333673,E02005348
-0.5044191556830206,-0.7535690019372261,-0.5347066950296371,E02005349
-0.42879875096618425,-0.7347539991814485,-0.41311821370407154,E02005350
0.4319601576735294,0.2571788320405369,-0.43556114054374667,E02005351
-2.2383465841609467,-1.2077622342680352,0.4936657273257936,E02005352
0.7600090923923498,-0.07303217272847753,-0.1891112254849138,E02005353
-1.7458393879330396,0.010065299592821386,-0.4917758200395383,E02005354
-1.2317868869254704,-0.4016662493874329,-0.10349241604739902,E02005355
-1.4537785649963288,-0.2044028949646083,0.017472029451719134,E02005356
-0.5350902637635533,-0.5674327302817046,-0.5380177820553975,E02005357
-0.7800569767582586,0.019221113460446526,-0.2966850855103324,E02005358
-1.555126556814295,-1.3033606686710624,-0.2412785176548909,E02005359
-2.1356166183962384,-0.9306456315306333,0.3705432810496948,E02005360
-0.6767070490767523,-0.24990166839150196,-0.538649473915783,E02005361
0.09004514591567363,-0.0065448045785261415,-0.9973491985372137,E02005362
-0.9275455633799456,-0.3569666779248539,-0.8175813302852436,E02005363
-0.4708856289329009,0.43740802035553167,-1.1447045031669905,E02005364
0.03166593445390223,-0.4302367040686126,-1.0342718559442432,E02005365
-0.3611629159596409,-0.34163879774331884,-0.4810528371861798,E02005366
-2.2000653601466515,-1.8842158952160641,0.8192410670418279,E02005368
-1.593644636797589,-0.9802187690072424,0.2408986133004735,E02005369
-1.4078905455184547,-0.15984665848315488,-0.40714150699427865,E02005370
-1.678574424109381,-1.4609906625673914,0.15969697975189542,E02005371
-2.13481889148861,-1.4034137367180795,0.551830668593726,E02005372
-1.5835093717951958,-0.6411047484295578,-0.33644315081773807,E02005373
0.6432344346530119,0.14957169607035034,-0.08566076328085118,E02005374
-1.200488435672164,0.1655029837130427,-0.5981655332069526,E02005375
-0.7780325675285564,-0.3675082323881128,-0.11403063984229593,E02005376
-1.191792546689839,-1.0598996011072834,-0.03920580535991399,E02005377
-1.5043249646041823,-0.2729013251645827,-0.27920259479512816,E02005378
-1.0099120044386674,-0.5393703250851649,-0.3131349143738679,E02005379
-1.5543313390089035,-1.5055976682578438,0.42407791933425243,E02005380
-1.2110390432157652,-1.1802877413934119,0.20073394114778592,E02005381
0.19457566535728701,-0.6268106912445005,-0.4574554820434218,E02005382
0.038351587534184675,-0.6586987874418215,-0.47544297079216025,E02005383
-1.7277430281469464,-1.4549179941961758,0.19013072049981966,E02005384
-1.387651656197038,-0.013252919676818345,-0.7772227001823883,E02005385
0.28853640911640377,0.16230220095142833,-1.0938272493617762,E02005386
-0.3095118986281822,-0.08838273010393506,-0.7725472092516442,E02005387
0.4900388714699136,0.04375128040327432,-0.7587428738356906,E02005388
0.32616478663230486,-0.22922470930907832,-0.029840377853884346,E02005389
-1.5319918633982763,-0.08132861646596838,-0.5075526272979677,E02005390
-1.9136258540116666,-1.542676011082749,0.5882208473927951,E02005391
-1.0954481784103909,-0.3967009147406567,-0.8296011091781511,E02005392
-1.4029679918206028,-1.7313748944603802,0.3424919312098805,E02005393
0.5422941762602497,-0.6768498204352859,-0.12896207944230367,E02005394
-0.06038962562421671,-0.4666449462088403,-0.4729738967284826,E02005395
-2.076014151257553,-1.833144897359173,0.7039759967295701,E02005396
-1.1336222568932928,-1.14009549434213,0.2140071488601604,E02005397
-1.4117773363348152,-1.2003031377142441,0.20879754624556227,E02005398
-0.9268615637761681,-0.35083582923140894,0.18977026720561027,E02005399
-0.3209955962534711,-0.7012468884891064,-0.38061871389173274,E02005400
-1.511578340940449,-1.243289350248248,0.4655545464704112,E02005401
-0.777741921356277,-0.3317627755524664,0.3098268409834238,E02005402
-0.3951619575462847,-0.461517755198308,-0.6847121702477672,E02005403
-0.37302601369471167,-0.959650909368199,0.21718369307817922,E02005404
1.5657816113244882,-1.2568064402991515,0.9713610419952892,E02005405
0.549080490814302,-0.2798876392218688,-0.8365823842931587,E02005406
-0.977451080313799,-0.5135886081034589,-0.6199532660667992,E02005407
-0.7372583193153158,-1.302348240436899,0.40005932895540847,E02005408
-0.3348949342858068,-1.006628456448084,-0.24614638823223128,E02005409
-0.3939156984122621,-0.12039460676050526,-0.7911325820254586,E02005412
1.213021312788874,-0.17845146210027468,-0.6490160334720826,E02005414
0.4955659901721039,-0.40448123711214456,-0.986187198352721,E02005415
-1.1373806226281367,-0.26393921426903433,-0.9362868653502825,E02005416
-0.31078766488154236,-2.232142363330651,0.22503606619612157,E02005417
2.5555790228784034,-0.5857589048866869,-0.14039090776735746,E02005418
0.8525568304515057,-0.46932780588079726,-1.0251436571639132,E02005419
1.4414335072544393,-0.3460586083994757,-0.43779233842478726,E02005420
-0.5108177322923513,-2.3459236424541143,0.3635950827673617,E02005422
0.23938037648997917,-1.9535058116990243,0.6192140995367996,E02005423
-1.425739149565109,-1.878050907732671,0.07547053900418263,E02005424
-1.0444847891681373,-2.2962308266757048,-0.0113072583764209,E02005425
1.098872469479476,-0.6832278583490743,-0.15079770345878224,E02005426
-0.12555359875448097,-0.47704975680941225,-0.8804836686619454,E02005427
1.1399460661105905,-2.4253356987458896,-0.18396488614636317,E02005428
0.6475303429789331,-1.7333849791502227,-1.124962334976861,E02005429
-1.1960380106218875,-2.697527345712944,0.17802156287724516,E02005430
-0.3725669595463439,-2.590746471509551,0.0644435012023971,E02005431
-1.4681818748578603,-2.6439586799126578,0.3254979854012317,E02005432
1.0022057788117058,-2.2094233729189248,-0.6275012141391008,E02005433
-0.005008395894313842,-1.0828147287369194,-0.5212558004382442,E02005434
0.8946358321878677,-1.2159285589401012,-1.0483741789850156,E02005435
-0.09327534593015452,-2.1530060999121488,-0.2029507062741689,E02005436
1.8119407681620494,-0.808107617082426,-1.500218729453265,E02005437
1.9129182888708214,-0.9771740472394058,0.1873207827129204,E02005438
-0.8574601612441604,-1.4356530750630054,-0.252391571233183,E02005439
0.33760231672392266,-2.575927820326657,0.4013847128031194,E02005440
-0.9906861610951121,-2.476380330983535,0.1494124502209,E02005441
3.3385675280343876,-0.20033321100851967,0.7128212748212824,E02005442
0.8704129096282308,0.08197182391754058,-0.39237766038040583,E02005443
-0.3559080845911881,-0.05706711537107511,-0.5904739972291367,E02005444
2.4414223891430447,-0.4842212901568602,0.10636544713261538,E02005445
0.5935950840763313,0.18225712178073533,-0.6964977754183793,E02005446
1.484492428134368,-0.7188866808801865,-0.8025490211907882,E02005447
2.320400382424291,-0.31093935970105,-0.003053607300062463,E02005448
-0.21775449114181097,-0.4413722871152144,-0.7853957663878675,E02005449
-0.5931463286334275,-0.09614730953360846,-1.0836213518039872,E02005450
3.08931630889833,-0.3779123260470182,0.2321197246896146,E02005451
0.1414418870482835,-0.05283198705744536,-0.8828198509279596,E02005452
-1.6609508579341634,-0.46520728615124984,-0.5557156251958412,E02005453
-1.6215957630737703,-1.5933162654773612,0.02541589978864084,E02005455
-0.7887047305901057,-0.8821083981026232,0.08653327391194914,E02005456
-1.0619736434091167,-1.7963335081624825,0.44774648369098147,E02005457
-1.6746287024716209,-1.7243891162135567,0.5796463516851997,E02005458
-0.24953185060112584,-2.2273768206653375,0.6932558500455656,E02005459
-2.0164888025636314,-1.1644817152090057,0.40197503203794427,E02005460
-1.5913305749827735,-2.0363170721313293,0.4345027272015216,E02005461
0.3853568433489664,-0.7197202234825085,-0.1807547924774573,E02005462
-1.1256547849384304,-0.3667427817671554,-0.5868331992233383,E02005463
-1.1084292060991052,-2.0789390550508577,0.36880621164313954,E02005464
-0.7239565619537575,-1.9337803114250487,0.102443231222879,E02005465
-0.7087720251829913,-2.3952645048284733,0.07050260751153019,E02005466
0.32877105439832266,-0.5840388787748457,-0.850057185799839,E02005467
-0.7720739429868847,-2.1175755087100083,0.1418155931656544,E02005468
-0.8431467297327111,-2.1370232681993984,0.34069866910532637,E02005469
-0.10083516240697628,-0.33551432731503267,-0.9983404349105643,E02005470
0.5871746940009908,-1.1952974151715066,0.05134557617755624,E02005471
0.1343661089732779,-2.192742677588919,-0.004527952209212121,E02005472
-0.537195342367039,-0.724771761801399,-0.8299582518186418,E02005473
-0.8958432015191115,-2.155026251858753,0.014691849200622486,E02005474
-1.0391119972248133,-1.725967794172334,0.3651435409671956,E02005475
-1.6859714090715485,-1.6101286755565942,0.6625432455835384,E02005476
-1.415036482993679,-1.6281302587648454,0.3559581805022888,E02005477
0.8951760502961361,-0.07540716570732414,-0.3170490494463645,E02005478
-0.5921380501057415,0.012869196571037423,-0.8037522349309646,E02005479
2.35416864575018,-0.4868699726493897,0.09275692246218657,E02005480
0.29713910336511823,-0.5362002429838274,-0.7861775070026311,E02005481
-1.7907270574984928,-1.9747792854291941,0.22595232000574533,E02005482
-1.2152375905557942,-1.8852565205960439,0.5181154529010052,E02005483
-1.105930347082648,-1.9662863593272883,0.8058008688129337,E02005484
-0.9610057453405614,-0.6557822048609068,-0.642867767143261,E02005485
-0.7170916765444529,-1.2040354512701814,0.10238256860363588,E02005486
-2.111618462030045,-1.3539067413624553,0.5741007490731309,E02005487
-0.811884288167397,-0.6352942395099711,0.06731582294563304,E02005488
-1.32711965539344,-0.6512746882734832,-0.20187011356792445,E02005489
0.3185870767288585,0.14282300974208242,-0.2488823005765243,E02005490
-0.8695742166506789,0.2568026324405389,-0.3880164012600326,E02005491
-1.3481042405170025,-2.1090073396213422,0.5075234732283107,E02005492
-1.2228011125133067,-1.761963150279735,0.08666227422864486,E02005493
-0.7804810438926123,-2.4566928608896696,0.09351199813594378,E02005494
1.4094846302835637,-0.9298133325224018,-1.0642180757893662,E02005495
-1.390416422656679,-2.3024077600988715,0.2848240406646248,E02005496
2.753282389125928,-0.5983524465589323,0.5633099867442048,E02005497
-1.2225340867613046,-1.992993488072994,0.01417093975808311,E02005498
-1.5025876345323623,-1.6361375236960223,0.11638447127730225,E02005499
-1.6567337478986426,-1.559183527237145,0.18246769296196627,E02005500
-1.77912518239137,-0.9676391021854654,-0.01493714388064519,E02005501
-1.1263584213480098,-1.8728825111203593,0.10595907995591132,E02005502
-1.5290751950828152,-1.5577222523872745,0.5993401474913262,E02005503
-1.167063353275939,-1.9852455511305171,0.7251637132612826,E02005504
-0.40140042481021954,-0.8036584336557686,0.08071002608332925,E02005505
-1.1784986357870988,-1.5016512744050285,0.2596034110872397,E02005506
0.1964657225090001,-0.22812668951897377,-0.44798953228021227,E02005507
-1.471520071626385,-1.5338379729901093,0.6507910259648397,E02005508
0.24361150066548057,-1.4256196891361064,0.26037379504245045,E02005509
-1.033359629366213,-1.7333874504408424,0.43281105318603935,E02005510
-0.21324152968339394,-0.6478899465051579,-0.6329426899180628,E02005511
-1.3054109093094597,-1.716942157122268,0.600642650514775,E02005512
-0.59531129800376,-0.9130215212323516,-0.10291494091388245,E02005513
-1.4440376017174716,-2.275360957771886,0.808576432265351,E02005514
-1.7056470824065266,-1.4571204649069514,0.4120201129373222,E02005515
-1.5736956174289018,-1.7928678181116382,0.6376493432026963,E02005516
1.795620302714205,-1.0013137902589726,0.8642928376472564,E02005517
-0.5655845691704947,0.379677799197954,-1.0366646966054183,E02005518
1.193620899785943,-1.1466425491516823,0.7908305844065382,E02005519
-0.9731282402331329,-1.4216020899451187,0.26081216125762086,E02005520
-1.4599297092193855,-1.7080785955777988,0.7004837185105952,E02005521
-1.3469170654467328,-1.2350489874481367,0.426135716321084,E02005522
-1.4977894165622758,-1.2022799997285554,0.11405698521179136,E02005523
-1.2190534364813055,-0.808495849899154,-0.18882605638735706,E02005524
-1.3330547810329565,0.026137631795141038,-0.42995567011559666,E02005525
-1.1600393753115428,-0.11004158485357084,-0.287156801726986,E02005526
-1.4335661370172135,-0.9310424462038825,0.14800417244720213,E02005527
-0.7360007021762182,0.32494381142289797,-0.5544681032978446,E02005528
-0.4294366080573227,-0.1699745350744131,-0.6650854362071161,E02005529
-0.8383622907744923,0.10652490337960513,-1.0927694493665214,E02005530
-0.4429100760799009,-0.0037563531202230408,-0.3154930228520912,E02005531
-1.0792785618793501,-0.3274115301698354,-1.0094018151824056,E02005532
-1.5280729717413226,-1.0786671106085293,0.552508374253115,E02005533
-0.7062858760526064,0.30515099678019664,-0.5272847963504266,E02005534
-1.432590439065502,0.6120043404378364,-0.07315438219933958,E02005535
-1.7506667048265632,-0.9760359642114602,0.308982166173509,E02005536
-1.2689710523636228,-1.4912305353273547,0.4619120996362826,E02005537
-0.5912736207732557,-1.2719040016974144,-0.43133833279112743,E02005538
-1.095866817943242,-1.5570262660596532,0.24174817179432634,E02005539
-0.28287052570806065,-0.7751622843239048,-0.7829626743793504,E02005540
1.5531667436905228,-0.312352444166552,-0.3540358005715912,E02005541
2.3793501206357797,-1.1377637762713173,-0.16214424707636882,E02005542
3.8592550098824305,-0.6082229349997597,0.0092113811838504,E02005543
1.6752063430647242,-0.5421292797685634,-0.47961213902628014,E02005544
-0.9077920351087062,-0.2415457077518329,-0.8342455544091936,E02005545
2.1370670723763157,0.10366069959613584,0.003557252155543782,E02005546
-0.08389070592875462,0.24628075444645192,-0.9454429126301793,E02005547
2.0166739298835457,0.2535518143233219,0.6539309350547067,E02005548
-0.918057464920803,-1.1033934363066158,-0.1928000672863256,E02005549
-0.5905721106552219,-0.5476774769454087,-0.13507600521701393,E02005550
-0.27923518727196656,-1.540570533676664,-0.13706081776841778,E02005551
-1.0054818261412004,-2.329065930978848,0.8352739773628728,E02005552
-0.7101756232413873,-1.8054222974355012,-0.09924047629733111,E02005553
-1.1081656692494262,-1.9290751242206012,0.3583442432963549,E02005554
-2.047212312752497,-0.7535040516300958,0.1682090920606614,E02005555
-0.5180287855257296,0.2375869375414683,-0.8863752999045295,E02005556
2.7440788699742797,-0.8074485978361489,0.6989028327102895,E02005557
-0.6336698031804154,-1.7696945713973309,0.26475114460833393,E02005558
0.7181445192586681,-0.0008779600110172823,-0.44097201336590824,E02005559
0.6383968953393847,0.2261272752182447,0.11272832327518546,E02005560
1.4427522186806776,-0.9790380928434285,0.39514804870993686,E02005561
-1.1324300335086355,-1.8543372037262082,0.6370336454536544,E02005562
-0.6770365591049904,-1.8696178405438348,0.13993105593580552,E02005563
-1.6719182245487207,-1.1579045219560444,0.46953031333506773,E02005564
-0.9252099236210126,-1.6493086854677412,0.22158080211280817,E02005565
-0.5488380486691721,-1.939766258911848,0.18260814528883898,E02005566
-0.07179087505135398,-0.17675412991971592,-0.6437520871340346,E02005567
-1.221635047017612,-1.9316481971655748,0.6128971914971604,E02005568
-1.1168660873681753,-1.9940710286275656,0.532611038242682,E02005569
-0.25093149697031386,-0.2649207952637557,-0.9142603116845865,E02005570
-0.7287460101873963,-2.1680058117639307,0.8812085105550679,E02005571
0.4953969944035313,-0.49495433345159795,-0.7294367348690687,E02005572
-0.5178307227873062,-1.5900230655774068,0.39733224054528327,E02005573
-1.0799913420556817,-1.5771225548415917,-0.017279404266134706,E02005574
-1.245578299827573,-1.9045939533551521,0.6232512868868054,E02005575
-0.6042662005372832,-1.6551575189406067,0.04831648295114396,E02005576
-1.1136888088491248,-1.829048132206937,0.5142158365276231,E02005577
-1.0287606130665115,-2.111934376147994,0.6241561962163814,E02005578
0.11313376843825731,-0.9164639579620056,-0.33108347301273694,E02005579
0.006336504471689386,-0.6528050359045614,-0.16607125430605896,E02005580
-1.1441317461814557,-1.7717766407279834,0.2958125958899219,E02005581
-0.5945478508288359,-1.7063044367728253,0.22498539598199427,E02005582
-0.7943028174578753,-1.7681999372195547,0.37270214742543484,E02005583
1.3753274957129493,-0.15811103139011579,0.5783987968380243,E02005584
2.940021547597141,0.014644281013977167,1.087548928669201,E02005585
0.5186423772650196,0.8517225603188162,-0.44047759095379024,E02005586
2.149717642881657,0.04743530244805061,0.3641814897156839,E02005587
1.9049317136820103,0.18001210269665063,0.7619859069431093,E02005588
2.178132411126211,0.006470658460635994,0.7962526468909333,E02005589
2.608155286163105,0.25805757834730664,1.0839271960729222,E02005590
-1.2798484922848843,1.6717051640989522,-0.3713786827909924,E02005592
1.559717874668969,0.27438908728252637,0.9684460592445413,E02005593
0.41782303031051504,0.8696865047029858,0.26693780033461756,E02005594
-1.1820703760928981,0.6030683415205357,0.12107050072223889,E02005595
2.1482210859895146,0.06364697228446961,1.023896301761905,E02005596
-0.3784482233997893,-0.4064494817311731,-0.17391211561098432,E02005597
-2.127852727057729,-0.6008849812502701,0.7286506638139757,E02005598
-1.3721895326065243,-0.24136275656819056,0.25521663835454306,E02005599
-1.4717170548853653,-1.3792626710040616,0.6091979064548992,E02005600
-0.6455263161068997,-0.49483928079873096,0.1899662773609313,E02005601
-1.7904973224630065,-0.927254852536712,0.5494810454909357,E02005602
-1.4406617757865388,-0.7602472543793882,0.2419268967435102,E02005603
-1.3675033519861377,-1.316490684115656,0.553354586034384,E02005604
-1.795483633979203,-0.9408032167491065,0.5807383231912421,E02005605
-1.5672542436996388,-1.7223347538925018,0.5780591829173999,E02005606
-1.3841102628249589,-1.3066041609124242,0.38464790228269297,E02005607
-1.302254175733483,-1.7188735077823474,0.5062385171046828,E02005608
-0.7359709664269036,-1.4820017886085823,0.32054059241650606,E02005609
-1.3583650669399367,-1.714267724625818,0.46106136997793784,E02005610
-0.2007522550968493,-0.5278567814641937,-0.27154227913278445,E02005611
-0.3917996638517642,-1.504876374831893,0.36421717527113606,E02005612
1.1543392770201693,-0.09959439367870326,-0.5827128660589541,E02005613
-0.031103899190591495,-1.3296101736846369,0.2612050528835369,E02005614
1.0280400678930544,-0.17172208526768631,-0.6648494704719277,E02005615
2.029420144444605,-0.4810118328368592,-0.15011745072611682,E02005616
2.6209534620334254,-0.421664364483648,-0.22676110603946822,E02005617
-2.028057591484376,-1.685247370562499,0.8425656703746913,E02005619
-1.8626575857846437,-1.1573470881234105,0.48265880831152647,E02005620
-1.3954007238825448,-1.316774978451919,0.5856229709016911,E02005621
-2.115359201824275,-1.2698003848430286,0.46785205613150344,E02005622
-1.5785199147474263,-1.0972908052384573,0.4004466500466364,E02005623
-0.4303285665126566,-0.1380614848422514,-0.301069790076308,E02005624
0.8684170046275409,-0.06001513564017768,-0.37630211303260813,E02005625
1.2205070629373236,-0.7943448566649661,0.09648788580203627,E02005626
-1.002750810226283,-1.476076704115309,0.8342272344749373,E02005627
-1.5168848876063488,-1.6001901419200726,0.5900909733030172,E02005628
-1.601086254590496,-1.7990617715867112,1.0314449465397402,E02005629
-1.7164852484877517,-1.412512132575588,0.748721375256754,E02005630
-1.4843616402488826,-1.4462088807860085,0.5243047766886562,E02005631
-1.204080671146322,-1.3298389139714193,0.45514467411839177,E02005632
-0.4560461117163464,-1.0083256065111752,-0.2794038161374977,E02005633
0.0011204921458787163,-0.7193859151455946,-0.02469442248683949,E02005634
-0.8632804568231534,-0.787583903724976,-0.03282580163768743,E02005635
0.35450296721054825,-0.41120344420050303,-0.532327668453963,E02005636
1.0989807463754369,-0.44782817543697656,-0.5056554105626809,E02005637
-1.125624891110166,-0.10673044496442978,-1.0394687207156372,E02005638
-1.916589111711026,-1.738586889196455,0.7357329545082962,E02005639
-0.5281795358059714,-0.444749533641242,-0.5715072983246051,E02005640
-0.15990704740967934,-0.7934661002308651,-0.08738272055357142,E02005641
-0.7206552414642706,0.4971287589754586,-1.1542824296316059,E02005642
2.773112019938167,-0.4286024796654856,0.09894560599284467,E02005643
1.018490252940838,0.2175197007439949,-1.529572018327312,E02005644
0.3537870014371446,-0.046081023310785174,-0.30347452320927615,E02005645
-0.8655873981230608,-0.030983868504071237,-1.1597720911014295,E02005646
0.8224809499646404,-0.22420446545590264,-0.1444308492246827,E02005647
-1.1340847302334245,0.13723918270336194,-0.9327057838942977,E02005648
-0.860550244244686,-1.2655631864097776,0.05993734718518954,E02005649
-0.2162346820016871,0.11900302418310432,-1.1275778728203105,E02005650
-0.9896263531197681,-0.12415856888005809,-1.117283770404068,E02005651
0.12807917038953173,-0.000187913427871931,-1.096180926188538,E02005652
1.7185748479245133,-0.2249919966957821,-0.31448725372194847,E02005653
1.5465902210400182,0.0805219992642573,-0.2360963484395695,E02005654
-0.2083497855048242,0.11742654045589443,-0.9055373039922523,E02005655
2.5111253610951065,-0.27491667023868854,0.14951448129343892,E02005656
-0.3012865443905268,0.029552253897088834,-0.9342855603623142,E02005657
2.2757063368770374,-0.17535560063143865,-0.21719153007611655,E02005658
0.4111913539249643,0.16041543345950893,-0.7198290177186774,E02005659
1.6432116051191086,-0.6451912122902979,0.3061439948768368,E02005660
2.1057885985270755,0.0706707827355266,-0.1645704328626103,E02005661
0.09556688047389776,0.36229883269384283,-1.04260630336742,E02005662
-1.0751688110512043,0.748745623502792,-1.1645063997563818,E02005663
0.5645421465756713,0.19364036080788208,-0.6659472949823768,E02005664
-0.21209834694633514,0.2799611649855009,-0.6509937520551891,E02005665
3.2788881746081144,-0.5951189622932906,0.5481916393562276,E02005666
0.7374550763281749,-0.42516449466203887,-0.2663890261780758,E02005667
-0.43194398351867086,0.11523587948252607,-1.1480736019716393,E02005668
-1.4985643456589266,0.4798666587346632,-0.7279020660183206,E02005669
2.9768916919798367,-0.4557622100098371,0.21960916532479471,E02005670
-0.08936818826303186,0.7257195687167955,-1.1469086778433417,E02005671
1.1305243247175423,0.4988297995950895,-1.2830179388884992,E02005672
0.4734112686725364,-0.07466241272106926,-0.7526697638731462,E02005673
1.2337321622793185,-0.053823625321768494,-0.11605015518450389,E02005674
1.4373100590694927,-0.22102809470076773,-0.0239554575853097,E02005675
0.9153632747990942,-0.06787758613178103,-0.2618353383135747,E02005676
-0.7742625358930049,-0.45872975020977097,-0.1706292895025391,E02005677
-1.2343283910365779,0.052169908519892866,-0.1719893257695739,E02005678
-1.440396242370398,0.656656878033129,-0.6894159718187945,E02005679
-1.398401489983426,0.7119685920214641,-0.5368098751068622,E02005680
-1.2468754117407927,-1.1917429385287581,0.16290696709980487,E02005681
-1.8512680787752969,-1.331769153934111,0.7096428074199036,E02005682
-1.4716454480881902,-0.9313824914483906,0.14495173976707038,E02005683
-2.082086669998362,-1.1167352278647054,0.6436157721477002,E02005684
-1.053378219461885,-0.755677358719617,0.5172482006163049,E02005685
-1.796209906871956,-1.36790564044407,0.5089371724897058,E02005686
-1.9672771673514422,-1.4045400831945356,0.7620004505647405,E02005687
-1.6843333281465145,-1.0189391296868582,0.29063142423721317,E02005688
-1.5479475205512727,0.21228797388691262,-0.6933905741553148,E02005689
-0.24861977902284363,0.16861781024320868,-0.27881231726133915,E02005690
-1.6996423644120102,-1.463766559487597,0.7488040861278912,E02005691
-0.6057138385403731,-1.4611082584803954,0.44588342384641805,E02005692
0.8309481012524276,-0.26967304877206305,-0.19499060233176863,E02005693
-1.1099591920970395,0.1011512088862849,-0.9592614713295449,E02005694
0.6821231449796338,-0.9487583083371903,-0.9858430935834489,E02005695
2.373500418799963,-0.7966877601776475,0.2664076155931618,E02005696
1.550674813563403,-0.1597844582631112,-0.16432939820568723,E02005697
1.2473256134532837,0.027270831741215414,-0.5527139472754046,E02005698
1.3271905793170784,-0.22680591874802816,-0.011581031658173606,E02005699
-1.3598055077516096,-1.0827800736270479,0.1198775295580539,E02005700
-1.0169514196742169,-1.286975431959788,-0.06777997017266171,E02005701
-1.7891276901391604,-1.8494565203197306,0.6358622261326288,E02005702
0.5581721444230882,-1.194674020256414,0.596955251715919,E02005703
-0.46683263522325497,-1.7537434378196362,0.3288271015231525,E02005704
-1.7704211734652433,-2.9153344280801172,0.9184528123320721,E02005705
1.2130643115454505,-0.6656854438059342,-0.050056405262995644,E02005706
-1.102076623203867,-2.534108128330656,0.284878745563102,E02005707
-0.9451566328930988,-3.134016802686791,0.6071275629585865,E02005708
3.833299719325673,-0.7390904116257052,0.7398728755866145,E02005709
1.36492367687036,-0.22358438012336052,-0.8329511847838776,E02005710
2.5734653145962327,-0.2110660919377505,0.13723176346441923,E02005711
0.6403055110983595,-0.9602276729461043,-0.03925761545993315,E02005712
-1.2946852143559568,0.22068831399387648,-1.0111450165101916,E02005713
-1.6324442763713471,0.9455272411273292,-0.8175613639280774,E02005714
1.6066266692170796,-1.2356505701038285,0.7341865177025981,E02005715
0.4042524292877433,0.040336121357847074,-0.38347710043528543,E02005716
-0.30255146380079934,-0.7356085619079469,0.2608595878939325,E02005717
-0.6072504290549086,-0.05049168594200334,-1.041655315653474,E02005718
0.3357991354653032,-0.8432778625494489,0.41778610006242906,E02005719
0.18502458691172002,-1.74557377084232,0.23733295561508141,E02005720
-0.3534585173706537,-1.0971502771441162,0.38435040082068894,E02005721
-2.166722541039803,-2.1768130016511997,0.783409340805375,E02005722
0.8074753697278135,-0.19152463310908444,0.050466064650744116,E02005723
-1.709317382472338,0.39410872638754224,-0.5153042095949457,E02005724
-1.6029839565981108,-1.2381007078067974,0.12862721950221473,E02005725
-2.324227182124691,-1.2053642623638035,0.5550923315688844,E02005726
-1.7068682042119059,-3.2381996942966333,1.0748211829550116,E02005727
-0.8535428538761254,-2.928863900148519,0.597517197870052,E02005728
-1.750221598376224,-1.1191051386949669,0.6605922764216293,E02005729
-0.5281974397115247,-0.9434246550381143,0.20387951298078766,E02005730
0.12908682010888142,-0.39125816705553107,0.06348484235192495,E02005731
-1.9764299043236815,-1.6311431740357478,0.6773719244386929,E02005732
-1.6237072119317664,-2.414771716651044,0.8133340762977406,E02005733
1.6216647423321566,-1.2524116905481408,0.009637664402336425,E02005734
1.9571949329547282,-0.3546873130313035,-1.3163721455040909,E02005735
2.062290926178145,-0.7982869944880782,0.7018217999414278,E02005736
0.5153641827238896,-0.9298755890444701,0.3109926590753493,E02005737
-0.2012103145196303,-0.11671407139298787,-0.9124053457729178,E02005738
0.567182767375611,-0.7733569259423495,-0.18549570819582434,E02005739
1.3996664903402285,-1.1099390463759684,-0.025588046136271143,E02005740
-0.44308251630989054,-0.5900907489366111,0.03949424741800233,E02005741
-1.6708610555623051,-2.190386500378093,0.45896057671631824,E02005742
-2.2662926420119165,-2.500151510665261,0.8288388639752633,E02005743
-1.5356864994536046,-2.1305411124523435,0.5030707190452522,E02005744
-2.542806457669514,-1.7222804374635363,0.7576634698567342,E02005745
-0.525007211084125,-0.24009521293067704,-0.20172809426014499,E02005746
0.2167819941220141,-0.6879015275455472,-0.38421332681285547,E02005747
-1.8148497684441638,-1.3307599364390534,0.5013532179900517,E02005748
-1.1600303666792855,-0.803061173593644,-0.0009451272046513994,E02005749
-0.9610459240860352,-1.384619253294192,1.032359999126464,E02005750
-2.34472109058301,-1.4557370565092516,0.6240498366351446,E02005751
-1.7813882647944232,-1.9000540450965737,0.9513418938527716,E02005752
0.2761348447640338,-0.6952477209421513,0.2501374828314636,E02005753
-2.0186226005476313,-1.4792760694135658,0.3053867584755554,E02005754
-1.3858639627846283,-1.4669832422743423,0.672300452566098,E02005755
-2.2996456699241197,-1.3766665987924802,0.8104934974499471,E02005756
-1.4978218587991938,-1.5398645334054364,0.30326841302784036,E02005757
-1.1437070930005038,-1.6985704232865189,0.90096130185461,E02005758
-1.4091956110776354,-1.721210573638079,0.6807995075532888,E02005759
-2.2396354264732303,-1.2918080298935912,0.9114081909093766,E02005760
-1.9158418224887683,-2.185095672434435,0.7924828464260499,E02005761
-1.2276764238527014,0.0884565366266814,-0.1736118850890384,E02005762
-2.069616754356891,-1.5002788678769214,0.8295887594926672,E02005763
0.13493175115816508,-0.13520529764655018,-0.49879360898908476,E02005764
-1.7185617587474582,-1.404539034134199,0.3759939761315631,E02005765
-2.0099507272163613,-2.1392921844133945,0.8156603370574561,E02005766
-2.349769600115048,-0.8576266532348479,0.3790395085198346,E02005767
-2.2094148984960373,-0.5680297151729476,0.2303380413746983,E02005768
0.04643394377569458,0.17445284921819074,-0.2056039009870746,E02005769
-0.8861582417695821,0.04805217503871912,-0.8734527066878222,E02005770
-0.18808029645621815,0.3302025838499686,-0.396642778141454,E02005771
-2.1949210739402116,-0.6489773174704454,0.04665768377696243,E02005772
1.0141083781249032,0.12555562963850625,0.03968233795579598,E02005773
-0.18653437245383675,0.4026996876793246,-0.709667704702082,E02005774
-0.6781642603875696,0.7683079502946277,-0.5759990223378291,E02005775
-2.2229955402792942,-1.4016758163181533,0.8195519034562092,E02005776
-1.4756355509921346,0.321956120808549,-0.39847643954076095,E02005777
-2.5637862047722533,-1.5608228146599876,0.891377573137681,E02005778
-1.4757447827899182,0.9585636555904024,-0.58662183154365,E02005779
-1.7699182170534609,0.5577509850973251,-0.21598681935326267,E02005780
-2.523662199865022,-0.7040603112271947,0.8784572316160935,E02005781
-2.1066165912074544,-1.7926768581809598,0.775875986224849,E02005782
-0.6408966636096249,-0.3521453812398837,-0.027784483937392582,E02005783
-1.4844754711624855,-1.092300737420796,0.4901463162829187,E02005784
-0.7035268139499027,-0.42847564766335333,0.18023034519929526,E02005785
-1.9494261051212038,-2.9503107554836974,0.8393897279038057,E02005786
-1.774109171566044,-2.136823677951188,0.48893504683357314,E02005787
-1.633881591270096,-2.464762239174995,0.5845018805620587,E02005788
-1.0563988492137748,-2.254770718914097,0.3470582239770395,E02005789
-1.6282370099341943,-2.462789109678642,0.7208029310061665,E02005790
-1.140462051825672,-2.5734051747176783,0.8632222625876443,E02005791
-1.9638382991301289,-1.8692327222890281,0.7772826828539291,E02005794
0.8168281792699106,-0.43642801195102315,-0.8542914255696645,E02005795
-1.0371680139918529,-2.6825645773947158,0.5021967722356977,E02005796
0.4764185449267991,-0.9601673672593647,-0.49385646912598224,E02005797
-1.4720716520123314,-2.322780667231096,0.3304414417530787,E02005798
-0.78243469470814,-0.21731559173178766,-0.6348753032853048,E02005799
1.9902930246712198,-0.4427761406655846,-1.1184508831905104,E02005800
2.556101858500691,-0.3736271570449158,-0.13537243934962134,E02005801
0.6955496757613809,0.32133741581979486,-1.7606436437530346,E02005802
0.4418609357406368,-0.3953107680705162,-0.38927127466476913,E02005803
0.6348740927832577,-0.3572869840362048,-1.363941106888627,E02005804
-0.8422332967739948,-1.304324972216316,-0.5623887829212529,E02005805
1.7788561942685157,-1.0339818026186092,0.26260561395195653,E02005806
-1.6969743422328063,-1.8026108278694877,0.1735690313301082,E02005807
-0.2848170230136144,-1.9260576521699742,-0.331787600451932,E02005808
-1.0399918718299417,-0.9558855584307994,0.2963954401275084,E02005809
-2.271392098700565,-1.2650167261741312,0.7455771952693544,E02005810
-1.8524009198426126,-1.258476199584011,0.38550163531951337,E02005811
-1.247401682279437,-0.8207191346993898,0.4751581049775448,E02005812
1.44503511054009,-0.6770543264961152,0.1146590998333332,E02005813
-0.4641793013421305,-0.9331756572550642,-0.17367621135469954,E02005814
-1.70075992058196,-0.9396935068675554,-0.22339583892200973,E02005815
-1.6915077131165452,-1.3220131940651385,0.2171980738006263,E02005816
-1.3874204731075965,-1.1136008701730011,0.48389128442299234,E02005817
-1.5820245512470497,-1.5423291865421103,0.5091416505935433,E02005818
0.4355631832238396,-1.405699531052362,-0.3103130541613991,E02005819
-0.07563688962067235,0.056861394375022335,-1.3145156313815016,E02005820
1.4980303289536248,-0.7804661811899987,0.011408310463704345,E02005821
1.0494410371438199,-0.45192579583704456,-0.853089014638375,E02005822
3.154831804092227,-0.5110155392902366,0.18334906427009542,E02005823
-0.06672105240433295,-0.009699809414119402,-0.9533199289171879,E02005824
0.4434008674881344,-1.136894262134322,-0.24635309037531483,E02005825
2.45012212048585,-0.27026287292125295,-0.15316249714241692,E02005826
-0.40576471441044104,-0.8744592746722667,-0.5560279518159852,E02005827
-0.26798783688686295,-1.1999648683249762,-0.44840252532383523,E02005828
0.18228665604184005,-0.6910536077576412,-0.5665191488661812,E02005829
-0.4650405358277416,-0.8972019415576562,-0.6327868892697296,E02005830
0.03142794973047897,-0.23024646359544668,-0.49899607405447777,E02005831
0.9289672925519509,0.10746255744414429,-0.9565407693271794,E02005832
-0.6253226910435251,-0.4119940920796456,-1.0115204532710569,E02005833
1.693273051615847,-0.705565803025345,-0.11837109570216522,E02005834
0.22952745091720306,-1.5091651754898272,-0.11535872385869479,E02005835
-1.4458934173977291,-1.7261051346164085,0.3986946985883463,E02005836
-1.4637236000300418,-1.7239751052787071,0.5480920424869011,E02005837
0.2976656035321252,-1.4834538554723544,0.2252382595813427,E02005838
0.5248408567545225,-0.4636726760183067,-0.24028854271631836,E02005839
-0.46630184915585043,0.1345692152245208,-0.7036441874682905,E02005840
0.1958708317224847,-0.6818151730965577,-0.21399217697033832,E02005842
-0.02972475774727036,-0.5874907047280087,-0.058922183270501034,E02005843
0.3676346880844436,-0.39857252817908795,-0.18230994902399955,E02005844
3.250118144930501,-0.5263235332131877,-0.19977442815371452,E02005846
0.023666812941426394,-0.4272414612841408,-0.7692037760016743,E02005847
-0.9021900951467866,-1.9845860403813715,0.2918387576697824,E02005848
-1.0118442288151994,-2.031802584821017,0.3311280987229911,E02005849
-0.5947980771866295,-0.9646758622924514,-0.7405200791518118,E02005850
1.9626472950823566,-0.39878826265533096,-0.2266284104483937,E02005851
-0.8227544900473202,-0.590105318543199,-0.8034576628617962,E02005852
-0.4839959003207443,-0.25283495749809803,-0.09623526001509533,E02005853
-1.4682461484545266,0.38658740076314,-0.34995929211687915,E02005856
0.65749935728009,-0.011175544155543955,-0.6372757697252399,E02005857
-0.25050648613144705,0.8337042883420793,-0.31695935217113597,E02005858
0.1414878584958198,0.12300007869502687,-0.745606264516698,E02005859
-0.021574366755196216,0.6484472033102938,-0.3552412268308886,E02005860
-0.24418004888308342,0.0630052985282016,-0.5538756034553188,E02005861
0.32287489062338554,0.22359127543187882,-0.20534567926852537,E02005862
-1.1492712071680742,0.06163693078203997,-0.4981402604034924,E02005863
-1.6117276288000264,0.5901958798867771,-0.5343302703481526,E02005864
-1.785226609402318,-0.8039469275269079,0.08092354949058932,E02005865
-0.907227346141004,-0.9444351715593036,-0.09560774847116318,E02005866
0.003761471673809702,0.007682702974413291,-0.7417821534175931,E02005868
1.4868578552555072,-0.24875092004454966,-0.22000267671972112,E02005869
0.9283328543822998,0.11750083226343183,-0.7953768502117597,E02005870
-0.8180761394350832,0.39054528047387504,-0.9740202906208033,E02005871
-1.7177041382564198,-0.7388043692159049,-0.1049879345712675,E02005872
-1.2050690138093902,0.6994164536549766,-1.0431412663560762,E02005873
-0.8402729252776638,0.5798705389306505,-0.7608696828339556,E02005874
-0.163165007998899,-0.2691868055896076,-0.5984879720764511,E02005875
-0.17560056433417082,0.18175308799078238,-0.9721151497048356,E02005876
-0.058618187827287935,0.35815881611720063,-1.193186494311321,E02005877
0.6268340077117003,0.16782537599733818,-0.7582438958150783,E02005878
0.3514196898327272,-0.11423174194530362,-0.5527263727985967,E02005879
0.780368746110845,-1.4392911368685566,0.15394883077474522,E02005880
0.7564895372863543,-1.214353401089526,-0.1563247169718116,E02005881
-0.23313327797420585,-0.13266467457984793,-0.6876692645104232,E02005882
1.4708300154609801,-0.6571704726888483,0.10797131864732454,E02005883
-0.4501585424400735,-0.09825411347464767,-0.9635520717081207,E02005884
1.2496015208240447,-0.7505256914158869,-0.01114749827262809,E02005885
-0.12213585663265059,-0.1018400925999559,-0.8053101801025707,E02005886
1.6345273774095803,-0.4569064393083065,-1.030202720764485,E02005887
2.7940660767045613,-0.36373896966432,0.07957281091561363,E02005888
1.0554257815271397,-0.07924461100471426,-0.5439107485562124,E02005889
-0.7058766107856463,0.36761886504942387,-1.281364286101724,E02005890
3.1343567098538205,-1.002085552223389,1.4737054252339543,E02005891
-1.3634597403821462,0.2379540759674268,-0.6960574327888414,E02005892
0.7844742168573849,-1.603542723523586,0.12187802597634777,E02005893
-0.277543533413946,-1.1675448005975537,0.2287255549134296,E02005894
-1.7646934018222131,-1.7959439548256622,0.44655336114015126,E02005895
-1.5845483928971822,-1.6437203990978302,0.3905608627887574,E02005896
-1.1111046618474996,-1.6094238368186122,0.5726370935359525,E02005897
0.12443776451075433,-1.1178577584906915,-0.13349042857096596,E02005898
1.1610574057494085,-0.7901158509010668,-0.39077040852914796,E02005899
-1.449709405554749,-0.7675319936621113,0.10515752848872617,E02005900
-0.04330630922455443,-0.1019860408023896,-0.7667395700718613,E02005901
1.8192233894051673,-0.3293598173803002,-0.2225139671802688,E02005902
-0.1558664162851117,-0.5526691854753876,-0.8541390115469747,E02005903
-1.7898069948473054,-1.389974619202512,0.3840061365476868,E02005904
-1.9312612582763586,-0.9979892026119942,0.3666509761550723,E02005905
-1.9595525926491082,-1.3120849034805782,0.5063809348433053,E02005906
-1.0324208012855125,-0.4104042791641542,-0.06791752012826728,E02005907
-1.5596397717255719,-0.4385920695446572,0.10630664831868535,E02005908
-1.604609493027182,1.36288627829768,-0.355971694493654,E02005909
-0.8850686682215521,1.1423087380369843,-0.38514918182698404,E02005910
-1.899496485979019,0.3116581475928027,0.054019153135547025,E02005911
-1.3888706826204291,0.7122638498981393,-0.2673737270937185,E02005912
-1.0688983001815098,0.553285879872469,0.251557322891779,E02005913
-0.47924222504196295,-0.8095996339556862,0.03204718946612505,E02005914
-2.0739541722927077,-1.3850086932065513,0.568689531946443,E02005915
-1.0832848289038295,-0.34330625678713333,0.04482881114906038,E02005916
-2.4691972998554004,-0.9154879395370755,0.3163693294048281,E02005917
-0.9138938548313171,-0.25640498621622804,-0.2118085577998342,E02005918
-1.3178456481753358,-1.3056281294913992,0.3258797766544561,E02005919
-2.1064225791276003,-0.9648771627324458,0.2319139196105967,E02005920
-2.5087751436886108,-0.8636405215124727,1.0785766454403765,E02005921
-0.7115390923594521,0.8610862810439915,-0.2608580016822136,E02005922
0.704444969238712,0.32881989311048854,0.04563622395763654,E02005923
-0.11546249756031854,0.05721201309684756,0.11006307815263301,E02005924
1.8654249518196464,0.3448066723546497,0.5667302758470897,E02005925
-1.1663383453891136,0.08103785561330741,-0.33700469174820763,E02005926
-1.013520633760818,0.6352027740362475,-0.4447785491126195,E02005927
-2.0821603493037824,-0.23982122082698423,0.33398703271621577,E02005928
-2.2470066292819477,-0.8579053069515898,1.0659129184536602,E02005929
-2.3037565303779832,-0.7122191755091571,0.9869656436759887,E02005930
-2.4780111125509645,-0.7918776460184138,1.0162692341387862,E02005931
-1.5230614850901827,1.6034565605707607,-0.06988829095575168,E02005932
-0.6961655512828986,0.7764679024510281,-0.04611946639723847,E02005933
-0.3724191529845002,0.8187094884478524,-0.20644067617082407,E02005934
-1.4896716327723245,1.0651699123798022,0.19895781252101663,E02005935
-2.22711931246936,-0.982060656253047,1.1051586815491357,E02005936
-1.1847669051866687,0.6727652221809085,0.039266641684509565,E02005937
-0.9243785867028516,0.7162101180703963,-0.23830416333833365,E02005938
-1.9975705394527299,-0.3627479180637283,0.3226970324432013,E02005939
-1.6605937811198608,1.0765339468030029,0.7479386718854876,E02005940
-1.4449269332308854,1.6158583034175702,0.5598076247274978,E02005941
-2.2192146305111673,1.7380956564285441,0.3063960818889142,E02005942
-1.525287116364592,0.8626155581787607,0.2969261390511644,E02005943
1.5360488678638033,0.6873150266803763,1.0898905189122656,E02005944
-1.2658117997196212,1.312965852987353,0.3120293976083064,E02005945
-1.1590018489547709,1.429444834065565,0.03871482294407131,E02005946
-0.3830608571565646,1.114693142085121,0.22019549297259727,E02005947
-1.3570350350413365,0.8375167959635705,0.9075825869118275,E02005948
0.8981441100488832,0.9352459907570426,1.2619738005531473,E02005949
-0.24238063387726164,1.257436292900396,-0.049694783741697376,E02005950
-0.8292026896211082,1.210670297445604,0.7730643340509791,E02005951
-0.3341701568837354,0.7547231061278616,0.17029012158312734,E02005952
-0.6477289934163072,1.4749476356367475,0.41950245851326984,E02005953
-0.3354452438763554,0.9021744883861829,-0.02509530244078737,E02005954
1.1244556938888761,0.4885208606826883,0.4029486945990394,E02005955
2.3955619724945225,0.3885774367884836,1.1168007246250133,E02005956
2.444428835583014,0.7012706975829645,1.2982541589514125,E02005957
-1.8011358043091483,0.9197053675966119,0.16415735247077648,E02005958
-2.192424659825711,-0.7487365449933234,1.039277030903015,E02005959
-1.6731795433661003,0.2543503544493006,0.6515936290481804,E02005960
-2.1418581408546897,-0.6482406957410204,1.0138964238203874,E02005961
-2.202881905653645,-0.5560267197922086,0.6487706264899162,E02005962
-1.414177233210772,-0.9166973165640705,1.0580202068000983,E02005963
-2.251640451566018,-0.45022872219648963,0.867682288716544,E02005964
-2.381819113491862,-0.8796594692187315,1.43559086659663,E02005965
-2.056723759824148,1.2123848145525655,0.1274801517769771,E02005966
-0.6604856676021775,0.6576795932527001,0.19865984334739142,E02005967
-2.5433899716935557,-0.30193907951764004,1.1706396213194687,E02005968
-1.1432866813837028,0.14635271334310132,0.7926296873882593,E02005969
-0.23791178673135455,1.146732104548447,0.17165896791738638,E02005970
-0.22953697330235182,0.6929321173568693,-0.16059876316107957,E02005971
-2.096589538366868,-0.45341558262890747,1.1529092766346325,E02005972
-1.2665909722820516,0.7371858375701383,0.39748557677850327,E02005973
-1.6134110027518662,1.3570034253217604,0.5163930864255099,E02005974
-2.3304861149324836,-0.34455265609572056,0.9245660523011727,E02005975
-2.7881963955208793,-0.2989897016125473,1.2859302194495787,E02005976
-2.1228760872050474,-0.22881062552760967,0.8895040334511507,E02005977
-2.437161240510878,-0.05398695674676363,0.8939368185255407,E02005978
-1.9580483054609927,0.10985511933364976,0.4406266174454873,E02005979
-1.9931471215335466,-0.1567330932233484,0.8646206071279393,E02005980
-1.887598672051896,1.6468002170782607,-0.23397018105278936,E02005981
-1.5043757680686125,1.2923018845947927,-0.12443802683839339,E02005982
-0.5540881382001107,1.0568122875973731,0.6935590131183448,E02005983
-2.783741684192311,-0.6977885337639977,1.2402603904107545,E02005984
-0.02881003057856338,0.687482581419922,0.4917581455756464,E02005985
-1.303478239235087,-0.4553283549389152,1.0351857917338958,E02005986
-1.50290726060004,-0.5046878082011149,1.035228062478523,E02005987
-1.5091838219088418,0.1215010463478698,0.3291950086324702,E02005988
-1.0322188363269036,0.8475800755455271,0.1873433933172308,E02005991
-2.0831416891697034,-0.6365154314167499,1.38245042347848,E02005992
-1.0137925674351655,-0.008774651611435086,0.6206910076951367,E02005993
-2.3452588821468496,-1.1819139026024132,1.2596559565196008,E02005994
-2.3135937692152733,-1.139416276269615,1.2273557351560627,E02005995
-2.314713466308931,-0.5600405458934077,1.149780230115007,E02005996
-1.9706539813957134,-0.5275299138246472,0.9508646324420925,E02005997
-2.437677544149463,-0.08639495665293122,0.7546795942126028,E02005998
-2.1290309808205254,-0.8531120778062965,0.8076018968232176,E02005999
-1.066941194271259,1.0021793075974497,-0.005813909084116015,E02006000
-0.6102842993082921,0.7537364414445454,0.6015484904800302,E02006001
-0.3408472850187495,0.5310544462315365,-0.0718177404695027,E02006002
-1.6546313126532102,-0.8659499376409964,1.0163593785876506,E02006003
-2.1330669460216938,-1.2854342709433328,1.2776433549096293,E02006004
-1.3887382791066905,1.2662679948002538,-0.0696645756907886,E02006005
-1.0678349590442155,0.8428631644783637,0.09234912614047366,E02006006
-2.0914266194107243,-0.8187445075679222,1.1051485439308968,E02006007
-0.9216117248890223,-1.3070768730215137,0.7609354492339978,E02006008
-1.3600358773697538,-1.045449318686785,0.5800342644373523,E02006009
-0.8655355923179174,-1.8502551396919706,0.5871065478302353,E02006010
-0.4543554370609327,-0.36643448846230076,-0.46382392302244957,E02006011
-0.4711136037450274,-0.362225858242603,-0.33736076498394885,E02006012
-1.4458302579635656,-1.897189722238562,0.5161629906803825,E02006013
-1.0831787937316315,-2.19443430911617,0.3601091306348992,E02006014
-0.07425826616191919,-1.1719477364780209,-0.15753131366620693,E02006015
-1.3704885797644815,-1.9298521574240661,0.4764747654937234,E02006016
-0.953127492366168,-2.0181284781613855,0.1827421275861199,E02006017
0.38020824853888,-0.23905725578669254,-0.7066540716383078,E02006018
0.016695924569258253,-0.4213389109476258,-0.6187687683465249,E02006019
-1.2356036656214269,-1.7703462159205061,0.5357266563797615,E02006020
-1.6818081055792358,-1.8211726305290372,0.4794101486897175,E02006021
-1.7345370389558814,-1.5251083914581842,0.8174632469509423,E02006022
-0.44973307664135004,-1.5369744722434935,0.1925629392845255,E02006023
0.6770667801076073,-0.3145673172274737,-0.46400995804383127,E02006024
0.07696189932393689,-0.4970123706436203,-0.4879251230759428,E02006025
-1.3131064217129171,-1.8089272773349292,0.3860329269827263,E02006026
-1.4350148938744967,-1.8106974571942487,0.2820909201963349,E02006027
-1.364333217882366,-1.996357055120078,0.3904462928970304,E02006028
1.5551372594069242,-0.581774534553174,0.016775799688627947,E02006029
0.46025428882798985,-0.4146591274614751,-0.37479574963086376,E02006030
0.2698804555462704,0.24809388658186265,-0.4192259414505897,E02006031
1.1536385057006238,-0.17790420444587318,-0.06242663460305882,E02006032
-0.5552380934310507,0.33141132125779327,-0.5083748294991791,E02006033
-0.8518024827147233,0.0670781480380273,-0.490276376063018,E02006034
-0.7001090290405052,-0.11079410241367171,-0.6126942913328537,E02006035
-0.5191926098544878,0.10634716445014973,-0.4805016939860296,E02006036
-0.4974703288166879,0.20897721450698728,-0.3903483303078526,E02006037
-1.3695775114327786,-1.6098398616666585,0.11010373982466008,E02006038
-1.059982298023091,-1.6125333934745938,0.4248262057380297,E02006039
-1.798393760036175,-2.013420080063566,0.6486433546264125,E02006040
-1.0763663924399278,-2.5663946948179004,0.4763140611996545,E02006041
-1.392279070247585,-1.7670062778814812,0.38319584695653663,E02006042
-0.9598995664826647,-2.527596269375141,0.5163707131784561,E02006043
-1.4576163993821116,-2.712158843063429,0.414836522232255,E02006044
0.2757029912034337,-0.9086082877261288,-0.32977395805447485,E02006045
-1.0095461159545223,-1.9330185777652416,0.22047364487041018,E02006046
-1.6648221781892896,-1.6119709465229723,0.525312058025355,E02006047
-0.8423956529407589,-1.2360564009243533,0.2900314297418017,E02006048
-1.0739136968924285,0.37358690213120344,-1.150927038642119,E02006049
1.0248589144310225,0.2657933342785613,-0.22870953126289215,E02006050
-1.5960409043920993,-1.6647998829328248,0.3712841113636088,E02006051
-1.6343612234187412,-1.5309774152944113,0.23995716536272088,E02006052
0.24865089264676685,-0.07154188175857738,-0.5266110179580377,E02006053
-0.0738971804483564,-0.18973693447887816,-0.6097873486120006,E02006054
-0.04010905334428125,-0.19086547648479152,-0.3720999929353915,E02006055
-1.4148516554849158,-1.798484217915878,0.5045347073393399,E02006056
0.022905323539474786,-0.9756638469042137,0.019736838348921308,E02006057
-1.301100692108509,-1.5302709803552208,-0.16235777058822184,E02006058
-1.9732741054175895,-1.6388214480860952,0.534130385916815,E02006059
0.3975452886088591,-0.5234636886449283,-0.2158060145794822,E02006060
-1.495207901770131,-0.9605967274196366,0.26278767252500135,E02006061
-1.277256925725943,-1.4262879709980372,-0.2685065655535846,E02006062
-2.0887525581930686,-1.3381195972066535,0.3998137500568086,E02006063
0.15743195830446755,-0.002510260370346531,-1.1923287038032684,E02006064
0.7863646519778106,-0.3077119013302457,-0.3444979667267397,E02006065
-0.8483991885407021,-1.4833121217504763,0.067795265243217,E02006066
-1.497890690787724,-1.6606954304279629,0.48990803981601055,E02006067
2.1826248930777092,-0.38970524464282746,-0.027319473405520697,E02006068
1.0161560602633457,-0.0262910443298604,-0.8467337337410602,E02006069
-0.6665833662009429,-0.7828340512679772,-0.8399880413658899,E02006070
-1.1554907041198734,-0.8068597495787192,-0.5027408366652237,E02006071
-1.622238205204386,-1.5575436853656306,0.2447930448534821,E02006072
2.45078844855748,-0.2789655527130317,0.07532548491189504,E02006073
-0.859035383086368,-1.43290920847633,0.089229321673945,E02006074
-1.6182763394550472,-1.6858953174953915,0.6254181239840197,E02006075
-1.5735810148045697,-1.4032653827231056,0.4948620427490166,E02006076
-0.9906260781718798,-1.385199521381782,0.31074483112012713,E02006077
-1.351004034024611,-1.5506379134436743,0.4092476962948291,E02006078
-0.983408007731109,-1.5056274533186473,0.2819235770614459,E02006079
-1.7295366233636895,-1.110260792479687,0.762811765820663,E02006080
-1.2427180478438486,-1.698550378180904,0.41402912118237983,E02006081
-0.8128533954809564,-1.4022058032918725,0.38329109021815405,E02006082
-0.9371571741351247,-1.1461283331535643,0.3409193482778064,E02006083
-1.2039903778709513,-1.340221670804066,0.4230953501684324,E02006084
-0.18956190846714754,-0.05126770016168775,-0.45767127995834256,E02006085
-0.8178043763797266,-0.555919037075269,-0.28095672568627256,E02006086
0.6836319939062578,0.3919733879709444,-0.29511132172666266,E02006087
1.7496001408824584,0.07369825762316816,-0.007760697351236642,E02006088
0.8888181303143108,0.034011268540903375,-0.6073851808387994,E02006089
-0.07841078497679771,0.24384298174679261,-0.548774835059099,E02006090
-0.9992634343919429,-1.3759863698365835,0.49742835569843374,E02006091
-1.2473668396754707,0.17823016188785598,-0.6159244543308525,E02006092
-0.8399102433329724,-1.2940594268401768,0.1483727936222035,E02006093
-1.0691660179202984,-1.3925870701472738,0.5600055805202696,E02006094
-0.1921031424549656,-0.812761861045706,-0.36799766345539686,E02006095
0.023645835694078795,-0.4539955612899003,-0.5619529785665902,E02006096
1.2829227092739341,-0.19872475163109368,-0.39213656340382785,E02006097
-1.5524121787506902,-1.8557681112769935,0.36116798269316086,E02006098
-1.6535139153574743,-1.156393063265503,0.5437915843173357,E02006099
-1.132381235334968,-0.684511704782186,0.20438853097013152,E02006100
-1.4143504238102198,-1.6473747945804278,0.6600129697858323,E02006101
2.1915494806885727,0.01416323789868117,0.4107152218092253,E02006102
-1.5917535023084617,-1.3205672918997813,0.2844347422023691,E02006103
-0.8803355745314806,-0.4878506906901315,-0.0419221950993286,E02006104
-0.2732389862564761,0.47960825740613905,-0.9375371609180428,E02006105
-0.4058092410033405,-0.490550255051956,0.3917966137243742,E02006106
2.5031631745225447,0.037242558625570264,0.7898386758596628,E02006107
-0.09376519362378974,0.2320427610452743,-0.40583447503853215,E02006108
-1.733371821187678,-0.24561295847756298,-0.3768993126417443,E02006109
0.7800366698869876,-0.26555022647221915,0.0950580128458818,E02006110
-1.4223931436767865,-1.3294882853198131,0.0646739460670178,E02006111
-2.0129690304542738,-1.349815102058095,0.5186868497766157,E02006112
0.08885056404448932,-0.36497125183858375,-1.113036486570522,E02006113
-0.31308117405071556,-2.1380260558278152,0.6151658188735066,E02006114
0.43634062853344446,-1.6377292916099448,0.5101516631441558,E02006115
-1.340433012822858,-2.1898600050741406,0.5088357126672401,E02006116
-0.9336494305587453,-2.7636048119433183,0.9102991089973537,E02006117
-1.2269529648570436,-0.9321367012021197,-0.6907083581024063,E02006118
1.185332288872634,-0.21049875545431665,-0.516834938627721,E02006119
0.2584322517759731,-0.5069521631186249,-0.579144362125792,E02006120
0.1901361372239962,-0.8743489920780116,0.16371789636727646,E02006121
0.24902516067845643,-0.16431232319775974,-0.6875410251836639,E02006122
-0.46062202934223795,-0.5349988821402448,-0.019345180990547613,E02006123
2.2257412002016643,-0.0889138287263272,-0.02971149232820433,E02006124
1.4276445163119909,-0.017163620298338837,-0.3315292316014412,E02006125
-0.19499876230340782,-0.13722840028321354,-0.8214455190023058,E02006126
-1.1206478511760143,0.843947779602954,-0.7272913548611526,E02006127
-0.12095696248157047,0.044056057192598835,-0.6029411513788407,E02006128
1.719675797229408,-0.43861181147566913,-0.017493505819496238,E02006129
0.035438584522032995,-1.0896195786874951,-0.2156686493723211,E02006130
-1.3940914603897507,-1.8363269575455616,0.3396979642384998,E02006131
0.2597806823595965,-0.5467634429403843,-0.40477875840488214,E02006132
-0.586647006799916,-0.6248239241990264,-0.3191388242283371,E02006133
-1.239055877834691,-0.8611814357610632,0.04723457129472804,E02006134
-0.9928303775256039,0.021683685898957458,-0.9831103964730381,E02006135
-1.8049326488175967,-1.6340622185063276,0.3788914336535262,E02006136
1.139990321439628,-0.027385344357838848,-0.6763427278421228,E02006137
1.5588281894884766,-0.4823930556894209,-0.885819567561879,E02006138
1.273361370675447,-0.7102432652954352,-0.952951240639428,E02006139
0.8741262892940778,0.03067713389339211,-0.29640170470310256,E02006140
0.9666634233828494,-0.843166915317463,-0.9106838663677966,E02006141
-1.2183566607457499,0.35582089535798783,-0.97635312370985,E02006142
-1.1144044127520618,-0.4300330395043662,-0.44529641905125583,E02006143
2.0060999763816194,-0.21387256456595177,-0.18663374756768808,E02006144
-1.9337578646772486,-1.1049143246201025,0.26751593713788724,E02006145
-0.9806936223829176,-1.2719322877093695,0.04989419725991669,E02006146
-1.8130816451549754,-0.9859030051440255,0.5155087790189559,E02006147
-1.7411724487011866,-0.7979886467238446,0.08978570409325182,E02006148
1.2721504969589303,0.18083198661616343,0.6545779880105306,E02006149
-0.9898940768445068,0.5082112245263991,-0.5500980260841563,E02006150
-0.06821735625069265,-0.5373569800362737,-0.364011661593541,E02006151
-1.0757860305091076,0.2666136696076197,-0.170750171468122,E02006152
-1.8780396727681747,-1.3209866178422263,0.5277198068513177,E02006153
-0.8444860990216768,-0.6582933127510964,-0.9701344639821294,E02006154
1.5157113424832571,-0.018235831968161132,-0.4474738314890676,E02006155
-1.7768632808410494,-0.8612916057331518,0.09471937749812893,E02006156
-0.5583776072606961,-1.4799059603872131,0.50150643123167,E02006157
-1.0923530288613448,-0.3278449715004399,-0.7815515665310292,E02006158
0.9468674597403561,-0.19879344666552207,-0.5851345175344863,E02006159
1.110131367602045,-0.44121411589425247,-0.08626190625980025,E02006160
-1.087066249706327,-0.3942218614674779,-0.5484857988320228,E02006161
-0.5419614906741042,-1.1137426807152717,0.15921624488970473,E02006162
1.2475283187440815,-0.1685533950054373,-0.20733634354890154,E02006163
2.03572291278092,-0.6834318091271254,0.3075914774289751,E02006164
0.13680786029807965,0.3789919965011827,-0.5830133968850246,E02006165
-0.787407862742677,0.6092945600526106,-1.0671417719766643,E02006166
2.5187766705071324,-0.3177675671342767,0.6392898112658164,E02006167
1.3070274414730267,0.0392939281709443,0.12710641082131022,E02006168
0.039778628982055704,-0.8552726624680946,0.18506956264768365,E02006169
-1.3132754806322409,-1.0267007329319153,0.4056322150940264,E02006170
0.34748118667017586,0.2035185327572108,-0.1535096108123122,E02006171
-1.368342302525222,0.4054907095190366,-0.3600521977957786,E02006172
-1.891617235219477,-1.4224489529267283,0.38229734075942173,E02006173
-1.3261621868628726,-1.2637035157522467,0.32816346069743835,E02006174
-0.15566801807652295,-1.2142292830816082,0.36030940468913825,E02006175
-1.545010551740122,-1.423965440148871,0.6337327756041211,E02006176
-0.27867559164219297,0.11222751167145957,-0.7647071096688007,E02006177
0.3819335538472157,-0.28189692739586397,-0.27373013266931484,E02006178
-1.037218715546089,-0.7704618752181619,-0.212623662203871,E02006179
0.03290076724380365,-1.0796834852156945,0.3028562815460032,E02006180
0.6040613040240796,-0.5483537834641166,0.4732842818678119,E02006181
-1.7353041631244703,-0.227999909071799,-0.1298831550833397,E02006182
-1.9107730666289788,-0.720574007962325,0.13918704535948398,E02006183
0.0013285938312696923,0.7043247468063669,-0.016168902394947667,E02006184
0.22819088790309935,-0.39294545737734615,0.38977778273883745,E02006185
-1.512809422954113,-1.1849892104972124,0.07908577488769304,E02006186
-1.4721908657353215,-1.0035172698133106,0.37580440461690656,E02006187
-1.1135840011941356,-0.7139949709173675,-0.04632921497947382,E02006188
-1.3872784625706729,-1.3977120157169192,0.4846308121495703,E02006189
-0.1198948887695733,-0.07288935804121137,-0.2851498729210316,E02006190
-2.061100048893071,-0.9888987767595602,0.19229679524308324,E02006191
-1.7648582368604047,-1.5504894409321754,0.6060001301010706,E02006192
-1.4207825835848369,-1.0236714638993758,-0.3203018846499181,E02006193
0.7894809063478272,-0.263990078714754,-0.00943431140622045,E02006194
-1.8235483102775782,-1.1923111505507153,0.38197748287461547,E02006195
1.0422282231323814,0.2110360000743632,-0.1816753808482149,E02006196
0.23435161309736288,0.12380478146250182,-0.3163225335363093,E02006197
-1.8042715059167909,-0.8034735022674713,-0.28902905785392974,E02006198
-1.7050802887341212,-0.8316110698394793,0.19247563664964668,E02006199
2.359691482499616,-0.06584337742432454,0.40490281061246575,E02006200
-1.7511866924254575,-0.168634672913869,-0.5744894071081864,E02006201
-1.78969836221617,-1.5044862768627907,0.5312185025310401,E02006202
1.0882795584043485,-0.05114277483548661,0.2940447472792663,E02006203
0.059951740919301326,-2.2253752566940275,0.388350756146442,E02006204
-1.8276352424661757,-1.3663295113128813,-0.18039484537625858,E02006205
1.1675821493537362,0.026348410210513883,-0.3517300634549712,E02006206
-1.0514441671377641,-0.9439329523368546,-0.7823853438030838,E02006207
0.4596043451918808,-0.379781506586532,-0.6834051455111279,E02006208
-1.172548989471425,-0.8025731405399716,-0.4335943161304493,E02006209
-1.5510215349637242,-2.339026620592779,0.3665246662371156,E02006210
-1.4381063878007285,-1.1282921673231867,-0.4108777891729949,E02006211
-1.4212825171879258,-1.1088641909685464,-0.4985288001054158,E02006212
-0.5328795688331103,-1.8514340697814105,0.09715041105346345,E02006213
-0.0016305042137044832,-0.8015227990245619,-0.44216901809436937,E02006214
-1.306511777345496,-1.355592333839632,-0.2722148890094392,E02006215
-1.5164910109628063,-1.010341536523368,-0.2966503130784845,E02006216
-0.3713392131422117,-0.26464827144336645,-0.5125141261226701,E02006217
1.5386317654238215,-0.4543622359315102,0.2659240727116188,E02006218
0.3925911856788049,-0.2721946187722619,-0.1621845424009823,E02006219
0.4671445252431233,0.07444991383409232,-0.8667502688480109,E02006220
-0.6563625856022847,0.23242833698992826,-0.5438470748924716,E02006221
1.2934141895104032,-0.010246729659812222,-0.6816556275704929,E02006222
3.5171436767204765,-0.23670489703281514,0.599273546522749,E02006223
-0.39600212509434796,0.30004775922353216,-0.6149388279650293,E02006224
-1.0012563045809268,0.2850405394057036,-0.8001675695748097,E02006225
0.026657992534256235,-0.008841794046855105,-0.5839776754436782,E02006226
-1.2965999660157952,-1.60531216392059,0.9651740076890681,E02006227
-1.3771801207230319,-1.4094356986708398,0.333103467919024,E02006228
-0.954833153855711,-1.0664408464497008,0.4230838113652222,E02006229
-1.0831692410543754,-1.0782666780068988,0.6082624475813836,E02006230
-1.596651983825251,-0.7827709922111876,0.6183301264154685,E02006231
-1.4054869403371946,-1.3408439683719489,0.5320132256481266,E02006232
0.5532843875580533,-0.3795364364861054,-0.21990008323357516,E02006233
0.16971856347419764,-0.38708042935714826,-0.2627816130157527,E02006234
-1.975059852458887,-1.229998111889652,0.8241538545419863,E02006235
-1.8459260948168388,-0.8476328995611436,0.32318184359492846,E02006236
-1.5892450150219044,-1.0542721157676904,0.5083411478529388,E02006237
-0.5125958562733406,-1.7061358668843143,0.17957328020126545,E02006238
-1.5967179137760283,-1.084073235926337,0.46289964157411095,E02006239
-1.8471184272349432,-1.2106146005922689,0.6088885582693432,E02006240
0.0430575450911667,-0.5682497505247902,0.24657801767401402,E02006241
-1.7661241753767027,-1.312206808164081,0.7925854346095562,E02006242
-0.23409259947566843,-0.5873128426082824,0.4457246578121461,E02006243
1.4501369379978115,-0.17905150900328923,0.3993149769872713,E02006245
-0.5384686243754506,0.4876016279662301,-0.9393036420428484,E02006246
1.1075519628749366,0.1033197896512376,-0.013621507482831778,E02006247
0.004954709041639072,0.4245155999661777,-0.09163731912239026,E02006248
-1.203811346685401,0.7234700764379075,-0.09999745254812038,E02006249
1.243713419426409,0.6238308891063454,-0.5751856994180351,E02006250
0.4971068957167636,0.5769748780766867,-0.5001084688415222,E02006251
-0.2302212623220468,0.700338483376085,-0.7120701031303402,E02006252
-1.0605156436646475,0.48809631480887755,-0.7871631453020064,E02006253
2.0241507456718812,-0.19057291228526216,0.48366284158123696,E02006254
-0.620988888443578,0.7828954048184745,-0.6028777824209872,E02006255
1.543233478832129,0.2794740442547348,0.06975235576549924,E02006256
1.529585345683615,0.31125779777950835,0.035862392431586475,E02006257
1.3025460711600643,0.011373043297541166,0.5091753834618019,E02006258
1.857826640791025,0.14300681198848703,0.6695488547920948,E02006259
1.8359164196792792,-0.1992352924382083,0.28197278586313784,E02006260
-1.4322264947288508,-1.526956424054647,0.7676483705735906,E02006261
-1.6531271396280256,-1.4814736972410742,0.5212072676590921,E02006262
-1.5431547080185481,-1.8454157234944302,0.6654044552891695,E02006263
-1.9473454350094819,-0.8123101842488782,0.41360309628789893,E02006264
-1.279109270891148,-1.4542814403277193,0.5134656596562616,E02006265
-1.3156491825851329,-1.0104023122425998,0.900017666181781,E02006266
-1.9691341108959914,-1.3767223023406057,0.81017387825524,E02006267
1.3278022046518771,-0.1094212711925874,0.1296205457615512,E02006268
-1.8409391752570836,-0.9168079220330089,0.3109670304901937,E02006269
-1.0378985240469696,-0.08992418622112505,-0.4936447744349465,E02006270
-1.6747640382877593,-0.8642937099632867,0.5617569021285905,E02006271
-1.480450983059163,-1.0883485988352568,0.29968766938503516,E02006272
-1.3737460676078557,-1.3429071311487613,0.6461224667158965,E02006273
-1.8199177071828072,-1.2338034258406527,1.1210772715815531,E02006274
1.7615844240163894,0.10078827818982125,0.5723476229144898,E02006275
-1.735146184067829,-1.2298104123466722,0.6943092516070102,E02006276
-1.7538300736576604,1.0302114799575788,-0.09938692563222833,E02006277
-0.37803382353404896,0.6275412993414635,-0.044109761476599084,E02006278
-0.20876189917876542,0.24575179494919136,-0.45914508614170696,E02006279
-1.8066886837500593,-1.5416027668946588,0.739489475981475,E02006280
-0.5638420520810727,-0.01820769772333485,-0.08483344371706317,E02006281
-1.6481349432964754,-1.4681850217638743,0.9135000247075225,E02006282
-1.8073265149585862,-1.5029610785594356,0.5004710260667273,E02006283
0.3824988782535859,0.2751838123128221,-0.10934129087618236,E02006284
-0.19887669152554566,0.15156973714956576,0.11293510869313872,E02006285
0.36135561400970045,0.09935315513423597,-0.11314176570979101,E02006286
-1.6065662796867992,-1.9709671956180599,0.7668855977429468,E02006287
-1.6827108171264653,-1.524377789099672,0.814850320903088,E02006288
-0.6816843204011046,-1.5867272967417068,0.5932525020514663,E02006289
-0.34847293869281043,-1.3332902174759358,0.24423224667512816,E02006290
-1.1607563359360824,-0.6036255686452445,0.522314563138094,E02006291
-1.9164809694304152,-1.182293575816839,0.8454351463967964,E02006292
-1.818738790074592,-1.5955191412387215,0.6868631195464999,E02006293
-0.632377897705367,0.2246752374340547,0.04329108964909256,E02006294
-1.1866221354869677,0.2047520085365984,-0.299758971057775,E02006295
-1.9447563089912314,-0.24177817023354373,0.016206228169978222,E02006296
-2.3118236034572575,-0.3662833775003897,0.15380447343284007,E02006297
-1.1679643664956956,-0.9426573463488201,0.0038472573135917244,E02006298
-1.179555162654751,-0.09716926247682667,-0.6544713253158524,E02006299
1.5250255912356638,-0.529663989729589,0.4066218360795238,E02006300
0.030831866833113074,0.04001497153971986,-0.5606397938757515,E02006301
-1.3069780194002778,-1.123219170050163,0.0016644554838491877,E02006302
2.4489070013325485,-0.057785815805707616,0.5471483902135214,E02006303
0.06108437806514367,-0.18187114917515954,-0.7434315460342048,E02006304
1.7347469272981935,-0.04202695420891055,-1.4008244018503249,E02006305
0.567591354802127,-0.28023361851405604,-0.7848678927769097,E02006306
-0.9385148123298813,0.1388392246974744,-1.0824749037310513,E02006307
2.3258836142329162,-0.33804875366934056,-0.5986208940086294,E02006308
1.6035549729114453,-0.10545457393762576,-0.1581712672975181,E02006309
-0.6378877991655717,-0.36666568543965505,-0.4517620349502171,E02006310
0.3185852563312079,-0.5414782477813893,-0.1594257833378957,E02006311
-1.3664256972892395,-1.4080669076647487,0.2548292251462873,E02006312
-0.32983069599357495,-0.8259501767461319,-0.5981270722690986,E02006313
-0.859940105962197,-1.6809746867925912,0.5056231486902842,E02006314
-0.9533806401782212,-1.7811092316739185,0.504981515936892,E02006315
-0.6357262026839823,-1.5307115245668919,0.23812016454584833,E02006316
-1.2560212783859055,1.1422429882820115,-0.11166908680076544,E02006317
-2.257228984643461,1.3642479186044887,0.21161267796358765,E02006318
-0.24270390928867955,1.0283991407136475,0.03426203186083328,E02006319
-0.20578387656432887,0.38761078742945043,0.7326624586834678,E02006320
-2.2710005607881083,1.8611466342274854,0.46194290736778043,E02006321
-1.7574912187690543,1.5225564212211138,0.5440127281264829,E02006322
-1.6900445402946978,1.4775347430729222,0.13991762106867878,E02006323
-1.2257521624002774,1.263513615390381,0.2088649675408588,E02006324
-2.439523640879427,1.4194391989597663,0.36783394730332764,E02006325
-1.798429654642656,1.5080129763310663,0.2993240213865232,E02006326
-2.2298153162459147,1.6544531933034667,0.29445176716523835,E02006327
-1.7205939065505667,1.2305943552218794,0.5070635520901465,E02006328
-1.9609743626489926,0.6322839386976892,0.7673190966183813,E02006329
-1.0123892506371133,0.3587436339178335,0.7106409328964867,E02006330
-2.0009470454495433,1.1218280576967072,0.5923316838176301,E02006331
-2.6863449492263687,0.8993328957636602,0.6715108271486898,E02006332
-1.4253387642002147,0.1937655774115104,0.7048049034138789,E02006333
-2.5942405930839127,0.695604761374815,0.7336410395743183,E02006334
-1.467695583936456,1.193491442599017,-0.3378266058865513,E02006335
-0.1780262839356535,0.8997719564953756,-0.0731565189882689,E02006336
-1.7861794128083885,1.3396311878540783,-0.46092356113181526,E02006337
-1.4448112387782568,1.2002010728333476,-0.4849566415843817,E02006338
-0.8592050852593307,0.5854470045460136,0.26883785736592997,E02006339
-0.9509500606323938,1.0874011494575682,-0.08078826281047531,E02006341
-1.279210072839948,1.236595207594524,-0.06066053670847566,E02006342
-2.062966081536275,0.4960499076261899,0.2671107057982234,E02006343
-2.0866620910313576,-0.3201792772625764,1.0349791685648853,E02006344
-2.285364812405533,-0.14241279165212628,1.0496076842354598,E02006345
-2.5066772966737623,0.16033597439978775,0.6753990137775354,E02006346
-1.7774851144687158,0.7239651594953125,0.12152823881091859,E02006347
-1.570049341858245,-0.03724845932923833,0.5130240571335996,E02006348
-1.2402386062909136,1.6324358695241548,-0.028540042067059755,E02006349
0.7055567903563903,0.38803764512644673,1.0184889300530617,E02006350
-1.3427803486223993,1.1788089013083958,0.34481330778352687,E02006351
-1.041270313219205,1.3752460307862304,-0.0212209122796178,E02006352
0.1199535013924297,0.7023020899186169,0.5345463370735775,E02006353
-2.40545482261732,1.2386732314269286,0.27156483595895087,E02006354
0.9215819511282144,0.5485047800855051,1.2191262083821053,E02006355
-1.3146667841283461,1.5112715882990664,0.38765361090152034,E02006356
-1.458507931661541,0.44860632802647094,0.2959126038145832,E02006357
-1.2804922238958771,1.241820137563971,0.2863314400479685,E02006358
-2.4277361020468513,0.9265252152256854,0.9189742118081785,E02006359
-2.1556458173173185,-0.2924810978998908,1.1952436402837472,E02006360
-2.466561163478166,-0.2925718089865751,1.2381484131312765,E02006361
-1.9384008141677131,0.8089009388275912,0.478162633217476,E02006362
-1.9173234313575354,0.7456994080124637,0.34063861540369955,E02006363
-0.48358229912335343,0.43439968851459887,1.0267421896604918,E02006364
-1.9105037324114456,0.4420180473076992,0.3048214549631438,E02006365
-2.1429946353186184,0.46686821063766404,0.18307863333661853,E02006366
-1.4760143067149925,0.7253200387210657,0.5609760140638056,E02006367
-1.6539625285791062,0.3733690998954015,0.4446566313271962,E02006368
-2.005311678228276,-0.5132135882719817,0.5758420515329064,E02006369
-2.103706043944761,0.259056298551048,0.7008863665308851,E02006370
-1.5078670758506367,1.020276329615776,0.6325397523264807,E02006371
-0.5696065923551354,-0.14573156248432118,1.2250117250107282,E02006372
-2.1313102563332063,-0.7954769507153411,1.2683468559109157,E02006373
-1.7326121762790385,-0.8083959280079845,0.9059800240544037,E02006374
-1.8129881549013425,0.9914172069756885,0.03753893906331628,E02006375
-1.333770470696745,0.6019520161866946,-0.17459432317339177,E02006376
-1.775685290990026,1.0295500487681593,-0.0914399308196744,E02006377
-1.9264779210360625,0.09336141256446157,0.4302104124832098,E02006378
0.5248592036841957,0.7793887983190603,0.7237882396963873,E02006379
-2.3301164301016115,0.2805992698999936,0.36508328960701014,E02006380
-2.222081883452305,0.25952826952828434,0.47269816810802107,E02006381
0.32408213980817474,0.6278695100255659,0.703446512399139,E02006382
-2.4290944074163012,0.4526938916357408,0.496393052239064,E02006383
-0.47446273643858144,1.1605636335284908,0.24082358144830013,E02006384
-1.600735224121452,1.146822445458519,0.11709533226523897,E02006385
-1.790953677858533,1.3829318921339764,0.5482158167461004,E02006386
-0.5455905091721069,1.0027758359126242,0.6861201886060841,E02006387
-1.2755239207489926,0.616249155445679,0.4086124740020012,E02006388
-1.1418018834944028,-0.3837189490908335,0.841836955018201,E02006389
-0.48716399031531193,0.6318723927390365,0.12334490910621079,E02006390
-2.0028316086733424,0.5561483344316683,0.05580239299182802,E02006391
-0.5760664129599314,0.720218304165353,-0.26200313365537364,E02006392
-1.308029537590342,0.9527265402476722,0.21030079547412917,E02006393
-0.8567101937726633,0.28314664686919144,0.5743272418383966,E02006394
-0.6823745880223477,0.6734760567685967,0.37227897905996377,E02006395
-1.4790780116785842,-0.08275814920284258,0.24879778483603915,E02006396
-2.5499858245009484,0.332606094379019,0.5929392342985913,E02006397
-0.5030381186445066,0.8183681080711955,0.46497768624702623,E02006398
-1.00853315818944,0.40129075629666977,-0.032393860492605134,E02006399
-1.724238127959975,-0.12640399868630992,0.8890271712754203,E02006400
-0.8732026569399556,0.755792074678451,-0.023672575222032914,E02006401
-1.416907675330449,0.5895031456176352,-0.12102846271159716,E02006402
0.2337992305088151,-0.0230672741705154,0.7437240537481126,E02006403
0.58570627062138,0.4614216741849262,0.32331644541867,E02006404
-1.2880155117530978,1.0118258247088312,-0.5644587305975828,E02006405
-1.46463547818527,0.8745609465258446,0.569683297318792,E02006406
-0.8972134934580034,0.9273926609497105,-0.3443176355526336,E02006407
-0.8060328954618693,0.8270669218153455,-0.4766254711454007,E02006408
0.08048438114569592,0.8252384409631112,0.43245290137156667,E02006409
0.10632447616318119,0.9398593176076663,0.3181333656923773,E02006410
-1.6599736605146134,1.2469264801414295,-0.35326326582527356,E02006411
-1.8906997707048694,1.1306410046447941,0.33358171044949547,E02006412
-0.930845429226318,0.48089102380784277,0.09024652861824521,E02006413
-1.2505646695205073,0.24760747516483503,0.37473969420062825,E02006414
-1.7702495438357935,0.4907269723208933,-0.15684484936557788,E02006415
-2.3765506503455986,0.04536068997118225,0.8969227564577249,E02006416
-1.7284249284129243,0.4161995880975955,0.72858202574161,E02006417
-2.1026414149923713,0.9559023268195581,0.11573950379048109,E02006418
0.0336990041059356,0.4897664055921032,0.9269354928431833,E02006419
-2.3158864223697044,1.2495776133066774,0.060888646063275126,E02006420
-2.340173046958444,0.16328542268734766,0.2556009095146564,E02006421
-2.1915416344258896,1.5370387220837545,-0.03283769518708368,E02006422
-0.6524182326711138,0.7017223084396722,0.20934332269093398,E02006423
-2.1288311772913056,1.2029768786136419,0.018202690061877014,E02006424
-0.9729211102060762,0.9748091581264824,0.28540748374953007,E02006425
-1.8779878443795672,1.1403935145034625,0.0357219364940148,E02006426
-1.949201216365399,0.37678357598898615,0.38577114811880403,E02006427
-1.7650141788025053,0.7410684077257546,0.06721415135493403,E02006429
-0.6990369117776607,0.9388547263058896,-0.16405805641462132,E02006430
-1.7502263356040622,0.21885120215887574,0.3699123660159736,E02006431
-1.4520393082806853,0.164280366951875,0.046754542905754905,E02006432
-2.1745189482922394,-0.1561234495552922,0.6955566412037931,E02006433
-0.9500696199422025,0.1991858493811275,0.9299681452231849,E02006434
-1.4779273937335393,-0.5263671140139968,1.230429463514143,E02006435
-1.124308701981795,-0.32242159765638095,0.8669414412378281,E02006436
-1.7620091714512105,-0.5560704834274932,0.8330946224129634,E02006437
-1.8454244337814396,-0.5310218678564014,0.6276518696421169,E02006438
-1.4309123274136009,0.5931178519968097,0.3528697648483141,E02006439
-1.326877637166221,0.678630816367849,0.18652413387272254,E02006440
-1.0380108459796358,0.25589643712686044,0.8068117067718616,E02006441
-2.5881419511976924,0.5855350409821497,0.5558690124508147,E02006442
-0.2553419801609377,0.8036868140186798,0.5513765274766491,E02006443
-1.1938813246703877,1.1031123101399918,0.39129943367409836,E02006444
-2.1875065950369015,1.2894243043366422,0.24939463257564531,E02006445
-2.200859966323128,-0.10978140082533294,1.0578065137507369,E02006446
-1.942842308407769,0.7387528257091523,0.35597941083857276,E02006447
-1.394379020650778,0.9944782798712686,0.4921624867357548,E02006448
-1.634798081100615,-0.25204643343757943,0.9510796829994088,E02006449
-2.3930512084665434,-0.6471560017419296,1.1351950484457687,E02006450
-1.4891863933752016,-0.0036998220203775904,0.4191498656927381,E02006451
-2.0223324722439506,-0.9458973489596106,1.0088787806920934,E02006453
-1.800611500708225,0.4717730583369859,0.8843367565981691,E02006454
-1.564301074568242,0.557946920233312,0.6971106745465516,E02006455
-0.9369754896996879,0.7368091688790347,-0.06783465815506079,E02006456
-2.1954304372206743,1.119242830284201,0.2031349116247635,E02006457
-2.1629770287122123,0.7776940150974447,0.6175634024161464,E02006458
0.9266677989098338,0.6527301273079252,0.12768826121728097,E02006459
-0.39178460539823146,1.1671847035591452,0.1097284893577874,E02006460
-2.2490261784960075,0.7532213164986458,0.43803639099308705,E02006461
-1.2266997150307757,0.828134824043194,0.05835205351383326,E02006462
-1.5602730102530618,1.6653935728175449,0.08667334104296887,E02006463
-1.0552067668493426,0.9085661917686018,0.37275977794154774,E02006464
-2.1635975183921445,1.4788798032654618,0.34334993479788956,E02006465
-0.4391968879113442,0.505644658363385,0.4722703921455708,E02006466
-2.4793916497798136,0.2016782021702743,0.5717607967197267,E02006467
-0.8738956331056442,-1.2074190561223497,-0.09154921105873273,E02006468
0.03956228141533307,-1.3949598476782916,0.28735188252082294,E02006469
0.6527120996803389,-0.8085205403804029,-0.014559188648493268,E02006470
-1.314341354405172,-1.4468355059134252,0.033951132763921685,E02006471
-0.36437772485380443,-1.4644761518301137,0.17848945297504673,E02006472
-0.8924486338646394,-0.6318016156635067,-0.26603843999041404,E02006473
-1.2584952534034268,-1.7005148358728002,0.3806210185922307,E02006474
-0.9211498985084242,-0.1654610276425418,-0.44374842669026227,E02006475
1.8987160481376524,-0.5169977553504639,-0.33011174693455564,E02006476
-1.4290115703340873,0.2021215907185544,-0.6459416326618592,E02006477
-0.6505156108324471,-0.05788345371239027,-0.8343636525428019,E02006478
1.5493621677130902,-0.18432161323955637,-0.8358053747191908,E02006479
1.6389650401968323,-0.15278381718718823,-0.4771172993409104,E02006480
1.1665757587052672,-0.29280083435562765,-0.8480751973606805,E02006481
-0.7201036311213334,-0.7909860520273243,-0.5000010395048223,E02006482
2.052934862404642,-0.6507599128672155,-0.028667822087588134,E02006483
0.5448456195834059,0.17447805231459576,-0.5319741078762078,E02006484
-1.6896836294890458,0.18713049935511075,-0.5817097166031963,E02006485
-0.13470165196608208,-0.34535136769326963,-0.6913355283640916,E02006486
1.7434128134906541,-0.17365697724338372,-0.30764607620437423,E02006487
-0.732171841107533,-0.9484259541538355,-0.3780585075290224,E02006488
0.4305542477404476,-0.17064410743675726,-0.6805072890628063,E02006489
0.027907318334536576,-0.1642492355893079,-0.739228147581618,E02006490
-1.9646352786333015,-1.34095310805211,0.6788496106817148,E02006492
0.13840645955361888,0.14282712506394132,-0.18743289581672906,E02006493
1.4391382701505147,-0.4264504567107561,0.2902206418534062,E02006494
-1.2328730628975106,-1.0622739442747022,0.020741393632334102,E02006495
0.19929761051957892,0.0575124021052319,-0.9143714136361578,E02006496
0.37750479672444753,-0.16606357940790625,-0.5517784732498893,E02006497
-0.7589584252724281,-0.6181708524444232,0.15978302157891683,E02006498
-1.2713667287356574,0.5251775393832703,-0.9300037352266651,E02006499
-0.29496447809322063,-0.2885517414887554,0.03621917058923437,E02006500
-0.35692068675561667,-0.268792507666861,-0.4950694583343448,E02006501
-0.06853809332140266,0.15985116397291554,-0.6872728684173911,E02006502
-1.9194510404001888,-1.4179743453249214,0.5680369471000899,E02006503
-1.9827456060926605,-1.3605431877345526,0.5894881822609956,E02006504
-1.3927423020554022,-1.2030559346899,0.5160784789975034,E02006505
-0.35457517109302816,-0.6905866010626338,-0.149855474734192,E02006506
-0.969511636478423,-1.136956454720327,0.3291898045627757,E02006507
-1.6896601252091945,-1.52278763242845,0.6721520819069806,E02006508
-0.302604220844683,-1.1191626356137967,0.4372450888131399,E02006509
-1.843190253904596,-1.4189229576219897,0.3994409336163275,E02006510
-1.421281387372665,-1.2294318957620431,0.6739006500824875,E02006511
0.05335787409137144,-0.26432809508613586,-0.2128106115324458,E02006512
-1.6845238355026428,-0.33737920382569087,0.053082368823985614,E02006513
-0.7139872948753323,0.26310564546010196,-0.46949386902788715,E02006514
-1.1066772632473665,-1.3397903198128704,0.22825647388541662,E02006515
-1.5137417825855488,-1.4811133313527363,0.9255598008509726,E02006516
-1.6263518075198269,-1.5938165008170322,0.700081432480606,E02006517
-1.2917761214413703,-1.6332324865138745,0.6601065211825222,E02006518
-1.7323364465467606,-0.2818435923260328,0.16415536212298462,E02006519
-1.6456572131227343,0.5580840943792298,-0.22309455674885756,E02006520
-1.1222388122065006,0.1862721225184494,-0.2851700353426839,E02006521
-2.135181364663967,-1.2024865573376675,0.740964581495332,E02006522
-1.6966417065735246,-1.1711631965049698,0.23975392546859928,E02006523
1.6157091833481767,0.37006199057462136,0.3671815035609337,E02006524
-0.8263477409481916,1.001030272678278,-0.3282433151534867,E02006525
-0.08229730190219679,-0.007091383486129963,-0.30666923720124817,E02006526
-0.9145706432218043,0.8876821585610942,-0.235752230043442,E02006527
0.04287821375885068,0.07600907390178296,-0.2548766753381855,E02006528
-0.3005758343582161,0.06382163758475752,0.22192132112876337,E02006529
-1.1931344087746159,0.21906044926059615,-0.02130611325419775,E02006530
1.3342877200037653,0.13218735669816373,-0.22005005760919805,E02006531
-1.9645076830818853,-0.7645958174774776,0.4832895655496293,E02006532
-0.7156810019556169,0.0709060356445991,-0.5533099195293946,E02006533
-0.5892047934678138,0.004259124540938787,-0.18187903802146513,E02006534
-1.6798619657293428,0.35067964133723156,-0.22796907801707006,E02006535
-1.2332111857997472,-0.2725440620579615,-0.2562931590843714,E02006536
1.0109736846161874,0.40058118397878695,0.4258862977862222,E02006537
-1.0876315218046844,1.1570870852740216,-0.2599624641163648,E02006538
-0.15293923575952145,-0.42612306719407356,0.036597350809504395,E02006539
0.22528447441935356,-0.1671713059514715,-0.05778178801690005,E02006540
0.05104262615045227,0.4287351083043203,-0.7747485860823562,E02006541
-1.954999372029884,-1.077683614035665,0.8719892406725879,E02006542
-1.48176554135664,-1.0866471627468908,0.5688388544286436,E02006543
-1.473977079379423,-0.4141163028852831,0.11334754527467514,E02006544
0.7764635300621606,-0.2670866721534678,-0.025629862957639707,E02006545
-0.508303835045407,0.06586579293091638,-0.13980565099078066,E02006546
-0.9708202799585741,-0.5415557461345383,0.4128962925085146,E02006547
-0.7366262561949091,0.6872630096642107,-0.8130642114341792,E02006548
-1.595664701873159,0.023718658325046396,-0.523051142444051,E02006549
-0.19772958279088299,0.3421563340545878,-0.9215648415295152,E02006550
-1.1514426325949578,0.5553423661769686,-0.6326505991014065,E02006551
0.5357627576226376,0.08227202700494622,-0.980702063624146,E02006552
-0.7673921012714562,-0.29529798914018646,-0.586298064981502,E02006553
-1.075933158130609,-0.040425556680060995,-0.4604526335399048,E02006554
0.8477665852908851,0.42066215419288827,-0.3188976474597098,E02006555
-1.1601601767189011,0.3601213082288166,-0.8305620802817058,E02006556
1.0576668880705276,0.43091917908151045,-0.14357106427927854,E02006557
0.6338532251594585,0.28692784898771484,-1.2130078812031564,E02006558
-1.2611282212882893,0.4075643371106215,-0.9618117565764323,E02006559
-0.6641536909344842,-0.5520051769548353,-0.5642527607495794,E02006560
-1.8703497540616667,-0.8482013656423403,1.1517270358851979,E02006561
-2.1626129267941865,-0.9831739720064734,1.0091576957660986,E02006562
-2.0969377375937612,-1.2399276311689913,1.3895068716254,E02006563
-1.0508808695864909,-0.714270725448699,0.9179984446709304,E02006564
-1.6821426405156175,-1.3564863210978695,1.2016262474456527,E02006565
-1.7526358514039289,-1.1917114313358246,1.1207255439782828,E02006566
-1.9026149715722518,-0.9350566550946638,1.0409532168062323,E02006567
0.5318914436806583,0.5453297621010349,0.6338677609988975,E02006568
-2.09215904714728,-0.09521872190703258,0.6285097091412237,E02006569
-0.3339229209584116,0.7899756283763179,0.09839629967790763,E02006570
-1.7852700572028046,-0.10548032351393763,0.36221862188846765,E02006571
-0.602663597631831,-0.6421667338097978,1.1284120476733424,E02006572
-1.4142466487936942,-0.8138217077623742,0.19445310299842417,E02006573
-0.4439460434215591,-0.42287352675622103,-0.6047791344364779,E02006574
0.426819518522751,-0.5157353954564382,0.7823712911830747,E02006575
-1.8036112888302018,0.6025482437757819,0.2185161226981417,E02006576
0.869378078944691,0.6515717127237932,0.6924925698655133,E02006577
-0.030723514176777444,0.20192245064035072,0.3594671385868182,E02006578
-0.39365507245625575,0.779165741442408,0.20978741336584228,E02006579
-0.24226290721138147,0.8009870564513307,0.15037641523726203,E02006580
0.20353862539101675,0.8299191373446725,0.19993254304579672,E02006581
-2.121164320942905,1.6997023571571586,0.06312026157320255,E02006582
-0.7912378738394336,0.8702097199374499,0.23236806720382117,E02006583
1.4783287746567957,0.6500583623459943,0.8121430344135054,E02006584
0.3805249593880524,0.40568203304598954,0.6062001942667661,E02006585
0.8040012057922677,0.7231436312768363,0.0837885885278086,E02006586
1.3676589979754619,0.6194101279551454,0.8913030728221943,E02006587
-1.4026373112239345,-0.7000581238142637,1.1148285147797656,E02006588
-1.9146978719670036,0.7169042236071593,0.12171944635936037,E02006589
-1.5930563326331695,-0.07649043836172587,0.7916354535942133,E02006590
-1.090975874429238,1.1242860171442068,-0.1262030869433223,E02006591
-2.0619677155747453,-0.6198603060618042,1.0221662779073162,E02006592
-0.19297473651172764,0.8878191483473674,0.4750336099192173,E02006593
-1.3302876693685153,0.6348789910325854,0.10585980133780246,E02006594
-2.442234647361729,-0.38996753396412803,0.6498351894216572,E02006595
-1.5974723695964244,0.9134695597253712,0.017283243781292874,E02006596
-1.7142821571213747,-0.7066615500146223,0.9049588742296713,E02006597
-2.32026773861982,-0.6719260726445146,0.9081133056915517,E02006598
-2.527068844971503,-0.35165787867514203,0.5479385203342252,E02006599
-0.9686998480062919,-0.8184352875635948,0.9761121282884301,E02006600
-1.4397762675173573,-0.69373301598228,0.9903002284765964,E02006601
-2.1071055570655437,-0.6933041535742993,0.7080514731150782,E02006602
-2.005443397051997,-0.3712520593745637,0.29048239588194535,E02006603
-0.47798932308052344,0.9010652429613509,0.10962688470634567,E02006604
-2.0416882101911185,-0.26990699079600367,0.45433324224875854,E02006605
-2.0555940646072814,0.5098788328337638,-0.012870179281471491,E02006606
-2.2513850109407407,0.12078807768341203,0.2758956261723186,E02006607
-2.035927707384321,0.09475484485531104,0.28672526422064337,E02006608
-2.0606021823994127,-0.7874351592969573,1.0323149172639616,E02006609
-2.1706576723957345,-0.6586937109153649,1.225437924260915,E02006610
-2.02574346824772,1.0557452866723935,0.09623302606999228,E02006611
-1.5369073824883988,1.2548836392408467,0.12606755285318585,E02006612
-0.18149237745087157,1.0612303278431923,0.5760121707694936,E02006613
-1.7742700846315667,0.11635047985122257,0.877548899572239,E02006614
-1.2980471548998345,1.2010800056072515,-0.24838800042250764,E02006615
-1.1200911745109607,0.7470030595274363,-0.3511747691848674,E02006616
-0.15629784524743992,0.7019988124349783,0.0169998791309844,E02006617
-1.979475627587082,0.8426504408781216,-0.36061758330015536,E02006618
-1.8387716679862793,-0.7136238740025398,1.1528191773964482,E02006619
-1.7750534899054684,0.2389876282081437,0.24307852215884174,E02006620
-1.6296940776249402,0.3431440970583443,-0.4463640035604629,E02006621
-0.5639841847629411,0.7961499342871249,-0.5224216102112453,E02006622
0.42233667297599775,0.6341391676086042,-0.3204427196420189,E02006623
-1.8682019812033173,0.42548298588771244,-0.3073619351226085,E02006624
-0.7945486927244829,0.8479426781622134,-0.7470479828513217,E02006625
0.707740409138024,0.15638382729938174,0.6536965955411603,E02006626
-0.4574691780625435,0.7070333438718376,-0.4731075114397251,E02006627
0.014181900541511465,1.0686279220763648,-0.52543623351609,E02006628
0.3976398828454446,0.5289332452332928,-0.2551325070287727,E02006629
0.23899773090221668,0.9714484289917888,-0.6247987203833117,E02006630
0.25948956350713287,0.8014003134254954,-0.7293412335383185,E02006631
-1.1685064982964912,1.1188246824342467,-0.6694154557503751,E02006632
-1.120145653742624,0.4734692620945455,-0.6565879192856797,E02006633
-1.9414701207210046,-1.6219377233401284,1.1752487309254824,E02006634
-0.39450315702223687,0.087003878561968,0.3321456541419316,E02006635
-1.3199105507250695,-1.6122602329020923,1.1019054797798244,E02006636
-0.2449940736939741,-0.27274466696487326,0.06711677703830315,E02006637
0.7274706906639864,-0.21457413056366853,0.4992938826802999,E02006638
-1.1183357815833552,-1.3922089276949265,0.8354579433716336,E02006639
-1.8595646882828978,-1.6554081246387484,1.1990602914696011,E02006640
-1.5056823463538986,-1.5104991246992439,0.9107598742815376,E02006641
-1.7998432071871187,-1.5658856799155947,1.3289848176211885,E02006642
-0.6976123568162842,-0.21062331759157443,0.9764190409475019,E02006643
-1.616685431146874,-1.0819127953172145,0.6656461047095164,E02006644
-1.4621796381890835,-0.8665319026889499,0.6686806015402766,E02006645
-1.4820826968171759,-1.0362590600796673,0.4587371314402179,E02006646
-2.3226435023972494,-1.3516877889848533,0.6885909625957941,E02006647
-2.1022146551762035,-1.231616715323229,0.8546344362982372,E02006648
-0.007183681967425409,0.5038906018228122,-0.1986926716947364,E02006649
-2.0382940705337846,-0.7704102631613086,0.5111104275035938,E02006650
-2.186174660350813,-1.1824877032659855,0.8691758096551833,E02006651
-0.7015059676343257,0.5837157277717079,-0.31476301909852583,E02006652
-0.5028377117965701,0.6132232630046016,-0.4507910734431344,E02006653
0.7440255630082805,0.06940877634986717,0.11825419341066093,E02006654
-2.1539013060784433,-1.4751330244449479,0.7755122785767973,E02006655
-1.2384399972353728,0.30020715150209687,-0.30673615188183295,E02006656
0.20283375016345423,0.395976040062437,-0.17492970267525637,E02006657
-0.5686890145419323,0.31570167816254313,-0.44743566195683854,E02006658
-1.7707972258821127,-0.562473674447149,0.6328301777307231,E02006659
-0.8784211598950172,-0.7309933774193667,0.49087226713855736,E02006660
-2.1652408289872143,-0.8787546867275211,1.2528725419336297,E02006661
-0.6406962252574789,-0.05564620917494464,0.2554410092703925,E02006662
-0.4720755200575278,-0.6647093606375312,0.4731024382633105,E02006663
-1.9453397077751249,-1.4494618764355929,0.7942357722133279,E02006664
-1.2503328657900745,-1.9115074589474357,0.7689127994513607,E02006665
-0.6310081841205324,0.5033230652055138,0.09803161183799695,E02006666
1.7933292544584198,-0.19541255784120756,1.082876268312862,E02006667
-0.6069355795343396,0.026756943150073494,0.21731752633331158,E02006668
-1.410924073111665,-1.7937835669171305,1.0357913150853122,E02006669
-0.6527740524981539,0.5582085142109151,-0.39609583805082615,E02006670
-0.474540600052872,0.5019360609272459,-0.4578065747740061,E02006671
-1.5596553513156648,-1.3014626447197677,0.617292470188119,E02006672
-0.12555959843244227,0.39937237021582533,0.12887422228370707,E02006673
-0.0066496970971414715,0.5170330885034171,0.33622614541934986,E02006674
-2.3148104821826414,-0.9630821274544378,0.74959035255152,E02006675
-1.3522152521443103,-1.776988447533972,0.9090097989926531,E02006676
-1.9283810117793887,-1.0572024156175843,0.4859667618254099,E02006677
0.26222724505860545,0.030329737237502097,-0.741576008432444,E02006678
-1.347572690790433,-1.0034979463516513,0.2512476131143485,E02006679
0.36860223119765684,0.05741304650866004,-0.4808219244845938,E02006680
-1.8745567540318564,-0.7896875469941989,0.6512597571893285,E02006681
-0.9512926319784412,0.15040329212333559,0.2009338790184469,E02006682
-1.1701954279782198,-0.30287974304410614,0.14275895067118827,E02006683
0.6289675941845374,-0.0582304944724253,-0.5080576114551985,E02006684
-0.5687861914770325,0.3303782782875405,-0.6688238050245601,E02006685
0.7807856874640495,-0.04575195667891699,-0.1845476760898103,E02006686
0.6302160066759653,0.2796486969956051,-0.46734390745438315,E02006687
-0.147485921396945,0.33597985585789414,-1.0059173912236055,E02006688
-1.7655638867765022,-1.2147896553355348,0.2323828185126669,E02006689
-1.5362647116511705,-1.5236016893169533,0.3706179961955582,E02006690
0.019665355273674585,-0.024039851765225176,-0.4554057045340948,E02006691
-0.7558550431746854,-0.5781539035039447,0.17816669313564792,E02006692
-0.6131188126721273,-0.6028123904258287,-0.11586081607915552,E02006693
-0.22669253179926824,0.021310031435815033,-0.5778602199382669,E02006694
-2.0366308733773515,-1.8306931770053663,0.9776307673243547,E02006695
-2.089483525517429,0.13383054495749855,-0.055545233939893274,E02006696
-1.7666560922827015,-1.2165111922942078,0.3310310273471728,E02006697
-0.7776766347847285,-0.2635345857792609,-0.7101239699384577,E02006698
-0.482010810356638,0.3002729835940377,-0.4067232153498654,E02006699
-1.5030875910042225,-0.843387912110035,-0.4284916065163877,E02006700
-2.121158264025107,-0.057577568173267375,-0.11239731048915773,E02006701
0.18350189761768118,-0.0033615217166644545,-0.23826907294291197,E02006702
-1.6749880831415993,-0.1338527834466051,-0.296229363562211,E02006703
-1.5172316296019908,-1.0715207685839598,0.223109270265289,E02006704
-0.005189552427823587,0.27964449864880603,-0.44139624497375146,E02006705
0.13606272303805061,-0.04769760893805621,-0.3969258149611562,E02006706
-1.7178380351373304,0.7724635054060192,-0.5004788029343487,E02006707
0.9383770212078915,0.23592133441510088,0.12871158472877303,E02006708
-1.6703663145961718,-0.9702996456392952,0.190423401715009,E02006709
-1.1476566738333034,-1.9961772156511446,0.5238701319609932,E02006710
-1.5662112178671141,-1.614883366477584,0.5017259799847771,E02006711
-1.7672133253436042,-1.355303878920669,0.33983767587086744,E02006712
-0.04894710542839743,-0.30204437297911096,-0.26288855742753464,E02006713
-1.5005361526688044,-1.46240190878835,0.3660755262856312,E02006714
-0.6798961345338022,-0.2830252380948748,-0.11837927966359645,E02006715
2.5039726511575338,-0.34138789859203145,0.8636332328777516,E02006716
-1.4149980915893094,-1.4339390060911172,0.2716968811059267,E02006717
-0.16956341386821727,-0.2861428391897355,-0.25450148547008866,E02006718
-1.3991280699490953,-0.43470821772428303,-0.31669276578088446,E02006719
-1.0490901912799209,-1.7735432069613746,0.5707226614901724,E02006720
-1.033261868760628,0.06179753491543164,-0.45848797089993437,E02006721
2.215077962026886,-0.09522883082315568,0.3522490063798848,E02006722
1.6435106804977457,0.02663242884996129,0.5001084699824545,E02006723
1.9555056008613618,-0.3883385921879288,-0.11928396071745943,E02006724
1.1160151613990807,0.19056179620411318,0.20133566883462167,E02006725
0.21746021872810678,-0.1441653120954841,-0.6233925458869604,E02006726
-0.47840955651141237,-0.1889504403843254,-0.7650657457650005,E02006727
-0.9547698334408545,0.1973559174088803,-0.4482902836173202,E02006728
0.11209415804724122,-0.14594350087672123,-0.48072037837754916,E02006729
2.311066626853451,-0.3297461452208489,0.007596542648092738,E02006730
0.5044086973158348,0.17720333157826632,0.13654245974585302,E02006731
-0.7439376744687938,0.4658102463812303,-0.864611014272936,E02006732
-1.392744696917757,-0.7951101889586653,0.27926772340485384,E02006733
-1.2396163457869485,0.2046050579093724,-0.6800562013300621,E02006734
3.9813289882923106,-0.17972942392257266,0.8485510753524055,E02006735
-1.310879228242956,0.4180752895870647,-0.4379668294605833,E02006736
-0.08044962467724484,0.3106823449193476,-0.7789645259831885,E02006737
2.6315494670692785,-0.24353912958835527,-0.08447601960898968,E02006738
-0.6824983459647677,0.25856893410273635,-1.1102482189923304,E02006739
0.03882441848375139,0.5109870073970824,-0.4492193195930764,E02006740
-1.5309065819661074,0.7588832689133811,-0.3838759016512258,E02006741
1.2018926821888776,0.06747867999875473,-0.36113149535401323,E02006742
0.9886058924499169,-0.14575897284951864,-0.34091615650148804,E02006743
0.6389887888240786,0.2984819596356039,-0.5178376989298131,E02006744
-0.8208380810976749,-0.06346372312036518,-0.8601770862462117,E02006745
-0.7362312626455392,0.33227230848513195,-0.6225660693506919,E02006746
-1.4286361992028462,0.6477538384214331,-0.7663130084596059,E02006747
-1.2968224019083319,-1.5591674789856553,0.460564341279859,E02006748
1.74781825999164,-0.3359934303244265,0.4020028763304069,E02006749
0.10251839722058081,0.07526530678942406,-0.20145193885141907,E02006750
0.7068184662002397,0.1853137722293492,-0.16613984620104566,E02006751
-1.3086491334080896,0.6598938944359433,-0.5954861181321043,E02006752
-1.5046352153393843,-1.1984548943217046,0.30513886160978987,E02006753
-2.1762515382648346,-1.3611639020224524,0.7371455288661262,E02006754
-2.1814591371095653,-1.4017766319433018,0.4655850539599275,E02006755
-1.813526767640747,-1.0498734078564735,0.3517689189846174,E02006756
-1.4719337636125303,-1.4427994640226698,0.45732314100267324,E02006757
-0.9308887567487839,-1.3840232007140767,0.52372585931933,E02006758
0.051090419071105855,-0.8521285171269818,0.048713774092586655,E02006759
-0.5704238333244328,-1.2963585952625887,0.20444973791163423,E02006760
1.4206385365943672,-0.3512683624117022,-0.22797052185200486,E02006761
-0.6576384345991867,-0.6087155758046342,-0.43383296967238205,E02006762
-0.5979964719643535,-0.25817450092196725,-0.6678157669978421,E02006763
0.7486638864916977,0.0283505347708733,-0.1918546415149394,E02006764
-1.0886742715799884,-1.4868633149858188,0.3491749044237507,E02006765
-1.7778106710296198,-1.285638889718695,0.5352636650658963,E02006766
-0.9490409352162696,-1.4275428401962345,0.5133023088110799,E02006767
0.08225457745168674,-0.12051641681969238,-1.2661768759220533,E02006768
-0.6446585999501517,0.23646494364514078,-1.3007823539126948,E02006769
1.9790237543314722,-0.4027396466422065,-0.2618079700978777,E02006770
-0.7664286868046606,-1.3616462835506455,0.1796863165248309,E02006771
0.4770360000558753,0.05292487680348241,-0.5295447823219672,E02006772
0.8544186552550554,-0.15428324297193943,-0.4497190167818261,E02006773
0.46099000892503206,-0.02233464677022593,-0.9743403073933475,E02006774
3.144253560852585,-0.9103488446122967,0.5871211627260073,E02006775
-0.5317221962411366,0.14002136127469195,-0.5125131284144606,E02006776
-1.3977210413001964,-1.3156210460189055,0.02410754697079466,E02006777
-0.31311026742903714,-0.5054090324385268,-0.8871585521014891,E02006778
-0.32067735616857584,-0.28818454570944185,-0.6486069739604826,E02006779
0.8111925138210997,-0.3867575625398666,-0.4034454043623866,E02006780
-1.0998484549146719,-1.1542063881632338,0.8369815124930087,E02006781
-0.1073220839503978,0.7572022383737982,0.37601464654409233,E02006782
2.076465973344181,0.8485793753320175,0.8806043476103217,E02006783
1.7975942199426236,0.6728617985934641,0.9185758747416214,E02006784
-0.21931456436709962,0.8206115342597395,-0.2243372535560173,E02006785
0.7834827523580111,0.8446544005417683,0.42589544577901195,E02006786
-1.2250431774018158,1.50483418656479,0.0413586432681085,E02006787
1.1407280643050468,0.8190638418880936,0.6427322570790752,E02006788
-1.8344059411455826,-0.40159676342532397,0.25745983909758735,E02006789
-1.5819701746322041,-0.4703190113068163,0.6921784179067848,E02006790
-1.124102906305904,2.3473885273598216,0.5522635561574242,E02006791
-1.6210327311536665,2.2542429660807595,0.7541871276594861,E02006792
2.406777173253054,0.7657400049035966,0.7724274172334832,E02006793
3.0642900236746415,0.7085743019338099,0.8595346220080736,E02006794
-1.2133563787343458,1.4792728284667713,-0.734219218981992,E02006795
-1.030803027214091,0.6201475744219734,0.0019148747239027986,E02006796
2.35466209586337,0.9713261358091578,1.1236610639405027,E02006798
1.645264964082865,0.874060941915413,0.4238838440053458,E02006799
-0.03126566907692761,0.9768795157999339,-0.790828507375496,E02006800
0.4150326322961354,1.879967503473896,1.627081924775811,E02006801
1.7817082326660425,1.5942048740268677,1.5446698714690936,E02006802
-1.1048401420835252,0.1613592806454623,-0.4084117010558944,E02006803
0.8536123301327824,-0.6683517470730045,0.8040229922068536,E02006804
1.6987404187487294,-0.08709250327437493,-0.9251316670511129,E02006805
0.2405455595100513,-0.6704203482372403,-0.9101865391386246,E02006806
-0.5002078289072811,0.4877565747586441,-1.3278024430309012,E02006807
-0.7071201479723799,0.45308372712396316,-1.121973139560587,E02006808
-0.5301751443994267,0.09264527345298469,-1.0830454945172454,E02006809
0.6539260839095439,-0.15249499558419402,-0.4227637650709918,E02006810
-1.387451810716626,-0.11282176946286457,-0.579476725139866,E02006811
1.028557030936485,-0.511054765103481,-0.37957801318019696,E02006812
1.9463781314954605,-0.25521001618235056,0.1996879267245101,E02006813
-0.35437859492440926,0.2282197744150539,-0.9531153128817854,E02006814
2.3425303182785466,-0.2789874491626664,-0.0360586519831784,E02006815
-1.6172446704161063,-0.7696065098385356,-0.13973627447859757,E02006816
0.27169889136167874,0.18691517428927026,-0.7129251663784514,E02006817
-0.6440307588567742,0.3762900930687292,-1.354413793026783,E02006818
3.5755665765887765,-0.51424988788964,0.47365061381148443,E02006819
-0.6206420904500697,-0.16289525578920794,-0.9458729290991327,E02006820
-1.4866252660380215,0.6108901377689032,-0.17439062219836904,E02006821
-0.5506832359361774,0.3028202255572602,-0.29441008053953244,E02006822
-2.359522240885917,0.02536634103437853,0.7567069621938436,E02006823
-1.7050767515149197,0.8723311116432632,-0.13503932624130965,E02006824
-1.9685991901969149,-1.0543622342878303,0.9641726951938535,E02006825
-0.33004767286094183,-0.12706896115302765,0.23400651540143827,E02006826
1.4167837666270529,-1.3471366563542417,0.1963159188138935,E02006827
-0.5625355821744503,0.33652136395272,-1.0020283786598112,E02006828
-2.175730045791835,-0.0197758230069761,0.37109166063724547,E02006829
1.4000677153282581,0.6069633336348584,0.5343713594245838,E02006830
-1.3038667557708594,0.9006188251781699,-0.46958527628919783,E02006831
-1.3175274179580874,0.12019186872196681,-0.03572012189044601,E02006832
-1.33210122794985,-0.5022331523534747,1.0656692987949985,E02006833
3.3581191513776028,-0.1659458393316876,0.3781679139806358,E02006834
-0.5458575241246721,-0.7052619593272126,-0.14196800334596713,E02006835
-2.166285630163173,1.2772457513732793,-0.04391035233131727,E02006836
-1.989834797962952,0.7733417007533077,0.09724984053828262,E02006837
-2.1229573500581935,0.27166542112709247,0.35214381006506024,E02006838
-2.2060599358679323,-0.22727661517429854,0.8855728569303208,E02006839
-0.3602455282612457,-0.26957407299898767,-0.8124462707329614,E02006840
1.7643691213892105,0.1258637138242539,0.9121905066990775,E02006841
1.2254470297684916,0.398633505912764,-0.6818069620199659,E02006842
1.3380616531506455,-0.6745711450879006,-2.1831712216361727,E02006843
2.6653738839624728,-0.636192746146682,-1.500855032675046,E02006844
-0.9340881411061093,-0.5163773678269279,-0.266805588972357,E02006845
-0.6389418335366278,0.10948922329540259,-0.5032535255262457,E02006846
-1.4484157873899282,0.9449473835240095,-0.514694346075524,E02006847
-1.1605808750521411,1.3059217900957638,-0.42584403320884634,E02006848
-1.4081770163398029,0.8152509433233406,-0.5557023695814989,E02006849
2.491929939447071,-0.026843180351849856,-0.2773344303851434,E02006850
1.4821911492209419,-0.07939553545521767,-0.6792828381829078,E02006851
-1.6037302824524735,1.0617919524123374,-0.1856521469014213,E02006852
0.7877594434912379,1.6996249441854647,0.6030885622350549,E02006853
-0.9337269306812392,1.7231754633417717,0.30449149817009713,E02006854
0.1466087175760208,0.5778585405440373,0.5895346553577644,E02006855
-0.2932372486905723,0.9713549905215918,-0.15425219274290738,E02006856
-0.21504219980334024,0.18541862025242067,-0.4802001295229249,E02006857
-0.8365153576240482,1.0269144031266413,-0.45834610274153265,E02006858
-1.8622701396017598,1.5656480592415183,-0.39369230335313565,E02006859
2.2941881361094607,-0.3854877978122241,-1.4605140793511948,E02006860
0.39927459374151014,0.7155428099059966,-0.7604980723556548,E02006861
0.21323499999443063,-0.16618474860461616,-0.47643892724652037,E02006862
-0.4235803880470584,0.3556187599385922,-0.8907762440381726,E02006863
-1.0501203704382516,-1.4277228540320253,-0.4990120402036513,E02006864
-0.7457024032245707,-0.9178496208047489,-1.0495786846580126,E02006865
-0.26044738775811455,-0.2420009895996641,-0.6071018437525731,E02006866
-0.6927912199373037,-0.5290643374141415,-1.087944368488116,E02006867
2.5384295417704386,-0.1467616462558817,0.5717272252521682,E02006868
1.2176077345609544,-0.18134222591624768,-0.1919054928186799,E02006869
-0.09908089248552829,-1.0338658782901562,0.08975003047674304,E02006870
0.4499592487457338,-0.14546812166280684,-0.9575014226065586,E02006871
-1.3257222505467283,-1.9787669934044356,0.397141346319558,E02006872
-1.5008938614560516,0.8253869606727987,0.9319530339446991,E02006873
-1.815808814267065,-0.7294448479111224,1.5175136087593795,E02006874
-1.2676903421612264,1.3720621181561912,0.16350039588523876,E02006875
0.9206716243332622,-0.12625708681140455,0.46560988515361035,E02006876
-0.7163333443430087,0.19707718435849914,0.35734580251352643,E02006877
-0.6890048550979778,0.09879049882066578,0.6256604188707199,E02006878
1.9663924625766125,0.34433061297654843,-0.8865513937361097,E02006879
0.05279168670893854,0.5580253401125993,-0.9118597046628111,E02006880
1.0658238127047046,-0.38175652976337693,-1.0407908306315354,E02006881
-1.074965644477418,1.2242423488869771,-0.7257664165305162,E02006882
-0.02116604885669629,0.8601636259735701,-0.5795769318736473,E02006883
0.7935730760664597,-0.8801751134520707,-0.0965644022582342,E02006884
-0.6314267610817355,0.6827737000783389,-0.9059796045909513,E02006885
-2.3487092383015127,-0.8111983990013608,1.5651722035991178,E02006886
2.338013714572982,0.17092791353202239,0.8311377160177428,E02006887
3.1894090811704965,0.24936522157048843,-0.064234558110275,E02006888
4.5359403127533815,-0.3987565423558443,1.2972587407444671,E02006889
1.3113731236786201,0.5252796334820469,-0.8103460971749182,E02006890
-1.638983078091322,-1.4711969528032292,-0.012908841830105192,E02006891
0.24427103552847598,0.06846157327244166,-0.8555795956515179,E02006892
-0.0660430782584392,0.09591685048723633,-0.9572173487761009,E02006893
2.5034239755371837,-0.5647797445134503,-0.5399800770249193,E02006894
2.963071111104411,0.0880503863744532,0.1888736752534381,E02006895
1.8698081598382263,-0.0797987323993372,-0.169654286610879,E02006896
3.378911624562439,0.22332074673197935,0.7905063549232434,E02006897
1.0217752421346202,0.841621889935335,0.3472807186171362,E02006898
-0.44622435827680984,1.0999864968518005,-0.11029541343228925,E02006899
2.9361371661290296,-0.5334978752195529,-1.173942333466249,E02006900
1.6771310187973667,-0.566277748557595,-1.9273225468376538,E02006901
0.8839163832958685,0.561941816542074,0.22600922960029174,E02006902
0.9258055638408361,0.08939156343530036,-0.3840627471577148,E02006903
0.7435970691881854,0.3370822283924834,0.005821376192155959,E02006904
2.4413481485126147,-0.24604082208856096,0.5140772106977195,E02006905
-1.25624439427691,-0.5147213304386352,-0.41268447419115034,E02006906
-0.01110502378594022,0.8188038189192289,0.664072739976975,E02006907
0.9040886905492173,0.7892603576257309,0.769134205595948,E02006908
-1.4781736594302721,-1.084411794440408,-0.09515837807786533,E02006909
1.6927861423789812,-0.8314836473009226,-0.34381602708641373,E02006910
-1.214224056060323,0.37064323001101374,-0.9320724988306627,E02006911
0.16060434759523637,0.6672805141797902,-0.8033907293032372,E02006912
2.3382845804691605,-0.34473545198771516,-0.229406802255721,E02006913
1.3470794896964873,0.5106783911408588,-0.6587814324282969,E02006914
3.6824871343454553,-0.4698203302852656,0.42257679773862566,E02006915
1.8998663841101924,0.9115217610699979,0.44928557618956033,E02006916
-1.1886453551964542,1.3613627571026863,-0.48338172561480547,E02006917
2.287151816585882,1.2856656067999308,0.985001261970217,E02006918
-0.15456509677679703,-0.19398556959848315,-0.805239899023078,E02006919
0.023686633031186823,-0.3725941480760004,-0.4050734873285291,E02006920
2.737495474626208,1.2447639299707103,1.1649097492044824,E02006921
-0.16933579195980236,0.34176491949064647,-0.39994702174458496,E02006922
-0.7365525880142961,1.0189894693141863,-0.6301182716138586,E02006924
-1.245977900448559,1.3164097871908609,-0.40539534061153903,E02006925
-1.5763854591618611,1.0895757030039894,-0.4162941556460105,E02006926
0.11602394307638114,1.0270029005291421,0.9197413241959103,E02006927
1.123870843586772,1.7455119689851621,1.1877917877450153,E02006928
0.4426227972455856,1.286566646807588,1.850104284168805,E02006929
-0.6395036368917023,2.033413110268317,0.8263127061796275,E02006930
-0.04544029559078814,1.5621273446738595,1.3205034078324362,E02006931
1.1976621438205306,0.11702651532951333,-0.9574490851612248,E02006932
0.6221001577124711,0.35749523860159543,-0.15461328316423764,E02006933
-0.33888070934520187,0.6382240493960564,-0.6924366913285271,E02006934
