PC1,PC2,PC3,msoa11cd
-3.525628666857876,3.3860049075342316,-1.5412732278894583,E02000001
2.403148999111988,0.6780204479956442,-0.8623279293773568,E02000002
0.35772251602028854,0.5968798008723679,0.5927556287631552,E02000003
0.5899831514325578,0.11113233152069861,0.30117468396662395,E02000004
1.5600691733170138,0.6201802404616785,0.3831200925365023,E02000005
2.9437575685494206,1.0666834122311921,-1.0010506544960096,E02000007
2.4043319582188043,0.8721159193404465,-0.1716289987010033,E02000008
2.0391208900802327,0.9456579072296624,0.092068116292794,E02000009
2.21833625712343,0.8233514587953448,-0.11421132640633848,E02000010
0.5310335927800388,0.2224384627907098,0.6536970210131874,E02000011
0.04176626672661671,0.7741452807264549,0.7761059429019758,E02000012
2.201478706033882,0.7957247841839693,-0.27233354484656386,E02000013
2.54341889116124,0.9182705839517619,-0.29681072762857263,E02000014
3.2779381688515983,1.184186583410757,-1.113707829489631,E02000015
1.579813572688123,1.763893295401562,-0.5891359205978711,E02000016
0.3256380996649634,1.0513206472605567,0.8682815416306856,E02000017
2.577083991888672,0.9838185949750803,-0.5468561594007122,E02000018
1.747579254174684,0.5095468880455845,-0.5876501910965897,E02000019
1.746342265498375,0.7625188854060161,-0.8122807286415915,E02000020
1.1422326718771108,0.17715206276428874,0.1504064905976619,E02000021
3.768781400055165,1.9436690215136665,-1.4910719269806232,E02000022
2.963888020229027,1.1510806266369091,-1.429822972470152,E02000023
-2.3163890801630993,1.454156190143774,0.026869702516080476,E02000024
-1.2894614201740962,1.37362627090835,-0.1250899779781466,E02000025
-1.7345952477364928,1.229671828649018,0.4748903908137723,E02000026
0.8382943077840994,1.2687299599853545,-0.432010449214244,E02000027
-1.8569218871783162,1.5307942601408395,0.5653154840971105,E02000028
-0.8922165021006692,1.2429267013316654,0.3834724382553902,E02000029
-1.8667774962136978,0.5292574935633517,-0.670292596524305,E02000030
-2.055329665111044,1.4978932886568974,0.1360746622010388,E02000031
-1.865032638545731,1.210802093148263,0.7782347111500201,E02000032
-0.2514339673449404,0.9985682186314356,0.3203746980919484,E02000033
-1.3155575507345476,1.4523335812056737,0.32743325658285244,E02000034
-1.6653559355365353,1.9988495672319593,-0.016641717380786254,E02000035
-0.7787633691551669,1.2358102915164653,0.4107109094424928,E02000036
-0.9514274704478463,1.0625151230038021,-0.4182641192870178,E02000037
-1.2092561027256843,1.5241267773751117,0.33580394639402267,E02000038
-2.3909115844427475,1.5232652814984284,0.12767490336877413,E02000039
-0.620132026407901,0.9760657907178812,-0.8919147505593361,E02000040
-0.7247677158050623,1.1097111637252453,0.5940264685792767,E02000041
-1.3940840507186778,1.882036114114191,0.42730882286581723,E02000042
-2.7445596217878414,2.0817915422470055,0.22854430102737136,E02000043
0.7802251391762123,1.3498520806821188,-0.21574274671175744,E02000044
-0.2436304570653591,1.5798941094974268,-0.1539905985917579,E02000045
-2.20890850413616,2.2063860020159947,0.27695131608199847,E02000046
1.3014731629208482,0.9588136149378267,0.05276425244281698,E02000047
-2.1297565973382504,1.5349408857027944,0.07352979915439083,E02000048
3.0514680555579026,1.7454182545879497,-1.34337307444535,E02000049
-0.6701931924786348,1.7591030030085806,-0.498039632502506,E02000050
-2.122720966295375,1.951452777932782,0.24685779849270412,E02000051
-1.9412991619799924,2.727051541306898,-0.22057566500387685,E02000052
-0.45382303105833105,1.0862533841491844,0.33133720557182045,E02000053
-1.566247723932357,1.3959587764272121,0.3699733889664009,E02000054
-1.0651995898867268,1.6030756826118935,0.30981203996685625,E02000055
-3.1475545688876854,2.133586624563199,-0.3228614608935534,E02000056
-1.361760869980667,1.4510954868303108,0.6140045536700465,E02000057
-2.5265036201777353,2.1858832724662367,0.09446964301182438,E02000058
0.45675474095743995,0.8872001768681109,0.012034915380110242,E02000059
-1.3915847371999317,1.5751363619681193,0.6894141830031494,E02000060
-2.6019045240446617,2.3717630558466096,-0.03805822092048651,E02000061
0.9680123277220803,0.9660963667198359,-0.5303904020987185,E02000062
-0.47073623394925357,1.2014628793719444,0.6667904619026963,E02000063
-0.044422095723490415,1.8906560830879062,-0.2853786192182782,E02000064
0.4186216251998414,0.8433328799076677,-0.42121001545243486,E02000065
2.4111273466377394,1.3400131937908617,-1.0563920603681318,E02000066
0.6661347379407571,0.4127954523475622,0.27678130234795817,E02000067
0.9794139932758403,0.5509558860585461,-0.08211280273165174,E02000068
-0.06556403669002618,0.29470105851906303,0.7266518486395179,E02000069
-0.6384278307119186,0.026650090504386433,1.1185211572265947,E02000070
-0.07491527605974113,0.18005024875327408,1.1303067436507976,E02000071
2.4490418114322945,0.6476816987115834,-1.0342628239433174,E02000072
-0.9344571357479896,0.1956680478877501,1.4871730108162244,E02000073
1.6777388108222178,0.6027204330104093,0.008471488192837506,E02000074
-1.0336535336521429,0.11472978697379956,1.31192573955021,E02000075
-0.37782926931119026,0.17580121511375885,1.306072584448896,E02000077
-1.032721430918023,0.132178680181138,1.3356850594291259,E02000078
-1.1195138036231589,0.40817710183820965,1.0948420415331737,E02000079
-0.4990773892073947,0.17375383167773809,1.2587017215275578,E02000080
-0.31283309449700303,0.16597116114228105,0.6402482192170591,E02000081
-1.175112850583116,0.18135991602429144,1.5407953704453539,E02000082
0.15793989197384184,0.041141016574055486,0.3543133678364872,E02000083
-1.3409269810626903,0.31385527165011634,1.0777504225602372,E02000084
-0.7880483604567391,-0.11312692803713353,1.4291003198600936,E02000085
-1.4567374482846396,0.18922533064362862,1.417461265678585,E02000086
-1.9218278007150582,0.37607111353280526,0.5644690790420493,E02000087
-1.3736824353570178,0.056790839809662534,1.233059964290329,E02000088
-1.2854893347538254,0.3924631039941213,1.2388539206605866,E02000089
-1.1208420228455045,0.6092037541782865,0.8259502934076361,E02000090
-0.9081573226485672,0.630770211175108,0.3437785692919294,E02000091
0.8558686892375986,-0.018391050870026314,-0.7888246891308304,E02000092
-0.5188289511414265,0.9881356134785861,0.7827231632678214,E02000093
-0.13206883834679725,0.7925759515253457,0.7607126935751197,E02000094
-0.29308865873039563,1.0142765503467512,0.5572157260334493,E02000095
-1.997428540092512,1.5132231041032989,0.39712221523991886,E02000096
-0.1631366339164388,0.4712384919594722,0.7482902046333155,E02000097
-0.5115343995559657,1.265027812045334,-0.049512582490759544,E02000098
-0.6314892702903875,1.2637997949368711,0.43873772276415396,E02000099
-1.7650609509776047,1.6372960116261839,-0.1679114167261984,E02000100
0.968235882589197,1.4059303712359916,-0.367982324101925,E02000101
1.498980417473216,0.6076211323327835,0.2590899278349471,E02000102
0.9548495607494083,0.8339584401829245,-0.03081190701438555,E02000103
-0.3299990387611118,1.0824917497447097,0.5037640552404938,E02000104
-0.24349669071678412,1.0738212166731311,0.4921062856611536,E02000105
1.1549132976572847,0.8916901590928324,0.44933769740001817,E02000106
-0.26702272245354075,1.8406980461099316,0.32233701342027465,E02000107
-0.13225347711552313,1.0504600832875668,0.598737006734293,E02000108
-0.16919927140388738,1.0390327776267314,0.2885822824173657,E02000109
-0.5273210723716836,2.0144997215163447,0.030815197506090488,E02000110
-0.05945268393273503,0.8805765852723608,0.8210792621156376,E02000111
-0.06766739850009207,0.7736475537283926,0.9141191547581725,E02000112
3.748866811958208,1.2275532645699145,-1.3447321790217142,E02000113
-0.04026117387225806,1.979375240088695,0.2583111389818894,E02000114
-0.7912951233299295,2.721713657266566,-0.6504549679897214,E02000115
1.7780175960469942,1.1212016562482008,-0.22610068319417856,E02000116
3.3961878425619405,1.4939973809122478,-0.5789651688819606,E02000117
0.6382513487079792,0.5672646197842044,0.6641157549727379,E02000118
3.7729117854771066,1.284991357563185,-2.2285639047214105,E02000119
-0.6619714918742576,2.8070515384159695,-0.17575096122975262,E02000120
-0.151908804146923,0.6027731922387636,0.9060430050493852,E02000121
-1.2223363204572202,2.004891702884105,-0.13838658300551304,E02000122
2.3085133579524357,1.4850297773127858,-0.04638418728848796,E02000123
-1.183913674074885,2.607050190141659,-0.4000487552445788,E02000124
-0.659551751622241,2.2814887487675,0.0818212078322627,E02000125
3.872025057606804,2.5862406999518828,-1.8902990425900847,E02000126
1.6595558122710166,0.7970319813317075,-0.5563277395907212,E02000127
-1.267779190985404,0.7464030128499206,0.24395925833071908,E02000128
-0.7906600611618908,1.824345108144512,-0.2701359720928431,E02000130
-0.2948322703511482,2.105789519455948,-0.7647117258941944,E02000131
-1.6036156323884452,1.9887604514927923,-0.22551879589447066,E02000132
-3.0067575343187105,1.2952198103732089,-0.09550854018037247,E02000133
-1.0730303444636935,1.6536137098250634,-0.034743391501404965,E02000134
2.688496029667704,1.6518117739416518,-1.0864687700122626,E02000135
-0.48915577181151276,0.2188510523929465,-0.3035435457408705,E02000136
-2.2805280343244143,1.5180978901170248,0.26334923714356334,E02000137
-2.7671045704895496,1.6554760321181348,0.25136912468655426,E02000138
-1.644369939228149,1.6498219687305193,0.01727328803243841,E02000139
2.351067777196078,0.6007642222782313,-0.6799889778970775,E02000140
-0.5548444554579467,1.4970903095714947,0.3283305656816843,E02000141
-2.099757357064352,1.3345460618204983,0.49146150217513507,E02000142
-2.272849729584392,1.7154788511942292,0.22721039198625947,E02000144
1.717539942144464,-0.18949408199497478,-1.1806744218403333,E02000145
-1.6473407983742911,1.093673583084816,0.5369297734670707,E02000146
-2.5865973270593052,1.4182017099522488,0.34501339396182923,E02000147
-2.1672675064342637,0.8972654747359546,0.26060931976170365,E02000148
0.3609445323011294,0.4518345087455747,0.3087661451971705,E02000149
-1.525456000752922,0.5762089129920624,0.44104437235366056,E02000150
-2.399074044682898,0.9539737280435934,0.7222304158158579,E02000151
0.8205743812908277,0.5371983296055012,-0.46167284185804863,E02000152
-1.9215958184076274,0.4847202759986538,0.897885804932543,E02000153
-1.4884998355005707,0.9421142847330426,0.44945766629552714,E02000154
-0.49818761163088404,0.20329017469141825,0.8732947051128901,E02000155
-1.9347276374600602,0.6364685036660755,0.6757998853175657,E02000156
-2.2195144813852403,0.719648880410358,0.7728120024416153,E02000157
-0.04518813662908229,0.7511595057535232,-0.03719691644745762,E02000158
-2.093404822075291,0.10000510295122664,0.3791017844759162,E02000159
-2.0633955537603965,0.04509418770298538,0.2429281581205905,E02000160
-2.027867740113643,0.8325390944911937,0.9733462726170972,E02000161
-1.0530697460169034,-0.33271211770583503,-0.49084842366586046,E02000162
-2.190682532770331,0.13652015883283847,-0.16302826118629837,E02000163
-1.3940906133901836,-0.32062049280268246,0.5881852255690485,E02000165
-0.907464020046584,2.5647845507201223,-1.8190876008008117,E02000166
-3.6899889886952506,3.23635233562487,-0.8878706476764701,E02000167
-1.3541617399606827,3.38386757886773,-0.9799639941099964,E02000168
-3.002714747023641,2.7609130060271307,-0.16350965516024868,E02000169
-2.4581262326775994,3.275277088667332,-0.33601732182427696,E02000170
-1.5965727534229741,3.5110104643862345,-0.7657297450033727,E02000171
2.1815396748215163,2.667702946300236,-1.5456449012233404,E02000172
-3.0748756830333543,3.7346229842985976,-0.75168724861907,E02000173
-0.003678474309378647,3.2479799835326775,-1.1779636125961341,E02000174
-1.9041618882200206,3.5296262258068625,-0.7172825768215584,E02000175
-3.312628566834327,3.8855517222239473,-0.29953351232687897,E02000176
1.1325471890772145,2.9462282652744443,-1.2450647160292938,E02000177
0.09171623040665108,2.9588817646938135,-0.7429722227205163,E02000178
-0.9477814311175021,3.42449376224231,-0.8643355598298514,E02000179
0.30979760157886677,2.8588219373902484,-0.8097588825816575,E02000180
-2.834963137419174,3.863466115559358,-0.6211346737900937,E02000181
-1.5400418051850393,2.704186840328551,-0.4383762850128073,E02000182
-1.414079996676853,3.254495849890522,-1.0099636347370982,E02000183
1.5293498541026342,2.3828094163602174,-1.001543215511117,E02000184
1.4360395453324373,2.785310884527354,-1.0409975224158179,E02000185
-0.5589972950398745,2.501855713203656,-0.8890514181366982,E02000186
3.3397012757448694,1.7675105442618677,-1.8024820114321043,E02000187
2.6822928866041322,1.9986756902482068,-1.1430888677477151,E02000188
2.2953737002496144,2.6438634361825213,-1.2402396186128517,E02000189
1.0579522664425505,2.5273750565187165,-0.6621584194916311,E02000190
-1.0306634582922798,2.1387110491369845,-0.0072097719870660455,E02000191
0.8625554598028042,3.1026709777757553,-1.3861487058752715,E02000192
-1.1301186089218664,2.714842611045373,-0.9160459873915988,E02000193
-0.41689430637579705,2.172470720779528,-0.5751995887217243,E02000194
-1.141690925902762,1.192776296883796,0.4463532918182206,E02000195
0.307827023055888,1.1589049610571125,0.22026054952918034,E02000196
0.08635986987924918,1.3419081759095668,0.3934699203109636,E02000197
1.055592660904015,1.217581962167106,0.2878373168567327,E02000198
0.22197763863676903,1.2637093118421379,0.7190944636691758,E02000199
0.23206897039259802,1.4235843959453474,0.270787102953224,E02000200
1.655989006142991,1.5232930946702088,-0.16002797016326017,E02000201
0.006839806605382483,1.0185129679380505,1.1925434704251012,E02000202
1.112980973930038,1.2716153310539677,0.2615240828511869,E02000203
0.13958951408109146,0.9129953885096308,0.940512599228924,E02000204
1.4244420116016794,1.204466853767145,-0.12243266406394725,E02000206
1.2681547392248496,1.2810137228405598,-0.1250186010829719,E02000207
1.7554570552783466,1.156356555239011,0.1665119256420836,E02000208
0.6973234257777793,0.8549978221375565,0.6374173359444157,E02000209
-0.4285006009961275,1.386692776831388,0.769649369206398,E02000210
-1.3144138313657037,0.6472539861824544,0.9024588108293012,E02000211
1.2415353338431325,0.8552719513272082,0.19120448936669698,E02000212
1.7046425445494526,1.5800024142305533,-0.23909054788769024,E02000213
-1.5049146074651216,1.0721310594634135,0.8245019260713828,E02000214
-0.591150204478246,2.061583117702078,0.1595386999261331,E02000215
-2.3580084953339058,2.247696390114113,-0.5913291469071127,E02000216
0.25496374293227375,1.4556826320533038,-0.0440143513923233,E02000217
0.8134060018925127,1.1706092552821727,-0.3620917527612686,E02000218
-2.0219650780876806,0.3377258400138867,0.3143193557005731,E02000219
-0.4620523800972195,1.7273076099492615,0.015848573581700266,E02000220
0.6621136986906397,1.0267850288324034,-0.5910416795452917,E02000221
-1.6490312937224747,1.7006701554883605,0.006651011386198234,E02000222
4.222249054683937,1.3038885720072209,-1.4146859826246365,E02000223
-1.292107712809873,1.471668492901678,0.46241278920486134,E02000224
2.046431195422202,0.3421404622342165,-0.18404471780817974,E02000225
-2.0425454493577475,0.596353472725626,0.59555505664896,E02000226
-0.6819819797085637,0.23140228381981043,0.48112802610056077,E02000227
-2.660048327185616,1.1679375991452785,0.2677217184920565,E02000228
3.127479468969121,0.5272883897918694,-0.7157962375744852,E02000229
-1.7371152669745655,1.3644253339463686,0.24845662376697517,E02000230
-2.363101551345136,1.0877609252190283,0.26057761602795526,E02000231
-1.2795741976715087,0.10496265196896326,0.21779621952542966,E02000232
-1.037522220280763,1.190147867923384,0.11432871236677526,E02000233
-1.1866243482727348,0.9892796377801695,-0.01192396355928861,E02000234
-1.8826201771152493,0.8233766940297605,-0.27220885240056575,E02000235
-1.8449207794867195,0.5819964906782485,0.42668811215154867,E02000236
-1.0314649757486867,0.2758436616604515,0.048334918552112166,E02000237
-0.24745582479687797,0.7182239204918826,0.7592691474040278,E02000238
-1.1381679859208562,0.590882294405909,0.8205950375979731,E02000239
1.301603663896251,0.9193418818335695,-0.16669763944539967,E02000240
-0.7196591690588405,0.7465983956526119,0.7903761076734956,E02000241
-0.5958390471632008,0.7551143934638848,1.1354698943900847,E02000242
-0.10936160352906095,0.6529943663027957,0.0725384939541078,E02000243
-1.0733447244859506,0.7877065629618418,0.5966782468407011,E02000244
2.2438324565126733,0.9992873715387683,-0.7053717440126988,E02000245
1.7402015893085896,0.6498931292951309,-0.2922361092550907,E02000246
0.9250138206207305,0.9542830324202171,0.2412176071360579,E02000247
-1.658149881429174,1.5013523834127984,0.3184825203469318,E02000248
0.28743945923373254,0.7911594729263641,0.5033789190139476,E02000249
-3.2541056852985406,2.8350114944718987,-0.11336512680728444,E02000250
-0.22922863882220407,0.6716552634575117,1.2231567425874377,E02000251
0.25351935526366765,1.2335156880983817,-0.551944636791325,E02000252
1.6558779248455995,1.3881688366850766,-0.5350515918997567,E02000253
0.19848700199366728,0.5911133793983301,1.1474997334923562,E02000254
-0.9020353529639986,2.160584225087989,-0.4248847669304405,E02000255
-2.523475182338126,2.8428007001134366,-0.18452723542359584,E02000256
-2.426961728065606,2.8116734382015616,-0.4320827155347798,E02000257
-0.8612858634996421,1.7531160533171801,0.02302506875675594,E02000258
-1.66462517329327,1.5674693950226493,0.23066888403364044,E02000259
0.7870781996036033,0.8282190988352062,0.6393104219950385,E02000260
-0.09509963071968991,1.8125888496815505,-0.14860081895030242,E02000261
-0.03861430497539175,2.228821900320987,-0.16727932360955194,E02000262
1.2404728912971128,0.5604627038282604,0.9239899849193243,E02000263
-2.132272645015246,2.382064544557943,-0.2136588620833708,E02000264
-0.07998663137973006,2.236582919364799,-0.3131057442170499,E02000265
2.655267077240007,0.9461362681567342,-1.207464674113212,E02000266
-1.2738048112872908,2.027496955503771,0.28208810258918066,E02000267
-1.4677183905454447,2.53150191816009,-0.40344293883991944,E02000268
-2.9268787399821337,2.805722243805411,0.08802944434311974,E02000269
2.042056414307711,2.035754811409119,-1.109685654797057,E02000270
-3.1826512687908988,3.156350724235838,-0.14307405853547975,E02000271
-2.390837163493385,2.0367421775242787,0.19292852238818087,E02000272
1.3893990714826823,0.45712220368367,0.981422623744252,E02000274
1.0572101428774514,0.9010654209459569,0.20035338756228155,E02000275
-2.518210986768729,2.699945456858548,-0.14786799158416633,E02000276
0.7433095569581417,0.45769278693507953,0.9274702332197271,E02000277
2.5462343477666614,0.7720553020445236,-0.12778899523914378,E02000278
1.5011178555958118,0.8647600594367312,-0.14306655504425636,E02000279
-0.6384492019320933,0.0868252398554136,-0.8478256503660652,E02000280
0.7654743957915483,0.7392214979677508,0.18632370258143852,E02000281
2.9544564540175347,0.8392562072761058,-0.18794322862304466,E02000282
1.4268317907694161,0.5428729680138836,0.6856568816173438,E02000283
-1.1708245026811244,1.5114173113802578,0.3856071993884516,E02000284
-1.2202363100334739,0.8203767203987001,1.1056818866938278,E02000285
-1.7907929687484911,1.2184666770351067,0.453681256601143,E02000286
-1.7803653340854917,0.3666955157232413,-0.3639708773320294,E02000287
1.5125446233740154,0.5685373501654627,0.2376132410405958,E02000288
-1.6177483028997355,0.6175546671949924,0.24893132903721013,E02000289
2.569234592037059,0.369434167933461,-1.173251875939703,E02000290
-0.09948247755889549,1.3874915704284274,0.3473551629282595,E02000291
-0.3140101893001203,0.7222396512382743,0.7218127148309166,E02000292
-2.0971647609841524,1.0233007303102786,0.4394181635661617,E02000293
1.1081689712523213,0.4129871896516616,0.6385103799549411,E02000294
-1.2618938793778165,1.4439280124527598,0.3120812854661301,E02000295
-0.6974441355088511,1.2464385365112172,0.33554337712842497,E02000296
-1.6288809117013874,0.9691507162818573,0.9587476640922364,E02000297
-2.394407360959756,1.5434623453896257,0.3096571355205279,E02000298
1.589968508710226,0.8068900569039313,0.7287685020366861,E02000299
1.0972749234072803,0.8427256480812965,0.9346513388109239,E02000300
2.567638541837803,0.7639750658444053,-0.27920443331966366,E02000301
-0.33010968438885663,0.8921482229439053,0.501793182957549,E02000302
2.8591275141232297,0.9073832737100538,-0.2715467854093997,E02000303
-2.5267705552495006,1.7580592658573573,0.3454074050094942,E02000304
-1.5920651553460046,1.8029988815807223,0.6358856209959096,E02000305
3.8607962717950284,1.1285984097488613,-1.4548885805856386,E02000306
0.6034429327144154,0.7234578719370832,1.052112180610965,E02000307
-0.20418591431416794,1.4238782691084142,0.125015306020011,E02000308
2.0953269237849255,0.671369139945954,0.2642721968897186,E02000309
0.5959056658077169,0.9082919152320688,0.5006043418234921,E02000311
-1.1131613103109699,1.6963983234090692,0.4834825463640471,E02000312
2.82569372661613,1.8406943252775323,-1.5306966734012937,E02000313
0.45690311149766344,1.2700633313450744,-0.33794096297532467,E02000314
2.654517211500998,1.4176611629569442,-0.8689413851431625,E02000315
0.6633471974374168,2.065878208385203,-1.1819762091520443,E02000316
3.3472766677320456,2.1824518667328827,-1.57628027842269,E02000317
1.4403185661397486,0.9934787969716713,0.27080208747519235,E02000318
1.306812616619259,1.7319905507647875,-0.15103169730076946,E02000319
0.909414953935595,0.8957596233492742,-0.19387050818712126,E02000320
2.8545107154134515,1.7919714559064839,-1.0738777141186857,E02000321
2.714345540683115,1.7703183570371388,-0.7460212219974228,E02000323
1.8597915030472918,1.7056793781104318,-1.407141464888431,E02000324
-0.513733409297458,2.41817166729211,-0.5774304065393796,E02000326
2.2831939548547004,1.2497076028511453,-1.3940661454550844,E02000327
-1.542652177553346,3.0388319341313736,-1.0487383514472604,E02000328
0.3944174206284835,0.7490006029892189,-0.06308635941749653,E02000329
0.708243016145766,1.6156483783951519,-0.4637253983141313,E02000331
-0.7290428701723407,1.3620767416067798,-0.1738873573024043,E02000332
-2.831463320104634,3.0509007890618154,-0.8550288866995267,E02000333
0.2445574919263074,1.1781227183306153,-0.28913548415948526,E02000334
-0.9582941016776384,0.8375292661300038,0.5427069836835127,E02000335
1.7773989791571179,1.1173120442471483,-0.6793725389213898,E02000337
-0.9631424716329814,1.4911163009230752,-0.12849442473343933,E02000339
-0.8422395392401649,0.5354617602606946,-0.045244318122952557,E02000340
2.6937462805160806,0.9729761653420473,-1.1416068685693237,E02000341
0.7882662406654263,0.6216760197598059,-0.06703194861117621,E02000342
1.0427537605378423,0.9747281486252415,-0.3248865861833454,E02000343
-0.7673707540505145,0.5775142862750565,0.7646759580270134,E02000344
1.1545540540718122,1.2573620086795307,0.5630464723628834,E02000345
3.920272543747446,2.0183949830073975,-1.794721697678658,E02000346
1.1814029987174806,1.9492560402713313,-0.49504086515282986,E02000347
2.54934548140838,1.7277374104138512,-0.5911475503159739,E02000348
-0.3748142051956692,2.606845788917026,-0.1437812093070038,E02000350
-1.1889278266762067,3.2553764190906214,-0.5348805707334078,E02000351
0.0006395883955108941,2.7185200686719684,-1.1860727194374747,E02000352
-1.2921639538730305,3.1233743569593164,-0.4810991405770476,E02000353
2.0681510526335622,2.4759224589942734,-1.2238016612656537,E02000354
0.3701044530977324,2.6212580554516163,-0.43742463269127463,E02000355
-1.1126904152087898,3.43924771664193,-0.6702118742215876,E02000356
4.325061931889605,1.7700866848200194,-2.454677978673366,E02000357
0.8014172431098038,2.9328072410831805,-0.9041219768124226,E02000358
1.1141460791094902,2.4496752271227082,-0.5249487778926886,E02000359
2.6119799001174493,2.7757749573741224,-1.464325883711916,E02000360
1.0948701803235046,2.7828698495081814,-1.0677436552875221,E02000361
2.1342228796525684,1.9230363379389492,-1.4740862828743733,E02000362
4.22723974556274,2.5464529989068234,-1.7497703817348513,E02000363
0.05583350186601507,3.3126759027998895,-1.2693038607035023,E02000364
-0.15032426105399743,3.0138382827183974,-0.9176418513295813,E02000365
1.9865616857273272,2.7205740473163993,-1.6124625626127302,E02000366
0.2234793440263472,3.1556295449108864,-1.1985026493735453,E02000367
2.7195234324897726,2.6647047500867367,-1.6775395994606517,E02000368
1.7810535681015565,2.9091752801518735,-1.369265908224693,E02000369
1.892818967294051,2.914890345680484,-1.4634333528944443,E02000370
0.009142568485823647,2.9578838581250024,-1.1144062164838278,E02000371
1.8906665301194054,1.6386919882708153,-2.0278276377610776,E02000372
4.02948901990047,2.123555808240436,-1.5853945144636377,E02000373
0.2777402825783689,2.6072112852531126,-0.7088342114388444,E02000374
0.7329636784860507,2.7236717576279275,-1.3672789387254074,E02000375
0.26203741672441705,2.885057795124559,-0.6789842777052735,E02000376
0.4139355839381996,2.7318045760690506,-0.55624410820188,E02000377
-1.0898142645023183,3.559210512057511,-0.5569140539050587,E02000378
-0.9394987971380435,2.9036502678698892,-0.6769715384999951,E02000379
-1.607498400611411,3.264263216219887,-0.48060082223340744,E02000380
-1.594858879324116,3.422468241075046,-0.7300620967261209,E02000381
-0.9575613750449534,3.1074496947230132,-0.8327256878021768,E02000382
-1.2687432702806531,3.0617927448122835,-0.29525829519592806,E02000383
0.9586637804783749,2.577878020465041,-1.3561095824983922,E02000384
-2.4682867345289634,3.6550713596038427,-0.4706847381646472,E02000385
1.19200222845383,2.8226879395809306,-0.983222572140325,E02000386
0.020571399065970428,3.0387925089308396,-1.171544970190075,E02000387
-1.1430290460197907,3.1714557108583956,-0.7057091693509544,E02000388
-2.3766518181338667,3.0453486048122294,-0.13760962675843866,E02000389
-0.934755508867483,3.0435920997734747,-0.3649846345710749,E02000390
-1.5769287848790274,3.137539694654519,-0.6659273036402773,E02000391
-1.5957044323551308,3.5674223580552447,-0.6654830824003901,E02000392
-2.947358497653965,3.669567957065067,-0.24093970307482038,E02000393
-0.6376446101064039,2.8699749726612724,-0.8507454870298318,E02000394
-3.198702160270539,3.248095305644637,-0.6249248378468601,E02000395
-1.1461448469885605,2.946800552249988,-0.7409750867335186,E02000396
0.626830576863912,2.017120119840523,-0.0013625723628830648,E02000397
4.33407983632405,1.1799963159883684,-1.1314177143092037,E02000398
-0.1587332856269672,2.0002758055815053,-0.7041048519293507,E02000400
3.1497155046792473,1.3259410115869068,-0.8363762648118583,E02000401
3.32031295037258,1.1824458395003956,-0.8780708729816364,E02000402
0.026582178531843702,1.4146484591577884,0.3604648446283341,E02000403
1.5015817308308947,1.3994688976544576,-0.018114859385545003,E02000404
-2.7766699610189067,2.6579968653274433,-0.6015327304285969,E02000405
1.780635400263426,1.9131738756180048,-0.4024760899328843,E02000406
2.4822195403551808,1.3037905723439454,-0.025608397839151382,E02000407
3.2318012284013227,1.394503645383494,-0.3630263307802666,E02000408
3.0784466793061607,1.6819213177071344,-1.1320812034957395,E02000409
-2.7690441449187118,3.0466756400226602,-0.1457463734807722,E02000410
1.9100346944498185,0.966332973907317,-0.40031884712640387,E02000411
1.5682681604568514,1.8263249531254044,-0.6730024015595355,E02000412
-2.271865206078471,2.813832424356305,-0.5611468971049149,E02000413
1.101388166865271,1.6709449257972386,0.5216652658277261,E02000414
0.4349913835148776,1.5333625105833857,0.20729520875711113,E02000415
0.21717629891571807,2.8662373071644427,-0.9446534790036505,E02000416
-2.9405322497756767,3.133549632348843,-0.5093319337054146,E02000417
-2.7992255949496943,3.1551723660698108,-0.47201331643685523,E02000418
-0.307355085075031,2.12946247400339,0.21425506257050791,E02000419
2.1382980269299874,1.6330053806048332,-0.24324043348225258,E02000420
2.546777970534564,1.5628640273447618,-0.781356368679619,E02000421
1.5524205070733248,1.7507360196420259,-0.06420760503123306,E02000422
-0.11679684137993757,1.7293409002587037,0.4543151970638226,E02000423
-1.2547660764370978,3.2361012397152993,-0.8020195112297018,E02000424
1.0080714297138205,0.8688473402238721,0.8212651426640017,E02000425
-2.7250128458491942,2.644707944077238,-0.988830386610355,E02000426
-0.8522452412904433,2.0506305045661968,-0.15173357766813478,E02000427
2.058950938943927,1.737801952670693,-0.617281412608867,E02000428
-3.385976684811759,3.5901314975877345,-0.7204275813082628,E02000429
-2.812783350131987,3.659033039683406,-0.544457707163962,E02000430
-3.548008236162482,3.827502785284275,-0.4290021184716291,E02000431
-1.4418399218029603,3.5008831028042415,-0.9346276141903092,E02000432
-1.9440388892823837,0.7425395406479196,-0.30166853853832143,E02000433
-1.6187732104500063,1.3828977327430279,0.2886402310887438,E02000434
-0.4187239136695333,1.036090093607085,0.02564650630541773,E02000435
-2.783152885114375,0.9520079459888171,-0.1194090444064563,E02000436
-0.7733937155852101,0.9966701836591074,0.6389541460746313,E02000437
-0.287448835443409,1.3869252960052751,-0.18176001271564304,E02000438
-0.21963133930843162,0.9093072622403483,0.7944677067615824,E02000439
-1.5377863436188766,1.1735229164799468,0.832866582751836,E02000440
-1.1198625403256217,1.3560027772064578,-0.39717678518646204,E02000441
-0.5939913201911131,0.6197618070532409,1.2224461144184995,E02000442
0.5311578717734345,1.0167123320889866,0.7021410780215133,E02000443
-1.0396398583532933,0.9091039994672909,1.1303121502111124,E02000444
0.1670919218822718,1.128689460092678,0.5621922906643673,E02000445
-1.5421331206212094,1.2125990020874517,0.1937786427989278,E02000447
-2.7155409168900553,2.0553811238373636,-0.15874749443780026,E02000448
0.21947877194207527,0.7671417248579423,0.7681720261165176,E02000449
-2.5115227034517367,1.5496130720332366,0.39555351328784577,E02000451
-1.2300564611308407,1.5695354572083544,0.612672273197109,E02000452
-1.744098967889934,1.743014917709933,0.4953002263277067,E02000453
-2.628746004860567,1.7162329051899314,0.3278999558068831,E02000454
-1.3849038999163612,2.11974527797574,-0.10256374143377636,E02000455
-1.4306600586621676,1.7364619705820425,0.4011726666321161,E02000456
-1.734251598963862,1.3832124031518866,0.5492078182535346,E02000457
-0.03837150152846137,1.203826147349427,0.23782300597897468,E02000459
0.8498130665532418,1.1822719872431182,-0.0733521529259283,E02000460
-2.423714460409158,1.5335990271388744,-0.03473568326201902,E02000461
-0.5340339657804031,0.8182712758957691,0.9343308040196666,E02000462
0.4163699652657141,0.9220291343640157,0.5773316703982573,E02000463
1.7170334535966347,-0.4076916836861283,-0.5502486371855723,E02000464
2.0378842111073623,0.25934455506614945,-0.5012659105951585,E02000465
0.8140536820514394,-0.30863758988075485,-0.18260775068124005,E02000466
3.531275811056565,0.9888389438560897,-0.8452906283316836,E02000467
0.1669478310857108,-0.42909406850663434,0.6251699870653359,E02000468
1.8152124344904208,0.2894293899401019,-0.10905836467340978,E02000469
-0.9185100771930718,-0.2683442238208181,0.3607736148907283,E02000470
-1.0075579590377095,-0.18867047582111898,1.3267895073371485,E02000471
-0.4633659169150893,0.14769339405328397,1.2498417904500911,E02000472
-1.0808196449851928,0.0585429198171816,1.0099022329387242,E02000473
0.20101225433967118,0.18793377207440534,0.602632270345874,E02000474
-1.2749113250436077,0.5976801477827046,0.5339102345182214,E02000475
0.4932349957497253,1.1125585190098217,-0.05790321863489415,E02000476
-1.3778265156077667,0.39942550426138074,1.2650791256767155,E02000477
-1.856463409606121,0.3100305253669567,0.6847171141549766,E02000478
-0.24966675703375663,0.70204353391916,0.8007426762892299,E02000479
0.09550274438063787,0.26339055337277334,0.3941152860287407,E02000480
-1.1062454311169119,-0.7954131825725026,0.29440938785108406,E02000481
-2.2072527401076067,0.26802821329251,0.8297568679520162,E02000482
-0.17322722894571502,0.3241601739326148,0.7199129343868185,E02000483
-0.727303113742741,0.10666007888385956,1.1475712800881543,E02000484
-1.0536785558988973,0.310034813242942,0.9360228386126604,E02000485
-0.8628796913938979,0.14884288986189606,1.4237596135646755,E02000486
-2.301628091489881,-0.2617122974633489,0.21286918361005278,E02000487
-1.0142373017555344,-0.1967097331673291,1.4504595130497582,E02000488
0.12710245593440045,0.11000652219532399,0.4846909156896145,E02000489
0.26671022142946343,-0.3028258352407061,1.0245354037938876,E02000490
1.2854332006070728,-0.16686531821445896,-0.09708422753448259,E02000491
-0.8548457402653955,-1.333273934241496,0.48407238270109637,E02000492
0.9031672371916104,0.18002391719866223,0.7569906972730356,E02000493
-2.4863972980989906,1.4225242855064746,-0.8021685167736403,E02000494
-1.529771016724768,1.3484919182275428,-0.007437140545834703,E02000495
-0.5418924702099959,-0.18454365592091782,-0.8814944271140943,E02000496
-1.1410733677236646,1.0717424509465396,-0.09996614525638063,E02000497
-1.313971480571442,0.6282840504927965,-0.08492363693084043,E02000498
-2.0161401424086036,1.1582108802317654,0.6474591039103756,E02000499
-2.2279440745525085,1.0289716127486823,0.2809946893675586,E02000500
-1.5045098419956933,0.9436295130310148,0.8211432448143139,E02000501
-1.888726982953105,0.4392408637494515,0.41711672281988016,E02000502
-1.7381234093562377,0.7622440268148984,1.180194500650475,E02000503
-2.323555030763219,0.8565132642457652,0.3969072503378419,E02000504
-2.322587930098671,0.6062633596199092,0.10457717103401327,E02000506
-0.938883136187107,0.3204267602560799,0.6007442886627687,E02000507
-0.7240361520450201,0.5937958235274531,0.23175269320759084,E02000508
-0.23159366557202507,0.830599042715636,0.12993256687162177,E02000509
-0.7760092560207894,0.7719714187978702,0.4277471886313587,E02000510
-0.4211926527458606,0.10700800673884066,0.9677472063924045,E02000511
0.9706881723663653,0.7604492322467314,0.05206823570127958,E02000512
1.5744191215815047,0.8502417528208228,-0.07453907688154562,E02000513
0.1534664906337214,0.5152206945094612,1.2119731324350138,E02000514
0.27495746950698713,0.5962307046169251,0.021378859460332952,E02000515
0.16618877109819094,0.7642964134384181,0.34919416290195127,E02000516
1.3659006364564243,0.5123197671575249,0.18147117546484304,E02000517
1.0469186697308028,0.41061687965999,-0.20580873791349297,E02000518
1.6779268163215049,0.7253749009957173,-0.3689442201994491,E02000519
0.9662489118581815,0.29494253376101576,-0.036925474227169665,E02000520
1.1449465692751326,0.5914082660611024,-0.18214762600746742,E02000521
0.5261018428621176,0.8211221181818095,0.08480931815249962,E02000522
0.12735301056188447,0.5649340834440041,0.7810825317638548,E02000523
-0.5254514775807394,-0.6847963925110553,-0.5106137521376893,E02000524
0.27113198976216735,0.18709263582665747,0.050767605599723056,E02000525
-2.91017567655723,3.156137697488838,-0.3284886246710662,E02000526
0.8377857613457194,1.7525245217697676,-1.2542242951601497,E02000528
0.4426584215746098,1.0102109009493954,0.3161470175257846,E02000529
2.485802511355101,0.5141833891544042,-1.1536133587202761,E02000530
-0.6425700327140098,1.4680439708756143,-0.46073675490242805,E02000531
-1.851405859642796,2.476139324422966,-0.9300128805372276,E02000532
-2.1873963959114207,2.9286931206534197,-0.6259833251604411,E02000533
-2.183178850236287,1.2481168761442243,-0.25892803418300814,E02000534
-0.30509612068074987,0.9612752780142839,0.5188144962213809,E02000535
-0.38889493422813737,1.108133559976266,0.2935421339215503,E02000536
-1.918930526351883,1.4807988450834297,0.4354562816732597,E02000537
0.0971478619856864,0.4761859315695788,0.3206223365709097,E02000538
-0.6675313200758469,1.7768401244985157,-0.2623129043315021,E02000539
-0.47212115352571643,1.5858607210376479,0.0673158761026836,E02000540
0.8846056917089903,1.2292687924348868,-0.14031803107424173,E02000541
0.20258548023451958,1.4144891408443587,0.1274305102366296,E02000542
-0.89894519963128,1.8395950759647361,0.3669244490839319,E02000543
-1.1246793363468728,0.8547180928368923,0.9095734499643428,E02000544
0.43128974900598893,1.5746868869955937,-0.6311222070333603,E02000545
-0.15087002227683105,0.8887143241724175,0.11563555020327487,E02000546
0.09868401255772993,0.14816404019939478,0.2414415041992341,E02000547
1.0781272759664835,0.2693492179233295,-0.35911308257481767,E02000548
0.2860470406612427,0.32625276384975893,0.5090458521211301,E02000549
0.9596855400322398,1.352945427571161,-0.06633326443879535,E02000550
2.120194789299365,0.6831944137359899,-0.8435859146695335,E02000551
-0.6674904501838748,0.1544719977851928,0.6013605816099609,E02000552
0.28080763225312433,0.2581495243624776,0.02425651508590395,E02000553
2.0209926606808275,2.7702841175579684,-1.4973456025714273,E02000554
0.3733954812759195,2.9019595602231507,-0.8577458362798385,E02000555
0.3078630308431726,2.930698347561881,-0.859157256573662,E02000556
1.0292857924493164,2.9137801072115384,-1.4736081810541375,E02000557
3.703888335583507,2.542534917981898,-1.608500263887256,E02000558
-1.6071990863510774,3.4550478918956804,-0.7090214740458017,E02000559
-0.26034417684236605,2.7599100298346966,-0.45752446621749476,E02000560
-1.6393182694058146,3.3194691219951324,-0.7431397123364363,E02000561
-0.005617583138622538,3.2674713407028477,-1.3677206318703303,E02000562
1.8163307574447698,2.5844720897656117,-1.2461502157255138,E02000563
-0.3304468937372406,3.1910894140644137,-1.1137844329501272,E02000564
1.0967708908665494,3.1150345246135265,-1.4493708691302853,E02000565
-1.5355357756310644,3.5855333688583584,-1.1154058031232443,E02000566
0.0657321454843849,3.330340101466722,-1.3011715780305193,E02000567
2.1952371846217837,2.160709871659007,-1.2972952733487222,E02000568
0.6556658271971768,3.3804762195128273,-1.6373456301196716,E02000569
-1.9250581401359794,3.8546164902305606,-1.004075203018093,E02000570
1.1667782236859598,3.1933133742539157,-1.5235616874242952,E02000571
2.8166583036792794,2.4751188398335415,-1.3752696098736379,E02000572
-1.655962660330109,3.793426513139509,-1.2118958990594855,E02000573
-0.2511913167750982,3.109730286832883,-1.0295611069580195,E02000574
-0.5419129031148875,2.9473661958375432,-0.9458780096632619,E02000575
1.5439242759546556,2.8473789752212078,-1.6932560798039222,E02000576
3.9207448395249167,2.2678960790601597,-2.3325328043022635,E02000577
3.7563527490736273,2.400761394200242,-2.1132503650030254,E02000578
0.38515013434371725,2.9015490663614765,-1.087867164724998,E02000579
1.184387161401776,3.342410555180313,-1.3686431517578408,E02000580
3.258383705927933,2.7322528101626,-1.9687797633235518,E02000581
-2.5597196482867015,3.5530235915737034,-0.269000360036316,E02000582
-2.2260688528820807,3.600859103566074,-0.666610133426549,E02000583
-3.2452040514180123,3.31570957503605,-0.2893046870077487,E02000584
-2.2046965244916508,3.0829111596356484,-0.40757227435525484,E02000585
-3.2519266226959553,3.3863479458921,0.13751777087076367,E02000586
-3.0843478470041,3.281195231002116,0.16276956414059554,E02000587
-3.5183135176091906,3.2957289195761392,0.006578976675056503,E02000588
-2.0140216296869378,3.403322371574803,0.1239553056538498,E02000589
-0.7693029007193681,2.971170310467926,-0.5899679837359967,E02000590
-0.25178753416157107,3.118662608223976,-0.5597254126966283,E02000591
-3.5105392548428007,3.541268995259975,-0.1466757757800545,E02000592
-1.8277563704223967,3.2782486029974214,-0.26302639795462057,E02000593
-2.5369428581243634,2.9720378814836854,-0.28801768773115155,E02000594
-2.3781557069783434,3.036760807898095,-0.22105540019232106,E02000595
-2.786116875009897,3.198262849852968,0.0287074524345682,E02000596
1.206294198400718,2.7237629399838563,-0.9275978162899198,E02000597
-2.6913442987850513,2.1057501051963015,0.14816795371029343,E02000598
-2.768409254587945,1.1141542439088628,0.030187294774804693,E02000599
-2.128022938823658,2.325677602037838,-0.07050912163136255,E02000600
-2.445376917444619,2.7278816460229613,-0.10575366259853715,E02000601
-0.16675391849480115,1.9206012136060393,-0.4444588101717777,E02000602
-0.037473956233349405,1.2885820736391322,-0.06822091185334248,E02000603
-2.105683864451329,1.719709378332597,0.34250300150147467,E02000604
-2.056369771296987,1.5250726335126983,0.4715184969569437,E02000605
-2.687601358680838,2.3541058639106245,0.10257803242690527,E02000606
-2.3039405926981398,1.6076853319449447,0.2687612437115628,E02000607
-2.2212779560887275,2.4898811828669887,0.0470117814714401,E02000608
-1.1377954602608145,1.0770921914655713,0.36670738055691104,E02000609
-2.0144376069237366,2.4422349845145077,-0.3327388373962906,E02000610
-2.201855194991574,1.0588472121441534,0.6878848640814834,E02000611
-2.066885406147609,1.073237038505628,0.6342731529057056,E02000612
-1.9960978670030796,1.9148077108614594,0.1419406936167158,E02000613
-0.9637563958180224,0.27670511634271167,0.621950766794502,E02000614
-1.2267316825064667,0.49352654047329125,0.9020793721548367,E02000615
-1.3840219190701135,0.3707621965172434,1.094037573205373,E02000616
-0.630858859953479,0.04533002497115424,-0.22137149023743632,E02000617
1.371694933770599,2.867445345440678,-1.456082997739677,E02000619
-0.10836264193402487,3.2699690528907563,-1.3962643001371293,E02000620
-0.47516516273128195,3.1643623146385615,-0.8613161685528363,E02000621
-0.3220375638129237,2.9890635238864194,-1.1568145289061742,E02000622
1.7969996560819612,2.6186357010682815,-1.213608249449672,E02000623
1.4785788490754168,2.8766301948921216,-1.4823447859483019,E02000624
2.0193809858468055,2.375260963048627,-1.1348109793854648,E02000625
3.449404293302269,2.3839795530170313,-1.6856897121717092,E02000626
0.3506133109808504,3.265466392761785,-1.1109972524164409,E02000627
2.835729456260156,2.258181472983363,-1.3552846777456145,E02000628
-1.3656664049335352,3.556361005095286,-0.9617835455217667,E02000629
-1.7791618631847521,3.621269427487386,-1.0722762364736589,E02000630
-0.9500630623919464,2.7912003449100946,-0.8512990963830896,E02000631
-2.1313529839455208,3.943078931394176,-0.7635443363548816,E02000632
1.0297453227826807,2.9928619924550905,-1.335004411271767,E02000633
0.07395992195390248,3.3116943387628113,-1.4386032005794889,E02000634
-0.09027974781645944,3.052159923596092,-1.5278366937227073,E02000635
-3.257224805746289,3.8312473331956185,-0.9171094910798807,E02000636
-1.3717854754715197,3.2856478715380733,-0.5196090218364058,E02000637
0.6575497479013406,2.6064478810036404,-0.7844041766936503,E02000638
2.000539595180553,2.2675024780310684,-1.0699110244630834,E02000639
-1.8780353174031847,3.520763214718259,-0.9490720606461159,E02000640
2.668330866261569,2.298036078615135,-1.347544273969776,E02000641
-0.3243275158440992,2.7356806675194045,-0.9459737844431648,E02000642
-0.602139377574778,2.6977067908743337,-0.4822752561423126,E02000643
-0.6528581792528116,2.360933417446213,-0.2523029009431993,E02000644
-0.8039886439307519,2.433892941065904,-0.4294907706283597,E02000645
-1.3599962588739265,2.2555171929059044,0.10874091696340375,E02000646
-0.5622152214733873,2.113144154640592,-0.10772412941642805,E02000647
2.626347166237214,2.09980796595884,-1.1217557947733787,E02000648
-0.5266528299378705,2.1872193863835605,0.09368432633765852,E02000649
0.9116387240891862,2.4024615336188564,-0.9266376523365999,E02000650
-0.40368234731937175,1.8532176103541713,0.018791809021913616,E02000651
0.31420919524820673,1.1740462927414352,0.7040339696963767,E02000652
1.548003859381681,2.5717332226902934,-1.361355542885968,E02000653
3.1939214748101716,1.8900337726395562,-1.6216243663029692,E02000654
1.0841908576572374,1.7862697523239077,-0.5429064004269094,E02000655
0.30206207387502093,2.244598615890328,-0.6469044789969531,E02000657
0.17072392132345895,2.4449402064796653,-0.7290543927976261,E02000658
-0.26362288093443886,2.884086541514643,-1.2875097992406717,E02000659
-0.846072309386796,2.8787452038182604,-0.7159554692459908,E02000660
-2.134019295329155,2.8882506543758373,-0.9806664387318718,E02000661
0.5358444855153391,2.315057578816805,-0.8289996870035352,E02000662
-0.7249357129312132,2.5519450783584556,-0.38880143531792566,E02000663
0.9326348138890191,2.1600883412439735,-0.9430395662615642,E02000664
-0.8899266338152158,2.6333282724453766,-0.5100562999268664,E02000665
-0.6077513092336728,2.1013223491532695,-0.3063808633264389,E02000666
-1.2585174873953813,2.1660729908660277,0.1296249539408686,E02000667
-1.3875295282652278,2.1285421492449643,-0.18609591984305984,E02000668
-0.5953070846474359,2.3445603606800827,-0.00017429402888037107,E02000669
1.1923241925599901,1.7783697165286638,-0.18771035409594336,E02000670
-0.7732272200268604,2.284556094799885,-0.2586840213696571,E02000671
1.0184634550203242,1.5464896429889547,-0.24812126133043552,E02000672
-1.6100147268503318,2.6840164130212827,-0.49646557112680967,E02000673
-0.3594299145308214,1.5171179363322642,0.5619932127624482,E02000674
-0.4613964520058699,1.405647886281546,0.05829797004884542,E02000675
-0.737315096279643,2.2800013447370038,-0.1467313788211685,E02000676
-0.3175736036791635,1.3325919774426382,0.4014261390841426,E02000677
1.3691155931575967,1.0158193390002825,-0.2162420627404334,E02000678
0.3363999759367861,2.161440288455817,-0.6446162859537905,E02000679
0.4359790782749519,2.37480589946168,-0.8554797894972369,E02000680
1.4918182523501593,1.1896757518641332,-0.47750708715722334,E02000681
1.8784358549857951,1.1072749304511602,-0.376932486318132,E02000682
1.7179739880234586,1.1834440412175422,-0.41954288493152103,E02000683
0.83196542916315,2.0767740548438822,-0.8589845078434594,E02000685
2.804302753892402,1.1611330036088914,-1.4202636241745774,E02000686
0.2364575059406286,2.0668894255035113,-0.4109643701671981,E02000687
-3.317960158566519,2.6618451121847007,-0.41172670341458784,E02000689
-3.7464474461384096,2.1565917622383024,-1.1018688370219867,E02000690
-3.1115477946968833,2.998952742680655,-0.2442669610903142,E02000691
-3.7611623098660174,3.46364281509194,-0.6054382404358852,E02000692
-2.1413078888538974,2.257887209921632,0.2528618125430577,E02000693
-2.639274440371469,3.131960693336717,-0.2677583851473432,E02000694
-0.7765428026460234,1.0026635137857163,1.247141088371538,E02000695
-0.17038064340668602,1.5346007739983227,0.4191672400759921,E02000696
-3.7210491514185584,3.2951067294303678,-0.313383959694066,E02000697
-3.4038516436027524,2.56281773888942,-0.23707262664361897,E02000698
-3.2423342352900586,2.848870487444144,0.03227093852095104,E02000699
0.7483539571335267,1.5255060651666201,-0.25486986362104114,E02000700
0.26050061834574156,0.8447786630866383,0.7512563279353662,E02000701
0.8996121148258792,0.902830804711296,-0.05647945836627308,E02000702
-2.626997789425493,2.0093090023635467,0.2164221429612146,E02000703
-1.9406551138627193,1.8878076358073184,-0.15868839420340794,E02000704
-0.4193182383579002,0.6018231269419391,1.1091791113903484,E02000705
1.9197423948269323,1.1400211534464553,-0.28573791757025907,E02000706
1.4028995176143735,0.9047128825164609,-0.07051638490357039,E02000707
-2.1251512663472885,1.435671146822986,0.5468762949208462,E02000708
-1.7567832228973206,0.8566778558129203,0.794813624519469,E02000709
0.21799932240401637,0.45128407118648906,-0.06264516041186742,E02000710
0.5276402935543849,0.8728420561714002,0.26127411265229294,E02000711
0.7229608552845475,0.7814430217500155,-0.11031065501479416,E02000712
-1.2711284460006855,0.2637763118229747,1.2808081942539071,E02000713
1.0401902797616644,1.7317407942278105,0.1196438570020942,E02000714
2.340918934402559,1.2649010614145546,0.4511920378577194,E02000715
1.4759844619426097,0.9371257044806998,-0.14134310771106265,E02000716
1.6028642172491359,1.2631707871857483,0.5629358415038155,E02000717
2.855154505987374,1.3841940549831384,-0.5220465994009011,E02000718
1.3173775159696897,1.5562655168836828,-0.0779886215989211,E02000719
0.5474482212921338,1.4100628539825895,0.7292762674314941,E02000720
1.608416479067772,1.0509561914282854,0.8337710393465767,E02000721
0.7146579823998984,2.0711387241844936,0.06802659135257946,E02000722
0.6020145872903658,1.1281529593371273,1.0558670428611179,E02000723
1.0611814988075619,1.072436370793521,1.2390324456070287,E02000724
0.6598234964225005,2.135227876284594,-0.4965526591234316,E02000725
0.40907250542043133,1.3589381595235777,-0.9907563512356181,E02000726
1.001471886420886,1.2370236671877226,1.081372200413601,E02000727
0.5375942404905589,1.0935444530373037,1.0142523522706768,E02000728
0.869089312258293,1.193439957118615,0.39599191438363435,E02000729
0.9672832347260468,1.24319260787226,0.9886340733110375,E02000730
0.6475725138819173,1.3615324762552876,0.9184696429349213,E02000731
2.620428013129415,1.5098589071449844,-0.10795813709036813,E02000732
2.0922176528260366,1.7587253907987044,-0.6005774955991905,E02000733
2.3789939491768926,2.047586787680927,-0.6358250688296443,E02000734
1.5811493587455088,1.2428566679021282,0.31957810348012167,E02000735
2.0330666683676055,0.9171935854699548,-0.08511473305483999,E02000736
1.4611127429202615,1.1739255687718888,0.2666021839777538,E02000737
0.36838463493163925,1.1918601309618966,1.221814863680021,E02000738
1.9301378467239787,1.404286296079278,0.05241716092838409,E02000739
2.617180640946164,1.4414309105292165,-1.2617891972472461,E02000740
1.362140458429461,1.1399786356070247,0.4243003457954137,E02000741
1.6769658312452547,1.1156792699576084,0.17333782193208877,E02000742
3.3986307541334537,1.5834825831236194,-0.7936017858422237,E02000743
2.0748334973745646,1.270955289975484,0.19831277320425567,E02000744
1.7192965703819154,1.3038472548199669,-0.09462111583775987,E02000745
1.7954654711600397,0.5815477750256752,-1.3184966145541224,E02000746
0.8543647364539829,1.8656232265939563,-0.9656882456051763,E02000747
0.6304082692370544,0.8059458465741353,0.0807895340791608,E02000748
3.153918285006802,1.2551393605450838,-1.2342208727820938,E02000749
-0.23359296253620107,1.8668553427881183,-1.0796787388974227,E02000750
-2.4268095322202416,1.338327695926427,0.32335686173788203,E02000751
1.3731658023672138,0.12815670539396162,-0.735660091440915,E02000752
0.6503658647533492,0.9036039042613949,0.49300657623946825,E02000753
-0.7657437799711475,1.1597808446865066,0.2897695593608986,E02000754
-0.47669820389856415,0.6574624129038993,0.4738561798675984,E02000755
-0.4653877854572259,0.4328314966795393,0.6159935899146358,E02000756
-2.2447685892736944,2.180893782699722,0.2483057451144423,E02000757
-0.1122104650071312,0.7287637746945268,0.5986584213813456,E02000758
-0.9495903966476774,1.5256497778805014,0.02831678432955751,E02000759
0.21476846644232456,0.850780372522035,0.5335997337918436,E02000760
-1.211068551287308,1.229160556750042,0.9470875825941387,E02000762
-0.6154447940802981,0.20827549917068283,-0.35469306150674956,E02000763
-2.26321342346013,2.303955921548792,-0.14662234738153307,E02000764
-1.0619391324898848,1.3730664612536965,0.8379714050092193,E02000765
-0.6253092652577064,1.3102632940263086,0.7214721251191523,E02000767
-2.317587320214196,1.923292910473313,-0.33269347105072067,E02000768
-0.15775047495103164,1.0907047246680506,0.87842274270293,E02000769
-0.46630455250492703,0.922165939974892,0.8208563839362641,E02000770
0.015022625388801399,1.0517436996656686,0.4572409712920181,E02000772
-0.09194811111742847,1.2680812022201944,0.6798817607910899,E02000773
0.2794281060642766,1.0648758574305028,1.09108571850907,E02000774
-0.3336957970536187,1.4524536841704845,0.8677155893506038,E02000776
-1.5193053195793684,1.3851447997873358,-0.6928482512952792,E02000777
0.5953568043256873,1.5411183553060526,0.36609997426254276,E02000779
0.5789034211463641,1.2580826597584294,0.804252229563525,E02000780
-0.09669893055959838,0.8210088961430984,0.9145251715542956,E02000781
1.568965969077888,1.489031683347956,0.3985426207235422,E02000782
1.865914956731652,1.4979170254184015,0.12657317016365544,E02000783
-2.461517719757622,2.6114326101496523,-0.8503026837298551,E02000784
-3.765666744743181,2.8366145214547243,-0.8971833840368819,E02000785
-2.518368817557387,2.811055502520788,-0.6036877585210323,E02000786
-2.141297266475503,2.8022065283920177,-0.7289589698184,E02000787
-3.204182047626824,2.9543901278300493,-0.19370348459492515,E02000788
-3.012389537797118,3.0205545530569693,-1.2266877114222148,E02000789
-4.047006726607561,3.5057536755560905,-0.3494626526275534,E02000790
-3.926365179980634,3.4287921819821294,-0.6626358708167598,E02000791
-3.698857650472012,3.2269544104297476,-0.4918041458367835,E02000792
-1.4752897112848742,1.4110119452786514,0.41602654021974467,E02000793
-3.1346714055548923,2.2775524824113353,-0.0010916732017302005,E02000794
-3.180312469986852,1.480661657433428,-1.2014751816546914,E02000795
-0.3871691300962664,1.0809777180925675,0.15375309011357485,E02000796
-3.4918914904197473,3.0939426426841115,-0.20523088891887928,E02000797
-2.1953597712148887,1.786320241679251,-0.04210053967895225,E02000798
-2.999197833462912,2.2131076708050816,-0.028354966551198842,E02000799
-0.7192271598963482,1.5443295639636736,-0.7208324893141712,E02000800
-3.319818269693959,2.6861608044481122,-0.013707120237932023,E02000801
-2.735403238799546,2.178849687631346,-0.10606218039816817,E02000802
-0.8575040326196194,1.4246047064149543,-0.1704121577640101,E02000803
-3.165369426436755,2.241986632199582,-0.868291281633307,E02000804
-2.3920500219512753,2.2443024665386404,-0.5549018303744906,E02000805
-2.4109589593805083,1.4598926917140769,-0.6896029270684378,E02000806
-2.3300692563129872,3.380335197400966,-0.5734271824485174,E02000807
-0.8392580493902856,3.0750377118103027,-1.3003264458932235,E02000808
-2.878184291626758,4.191127387388935,-0.8840847341790702,E02000809
1.1414215582710145,2.848926055617308,-1.4465201489354305,E02000810
0.7308854984564263,2.9425758863650344,-1.3569871917023415,E02000812
1.5150333113328065,2.497804426856858,-1.5780518342435295,E02000813
-1.8409053952823202,3.198627816414772,-0.8534393171787407,E02000814
0.023920182909099374,2.7441489172427267,-0.7820665691709611,E02000815
1.7930948071493846,2.1441677841410685,-1.0097593865850942,E02000816
3.433792934780957,2.0827215957510514,-1.9376885402051205,E02000817
1.9154179660177912,2.231023481984076,-1.1124551191677559,E02000818
2.3785520637855555,2.2548757923923226,-1.2925201158890236,E02000819
1.2133533160420724,2.936743308965384,-1.202402858837973,E02000820
3.319224567518734,2.097993479316397,-1.7084998483906688,E02000821
3.3069627831424317,2.4212999074327155,-1.738230544043301,E02000822
1.593122253894104,2.363875848990458,-1.207190948351401,E02000823
3.4074494972875553,2.0688425060194553,-1.8963004844119749,E02000824
3.0462191713142133,2.4018987843655735,-1.4939409332055482,E02000825
2.0855995390404285,2.451829360663368,-1.2196612796155644,E02000826
2.582414574572221,2.410501391758832,-1.5629655067238506,E02000827
2.8947659465918676,2.097448772500181,-1.244586260356517,E02000828
2.280886080098949,2.2846990149782385,-1.096833099300562,E02000829
-0.5933050801506095,2.930754145856549,-0.8867533585776404,E02000830
-0.15705200797715588,2.7565208518216786,-0.7961908289026087,E02000831
1.695384216624601,2.1938333065751086,-1.1020977986756602,E02000832
0.69602620051848,2.468538757219955,-1.317599364173326,E02000833
-1.7350323529539777,3.0717690511713758,-0.9028615059930294,E02000834
-0.13792581512577057,2.0591875485136297,-0.835006499683545,E02000835
-2.1059556631587326,3.191195096450345,-0.511259372784319,E02000836
-3.2406312991853383,3.0756074692912736,-0.952663663002589,E02000837
-1.1665902442901206,2.586404248322566,-0.5089398222754108,E02000838
-1.1624843958843036,2.2752062049174326,-1.1725168014033678,E02000839
2.069361278954052,0.8449880550825896,-0.6146954559576464,E02000840
1.8281331307576891,0.9055313762800202,-0.29597530053859455,E02000841
-1.1570150953549445,0.23956485106823425,1.186751688463501,E02000842
-0.6369017268792314,0.9613072814328055,0.5344460046003358,E02000843
0.3867952139644785,0.6868470452989124,0.5795173765813768,E02000844
-1.5800907654444205,1.0870152843820224,0.7479978101893971,E02000845
-1.0803536064010721,0.52303761246284,0.9805698071105793,E02000846
-1.5025953111356738,0.6619579675650445,1.0900129917286696,E02000847
-1.3210807685476695,0.253042907930573,1.5835664327175674,E02000848
-0.6525965404014054,0.9681686743621543,0.5373771344589309,E02000849
-1.0492253942995624,0.13256068571159804,0.5018391056652839,E02000850
0.31558546432601325,1.2887764512129263,0.03426489357677141,E02000851
-1.2517005010883222,1.0927860634383386,0.9605825577914539,E02000852
-0.9521861601831303,0.854384156762631,0.7706402902242571,E02000853
-1.665196435469768,1.1809777765342935,0.42706874216234486,E02000854
-2.2088859807248524,1.0319901885337117,0.7083099968794611,E02000855
-1.3365376578797532,1.0415368312011395,0.8427930916403807,E02000856
-1.850784349905011,1.8376823094927088,0.46200216408236844,E02000857
2.4773447359239062,1.11915716955079,-1.2143790749212244,E02000858
-1.0128384756981317,0.9698608919768912,0.40645051075802285,E02000859
-0.746383206982884,1.7437248071132836,0.12108210298974081,E02000860
-2.7466448090626927,1.3268624477656321,0.2923153426010944,E02000861
-1.6691741996444869,0.2852399941409622,-0.12117274340643566,E02000863
2.5916108808612206,2.0474460342420184,-1.7294610290670054,E02000864
2.585274673266425,2.5594915685041357,-1.4078088379215954,E02000865
0.18032454112082488,2.5493789933437183,-1.0281430970634846,E02000866
-0.07611748997286123,2.6882784184499253,-0.7527634597156928,E02000867
0.6633005331992744,2.6101048010302095,-0.5442301829923448,E02000868
1.4402679666998857,2.9139410437239803,-1.1731558949002174,E02000869
1.4578928497287735,2.607437091988648,-0.9666204774055579,E02000870
3.2358184569824395,1.9744777841819023,-1.1967855762389703,E02000871
1.217494332554723,2.598641202699928,-0.8206130046660897,E02000872
1.9945644406731398,1.8728845236310676,-0.514324322088556,E02000873
2.9409294728572646,2.0324658516417853,-0.7938049854726404,E02000874
3.255003770713892,1.9787966010935079,-1.0894703513916604,E02000875
1.9836050035234576,1.96341850928969,-0.5627327640156731,E02000876
3.1672792381884682,1.9869964780253244,-1.187606202649405,E02000877
1.4752770649203217,2.158142335922501,-0.319903161293917,E02000878
2.107350539848621,2.0066598882322677,-0.6090379787048437,E02000879
2.1181118827388903,2.0304186345159208,-0.6491530178723598,E02000880
3.7048640761816847,1.8597534454197688,-1.3146378426339027,E02000881
3.5173328351467195,2.304191915084415,-1.4995114391997477,E02000882
4.377255806391851,2.020349591917916,-1.2535452287082252,E02000883
0.3541643740508738,2.291130959836387,-0.15196549244610844,E02000884
3.37381776844571,2.2034472538942675,-1.0397496370471118,E02000885
0.08932871783036198,2.824777680194126,-0.6253436053933776,E02000886
3.1210619048594546,1.9975720914954864,-0.9674185222391785,E02000887
0.3184955713433515,2.6954481438695486,-0.5647020561756789,E02000888
-0.5257625743212665,2.82733321093197,-0.7322278540899345,E02000889
-3.339881643690275,3.768934686036391,-0.6114086291755001,E02000890
-1.0374897257392997,2.8260660086510083,-0.7674756507411853,E02000891
0.3204217129888609,2.350746611628873,-0.8413828110578594,E02000893
-1.6562081979521175,3.26819236706262,-0.15773406365912443,E02000894
0.5321786801148345,0.3918016512698873,0.1923163018230445,E02000895
-1.157083655006404,0.9574892321674211,0.23865367172165833,E02000896
1.0001997178570456,0.7444218030791439,-0.18572972589555964,E02000897
0.4736517849164319,0.7154336067264748,0.22913834986646692,E02000898
0.0663947707793101,0.473226877773776,0.9654841117065556,E02000899
0.8398607159499264,0.4764716852835457,0.4587949509320994,E02000900
-0.9149822449061887,1.078139594853594,0.5060517690577606,E02000901
0.4677027842137747,1.0095494478068434,0.3315384325359366,E02000902
2.3100513548829635,0.9692455575400237,-0.639741183290685,E02000903
-0.05507695212651375,1.0789281128828097,0.3766016736512999,E02000904
0.10842873647183326,1.3887589772698343,0.3758947157739473,E02000905
0.5298204973460643,1.8554003411604418,0.2256473546831034,E02000906
2.9829409455167446,1.9548649878497715,-0.9748645798836345,E02000907
-0.057214797248692474,1.2017009934046623,-0.14730151309353037,E02000908
-0.43959015636507653,1.7252392779613637,-0.1400109667981391,E02000909
0.045286943123403346,1.7804780701730114,0.47589678810988795,E02000910
0.7848528369714279,1.6069107103303177,0.23886706648990022,E02000911
0.7916017689021201,0.8905591942081331,-0.24919809177651245,E02000912
0.008651713903053557,1.2377028173153242,0.5733312650343613,E02000913
2.2988234518016317,1.5663173442627794,-0.11966857445906673,E02000914
-0.25069570073177694,1.7944303748998565,-0.21359369437065143,E02000915
0.602426187946203,0.6115252320165441,0.4077327125217136,E02000916
-0.2013672308834618,1.5171443892668603,0.8226276747342455,E02000917
0.5269053876359363,1.9173492993152328,-0.16902860681414372,E02000918
-0.14034725498888012,1.6101226055125766,0.9267733888136529,E02000919
1.3437904841740342,1.2127594464707359,-0.4180964083076639,E02000920
2.2353077678587487,1.7021070315025018,-0.46729924448372123,E02000921
0.6860539947478469,1.5094804154896873,0.6176887917097563,E02000922
-2.6559404406319893,2.902604755469542,-0.40983587166660657,E02000923
0.16309255528692063,2.112925122125448,-1.0856272886352383,E02000924
1.0162278839888106,2.661728932826231,-0.9355553618380532,E02000925
-1.9003194195720037,3.187138726561653,-0.326033427957775,E02000926
-0.5450812710289804,3.2758942371361712,-1.1093733763694782,E02000927
-3.340169526879067,3.49367785781562,-0.5057877949936879,E02000928
2.2463130355679337,2.4798468821209823,-1.2291756319867733,E02000929
-2.836519753432786,3.8172257108227265,-0.7536503997402927,E02000930
-3.9865769381717064,4.022028748593134,-0.5891013991643764,E02000931
-3.9538659209133944,3.798615436690589,-0.5972114378971913,E02000932
-2.974531978548641,3.0421464338148447,-0.32919951551733484,E02000933
-2.471509711973379,3.639876970912909,-0.8567045043122097,E02000934
2.205487357313232,1.1759875445338277,-1.3240446234940912,E02000935
-2.829837610550752,3.3678908771940637,-0.5502195170840815,E02000936
-3.476167743314518,3.5096025213233393,-0.8234921019321643,E02000937
-0.19563270524844575,1.7745505376123192,-0.6852421615987838,E02000938
-3.5122705912902688,3.6658398362958446,-0.47253045609047956,E02000939
-0.8088433958518804,2.5769511905223936,-0.5464784678212401,E02000940
-2.4360033627073534,2.9197207517373798,-0.29213491951555887,E02000941
-3.2374219979003467,3.0357361377826115,-0.04035304833173713,E02000942
-3.0932056533866295,3.74416165644113,-0.5272978358428084,E02000943
0.0174486778583917,2.237296908806096,-0.47107970887112044,E02000944
1.1447442569932367,0.8224019935934984,-0.7592118822663864,E02000945
-1.3149772511655926,2.376114672280114,-0.2718730265458355,E02000946
-3.3034325248736605,3.3230474089618633,-0.2392789762584388,E02000947
-2.969033108589763,3.3682644634193535,-0.6723889038949432,E02000948
-3.3189694787808963,3.1319328952134513,-0.3710727557675471,E02000949
-1.827355990601084,2.547780081204003,-0.1780247234241901,E02000950
-2.0142353445432364,3.275770210350819,-0.3305030556031248,E02000951
-1.6914953562830408,3.1978437224625287,-0.6150963578487134,E02000952
-2.2572306201262204,3.100713030647079,-0.6352875806823626,E02000953
-1.4823772881127077,2.5779639266022483,0.23716730704085406,E02000954
0.20897942944033293,1.9463702969173817,-0.04602828858740066,E02000955
-0.08120479740150052,1.8816878651159192,-0.10974536508590882,E02000956
-0.9550479547476792,2.151073176418062,0.4124457887271121,E02000957
-1.0372041668001797,1.9026487035451531,0.22927611774781662,E02000958
0.008797104934176384,2.04399572114295,0.24147905180367552,E02000959
-2.2217493158792085,2.4920216114299585,-0.09829100430112324,E02000960
-1.024676126941978,2.7156153155945226,-0.3178048557719476,E02000961
-0.9611955955583581,2.782982562532415,-0.45859289787095964,E02000962
2.8648764718566366,2.3421832622653445,-1.0556266692072926,E02000963
1.8203612752029545,2.81776099242398,-0.878953450594909,E02000964
-1.751656791276272,3.4865755919356856,-0.380916889421115,E02000965
-2.4806609442540424,3.5387162520462065,-0.19265723235304824,E02000966
-3.1773565140877436,2.8936275395994056,-0.3747259912040193,E02000967
3.726761391488529,2.2869756417184774,-0.9795158654763635,E02000968
3.050491235705119,2.306389973169318,-1.1769071979288117,E02000969
-3.2050572858390844,3.318460548326618,-0.45415094374326304,E02000970
-2.0928135645580697,3.086335502660204,0.10702582117658833,E02000971
-1.2222969058930366,2.8660573449554025,-1.0587259238764062,E02000972
-1.443728002067405,3.5697490415256072,-0.6470468429629944,E02000973
-1.05311638836989,2.533878477573924,0.17639813730969278,E02000974
-2.698724699579324,3.716592288729997,-0.12474911200850346,E02000975
-1.6230736029641386,3.3650442805422,0.011870596565150267,E02000976
-1.702246683487547,2.3020736742315817,-1.0481735451876921,E02000977
-3.0907262117345082,1.8070798158852373,-0.11755292269609063,E02000978
-1.047311179144253,2.821660334157523,-1.1380598473386436,E02000979
-0.017916836077950953,3.3370303172059423,-1.0635647273955597,E02000980
-1.8790701644904717,3.9193906346963723,-0.589532598186388,E02000981
0.45929442024538786,2.8334831055107625,-1.2233463644279425,E02000982
-0.30485850830954936,3.120379799423294,-0.5771227738820901,E02000983
-2.348372379689495,0.06778612848498469,0.30983146587915805,E02000984
-1.748445879096591,0.1838836145292789,0.6281534624239665,E02000985
-1.0060138088920798,0.14058254360502126,1.12964498970414,E02000986
0.8859365604013995,0.060830900907461315,0.5887576595990276,E02000987
1.5122429488404214,-0.1497794013185515,0.5624523173327504,E02000988
-1.3872880686840454,-0.49362423690815305,0.46711059857302667,E02000989
-1.149598982225419,-0.3535471884574128,0.10713911461646018,E02000990
-0.393906050728101,-0.6891510110407356,0.5480892870470515,E02000991
-1.1717798316071806,-0.7595525141189691,0.25656193063528626,E02000992
3.8780610249050436,0.15005791695261714,-0.6558819206434536,E02000993
4.112298718402504,0.1420699682619499,-0.10460187100777592,E02000994
0.5112473511438982,0.018866192441070895,-0.30384484419490154,E02000995
4.674822676661421,0.2905546756609381,-0.9175951620896026,E02000996
-0.42800674121656646,-0.44124922071159556,-0.5392942154873411,E02000997
2.649999342644218,-0.13836827318742465,0.9825251613799065,E02000998
4.881439866632366,0.17309971435874158,-1.5689948202532282,E02000999
1.785056589926703,-0.35650779731463034,0.8488494768561636,E02001000
-0.0337444443392037,0.3185832201805019,0.7751397782425983,E02001001
1.3441675706856286,-0.42154286167700444,0.3618739141093518,E02001002
-1.983355171877653,0.43875252239814805,0.4707564262020105,E02001003
4.252360997693935,0.2750190340263424,-0.1080882086271337,E02001004
2.8744005461845092,-0.13148511765967938,0.0566889575974231,E02001005
2.1920568739869126,-0.35340476945598215,1.365062634391878,E02001006
0.47797242842298693,-0.6425408530560299,1.1118082399316058,E02001007
3.9126240990088146,-0.003329038680734608,-0.045356735541165864,E02001008
1.7995428941276403,-0.7692569173530444,-0.3002071452094308,E02001009
2.6177531959322766,-0.517436736583196,0.24758019516740393,E02001010
-1.508865777931621,-0.06738216423712147,0.7233148150015071,E02001011
1.4359025855442653,-0.40312270360772406,0.8789170831573095,E02001012
-1.1246536762363204,-0.38476298848739143,0.4127846308349599,E02001013
0.9431380328191611,-0.6611701484433059,-0.09481203231745657,E02001014
2.5260847592106024,-0.2123038651251038,0.18210750991332533,E02001015
3.949357103830337,0.18364741564813525,-0.48545270194483636,E02001016
0.5690466687838344,-0.6715278515771459,0.44060113415554214,E02001017
-0.9549136744668052,-0.2623836543359248,0.6107254170668454,E02001018
-1.0638191080537183,-0.20175509736807606,-0.10269514863924145,E02001019
-1.7851808041791581,0.38831497152278405,0.6960049428906344,E02001020
-2.233653911816867,-0.12634800462724402,0.05800009288743005,E02001021
0.17285549090363278,-0.5579567827432735,0.45346889686515124,E02001022
-0.11910869188637664,0.24630372922011715,0.17505055168028574,E02001023
-0.9502033524761752,-0.11766133021891338,1.1108411215342446,E02001024
3.092405218198885,-0.19630905322086445,-0.7368759601200807,E02001025
2.902879725679175,-0.45122315854825273,0.6046098366443922,E02001026
0.6300486344510022,-0.3103463413064844,0.9373920418101607,E02001027
-1.5456224780599024,0.0067927610009023125,0.9099893503936077,E02001028
1.6264589825346927,-0.30865479321994777,0.4811701873667016,E02001029
-1.1927627530891667,-0.5350944516559328,0.31646204613007584,E02001030
0.38906117916892263,-0.5943457882831138,0.08641030516246462,E02001031
0.15536343410256204,-0.7942189559296078,1.1028250371310508,E02001032
1.3967976214123246,-0.6538999350745822,0.5027610200848336,E02001033
3.366236419126097,-0.00950693914400504,-0.19672809184554776,E02001034
-1.2297825718059463,-0.44828463172232863,0.6954612423009499,E02001035
0.6806633067421075,-0.45045997504440716,0.19259318849132517,E02001036
-1.69455879428612,-0.054842988122704224,0.5066522311845861,E02001037
0.713263618345444,0.07552760385671141,0.19214369340172402,E02001038
2.0973249021599223,0.1279597954726193,0.05588728791856182,E02001039
-0.6503602972759441,-0.4478980953860381,0.7089700208165236,E02001040
0.6248068416732235,0.5892626191764779,0.5032220009414012,E02001041
-0.3789994153618123,0.7494917148034356,0.37204414470450275,E02001042
0.1485097958173731,0.03202980603167143,-0.0875122007910138,E02001043
-0.5416693940826769,0.36410652663710896,1.2607151088786,E02001044
3.7280270255977275,-0.011328075714177271,-0.639764117920459,E02001045
3.4741414541705375,0.12552850462648338,-0.4476993281703613,E02001046
3.1042432732797165,0.1028038472095648,-0.41254478011157436,E02001047
1.4321788793668544,-0.29653045968544145,0.10303732808427828,E02001048
1.7879580065938503,-0.18271369768426055,0.5691865692203367,E02001049
3.134904688358192,-0.04976890327575239,0.10943655360985297,E02001050
2.287496954825755,-0.2582482840646605,0.9872195070780456,E02001051
2.639994519253255,-0.0063780161006958104,0.7026756211002854,E02001052
6.3776453435207365,0.46874611958597096,-1.6423010791062371,E02001053
4.099516579895303,-0.321021510675106,-0.5142890058595643,E02001055
5.64929664761168,0.3836598844142944,-1.28718656432523,E02001056
3.111846141573434,0.8254670921358293,-1.1928470538014329,E02001057
3.955502325970041,0.16503324263069646,-0.9840185209128142,E02001059
4.3093060881602065,0.09917034119998575,-0.4372633320151096,E02001061
4.269851986619937,0.7813600184952144,-1.762671705721418,E02001062
1.9696986984603675,0.585651065810612,-0.24996376551651245,E02001063
4.727773560498287,0.2928822826474549,-1.0654813907989502,E02001064
2.6948224212016623,-0.358602116382404,0.7641661987616951,E02001065
2.7147043990359365,0.156785200318872,0.7727183087976864,E02001066
4.837025764259224,0.49975959508427453,-0.8352100785556811,E02001067
5.486511906568165,1.0058418873287542,-1.2932258127593736,E02001068
2.9264367433664784,0.7219234416309818,0.3006525608718401,E02001069
1.7226109721828988,0.006787657391298563,0.7616579008733907,E02001070
2.8095876178229586,0.1611727177398099,0.7781239143476727,E02001071
0.4760100915739406,1.54612555740905,-0.007384020809412155,E02001072
-1.5463649481946866,2.070828164006363,0.06703095335209697,E02001073
2.34808345107878,0.8283005887917971,-0.3527879879697341,E02001074
1.6127721521500478,0.632039590188087,0.578190922437799,E02001075
0.9451009090476152,-0.40560687537398377,1.5825405362698621,E02001076
-1.515566169503351,1.9150713413680958,0.060124731243347745,E02001077
0.7223788156215816,0.34780476811330696,0.7868424973708638,E02001078
2.4715154976554516,0.6212553145821089,-0.40077878959832564,E02001079
0.6550222587118145,0.29623478765470096,1.1456535660703346,E02001080
-1.6756360144041769,1.7832266307981726,-0.6312712090123536,E02001081
-1.3634001909622808,2.248988709305065,-0.06444545129393664,E02001082
-1.634243921808006,2.4762123576285786,-0.5608730235593986,E02001083
-0.15620414780308997,1.3130632662453876,0.06692690923796447,E02001084
3.8993968958564604,0.6043077374505458,-0.7855148100799325,E02001085
0.2712337535314203,1.6010672307342257,-0.9775880535710222,E02001086
-2.7091382062270273,2.484520149809524,-0.40713055192963693,E02001087
2.7560156124058275,0.5749887781711019,-0.4170468542072527,E02001088
-1.5962835140131344,0.9245600141074113,0.37626717134295556,E02001089
-0.06571720155036939,0.37706121168433016,-0.26868491003516426,E02001090
1.3716805785128574,0.3994953376335007,-0.006345844209087921,E02001091
2.778422298470166,0.06375949425818081,-0.5484355015038597,E02001092
3.526773719533819,0.5168927962413702,-0.7955373520230534,E02001093
5.720148613785684,0.6647986941719961,-1.6066078844457783,E02001094
3.4373372881614106,0.030365854955305274,-0.8154737459915432,E02001095
2.665372571523773,-0.18220977698493157,-0.5441737433427892,E02001096
3.2424692727641995,-0.668148341532565,-1.0602786146091132,E02001097
-0.05531365034205695,-0.6221774705982148,0.5327095832672993,E02001098
0.7955509594535384,-0.21608617467918592,0.71137836718487,E02001099
-0.039409724513772705,-0.6138048133577597,0.16599577132098958,E02001100
-0.6633765242622361,-0.3255164699013176,0.7745203320601105,E02001101
-0.2402537889545079,-0.36934836939509413,1.287525511249367,E02001102
-2.010065607781639,-0.6624943827925137,-0.8833087036865181,E02001103
0.8244726090611755,-0.46756612743945297,0.2498703546247699,E02001104
0.35807543708946826,-0.3316548281372179,0.3513919433188014,E02001105
0.8042413136830813,-0.4332734788770718,0.4897169235567885,E02001106
0.8575835509317159,-0.5109172836267426,0.6411718849626171,E02001107
3.4303356274364325,-0.3606887380060051,-0.018118066628269272,E02001108
2.7238045355225813,-0.09177476652469048,0.09512335336009,E02001109
-2.2756978922820315,-0.039420421326866885,-0.07672405304569906,E02001110
6.491374278764256,0.538185971713705,-1.7462014648420203,E02001111
-1.2265601495165777,-0.5052905206171907,1.0117455699203401,E02001112
4.627628718974131,-0.23819539659732555,0.22547745137355113,E02001113
1.6689281262470201,-0.23802095644045057,0.49322000806777283,E02001114
0.5314405744369802,-0.10802552804860853,0.8152291997048234,E02001115
2.2783760326545264,-0.43964577532869803,1.2613583234959036,E02001116
-1.9265329435562546,-0.6832892555226955,-0.6145088146841323,E02001117
-1.2843385614423368,0.09573478832959868,0.6297515706964897,E02001118
3.6875615832774957,-0.5928834482989476,0.9493012224175608,E02001119
3.930141881994891,-0.2595943167500697,0.35260643318162926,E02001121
3.3128795202763714,-0.25365664302305435,-0.6680615838593671,E02001123
3.5921699705725256,-0.11031978149226641,0.09860980126313668,E02001124
0.7145701057427162,-0.695651697765211,1.1390299170149594,E02001125
3.900769883519084,-0.16742926510884734,-0.2735950814308514,E02001126
3.9796583482959322,0.08083970157363479,-0.4925715040135021,E02001127
1.2552410467277804,-0.6025157085739246,1.1363377025862942,E02001128
2.3131755049462464,-0.3650706272992689,0.37020370957546933,E02001129
0.3404331651532396,-0.8729744530821523,0.2862741009734039,E02001130
0.6755749890669858,-0.597973199849933,1.3762413552759807,E02001131
0.04176037315970118,-0.8702829643677805,0.08127073522506056,E02001132
-0.9097618234996984,-0.9773680149506968,0.138730435249404,E02001133
-1.3535219747761473,-0.9064185579947497,-0.011911520918892063,E02001134
4.769484830667549,0.1815168198071735,-0.7822903513884557,E02001135
0.40868421380166453,-0.21520313533652335,0.5673700889534063,E02001136
-1.6562902081102135,-1.0539167774863807,-0.16558753857053327,E02001137
-1.182007689230226,0.30608011343316516,0.5262866227995827,E02001138
3.6796585641326294,-0.5053775241811227,0.736313349841663,E02001139
2.2463922797437204,-0.12077646898766849,0.2578519248565019,E02001140
5.136591303534939,0.24992873132519883,-0.780200421690368,E02001141
-1.711250987640665,0.34754070600733766,0.5771653032951768,E02001142
3.232441438915862,-0.11965913108205531,0.23561127093699058,E02001143
0.7973917054123981,-0.41598664810798314,0.1857285364234479,E02001144
-0.3943132013746932,-1.0890348693556424,-0.0952611904577254,E02001145
3.334044171264561,-0.21288185755904518,0.7043521564788756,E02001146
3.648922606107596,0.07799775477724337,-1.059325904229924,E02001147
1.3324216518387242,-0.7291068480376766,0.42662257819402233,E02001148
3.5093818717766294,-0.17597453720493758,-0.10010193561845572,E02001149
2.7744661574280474,-0.4978832894229537,-0.33520263233565756,E02001150
0.2312566071649696,-0.9077165455673125,0.5417573576598054,E02001151
1.999539252753917,-0.5455748080304826,-0.24166223362280256,E02001152
4.1801046953732115,-0.10903284378312036,-1.050386801742998,E02001153
1.454849891950023,-0.39657382782038647,0.9612322534701374,E02001154
1.879172636380833,-0.39428598656119174,0.12089723715008427,E02001155
-0.19674748234734718,-0.07339846827978888,0.9031282413123398,E02001156
4.710655815025254,0.1408201819237411,-1.007418430157252,E02001157
3.4482248975627923,-0.012149084969643679,0.004328616614804289,E02001158
1.9135906655726835,-0.3201277069130799,-0.23973636024622574,E02001159
3.5098632361718782,0.1784394099823321,-0.8878820326854862,E02001160
0.775525000489711,-0.43223873717924494,0.48407727613763357,E02001161
1.5845353710839774,-0.39110713867658553,0.5392051354455486,E02001162
-0.027485230537810018,-0.04011551354405055,0.618933210433872,E02001163
2.2255617903856866,-0.4521056952983275,-0.3371797308019555,E02001164
1.0981564077291246,-0.34816291829154306,0.5420959609859878,E02001165
1.2964567950824755,0.1936190297885522,0.47134229831730334,E02001166
1.4061915759960932,0.058178515029337505,0.1715418693006623,E02001167
1.353004241358043,-0.04441681840127393,0.23053908088381314,E02001168
-2.0315991724231113,-0.09595456539010985,0.30693836737925256,E02001169
-2.011919868186452,0.2751589105324994,0.39118309648360416,E02001170
-0.5107281657747013,-0.3430817660958665,1.5802361878097493,E02001171
4.400222618068998,0.5875896999168099,-0.85572679689,E02001172
3.8979116089839403,-0.1892508092658389,-0.765220966355264,E02001173
-0.2847531483968876,0.12943543107947114,1.1598070855925213,E02001174
1.9133095256355614,0.030791656881190742,0.26706530332904027,E02001175
0.6372944848075821,0.5773586520227384,-0.005177601317840281,E02001176
1.5062365257738752,0.07202719035591872,0.022985000107225106,E02001177
0.9889203606171854,0.9770007018611729,-0.8354757594093783,E02001178
2.090051254680337,0.1229366053849402,0.6035140927670501,E02001179
6.2723582585924325,1.1641117719030503,-2.2055532370205606,E02001180
3.3796810598725493,-0.28935652980474735,-0.8373188369652883,E02001181
3.633108555255179,0.2718159901641741,-0.5177000186284384,E02001182
1.7468508967557237,-0.39278777814669347,0.4535588295784489,E02001183
0.7051248630087056,1.1315625333548793,-0.6624355088856669,E02001184
1.3099448695641547,-0.913915011167393,0.07466176440873609,E02001185
0.8818017555587637,-1.1251246769568446,-0.1024644288046998,E02001186
0.8771891129504406,-0.2446123211729678,1.32148347286738,E02001187
1.7907998328614962,-0.11819685751218519,0.5560537093138875,E02001188
0.06576972645184588,-0.3071064483367822,1.0461196878706787,E02001189
6.460993408975242,0.3251196230061679,-1.6327066369274827,E02001190
0.17523461683559552,-0.024131211807117605,0.44915617447588224,E02001191
-1.3836194256159824,1.1316021348631842,0.44773158912131417,E02001192
1.2204235307134859,-0.25272188555685876,0.4800493188030434,E02001193
-2.000844671300505,1.1155080882470014,0.35931294684311105,E02001194
-0.09293793123858445,-0.9285598962666035,1.0958165240486837,E02001195
-0.6060425273395288,-0.2574736253012312,0.002012468205369813,E02001196
-0.7620687723187964,0.6936240133510692,0.2922731943986046,E02001197
1.4329126704539765,-0.36143332223376456,-0.014516485032359137,E02001198
-2.05247532355813,1.0727321434379946,0.5682686479296546,E02001199
4.415859721376856,0.24847529852487746,-1.2871430277035008,E02001200
0.015148889838182739,-0.5098336727387847,1.364473463139926,E02001201
1.3474106588313635,0.41951156968944764,0.33109574168119754,E02001202
-2.901472392499915,0.2488744373484399,-0.5813550226989626,E02001203
0.1233277557463844,-0.03537126113141701,0.9557135032374079,E02001204
1.148872253476,-0.04930169519039833,0.5949542131530563,E02001205
-0.8158315104104431,0.004369366500104536,0.3211925616580742,E02001206
-0.6982312231147536,-0.39637310567303824,0.7956018488297997,E02001207
-0.09393242637757647,0.1039954275994557,0.3814915375383275,E02001208
0.009535521828802218,0.47924555030879,0.8352959139174179,E02001209
1.9978428180287675,-0.03286238210365633,0.11426988839601467,E02001210
-1.620064824448355,0.6620446564630378,0.5929418798079754,E02001211
3.612768311454185,0.1905983367096202,-0.6028479573919889,E02001212
-0.8537988043266186,0.2741094589620682,0.8190077864067657,E02001213
-0.6131678823983774,0.5002405702654485,0.16575124676743708,E02001214
-1.1797671168742638,-0.17815366649230335,0.06101406459069735,E02001215
-1.6308704220113661,0.356684801888399,0.7645649248087837,E02001216
0.25499373379712337,-0.1611082355591586,0.9081839017708306,E02001217
-1.7470950589287426,0.6458182184076126,0.14149139945260503,E02001218
-1.730555244020137,0.05768472946731521,1.0585445090129497,E02001219
-1.0138976035932803,0.4282929384040569,0.47877998938164584,E02001220
-1.6020829952396598,0.10777951664308542,1.0756161501516435,E02001221
-0.8382114313577809,-0.2567827170554644,1.131210312171729,E02001222
-2.2730994129400974,0.6372374328516838,0.4406882806287271,E02001223
-1.4480863072248034,-0.6292150937981437,0.5548184043354786,E02001224
-1.7933710433738812,0.5196607266317308,0.6315278891912676,E02001225
-0.5734874238025451,-0.19157203077090026,0.9092693607093995,E02001226
-2.4860401463658643,0.8914013523718852,0.643747299781229,E02001227
-2.624293296676635,0.3642688065558438,-0.145745217880865,E02001228
-0.547057016024837,-0.10977820668760467,0.5046041322892872,E02001229
-0.2999035844655642,-0.7615829278801501,0.44598407307902344,E02001230
0.6184000653186335,-0.48821864446538576,-0.31454395783123723,E02001231
2.352197584130787,-0.0654817109068459,0.5140305458134798,E02001232
1.8311966328379203,-0.36226783246110905,0.29823063289209806,E02001233
3.009482751030426,0.05181597667058902,0.15738322636890525,E02001234
0.7655535130024399,-0.2887670126950263,0.9852157808428581,E02001235
3.3414065783631726,0.1381495730182138,-0.336109578644287,E02001236
1.1266564379919048,-0.9647466526162293,-0.6499003005602599,E02001237
1.093807477957942,-0.5171269970310194,0.7739768664558473,E02001238
1.5391227033038977,-0.5735207412173771,1.0653804668978133,E02001239
0.7230731654328938,-0.6625914211757499,1.7357783787730618,E02001240
4.1430345222742755,-0.2248353747242583,-0.6702678847636825,E02001241
-0.3885630037924254,-0.8461086137626869,1.1507358739406925,E02001242
-0.2452711880466486,-0.09581923011373314,0.21950720715849206,E02001243
-0.27929736108433656,-0.6125679379423996,1.424283436584407,E02001244
1.6353061106373095,-0.21515330974382862,0.16615723587160405,E02001245
2.452095740211717,-0.21593455613683238,0.10512280321067347,E02001246
1.664919641768323,-0.2050075086526809,0.3805092516130622,E02001247
2.5643629973037294,-0.31317886669711653,0.08414262933314007,E02001248
1.1743505128851206,-0.450439979073341,1.0959996176987477,E02001249
-0.4667769035460625,-0.6501887217424582,0.8353560838653576,E02001250
-0.5860602874569594,-0.4720470807888317,-0.027665465908279223,E02001251
-0.37314848225880504,-0.6809861386674607,1.399363006003692,E02001252
0.48870326964901073,-0.9319009135415269,0.8214549907941529,E02001253
1.6639173912552667,-0.4419577220272254,0.73880743367839,E02001254
5.020084649262207,-0.1908468367114995,-1.4824539342205219,E02001255
2.554487052767486,-0.40411264581487916,0.5432444547762733,E02001256
2.4205009096330623,-0.14795791296233796,-0.031656904888243215,E02001257
-0.5949207252697742,-0.7500712682379771,0.6910597607548449,E02001258
2.9457822826345836,0.8365662608400095,-0.6848028892874206,E02001259
-0.5838015362371762,-0.7768610145817093,0.5640190310896729,E02001260
0.833086136169165,0.0745020728600742,0.4962007333102075,E02001261
0.8892769089517942,0.4132746630392174,0.36115940728930424,E02001262
-1.3463322417698185,-0.13875875425354045,0.8684843073160117,E02001263
0.13705495074820664,-0.4373384331487604,0.5784921799986782,E02001264
0.01468296955032326,-0.2862798109977434,0.4812687259372102,E02001265
1.1324728812889902,-0.05931623650558814,-0.3956774405652938,E02001266
-0.13143712802099217,0.36879117130651173,0.08736700300090271,E02001267
-0.9094963955824124,-0.018407109588948364,1.0483371838477864,E02001268
0.4540388942082735,0.5346637228613045,0.003528979024968193,E02001269
-1.6775108708220259,0.9604974491695589,0.47117243515435075,E02001270
0.2344533185316116,0.12200121078910399,0.15043134025198152,E02001271
-1.777823816580588,0.7959382964912656,0.5681029630583754,E02001272
-2.0225998908285314,1.4315062870589206,0.32966270048455654,E02001273
-1.8242938769110457,0.7287087888787418,0.7351725446632749,E02001274
2.9042502964130246,-0.7806324607231455,-1.0998363856338296,E02001275
0.5929977845128854,0.3034130256275638,0.03370236553840454,E02001276
1.3364815532877645,0.48912364202721825,-0.6677191342338876,E02001277
-1.6088459849460535,0.7626447292758122,0.8797162849475896,E02001278
-1.8955272428737102,0.7530257567009511,0.9387688959234428,E02001279
0.9064187044067634,0.3861840560276655,0.020791317235637673,E02001280
-1.8345873491107845,0.42881481047226094,0.833875370826796,E02001281
-1.752440736421396,1.1467485225484724,0.4978593984175096,E02001282
-1.960417679261504,0.12126236270081985,-0.7448398917633502,E02001283
-2.9738829465404018,1.8268425285892222,0.1414931534389231,E02001284
-2.5680649342372734,1.4014760268892292,-0.27915954312903907,E02001285
-2.398349532917623,0.5606593234457663,-0.09135285985845262,E02001286
-1.1630477705672266,-0.49000766873339585,0.5293439193750875,E02001287
-0.9075048294997976,-0.0252443457949015,0.08880895455726917,E02001288
-0.9715976180095937,-0.38688456182939224,0.5566614683324361,E02001289
-0.3549615995154333,-0.8147959222421055,-0.4039523745936312,E02001290
1.9166425006372787,-0.4285422737349093,0.3127019880592985,E02001291
-0.8929396486318402,0.3342862807670084,0.7599896518596027,E02001292
0.09144880601063035,-0.9570577985438753,0.44157409180018964,E02001293
0.5320197264289569,-0.15196751982391452,1.0876310324289582,E02001294
4.318337237869368,0.18430165502053986,-0.5657445039211926,E02001295
6.147161897209754,0.20863183387089362,-1.7400577731688829,E02001296
1.6641601686042529,-0.7517190505451711,0.18540485040785992,E02001297
3.6556515508281353,-0.5973406869960232,-0.5629757472545436,E02001298
0.5170278021578754,-0.7591390495717171,0.7547777275458646,E02001299
1.6908466333193521,-0.590478432878404,1.0574491264076082,E02001300
2.6023922674690945,-0.36958807844579894,-0.062447326478627954,E02001301
1.9863982743041806,-0.2207678078141102,0.35238166937737847,E02001302
3.83574759106588,0.2077682709440742,-0.7241026617294234,E02001303
-0.935393439252205,-0.49291801266599067,0.39928767778195384,E02001304
-0.13049935364926618,-0.6599654018616693,1.3532576996321175,E02001305
0.17169211365118722,-0.768845015486309,1.1335605774447388,E02001306
-1.308188368598672,-0.6286212943426267,1.1600328344679365,E02001307
0.5235411240559855,-0.47858148210338397,0.7696811162398817,E02001308
0.058388273948577464,-0.6416620008680005,0.6302706633779074,E02001309
2.227573964070961,-0.8576403751260925,0.049311924559006085,E02001310
0.930242687575658,-0.4145025139837617,0.44079407320360325,E02001311
1.167698473249948,-1.1125058154312808,0.3332738990706201,E02001312
2.783817120903782,-0.17684193614886148,-0.22838266412194919,E02001313
-0.5774950777517907,0.14101322501774755,0.743208416636703,E02001314
-0.8104062908624093,-0.9569258590326221,-0.06197250094910535,E02001315
2.1270732567954838,-0.37910287669906656,1.2132409170235818,E02001316
1.3784913313855727,-0.1443032468649604,-0.024470235589547175,E02001317
1.1369413580741294,-0.45302581962263544,0.10150348823042504,E02001318
2.41386668578053,-0.7866121113040004,0.16168647393180688,E02001319
1.2473308042657305,-0.4842209646722253,0.5383690657739357,E02001320
-0.24956537654227984,-0.6985682782428316,0.7342383901297326,E02001321
-0.17288670775573897,-0.2100612544465781,1.1337213276173834,E02001322
0.3169515407075755,0.01821556785852695,0.02814202963645414,E02001323
1.0678126210509442,-0.40301591577559764,0.5687524888519324,E02001324
-1.1380673307536728,-0.5962548537538029,0.3361144753414116,E02001325
-0.6276984189454009,-0.43180069748663163,0.36455766342885226,E02001326
4.791942950758485,-0.16750240728990207,-0.8611419592917926,E02001327
0.5321718031201728,-0.28886192602187233,1.2397664439519132,E02001328
4.537284797105447,-0.107631342026121,-0.7405483100862529,E02001329
3.108318949707648,-0.299927153195651,0.24673703662224716,E02001330
3.1084665670670746,-1.0553445487797244,-0.9874692886786615,E02001331
4.541682760588171,0.29364573104846964,-1.0525766465934683,E02001332
3.108416997812968,0.06366853074026604,-0.4066947134647293,E02001333
6.423019086353971,0.6083961702431065,-1.479876447794265,E02001334
0.18051204358240883,-0.16226159816447175,1.0732464983517422,E02001335
5.659832546275389,0.11415799821734057,-1.4401807489293785,E02001336
2.0870978859154774,-0.14862159145776305,0.2281353899341775,E02001337
2.552020573460163,-0.11523599413117569,0.6003782346012579,E02001338
2.716897619188152,-0.09687598789883688,-0.054669247415949265,E02001339
0.005450749265687505,-0.29578159886254773,1.4730213846960045,E02001340
3.1480332874518573,-0.12006080018355397,-0.15309309180041344,E02001341
-0.6790350769223173,-0.38910104651183897,1.0251301615887,E02001342
-1.0901767087614629,-1.1588972963583946,0.15037486197292707,E02001343
1.5170855707006377,-0.15799920553476535,-0.15001698018817927,E02001344
-0.3184109982848137,-0.23539268105627156,1.3872162923987714,E02001345
3.188924355533926,-0.09571332158896978,-0.5307781762884913,E02001346
2.167254793828829,-0.01516667076161156,0.02732492386324523,E02001347
1.3142810792506014,-0.12719190894887697,1.3894960729776649,E02001348
1.0764857378861288,-0.06657615057912375,1.3006249598775412,E02001349
3.4606068686453697,-0.010793351503573334,-0.5886324843209157,E02001350
4.031355061332451,0.04380308126620188,-0.7233928530245128,E02001351
3.8500659495422243,0.22186865083117246,0.19447220574677135,E02001352
-0.13340588198347755,-0.11612668695406447,0.9533075398634981,E02001353
3.6709637064824117,0.06429555507398706,-0.24260712366349718,E02001354
3.5642958058316276,-0.058432776406582766,0.3537072540273781,E02001355
5.425881358186965,0.5675922738092452,-1.299642532703334,E02001356
4.728194266306991,0.4304412917090205,-0.6559359117732826,E02001357
4.30773367047599,0.1259212519658188,0.9191884162250696,E02001358
0.6746384673794623,-0.20494349868152548,0.28643042143873493,E02001359
5.443730096763804,0.1976462554998793,-1.000198244231521,E02001360
3.31523994181141,-0.015806083528268178,0.14993211886936267,E02001361
2.1766566324793453,0.06813971749547405,0.4523421527223322,E02001362
4.235873114378714,0.4386134166045962,-0.609283622884348,E02001363
5.648309700181755,0.3383590599980449,-0.6422587815856247,E02001364
3.97490056686576,0.1622826653384745,1.0273701842943743,E02001365
3.1230903109465493,0.12721821161967978,0.5982153716589341,E02001366
-0.1258867422039309,0.12032490571782778,0.841918308449939,E02001367
5.68858040565254,0.39502319597423663,-2.0927068645776705,E02001368
4.4558650769820005,0.7276851442571097,-1.3056625573778786,E02001369
7.20703603796969,0.9979136489992381,-1.660068169420365,E02001370
3.6470042335923862,0.4732850356272808,-0.11187099855907116,E02001371
2.1832029032319773,0.23424287590006457,-0.11448788070804963,E02001372
2.766565302999195,0.09255586928369762,0.5517234255527625,E02001373
4.492064787265779,0.32151659547593253,-0.4269868015295935,E02001374
2.711152826178742,0.23092497831674988,0.6876694383773188,E02001375
4.580170622949778,0.5080510871097171,0.2550008386357543,E02001376
2.9147258037132664,0.3011672575887087,-0.07966510525428046,E02001377
2.0318499084706376,0.4544425836049271,0.21010993535173053,E02001378
-0.3398573935645082,0.31293159355068245,1.0239716478382528,E02001380
2.9332441578961364,0.5089722813194116,0.31751353868156446,E02001381
-0.9290060006234249,0.4594582316391885,1.1445820723884867,E02001382
4.137722073374752,1.358454522834824,-1.4508438145311184,E02001383
1.5584899403731356,0.3090423119671436,1.1261092696966228,E02001384
6.855650711392475,1.389609343235261,-1.567223199107855,E02001385
4.231588876323081,0.260616529417729,-0.8334499579490063,E02001386
-1.8955444736209515,1.1988961233226123,0.6764229633974942,E02001387
-0.38060393881537846,0.8091982424336258,0.8200729353028334,E02001388
2.679852098859473,1.8030177102234062,-1.144217869480285,E02001389
5.567213227817431,1.0594240184590704,-1.410483432264765,E02001390
3.770027636064752,-0.28464528800792843,-0.6173523580118626,E02001391
-1.0778930606608101,0.38313023907083166,0.8084027570014913,E02001392
-2.092608075490121,0.6768784321490114,0.45536225488493853,E02001393
0.48696986432373346,0.9965340277171177,-0.19337423753590843,E02001394
-1.2609284079507204,0.8813373117025465,0.7423822666747576,E02001395
1.7068097321565474,0.8298353146180789,0.027030567866483866,E02001396
0.6295798189191001,0.8369631502671422,0.08548891032588148,E02001397
0.12867872672928043,1.2053636775847096,-0.3844519201998807,E02001398
-1.0121064987767965,0.7048434339586438,0.7848311094840947,E02001399
1.5559310350081448,0.07144148440631357,-0.26411175638911233,E02001400
-0.09209012428378008,-0.15253303575304447,0.7025796823364909,E02001401
-1.294739916258795,1.0789184939229153,0.19797975167810553,E02001402
2.6631966935847777,0.16186451529392953,-0.12351468636851055,E02001403
3.6236422237156294,-0.61174789997128,-1.1347184616544514,E02001404
5.5239082044052426,0.3667709855313474,-1.0843317644709995,E02001405
-1.4999484554627085,-0.8345702579134232,-0.2566762686929084,E02001406
-0.9064890897005498,-0.6015293698469933,0.2515740991186633,E02001407
-0.8876237163414762,-0.7502561344114421,0.19265237563941293,E02001408
1.3856560422999464,-0.3530171005192163,-0.06285923607351761,E02001409
1.5054826074067114,-0.9315909152883594,-0.19765153027150137,E02001410
0.5871157114893674,-0.6067700186174794,0.7542936198825291,E02001411
0.08439745824504877,-0.2350954251872846,0.015454831902173373,E02001412
1.1455341419490745,-0.305330376159018,1.0007262264575887,E02001413
-2.110360884913644,0.07350756674733992,0.2629205011501504,E02001414
1.444287026707322,0.2135251145532424,-0.1709204237431074,E02001415
4.0074302126059775,-0.2676424303442251,-0.3599341920203404,E02001416
3.631843146746074,0.34069622771058444,-0.3058069699371032,E02001417
2.1031646231276655,-0.13192718290811248,-0.15923869291814058,E02001418
4.059890094589828,-0.380322601464627,-0.359529306029837,E02001419
0.8715342715041106,-0.1679160121451439,-0.32192927300918633,E02001420
1.0014520926168082,-0.12085385223835733,0.8280284377217987,E02001421
3.800991925904665,-0.26459049793773737,-0.41849607802527045,E02001422
-0.733937668842022,-0.013196927174683095,0.18412714545084155,E02001423
2.07003632142939,-0.2746468148687721,-0.3288756480188663,E02001424
1.3600307070978295,-0.3628517613107406,0.6635430919794618,E02001425
0.15253776909990946,-0.3035762852371767,1.1615804157371399,E02001426
1.687070553374377,-0.9668989987071728,-0.5897304864581671,E02001427
-1.3970998411548619,-0.27785184516115863,0.41519408871896263,E02001428
-0.330747721234253,-1.0873546347311585,0.9636878555410686,E02001429
-0.9745168905315842,-0.30263856552362756,0.9719064433009476,E02001430
-0.06742674873229913,0.05555010703045878,0.6034400488006932,E02001431
1.6719213619596012,-0.6792675256855443,0.392093531849399,E02001432
0.5642573219206707,-0.23491718937364353,1.1006290585665395,E02001433
0.0971582717386291,-0.20335894535095875,1.0676109263848315,E02001434
0.6284893286197423,-0.07064614429511318,1.3413924983619856,E02001435
-0.021947455867029623,-0.33869655087887357,0.863659266176362,E02001436
-1.1119332216586915,-0.19685932106951987,0.3139810900398272,E02001437
-0.533913534505985,-0.03855649690141171,1.1913132433304718,E02001438
0.8616409442421935,-0.2195498838392041,0.4510832819623719,E02001439
-1.7421772898946313,-0.24126959292197434,0.44991935335942906,E02001440
-2.3476661324225523,-0.23847887139541168,-0.017706915845123756,E02001441
-1.2926107024255407,0.3549816655920829,0.5637724391622189,E02001442
-1.7720905793210873,-0.047903872809458306,0.3926943146224396,E02001443
-1.3373480540001026,-0.946443679900948,0.22926531199403574,E02001444
-1.0423086104074952,-0.7365654807099674,0.6937260960984015,E02001445
-0.5943050878646502,-0.5338853313779971,1.2786930943328894,E02001446
-0.5435822104490778,-0.4221182881268149,0.671713670612774,E02001447
-0.793019269112356,-0.3643233225502451,1.1976958191737401,E02001448
-0.32272297040125386,-0.6607188240279539,-0.21562444788118384,E02001449
-1.641947634049494,0.520625183796835,0.3845158694985579,E02001450
3.624280959981482,-0.04008465060239675,0.08342628313632061,E02001451
4.51844835218748,0.25295083327227985,-0.8102550870076761,E02001452
-0.7653200720576016,0.4091286921452155,1.076365346253506,E02001453
-0.25177037461497814,-1.1145367021482702,0.5273705768811395,E02001454
0.05036802150060048,-0.7299160079833649,1.073726450562368,E02001455
-0.2917870857176254,0.33526964075876164,0.9256441703514331,E02001456
3.6561887968138307,-0.0758717122214847,-0.636531536991196,E02001457
0.17729408802107008,0.5980566522306626,1.0210394594134682,E02001458
2.0415294065650906,-0.10264031021639329,0.5975701008076809,E02001459
2.9959062472505713,0.17435668705782292,-0.7399294256311971,E02001460
0.8092355416803493,-0.3990204673626772,0.9783772103349324,E02001461
4.931752539849616,0.14661828383806344,-0.8459022413870289,E02001462
3.4302418147366684,-0.007282118764589466,-0.1405116727215481,E02001463
4.216376338556217,0.11388488647711806,0.3105407831811747,E02001464
5.519677809435323,0.14251021891068746,-1.5846571212803997,E02001465
2.9940387775249993,-0.027336715074207953,0.5345594838161385,E02001466
1.029851718612046,0.3247122332928408,0.8429053463853149,E02001467
1.1422037324440926,0.14112379553525184,1.3060132319946622,E02001468
-0.3809668745426548,0.026758697286340963,0.9199780223552492,E02001469
-0.53696519124427,0.16680433495844327,1.4112708668918432,E02001470
2.6797883354628556,0.04916063943416609,1.0238921252678848,E02001471
0.7589254983668717,-0.4176722224527082,0.23954800248023148,E02001472
0.9640836761348639,-0.29630711947634186,1.4870043698594246,E02001473
5.070829510277093,0.18254698233394043,-0.058925579084369704,E02001474
3.77642041932557,-0.12121808648141534,-0.7749581828891476,E02001475
3.5481730078795346,-0.3978942041610495,0.1326950787132184,E02001476
5.821750129183576,0.27353796340066183,-1.775297774641392,E02001477
1.7885385241475287,-0.4240669979778865,0.8223072360777951,E02001478
-1.560161149287188,-0.3646647864133593,0.3891703722340338,E02001479
-1.2272696353604255,0.5106387371994214,0.4465275950007729,E02001480
0.12071487314043121,-0.12285578552022575,0.8880269971246253,E02001481
6.1773478687278045,0.4179462528621481,-1.556606081119644,E02001482
-0.5245784218924424,-0.3296047986111092,1.3720238872723671,E02001483
-0.10466310066870824,-0.013934542340850382,0.6570677562472598,E02001484
2.818233816332242,0.07069509119448589,-0.1549236822407671,E02001485
0.1664003675622526,0.6323092602281107,0.17093089869920836,E02001486
3.769513903889089,-0.03715705672415104,0.3557686551048113,E02001487
0.9740444217617289,0.26489819786315855,1.0438237972996594,E02001488
-1.3900995374573715,-0.20712927579549312,0.7019479343295153,E02001489
-0.5284479306883652,-0.3843860879566206,1.3534859598065916,E02001490
3.1832232773834375,-0.1066903215415355,-0.2684763518344325,E02001491
-1.103559186368419,0.46210244263972217,0.1508807059505865,E02001492
4.63009690842701,0.10130867717593109,-0.3867909902802786,E02001493
-2.28164768402959,0.4254184948618093,0.10528003780945518,E02001494
1.4186074221545029,-0.1072675696490323,0.896394087187019,E02001495
-0.38532135294851394,0.17956626223262195,0.5702045171565847,E02001496
2.7229497089862296,0.23443528128573649,-0.019344982569150862,E02001497
-0.4957253696821375,0.1797978910191129,0.8979743429251256,E02001498
-1.3122520701802236,-0.49687354914787313,0.37838348504346514,E02001499
-1.1260046539141864,-0.4474627138327925,0.31560034503697354,E02001500
-0.7844932225191951,-0.47850137381622604,0.355060868239292,E02001501
-0.040863485863984875,-0.36791317967391846,0.32241940900438015,E02001502
-0.9616208098877481,0.429399542606539,0.29383585758306663,E02001503
-2.0258921040380264,-0.6715506621506494,-0.04349906740310244,E02001504
0.7353639252509538,-0.36023418388578315,0.4835440163842885,E02001505
-2.796395085853087,0.5470503581776481,-0.044399109415407166,E02001506
-1.3287592788797902,-0.14541508646648726,1.2371915187100577,E02001507
0.36049170286750776,-0.6912071398972987,0.36512321891115135,E02001508
0.9213346611746317,-0.5685815190807006,0.051811104123384966,E02001509
1.4270640125058562,-0.8077393437072576,0.1545333116951077,E02001510
0.8408576287179381,-0.9995416931218231,0.26064025319970885,E02001511
0.2993859884191738,-0.5810137033462326,0.3370045338230962,E02001512
-0.5387456052101002,-0.7909715633602439,0.3011096333889095,E02001513
2.238250750077141,-0.9773189059817378,-0.42702854488717207,E02001514
4.442709976603563,-0.20728607811262517,-0.6271537106331492,E02001515
1.79801085995782,-0.9465261559762369,0.2666319750513974,E02001516
0.5614557629056813,-0.6881022686310241,0.6472082125715404,E02001517
0.8140257840769808,-0.19347564957747962,0.3148660401593464,E02001518
2.7822920843903334,-0.647255301461851,-0.2812837938237825,E02001519
-0.8523793221358913,-0.470198592555468,0.3852031059855692,E02001520
1.2427455401951195,-0.3199965980008336,0.8413714080872153,E02001521
3.1616901282235172,-0.5473120530921095,-0.2601200853275217,E02001522
0.40069835436067636,-0.9453009855001057,0.722432910076101,E02001523
-2.3336021936036877,-0.5514487686751685,-0.8484104392008671,E02001524
4.036777418928408,-0.06235072652226983,-0.16550481814727888,E02001525
4.289595964365944,-0.009206274182347648,-0.6242560058014408,E02001526
0.17091097458526336,-0.635147356159136,0.052711006024791805,E02001527
1.3887423097440688,-1.1324072664355709,-0.3460656415723452,E02001528
2.548007429465478,-0.5752938713823167,-0.5729314011451105,E02001529
2.623893174617699,-0.8481118851088775,0.00044905043456570893,E02001530
2.2632144919273305,-0.6993965300865473,0.15663923866622423,E02001531
-0.9243410473418626,-0.341754087308395,0.036239909742967674,E02001532
1.4737528627447019,-0.9515956571865096,0.47146475594312326,E02001533
1.138317529956967,-0.6435359845707648,0.06212020985360895,E02001534
-1.924545169980146,-1.3746799932369635,-1.267075609205599,E02001535
0.0847039499152609,-1.0025106273059,-0.15221166740852474,E02001536
0.722858672649751,-0.6803932069499425,0.08658137194865909,E02001537
1.9068182132009566,-0.39521105659909,-0.0534480442960875,E02001538
2.283032806823222,-1.9792524788026102,-0.7951476708589934,E02001539
0.8783368723641936,-1.7479465062595725,-0.522004181688791,E02001540
1.6022595132848467,-0.9444575973419352,0.5318116287898642,E02001541
3.1752029580294074,-1.424627261882214,-1.2887173815472042,E02001542
1.9980833959556605,-0.8731109879921539,0.05238247772228905,E02001543
1.570338235354483,-0.9392694179594696,0.31873839070162197,E02001544
-0.8812400118752011,-1.05280707162547,0.4606750473406822,E02001545
-0.28980338015576623,-1.920103306427496,-0.03786836602473372,E02001546
2.2942701922430615,-0.8843130063153969,0.0146709953688599,E02001547
3.697806277710148,-1.120830171427619,-0.6167389306009836,E02001548
-0.3943593745539677,-0.786451880511286,0.68818838506465,E02001549
0.9533985934572453,-0.6433192294816502,0.743591561657227,E02001550
1.1458774107967358,-1.1318672861051826,0.7026444828253969,E02001551
0.9716291720197937,-0.9158353298579823,0.3081972965548345,E02001552
1.7714579712488985,-0.5806477886643119,0.1495279083615812,E02001553
-0.43523113558826204,-0.7815881093280669,0.9890547041026301,E02001554
-0.41864385557556816,-0.8900463104768095,0.8368839197993733,E02001555
2.659033570744044,-0.2531948461613293,0.08464708739005264,E02001556
0.7871110530332005,-0.19855730134595173,0.7445768021005116,E02001557
-1.199265419421574,-1.6019590090440659,-0.7921406314367239,E02001558
-1.4516743491703419,-0.5629893391292073,0.5425633631802166,E02001559
4.04258456608875,-0.4842449278768695,0.25418745212907434,E02001560
3.6208040478710317,-0.04481916049525736,-0.01371914976628236,E02001561
1.8863732718059172,-0.28888235699763526,-0.17282032411676773,E02001562
-0.6673384694980187,0.26294924010619136,0.5992809975246656,E02001563
-1.77789581190678,-1.242025927824505,-0.05068638506758172,E02001564
-1.811058015758259,0.11188317193250559,0.3493025051633188,E02001565
1.5241022913548654,-0.5698606484726718,0.10628188845028452,E02001566
2.3975236480786832,-0.28337871773620404,0.47160994594037353,E02001567
2.6437199610275215,-0.4998816244046453,-0.39071076210163264,E02001568
3.1164459050246336,-0.18551668894376694,0.4355966285949568,E02001569
3.874835782447552,-0.3841922362451417,-1.0444962551285955,E02001570
-0.5618795985874024,-1.378421550956884,-0.3031199059127949,E02001571
2.512580896226372,-1.0466247934742028,-0.12151033105515492,E02001572
1.9297585127795363,-0.5970833535180011,0.6911216101460584,E02001573
-0.47897072005552127,-0.9676224166745898,0.6164587779531834,E02001574
3.1411032951291578,-0.9083400787076747,-0.14210845819697263,E02001575
-0.9412406067223841,-0.8118536998189505,-0.6244961276357344,E02001576
-1.6052597550731813,-0.8909751173956864,-0.8357898096185656,E02001577
1.0061611242705832,-0.4438215371206846,0.278889426144029,E02001578
1.3852863119663494,-0.5927005559629257,-0.36988767139924433,E02001579
0.9706268333778929,-0.4670103680481669,0.41354499289817126,E02001580
1.4087380334845734,-0.2566533581759702,0.16784296102261403,E02001581
1.9534827133001984,-0.5431479369681229,-0.1019110398374968,E02001582
1.5612066133849112,-1.0413119662916237,0.5528104276001543,E02001583
-1.3921954538658534,-1.036064154343744,-0.2602868405392844,E02001584
2.9538942834003996,-0.511481123863959,-0.39108040439607517,E02001585
2.9800458349692294,-0.5119997843056329,-0.8210253352654227,E02001586
3.4508686876345314,-0.9111177399712026,-1.2953302826816266,E02001587
3.371683046142536,-0.08325807578451801,-0.23963070557061777,E02001588
-1.018319987956651,-0.6207441850247151,0.4467105523780259,E02001589
5.569941546083074,-0.19988766342047112,-1.0886352591379604,E02001590
3.9964194325474067,-0.3166519368916586,-0.06907909114390548,E02001591
0.7398028951187292,-0.8233265188766299,0.5531096621753803,E02001592
4.29924946018658,-0.47493855320441786,-0.27706157251797114,E02001593
4.338787878648643,-0.24568217121905542,-0.4848347269931864,E02001594
-0.18694693699532802,-0.7373121064534022,0.778888418074084,E02001595
0.6056041886869958,-0.12735939889606082,0.9297210747286635,E02001596
3.0728808381509856,-1.2328826819516805,-0.46147666337730586,E02001597
0.6769789797711186,-0.33075830682499857,0.34561791276348275,E02001598
-1.1246818818114712,-0.27745007690338336,0.3877602449032967,E02001599
-0.09528557241428322,0.17177575378941554,0.500715629581516,E02001600
-0.16517572861687144,-0.9503970228670506,-0.21935097878068002,E02001601
0.6770922459056152,-0.9375399183210936,0.7423226095602521,E02001602
1.345231267571196,-1.217025965901815,-0.22006638199734582,E02001603
0.25554809621842417,-0.8897345842410088,-0.03527610760377238,E02001604
-0.5144786231984929,-1.1831132456003466,-0.4847143587679997,E02001605
1.11712147530172,-0.7682099402015066,0.5533989666675512,E02001606
0.855441746752881,-0.6251889110610408,0.17668500838148707,E02001607
-0.6859971625608977,-1.027947193659928,0.37450780471104883,E02001608
-0.6925041652985705,-0.9182010622667154,-0.05898316276787296,E02001609
-0.9633118932688507,-1.167202442331787,-0.2929633322674281,E02001610
0.6731890362693985,-0.8207846367081721,0.3496174608564413,E02001611
-0.8448568466907378,-0.8702186826846909,-0.09778192385367923,E02001612
0.5889342842155605,-0.31227686028364793,0.3435429418388458,E02001613
-0.6807975293000958,-0.48493447348336094,0.854687716791405,E02001614
-1.385645025335616,-0.6988676532318675,0.32996557754738015,E02001615
1.9011681917107006,-0.2330360243753032,0.3546024093910705,E02001616
3.9623182267384425,-0.05855725409314342,-0.7004639156456319,E02001617
-1.7067614544779262,-1.1268753638694828,-1.2019458396740945,E02001618
4.309142354200137,-0.006187041454791509,-0.6221158009362332,E02001619
3.8369726854853456,0.07185495288006316,-0.4312798998198101,E02001620
4.134847248909018,0.04256306505659847,-0.6370331357582516,E02001621
3.7521757217286456,0.08642315755651292,-0.5231316986064092,E02001622
5.377038309991665,0.4160318292903709,-1.1137104816882113,E02001623
1.4684722431438075,-0.6317304059351648,0.6484272104831033,E02001624
4.384178141443513,0.18389075941391564,-0.6644692103235631,E02001625
-0.30918088974843755,0.648521335208812,0.7137881995385928,E02001626
0.3131901780136765,-0.1459286396549867,0.261038559745179,E02001627
3.993324061341324,-1.042232884917507,-0.5681462476866915,E02001628
4.102393525296208,0.24513513573413323,-0.8659271145812214,E02001629
2.910117107956489,-0.006026651096188365,0.3812621566630867,E02001630
-0.012870887136791093,0.37146193472101785,0.7504357983739063,E02001631
4.683189191087544,-0.06253650937941813,-0.8255628060377833,E02001632
-1.261547868370764,-0.7630758401334125,-0.23802882341777967,E02001633
-1.2190370903703434,1.4397259988911986,0.3689704645751871,E02001634
1.237021855299388,-0.27629421329597137,-0.2986335616748523,E02001635
3.043745407271808,0.8087360792146765,-0.9052127468708006,E02001636
5.064368069097277,-0.38444400280904384,-1.0873105619297856,E02001637
-1.3513545223097139,1.1698970184376032,1.3636327157085608,E02001638
-1.8962416771175508,1.5537295939036602,0.5727692232185662,E02001639
-0.31580440617954686,0.5087921518402954,0.6824836392323426,E02001640
0.6916217346278447,-0.7007037428913139,0.9987050067878922,E02001642
-2.155019460998706,1.0587359270877987,-0.20485066818852168,E02001643
-1.2370360717548474,0.7415427013193291,0.8815139073023052,E02001646
1.031417844210316,-0.5284972906825707,0.5360397517702024,E02001647
-2.1086988570923015,0.8129054520164493,0.7573301678954381,E02001648
5.211910704147113,0.17852189263672033,-1.3863903076880826,E02001649
2.1492510803628644,0.7928979175704954,0.08516712126962885,E02001650
-3.584164050199656,0.7210792512888183,-1.0682835211114061,E02001651
1.0645414695931221,0.18643256332934652,0.9874357505534321,E02001652
3.6245746204471923,0.4127657223124051,-1.0210990237009219,E02001653
1.071365247020052,-0.45648123161065013,0.41241321271590975,E02001654
2.875205075843195,-0.12542080028824645,-0.16774511988980714,E02001655
-2.3324678942459514,1.6086987614924535,0.5285871099685018,E02001656
-2.9241761618092297,1.9411789657776632,0.3072191114689759,E02001657
5.531826093225433,0.1783033150585852,-1.0403562400865538,E02001658
2.9128332471623075,-0.06486886855542254,-0.6973670428884806,E02001659
-1.3798586407816222,1.819103121864863,0.27282307891945584,E02001660
3.0406547233045003,0.697426662148635,-0.7190782604205449,E02001661
1.2796917083724872,-0.5001021017579538,0.9286263641723255,E02001662
-1.2098839300166866,1.1630049855525766,0.6469087732892611,E02001663
0.7168168874873658,0.005077108664469806,0.7796632703382937,E02001664
-3.0907852625473335,1.3393963943434837,-0.24327719111470686,E02001665
1.5293372486846777,-0.2999268606210266,0.1705130453804099,E02001666
-1.1601832176229452,0.6917542734482572,0.9110855418732989,E02001669
4.4887514674286315,0.109725242826798,-0.7464547615900629,E02001670
-0.23413867863400686,-0.20290404417505886,0.7068479120588427,E02001671
0.7938752669918958,-0.47022633250161017,0.7559392133609998,E02001672
-1.3316457132483812,-0.18908135241199947,1.0270132226601845,E02001673
-0.914662161198571,-0.08906688103486546,0.4087970133987049,E02001674
2.003567114161764,-0.13304152435200234,0.008461843033116123,E02001675
-2.0314469905311068,0.5059364502080221,0.29720308603681506,E02001676
-2.5916391423061427,0.49661664905864583,-0.38795566676476556,E02001678
2.755199327037831,0.4231134491953216,-0.4283647677043513,E02001679
5.1631089371932255,0.42582154504402564,-1.251955725383929,E02001680
-1.6288610985826326,0.984399883234196,0.0381529788042022,E02001681
-0.03464969922157291,-0.38776462442291554,-0.2590827474598654,E02001682
-0.7287061926260028,-0.7640390886545684,0.1478191260949214,E02001683
2.6716501303176323,-0.08353338848491419,-0.774874384194781,E02001684
2.3995100344859868,0.06795322096911109,-0.18528206289079702,E02001685
0.08225752838239032,-0.7855993669166365,0.4157150678958054,E02001686
2.7150283814682896,0.10862429879527885,-1.1640048395942966,E02001688
2.638793149217366,0.22386153431183675,0.3593905660103308,E02001689
0.4785505341053624,-0.1989448949223509,0.16200218164767852,E02001690
1.2681061620399616,0.3838172975425405,0.6270336633488321,E02001691
4.1358530272838605,0.27789454918465883,-0.7171778059982741,E02001692
3.3253109440825104,0.27792282077537883,-0.5415144571526005,E02001693
0.4607745113938568,-0.5610500762162571,0.7508824825913011,E02001694
-0.2109417788226943,-0.455684541551599,0.3442663996668394,E02001695
2.8203190804908416,-0.2276746883837764,-0.1664169406158299,E02001696
-0.8248813656255779,0.5727466221610821,0.7737114421344607,E02001697
-1.3005990426183092,0.11131599016532955,1.0485289811538538,E02001698
1.844618838514391,-0.29006467578910977,0.09558162109008592,E02001699
0.04438000980353392,-0.9855237872499539,-0.030139925308288434,E02001700
-1.300238366660467,0.23020691786716263,1.0154919282661112,E02001701
4.223545521068361,0.13562479663102722,-0.9072988964764627,E02001702
-0.45091065252395246,-0.613851278131123,-0.3764032081020512,E02001703
2.6371772382243366,-0.09582152031956663,-0.09164576660411185,E02001704
0.926045717308935,-1.1228953294244624,-0.501679295568549,E02001705
1.6147036738823881,-1.1373747184863199,-1.3577092564844186,E02001706
1.1683240969518822,-0.5272807542038692,0.26857051658911263,E02001707
-0.5229703178131179,-0.8160170339453838,-0.31944874096433756,E02001708
-2.3438127577340846,0.7550249145276321,-0.08734655546456004,E02001709
2.7809641868545145,0.16870552948784331,-0.20496758468735066,E02001710
2.3376440175023014,-0.780200536238535,-1.1910191763046523,E02001711
-2.198192180008083,1.7610344794840753,0.02911970910288913,E02001712
-1.9524008163750888,1.554801732911258,0.07773612588853833,E02001713
-1.806449378170853,0.6875078163226281,0.6272577701663153,E02001714
2.3093521458487403,0.4738980271660123,-0.6946198589499003,E02001715
3.2302458249547676,-0.1316806212082214,-0.1641398140632789,E02001718
-0.7489210159951705,0.5814800455383075,0.6332645909070806,E02001719
-1.503347618128236,0.6163357394144616,1.2577070329402713,E02001720
1.2031401206435097,-0.6948086587832532,-0.30490633080677665,E02001721
2.2920731245091384,-0.2465087478842972,0.27597393489115335,E02001722
1.4740319276708844,0.32277833243704596,0.12366713058683372,E02001723
-1.2766932042870396,1.0496773165203934,0.7950338356133614,E02001724
0.8234223417398375,1.3077669261154994,-0.01992252233363267,E02001725
1.933256806889852,-0.1793485710456988,0.4577669917296266,E02001726
2.1149529922790284,-0.21593532577728403,0.31910923993160234,E02001727
1.4877270221755958,-0.5199508769394955,0.366582687580199,E02001728
2.0544141136845844,0.8983527947496679,-0.1758356019342543,E02001729
1.2700435873978908,0.6429239219177765,-0.05888526953603843,E02001730
2.3174620476506345,0.5159657133390279,-1.126695906511725,E02001731
3.3428828042186995,-0.2941937394319916,-0.46782579256041,E02001732
4.3646168115452655,0.3414043194659429,-1.0460838409551607,E02001733
3.7524551441881124,0.012279475749225301,-0.44898858249485435,E02001734
5.972093878048371,0.4388677960679847,-1.36986159544543,E02001735
4.676155087074752,0.4630118691486872,-0.7916830109847525,E02001736
6.485557714397458,0.44566267152881406,-1.8877934796347415,E02001737
-2.260762047385207,0.014099160111758442,0.27927202705329174,E02001738
1.5324456209629986,-0.587461604601607,-0.16885405535901044,E02001739
-2.2469320258027463,1.3598391289658596,0.5726846165813647,E02001740
-0.3564963641925331,-0.8897703360938864,0.439914463749927,E02001741
-1.4367075577579311,0.7420197447157959,0.8608685384464707,E02001742
-0.5439552818264396,0.7993244984598203,0.7998050548671526,E02001743
-0.011185494638568626,-0.4325213972329746,-0.2397494249364234,E02001744
0.9508019726588737,-0.4739250226767845,0.40460871395744546,E02001745
-0.3032983869490178,0.05959697318978321,0.34018224880202746,E02001746
-0.9617373628747865,0.43817058303919687,0.9654619649302432,E02001747
0.4543629778123388,0.028810860456613054,0.15740426245347447,E02001748
-0.002498287573369103,-0.09381670863310332,0.3065970124522069,E02001749
-0.8856674866811932,0.18188938320735895,0.749296831953802,E02001750
0.7915125093051847,-0.043299145546533,0.4102188898485991,E02001751
2.3725162449460266,-0.4239364743654184,-0.3066855589903434,E02001752
-0.9969038162991046,1.07868828057688,-0.07273064757819216,E02001753
-1.678690270740142,0.78810986206508,0.653935782583809,E02001754
-0.9019437087127238,0.16212498958504065,-0.030131339869362592,E02001755
1.7640467683514722,0.344085901791174,-0.6633869458047446,E02001756
0.6359377368610317,-0.2586160881138967,0.7230345494287461,E02001757
0.7176525478393009,-0.2111978125649248,0.5400190497308729,E02001758
0.33618702270213613,0.59865859385788,0.7647674422287589,E02001759
4.152822430498566,-0.12538973600782755,-0.5051314329400897,E02001760
1.1706838756320697,-0.30733344991020906,0.6976397107575397,E02001761
-0.2947007018728915,-0.6026628172809084,0.9882389585057411,E02001762
3.317138725912802,-0.047189092267615695,-0.11059857824822768,E02001763
3.6423485551437413,0.24970517909699705,-1.1241209202316995,E02001764
3.0796663099959853,0.0200633027136398,-0.4999002793527468,E02001765
1.6285550848418944,-0.03226827795446255,0.3493435989937403,E02001766
1.7289766098575383,-0.1395623856952338,0.1887282380308914,E02001767
1.6868426773673886,0.03386140511957633,0.493248524307036,E02001768
4.320490922081053,0.27257578840970315,-0.7884223896936308,E02001769
0.03831901760035527,0.35322195383382976,1.2398929678176835,E02001770
2.535904527466584,0.09408334656813012,-0.44516994948178834,E02001771
1.2041281245878646,0.10345037124571137,0.554870136302329,E02001772
-0.5947818927704264,0.24370424785381398,0.9397206422753962,E02001773
3.1181756305313626,-0.12635873962155925,-0.8114909550363315,E02001774
3.3240269773124433,0.2097202536917042,-0.1792938236505306,E02001775
2.1414901735074787,0.17195814150230054,-0.09609653504807075,E02001776
0.9337880632242073,0.01918663266532375,0.23480919320123492,E02001777
2.2701930218617963,-0.01499138344004995,0.5351721633508528,E02001778
3.832327768095399,-0.21455364638941307,-0.8805767957643417,E02001779
2.7551689083011333,0.3443695021710971,-0.45352968072325395,E02001780
4.185060067669022,0.041236609771374944,-0.6089143837573674,E02001781
2.501786324268241,-0.18833380270460504,-0.37463537116315143,E02001782
4.41125440013087,0.155433014359606,-0.6618731181409804,E02001783
2.6725479726151593,0.04623355378993687,-0.5946821573074142,E02001784
0.9476692066433553,-0.3155680175411723,-0.4652568215387249,E02001785
2.793587020962045,-0.10668474607288937,-0.23072670105771062,E02001786
1.6965914031744591,-0.6941574368745187,-0.756758424656652,E02001787
1.555931315122852,-0.005675508085826335,-0.014540665038836548,E02001788
-2.2562248423443156,0.1819627675242297,0.15779247602493604,E02001789
-0.6185722743223091,-0.2896199878288683,-0.3467779939958686,E02001790
-1.0051784178061862,-0.2551382416087331,1.2198595569031032,E02001791
-1.0226012374982514,0.14607482734646685,1.1922119019704511,E02001792
4.376764494192473,-0.016338785265029215,-0.6134826470445499,E02001793
4.197037767593986,-0.09382457444239407,-0.6073372081769499,E02001794
3.149719175128596,-0.3153304150860965,-0.06596334622482547,E02001795
0.7672118077857074,0.13093259079643485,0.7741719237210833,E02001796
-0.6306934584971551,-0.9066609778387213,-0.08673621208665956,E02001797
2.8274261100094007,-0.5042869530340054,-0.07982242277051249,E02001798
3.552724844174518,-0.18177401294602838,-0.21811561337668872,E02001799
1.3156472255961007,-0.3590316951008395,-0.0707763457244122,E02001800
1.5311608299112296,-0.1163361740366594,1.3257732687273847,E02001801
4.850240997941528,0.1053300980125639,-0.8403306540725111,E02001802
2.432513036624525,0.3027078406871063,-0.17388932603491472,E02001803
2.2101185259985554,-0.3048467012469759,0.03230281695654526,E02001804
0.5658683850376431,-0.2544459509406869,1.224990174026568,E02001805
4.890118847520445,0.20532195747604187,-0.6975941287286577,E02001806
1.3980107739439798,-0.4841006444994325,-0.27987955405861775,E02001807
0.1623330776745829,0.09827109339165645,1.4319315644792452,E02001808
0.7810683376484775,-0.19160771023783846,0.3277417190243166,E02001809
1.0091254697402872,-0.07175262486402306,0.3461591940896264,E02001810
3.407322474387345,-0.13976987029618473,-0.275173038972012,E02001811
-1.1604568890750961,0.3089298301187894,1.0342824847193328,E02001812
4.5365588971131405,0.027516242319897515,-0.7018041627894926,E02001813
1.7492566390123796,-0.1284143210686987,0.061396102717278675,E02001814
-0.37922028954655745,0.10576584739408901,0.12028524818818401,E02001815
3.1831293071347466,-0.13141514160070694,-0.5855949288826451,E02001816
2.292906099001336,-0.23226956343830335,0.24996962316619253,E02001817
1.4491893176165953,-0.32713400824030375,-0.09496622017790704,E02001818
-0.921139421941213,-0.0899441891190681,0.5241855672332196,E02001819
1.3485255632391762,-0.34709194914177355,0.028443531405472195,E02001820
0.17996632791988096,-0.779751112908655,-0.11581508759697165,E02001821
0.2414900793139095,-1.182767491033049,-0.015495151280067808,E02001822
1.9139271344009952,-0.6167769427558818,0.30695681110584583,E02001823
1.4406389305596878,-0.22830862162102772,0.15327659280474765,E02001824
1.2873467597894672,-1.1242486910902176,-0.24571318685872792,E02001825
2.8784372204756066,-1.0545697334198854,-0.8160353174368562,E02001826
-1.098862327527054,0.4985699143780641,0.31034482404673164,E02001827
-1.0561970881808966,0.30369294486684595,0.3802696821928424,E02001828
-2.135380620217482,0.35768074967641794,0.41114700989683234,E02001829
-2.349217436456082,0.23930970670541019,-0.13675875737628965,E02001830
0.8901094758397617,0.2505312866614406,0.1808528303076188,E02001831
-1.4954601616282388,0.44192561807675595,0.44032111781798683,E02001832
-0.25480845099416294,-0.10326995237394523,1.0456966356693904,E02001833
2.5631350025656543,-0.22563804739438695,0.7659663434772405,E02001834
-1.5026819521057386,0.7991883577478894,0.5637388057420154,E02001835
-1.2301595223751012,0.4503000239271851,0.8498759826908038,E02001836
4.9095586496849615,0.174268947818999,-0.05680811177416565,E02001837
-1.8173558372392145,-0.43812425204969263,0.2967288622618645,E02001838
1.116443204984163,-0.5350950151032287,0.9502884266915085,E02001839
4.306706571162116,0.30026287680321856,-0.3550184631183986,E02001840
-2.1456260257424415,0.6800116751940034,0.5995967666128066,E02001841
0.2949729546690594,-0.2821182932894464,1.48405832995826,E02001842
0.4105974284134612,-0.6061088437914096,1.7244831905833156,E02001843
-0.14164557416595164,0.5792184879597915,0.603281681164902,E02001844
0.4053460743512731,-0.29204290151197615,1.4285810956985137,E02001845
3.040055565199864,0.17916115972515193,0.2464353853348216,E02001846
-0.5903867611601696,-0.9468203929268174,0.44693041039247355,E02001847
3.18601285756714,-0.11104182765800258,-0.052367486798184315,E02001848
2.79462725210091,0.5726022256594087,-0.13988672165486632,E02001849
0.6222343964477782,-0.3541465808475876,1.1084866250590997,E02001850
1.4503144543459225,0.188052815551689,0.1849212562560683,E02001851
2.0580998050535366,-0.016592225513828877,0.8003475567054611,E02001852
1.7663956869251147,-0.3916621342732497,0.2817313908065477,E02001854
4.485682773182221,0.08728901580066596,-1.0900794214379503,E02001855
1.778595719876466,-0.06726276130054944,0.8885178086463698,E02001856
3.096655033172215,0.2361345836932748,0.12572634460936336,E02001857
2.159938635479535,0.4245895283640522,0.1557646702798738,E02001858
2.9165986312922842,-0.35013278826553773,0.4123633726080429,E02001859
3.781321347672562,0.24017726596249533,0.6302166316154719,E02001860
4.55344754362409,0.5727670061737613,-0.16535295839207056,E02001861
3.5995113013576137,-0.04074471199446571,0.1293550244605868,E02001862
5.2077680636604535,-0.11763452764829994,-0.26958035937137187,E02001863
5.60715048799345,0.6475733179508675,-0.9848181914737446,E02001864
4.223956701283555,0.23128222604666165,0.5199861283586827,E02001865
5.5791106701758855,0.571382496234577,-0.32742609577127146,E02001866
5.619950829772131,0.5923565059423749,-0.7165036735599183,E02001867
1.150593359060866,-0.5697666287010051,1.5028767898082929,E02001868
6.799597670364296,0.6354194173457365,-2.380305482524098,E02001869
2.9588265641790517,-0.42908345214001264,1.1964344099801745,E02001870
4.032061019965746,0.03941643815074546,-0.3214858427463604,E02001871
3.8740324295617543,-0.2048062471310352,-0.1902040402229475,E02001872
4.347297950009405,0.3688168653047513,-0.1909192240352007,E02001873
5.619401744280365,0.056280971820077116,-0.23294854153252822,E02001874
4.767078471279581,1.0511914035090832,-1.2410228665720409,E02001875
4.556231863384884,0.03874456578661358,-1.1173626753308585,E02001876
5.5715689456592745,0.2285202380923366,0.22873425832796274,E02001877
4.990264153281046,0.1793916311966665,-0.4592949610525197,E02001878
4.23572104785608,0.37860607355469306,-0.0419953104339245,E02001879
4.873058151878684,0.1864922719887777,-0.15730947848161173,E02001880
5.02130430708531,0.11244513576547886,0.04841189337331013,E02001881
3.058580422750514,0.08063277214725409,0.28539661043604325,E02001882
4.19544827741978,-0.11355976469870488,-0.40290036979557303,E02001883
4.360086320906003,-0.0943114874036484,0.6746713975564352,E02001884
0.6946013889559077,0.7137149557168417,0.36555343899162407,E02001886
3.2587996256278973,-0.06393988460232637,0.20979962189004026,E02001888
4.10055468193083,-0.004703371517826158,0.9000023992043441,E02001889
-0.39390502238409114,1.4405697137548157,-0.25506272077323194,E02001890
4.442722592771954,0.19432682713093777,-0.2804008417577615,E02001892
1.7309400541773101,-0.3090032806429879,0.933406475593846,E02001893
3.5115658716150637,-0.32421567187829053,-0.13487192964078681,E02001895
4.093158822101714,-0.21977072600603392,1.018961563614453,E02001896
6.790559708307969,0.5392485020011678,-1.5582415551765332,E02001897
0.13195854395733633,-0.34328240841030855,1.6055158016796554,E02001898
-1.91416652959767,1.3274156763366631,0.19312135869898456,E02001899
1.790169007222856,1.009169399343724,-0.6676415302939033,E02001900
-2.346107143551528,2.522399938574887,-0.45454904906577387,E02001901
0.8314418058089714,-0.34816924811324645,1.2333322375937432,E02001902
5.320605119364164,0.35001907231298013,0.175002196871529,E02001903
2.591949232751346,-0.46846004584738843,0.5078493139660266,E02001904
-1.4036576829207856,0.18994160237483693,0.592629700488111,E02001905
0.6681186770626338,0.21992758043810684,0.7744711211536602,E02001906
0.9234704598845833,-0.6132545370900069,1.0578177108483273,E02001907
4.397593517206948,0.12584947268006583,1.2461436548454312,E02001908
5.12047071491132,0.42024835834203544,0.11766611462371682,E02001909
4.62972131248788,0.5760929822439348,-0.2619274516215602,E02001910
3.7270518309727656,0.733031288017956,-0.6706750900651048,E02001911
0.5968344842700607,1.1351149002610859,-0.7636470277074475,E02001913
0.513023176707827,0.8032864403426067,-0.0856083683512378,E02001914
1.3525599344407955,0.19031024876630434,0.7149154882731595,E02001915
2.953132060934019,-0.13367053116635813,0.6203790155763429,E02001916
0.9979622958578838,1.8069273907446841,-0.7066474795589704,E02001918
0.5320496746767127,1.1020838355705147,0.40859153140497156,E02001919
3.375138871770617,0.042901319068995074,-0.5673373805091035,E02001920
2.0026105062959014,0.4861463393438022,-0.166141965576489,E02001921
0.3216435313892279,-0.2779286098758648,1.6457899825651372,E02001922
1.4652826336755782,0.0765235304010916,0.9826324941306177,E02001923
1.5420157178997627,0.1418227218655924,0.6608034532285333,E02001924
-0.4475469779495917,1.1116306943363452,-0.2796920667947739,E02001925
-0.23650238376864033,0.8876036670435091,0.28459953667098276,E02001926
3.051195711506404,0.34341933264183827,-0.1542296000613598,E02001927
2.7221127182529945,0.044099232580291796,-0.16874590550520605,E02001928
3.7111808950084004,0.12634949976861815,0.12636558365199904,E02001929
-0.880154135052733,1.5905371108420518,0.2739060828028903,E02001930
-0.0009159158732140859,0.25295371149525964,0.46915885914068356,E02001931
3.221125830305874,-0.1258867047340529,-0.7652795638935926,E02001932
1.2051194097332907,0.4872550566510568,0.21884795641547342,E02001933
-0.14706249169289376,0.17714332417393605,1.2363624837498632,E02001934
1.0397970245699726,0.6259216322333112,-0.17818532426886785,E02001935
-0.3632282442524021,0.9304431242845216,0.40241045949125703,E02001936
2.9597236482642,0.19009467023250326,-0.14884049519595327,E02001937
-0.4255130769345861,0.9782283390631218,0.1695402353278099,E02001938
2.5242942548398437,1.2265489807756684,-1.5832411836992293,E02001939
3.1040457392829275,0.10773535249171741,-0.04176604894458733,E02001941
0.6511173540229948,1.0865266254127477,0.0821553111959915,E02001942
1.0790961963136867,0.19214975423673455,0.30357622759009945,E02001943
0.588240442110956,0.24214447789129653,0.5589831307715718,E02001944
3.7391306150615677,0.1810842579317183,-0.26858236463664986,E02001945
-0.02814814507745213,0.3164051643970805,0.7521961595276614,E02001946
5.706306318697059,0.504924806872497,-1.1177255209153196,E02001947
1.134931444626573,-0.4757778891680752,1.3801843042555582,E02001948
2.117601078361533,0.16183858135094395,-0.14105177155942364,E02001949
0.6066149528236923,-0.235032329261617,1.0286329491977289,E02001950
4.563564259496489,0.4413456040239222,-0.8800906056300102,E02001951
4.301141590168369,0.37997993942819086,-0.6546183427381687,E02001952
0.5663375298486205,0.002658487395856385,0.5166513804322717,E02001953
4.617630106289353,0.3688472806401225,-0.9362385616806002,E02001954
1.9936476303217492,-0.2273870571897873,-0.02108928116567886,E02001955
0.8129851729037082,-0.04910518534990428,0.7399398968834678,E02001956
0.6500897512557946,-0.3302125843932097,1.361024056714951,E02001957
1.1336445159323958,-0.5225362162556592,0.7826145576680168,E02001958
0.15962862400682665,-1.1622307549913353,1.1101788361574498,E02001959
3.880843452563972,0.02465634023247132,-0.07363553621701019,E02001961
2.7093730562636793,-0.49208156753182947,0.8660900941006963,E02001962
0.3046391676503565,-0.28827095476656234,1.175089570357045,E02001963
5.553015792124146,0.20398019164154563,-1.5786808494809428,E02001964
0.10017924624643466,-0.044000535760888415,0.7492668216421009,E02001965
3.309505470614421,-0.1954885507931142,0.8167054566859744,E02001966
-1.1276211697494405,-1.073038497983669,0.11278218019002795,E02001967
0.9797523431580734,-0.6192790474939475,1.4665033437202237,E02001968
2.4091045180882333,-0.03198055219041133,0.7947177299679257,E02001969
0.6328209471958576,-0.8501546537621776,1.3919194343250967,E02001970
-0.041341524801359525,-0.07656528606949907,1.1996252606673599,E02001971
4.858146033608304,0.11480672959392056,-0.18796447618172538,E02001972
2.492921701645832,0.08484456582655825,0.49966126676399975,E02001973
-0.5927367300065415,-0.16348542540592212,1.433476204611093,E02001974
-0.014465765213657748,-0.34091056510166234,1.761787949813776,E02001975
1.0972507351611138,-0.29152428368942396,0.1995229392891761,E02001976
2.2464065405001246,0.29009576368481316,0.36402783467004607,E02001977
0.38051579569460764,-0.14643775238839649,1.567414754278589,E02001978
-0.9010282031481781,-0.30193891113969246,1.5011565809934226,E02001979
-1.1619369847388727,-0.13497930247165618,1.4757066924002098,E02001980
4.17259713958162,0.2208890044838251,0.2419682221406376,E02001981
-0.6133680301048235,0.10317346179760377,0.6940125165395938,E02001982
-0.31538367899100106,0.048093913857220005,0.927864183396015,E02001983
0.1512752441143447,0.06374733860663429,1.2133047874845486,E02001984
1.5499813768313466,-0.010445702691355039,1.0325265718165402,E02001985
3.078764882764571,0.1929268926598694,-0.3962544435073415,E02001986
-0.2586491983075809,0.7696160134658027,0.9627561964175686,E02001987
1.8692198179222754,0.3919949367424098,-0.11259901769584317,E02001988
-0.13220961509476464,-0.3099469712425197,1.3462941365987449,E02001989
-0.8226953369750504,-0.11666968872405264,1.2788040638046727,E02001990
-1.9664806829689596,0.9597401594399044,0.26090970325835233,E02001991
2.990527905046103,0.046034073395010144,-0.4034211898573303,E02001992
1.5355100469109062,0.1757014783056431,-0.653955057676491,E02001993
-0.008523152602202329,0.33816405348795947,0.9186651129129458,E02001994
0.3100598691996403,-0.513974637610295,0.43911623329675076,E02001995
5.62672032583956,0.6018917062123502,-1.2676232964116894,E02001996
-1.3500671392438786,0.4942828473270775,0.8109460593511826,E02001997
-1.488870809665692,0.3381320162988241,1.175160630797901,E02001998
-0.9567000934962853,-0.29905797192998973,0.7395575581089033,E02001999
2.5451109769208458,-0.306652848985033,0.10362543937359638,E02002000
1.2999073307746445,-0.2974664487138916,0.33209590754137897,E02002001
-0.7620060637517444,-0.296967567614049,1.074843410643946,E02002002
1.043221809452819,-0.510876085862754,1.0237329584324684,E02002003
2.2659089317631635,-0.16395803157031252,0.2942701914261941,E02002004
3.909152231060054,-0.18111293810909432,-0.5836934647725943,E02002005
2.0830092785397825,0.07050870751999866,0.11470145013956687,E02002006
0.7545312468553375,-0.6219984587547716,0.8617340907878951,E02002007
-1.0175535209760593,-0.10011215848160744,1.271719496027951,E02002008
3.9206101237604987,0.4261676612413817,-0.40229398897206653,E02002009
3.1143620798220306,0.2607120461489267,-0.38947469840532123,E02002010
-0.9934551926584345,-0.6243516762131757,1.0619258168838634,E02002011
3.2479379745537167,-0.02138503141809414,-0.5249936148034837,E02002012
-0.7290520367614393,-0.16030945676530953,1.0959700240765224,E02002013
2.548902847254078,-0.17501849121879673,0.23366868976030894,E02002014
0.7820378000831462,-0.6776650852569162,0.8287842209330583,E02002015
3.5400054326185812,-0.3797857798638448,-0.192654146830085,E02002016
2.53577792172264,-0.29302072751072544,0.212513007778869,E02002017
-0.7308782855550764,-0.09089750083653124,1.2060970010296646,E02002018
2.557296401929076,-0.4769573827459407,0.13755976763392555,E02002019
-0.19254397364503847,-0.41860751662581785,1.2892179043339955,E02002020
3.4898436288687025,-0.10414725006793643,-0.5335262526271859,E02002021
1.9979164367835966,-0.1788373621034363,0.3512665900803901,E02002022
0.21648015862068962,-0.24893444237049325,1.2954001078058082,E02002023
1.366604161982518,-0.6019908667328211,0.924100068981014,E02002024
0.8866779069039222,-0.17829587169055708,0.6988358898619433,E02002025
-0.1243347210774992,-0.5757474336190067,1.563132502788329,E02002026
-1.465609570519294,0.03439941830993869,1.4577530592648225,E02002027
0.04718407062190767,0.12055465548951809,0.7832731643499387,E02002028
-0.524239829015181,-0.3536666967869703,1.1027225358004735,E02002029
1.3335642361268085,-0.12908546576875346,0.35526588297591305,E02002030
0.8633129801379685,-0.6398622350776776,1.31641761344557,E02002031
1.7822757452989857,-0.24081411751313533,0.4301297796497624,E02002032
-0.017896497549824274,-0.42930940914854593,0.7941391188946685,E02002033
0.4908628154497989,0.5710429836135912,0.26083693766081445,E02002034
-1.1444996026604388,-0.3738413048600969,0.4185907424977769,E02002035
3.3098902916954414,-0.22918149455777515,-0.19918907628750845,E02002036
0.26989426722183313,0.0535865054759868,0.6265590977364495,E02002037
1.288052583654266,0.1862068118276046,0.3695547838949256,E02002038
-0.666965714101321,0.5389589130432962,0.5215723511610962,E02002039
-1.7090583612652441,0.03286054358371701,0.4085216576793507,E02002040
-0.28643436649007636,-0.1347202913189533,0.4818396242358186,E02002041
-1.0646672701840736,-0.16348113203836626,0.7549608166905392,E02002042
2.4876247428723697,-0.08332762663510675,0.19167488654527817,E02002043
1.673893325637949,0.04148485788952671,0.30413865398126083,E02002044
2.1419395375825836,-0.28994589726651426,0.325850683968706,E02002045
5.156610831961804,0.2263102648887873,-0.6803362601540006,E02002046
2.6434944740559914,-0.4179448827564373,0.021085610003334688,E02002047
-0.7930999066635787,-0.3641586623676209,0.9667457160417231,E02002048
2.0740739472689675,-0.313137659468469,0.47754245038371906,E02002049
4.939251752482653,0.20467008091524722,-0.6551919342681972,E02002051
3.4233337891042943,-0.13194279330907355,-0.06516787043536577,E02002052
0.9506073739596806,-0.047916124064065126,0.988149165705697,E02002053
0.5363429115758831,-0.34548521705359225,0.9150442156894532,E02002054
2.6832936659792854,-0.39428611217051274,-0.03836153024491138,E02002055
4.441454600097153,0.09482440884385808,-0.6009933664246934,E02002056
2.852486656486273,-0.04677414881811416,0.12081531806126969,E02002057
2.199213298148458,-0.16131940455265792,0.14957752049205014,E02002058
2.7558103979274597,-0.22437315935447566,-0.06314190522564268,E02002059
3.9547958588179637,-0.49724721757916457,-0.3558762538693802,E02002060
3.287176730926262,-0.43516608986307714,0.2357270784656816,E02002061
4.394720994573867,-0.133470941561047,-0.9506553720580306,E02002062
1.560027246128982,-0.38880111891886404,0.4769947932410176,E02002063
2.1419848911980175,-0.23357851437115026,0.5647182617804489,E02002064
3.2045876480675184,-0.4076227094512938,0.4496711254486886,E02002065
3.0275161017371044,-0.5178623290398151,0.16728272524857912,E02002066
1.248263935620401,-0.675437536349577,0.5401883265719873,E02002067
4.456108253269227,0.16394409588086553,-0.5351522829517933,E02002068
2.935413663681553,-0.07274366027426388,-0.0022987188077289965,E02002069
3.6742406423924927,0.38849081307823946,0.28647334926074874,E02002070
2.7218179978608408,-0.34849006891769496,0.16354832079783072,E02002071
1.3598386416388066,-0.1746048632263109,0.763252000252341,E02002072
2.9530250974534793,-0.0769507951282583,0.08904814025558144,E02002073
2.2243748691024074,0.004267748292539847,0.5113491385576008,E02002074
2.015423072781401,-0.22778799200784117,0.44758152799067286,E02002075
-0.2583631427495598,0.9812300797990882,0.5433415148029355,E02002076
2.200682393172815,-0.011699940241781465,0.19492535405611983,E02002077
-0.026645002838194463,0.1167975388893045,1.0595846752369984,E02002078
1.5371849773134831,-0.1638797699201642,0.5214373307199481,E02002079
2.006050742469853,-0.24584112173393852,0.08455458833056041,E02002080
0.34037406560316436,-0.377050241866197,0.7126056006490793,E02002081
4.207225287000642,0.27776478078012473,-0.12598193639495583,E02002082
-0.2707961118431899,-0.7134978533971786,1.761745948843744,E02002083
3.7557455445579344,-0.0086832286386813,-0.3509806514984397,E02002084
3.3288872126279334,-0.050890467737823464,-0.09014751526016816,E02002085
4.801632193603768,0.19410948387287869,-1.0618280089464596,E02002086
4.195587088500982,0.025793167701918075,-0.33271113851088374,E02002087
4.284913250839609,0.16485063748174109,-0.3984028284169738,E02002088
0.29539977292119957,-1.2522579675121825,0.10251048591929128,E02002089
-0.4178747529512518,-0.22901340824909652,1.447356948287237,E02002090
-0.14842354858420226,-0.7215379254621123,1.0764508196818783,E02002091
0.6219333812246821,0.01840553524409771,0.5245698745310517,E02002092
-0.20630698877885825,0.40375049980677274,0.5213458175871696,E02002093
-2.003722024175682,0.614129531531176,0.6667975782638397,E02002094
-1.2935391554168634,-0.5019499953956046,-0.076846593355926,E02002095
-1.4303982180782129,0.6681709008325913,0.34410259086625655,E02002096
-1.7794766593092637,-0.7478382165240273,-1.025557619297163,E02002097
-0.6123286346828214,0.2770297439624385,0.7686137870683911,E02002098
-2.5401537110871986,0.920535616167733,0.1174317374268275,E02002099
-0.03469782684526905,-0.2311360900087272,1.1369049596315415,E02002101
-0.9165116750284886,0.09024703814169227,0.7981955959438264,E02002102
-0.9893791982635718,-0.014039099016084605,1.0469489789923836,E02002103
-2.5358729552376214,0.7693625681867785,0.499033599745672,E02002104
-2.648768389325497,-0.13469648840989307,-0.421293907048218,E02002105
-2.3599538788984034,0.364853151153211,-0.008218451168588761,E02002106
-2.2449367923709427,0.6165397611955733,0.5899810111800303,E02002107
-2.627978623475844,0.5996210411391222,-0.048417826276710096,E02002108
-2.5003240923362124,0.02108403574623332,-0.10678659074676732,E02002109
0.5876956790002177,-0.8054424586414181,0.37587731005372954,E02002110
2.6140715204291083,-0.547551234863763,0.19922610017561562,E02002111
0.4942521612274941,-0.4861960129627826,0.5357837168873552,E02002112
1.2321414140028566,-0.7700080441703482,0.224824697386962,E02002113
0.6605301697407419,-0.5428249561851676,0.9433788187617623,E02002114
2.835684681344618,-0.4235594929849336,-0.12567467676852292,E02002115
-0.41765122761225104,-0.35771093556717853,0.6713211385448723,E02002116
1.7085847354154813,-0.06193629085658369,0.11571327118247679,E02002117
3.553110055600041,-0.2026113284394193,-0.05817585999430187,E02002118
0.9551789607868562,-0.3557255562763829,0.8066849872610183,E02002119
0.7121036771026714,-0.057856835338790234,0.9766610666768523,E02002120
4.281311946241401,-0.07841384523085533,-0.05565604871284613,E02002121
4.621537433874035,-0.08976202087024461,-0.41570616355759443,E02002122
1.9772764163234657,-0.2952835725166786,0.7465883497001269,E02002123
0.8327531438212,-0.5466280343856414,0.007761218885861833,E02002124
1.3018296692544016,-0.7405452290867314,0.14325916639087896,E02002125
4.987302494980435,-0.020327441323444106,-0.8968106333696357,E02002126
4.675360611573362,0.04676861623838885,-0.596868563187589,E02002127
1.6352577570411608,-0.6159126688077691,0.5586566639005417,E02002128
0.9047506187125619,-0.5815252198499606,0.9700725168194085,E02002129
3.558317965925132,-0.08418587879277513,-0.0747445055709977,E02002130
-1.1905271855287554,-0.5933271335644288,0.4970342843411043,E02002131
3.2782836573168024,-0.21579388548107045,-0.02882922803072598,E02002132
1.779561362161743,0.3933039232185018,-0.6868297207857526,E02002133
2.904096826898928,-0.28181875560198594,0.147312798693775,E02002134
3.5026487519647316,-0.18988803348032182,-0.006844427276883231,E02002135
2.1368250802581987,-0.11195659914177697,0.23431468262209493,E02002136
-1.6100153477114103,0.11293165464014494,1.0462808740990912,E02002137
-0.17604549743965778,0.20459907466985083,0.8567141172518548,E02002138
4.2680145188177026,0.7574692833347405,-0.9966834243667291,E02002139
3.7162630677659343,-0.13188513767845977,0.08637364295172544,E02002140
-1.2212219529737591,-0.34159239927272367,1.1620003495667817,E02002141
3.374935542998258,-0.4122474404993642,-0.11258028526477872,E02002142
3.718816120404356,0.06131971201267558,0.375533739526055,E02002143
-1.5498974395615441,0.3952618656750087,0.6351694409721255,E02002144
3.5267094480690617,0.05953562133033082,-0.06634257434778186,E02002145
2.004143779923245,-0.24497153417701992,0.3623318754985955,E02002146
3.5072838025375894,-0.2362279310019154,-0.23035195780329892,E02002147
-0.4862394189884638,-1.1037317410006116,1.1365014491662995,E02002148
1.7552927633371869,-0.42996165311876494,0.3709970436732311,E02002149
1.43032553440805,-0.2350941066327459,0.3007618814832685,E02002150
3.0153398939135716,0.4728347368937472,-0.4152656490266001,E02002151
4.500369157361436,0.07911443281248243,-0.7254513389960805,E02002152
2.53794670752496,-0.21276034256802032,0.31020822636524964,E02002153
2.068318839066174,-0.15926613558329333,-0.07926296322004231,E02002154
5.808785225900056,0.6200240794962645,-1.2750628339907562,E02002155
1.298138910608708,-0.20684184785963772,0.8824887447123008,E02002156
-0.3246512340733117,-0.06158182472559375,0.6866905640782488,E02002157
2.2372697110367303,-0.22542976310811083,0.4361670502164353,E02002158
4.1949451514487475,0.26621425395296705,-0.2469875303071179,E02002159
0.9269247184462079,-0.6623482815873658,0.7057390784756518,E02002160
3.11482039161251,0.11500496610842126,-0.2892226030151745,E02002161
-0.7264492477118453,0.3762644805905992,0.3618689367144621,E02002162
4.598635063206626,0.7037192024022487,-1.0621265444125363,E02002163
4.2916132522440575,0.7358985480821439,-0.4343984300797559,E02002164
1.6199304759429305,0.9301543589223872,0.028232389397923326,E02002165
4.080403097596238,-0.029833349876310023,-0.5398319307006192,E02002166
-0.3469679145906432,0.2978199422149854,0.21493164744032642,E02002167
3.7493462711765164,0.3373395732611963,-0.47036190604824213,E02002168
-1.0085424494993847,0.431447561977019,0.6048131481372091,E02002169
2.823785851539087,-0.030107307429696705,0.38983303960426796,E02002170
3.3102506959777847,-0.16786913019683483,0.04390781454686262,E02002171
-0.23171869956330532,0.4429519386032663,0.7765576735052152,E02002174
4.612497465519016,0.13800709889943216,-0.737292593864278,E02002175
1.6167315300202698,0.3209637703142466,0.16582498152970848,E02002176
4.085820064150699,0.12494478292855012,-0.7517687824443465,E02002177
-0.04643591600294116,0.08492180417507779,0.9375415169963088,E02002178
-0.7883878986195969,0.3571263798455417,0.8678763525317851,E02002179
1.8367984551770384,-0.43584805488753603,0.6469323295552822,E02002180
3.848621231622991,-0.04477863357735115,-0.5534830958086594,E02002181
2.552626116627973,-0.16286203409167802,0.34637689902603386,E02002182
-2.7860437558321074,-0.07602239837168118,-0.8463470140139342,E02002183
-2.3489204028577144,0.9481349065794893,-0.04988804083319146,E02002184
-2.38934535624841,0.6473474277673383,-0.1340978815692189,E02002185
-1.328977138442631,-1.1712484551188678,0.12488380932963955,E02002186
-2.971059199376451,0.4475674085830884,-0.4307711433759369,E02002187
-1.6643349029462222,-0.6870170765345264,0.24175815016500063,E02002188
0.9938761716241561,-0.4403185943521604,0.7390117697227688,E02002189
2.6936094006212468,-0.9414455791493668,0.619581123019939,E02002190
3.4647957079487957,-0.3906052772593954,0.814469901317504,E02002191
-2.157149137528239,-0.07314507801978638,-0.09929248975770336,E02002192
3.1274229372703375,-0.5939588405989321,-0.0766331326864426,E02002193
1.0683823119992168,-0.4810724324562447,0.9419602611726304,E02002194
-1.7378575625465862,-0.033980344863584165,0.057847459052023716,E02002195
-0.7723782561747885,-0.9157998481630092,0.057985002366743976,E02002196
-0.5708801499672032,-0.0958548106822715,-0.05269761858684936,E02002197
-0.20981497089809176,0.13362498166203268,0.5678206934819388,E02002198
-1.4224002774473503,-0.5546911731531213,0.24355517222405104,E02002199
-0.9439315280414889,0.5546672337368564,0.006864871077487501,E02002200
0.2903100527790012,0.29983770565978196,0.5402332655582708,E02002201
0.17930656239508166,0.7453180671156747,-0.10918227728746853,E02002202
2.4948543080873056,-0.22797541984137557,0.21450594591751856,E02002203
-1.2675320167701365,-0.2296966890035089,0.2841752165567595,E02002204
-1.3110397257597615,-1.1240188854458166,-0.27208543613119923,E02002205
0.8278364485910457,-0.3931300388083897,1.1668274557764111,E02002206
1.2044977877914906,0.042553553044539984,1.0883465406150759,E02002207
1.5914853450448916,-0.25757739678389235,0.9012022330436763,E02002208
4.390057118625987,-0.1056475686333265,-0.3451691363230744,E02002209
0.6816528307098851,-0.1939102667873335,1.400274576056718,E02002210
1.0256886513773664,-0.20878733323852233,0.914666988438634,E02002211
2.2765589869115233,-0.3278709927668713,0.5141546784734461,E02002212
-0.5736446074089006,-1.0672382358663735,-0.2975495815012559,E02002213
0.5455130675702184,-0.3418967641983286,1.6054201851911307,E02002214
3.265456114423499,-0.37399031882814,1.4401204861295414,E02002215
5.25258659823375,-0.4429267490744932,0.22591226451448537,E02002216
3.3129681850783705,-0.3569240140951265,0.7973998746142513,E02002217
1.825350824816816,-0.04935185090049936,0.14361258222353607,E02002218
3.694541127251091,-0.4104119774462116,1.520794191152864,E02002219
3.9018900759058854,-0.5191088903482283,1.0404304352467644,E02002220
4.860237372339858,-0.40507598558314867,0.06497600615375974,E02002221
2.3445362732351724,-0.16803628885023017,0.6012489865063126,E02002222
4.055489434776732,-0.5488327707702874,0.580924694163702,E02002223
4.524487855105236,-0.6328302521569958,1.4200777842881713,E02002224
-0.04498042563618924,-0.8070787152781985,0.11305058177603973,E02002225
2.7399736402077934,-0.7856876830680443,1.834640321580267,E02002226
5.412460501528372,-0.26988408405301234,-0.3900935710011409,E02002227
3.9753419788974065,-0.30639535192899464,-0.33639649884182493,E02002228
0.5301577374268137,-0.4626253567209056,0.5792661687227851,E02002229
5.413734138651936,0.12453990091135056,-0.0572038116608388,E02002230
1.5254113180990998,-0.2911549286479086,1.0166505002357988,E02002231
3.260317252519763,-0.12777114644569004,0.8367693954534717,E02002232
4.671080635076897,-0.16581948765859597,0.8173970102911776,E02002233
6.366168816464519,0.407095137944103,-1.2131603984329224,E02002234
3.2992594371400226,-0.4633665220561432,0.6297006883779428,E02002235
0.7398461995146338,-0.34681914056080226,1.4597633683054705,E02002236
1.3981612155019263,-0.2812511189164786,1.2673474818807013,E02002237
2.792703385479555,-0.24103255607438823,0.6322851202135479,E02002238
1.0211841712651857,-0.8903406206815714,-0.0001229773306238692,E02002239
-0.3993570616128857,-0.6174400479134644,0.7334075024221507,E02002240
2.097041564585596,-0.25999804869388154,0.5910958240832829,E02002241
0.3164133582666721,-0.7271641211345812,0.9299662712361733,E02002242
1.4587548793334093,-0.6174071971255696,0.30903958973048923,E02002243
-0.25808964980197985,-1.006907489823962,0.18255437117532913,E02002244
4.170351406121163,-0.5030812346728983,-1.1024000960311349,E02002245
-1.3707662227243147,-0.5251034118759201,0.5728474874131824,E02002246
-2.1486093380229496,-0.10316232516383891,-1.6136419505848008,E02002247
2.6669863433096213,-0.4368671162561508,0.32299201322316556,E02002248
3.427910482034209,-0.1075631849245289,0.11064900005129115,E02002249
-1.0781985703147285,-0.6777173603587981,-0.8774568509021021,E02002250
2.147021709794776,-0.44286315071242466,-0.5040471605191221,E02002251
0.019801547388278672,-0.8435154771279118,0.38847010676503124,E02002252
2.214560101236619,-0.49831426357003156,1.068872523674409,E02002253
-1.6749229270556467,-0.04372431329289645,0.3035243590984174,E02002254
5.2574231433078555,-0.23639548311118505,0.12390387301591735,E02002255
0.25662590222408826,-0.7146619459736926,-0.6044197888289868,E02002256
3.0721404465891817,-0.32111444008079704,1.5713836372766723,E02002257
-0.5903375080711911,-0.4379844549614421,-0.07191743786716884,E02002258
-0.5586759313609109,0.2909578493395861,0.6906401014658747,E02002259
0.7574816847117433,0.052649512325862666,0.49527614072821213,E02002260
0.2905949244877086,-0.6573725585506546,0.2768305072926625,E02002261
0.29251104167481284,-0.34084394789706857,0.24925415577542243,E02002262
0.39359615171841766,-0.6559995926562014,-0.47293585629523566,E02002263
-1.5714810873136527,0.6176387023196754,0.544291774347686,E02002264
-0.42954421528504183,-0.851291549928756,-0.6376331380000706,E02002265
-0.8463900753152073,0.020306677362680745,0.694922203017867,E02002266
0.6400893050560618,-0.3027231394772772,0.016825207408249176,E02002267
0.9186481941938287,-0.493566586066849,0.11474658432381493,E02002268
-1.0265768329233744,-0.4487840782135485,-0.02580362980674391,E02002269
-2.3608399767818815,-0.4839816546555969,-0.9288829621523099,E02002270
-1.1324742557485228,-0.5525000862909301,0.5107829401656959,E02002271
0.9222809824200685,-0.3786092812369552,0.08320562668708692,E02002272
-0.49081669929249977,-0.6844012099933129,0.2445530831370892,E02002273
-0.7012022037688553,-0.10123924743073037,0.48731010087509674,E02002274
0.6971900952876986,-0.14071079774200188,0.6461343172223737,E02002275
0.8214457326144299,-0.4209687059217407,0.5986015936360826,E02002276
0.7115662750841342,-0.7409638912325605,0.6242267282282559,E02002277
0.9868701944529921,-0.17881832591039487,0.035885071144872584,E02002278
1.543098133499282,-0.305240574246493,-0.05677950525489709,E02002279
3.8172236842896092,-0.2215507781105937,-0.20732125934379084,E02002280
1.3554231626893438,-0.3600941473762795,1.0636261507384637,E02002281
1.8252716202063999,-0.3334185651669758,1.163975928356537,E02002282
2.6412990960769833,-0.7561304636759352,1.0549435262262359,E02002283
0.2774931092926369,-0.5696536906942263,0.760007873298944,E02002284
-0.8586709082279421,-0.7289276238138598,0.542871439502353,E02002285
1.989040697242579,-0.05471021300980892,0.3105772712745341,E02002286
2.1496245517916965,-0.03692677285461382,0.2864363314987269,E02002287
1.801695456836912,-0.3987920153654574,0.3222985796411504,E02002288
3.5456117266873384,-0.5944517886363648,0.1834661322473337,E02002289
-0.981095115335474,-0.312820378772863,0.6935834102072386,E02002290
-0.10325756788386496,-0.038379172071928494,0.7048009384902518,E02002291
-0.8118073447132942,-0.0713447743003303,0.05363847934940679,E02002292
3.6328929910281125,-0.7710863556768339,0.468259988216327,E02002293
2.0607049574002665,-0.9059912670739195,0.8278346172605769,E02002294
3.5324271444340667,0.11661267117113187,-0.8851557924551997,E02002295
-0.7642624282627887,-0.35453471366099537,-0.035722241341165036,E02002296
-1.3212881630676288,0.2121984555444204,0.35675610962256676,E02002297
1.1800816753876326,-0.6349520800073647,-0.6011619546386434,E02002298
3.842957316117101,-0.4003780333374706,-0.5415132067669003,E02002299
-1.1677256975910568,0.22334482560701163,0.6205915053298138,E02002300
1.7472958428339516,0.019275986048404508,1.0725637078481471,E02002301
-1.4213137134422034,-0.5173797732058211,0.2844078753438577,E02002302
-0.29429233901394103,0.4877977510973395,0.6197150416790157,E02002303
0.24183736339046233,0.4656879481602649,0.5424010690708929,E02002304
2.7257876199864572,-0.12004152470642897,-0.02289100757584682,E02002305
-1.4346697658513667,-0.4007471452076245,0.3099972858976859,E02002306
0.7450573869996057,-0.525448508652802,0.6499548666644881,E02002307
-0.3341237458467599,0.09808816008556481,0.6228209565544409,E02002308
1.6924592358432085,0.09374909938358159,0.309350133313495,E02002309
1.1141821900880884,0.14150228195377615,0.5403125026650691,E02002310
0.5042400230085785,-0.040772650592533086,0.4926781323268452,E02002311
1.5577632237165382,0.011850426240376915,-0.013937447896497616,E02002312
3.030714540986562,-0.3149067994097452,1.244439058903156,E02002313
-0.08763787032009236,-0.15371249299523077,0.21136844346102932,E02002314
0.9737746511880159,-0.1514548803731944,0.6181464537076045,E02002315
-1.066399688699553,-0.8132642687045335,-0.12965331151052717,E02002316
1.8330598638434288,-0.21650639175594105,0.5187608726290329,E02002317
1.4192310403883004,-0.20314646896286934,-0.14308193785572507,E02002318
-0.48033634352370863,-0.5311820235527436,0.43164615601309825,E02002319
-0.24359729491146864,-0.11017960053923317,-0.10424134650197688,E02002320
-1.862470170639339,-0.7273836583264643,-0.05267203218700815,E02002321
-1.309896645284808,-1.0282486121029621,-0.8625669339841933,E02002322
-1.4966255688899306,-0.07014214975148308,-0.1286368434204081,E02002323
-1.1692768604431192,-0.8251102098097396,-0.24857581628114633,E02002324
-1.0392238747000122,-0.8557914711293975,-0.2539218681773205,E02002325
-2.188911357726666,-0.2027155630242933,-0.17720714816571204,E02002326
-1.857882930295353,-0.5173853525323744,-0.12200087784155975,E02002327
-2.1559416079072338,-0.44926853334880823,-0.7012058529154507,E02002328
-1.8163190268460776,-0.270971428282115,-0.26670828827141285,E02002329
-2.197234382566069,0.4292766356655024,0.4850327335705855,E02002330
-0.25256952131593036,-0.9745589647156108,-0.711863387658732,E02002331
-0.1876288354084515,-0.050907307398862775,0.11448904877044694,E02002332
-1.4534205940645344,0.037214727016587686,-0.1409713121611473,E02002333
-2.2304460832869406,-0.23355976258022434,-0.7429872926169072,E02002334
-2.8304452684601134,-0.2922446046190038,-1.007419641472083,E02002335
-2.923768380478667,-0.03240905282691492,-0.7699686339095654,E02002336
-2.56134296254257,0.05634173277515712,-0.41019249400703545,E02002337
-1.1685765959586558,0.5579642244963958,0.44164244984698703,E02002338
1.166698376276162,0.20266527179332736,0.07165137866567454,E02002339
-0.4691527517072362,-0.08703041433149773,0.5151097387808848,E02002340
-2.874141187308045,0.3834788578855226,-0.2860929753524958,E02002341
-0.629536336688247,0.2861751093489163,0.07103773100739812,E02002342
-1.7529312319953123,0.3072006453391815,0.47977465782169637,E02002343
-1.9011645496018759,1.1051455122528442,0.5202520093589801,E02002344
-2.649274993798878,0.9624233436932605,-0.3380096734801739,E02002345
0.9531283122233094,0.6123841401626106,-0.24009529575766053,E02002346
2.2214830698241905,0.6173162148087085,-0.9075704638965544,E02002347
0.38751861246241476,0.6188618899237963,-0.36726102389619036,E02002348
-2.300576650659849,1.3287657081546353,-0.6291356167098074,E02002349
-2.2768540134807016,0.3131573859147644,0.4255021894630634,E02002350
-2.3457038540210253,-0.4101156733291631,-0.2965476615489768,E02002351
-1.8198051516571037,1.1618939764901866,0.5487076232496649,E02002352
-2.0562731889853754,1.8425919642131114,0.023401924394079288,E02002353
-0.24675033417890066,0.8862200380439742,-0.0005753203615551453,E02002354
-2.3220431745383543,0.7946620330637523,-0.20144119191715482,E02002356
-0.7930234220420808,1.1198007554665461,0.020089584021027503,E02002357
0.847218366886887,-0.22572412347667176,0.14938761581938617,E02002358
-1.9239028068497317,-0.7724134251985759,-0.9033776580655211,E02002359
-0.7601715918007953,1.4323044768009976,-0.2897551946408169,E02002360
-0.7455102158270712,1.410579483102325,-0.5060066455711052,E02002361
2.6784125947659807,0.4939906343555018,-0.9211439314879861,E02002362
-2.491396985083365,2.224687778363217,-0.1200534275627409,E02002363
4.824737994571539,0.22627250342504146,-1.2054209128421727,E02002364
-0.4761143174131827,0.4818725328803795,0.5194802559725719,E02002366
3.8970532232639474,0.8362920922184399,-1.4964988408222966,E02002367
-1.9361517526117302,0.19978371556144695,0.006913345323753098,E02002368
4.032383455084384,0.21449600447143222,-0.733714871881052,E02002369
3.1361789626722896,-0.12715952377210957,-0.46786555003241664,E02002370
2.855464413950813,0.8026378712202262,-0.4493045286934422,E02002371
-0.26673857528209216,0.4534349945095571,1.301623464830074,E02002373
0.39397367832141017,1.1006112451661758,-0.4452161786680886,E02002374
2.9716194461844667,-0.20735375328385905,-0.6170081523601894,E02002375
4.755177483847759,0.32270857557110244,-0.6315724958040718,E02002376
4.840287825640791,0.07748547440738282,0.831832010552177,E02002377
5.33941985495218,0.22041804732380638,-1.061352364618243,E02002379
0.5047125862573442,-0.1709237400149999,0.7140459062721718,E02002380
0.24092429631659598,0.35739690168613014,0.09245118025713366,E02002381
4.851927695230595,0.09173572828304834,0.9918609962623276,E02002382
1.5217898006423272,-0.0031660640135118467,1.7112635330510024,E02002383
3.0591863469816425,0.6238216449733864,-0.8179117735831156,E02002384
1.1337036025787357,1.0253898527232037,-0.05139080179336316,E02002385
-0.7604179798597428,-0.8848713215144867,0.8919718564484914,E02002386
2.81330860542982,0.25268961117671296,-0.141709883294516,E02002387
2.4360858115255732,0.3056410365228978,-0.1599533433101342,E02002388
4.894796189186174,0.33271232175081117,-1.4357818725568878,E02002389
1.8072568635050947,-0.14738281365849532,0.13217795976491029,E02002390
-0.24958080573609293,0.1602300309253526,0.6469888366732793,E02002391
1.3439705128501964,-0.008345683040395421,0.6181726990933478,E02002392
5.4958297823368625,0.9028951088988436,-1.516135509070796,E02002393
5.083886994090583,0.417362909240252,-0.4973573234012288,E02002394
-0.7356752706332175,-0.16043605267200892,0.7860294421641495,E02002395
0.8185169829030724,0.14289801308411074,0.5745405793727646,E02002396
1.0327061760022007,0.039596851567376856,0.3355300809175275,E02002397
-0.5649340659601001,-0.8944366079211177,0.6285701559432292,E02002398
2.5119030289451496,-0.6975409178880959,-0.04343192797894877,E02002399
3.9546633932305157,0.2185613541627155,-0.7516655650797736,E02002400
5.216738797052772,-0.0009354066914250887,-1.8220047268080561,E02002401
-1.6721413408601586,-0.27111002854632593,0.7276906656646631,E02002402
-0.38759904645252635,-0.319715660517659,0.7615072414857798,E02002403
2.384640380869316,0.7418098064164953,-0.38229009691793714,E02002404
-0.26399641169019905,-0.45111978453709434,0.5001355626176879,E02002405
-1.3909354209796962,-0.23008949696834244,1.1262321568474605,E02002406
4.309124814343571,0.24299162237577543,-0.5959805222187287,E02002407
-0.0340038607908451,0.11640160027927499,0.22622414272542624,E02002408
1.7373814751098007,-0.5731978064724061,-0.3170515000561971,E02002409
0.8549208262485415,-0.23468244417870907,0.5506781717354016,E02002410
2.713374979837161,0.5449076083182289,-0.3579197818776914,E02002411
0.10235761881523978,-0.501874837245986,0.379444669288298,E02002412
4.6414431982719275,0.07369576783737779,-0.5041785406575798,E02002414
5.819578902423837,0.24314829607209562,0.25279160728536487,E02002415
0.09335661800630769,-1.3611653177593694,-0.20098812004570898,E02002416
-0.5538990946350043,-1.4146012079583448,-0.2776066413449746,E02002417
-0.24813392597033193,-0.34235277807165754,0.7989474869578043,E02002418
3.353075884783609,-0.28588670452078974,-0.4680004215719333,E02002419
0.8875307611364305,-0.4515696945117861,1.2019101474458527,E02002420
5.525910902856771,0.24820785649210525,-1.272727274083704,E02002421
-1.035230063931362,-0.32919099296478815,0.882681975310819,E02002422
3.120940383584659,-0.1865122958312203,-0.07750787290359835,E02002423
-0.26731752118208363,-0.2075245933449116,0.3364332426139949,E02002424
-0.4189100217942968,-0.5258820946080186,0.5520615873926706,E02002425
-0.7396592576101465,-0.06803229527035043,0.46710355715382984,E02002426
0.6926094544353222,-0.032346083979852266,0.3666439850274028,E02002427
1.1702237721264057,-0.6378921758103648,0.31767825851823717,E02002428
-0.6493451143927055,-0.8194743054625601,-0.14595672227512219,E02002429
4.8804528701745316,-0.1091457246774701,-1.0849495159857452,E02002430
0.3771740754789503,-0.019858344113995563,0.30077387968011055,E02002431
-0.24879127613370222,-0.8902411606231088,0.0222725000916746,E02002432
0.9427820789188763,0.1981295141754024,0.3253466756686329,E02002433
-0.22842349812530816,-0.4253122683100549,0.3189319930127579,E02002434
-0.7410793689090432,-0.7339376076006511,0.5004302565111561,E02002435
0.7039592623594318,-0.7355898557607901,0.047426954120642524,E02002436
-1.4768692598092306,-0.42858136782046957,0.6614115177054011,E02002437
3.8278020262819776,-0.43518357037646677,-0.8890804929831909,E02002438
1.6198373821546048,-0.9397308754378086,0.8600001189995765,E02002439
2.4174514410891423,-0.2621766418810388,0.015647253793664443,E02002440
2.257129583564054,-0.39186102439402004,0.15736205784291848,E02002441
-0.3079436693130646,-0.817134846715318,1.0338485445412917,E02002442
-0.9479332606937637,-0.49767975972323586,0.8103395248426241,E02002443
-0.30808829118682873,-0.6484465093649356,-0.21720864290913028,E02002444
0.34819552863148767,-0.4858547447408515,0.4740527977845957,E02002445
-0.688005382326226,-0.8208243249975693,0.3012406121947312,E02002446
1.854983763831923,-1.0756892424822253,0.013487689276917082,E02002447
2.844421776901327,-0.894713751296689,-0.654249167936487,E02002448
0.009249409132721329,-0.695678043377992,0.7897990229613605,E02002449
0.04209258064012138,-0.6750137416428786,0.4211056014535714,E02002450
-0.5830034566261526,-0.4136620584221591,0.29753207621066974,E02002451
2.440558213336323,-0.3796355540091215,-0.9210724749333046,E02002452
2.10894069716415,-0.816636794360188,-0.5500481139293121,E02002453
1.9462843285071671,0.2591581940643129,-0.1809370776160161,E02002454
3.0846846502077683,-0.2880753330961647,-0.5840326892934181,E02002455
0.7463610145998197,0.25409046782664324,0.444684349914705,E02002456
3.680891808099783,0.316290270489497,-0.664473035696917,E02002457
-0.12979966923921826,-0.6907558910742654,0.3848073261421812,E02002458
1.2635081992903279,-0.28411113697590495,0.07480250305713099,E02002459
-0.7540360640731425,-0.09683028614855366,0.5217416186098878,E02002460
0.5765753138547356,-1.0828203426400156,-0.09316987701328586,E02002461
0.19047037146150522,-0.35306522219622577,-0.0020525605395377987,E02002462
4.797265099373414,0.4070076717590649,-1.3771639835589315,E02002463
2.3828212420470303,-0.9060726242053468,-0.3383290269612198,E02002464
0.35287243200203205,-0.31601934795224046,0.08424529944411377,E02002465
0.38117977226484817,-0.11436191493411535,0.23630130355203693,E02002466
2.379725635179468,-0.2111725380772696,-0.29299068252062677,E02002467
-0.655905066822264,-0.04971415697116811,0.44933809975023337,E02002468
-0.5711981522004728,-1.0755003429878232,-0.1803892612956795,E02002469
-2.614478785001718,0.895001466105491,0.025012323655774035,E02002470
-1.5912501976026099,-0.83510268246333,-0.4377997731168766,E02002471
-0.8743736016181173,-0.8479246163971776,-0.19184524102008202,E02002472
-1.119487147340227,-0.7472843748971485,0.5697516337468207,E02002473
1.5835090904005844,-0.22931061183891752,-0.730177900667552,E02002474
-2.2426980100656526,-0.5918455552188889,-0.8598028549071259,E02002475
3.4177768622603604,-1.005315253425597,-0.9779893782308885,E02002476
1.2863682942969574,-1.0691302435274654,-0.3955623825424284,E02002477
0.6938616168972063,-1.4489311079593608,0.09936793215066043,E02002478
1.5030449437128748,-0.6980438180122226,-0.146855523464488,E02002479
1.937502809478032,-0.5449406887019833,0.39377316145256763,E02002480
1.527924166051455,-0.8965783044378921,-0.17104515837214762,E02002481
2.7013007652727974,-0.7186230781208125,-0.7845206640883002,E02002482
0.24628577564766166,-0.11278536654323532,0.6909083945291249,E02002483
4.9117695488459665,-0.08521786134937692,-1.0574193586629346,E02002484
4.185836625173565,-0.05052104267991704,-0.1457247308589455,E02002485
3.9198735117603216,-0.015313353854262551,0.4262964373238049,E02002487
-0.5640655269611974,0.2832881579865122,0.8159479613248477,E02002488
3.644230299729198,0.03830310568648703,0.2291962004248504,E02002489
3.292908964584591,-0.27319104235338476,0.4658709057145538,E02002490
3.354670440830223,-0.3857973328101828,-0.044946389615299565,E02002491
2.2999951895248,-0.6938428953723128,-0.1281015691490866,E02002492
-0.4231084563121954,-1.1531473806987564,0.26677017402787745,E02002493
4.990172332157969,0.20147937887970646,-0.5044139582275181,E02002494
4.941669198181781,-0.5061015479325548,-0.35286379046160815,E02002496
5.894225761393397,-0.03239012708395625,-0.3399415877800347,E02002497
4.926841358888754,0.17635687005508155,0.543092990005633,E02002498
5.411186203697825,-0.15466141839093395,-0.46305361187218286,E02002499
1.999360824585289,0.03959562219195187,0.992432417989647,E02002500
4.17077325800284,0.17225240415877488,-0.26230731811901137,E02002501
5.739631154074681,0.12917821418131517,-0.7912001514796765,E02002502
3.2385350473018333,-0.47891725998951873,-0.014277765499844825,E02002503
0.06349738446887272,0.20841836426781346,1.2240719986794049,E02002504
5.440486173228291,-0.042965125859269454,-0.324637266536379,E02002505
5.109695868078156,0.22439654510933496,-1.1261160634559988,E02002506
-0.6824046332442688,-0.23233835770456532,1.1569862910473736,E02002507
-0.42955380378775293,-0.7680578911597177,1.1411172177935713,E02002508
2.0752407724473003,-0.238675484499157,0.6773654685641527,E02002509
-0.4355836746547033,-0.9637965220183499,1.2228447029886553,E02002510
-1.6326526101985095,0.13032165634418083,0.7482811347378469,E02002512
3.020016662363061,-0.33968996522673545,-0.8077300770702731,E02002513
1.3421187329585906,-0.10201068143753426,-0.2610424652247152,E02002514
3.018958724358121,-0.19891068332966524,1.04188219022189,E02002515
2.354170159035957,-0.2854352797297001,0.4771916805954426,E02002516
2.258236180735278,-1.7916551094189777,-1.090257358812966,E02002517
-0.5346753025672366,-0.2226100135363469,1.2357926729888498,E02002518
3.4602640647693668,0.19039459426806288,-0.3834356050103727,E02002519
-0.26833426037193764,-0.8070138566015963,0.5314230561811498,E02002520
0.40561582546507247,0.23764175234276108,0.055349697167550754,E02002521
7.200195076192351,0.3748671224455336,-1.6514311410639189,E02002523
1.4742028790029365,-1.3181929893931863,0.23704547163185374,E02002524
2.0175613037805302,-0.7201900133904249,0.37203998076750366,E02002525
1.021634849239128,-1.2376115460225234,-0.06797656272681246,E02002526
3.4232093625619995,-1.0225101403696293,0.066815396847646,E02002527
1.6629837115156427,-0.4356145353247367,0.07384686437048926,E02002529
1.609507472653052,-1.9238083927037115,-1.2194288635081423,E02002530
2.023231794851413,-1.1824234689805573,-0.9263322281202117,E02002532
-1.00031923257952,0.14137089999113645,0.7931032578333769,E02002533
-1.9136822294949036,-1.1843947365458718,-0.4110538787603046,E02002534
-0.8542988752699245,-0.2679819542983753,1.1223456122176754,E02002535
1.6025613659052926,-0.40941148736062616,0.892121641186081,E02002536
3.201642938575174,-1.4078312857458808,-0.9087772568201172,E02002537
1.508966537091627,-0.9709775191190353,0.003521132506761662,E02002538
-2.042601465914329,-1.2272552936907126,-0.5906005243876026,E02002539
-1.183149332284578,-0.15380360659513914,0.9506405731640591,E02002540
0.6850478176195909,-0.2449069989242566,0.9092304880558038,E02002541
3.4774506670608143,-0.3467548718767778,0.1843567408636469,E02002542
3.5171271588313346,-0.021652549963537136,-0.4877483288176227,E02002543
3.5790297358174863,-0.23402573598885829,-0.035811520075852636,E02002544
-0.4553434303109305,-0.6711941977826766,1.1868865309550396,E02002545
3.6591178734042153,-0.05946295462335058,0.03292933421665337,E02002546
-0.19199579540006,-0.14511534188498476,0.8612517795669351,E02002547
4.81762365825651,-0.29687468484164053,-0.9403269149817921,E02002548
-0.6963815090751116,-0.5013736557616304,1.008838077612075,E02002549
0.214837899193148,0.0936511020871954,0.36478984180050267,E02002550
3.1887512757831145,-0.5044968235734428,-0.17397314398459254,E02002551
2.081883614572182,-0.2808779261574208,0.39732873098011545,E02002552
1.5856840140472928,-0.33917200801738645,0.6194581111656269,E02002553
3.533747573843725,-0.5306291859100867,-0.4789421034851579,E02002554
-1.3526265668608972,-0.04856623275160483,0.4441228660842229,E02002555
-1.9761014708379703,-0.49830442626964006,0.20522368964647658,E02002556
-1.9263617380017377,0.39480895751761436,0.9476309063848098,E02002557
-1.9661316296843185,-0.015655836897434338,-0.2976124045391082,E02002558
-2.2009413177171235,-1.3336581762537827,-0.9087682833641372,E02002559
-0.1580759320611963,-0.73046587403226,1.3970854222240094,E02002560
-0.028171631471634283,-0.16487234033721931,0.971833934707059,E02002561
2.6191867680163403,-0.30270655362395554,0.6028267025512203,E02002562
1.2667147356725597,-0.32472824486774776,0.4912331312303366,E02002563
1.9750436043062416,-0.14628975135502847,0.37457135043748496,E02002564
0.4595471343050563,0.03454764676957459,1.6267236442627766,E02002565
2.8436196779107195,-0.007975311386389428,0.4278333906398963,E02002566
2.4375724589711947,-0.8415112586905547,0.0923091707088863,E02002567
-1.8306497587014454,1.2754068460014796,0.2664248500970629,E02002568
-1.758468111759896,0.051961650089018166,0.6194939019103206,E02002569
2.612763556097381,-0.2141835985555655,0.78878321471156,E02002570
2.0346444057876307,-0.5995362234890226,0.5737075084161034,E02002571
2.575325085140574,0.1145791496775083,0.15013767851332877,E02002572
-1.5062864854905236,-0.9695209105992282,-0.4243696808902446,E02002573
-1.3519167410772055,-0.4689546245145142,0.8396598673331234,E02002574
-1.6501797934314246,0.4769819567653217,0.9967265982541095,E02002575
1.3044066260635783,-0.6034843488357603,0.47764484459442413,E02002576
3.6265405287426153,0.17403395675662262,-0.3944486278634043,E02002577
1.4827099155932564,-0.23681002756320607,0.4033542681173579,E02002578
2.577239557844358,-0.18040776626527208,0.42429665174552433,E02002579
4.026501016966102,-0.3396590622858469,-0.514420284135637,E02002580
0.014192178882935728,-1.1843187114477256,0.19470760772204165,E02002581
-2.056575559304078,-0.5156526825712376,-0.07522390450408149,E02002582
4.90972659767845,0.10243698036725177,-2.0631978414364185,E02002583
1.2894466455947864,-0.33062486235541033,0.8918344630722593,E02002584
1.5009554225905797,-0.6148231963352995,0.1603932067482868,E02002585
4.338960518521719,0.08660442579658197,-0.6927676394235605,E02002586
2.6821312267325,-0.0886729217456509,-0.17489789877531584,E02002587
3.7087712464990843,-0.0049576730117214885,-0.5423488731223308,E02002588
-1.174849026561923,-0.5749527994212139,1.033484109676032,E02002589
-1.6634217405428453,-0.5618278576228006,-0.2853159948612705,E02002590
-1.1194761708594414,-0.5408241988018322,-0.4182149694970672,E02002591
-0.5272830156132725,-1.13699147419216,-0.07579112374312862,E02002592
-0.5065296482773094,0.026722801170635302,-0.2827500952193707,E02002593
0.9557250166532424,0.07440574093484517,-0.6834025442751603,E02002594
3.6819705626699366,-0.22700375012140234,-0.6400905000417564,E02002595
-0.4567788620792648,-0.011930600843922319,0.7432482341918825,E02002596
3.640902602578447,0.25461058899290046,-0.5358841982154502,E02002597
-2.2997215406215807,0.4167188308538429,0.23318882726695297,E02002598
-1.278331774532074,0.641435317542941,0.43922457401590614,E02002599
1.7256141667190614,-0.3052667663811983,0.7612612907636723,E02002600
-0.5000984297240988,-0.5265490701857208,1.1368491137367944,E02002601
3.0264932691129465,-0.16374247837465014,-0.24429659267022072,E02002602
-1.066460116007688,-0.9717788097333777,0.6144210296977187,E02002603
-1.2451220360085296,0.1671679777602377,1.1959276034143818,E02002604
-0.051202805697831116,-0.1624151191977029,0.9288222163498858,E02002605
1.4117964763605493,-0.2190446031775869,0.6495358603565246,E02002606
1.1439035593538758,-0.5296048193199566,0.13269609176234817,E02002607
-1.1648998218820947,-1.0494441946992246,0.5804145300832757,E02002608
2.2584686151643325,-0.17879631752549344,0.06545154297867808,E02002609
-2.293119293095603,0.40575349497382585,-0.3535009724583177,E02002610
-1.699398810862744,0.3475894126830248,0.7160755776981522,E02002611
-1.4724979598223173,0.8211032658872817,0.47286745566481064,E02002612
-2.677641080903592,-0.29131745126257313,-0.46159098056252174,E02002613
-3.1001363116239444,0.8245455373356209,-0.13337020875598132,E02002614
0.3668453672024806,-0.564647694837923,0.6392252966442789,E02002615
-0.5726877121389093,-0.028763602086158233,1.1219282128581989,E02002616
3.3360572302006792,-0.3833647835116263,0.8040915237190823,E02002617
2.2760966216020213,-0.08810523284973877,1.2452372441703567,E02002618
2.9529095290043097,-0.13829882700816992,1.0376892907402544,E02002619
4.312363245543308,-0.07998250951249855,-0.5189811790390628,E02002620
4.052156964678133,-0.23614678608173262,0.44618957724040403,E02002621
4.887956518896159,-0.046547311549376386,-0.5837198085964155,E02002622
2.9889875095956446,-0.3005152706801483,0.6285464009968562,E02002623
-1.609885657210696,-0.7820574035757,0.3219314505409616,E02002624
2.0723811759404382,-0.2690807727652073,-0.26738667076305456,E02002625
1.905215152647158,-0.2119874054255907,0.40635818831158405,E02002626
-1.0618291116928107,-0.3582420330012706,1.2171690574087772,E02002627
1.193389691448152,-0.6365899942604689,0.4920696456744631,E02002628
2.716323795047711,-0.36959113496044843,0.7003743293475153,E02002629
1.4109772902823776,-0.7071105433639123,0.5613388907286905,E02002630
-0.35383911732405376,-0.8335984234794133,0.3363145771397081,E02002631
-2.659717887550664,-0.9401936801111744,-0.8551490380982965,E02002632
0.23880924266529113,-0.6951102952800289,1.7074663714214724,E02002633
1.2898314147840368,-0.3870904174802983,0.5609772224945708,E02002634
0.31270711879036733,-0.5798245423926031,1.535852037008803,E02002635
1.0882633991450001,-0.5745794113429513,0.8943297289813616,E02002636
0.5514998410594576,-0.4729078292430995,1.5885027552638158,E02002637
4.024982497300946,-0.2333247189454993,0.9661856179063919,E02002638
5.90968065025483,0.4284676666993107,-1.078718128451617,E02002639
5.654062174636445,0.2535806821310779,0.16421828806526445,E02002640
0.45361436202195404,-0.3337413084692642,1.2949339882086397,E02002641
4.900399747557509,-0.17901278709539895,0.7636736529045827,E02002642
2.793352802367728,-0.11511312419956332,1.3928364970367344,E02002643
0.08525844865290846,-0.7219309119286648,1.3054707223109796,E02002644
4.870107441104262,-0.47086027641728734,1.004631042075899,E02002645
2.648761323486778,-0.6152117033262483,0.07592272713728151,E02002646
2.55558853283804,-0.5702476577067034,1.5305266846387473,E02002647
2.0124231896410594,-0.5045858619689372,1.3430436511222748,E02002648
1.3013533935642512,-0.40898580585741046,1.4585009166739051,E02002649
0.2900146973321095,-0.9281412060874662,1.0580507567342434,E02002650
0.692666658480051,-0.45511608092292677,1.5288341121981164,E02002651
1.7929747020591031,-0.32512679871396993,0.21408814749119143,E02002652
5.89513345712637,0.30207528400150646,-1.1828999470427404,E02002653
7.9206261279310555,0.8325763434009663,-1.7543150740622429,E02002654
4.724761697255611,-0.3191273193717753,-0.8614286494074349,E02002655
-0.13775072091380858,-0.3996329934624498,1.6321944375413322,E02002656
0.7431274070564563,-0.665200280198745,1.259861434332478,E02002657
0.21041274839612345,-0.24506737180493596,1.0870332566795622,E02002658
6.21796952911508,0.6686338165911955,-1.3440696993374128,E02002659
3.862239129101511,0.0172616227164107,-0.24053062627254035,E02002660
3.2847578300125657,-0.1892634493571829,-0.08624779550435231,E02002661
2.8788477788293756,-0.2341088349028722,-0.15929737149123221,E02002662
-0.4357562783299675,-0.2051552607062394,0.8522290525196472,E02002663
-0.5965743376165308,-0.5238811296250956,1.6577428829810534,E02002664
-0.40326258326274717,0.3037453137154889,0.7279111164496846,E02002665
2.1245003334641703,0.029831760149754222,0.8808888381582289,E02002666
1.191334099572101,-0.8004546862746209,0.9924046966757379,E02002667
7.070083330048176,0.7268313846844825,-1.8304339103124925,E02002668
0.06154595175758851,1.104845896827632,0.7716339565801775,E02002669
2.223114838944348,-0.19695663269809546,0.09865331914395263,E02002670
2.287653536266048,-0.8598334948786802,0.03395196614076458,E02002671
6.17729087908922,0.13314652568751348,-1.065911438372285,E02002672
2.1971435992577852,-0.39617191249822625,1.677839792600607,E02002673
0.5683987079449917,-0.5010725938838774,1.5690396362734238,E02002674
5.6021151209601445,0.34772556369973606,-0.783386002294409,E02002675
1.0387659967964262,0.3983699437351811,0.9173343729870644,E02002676
2.317982985393496,0.15018376438862346,0.11116576584715658,E02002677
1.9334020887251506,-0.3556195347973989,1.5470484541184075,E02002678
1.0615972524103983,-0.11661524823852014,0.753312066369341,E02002679
4.906902727122191,0.5578043810461939,-1.3824397785645195,E02002680
5.0840814817753675,-0.48032395301991965,0.08051486776634595,E02002681
4.28765391460585,-0.16982592634777025,-0.24978330409224547,E02002682
-0.38898271369541715,-2.1565180480021997,0.25322941836385066,E02002684
0.11644650121651332,-1.5882535180552582,0.5455345248184712,E02002685
3.901786125410053,-0.5658237332399709,-0.8304566818532868,E02002686
2.3338870909484095,-0.49655879173100126,1.2456713877241679,E02002687
3.4786948243828895,-0.08386203108249582,1.0516260118783736,E02002688
-1.0892698645255925,-2.3252700772047645,-1.031631692008644,E02002689
-1.759933048838561,-2.0339313667225203,-1.0123863054251758,E02002691
-2.1071785608361684,-1.2476222954753702,-0.5368479130987558,E02002692
-1.2081157324250733,-2.0383398754215314,-0.8862287307832252,E02002693
-1.5709921176519492,-1.6288605534524672,-0.8128371785638605,E02002694
0.27203621013496704,-1.1669739333592104,0.029416083369787793,E02002695
-2.499380445954276,-1.3547316350892316,-1.0570326650759143,E02002696
-1.9465693988538462,-1.688839913498174,-0.7564500196722633,E02002697
-1.4783614920089312,-1.5521435954930491,-0.5900506163328164,E02002698
-2.1618873543851302,0.2698622720144701,0.3769759543827708,E02002699
1.93115368336548,0.026506467092476563,-0.3794464450343387,E02002700
-2.0103226230456217,-1.820561274397186,-1.055186364455726,E02002701
-1.1212721229571945,0.2418334535984947,0.09562386017561149,E02002702
-2.43458438359876,-0.524537626751735,-0.46366145570504697,E02002703
-1.087676428460043,-2.0984168447569673,-0.4050472827837008,E02002704
-1.5293236764079685,-0.8438694731924833,-0.314043733686296,E02002705
-1.0361652500976641,-0.4127449597501174,0.1989299091832787,E02002706
-2.5724257998260662,-1.0041101445438376,-0.8977609475880547,E02002707
-0.5609568455579682,-0.25531489516666356,0.3233253697180198,E02002708
-1.1691114382794663,-1.7642165955526743,-0.5536147511339102,E02002709
-1.2267931023825152,0.047348020896395684,1.0021057852852229,E02002710
-2.281901669818708,-0.05372386071062011,0.37692846560785126,E02002711
-0.7809346901170807,-1.4802484187795735,0.30915908544117643,E02002712
-0.9135355613232164,-2.2103794424846224,-0.6509193281118529,E02002714
-2.2644898489417016,-0.27445021982865636,-0.07885959273637821,E02002715
-0.7796505544488906,-1.569443703103729,-0.052304232191710376,E02002716
0.22071000210174516,-0.2623957763604273,0.7057682932065035,E02002717
-2.658320625370884,0.09092010298325094,-0.2521379226817614,E02002718
-1.4015657158831545,0.11341233845939201,0.4611711554817238,E02002719
-1.6257195240610007,-1.185706388865076,0.32911312329434633,E02002720
-0.7952654858933138,-1.8790562676605742,-0.9730713810276428,E02002721
1.7182404298716216,-1.882288408369661,-0.9380211991309243,E02002722
0.4432327916933176,-2.1886334987074347,0.012871743461281728,E02002723
2.7454191460867414,-0.7005020225439006,0.5381872159484705,E02002724
-1.016726996926336,-1.556685739794084,-0.4632978619805544,E02002725
1.746455156309522,-1.503719984932557,-0.21193244658940807,E02002726
7.912904124400364,0.27997748002233963,-1.8077218817545502,E02002727
3.7513426107527366,-0.8478164607443278,0.5334400696189475,E02002728
1.4929045008997444,-0.6683317454791401,0.14911625560631675,E02002729
3.3524809267632585,-0.4867472485795715,1.5784789105955095,E02002730
4.642099777124149,-0.20035400959010524,1.248728922515156,E02002731
-1.472113790944254,-1.4223820774138356,-0.25158740378123107,E02002732
1.2327548718395933,-0.2784907608050777,1.2883888434806312,E02002733
1.1075728467439814,-0.867490954988135,1.1346779744039381,E02002734
1.6641376855215373,-0.7120504417981228,1.649335654378964,E02002735
3.9819330229884278,-0.24052698143227702,1.2221606052273266,E02002736
0.6913634553331238,-0.9205664819071057,1.1936206552607316,E02002737
0.7127299974583988,-0.613306381282073,1.2506415105310436,E02002738
1.52481657953993,-0.23012386848323418,1.1742422580812497,E02002739
3.4447037307057093,-0.3272731030104509,0.27649771967340314,E02002740
0.04410790165503382,-0.15795971795214836,0.8957142787919483,E02002741
-0.43512198625211035,-0.30385980836946636,1.2574416262750219,E02002742
1.610832160267893,-0.5481404046330448,0.4654746734456892,E02002743
6.343979527824355,0.25213598730850945,-0.9227942270901318,E02002744
-0.8086932934857431,-1.1993261735115972,0.8695554913957643,E02002745
-0.3085344933401247,-0.38228089201516297,1.0801430935243423,E02002746
-1.1489248059164483,-1.0056983812984848,0.7826214983989094,E02002747
-1.4490904122891775,-1.7196698737517933,-0.3680499928826461,E02002748
0.3904642195070811,-1.1603730631238796,-0.1329147996967746,E02002749
-0.9299662825544484,-1.578107007835391,-0.37254524923267857,E02002750
-0.28330736243569293,-1.5989689594521401,-0.517866151051145,E02002751
-0.5047043237370639,-2.1870668578955845,-0.7956715667577533,E02002752
-0.5141637202717859,-1.7901005239511096,-0.24798529455177362,E02002753
-0.18375929788949133,-1.8766293641352072,-0.7565007850041267,E02002754
1.8331280192606798,-1.1593196738897766,-0.19788411235972114,E02002755
4.237760759730872,-0.2587474709624754,0.2671436034375391,E02002756
-0.2899092583406355,-0.3898389304623448,1.1971573673067673,E02002757
1.7712907334430776,-1.3440945568338678,-0.0878484582307321,E02002758
-0.34265969108194,-1.5686793637991183,-0.7552476989356876,E02002759
0.5742396330486027,-0.14466670616481508,0.09731895586185393,E02002760
-0.9812670839219161,-1.8896010995917565,-0.4225713437789069,E02002761
1.7567767721099852,-0.34130866484178685,0.6030444041287065,E02002762
2.897071150952677,-0.4100725710786752,0.034215274079975135,E02002763
3.968740739148676,-0.1193535547782191,-0.37657926544076487,E02002764
1.7916737039699349,-0.46237421596408684,0.8785419266001052,E02002765
0.11552370126164492,-0.2169644065359289,1.147047080143102,E02002766
-1.1306205172292942,-0.8046085291745624,0.8734459181347699,E02002767
-1.4087546747236626,-1.2517831470730303,-0.725459016989124,E02002768
-1.6520180410601604,-1.630025634674,-0.5593349057893591,E02002769
-1.0454268645554274,-1.6984103293652402,-0.7351043043353672,E02002770
-1.4096395744084151,-1.5747381619134377,-0.6888700672483019,E02002771
-2.1444980254729815,-0.6534013148453344,-0.18357830447583354,E02002772
-1.486252015276909,-0.7008659845045289,0.30296866021375385,E02002773
-1.9631736938241273,-0.6155805700359113,0.5029370481418237,E02002774
0.28791790800648104,-0.2657814904622481,-0.4394633134889742,E02002775
-0.7886955166561417,-0.959010178976614,0.6528029778323036,E02002776
-1.5624536596051006,-0.35775478384873355,-0.12185210782672952,E02002777
-1.8904295404289884,0.44273500291959206,0.423953733850281,E02002778
-1.368064108206074,-0.5898049435730235,-0.08844681640116699,E02002779
1.3255456699695305,0.563836721508656,0.3188411442512045,E02002780
0.13309903605541762,0.5262769674214457,0.5161436247611586,E02002781
-2.570979466088061,-0.49657967485894816,-0.7959370219342278,E02002782
-0.35281319980618436,-0.06413719047448536,0.8625993004983751,E02002783
-0.02871475531030869,1.2189092720258852,-0.38128103444119554,E02002784
-1.403655585246797,-0.8062205221805163,0.7585829533416052,E02002785
0.7443863617660393,0.22104437973045582,0.7122911074343398,E02002786
0.11728206125908229,0.4772944690269546,0.5244420106321216,E02002787
-1.6701484335285295,1.0652077106405373,0.48831956058803705,E02002788
2.141187194152631,0.1902766216668741,-0.11087893918054328,E02002789
-1.1900667117337997,0.8185390960290444,0.47484613565238737,E02002790
-2.655755637611664,-0.7001158992909495,-0.7325155190279404,E02002791
-2.556372119493,1.0590585305753848,0.04325126629209659,E02002792
-0.5040987139314739,-0.14788628557115663,0.6366578312954015,E02002793
-1.7624009843236765,-1.3471752237356849,-0.3397327960539744,E02002794
-2.5744515679994193,-0.18170470666044372,-0.23387869298490202,E02002795
-2.080424086343618,0.36206102722379846,0.4711726116381679,E02002796
-1.7818338336445443,0.10166476640616084,0.8951757318840787,E02002797
-1.883760695597275,0.44915279136168457,1.1093755243041659,E02002798
1.832287573096814,-0.5265039531756998,0.3307311979997009,E02002799
-1.671233674716559,0.9304294704333986,-0.08290434282265753,E02002800
0.8703006523871275,-0.48704568176652263,1.1286285016047495,E02002801
3.9874928902517417,-0.14305469862417744,-0.6952595765382455,E02002802
1.0837505962162741,0.608812955539111,-0.22630878283103917,E02002803
1.8540251034015394,-0.2937957216492298,0.25799534327535356,E02002804
-1.122106213383983,-0.38613163400262107,1.1368375279178666,E02002805
1.2037437931851158,0.6832231913589174,0.48161962494688454,E02002806
1.1788715973275399,-0.5847024423566852,0.759202286105674,E02002807
2.119237927117814,0.433466245696016,0.04800265959059503,E02002808
0.7965538721369171,-0.8247926312575921,0.18672136097927663,E02002809
-1.5305695059808269,0.09210671063823127,0.92232421659789,E02002810
3.9896216123235932,0.2996648710763724,0.6202466572714218,E02002811
-0.335445314430525,0.39022639812267423,0.2078463784114925,E02002812
4.900805938538236,0.22089477433052876,-0.13499287185723843,E02002813
-1.465530458729207,0.3256615097481033,0.8220888127022161,E02002814
2.8942409655409613,0.0063617341641096095,1.1812624736470287,E02002815
-1.5426503385703931,0.7934092252374529,0.2483222380760599,E02002816
-0.7885597749181071,0.029678185433540068,1.048285988051181,E02002817
3.4395858952088454,0.2103780323484763,-0.009337293464676225,E02002818
0.6145700747437485,-0.48856535919271366,0.23029394274834908,E02002819
2.251359583165592,-0.08694695169037414,0.6571418265857105,E02002820
4.382031311653847,0.023403720793508304,-0.5578938353149803,E02002821
0.5443131203389302,-0.07582788937784178,0.6274806779435519,E02002822
1.6813563197635062,-0.4070358406317209,0.5522207484658044,E02002823
2.5989104336942797,-0.5002619939552357,-0.3888062755371011,E02002824
-0.3473650187281633,0.13783819621610316,0.5017944706562587,E02002825
-0.657447082254231,0.42541472293203764,0.2632999998947473,E02002826
1.4220085972261172,-0.3486404157847761,-0.41176674863975615,E02002827
0.24211775420529422,-0.8244580661220836,1.1341494265859746,E02002828
4.341921125392547,-0.1283269136756541,-0.5986503294539467,E02002829
3.0952149995289746,0.30975388003421267,-0.9849423042110681,E02002830
1.3938003101874668,-0.5605078790198826,1.4423724412362255,E02002831
2.49719933281319,-0.331300225527286,0.810153205562382,E02002832
2.497013809256175,-0.07041482048892149,0.9399359143034979,E02002833
-0.007600687738850229,-0.4037884325989492,1.1031605835958163,E02002834
0.18281658323787703,-0.031311917731438446,0.7434292260251041,E02002835
2.691381085731365,-0.30623035996459597,0.9092112915104146,E02002836
4.373088043994476,0.04062969786963664,-0.0599596169927761,E02002837
4.9247456366765565,0.11654958808106827,-0.9387456776472491,E02002838
1.4879956188655443,-0.15123702035483633,0.6669182452544493,E02002839
2.071872610475927,0.20151221769597522,1.0554789962475084,E02002842
3.3129815727016356,-0.22726771983835106,1.2361206500275046,E02002843
5.611536303058295,0.6049046699384562,-0.7938087773797124,E02002844
2.921172858704078,0.07039918793327345,-0.03625481167739473,E02002845
-0.6877984630818827,0.0193640540226428,0.8131117761049742,E02002846
1.5692114429891402,-0.5407730358437055,1.739126002801845,E02002847
3.764513021469945,0.2846083343791322,1.2034358346686382,E02002848
1.117369539645844,0.498096628224669,1.0083287066305555,E02002849
-0.20737447299391362,-0.23347229841028785,0.8419242352209954,E02002851
6.036916641145183,0.2958912916255059,-1.754699133106175,E02002852
1.2164567031117184,0.33709856656371806,1.1675718143093199,E02002853
3.495288542931808,0.07437128913225813,-0.18853433070589926,E02002854
-0.12390851857937225,0.3747455924007303,0.9125245022538707,E02002855
-1.4127720578566552,1.0740267673274173,0.5264069917067853,E02002856
0.9016483533200399,0.013908280099961161,0.7561765775950406,E02002857
-2.3673352606732077,1.3009021821694973,0.38917938553058884,E02002858
0.7381798586867957,-0.3782127028933977,0.5332719329797305,E02002860
5.4358478418212774,0.30047273202728547,-1.159315740076861,E02002861
3.8314219393725457,-0.029066201616042283,-0.17292011723575865,E02002862
-1.871516341718589,-1.6483625123973558,-1.0331867011349998,E02002863
-1.1928695239069524,-1.4080221853227584,-0.5149904717120928,E02002864
-1.1918857673950538,-0.05177557924976447,0.2276274629669309,E02002865
-2.013970286648307,-1.1899602535890965,-0.9573306171987812,E02002866
-1.810904204268227,-1.3244571369333429,-1.0907524008222087,E02002867
0.8602216715225193,-0.38157141608142753,0.9352226630750962,E02002868
4.501123224120351,-0.1945836717320662,-0.6275008544306272,E02002869
1.8252157554976467,-0.3795232637451163,0.8370026600462527,E02002871
3.987620311688601,-0.000817889428546981,-0.46751207274642287,E02002872
3.1863717528066333,0.3665829113468132,-0.16328880786694402,E02002873
1.516563589864013,0.5098940522954858,1.290431474706382e-05,E02002874
2.681533350079981,0.4406638728733372,-0.08660665151740266,E02002875
1.8301533894998925,-0.006495443249897395,0.2416134079286108,E02002876
-0.6236968937206694,1.1056988297469277,0.3799664163988939,E02002877
6.07985080225445,0.3928089332882719,-1.0015537446936968,E02002878
0.481426959409445,0.7859929602113969,0.49861928192650545,E02002879
4.874825678834116,0.3501713256921922,-0.3176558527406773,E02002880
4.299432835672411,-0.09436752420233581,-0.6757804605542822,E02002881
-0.2269339004337014,1.413288947619955,-0.05747418183044657,E02002882
2.2776563006863775,0.5550974200621641,-0.14046209926932415,E02002883
1.9541009004646503,0.7792477086585085,0.6966527283143464,E02002884
4.128259829669466,0.47218472611305984,0.27865757226041593,E02002885
1.606612757435056,-0.2040902653487726,0.5026042385018862,E02002886
3.3895322216434436,0.06501507715801358,-0.6345379571880864,E02002887
4.950160208962396,0.5841688602975401,-0.8518941940657552,E02002888
3.735925523350357,-0.005184073042525981,-0.2303801162762504,E02002889
3.7248491886792054,0.5633391323060969,-0.32000154323738506,E02002890
1.5543178391207182,-0.39675008422041486,0.6523371951093501,E02002891
3.0590997915129416,0.1034903741549947,-0.3295160529883549,E02002892
2.9755873688080112,0.5103001542858153,0.1492048378762264,E02002893
-1.493880546400367,0.6590086089417017,0.25180661061684806,E02002894
-0.955597409910373,1.3001034128792295,0.4815947069349125,E02002895
3.247034284407912,0.4051195573324495,-0.520197433739262,E02002896
-1.0027333564261867,0.6737148879892564,0.2558068721866633,E02002897
0.9901217782828818,-0.3023983468067817,0.10614271543953917,E02002898
0.9693318339285225,0.011398216598838629,0.16098051329021823,E02002899
-0.09423563661903239,-0.053825613199474466,0.614659871553124,E02002901
2.3706731873743796,-0.5736980919689362,0.26748661609373175,E02002902
2.6509642474798425,-0.4674618530796746,-0.1450004795288052,E02002903
2.51691278134401,-0.5042155585138531,0.6763879363526601,E02002904
-1.8431412664439797,-2.039173589864506,-1.2330894039263633,E02002905
0.9648252593584854,-1.2696101180913875,0.21263538241644586,E02002906
0.5599458426262975,-1.6609822819425044,-0.5243761820317567,E02002907
-1.5381646048216013,-1.9398194546097403,-1.1429625604116735,E02002908
-0.886700682439764,-1.9817321301096367,-1.1087082513173536,E02002909
-0.9418186619731663,-2.158866850756479,-1.1548446458304158,E02002910
-1.3081663724477601,-1.629808285959477,-1.0408952542343473,E02002911
-1.575204977346908,-1.3645480822076919,-0.5294148586453863,E02002912
-1.8846136997331868,-0.7819852860678886,-1.4803824601690379,E02002913
-0.14246703434771613,-0.8584779542765321,0.7501162193720059,E02002914
-1.139236690619335,-0.9660000076338598,0.07246420365446306,E02002915
0.9998068984536536,-0.15595515009317992,0.26530178987002345,E02002916
-0.4107535411433028,-0.5825979884712993,1.0287745607829828,E02002917
-1.0040720190007844,-0.15660680424409396,1.005181534350768,E02002918
1.376747073773626,-0.41369282965789766,0.34532783314737164,E02002919
-0.9867801019570976,-1.6428550507794537,-0.21467854369078193,E02002920
3.436115680481809,-0.08127611562014853,-0.3597971377647398,E02002921
-1.856579196176667,-1.5597587115243983,-1.3069533573645753,E02002922
-0.8390875612283282,-1.2727730446218504,-0.5006615315375846,E02002923
-1.6264742262621674,-2.212095392033926,-1.3305697104849732,E02002924
-1.2461658393566393,-1.9663538128711322,-0.9982445585891736,E02002925
0.040934304574018934,-0.6630498684777907,0.24587209825220366,E02002926
-1.7266561834976277,-1.5547867749666433,-1.0130237175038275,E02002927
-0.8232721068081567,0.09136574195942593,0.5753530545489091,E02002928
-1.8923916114007329,-1.6147863794491475,-0.8370467094853274,E02002929
-0.5197353908964395,-0.253544799439563,0.8084927466851924,E02002930
-1.6774111753044558,-0.9702100818105376,-0.2497653337893204,E02002931
2.20471393064767,-0.40636036515296176,-0.12833223242851213,E02002932
-0.4093227261223233,-0.17256769337487818,0.8893621838346456,E02002933
-0.1416169303930481,-0.17675137822284423,0.2888048172393292,E02002934
0.9529288213700086,-0.8914808575957198,0.977882549731291,E02002935
1.5146982337327781,-0.8276671222673778,0.02084705492101832,E02002936
-1.6850158717206452,-1.2432352907626074,-0.7634919240947409,E02002937
1.6971352039864966,-0.19026051301075234,0.1339300851542173,E02002938
0.5819831166855078,0.047332571788103794,0.21283407134983112,E02002939
0.917269420255606,-0.3499124827938738,0.5780667853333803,E02002940
1.2050815144838158,-0.5940861754866871,0.2665510505197706,E02002941
-2.0101576654380713,0.3302710155147768,0.2849689784577568,E02002942
-0.3925981543848962,-0.42823968418812236,0.12260248990307669,E02002943
3.7415811748024206,-0.30163215756795914,-0.5670551159336589,E02002944
1.436131407902233,-0.5997888120934838,0.025326279457331284,E02002945
0.8362857314106231,-0.4077254992507852,0.4802058802163758,E02002946
2.498635299747202,-0.17756414986298302,0.5519346595676177,E02002947
4.0743830936481125,-0.245699640140338,0.2770280982772676,E02002948
1.2532369817582252,-0.3755209768854834,0.0017899835783988097,E02002949
2.7955306966984437,-0.842402706134253,-0.10219225475798065,E02002950
0.6584915160088537,-0.9203301317631165,0.698386790554775,E02002951
1.8607961947816718,-0.8118680243038799,0.14399830009498302,E02002952
2.9655223314675996,-0.2566316689593609,0.032511888172158006,E02002953
2.355661387530073,-0.8608722425791744,-0.09174013700404257,E02002954
2.917839010952015,-0.6179313495255282,0.5194659782068735,E02002955
2.4565625832331315,-0.3898142951803576,0.5284256759081419,E02002956
-0.5521416741745097,-0.6204026937607168,1.2310015732997341,E02002957
1.6879243899340854,-0.36840659529280273,0.6284709058507768,E02002958
3.308310313489607,-0.5149524158437401,0.11638847566136004,E02002959
0.8499014684293285,-0.49839716936999845,1.0248150434108008,E02002960
3.1880738666343644,-0.5223944698100403,0.21739565463934682,E02002961
4.323656334922198,-0.18703192138827157,-1.048076065575819,E02002962
2.7706054040304573,-0.0810769953022899,0.6469852347999995,E02002963
1.6448360101787587,-0.8339920511995513,0.5433971667141688,E02002964
3.1678063828134637,-0.5493064652727061,-0.17774098128739677,E02002965
1.6828922611756416,-0.44056815214493356,0.15658413639089702,E02002966
5.283527075943313,0.008788709680547254,-1.404008370089001,E02002967
-0.11156079516378112,0.2851340884155725,0.47614550296240465,E02002968
1.6498508343114795,0.14407175417147208,0.4369444709101009,E02002969
2.165008907975909,-0.5705048111945095,0.35107157922531235,E02002970
1.2132014276846013,-0.8964353311604715,1.2574405648185172,E02002971
2.8027431904847844,-0.3790127478664914,-0.03596150784943383,E02002972
1.4174446772896052,-0.19241671236768426,-0.04395047826496226,E02002973
0.7019812189058566,-0.8628970375477159,1.0522313521162419,E02002974
-0.37914898418997356,-0.7085361317839761,1.7007650400936247,E02002975
1.6631819065890567,-0.7369608772309985,0.4897522418112803,E02002976
2.026212452497187,-0.5073163925552021,0.3404570408424225,E02002977
3.900961004237741,-0.1578294324239387,-0.12370188543505509,E02002978
2.543262793550535,-0.49606236094161343,1.187081056709054,E02002979
-0.3953487430777168,-0.4096633002033791,0.5762374543249942,E02002980
2.0014702909235633,-0.18372938800525315,-0.2083248193041389,E02002981
3.660410955357072,-0.0276717947502134,-1.0546897837930278,E02002982
-1.1133099938327264,-0.18418915979385045,1.0294839170774794,E02002983
-1.8471891437488037,-0.07421113769913752,0.8248031110182311,E02002984
-0.13292845669491668,-0.5788209109241473,0.029774652251721347,E02002985
0.41443878579741783,-0.24835395438430974,0.22205112969176355,E02002986
-1.6598989441002228,-0.19749279762174463,0.42844090204318336,E02002987
-1.7071008315237413,1.0541491660646733,0.12084078566757722,E02002988
-1.2277739585653942,0.6479039901591722,0.13266276380186243,E02002989
-1.6845754125691081,1.9083527903487651,0.10797042297114949,E02002990
-1.464031115764256,1.5668791334828445,-0.5652058792056694,E02002991
-1.9034588839120292,1.2915134489613613,-0.11560986498504802,E02002992
-1.1111962351855478,1.3577537195362288,-0.1753265400366737,E02002993
-2.6428897772829325,-0.3166081504422853,-1.1902024211390887,E02002994
3.0091322185739644,0.18002611943766836,-0.7599361475940722,E02002995
-2.0557857804764983,0.3251849393935805,0.40869045718031877,E02002996
-0.916234757184847,0.21346816601471716,1.3320092358359579,E02002997
-0.20557134642935365,0.3473116916338513,0.6750634877187799,E02002998
0.4477681147602339,-0.02668315686312413,0.5234779052533727,E02002999
-1.8793352204234992,-0.7813399626942004,-0.6684097305032488,E02003000
-2.5804419495172337,1.4206135353043865,-0.02143238135767099,E02003001
-0.4020064867778466,0.7206362409011542,-0.5762599309721493,E02003002
-0.3954477893314729,0.37589361339630784,0.5346251910415409,E02003003
-1.527425455271702,-1.3069932773104447,-0.39384350366469295,E02003004
-2.543224606476355,-0.8583709194810389,-1.1037126036737863,E02003005
-1.4036801640425143,-1.1256850755761147,-0.3686035098084171,E02003006
-0.954628519933791,-1.0168815055777967,0.23979280255929547,E02003007
0.26926160040480024,-0.6665899913549486,-0.08008630613319881,E02003008
-0.9543633014610293,-0.685675392391322,1.0842901657358415,E02003009
-0.234362957134583,-0.8831631442941729,1.1736757911360043,E02003010
-0.3039530815979121,-0.7601867729545585,0.9689657015983713,E02003011
1.6199357231648595,0.18182561499429603,-0.27958703749506836,E02003012
2.225125072726965,0.16469381821219764,-0.10106868013238232,E02003013
3.4853360780640608,-0.5911668709247678,-1.5887207379874015,E02003014
0.3340102004548341,0.7133789087283944,-0.08622926913225896,E02003015
1.0439552516368584,1.0272407562487438,-0.13732137418991666,E02003016
-2.090030128053854,1.737366795925466,-0.0960751299258679,E02003017
0.532572049415944,0.34667523599175465,-0.400635580903737,E02003018
0.7889507511654428,-0.7163999507319291,0.07973578676303275,E02003019
-2.9507081675429143,1.5827258761868588,-0.12780040000490597,E02003020
-1.5325223973430109,1.3004742703569818,0.6202980404710452,E02003021
-3.334432941901129,2.0549442220864758,0.21052401731613615,E02003022
-0.29387763654834254,0.28440189958732176,0.06311521329536343,E02003023
0.9975509786776341,0.07891384073449376,0.5670610007509368,E02003024
1.5849367627669413,-0.12399875819870101,-0.18776626293188164,E02003025
-2.4581552630748917,0.8804166571859267,0.24178915849916222,E02003026
-2.47760985754172,2.1005087270430622,0.4140764503729143,E02003027
-2.8125204132143793,2.4111530311806337,0.042149148350691897,E02003028
1.890252211271675,0.11048500814217065,0.4513724178411289,E02003029
0.2331839290368675,0.5590124450823746,0.5288677468281242,E02003030
-2.428534169328963,2.3984164948763818,0.23548452716863635,E02003031
0.393186571182439,0.008842766992980164,0.7987938955399128,E02003032
-2.2613351225019254,2.1644490516077384,0.6155186613704232,E02003033
1.5715020291996822,2.0977630118153456,-0.7258055042893249,E02003034
-0.8147325666393288,2.1071326751113504,0.07753686603867922,E02003036
-2.894987945444067,2.609803196420789,0.36763144401480324,E02003037
0.6275141231861888,0.0004898796639175675,1.1851302313439465,E02003038
1.2369810657740752,0.24747964305392467,0.7641990317015839,E02003039
0.28571127515057054,0.7045737304637643,0.8001511102117728,E02003040
-3.291875953935918,2.5955656363744044,-0.105608050590553,E02003041
-0.9724011347856603,1.2240026872959524,0.047984780667545024,E02003043
-0.5089391385444832,-0.2260680043236116,1.3426815939019736,E02003044
-1.7071945572114793,2.1882742011609517,0.16121364398406263,E02003045
-0.2950244258035397,0.400761668065127,0.7682398135147824,E02003046
-1.3300855162088583,1.7219129012151213,-0.11626580615309311,E02003047
-0.9450909251510119,1.9246746561523913,0.052705444923068896,E02003048
0.5300924660394379,-0.3404271800497876,0.46059044233282564,E02003049
0.1317278367248126,1.167505971974362,0.0370687473656159,E02003050
-0.21271247991025824,1.5002078573818523,-0.016635452665097424,E02003051
-0.882103045284373,0.566880918649863,0.5864541930628211,E02003052
-0.5948028444409265,0.6939866310914551,0.7510452418430023,E02003053
-0.33304387539951524,0.03374210495349166,0.5042564594988098,E02003054
3.2162398168378177,0.1595156434456003,-0.10047154457937918,E02003055
3.7533108283587153,-0.07713216731932337,-0.35653213580474863,E02003056
0.37903717205785964,-0.7693632640087412,0.9683949701050094,E02003057
1.1654751717343128,-0.5957532683767908,0.7500019072953364,E02003058
1.6172791084945148,-0.4330138850863723,0.5721239986834042,E02003059
0.9469052792413032,-0.500867189814801,0.7653839465718335,E02003060
3.2345856754546554,-0.004029194824210178,-0.2110649489097913,E02003061
4.357719921003779,-0.038427893822943864,-0.4746276860071002,E02003062
-0.37806751442615305,-0.6831814328307916,1.6503383403863525,E02003063
5.562663440595059,0.10687000701655722,-1.3864887720786827,E02003064
-1.339322026241512,0.6919742838818275,0.3601472779362971,E02003065
-2.3502155439803953,0.5131079262224422,0.6188808915581513,E02003066
-1.5709520668464532,0.15994142574267023,0.5766023883044863,E02003067
-1.5552219598743011,-0.44517633779053495,-0.5395769960829687,E02003068
-2.343361084225244,-0.018621049538548658,0.18595325721338019,E02003069
-2.609483523096549,-0.2598388214408935,-0.8389604581228062,E02003070
-0.3313212014043133,0.11778611377533156,0.6990885804170084,E02003071
-1.091949440455862,-0.7158154816472928,0.4290886985638646,E02003072
-2.214628080892955,0.4998236798302957,0.6968443419624296,E02003073
-1.17257796675447,-0.5337469449815421,1.0419528264967537,E02003074
-2.679473247128917,-0.3576918806231566,-0.688498739155703,E02003075
-1.7798642019251496,-0.8055252438740811,-0.38424656812638386,E02003076
-2.1074762388308277,-1.028248394860334,-0.7181437067266707,E02003077
-1.616365403630038,-1.06708245693036,-0.46965863414995024,E02003078
-0.6164712166894291,-0.1634582848764323,1.4068158958667665,E02003079
0.5104399933709796,-0.6070265996028057,1.2788323670664479,E02003080
-0.6134918641619569,-0.3687534149367254,1.2476570890581193,E02003081
0.20832039858808962,-0.2289388309386626,0.9208125975247802,E02003082
2.1562513467995696,-0.2419752510974692,0.9264559758154253,E02003084
3.905341191868252,0.12979896989350487,-0.7759889239770006,E02003085
0.2980102187143797,-0.14966110826556048,0.8716647026016566,E02003086
-1.2382772188176256,-1.2882005036456854,0.044700209391140264,E02003087
-2.135759982927615,-0.7032549375995499,-0.5124492979191172,E02003088
0.641861166135542,-0.47669467399401005,0.38965131526656843,E02003089
-1.994404896586616,-0.5775076343489273,-0.2967114075339956,E02003090
-1.2464368742762246,-0.4664252788619535,-0.39335354681159956,E02003091
-1.9712537638654972,-0.9768453314613004,-0.7220544585056498,E02003092
-2.7158082076636623,-0.8107773506391482,-1.0124585023820383,E02003093
-1.6418614785487131,-1.0090584919652825,-0.46923129061301566,E02003094
-1.453533144031444,-0.5432983888382905,0.7901701492784766,E02003095
-0.18485322332644752,-0.1804769590756321,1.2697366763085287,E02003096
-1.4100222446050723,-0.3152854396478092,0.40976658852844877,E02003097
-2.3399747176090733,0.8125868408906833,0.8091970310142248,E02003098
-0.15496809469599848,-0.7762143264839207,1.431515665375044,E02003099
0.33575389794890514,-0.5566773561981238,0.6557503118227687,E02003100
-1.883286503820371,1.180290521818921,0.7125179639100352,E02003101
-1.692797502168663,-0.36961926531682127,0.12107485352702399,E02003102
-0.37853348568168105,-0.6062794451760373,1.7980700595919377,E02003103
-0.7485748281533225,0.1592218411868073,0.8800557666799644,E02003104
-1.3015424621677107,-0.43825472568774343,0.132161622418325,E02003105
-1.9392012532540017,0.028745335073092078,0.158884438730043,E02003106
-0.19070751894548404,-0.1825768618444933,0.6267828064589063,E02003107
-1.226570471196036,-1.1152845245077234,-0.15423792165677408,E02003108
-1.7396016212249699,0.2293128367618915,1.1735814769134014,E02003109
-2.4043560208808668,0.6685529938717617,0.7627048979332972,E02003110
-1.3706275656420852,0.4766593270315085,0.8388919603001519,E02003111
0.6938772855212899,0.13760995918675448,0.49308380664805795,E02003112
-2.0775486184843333,-1.1705414799057021,-1.2804140580000225,E02003113
0.11292713103483829,-0.17002168774512286,1.1130287925029887,E02003114
0.1888600006548949,-0.08237932501746946,1.19267026887468,E02003115
1.3031369864134787,-0.2840324742025343,0.7394457032690025,E02003116
0.24292439928106432,-0.2585256655531843,1.187338603242239,E02003117
-0.7226772709719003,-0.3101789288495216,0.9961625019483347,E02003118
0.13882127158944133,-0.29914459990691955,0.5063421452192074,E02003119
-0.7378245617867404,-0.5345936225450333,1.1143335770303406,E02003120
-1.4534659177383833,-0.5163985542538706,1.1793101938126316,E02003121
-1.2031541544525273,-0.2906430943995253,0.8299018090387225,E02003122
1.5408818704191722,-0.2717149948037832,0.0881822506619221,E02003123
1.7999412117348945,-0.28310227006990657,0.0583938623305981,E02003124
2.0028958362407763,-0.4368255130762867,-0.23457175671646785,E02003125
0.49500841468553786,-0.7679379575431714,0.21525323862186416,E02003126
2.3770289526575183,-0.327830523956096,0.24578229782622024,E02003127
1.9782364011542444,-0.009513128382319129,0.04301807088175423,E02003128
-0.20990851376169078,-0.020352668972242575,0.48984201948239486,E02003129
2.2073122470244173,-0.1599808488046429,0.5406166332031874,E02003130
1.0824795566398777,-0.5251668555568937,0.4462823859630467,E02003131
0.35691476679856954,-0.1232286385402473,0.7980229073868877,E02003132
0.2413360427638941,-0.3105466289795733,1.0058320499686362,E02003133
3.086413344897322,-0.03758987739200754,-0.34780356559767517,E02003134
2.6100886528235874,-0.053423666687105006,-0.34325047597983555,E02003135
-0.8446419423262773,-0.6602931958324172,1.018003275589193,E02003136
-1.6554693864408627,0.6714830842302996,0.7623667182380743,E02003137
-1.5504058562796226,0.7871404022471071,1.0092078687023387,E02003138
-1.1699400918003664,-0.04389911707450515,1.4291490429536546,E02003139
-1.146861979462273,-0.5062485320592823,1.0914061475940402,E02003140
1.044382240603512,0.4893380016417763,1.1826100409896805,E02003141
1.726000833545136,-0.11821941987995288,0.31073231990669425,E02003142
-0.18318861507460263,-0.15310676222690495,0.9204131786793588,E02003143
-0.08252062882387205,0.31048113159978963,1.6590811255757896,E02003144
0.3296437822073995,0.40629042815397987,0.8080873235721112,E02003145
-0.024328560846270764,0.5442809520865686,1.4581985352237419,E02003146
4.689431373115094,0.5128232068840377,-1.2967532330424885,E02003147
2.3821994152962733,0.4448404677313047,-0.003818436807005692,E02003148
1.4808236954300666,0.016916553282046526,0.6879564091175119,E02003149
2.5817145820517644,0.7533674951971122,-0.29849613557130306,E02003150
-1.1636396799419102,-0.5339489697536292,0.8276405378972221,E02003151
-0.8042737576063952,-0.629883966952744,0.6412696170083846,E02003152
-0.816467656425067,-0.36378751628836586,1.272563203988576,E02003153
2.137998150885959,-0.330494312311734,0.46400696529830265,E02003154
0.2618861257337997,-0.8444701958077485,0.7867269566167234,E02003155
-0.34432960276593855,-0.37062399923835637,0.7923696827438749,E02003156
2.213269483156398,-0.08368059241105194,0.5402067621251156,E02003157
0.7946013705201146,-0.28499641624557,1.2239539618987816,E02003158
1.1961185631700415,-0.21706871406626255,1.6187915013218852,E02003159
2.8085597937361335,-0.14003580868021587,0.8370130403316325,E02003161
-0.04369428776673048,-0.23801398606968138,0.6816927138882352,E02003163
-0.30003771493436615,-0.5549995262798416,1.3793565996415356,E02003164
0.2669229824854575,-0.47462540334805353,1.6044310458476478,E02003165
1.4136426554494619,-1.031241275426276,0.0896574752933465,E02003166
2.3639619887070733,-0.5267819806729882,1.245130633226047,E02003167
0.07450335731554483,-0.826612523297933,1.1325796746110874,E02003168
-0.8073468967962939,-1.067201273302577,0.5599510568566038,E02003169
0.4753659825361328,-0.46592135851699606,1.029490670765791,E02003170
0.6027301854452862,-0.613016701415746,0.955688446926751,E02003171
1.2318855876182155,-0.7170320591652606,0.5823425517722266,E02003172
1.0383997430406002,-0.6554542744818107,0.67948216938853,E02003173
-0.5053970687906644,-0.49004585979723836,1.3827655302332624,E02003174
-0.609766777004079,-0.3431625096394367,1.0191425793799322,E02003175
3.021879637976068,-0.15091346094803929,-0.5122913228330218,E02003176
-1.0183017186739443,0.023321594140462285,1.5014612057082681,E02003177
0.6165325837417486,-0.46520824825117246,1.0283840054040212,E02003178
1.5206685738566856,-0.066879550011874,-0.2910940042942723,E02003179
0.31347391864357427,-0.015374696308619625,1.3719882643605485,E02003180
-1.1073039364756758,0.3977921872138176,1.077386482461339,E02003181
-1.8323071248844374,0.23317764251704218,0.6419745986837909,E02003182
-1.1902429788955833,0.07685885204573592,0.7451402692467318,E02003183
-0.572867877973196,0.2722411649186559,1.333904356121612,E02003184
-0.24999723882384076,0.32041723454496346,0.8732291017408824,E02003185
0.4641650736331826,0.1551969966078408,0.9466397447926402,E02003186
0.19701424057345293,0.29293858120407695,1.052019961221937,E02003187
0.10225134368434642,0.6056037087257699,0.5332233907449098,E02003188
-0.5737828305469452,0.494529783159626,0.9817533306833122,E02003189
1.6919434419334045,0.48944913803628204,1.0823902533455478,E02003190
-1.221384518369597,0.006383908063225963,0.6659505985822698,E02003191
0.5032363931436679,0.4885986964418255,0.7093458108495188,E02003192
-2.107968025305542,-0.719286671846658,0.1385820280152447,E02003194
-0.15549963084837964,-0.49138371463811287,0.5760174422274791,E02003195
-2.1090194194435012,0.03380754726848984,0.6970156858548456,E02003196
-0.3857537533982832,-0.2753438650857122,0.48158017937804337,E02003197
-0.11092264103756602,-0.6075733219307449,1.319427577760055,E02003198
-0.23234362075428167,-0.6097626796456597,0.9220514928641257,E02003199
1.1968136494966692,-0.4618909420699557,0.7272083464848108,E02003200
0.8393637559481779,-0.2908336219960748,0.8578007174023489,E02003201
-0.6792081965168418,0.15645779056781092,0.37029236519853614,E02003202
-0.37045609494934567,-0.03221615646431089,1.3375973825264764,E02003203
-0.29559002142473073,-0.06735846865120258,0.8247550263794614,E02003204
-0.5390864341064232,-0.4181574237553848,1.2986404122132642,E02003205
-1.7644719175453267,0.9076721367501064,0.6259574491602885,E02003206
0.9674824220136096,-0.4455515106814082,0.2934750043661564,E02003207
0.4969964227433501,0.20560718865957725,0.34230641058175104,E02003208
0.45883844326687,-0.4015404652352921,0.6394048276493395,E02003209
-1.8914714409546474,0.6214636740284327,0.6234142827208657,E02003210
-1.7858627975547527,0.08190350908119323,0.6048229906200494,E02003211
-1.049443023932619,-1.045594802608328,-0.4645166274460725,E02003212
4.700449652673679,0.24268970229195455,-1.0430768552129728,E02003214
-0.5044020308719083,-0.2680732780878958,1.3888441079852907,E02003215
0.35284428045787786,-0.5163278104059985,0.7752181824044536,E02003216
1.6547658598953832,-0.08187477917781416,0.43496811823989323,E02003217
2.7591485198078796,-0.06688797852037201,-0.0627582400251422,E02003218
-2.3821238579087844,-1.0198184446810634,-1.1852870998707423,E02003219
-0.6201507487513062,-0.7522564031305844,1.003766061380865,E02003220
1.3876317252991754,-0.5056065766713798,0.7250840503400916,E02003221
-1.4277836971266706,0.49656515575845045,0.7683768164865972,E02003222
-0.4182795534372073,-0.45318525891039296,0.910775061996855,E02003223
-0.6960735148510308,-0.4139858603956026,1.555532439777499,E02003224
-1.283328348154486,-0.11536734193155765,0.9019119975107037,E02003225
1.799404519155761,0.12817836569238494,1.0119549752515358,E02003226
4.179935987215552,0.3515786677743633,-0.8748251571487743,E02003227
-0.5636079729405267,-0.18596558095048507,1.1354923306103508,E02003228
-1.1461730279917433,0.2569649081445097,0.7704228880723405,E02003229
-0.7781740236631716,1.0975479167259925,0.8662209587239075,E02003230
3.44678380516075,0.02107786594027992,-0.13621073097944228,E02003231
-1.618639398033451,0.8273850896118917,0.6175948284868837,E02003232
1.3467959734127892,-0.0014022921213388683,0.04049898159340287,E02003233
0.5842494357441219,-0.28642838424745554,0.46925373654973035,E02003234
-1.8048097599107973,0.36425540784948757,0.05374870193512689,E02003235
-1.134840911822531,-0.9284850939044097,-0.6415238159675005,E02003236
-1.7103707079295485,-0.9981846387977775,-0.2371547479662789,E02003237
-0.1476892978929058,0.13643121299940558,0.46480356936246175,E02003238
-1.3913876008584123,-1.5094798486757033,-0.037570761343937865,E02003239
-2.4363990384327887,-0.6650327940624027,-1.1557357012845861,E02003240
-0.7832071269211596,-1.8440669965941692,-0.9673030898461059,E02003241
0.15074412363773904,-0.4105717310558553,0.7914594049022013,E02003242
3.503835167785954,-0.036795416546206085,-0.7983878769942847,E02003243
2.754853354031313,-0.015830925474860407,-0.08897544809992283,E02003244
3.4878537231289335,0.15633530337868004,-0.4795673319320732,E02003245
2.4689665444967854,-0.4455819882567907,0.7034800572132391,E02003246
1.9693651126296676,0.1451551223514227,0.06339196399097034,E02003247
0.8401279076557809,-0.2977070555717066,1.2949473809912038,E02003248
1.6337760042672842,-0.5737449091339574,-0.2909340139003119,E02003249
1.6798884028217909,0.053399853678449724,0.6678954798736787,E02003250
-1.722248535030101,0.17672449124745626,0.2536349311806618,E02003251
0.07291753656701656,0.4472951557353908,0.5667623637025002,E02003252
0.7002735458757208,-0.009534678681546015,0.4045624480576789,E02003253
-1.8983216372233223,-0.6946856320683822,-0.5376495700797764,E02003254
0.3080018687594984,-0.9914869453078512,0.2612954699339579,E02003255
3.147181789574882,0.04462555955793487,-0.28750701802978945,E02003257
-1.3891640235344733,0.3831335607979458,1.0502674009462356,E02003258
0.5207082522514638,-0.23163505502522674,0.8178652710108693,E02003259
3.3558473682374013,0.6861491549515532,-0.33425819712012694,E02003260
-0.030691566161025786,0.19159850417145596,0.8336248702818858,E02003261
1.8842300152283604,0.41019240331113804,0.06806791346965563,E02003262
0.5606158195011031,0.045851887366221145,1.1428045122113024,E02003263
-1.6295192859509469,0.6350585825159752,0.9447313267003338,E02003264
-0.4684112598903832,-0.2340037839366614,0.8963002343805606,E02003265
2.2222507225528765,0.317717001486341,0.011792142815546438,E02003266
1.0308809316811172,0.14846289136034782,1.4812776021223213,E02003267
0.9204362420375783,0.22853891638032336,1.0066713058608918,E02003268
-0.27067476688833314,0.16385035926419322,0.977243608514377,E02003269
-0.12020760569386595,0.22595900509180147,0.9893548792104849,E02003270
-0.8875395923611725,-0.20248928826970317,0.6258160809790327,E02003271
2.1595461067646826,-0.11846884891210231,1.3137923349981544,E02003272
1.2480657937867525,0.09893667548408781,0.3894488704100679,E02003273
2.63296745348583,0.32261926948222197,1.0698692107016912,E02003274
1.3562577802880085,0.7459658801758828,0.2464430001304289,E02003275
1.7199044896689297,-0.02175503453489908,0.9743904004359487,E02003276
2.122933421125453,0.20095760341828636,-0.07397549452014382,E02003277
0.6593778685092017,0.46353731481519345,0.389522000823135,E02003278
-0.4778819139156288,-0.5148851748775407,1.563144716476638,E02003279
0.495898484775935,-0.4225061869326177,0.9238839086313227,E02003280
-0.14243377101439486,-0.28281461005634007,1.0203713905888891,E02003281
-0.09994902889399251,0.05699947305599696,0.9141242658128531,E02003282
0.5390507984826166,0.176933520458731,0.6298574382485104,E02003283
0.9349837164527133,-0.3802762784272399,0.91462496225911,E02003284
0.1810990783155056,0.5306442813503589,1.6209139801655692,E02003285
-1.926598953917462,0.5310664255771262,0.8051069385924338,E02003286
0.8094888908583588,-0.051080178020590346,0.10278962486278342,E02003287
2.852466867618692,0.48210657160197007,0.1482388126790746,E02003288
-1.608323943859661,0.9249230680206921,1.1223835168622467,E02003289
-0.5695376819990543,0.7293342164669941,0.9920661109119855,E02003290
1.2113961560349726,-0.1996762907647792,0.3263161875653722,E02003291
2.8314341632652003,0.6254208882092872,0.40755623209614317,E02003292
0.8221780063323283,0.5810469711428368,1.0512642681856679,E02003293
-1.1464640599966907,0.05691487191831216,1.155947044052491,E02003294
0.6704833459730866,0.0467369412653291,0.5318370059129868,E02003295
-1.146818688215289,-1.5741767416820054,0.5330299835479285,E02003296
0.8844317289365562,-0.42072793209290565,0.7991248921330684,E02003297
0.5498680802372268,-0.4517733246432324,0.9855389351082382,E02003298
-1.6661681116022418,-1.4343258022875824,-0.38477748376534016,E02003299
-0.48508499858918586,-0.8463184119898342,0.7445216666439715,E02003300
1.0069981093564655,-0.7424590905840903,-0.4489845161106754,E02003301
2.3914240252650356,0.10774076049447087,-0.36505694134407185,E02003302
0.9581082117737549,-0.8196348779978825,-0.16210098982039622,E02003303
0.8086481736669792,-0.2511903980546806,0.2379595575507945,E02003304
-0.03354524496931505,-0.419131829797957,0.8852324164989914,E02003305
2.1283272537505122,-0.06056834104243848,-0.30874369846471195,E02003307
-0.3289372107642395,-1.3849632010029749,0.20972989550349141,E02003308
-0.6185707744158963,-0.08063718187786331,1.082827820117621,E02003309
0.6556889097163576,-0.38107261273250864,-0.11833304600679001,E02003310
0.43120294598239695,0.012282159047766352,0.9545574601205434,E02003311
1.1584638427629832,0.5993249517884659,0.5107164496473033,E02003312
2.7919999281243673,-0.3111248075048986,-0.8583443674809687,E02003313
0.07917863839973534,-1.83615212096487,-0.45888632606619745,E02003314
-1.111036037069248,-1.3119202720251462,-0.21702936228531405,E02003315
-0.5966924925292617,-1.0898195409596223,-0.19516585973799638,E02003316
-0.6489466178954855,-0.526496816140902,0.4239021632690138,E02003317
-0.9045596576388832,-0.057181181918014135,1.1896257067371447,E02003318
0.9079278739858856,0.11889491003787832,1.0628714799480845,E02003319
-0.3905767606445202,0.49200930066015536,-0.04415010890383284,E02003320
1.9090595951527958,0.040762324365982996,0.31257734124894,E02003321
1.469097568582722,0.10688881972951028,1.2248889912092504,E02003322
1.164543764001839,0.19085170062467016,0.4188277888091076,E02003323
0.7366237932805083,-0.3173757003520888,0.8409621450762027,E02003324
1.9659822662438773,0.51381956971937,0.7412309491390268,E02003325
0.9109175605947427,0.18146229365593472,1.3644793164438305,E02003326
0.05619788670404412,1.453705156679231,-0.2777483624322706,E02003327
2.293814308965996,0.4736431307744616,-0.12321009538383142,E02003328
0.5935717347141496,0.3378407794718693,1.5316446172617186,E02003329
0.2587119141145202,0.5971254410419944,0.8653192162222431,E02003330
1.4118316684825032,-0.0432143765373909,0.5900145472925831,E02003331
-0.0956090395381972,0.09348642482711327,0.669037568981344,E02003332
2.9573455413957195,0.38877268518296165,0.6912250947454643,E02003333
0.5603843730255942,0.2934281531162906,1.2959458020652588,E02003334
2.700325401171413,0.3168517176875233,0.718113219018091,E02003335
-0.9593491042533042,-0.7571817837825829,0.793904096583442,E02003336
-0.016255268368627396,-0.3034573745486507,0.1855619182216434,E02003337
0.38790113217973377,-0.020172712365756715,0.6327212800606983,E02003338
-0.4127331299327454,0.12192950416663861,0.9001547873119244,E02003339
1.7512780204136107,0.07112474530300959,0.18425449824181137,E02003340
-1.3084988897931917,-0.9907570981443694,0.02231990877241987,E02003341
-0.5990152776378401,0.12794838907528036,1.2395769107723202,E02003342
-1.7315969162420515,-0.02996269136416751,0.8769757711062771,E02003343
0.8332883304264712,-0.33281507854073794,-0.10619713696066767,E02003344
-1.5447233288546947,-0.46511880183037224,0.9425342604211088,E02003345
-0.2205223415405673,-0.3405121798547873,0.8879682934382778,E02003346
-0.9276875983534335,0.1401414359103768,1.3553296510895856,E02003347
-1.8927512937607023,-0.049720733574255126,0.9039256142794777,E02003348
-0.7014518386064935,-0.2011630429658038,1.410832613970314,E02003349
0.12917138108826587,0.11223145531921218,0.8225032854428788,E02003350
-0.2570767893723036,-0.19619856154437076,1.3280379878120383,E02003351
-2.7543479014524683,-0.29447935325241054,-0.5073004050403305,E02003352
-2.8752705365854125,0.36878698997446774,-0.6168479509082494,E02003353
-2.2697998707690914,1.3132122008053047,0.31903996577082006,E02003354
0.6964588974433672,0.5531013419630312,-0.33831470045627726,E02003355
-2.67532903902745,0.07487948720647096,-0.4084923940843827,E02003356
0.21138439573925694,0.8023904645703556,-0.25247209743092713,E02003357
0.24350572678453566,0.7006067429324659,-0.439658340176356,E02003358
-1.1791167686685102,1.0501952262301504,0.45619238832015657,E02003359
-0.5630061527326723,0.21029354376164922,-0.10433534652794854,E02003360
-0.2915831445395765,0.6329577500365947,0.15312594567156376,E02003361
-0.7013019559974524,0.805433675825974,0.4700744867943194,E02003362
-2.6375168572897385,0.6955523918274097,0.08812766938465541,E02003363
-1.6755167173160035,-0.3715003432280616,-0.2936587208463166,E02003364
-1.9930931124333953,0.455080090819667,0.2278829164959144,E02003365
-2.244114807076613,0.6033194324562275,0.2686240942664315,E02003366
-2.568291089232182,-0.7193876448995894,-1.798836804695057,E02003367
-1.4406279809918219,-1.0558811626248665,-1.6371347633001343,E02003368
-3.1269266883665123,0.24372862661570416,-1.3567697166990689,E02003369
-2.350731799586067,-0.08564917668635724,-0.10544925114809445,E02003370
-1.6677456542340399,-0.2061060953069655,1.1344174871327581,E02003371
-1.144715409511377,0.17839259362168944,0.5483222787608216,E02003372
-2.7438259873785342,-0.250278813147715,-1.040911718214759,E02003373
-0.9869125185514822,0.4329076969011168,0.5288753923725981,E02003374
-1.5801303262821464,-0.5298950332363263,-1.0674225640603003,E02003375
-1.5070171634009322,-0.7375890080690608,-0.7576513790100331,E02003376
-2.3303750225409354,-0.6762775227773935,-1.0437191990138521,E02003377
-0.9781284571721065,0.04895261960313348,-0.7076751007744448,E02003378
-0.5691713834739655,0.6481086229410072,0.3417962081896174,E02003379
-1.2101807852882729,-0.02052395812816002,0.7093088976024475,E02003380
-2.3599506144560802,0.13479424816384833,-0.7944111387876942,E02003381
0.10047706849362861,0.579850636933068,0.3256268768957631,E02003382
-1.9607595786871734,0.13091665968959781,0.13020461437926953,E02003383
-2.627866364999433,-0.6943043829680073,-1.7492697028414115,E02003384
-1.1142749698895626,0.1511624539401712,-0.7767326398347747,E02003385
-0.43741005209490746,1.093395632113446,-0.11149465069097726,E02003386
-2.1287444488787313,0.8284566486904622,0.31264452301633255,E02003387
-2.1714533421305213,-0.21367354786157736,-1.3054424813399776,E02003388
-2.066342273420106,0.6633596172574193,0.5857879186735705,E02003389
-3.3364168683732203,1.7778397127288643,0.0009574521122236269,E02003390
-2.364057335990778,1.4313021426600439,0.23214858304405686,E02003391
-0.934188628758986,1.7434617797091274,-0.13141689959605665,E02003392
-1.5500611554536552,0.4681883375872336,0.9835717543987282,E02003393
1.3526300927254133,0.5133200878621724,-0.032448189387478725,E02003394
-0.5062962204450859,0.8392215018081561,0.3461549962223818,E02003395
-0.6693274367359003,1.2019749730006357,0.6206483844144793,E02003396
0.5336604689762791,0.2151269874224802,0.3963443886041467,E02003397
-0.6080150890827398,1.483897574494018,0.39290947949245236,E02003398
-0.8694787568158454,1.9885784662470087,-0.4056246538414033,E02003399
-1.711326917812872,1.520779839182568,0.8634815904992044,E02003400
-0.7327492400617681,1.2752314898556993,-0.317649941114248,E02003401
-1.4781726632925771,1.8621776354474981,0.1862495846500337,E02003402
0.5023414744059462,0.26930067684036046,-0.19390993761552666,E02003403
0.6848764934757607,0.817357721254021,-0.25566983278482247,E02003404
2.085666779827156,0.3404895653205713,-0.9122724045801619,E02003405
1.1780183167627734,-0.01859494034014695,0.051187677077590976,E02003406
2.0698255449363616,0.5827835120989806,-0.3450239136975074,E02003407
0.5703633725488634,0.08560126988054721,0.8102382643998346,E02003408
-0.2575678798044152,0.9147554713541602,0.1419066197298694,E02003409
1.416152366185694,0.3034669761925572,0.7102704309612685,E02003410
0.9994962254043795,0.6347025817396168,0.10891770038177918,E02003411
-0.1793626556861752,0.5200903361830648,0.8922630105676251,E02003412
0.7173303073542456,0.5858987412348581,0.5596849108923783,E02003413
-0.16812410855045312,0.519217789241009,0.2384305258792826,E02003414
1.0379834990329773,0.7365084752623774,0.33904371039639153,E02003415
-1.2926647861531542,0.8385590134051755,0.47647619330501473,E02003416
-0.9257588621551406,0.9300427454002593,0.176676075349593,E02003417
0.5143952860649218,0.9362955883765871,0.01582873332067124,E02003418
0.4424967948385065,0.9705835390228821,-0.012218590166812891,E02003419
-0.10206804161617211,-0.08631465941935644,-0.09799072904446038,E02003420
-2.285487909229648,0.5887606056973413,0.15488406388913953,E02003421
-2.8054695694464886,0.07014825140613401,-1.1982332894072136,E02003422
0.26330545135920896,0.8579071697944519,-0.070585075442848,E02003423
-3.0052290769347527,1.3373168657467118,-0.16931490057416695,E02003424
-0.9021500129595558,1.4890139089655559,-0.28628725579234454,E02003425
-2.6730193017748873,1.334399661262036,0.16237108808787673,E02003426
-0.5111234479059582,1.017593832895136,0.10625112652907072,E02003427
-1.214898767157098,0.5137421618865038,-0.16218791867200555,E02003428
-2.7086428320749825,0.14545974412116747,-0.7613692093931355,E02003429
-2.0270412982238293,0.584232239547407,-0.5666980222567136,E02003430
-1.7075865840494864,0.5622135695898428,-0.8492149608371604,E02003431
-2.5959096290386405,1.9413468394922258,-0.4832846745472043,E02003432
-1.155097453195259,0.4340771269892139,0.5772329843109675,E02003433
-0.34263725618321234,1.2093664481480133,-0.24538304562904836,E02003434
-3.1711535358524388,1.202350205620069,-0.6764762210214124,E02003435
-2.394443019711489,-0.1520469907449038,-0.42863443808119583,E02003436
-2.3161567024162437,0.8527166564162107,-0.7772407890360187,E02003437
-2.6132706306850095,0.9663595255549606,-0.4283929403319777,E02003438
-2.874288020964196,0.2681916779913164,-1.344478619063076,E02003439
-2.895650611917918,1.2740579122115618,-0.3085661448820441,E02003440
-2.3118194102688534,0.39111384409327876,0.1662900745082603,E02003441
-2.8867296114085823,0.6501852420048184,0.15295645451040008,E02003442
-0.016005252071990644,0.29261281607726825,0.22546981890893547,E02003443
-1.9835025512819588,0.7988886025132721,0.459922405185743,E02003444
-1.7422856219670702,0.20869053223060854,1.1052706534949481,E02003445
-2.6830625491362694,1.1335559003506452,0.4250648793158961,E02003446
-1.9965960624802568,0.8331448855641842,-0.09496445224190203,E02003447
-3.062667340738741,0.253623937185788,-0.6171971866961485,E02003448
-2.7940658758865564,1.4841148883943245,0.5809554728756917,E02003449
-2.237397319296945,0.9528163526235915,-0.22947403720014473,E02003450
-1.1539578438362634,1.1173547430244455,-0.3133736467045161,E02003451
-3.140617445593663,1.3566661819087138,0.039148330714704915,E02003452
-3.4258000269413307,1.1134564244452907,-0.18275835361194084,E02003453
-2.7654518436244007,1.130754262519273,-0.1120851240744305,E02003454
-2.607263848251591,0.028649772364545637,-0.8132972782626838,E02003455
-2.0469766203406943,0.005795650610766596,-0.8633390837587503,E02003456
-3.2561458328537327,0.9863080933587519,-0.3640509234159242,E02003457
-2.814169009652396,0.46615797460039116,-0.07005855991300904,E02003458
-2.769019044009223,-0.17796692145010634,-0.9713101284468286,E02003459
-2.265461041039224,-0.7034115018629045,-1.4435223189082778,E02003460
-1.2236221825862923,-0.11812545620691645,0.6260745084687577,E02003461
-1.687267042937435,0.41015231110993594,0.5745351920912308,E02003462
-0.9039248329587753,0.5236855316623085,0.12572039295633827,E02003463
1.4779557651907298,0.44014113411744776,-0.1381686719165389,E02003464
-1.6279203994904952,0.4125519297160744,0.23733214985193773,E02003465
-0.3120504279348872,0.544321206636176,0.3935221816853148,E02003466
0.9790030778882655,0.49092395975157604,-0.5180598035268242,E02003467
-1.1619909607967445,0.1681520445873992,0.11585765004939198,E02003468
-1.3564604978156358,0.46309877964986185,0.6376709080661317,E02003469
3.675028494703662,0.39642686118301657,-1.03648690284692,E02003470
0.5851568737668653,0.5998737768235247,-0.06816611384057364,E02003471
0.6800391320205538,0.5875866008238998,-0.7280460897429358,E02003472
-1.6935900803293558,0.31933982947140527,0.49299784119230305,E02003473
-1.248772849227915,0.9714271691055463,-0.2865078841266,E02003474
-1.5998781489990224,0.6774718036415547,-0.17614410024510793,E02003475
2.385396229877678,0.5853319946146993,-0.5027765186127822,E02003476
-1.6565582168574282,0.29430789695640286,-0.34998590387547135,E02003477
-1.4787875303136846,0.7074424087820914,-0.028644931451465645,E02003478
0.7736068364806525,0.9839538120256749,-0.39674394766335497,E02003479
-1.2215420596874726,0.8742016687472577,-0.21582034472374362,E02003480
3.3851508372433243,0.3456458229863053,-1.8304470025552655,E02003481
-2.677828001732279,0.09928395082835803,-0.6954467941179192,E02003482
-1.5599132940474014,1.2614406934455835,0.14357203065521232,E02003483
-0.7301555092306752,0.8515991736163044,0.12366440117507699,E02003484
0.8273405907428479,0.13405963957724581,0.517884848792743,E02003485
-1.7729203636862931,0.6930911696440624,0.23031927644598013,E02003486
0.2802973219535754,0.08945666240876149,0.4867177168522884,E02003487
0.6000169100155386,-0.16771709230469267,0.8414159081775209,E02003488
-0.6307146762283621,-0.02623484378822528,0.8146069481303663,E02003489
2.9185864299097317,-0.08499808825783507,-0.9000322668036694,E02003490
-0.7974936469258407,0.09445148146971648,0.4994219083659423,E02003491
1.5975632273812135,-0.3866251510545577,-0.6247471739464086,E02003492
-2.0990726678180582,0.1039846655889252,-0.06458433000263791,E02003493
-1.9169302507401378,1.1119491430543365,0.40776679096348295,E02003494
-0.14256962379739038,-0.5396099687090318,0.2543811129859668,E02003495
0.31033573406738396,-0.18953387874310668,-0.2827372198010656,E02003496
-2.4340326550553533,0.98618500460153,0.5497794305627892,E02003497
2.461821709045458,0.3140799030687065,-1.018127568005611,E02003498
2.239192410578893,0.03835514090800955,-0.6783522137670027,E02003499
-2.40554073949899,2.0747911458257984,0.8129300880626986,E02003500
-2.481534670057015,1.877979453279197,0.22179091590963398,E02003501
0.6169647615734669,0.4616945344182397,0.5904469523633546,E02003502
0.38646460871618715,0.42680366848868967,0.39118750122204526,E02003503
-2.0264702261224077,2.1702823111385645,0.15286056880913015,E02003504
-1.0223213845327732,1.7097653270881963,0.925919627370033,E02003505
-1.5594223169540151,1.8136095382573238,0.5396705968363558,E02003506
-0.21556982409139958,-0.42788638795729383,0.09719611499374502,E02003507
-1.58327484171151,1.4592098126936195,0.9687904175137699,E02003508
-1.2099066209116824,2.1840767572509887,0.3453676264477795,E02003509
-2.09741354359104,2.272841078103473,0.49147519705409654,E02003510
-1.1834056043953376,1.1724690330214809,0.44349330150749394,E02003511
-1.0271064893704815,2.0094207580353114,0.7865243744549714,E02003512
-0.8657888744053625,1.6743515491235699,0.2331590599687474,E02003513
-1.9432017156329435,2.7798818024168193,0.5001440294641666,E02003514
4.288405747275741,0.723401078945794,-2.0065881203661213,E02003515
-1.7217568093526714,2.5322673003565237,0.6901629925928777,E02003516
-0.6018651897272778,1.8065738712172001,0.12086454928051601,E02003517
-1.3732010624893176,1.9259174089617035,0.5295248313714462,E02003518
-1.058632741998353,2.5899753350416694,0.5465658558204566,E02003519
1.13141740510114,1.9099197775967391,-0.1707535107508068,E02003520
-0.42871268335393975,2.3504263003880594,-0.301189720072688,E02003521
-0.7551955566037318,1.3139879266965773,-0.43015046701780024,E02003522
-1.7344064668825034,0.17276354529524326,0.30778929583866976,E02003523
2.9183487050048087,0.09550868413686758,-0.29357342937624703,E02003524
2.623739797391463,0.19986191959307542,-0.5916133526656212,E02003525
-1.8746064541819953,0.5003562248356963,0.7177039712569777,E02003526
-0.2629284686662985,0.034845671693426124,0.005802794487687843,E02003527
-0.7884362221779115,0.4177469514091733,0.9698905662745535,E02003529
0.22350423932101987,0.3181900513793914,0.43497647404250067,E02003530
-1.0658705948897111,-0.33387469674659376,0.9850055591329372,E02003531
-0.056906858542447106,0.5287204473589985,1.3463952520250393,E02003532
1.298721231416976,-0.11656495163841595,0.707045679308672,E02003533
-0.2109364002339548,0.3628160235064802,1.6509009437728317,E02003534
0.4482476508914008,0.4460897987661808,1.7112041360508405,E02003535
5.019171412072581,1.0401435061776398,-1.573716309382872,E02003536
-0.06397194418860082,0.28616038926186427,1.105367521760884,E02003537
1.0338997960009353,0.4718249372918891,1.1093432311410076,E02003538
3.7823885704552755,0.819956057645373,-1.429345199076542,E02003539
-0.2839456288115823,0.1104569051325736,0.7829371356637471,E02003540
3.2481244470256163,1.209411347014219,-0.26141902493670716,E02003541
-0.6345634581354044,1.06203059168053,1.5013364348281264,E02003542
-0.36637044187084133,0.9608036282103127,1.44607705248688,E02003543
-0.766899289350749,1.2798014260019854,1.1298690175563295,E02003544
-0.44254496627621054,1.5808748447384815,0.5956484683171218,E02003545
-1.0695445838372235,0.8246691844611316,0.72846980202663,E02003546
-1.541916485606253,1.457868284664032,0.2984315698337296,E02003547
-1.1389077786104334,1.5815297222168059,1.0262329344855314,E02003548
-1.4666869045450455,0.8467866102685431,0.28413501251465134,E02003549
0.10429147390262315,0.28976530214817203,0.4986696305198829,E02003550
1.3379543385043589,0.3391582471925857,-0.3925754458990399,E02003551
2.44418209328836,0.4974500690951002,-0.4885687327652871,E02003552
1.0219036693859138,0.6713913299767995,0.2601133123953205,E02003553
-1.3164540504033369,1.1289025457421178,0.017207682465992982,E02003554
1.3827749635352642,0.1686760560872477,0.17210002868095323,E02003555
-0.13913720921140654,0.046667296342668044,0.8118706434902556,E02003556
-1.9451760261103221,1.2861083362373318,0.3510596260571554,E02003557
1.0949883020861617,0.8740296409162085,-0.18840533040976232,E02003558
-2.1189454612044956,1.286312671799976,0.20747952121547128,E02003559
3.4777303319439032,0.28897911005133275,-1.136172299587337,E02003560
0.333337864140021,0.9207450824553418,0.4974612501922994,E02003561
-0.8316736086020979,0.8616852155971406,0.7064173323350245,E02003562
0.5330616558873079,0.8460049551910163,0.4059577064069701,E02003563
1.002851655031772,0.28402000723204995,0.5594178099525285,E02003564
-0.296998928929422,0.9929241435161911,0.9583959006366845,E02003565
1.2621553233886502,0.18472082616715507,0.23544355337750458,E02003566
1.1588066994888815,0.22109968579433187,-0.09988104903434844,E02003567
-1.6561934392538378,1.7064653200725315,0.6896355347913927,E02003568
-0.05733853408442023,0.7141863792086912,0.22913987275127276,E02003569
2.819735063644167,0.3798433880178594,0.1468324734410019,E02003570
-0.11549282791660553,0.6819771693084699,0.2674369763554311,E02003571
-0.5321479836722176,0.3510450797586435,0.9006713916310541,E02003572
2.6488949555219095,0.3822880629639873,-0.40409924682054515,E02003573
0.07396014045126927,-0.21430563270682215,1.1790126977354374,E02003574
3.1132388271136238,0.5728399336881168,-0.6680974202270001,E02003575
0.9392677989150517,0.45667310003692124,0.4734058055202926,E02003576
0.413747572899487,1.0070610558399438,-0.09653497386881967,E02003577
-0.049533356157592724,-0.05983526820541683,1.0674565662788327,E02003578
-0.10394135913011324,0.43959944936930107,0.6881912922043246,E02003579
3.844213249774514,0.5863953345186149,-0.9852610680377027,E02003580
-0.5056524511889916,0.5924612564031201,0.7893745112211186,E02003581
-1.3453251836908044,-0.5445285494950814,0.29212354135321833,E02003582
0.22415969843375572,-0.7645448451860672,-0.23332108093369253,E02003583
1.102804576599435,0.442785481497794,0.7297742963580183,E02003584
-1.2224960265366278,-0.7170700329622832,0.20910429192384367,E02003585
0.025688939912814686,-0.8686948053952324,-0.11406670179603531,E02003586
1.4474051654566735,-0.13701793861952402,0.4037891835495016,E02003587
0.7232391247385561,-1.0654757689943484,-0.6144229430301676,E02003588
0.8223079190214149,-0.6412984506121352,0.15547722295835073,E02003589
-1.136682213190646,-0.8575653662782051,0.14226157735756775,E02003590
-0.4573978904732138,-1.0095768118504191,-0.1906985949397081,E02003591
-0.1652157856520067,-1.1353268708941615,-0.18527798662506914,E02003592
-1.8119618799853467,-1.5191754525530121,-0.9291665331918525,E02003593
0.6905126624344612,-1.094914486501478,-0.0010321346034426707,E02003594
-0.402597017231379,-1.2631345055280818,0.1955308124965067,E02003595
1.2560222849224791,-0.5815435707164884,0.32608138256640146,E02003596
-1.1400350988123795,-1.5006126761574576,-0.9719006947692616,E02003597
0.45964010780535913,-0.7202102531315392,-0.3108667789618747,E02003598
-0.019276466009229803,0.5570562418232385,0.46220218032251453,E02003599
-0.824176044382005,-0.724724113980013,-0.45888799939188046,E02003600
-1.8210298114676045,-0.984898264745972,-0.9631955755982887,E02003601
-1.7208982372484554,-1.1326829658748683,-1.2645694145398692,E02003602
-0.5634699818605491,-0.24824401799594467,0.3306396572599752,E02003603
-0.735272879142433,-0.6439437799601627,-0.28415260682704596,E02003604
-2.1732986249444544,-0.40862441990297116,-0.84405200947776,E02003605
-1.8675320203387014,-0.6173218603329503,-0.9055605271352156,E02003606
-1.75815021448999,-0.9972181715830638,-0.9869276274990813,E02003607
-1.1684300051604801,-0.5053119154062985,-0.41246147899142627,E02003608
-1.5761500773142707,-0.5890191208742735,-0.793430201555073,E02003609
-2.2323642379378277,0.06454024903280675,-0.4743674360450546,E02003610
-1.9213930852481271,-0.41283908538439323,-0.4111525530653642,E02003611
-1.898418290912357,0.06946281838488132,-0.11876128620339267,E02003612
-0.7480480174600616,0.010114229425664844,0.020018474551430163,E02003613
-2.070633467164245,-0.34326172116392173,0.2654140707088299,E02003614
-2.185506217994265,-0.4990228594412065,-0.6583451540772489,E02003615
-2.756132670487504,-0.7135982422553695,-1.5039560179690985,E02003616
-2.5136905375441665,-0.7564312184764667,-1.2366925095006756,E02003617
-1.7288252473429848,-0.7975550528730068,-0.5882323143039995,E02003618
-1.8036837387887732,-1.1711834764895843,-1.0339464835588823,E02003619
-0.7026124857287768,0.5400774268930475,0.42675551023799546,E02003620
-1.0518519105934456,0.3579720531526859,0.6764299320397191,E02003621
1.4533791285235762,0.2595519895357153,-0.05081895425344927,E02003622
-2.621092388635845,0.3773213321155256,-0.3614437601452809,E02003623
-0.8739022922995794,0.5903696501537882,0.5237299489292031,E02003624
1.0098788997086892,0.747307059356834,-0.19733378196749038,E02003625
-1.0726294509133787,0.10202633060776493,0.25745093066773755,E02003626
0.15143854110595847,1.169850856938666,0.15082815891851398,E02003627
1.6124395547169958,0.08117661958480442,0.6576940554146483,E02003628
1.6183490901500244,-0.1009672837331906,-0.18371333362348585,E02003629
1.7243617535077502,0.32868832841283746,0.13683745741755923,E02003630
0.5059066635479744,0.3235546120496819,-0.07248903421785066,E02003631
0.23384765053801784,0.032690735096304734,1.1941327744064618,E02003632
0.42903587207765465,-0.6023155543639138,0.11873971363551415,E02003633
-0.8469158382365669,-0.6910317742287196,-0.7772146191787436,E02003634
-1.2793650298223713,-0.9438769837830429,-0.191433525656887,E02003635
-1.8699635162546706,-0.9393132737952747,-0.34737531112208914,E02003636
-1.688168460459453,-1.0016321419363177,-0.7480766215625927,E02003637
-1.0393831598634262,-0.14795581365444524,0.5901096663765815,E02003638
0.30136240198994985,0.5657180663250919,0.26018332857685134,E02003639
-1.4543448942591164,0.2734057443958116,0.18539215621436012,E02003640
-2.1014147265953422,0.5808342081716077,0.6394451288580225,E02003641
2.002193143782067,-0.1722670949191811,-0.191531695527678,E02003642
-1.269924089859415,0.23528249199943724,0.4064637130937399,E02003643
0.4336567697691394,-0.5032704191577384,-0.0729353786344587,E02003644
-0.9563306775771776,-0.3965298918163838,1.310879335825363,E02003645
0.5475066649165926,0.054083627934709236,0.4567944421903658,E02003646
0.007468020934099151,0.3481711601342638,0.6149948247462851,E02003647
1.4391104946136781,0.5151768504580968,-0.13376062672073497,E02003648
-1.1583929029416322,0.3597087579269804,1.222631860314768,E02003649
-1.6322522347784598,-0.8031211230520829,-0.8658240250991814,E02003650
-1.4574293041233672,-1.1998460508440594,-0.3542233115458907,E02003651
-2.365210599044171,-0.7720368312933015,-0.8584574416124349,E02003652
-1.459217341747932,0.5389035957671328,0.012472457494244728,E02003653
-2.6295917385112033,-0.6331770132915459,-1.2429039671415578,E02003654
-2.485579494909002,-0.9291389788836624,-1.306360308483486,E02003655
-2.0763049415068946,-0.45135927789128394,-0.7889466324631708,E02003656
-2.472766943032487,-0.6924779402087982,-1.423366654768473,E02003657
-2.4174081731233565,-0.7314933572971859,-1.1050192277651278,E02003658
-2.1622924619491055,-0.7205159395865833,-1.5522355782220865,E02003659
-2.5560967256489686,-0.34130459666748253,-0.993846635582138,E02003660
-2.542624996616925,-1.0112339438400644,-1.2323550266548366,E02003661
-0.7344982420789924,0.39942252712172854,0.4143632512853112,E02003662
0.688175087151054,-0.7057308728368252,-0.7364074337304537,E02003663
0.6471138310051284,0.031858883574095075,0.4867368132361999,E02003664
-1.0083588495309292,0.3174486424704475,0.901431339579991,E02003665
-0.17063028250336768,0.8987667653364765,0.2634906612139657,E02003666
-1.4797635657307053,0.8999727792179859,0.8045622449290193,E02003667
-1.9283603238906544,0.5400845238555253,0.8747307932032305,E02003668
1.7342744060280482,0.3951457357719304,-0.2041236133283662,E02003669
-1.2395357343301159,0.7162939295520919,0.6293945467344232,E02003670
0.20052988476682235,0.5260413859429863,0.5682074370814525,E02003671
-2.502280673587284,-0.19365386512827396,-0.6207444460558694,E02003672
-2.7165755752052267,-0.2114637187022993,-1.0664606805667154,E02003673
-2.7761483205687707,-0.08033266731429888,-1.3991334986074282,E02003674
-2.439434166765506,0.2797524263461989,-0.9905835260111572,E02003675
-3.161273714685851,-0.22729899251553518,-1.1973925995112646,E02003676
-0.1806639648098156,0.6266051565651806,-0.2737679585136655,E02003677
-1.9882117482130812,0.5958542646712036,0.06704089151414848,E02003678
-0.8956444685869145,0.3054196804205692,-0.6526345662741223,E02003679
-2.460326378172735,0.29537266888579045,-0.5509008220471656,E02003680
-2.5637813235285285,1.421188821139102,-0.5533932202220342,E02003681
-2.8286147928220458,0.6656169820870078,-0.9238766180565546,E02003682
-2.2655261766666643,0.8855648322163298,-0.9504317458441889,E02003683
-2.795383226676655,0.6650708114800148,-0.6151234750500539,E02003685
-2.6970268845180674,0.4296847389636594,-0.18741025849960607,E02003686
-2.2016866146612877,0.7106664980537292,-0.6545218196943086,E02003687
-2.584958468622451,0.9039821761443584,-0.9598890964526964,E02003688
-3.286921463305013,0.9528952504346885,-0.5928414762622465,E02003689
-1.2709606408151426,-0.36744027751791647,-0.4589724248560275,E02003690
-2.4924658452611155,0.44466497835635166,-0.8456460124302141,E02003691
-1.911471561329965,-0.25578497538063566,-0.5235852189319941,E02003692
-2.8028580584466076,-0.1874241583076764,-0.8223346391935046,E02003693
-0.564795828462952,0.6855036973206898,0.11521982755803951,E02003694
-1.3837699293127625,-0.22359034198877692,-0.3529667432142761,E02003695
-1.6043011205730728,0.1426924610197934,-0.43895866757820656,E02003696
-3.288991686363754,-0.25168823095506065,-1.2512057958872933,E02003697
-2.8839980850041274,-0.100855771811598,-0.13880157137450788,E02003698
-2.0591299457615064,-0.5228616922066166,-0.7600649581503535,E02003699
-0.9678315026324521,0.2844563142338401,0.1247149498963047,E02003701
-3.114620023958947,-0.373744598290704,-1.3554225109616738,E02003702
-1.6836176285592634,1.0964226912701496,0.23788549673419293,E02003703
-2.657051375948442,0.6441323097764542,0.14129097886982042,E02003704
-0.3234479172389555,0.8941440500897642,0.61188575841036,E02003705
0.02795575427004718,0.8518954935926297,0.1071122827978665,E02003706
-0.6401395195496047,0.1583048101794262,0.20049960869750505,E02003707
1.2694270600589581,0.3948586000841969,0.8015295417589312,E02003708
1.1253251177508428,0.5395024406332412,-0.4583115104964647,E02003709
-1.4230351900889053,0.5378351998513843,0.3204215876533601,E02003710
-1.2413335006157011,0.829016975964263,-0.2594747616624728,E02003711
-0.3739675666529809,-0.15786961542333217,-0.22706650274040427,E02003712
-1.9420278577901178,0.19362242274487348,0.261611638305741,E02003713
-1.6784532096665759,0.24159215322508956,-0.25767968403698877,E02003714
-3.3442977676175643,0.22992728842306215,-0.9722343935542375,E02003715
-2.225872990929969,0.5437067423083884,-0.17828878400001066,E02003716
-2.2829607570451587,1.0677822241839017,-0.19388798599575213,E02003717
-1.9791083998622485,1.2548213536195962,-0.05922351351914469,E02003718
0.7463297704743468,1.2603760595242721,-0.590011479984002,E02003719
-0.30732643284290595,1.7238184996428842,-0.46477497877036933,E02003720
-0.4405258343256954,1.6905812542784042,-1.0424977346272672,E02003721
-2.6400213639646233,2.695213230487403,-0.4794913727592229,E02003722
-2.0868931172760434,1.0372636243461197,0.12104403283043884,E02003723
0.05785183543420164,1.0755577552564806,-0.9294563200298722,E02003724
-2.3951406361055185,1.3850169159902381,-0.19031939651193297,E02003725
-2.3961897912695,2.704394188300457,-0.3555610142086612,E02003726
-2.2099692361386984,2.216382391789135,-0.172047492812228,E02003727
-1.3230630467947078,1.5621640513369388,-0.28960031405530384,E02003728
-0.9917707953728085,0.9709886161627947,-0.4781193052329608,E02003729
-2.054769902898693,1.6664246581702808,-1.3466574115779812,E02003730
-2.4634361986670243,1.813003557878358,-0.9237177819755173,E02003731
-0.14556101324960213,-1.6530332406327088,-0.893178197390144,E02003732
-1.5349234725715317,-1.4325463642946672,-0.9511850551152226,E02003733
-1.2788216778871182,0.19813785341285145,-0.2205071447830451,E02003734
-2.1433011149455545,-0.27105565282100585,-1.1405686503347492,E02003735
-1.754236752269988,-1.1988175339717828,-0.8315067863577728,E02003736
-0.913300712111899,-1.469968932114884,-0.5463463646811195,E02003737
-1.5738526306673764,-1.3018389590415076,-1.0272422911930863,E02003738
-1.9638603819744782,-0.5762646919815906,-0.6390141601999434,E02003739
-2.1921649556261733,-0.7013959729592781,-1.5979322257352373,E02003740
0.03389596111903688,-2.026329202121956,-0.3212969181482968,E02003742
2.2222707691725248,-0.5400392210856516,0.7049913895409429,E02003743
1.4188013832817048,-1.108675767769185,0.012129539425979904,E02003744
0.1838087545095317,-2.1997421297012316,-0.7763377328107173,E02003745
-0.01870487877841113,-1.7990005799773106,0.1663614263266663,E02003746
0.10927537714037039,-1.0393228970250672,0.5680507668215055,E02003747
0.5822373390819398,-1.3401890124030602,-0.011111726790082606,E02003748
-1.0932535198219315,-2.1910639454202623,-0.4446127199666788,E02003749
-0.10006166089426786,-1.8618541683265541,0.00924932912378122,E02003750
-0.9940289327695346,-2.1017409694961873,-0.4551368457146954,E02003751
-0.4980449659326079,-1.7062742192826559,-0.25005224387389147,E02003752
-0.6948787522075398,-1.1235185240147607,-0.16746646257808104,E02003753
-2.1220914882801534,-1.1411503260434308,-1.1266575719316778,E02003754
-0.713020744174201,-1.4325758042070142,-0.7466952737094972,E02003755
-1.6803076661889285,-1.4904041256271239,-0.901289117353392,E02003756
-1.6185667066672496,-1.1141374958371668,-0.8314245303439791,E02003757
-2.0312489582497375,-1.3591346287820667,-0.9595465198371652,E02003758
-2.4037618481368117,-0.5326920726782712,-0.5012154920198939,E02003759
1.9840831265106909,-0.1155268204544967,-0.3973486467968293,E02003760
-0.9189644630860895,0.228646411270799,0.6812276777031548,E02003761
-2.1743216206368343,-0.7590075699846642,-0.7445364698350458,E02003762
-1.1133876362433708,-0.12917117930220873,0.6360649437271876,E02003763
-1.3047760537108313,0.5524923378559047,0.07605504267912921,E02003764
-0.9819576549847694,0.12707449851169883,0.09115664447348396,E02003765
-1.5645584809541953,-0.1930785981047615,-0.8282164171560684,E02003766
-2.7840090429695574,-0.9541734040287667,-1.59160263145745,E02003767
-2.554249839254365,-0.3091416839843985,-0.6589603519575549,E02003768
-2.0264607391115472,-0.8043213015295367,-0.7190396142877452,E02003769
-1.9669359052130881,-0.8446644320006503,-1.1437044273290082,E02003770
-0.5320136275000036,0.049564796423210496,0.23864477426037115,E02003771
-1.660155678017747,0.11498837657952904,0.8942698784583231,E02003772
0.01711968556569674,-0.01952212341214206,0.6213280212153568,E02003773
0.08126508017957373,-0.02730712761327727,0.29698818758082246,E02003774
-2.211091067893771,-0.41272480127468747,-0.883163955595116,E02003775
-2.390115585862251,-0.3372670875763735,-0.9861232676206539,E02003776
-2.634371742724325,-0.24658157554903046,-0.9547836806310679,E02003777
-2.0644539807427913,-0.5357350144902622,-0.9528864333811712,E02003778
-2.42804149956809,-0.6525353293071233,-0.5001472654491821,E02003779
-1.8410112911800118,0.5447381193605401,-0.830229583222057,E02003780
-2.4160077016373362,-0.07138381043964377,-0.9456925648479924,E02003781
-2.884023473520095,0.5146132677869671,-1.4641998299937793,E02003783
-2.7616693492076063,-0.20365596343131234,-1.0018129993083342,E02003784
-2.174228347498298,-0.2610131131262674,-1.144575102192411,E02003785
-2.773492139476898,0.7300457213292341,-1.1904608636505678,E02003786
-1.9244449900602012,-0.9797944675577728,-1.214402223800823,E02003787
-2.9523091899016864,0.23599242721898442,-1.3927775981023736,E02003788
-1.0761438910582255,-0.154694709095763,-0.26775956640554455,E02003789
-2.2868687082432926,-0.6586017301805761,-1.5297792106681207,E02003790
-2.6218079144996427,-0.16980416814037383,-1.6442826394760894,E02003791
-1.9529024013493483,-0.5319193949306776,-1.2366454470479558,E02003792
-1.9606610391010593,-0.8259432834191957,-1.2404690913087097,E02003793
-1.5841881912504547,-1.2221555860677324,-0.46436148527146587,E02003794
-1.7430283942659608,-1.0663536151742672,-0.7292052892670977,E02003795
0.21348124373354396,0.13413609238220217,0.12765635267880335,E02003796
-1.9232539618101159,0.5727361403055947,0.45498607853530576,E02003797
3.0265931753896194,-0.1351668592844389,-0.21972221089045926,E02003798
2.609074126072921,-0.15314734750767445,-0.026832595443196595,E02003799
-2.3924292459311762,-0.2040517344689877,-0.4534764616061098,E02003800
-1.0010811878167711,0.5123401413481835,0.7745432608267524,E02003801
0.17489442471842764,1.241820642305691,-0.1015402534257965,E02003802
-0.4471757081315152,-0.0846457785348803,0.416531012088907,E02003803
-1.139174333075631,1.0348729473626197,0.36638201123433517,E02003804
-2.495315331190443,-0.15224667064169337,-0.513850234007082,E02003805
-2.2256889460339693,-0.11426603431389827,0.22332533725755285,E02003806
-2.0253031576393905,0.8200151735558031,-0.06813001960392359,E02003807
1.2251206170804674,0.4049418311435682,0.1246356106731605,E02003808
-2.209137230997472,-1.3811758729079067,-1.165476405801752,E02003809
-1.7922375082235371,-1.5023600334523426,-1.0499486273677952,E02003810
-2.505267217161635,-0.8883076008561515,-1.1023751838973879,E02003811
-2.0950996523675918,0.14707854548701682,0.1514050680072187,E02003812
-0.363683545786098,-0.2711072032576146,0.8546923776261934,E02003813
-0.6104299210409556,-0.4271552387774302,0.36377405579210936,E02003814
1.3693238803787626,-0.5174172275474621,-0.37636383293525894,E02003815
0.03795111120909032,-0.1767248447034471,0.5501728620126156,E02003816
-1.3263344720401125,-0.038259933792916756,0.7504237156504372,E02003817
-2.337425534937038,-0.33240832339389437,0.11046099205253992,E02003818
-1.3361538238572488,-0.2541958776377817,0.4281555207706887,E02003819
-1.6588475225508896,-0.31085981305074506,0.4296594818910078,E02003820
-0.2154403735060858,-0.23562516841456543,0.11710367722746874,E02003821
-1.4206029321035798,-1.3666666622010908,-0.513078206779318,E02003822
-0.6132582788201277,-0.1920942996996572,0.14148023150402023,E02003823
-1.6955173904137015,0.3193535650419681,0.06263770008846269,E02003824
-1.1302822760762328,-0.15945950593743022,1.58241653186913,E02003825
2.303824649500207,-0.8791549497088925,0.2086224939410517,E02003826
3.031516846586017,-0.35855288590160694,0.584391730579336,E02003827
2.5039146800219227,-0.6381165052464319,-0.2089645004258244,E02003828
-0.614793267478989,-1.1533006324613821,1.1937044379971555,E02003829
1.5675011386758644,-0.4467956930051886,0.716370116880869,E02003830
-2.0293894535968895,-1.0308410436236226,-0.19543624264494014,E02003831
1.0391367614414304,-0.22543927393590119,1.2707707920311164,E02003832
0.09718955862897707,-0.8278828660288623,0.5375806334703207,E02003833
1.3672024025346172,-0.20774666372770625,0.6923717084184069,E02003834
-1.9882373383302094,-0.09206904848274942,0.6749603756442202,E02003835
-0.24081279801947592,-0.004381441994781323,0.36862395622374494,E02003836
-2.480322337496485,-1.1314797688610554,-0.9102468326218266,E02003837
-1.3747485338258263,-0.7989470518928704,0.7213028004294345,E02003838
-0.5844209247161389,0.22218916067774866,0.5205471877663829,E02003839
-2.0336530325011917,-1.5138270081676228,-1.0689587082182583,E02003840
-0.5818272591187826,-0.14812069315354412,-0.673005992640874,E02003841
-2.4238905255160312,-0.5332207022071316,-0.679035671436552,E02003842
1.0278294083104067,-0.5648748314979478,0.5065831710428945,E02003843
-1.047894917270427,-0.2129844391016767,0.5880523647375455,E02003844
3.0105623828062575,-0.7397267092662735,-0.48650773165115807,E02003845
2.8538388585499517,-0.11280594848929683,-0.08104025803966246,E02003846
-1.649123037616937,-0.14798747767942763,1.088500961983462,E02003847
2.0161102362892094,-0.29125233608586304,0.3961725458786697,E02003848
3.0917127466925094,-1.1474756041774046,-1.5040391257409793,E02003849
0.36101931511354535,-0.33050988583408336,1.1560029153554618,E02003850
-1.081842996393952,-0.41981854324863915,1.2425151499661335,E02003851
-1.1775686747799552,-0.20147223416444957,1.6370996711392052,E02003852
-2.223821729044921,-0.6851279018900345,-0.512439104114041,E02003853
-1.5600445283025168,0.23813441937273438,0.1380940015227508,E02003854
-1.9058420163292125,0.12296172862316786,0.611843666159265,E02003855
-0.03079391947395468,0.15347089718204693,-0.4398126739098928,E02003856
-1.4559467696816684,0.9085516054288505,0.15384390000008405,E02003857
-2.860589048788318,1.0020996249553422,-0.419551076596551,E02003858
-1.9865122070541963,-1.3554502020602404,-0.8980646189562156,E02003859
-2.7164038867859563,0.8462831746628189,0.34107891548192376,E02003860
-0.3704444571542896,0.31735058316255144,-0.3858645845462608,E02003861
-2.9008957464220555,-0.3459458248571948,-0.9041181076800707,E02003862
-2.413675177289756,0.8361525687894724,-0.2963144641893547,E02003863
-2.523409439057232,-0.15401075843074555,-0.7054391671331125,E02003864
-1.5771523235083955,0.11060724855519312,0.1717816869741011,E02003865
-2.5076650039657724,0.8023003652194771,0.45384927311549533,E02003866
-1.12252135259141,0.3792442544504135,0.2154695825823055,E02003867
0.2202093491133873,-0.07126296879086527,-0.053245876855834325,E02003868
-1.4107875811592097,0.3147798226377766,0.7363753150002752,E02003869
-0.6549666853188434,0.35217862188483007,0.9053802823947763,E02003870
1.1102911435653535,0.022783994276623677,0.3443043740435462,E02003871
-2.480576105456045,-1.3105419185665224,-1.247043141272196,E02003872
1.6123111130727446,-0.2136448057223297,-0.48237103595695363,E02003873
-1.317379438100227,-0.31690419879230447,-0.4430538289124589,E02003874
-2.3177524642352694,-0.9729568564699687,-1.009907709120356,E02003875
-0.08490940984234847,-0.5091270601553082,0.6297489112892148,E02003876
-2.2499934510899693,-0.6525702534787222,-0.5019424894540554,E02003877
-1.1869920823751539,-1.540189728945773,-0.45483884320457263,E02003878
0.8770682780142315,-0.6831893705065412,0.14063454949014015,E02003879
0.5635326636240197,-0.7820759205502609,-0.11872116700255254,E02003880
0.6416939219920802,-0.09988277287730778,0.677926194162166,E02003881
1.4173146607737075,-0.2512632707672884,0.4040618717046241,E02003882
-2.3749900725686475,0.5636874716029295,0.21336479352948562,E02003883
-2.2053502027057137,-0.4691739132164352,-0.6921353360510737,E02003884
-1.9071881815999059,-0.8303223721279751,-0.44498834554000816,E02003885
1.3134480129910373,-1.004512820272368,0.08392351902647617,E02003886
-0.4834163290810673,-0.7188209523669081,0.3648754112312198,E02003887
1.8636166612992748,-0.6416961945084577,0.4755271697337271,E02003888
2.994021769839414,-0.2382254909047042,-0.6046333028878544,E02003889
0.9316057216090415,-0.6634283830473314,0.42037103083062793,E02003890
-2.360756184727766,-1.058485906934562,-1.0225393178177724,E02003891
-1.19389357658801,-0.8260478374854957,-0.4291357940173149,E02003892
-1.4921933084858563,-1.8117858297945144,-1.1042998464318121,E02003893
-0.40987053571412096,-1.4812291414500407,-0.2496874124341363,E02003894
-0.3118932500434305,-1.7805286095853448,-0.6177622090251054,E02003895
1.2709186441767604,-0.418834754037203,-0.0022536429637202743,E02003896
-2.1703919592054306,-1.1805180214182234,-0.4085120676093047,E02003897
-1.6735952379215953,-1.2885466989243177,-1.2255690567385222,E02003898
0.45524595817604496,-0.028483893298418873,0.6644260463044265,E02003899
-0.5508190093705658,-0.09406807468276283,0.574579277028893,E02003900
-0.45194622165582726,-2.060405278058035,-1.2875399605991484,E02003901
0.3960681549624299,-0.18874777370924514,0.6905832749744755,E02003902
-0.8705370702433458,-1.121514077390013,-0.5090586017103287,E02003903
-0.22581583501029237,-1.162298394217959,0.1194050303686537,E02003904
-1.2762893968941071,-1.775421433118396,-0.8644675551641862,E02003905
-1.0374820573607075,-1.3324400055293055,-0.670958920071229,E02003906
-1.4409053115062667,-0.7731476885616598,-0.5877298840952324,E02003907
-0.4711204344811183,0.31677611384976495,0.006560018424203665,E02003908
-0.5007899532782569,-0.5120574446052983,-0.09776005246218948,E02003909
-0.9287054541905208,0.45203762331614383,-0.03971222627862944,E02003910
-1.8741534174863024,-0.9384210977835012,-0.7664808245077555,E02003911
-1.4470879170881272,-1.695038727486204,-1.0841434136533623,E02003912
-1.6331624425475135,-0.8574032082949651,-0.7284935815370728,E02003913
0.21132512775619794,-0.1410992704206603,0.28773035043915596,E02003914
1.8228112436271173,0.3008200604502073,0.1115468129033235,E02003915
-1.1292561025079777,0.24524132006124172,0.743951020393625,E02003916
-0.9699858335058049,-0.3698015193019625,0.7532608532030503,E02003917
-0.6836243992018611,-1.1978022663077592,-0.12287753759589222,E02003918
1.5480173760962412,-1.0165435146962838,-0.4551568336665759,E02003919
-0.473230073626956,-0.7806129497791083,0.7894381034422443,E02003920
-0.3263403764138018,-0.9902648043779677,0.05774703907884822,E02003921
0.639871253380016,-1.1476369807512017,0.12732574869908433,E02003922
1.0545947972738574,-0.7475457004941825,1.0950214055196879,E02003923
0.9917076825800305,-1.1544269222813848,-0.30827979805638206,E02003924
0.9627902114028021,-1.0466151176316107,-0.019861686763644797,E02003925
-1.3395912821996627,-1.6034686450776725,-0.6931418759523414,E02003926
-1.3794623769614571,-1.4908784538631759,-0.5072587498479777,E02003927
-0.5542796318631591,-0.8275668172894157,0.254230017476964,E02003928
-0.7295275610816092,-1.4680318063495714,-0.5469631446439528,E02003929
-1.143809071696091,-1.8544540452231717,-0.9594231506459461,E02003930
0.11237602055833822,-1.1478392457899813,0.10580409606535189,E02003931
-0.9596817130756848,-2.452241610034021,-0.9616330131137725,E02003932
-0.6346722935317628,-2.066245440035717,-0.7360276653485487,E02003933
-0.6470187695421772,-2.339172938052881,-1.0146727680781817,E02003934
0.509043166837969,-0.9716989959767554,0.31554586151335595,E02003935
-1.3774232453526762,-2.2786787447012586,-0.847293575622208,E02003936
-1.1332181368567484,-2.0913063854495904,-1.0775385568516969,E02003937
-0.708593058791135,-1.7665683181104095,-0.886039646088539,E02003938
-0.240122662364488,-0.5110061665005118,0.5593618746376555,E02003939
-1.338231447782451,-2.1211242582812995,-1.1810615415314507,E02003940
0.2481817575380731,-0.89706690962958,0.20548026049204626,E02003941
1.6477774116752337,-0.6859439186105837,0.01073190154336926,E02003942
0.1578963818104941,-0.7863330159874088,-0.050059096455768046,E02003943
0.6650170840413683,-1.1233120769887872,0.10057474720804795,E02003944
-1.3663602616777906,-1.5361428293428723,-0.12385228461980308,E02003945
-0.6007669759841255,-1.4602638389592328,-0.6087094035610942,E02003946
-0.7181580514738242,-1.78529412066288,-0.995753612419679,E02003947
1.4463052584961327,-0.44799168177908566,-0.059318186387287655,E02003948
1.411990348122685,0.5574341655389281,0.42371691165852343,E02003949
-0.6906236656896877,-1.520093786191085,-0.9532421821381013,E02003950
-0.07033290007392458,-0.5306094512611919,0.06791233430451991,E02003951
-0.1310638591776543,-1.4701504615039347,-0.228686639118949,E02003952
-0.4290473224768646,-1.9912256856736688,-0.42603316786905904,E02003953
0.15275229156673661,-0.6208115473939682,0.16833262474260793,E02003954
0.5452536255086778,-0.4738632211673231,1.017323718262172,E02003955
0.42306871021761044,-2.2321099931674446,-0.4304915946310346,E02003956
-0.012043198193675797,-1.8068587193289047,-0.42295292705426063,E02003957
0.21873463496887774,-1.8801546931357764,-0.09642522264224626,E02003958
0.7816257816523217,-1.1284355742372123,0.36022374158691806,E02003959
-1.0535366478062076,-1.3916364294506787,-0.1873678991821226,E02003960
-0.5786914636082485,-0.8493134779009456,0.7355670361668794,E02003961
-0.03727448541189385,-0.9083663487906878,0.5831856185913115,E02003962
1.6432490285614318,-0.43214376377239444,0.5813105658219684,E02003963
-0.9044573580864003,-1.8254729631384443,-0.4494554484111595,E02003964
-0.12225455240113894,-2.305281402898346,-0.5933469173825809,E02003965
-2.015783027659562,-2.2747695840621294,-1.2720912045513708,E02003966
-0.36970567355830714,-2.381695641892457,-0.9520197575733923,E02003967
0.3524287411761571,-1.4355277293375361,-0.052095371968119836,E02003968
3.094866952360721,-1.3447450150488185,-1.1684148688560134,E02003969
-1.948542996884088,-0.9678755654920672,-1.1069690411056823,E02003970
-1.7812749897597717,-1.4745149475568027,-1.4305227037070911,E02003971
0.38062394750871004,-1.2505040855284142,-0.06273685431838746,E02003972
3.3068016621876306,-0.6512797124986853,-0.2649386656772159,E02003973
1.7901562939097102,-0.6017817633330659,0.08003352020537999,E02003974
-0.7499886594805181,-1.4596034264607245,-0.15451159974220197,E02003975
-1.3938045449118983,-1.8755819695426623,-1.5563960266256027,E02003976
-0.7888508877617348,-1.6583299186175307,0.20311301067482565,E02003977
-0.0860757038653733,-0.9530756047998186,0.5712153650466607,E02003978
-1.4095963767436945,-0.6108355479490175,0.8181503948457161,E02003979
3.384428084660987,-0.6382161816479822,-0.6212521620277445,E02003980
-0.25654883757254127,-0.17201000328359153,1.3718224656227063,E02003981
-0.4501487644106751,-0.9417950543285011,0.16746685832890662,E02003982
2.7776356479224433,-0.22790591949697928,0.814266500440669,E02003983
3.853180597487263,-0.3047012811266283,1.0157482281372294,E02003984
0.5935764264967108,-1.0570056634701004,0.5518422804074374,E02003985
1.1708804070833354,-1.1297246824257647,0.1750888959900997,E02003986
-0.48045934776315097,-3.046207705315236,-1.1860008004190299,E02003987
-0.7079789669948888,-2.220095203434608,-1.5476352516533187,E02003988
-0.8984159508882461,-0.5243376752444732,0.8967249650630762,E02003989
-1.6468374431022765,-1.1110231582777326,-0.07018879582003965,E02003990
-1.3163208653405283,-2.0358097293506825,0.029389632794189637,E02003991
0.2555703863308909,-0.3800140685389855,0.5722273249150555,E02003992
-2.2111734808447157,-1.7218145465549852,-1.019322180224106,E02003993
1.3533262900467773,-0.39569133178964194,0.6244901060576485,E02003994
2.643438572030867,-0.4878039930280026,0.3266834279324477,E02003995
0.6191075576024273,-0.6330873392043838,1.063333787138648,E02003996
3.0201777708462165,-0.41600448873329293,0.06153546795540252,E02003997
2.4641329035065342,-0.4440792374951169,0.4109205932014817,E02003998
-1.415838440565699,-1.9272035252104123,-0.23040927840398115,E02003999
0.8184450742627062,-1.4441324221844016,-0.7788658419008856,E02004000
1.5460627882776188,-0.1957647848264114,0.07419806088801062,E02004001
-0.6121481952368665,-0.3950460334292902,0.5408360056810735,E02004002
0.625329070291583,-1.8712570322149216,-1.2180182786122746,E02004003
2.448163996684868,-1.070067782644044,-0.46864684764641806,E02004004
0.8014564706613834,-1.0768520364599887,-0.18385468844277095,E02004005
-1.9528987185109397,-1.7313729422650117,-1.2651699814616673,E02004006
0.11490670556558842,-2.494280147695922,-0.9031896312954865,E02004007
-1.7441545364967355,-2.3689668251930653,-1.5531987824868243,E02004008
-2.147772882412454,-2.1375378532246474,-1.0801405424022776,E02004009
0.7303387034231488,-1.0205641436696258,0.33980620584074855,E02004010
-1.1584056187607512,-1.7690427426099138,0.11509813126058616,E02004011
-2.0187523906953717,-2.19130154279825,-1.7413801965504518,E02004012
-1.3747525560678935,-2.6840271748333073,-1.043176644394992,E02004013
-1.2969551610905372,-2.8305848190759955,-1.319846904479036,E02004014
-1.4072933517414676,-1.6412817037609264,-1.629866558644752,E02004015
-1.189589255965513,-1.6930478468389973,-0.7610184116766704,E02004016
-1.0178665452991975,-1.4200334655460227,-0.46762949047947383,E02004017
0.10957873881494791,0.02706652777972124,0.26374950216648296,E02004018
-1.8994580467540525,-2.211429277251422,-0.7500552079237592,E02004019
-1.195305212519276,-0.4647618933281405,0.9605509978797204,E02004020
-2.1654941752010712,-1.890100687613619,-1.444392773386636,E02004021
-2.16354961035942,-1.8207549366526776,-1.5648738606856964,E02004022
-2.0220708034225026,-2.111259403821193,-1.4484816489160386,E02004023
-2.5858159603664093,-1.4036710535603858,-0.8763062091883825,E02004024
-1.7385101392343347,-1.1897501408194207,-0.41545534931276024,E02004025
-0.1333710299796378,-0.43894142550830656,-0.017685590158523255,E02004026
-1.548157083559132,-1.438659328918915,-0.40406754653663296,E02004027
-1.773472508668597,-1.1301193716957474,-0.3298985373125672,E02004028
1.3974633694009218,-0.8236958212652197,0.27931135723713946,E02004029
-1.6061556848790006,-1.0123234079505354,-0.8136296044132766,E02004030
3.1318855612681125,-0.7889735152861497,-0.6562049299205884,E02004031
-0.5950981752708893,-0.9148345591917848,0.8869485455781821,E02004032
0.16233436829300155,-1.3203773358658453,0.7018501895205979,E02004033
-0.7957346502909914,-1.0692431598575036,0.4851774523875314,E02004034
-1.8162313440095157,-1.3974496654965727,-0.5010794213859507,E02004035
1.220648787706963,-0.8914255023651398,0.5142909953459395,E02004036
-1.2741901566519134,-0.19817666469822925,0.9439991865548482,E02004037
-0.45124273411350907,-0.24414972418962108,0.18052166917315995,E02004038
-1.260083726854905,-0.5468615641020294,0.37311539376088454,E02004039
0.08350343760460904,-1.2716305307965619,0.610246161049442,E02004040
0.07461677929185913,-0.5042293776871739,1.136990139229758,E02004041
-0.6094286599868435,-1.0700014975033736,-0.2834496796759688,E02004043
-2.61412709451187,-0.4435520866889872,-1.0065452236796417,E02004044
-0.6347039959608763,-1.1956734674609553,0.12611510536601833,E02004045
0.24055789769203265,-1.4440871963558888,-0.5362032436926286,E02004046
1.8746670620144843,-0.99060534700289,-0.4389464371318415,E02004047
1.685331832907671,-1.3374733813949449,-0.3451804842659749,E02004048
0.26761185771352747,-1.0272088920224582,0.06027190828547475,E02004049
2.1489974480900336,-0.6622033670700237,0.10345368873818943,E02004050
1.5113476359938607,-1.6868943949860267,-0.25904926932611383,E02004051
0.045957518947818875,-1.5000364235448294,-0.38441480887481444,E02004052
1.4153851731404907,-0.9908020077704607,0.35852784289061174,E02004053
0.10519179678739952,-1.0981556796904757,0.6122915532200894,E02004054
0.8954596647737126,-0.7908837294697059,-0.11769892855928418,E02004055
2.788126220712103,-0.8726403944365173,-0.9996984122167814,E02004056
1.2500447942702306,-1.1062150876649879,-0.016408231607618905,E02004057
2.7140659555289037,-0.4913537117259983,-0.6588957890324406,E02004058
0.1495856524609359,-0.7981441300944703,0.2968597634882249,E02004059
1.4000077713151515,-0.9581781519027419,-0.006479547608837374,E02004060
1.3927141775023286,-0.09867086929150481,0.22715119607179254,E02004061
0.8617918894842964,0.21346589129694343,-0.26851109260409034,E02004062
-0.659300342926809,0.1840998722600669,0.8332494063622248,E02004063
0.934964719682423,-0.09774967703742311,0.3960569139547122,E02004064
-1.9908169199308927,0.3045816379753787,0.8223628439396203,E02004065
-0.1841259043491721,-0.27268148823010313,0.7546448619593907,E02004066
3.771383112206044,0.3725261155151732,-0.859704931918845,E02004067
-2.048679014503026,-0.9594304298808233,-1.281440752568839,E02004068
-2.3870151906450046,-1.1818226075649965,-1.202744558596441,E02004069
-1.426336669213667,-1.7666060290026173,-1.2310034958249563,E02004070
-1.1965933784976464,-1.2806155591246662,-0.5373285786603773,E02004071
-1.5978407763838671,-0.5825250877561227,-0.036677625832599155,E02004072
-0.4392704000964084,-0.9600861332059845,-1.0313500198107484,E02004073
-0.8084843010983398,-0.8482599392767736,-0.38566990572673077,E02004074
-2.048770432106559,-1.64954198258338,-1.0742234821313918,E02004075
-0.015538390016423174,-0.36946887218662905,0.17054924832564913,E02004076
-1.9860310022804768,-1.716298184610344,-0.9368318381124715,E02004077
3.5638166993941676,-0.4311706513605902,-0.07241268550493371,E02004078
1.6352111681926937,-0.6840816303994038,1.027221959762447,E02004080
-1.3526503441162323,-0.9113807329031994,-0.5253908566871177,E02004081
-1.582293259920989,-1.1401577522958795,0.2356206015076602,E02004082
0.5265917188837778,-0.7904497833929987,1.0815970758792584,E02004083
2.1114813837996755,-0.8569306108356174,0.37606588379954303,E02004084
-0.17676070408600175,-0.9610327109113834,-0.06706427526761957,E02004085
-0.9542795686528849,-0.41921518119381573,0.10875114898439336,E02004086
0.9623274960896271,-0.1856204714389156,0.8697778897881193,E02004087
-1.3809793630452116,-0.2431315446544265,1.0354390111161216,E02004088
1.8192217542261269,-0.23822891389532916,0.6047881665595217,E02004089
-0.542851272986549,-0.8023905045332476,-0.13197926583885342,E02004090
-0.4856621263868421,-0.9058382253651222,0.9312420788573643,E02004091
0.5157263335656359,-0.33854789306510286,0.6789614673302927,E02004092
-0.7463896435968961,-1.2088287222303864,-0.8417465322441795,E02004093
1.98532503070315,0.017801321419104392,-0.296759843206617,E02004094
0.11495469436380722,0.1890260280299983,0.31023676870458955,E02004095
-2.368853678608736,-0.8013253560984719,-0.6255007822981318,E02004096
-1.7173841933303982,-0.6394959630025712,-0.23214299622521903,E02004097
-0.32250292980246775,-1.1191795508006162,-0.8826497962739551,E02004098
-1.9153794663306332,-0.7748183420488036,-0.5349067722152019,E02004100
-0.11505993766852618,-0.5814647308556108,-0.011837524214606545,E02004102
1.4146996602116457,-0.7124847451918649,0.22519228496439395,E02004103
-1.705647184386742,-1.5505543265939477,-0.4340465369617809,E02004104
0.26148333270933954,-0.7866339245872263,0.39270940062087833,E02004105
-1.2792370900748986,-1.1202318328851604,0.06356667568839328,E02004106
0.32237779791075677,-0.7980803415913458,-0.5824831497416597,E02004108
-1.9037635479700603,-1.1163891545389506,-0.5424598329431503,E02004109
-1.4557047311683005,-0.1728295679952601,0.8521617570015632,E02004110
-0.27916706252324874,-1.5491643680865839,-0.3454562516596208,E02004111
-2.019452775541603,-1.0055042056185084,-0.6113269908224044,E02004112
2.664310765490838,-0.6984612575505648,-1.1501444572170698,E02004113
-1.4659920576277785,-1.350820327567971,-0.4506846119527887,E02004114
0.03820104472127466,-0.8935604978905389,0.21079212664951755,E02004115
2.1529841773734137,-0.6887254041263744,-0.3478807281688987,E02004116
0.353302526028492,-1.3305386042526304,-0.8631135350916708,E02004117
-1.965934451932013,-1.4018707460549362,-0.6666356964242508,E02004118
-2.1845481470501795,-0.2720363814443491,-0.2759680538895847,E02004119
-1.1895081651865111,-1.1024001628285187,0.2692311353847593,E02004120
-2.297754346361638,-0.8495562430405266,-0.5712308171913641,E02004121
-2.521980183190185,-0.8947652502713501,-0.632574388512163,E02004122
-1.8599155617027392,-0.8442097652488637,-0.7881300359645805,E02004123
0.8165601407820644,-0.773244110808067,0.6897291617085742,E02004124
0.7760393336253438,-1.1582979311393031,0.6342470100152564,E02004125
0.27923615535991675,-0.6690146476672995,0.9526809326981944,E02004126
-0.7589579456482892,-1.656078696686119,-0.335584864065282,E02004128
-1.6986260649014386,-2.1596807338134894,-0.8985732216101618,E02004129
0.19832710495845332,-0.8787168973089864,0.25100063853925353,E02004130
-0.8289441173190748,-1.0436345499675592,0.5329778092708987,E02004131
-1.983260464722324,-1.4398448649782762,-0.822100350079294,E02004132
-0.5441546956155392,-1.7029680670645162,-0.4308813406198456,E02004133
-1.7385613233978574,-1.5285290500175914,-1.005397624002323,E02004134
-1.7274609328222252,-1.5482952740028801,-0.7813377714307944,E02004135
-1.7181531524177522,-0.9404308622521624,-0.40659455272157297,E02004136
-1.876192259003505,-1.6343853905041186,-1.0015580822877685,E02004137
-0.35974417625697996,-0.9995584426101881,0.9410389866801661,E02004138
-0.47723174984533073,-0.8127268248919717,0.25605037173957207,E02004139
-1.5850767582311085,-0.4709924182339315,0.3844591207407479,E02004140
-2.110028128855733,-1.1496428852548144,-0.8157672587958958,E02004141
-2.4200366112917493,-1.0146059688818212,-0.49007510251771935,E02004142
-0.8560607403375161,-0.5968651436596274,1.0016477136854616,E02004143
-1.059035981603148,-0.34782955196153365,1.0557456108003511,E02004144
-1.6709913710360387,-0.5055217095967218,-0.21718776336560164,E02004145
0.2703482693404568,-0.5220358382804787,0.2957910253710428,E02004146
0.020617884595700926,0.0899990303116531,1.3553072882992632,E02004147
-0.26685993079550235,-0.5746804418669256,0.034049168851582344,E02004148
-1.7557618065461724,-0.34842802140085993,0.5856920342257145,E02004149
0.702949714114197,-0.302393044281689,0.12238869956698348,E02004150
-0.02745173659240052,-0.39833878334440465,0.5113310692470282,E02004151
-0.25063504825486016,0.38979198625237527,1.251523568831625,E02004152
0.06477747729418742,-0.23888463427361312,0.3029344747959195,E02004153
-0.9192341593478656,0.8121538467061169,0.9115762593873824,E02004154
0.9903135856480579,0.2433433947433162,0.1573985831060847,E02004155
1.0297690529773873,1.0000007541347533,-0.34769251240818017,E02004156
-1.9834969272866132,1.6635267078003797,0.08274615520744115,E02004157
0.0014210512512533111,0.3171778721105341,1.1070652491463022,E02004158
-1.559507391735673,-0.23152329987120673,0.4693032067732926,E02004159
-0.09776025184943694,-0.5360039625030413,0.8190757638370307,E02004160
1.7758030139808074,0.2043209724734593,-0.033931114449628284,E02004161
-0.8841810492291898,-0.3294056612315764,0.43654004346233916,E02004162
-1.1394613683579453,0.0330099781250348,0.09894661015364985,E02004163
-1.8513368884668469,-1.9611652410875293,-1.146081914473788,E02004164
-1.5859135035861769,-1.7674893676107368,-0.023374009197698005,E02004165
-1.4735022566752256,-1.4969553379574145,-1.0092786813401995,E02004166
1.3787528200772152,-0.5024538208757786,-0.0003443455701868089,E02004167
0.9647976784452063,-1.2017761556714064,-0.3961646015582128,E02004168
-1.5555109623168304,-1.537235419293455,-0.621658936468408,E02004169
-0.048200707432574166,-0.7273500941208848,0.7511055604366582,E02004170
-1.8484730915098608,-1.3215567162979693,-1.1957685064004182,E02004171
-1.427216905962338,-1.9876224211563942,-1.0780184522028904,E02004172
-1.9271208389690413,-1.6254315161925217,-1.2560684559787998,E02004173
-0.19589208767161453,-0.5991815704496358,0.565096360220748,E02004174
1.2705389285382107,-1.173257930834501,0.29924482937123387,E02004175
-0.8759897305536845,-2.37679394706665,-0.7601486919045681,E02004176
0.48860267589918627,-1.405786046743781,0.04291310304460368,E02004177
-1.9995208125023851,-1.5377021438821523,-0.5836118208421667,E02004178
-1.2603055823319267,-1.3796445184767023,-0.09974538052099628,E02004179
-1.9553151229145918,-2.0967504608575673,-0.9536685282707855,E02004180
-0.016430318979711363,-0.4829486880657903,0.5164894472738681,E02004181
1.6577747603744273,-0.6988473350442144,0.16658377000511024,E02004182
-0.024870866566610278,-0.6504269323674571,1.0037048167576252,E02004183
0.5976322257748219,-0.2732560754392797,0.7156256418166763,E02004184
-1.0866361368966206,-1.720482885640791,-0.1974460304971452,E02004185
-1.0985675967012807,-1.7706013121635276,-0.2797483624749595,E02004186
-0.7989021573590621,-2.434444023575764,-0.9439700343613369,E02004187
-1.0437969264909037,-2.5270237270216813,-1.180789119051419,E02004188
-1.853180643814648,-1.628705821432442,-0.7374672125733743,E02004189
-1.8812747304352129,-1.414654957656936,-1.5388288002524537,E02004190
-0.33119428512366256,0.367327569719783,-0.4692287809166956,E02004191
-2.184358930590685,-1.3627736423943506,-0.9186334831403188,E02004192
-1.1513706573708984,0.08116675234960202,0.9735539312043618,E02004193
-2.157214305631905,-1.1155018456055277,-1.4232324325795325,E02004194
-0.6067746335653483,-0.35847501259014874,-0.43502289296744084,E02004195
-1.9967702739124549,-1.0753071625782287,-1.366270387614368,E02004196
-2.1141319884442336,-0.797303460467074,-0.865163972280958,E02004197
-0.3432258431634985,-1.0921238289126898,-0.268810591379539,E02004198
-1.5875800345641506,-1.850628322065296,-0.883480555751883,E02004199
-1.6460240225128389,-1.3276962535420116,-0.9417622906387847,E02004200
-2.053318447299195,-1.6975229248084966,-1.0605217201656079,E02004201
-1.9895514964445746,-1.117099333671809,-0.8453822477830141,E02004202
-2.3942283648320184,-1.3729754586526308,-1.5328713656586899,E02004203
-1.5115547450061895,-1.0089452414839006,-0.44615104781039,E02004204
-0.5098120091141072,-1.2133739843716702,0.4712724036845006,E02004205
-0.10462555100563427,-0.9042097132796704,0.09237351304670255,E02004206
-1.4461859884513635,-1.4674551055949505,-0.45145825418836144,E02004207
-1.1903071897616984,-0.34592604780543773,0.8524085438589407,E02004208
-0.37507404848418197,-0.7082132261594245,0.9687077551326636,E02004209
1.2398825416112416,-0.18870950925583924,0.8569505561088119,E02004210
-2.1824886874173357,-0.978089914749341,-0.32004446517661267,E02004211
-0.5425609446579146,-0.2742734888690678,0.7840656353799145,E02004212
-1.5316345968323144,-1.5069561129249491,-0.08561807380603129,E02004213
1.0333612685680766,-0.3617406604593166,0.7222724801104407,E02004214
0.25941730970455407,-0.47429931023362826,0.23895928199800914,E02004215
-0.0038778699343588715,-0.4346873417823703,0.9135185841974185,E02004216
-0.7265315360779155,-1.1057762467469887,-0.7180773421548777,E02004217
-1.0995426877102896,-1.2589030963357875,0.05107904752159459,E02004218
-1.9168708702972719,-1.2319211609363636,-0.47385551071127097,E02004219
0.3543707735567785,-0.8338527212612155,0.3564374323231979,E02004220
-0.7606848650045892,-0.8256070699341866,0.7930928167839116,E02004221
0.7972986153866493,-0.3951524139740852,0.9989249046937965,E02004222
0.9377646988973979,-1.7010546635565154,-0.218816941437678,E02004223
-1.3061889176722785,-2.2882174217702635,-0.7986288704281432,E02004224
0.3201979409124635,-1.5472086665415326,0.09410581000881099,E02004225
-1.4020166410725519,-2.3390618694019194,-0.9322264156704839,E02004226
-0.6436499487761889,-2.6145266372493285,-0.7682642819381393,E02004227
-1.1735427349074599,-2.6433072306776357,-0.8674223226700026,E02004228
-0.9452288576250578,-2.4010385830519154,-0.9800780645265944,E02004229
0.01026957089013529,-1.595783904351793,-0.3628307118962685,E02004230
-1.6585911847109294,-2.050708980754539,-1.5967901353891096,E02004231
-1.5328113605388183,-2.2403601567571205,-1.154921720961421,E02004232
-0.5935377892141335,-0.5465187202480097,0.15658350157181636,E02004233
-1.8786769343893326,-1.5786799376734766,-1.3477573131590121,E02004234
-1.5772020805487055,-0.8923194490260585,-0.9634660954096408,E02004235
-1.2110414698928487,-1.5721820414541974,-0.29512603933243126,E02004236
-0.7196867413357989,-0.1317591760149236,0.7935280910706796,E02004237
-0.8143415436158498,-0.5680265908014838,0.8928300580179475,E02004238
-1.2030645165508898,-0.5895241742216365,1.1563476189770914,E02004239
2.1488266939612326,0.07006199830522472,-0.34582948040179323,E02004240
-0.25028317239234993,-0.1187442802961322,0.5304792834732989,E02004241
-1.150927088275366,-0.020956082949238734,0.9597862588793479,E02004242
-1.8077275419877004,-1.6309877802835582,-1.0169773234511574,E02004243
-1.7305611724662562,-0.6371681945242249,0.8328181458306717,E02004244
-1.1401684597022719,-0.5261851325735314,-0.05553488878565607,E02004245
-1.884246028858905,-1.1501192485605098,0.09760220098884068,E02004246
-2.183066951090279,-1.546320158878965,-1.2659354284270108,E02004247
-0.797594710310743,-1.0653782956462616,0.5956029691968273,E02004248
-2.3686502503737983,0.02186916874257323,-0.019156956634136576,E02004249
0.06969732394510289,-0.6427409517787329,0.700499755076676,E02004250
-1.4340529247446396,-1.1573061704531515,0.6004306260662909,E02004251
-0.4282096697170425,0.11404781003616965,0.01524388480920801,E02004252
-1.6716732513313919,-0.9025833273924767,0.6261121003839493,E02004253
-1.5761611025279432,-0.5769531932601799,0.3843629428700555,E02004254
-0.39605562824464535,-0.7857024766100481,0.5846835348543864,E02004255
-1.6825346448687315,-1.6891374988157233,-0.5775872504579667,E02004256
-0.42809434973383437,-0.5029021324305333,0.4572098419454239,E02004257
-0.9030792656676034,-1.72936753052544,-0.6818152449462058,E02004258
-1.4395946281101373,-1.4440591088769765,-1.1278631236259293,E02004259
-1.727324122964061,-1.4920195148818671,-0.9598436883258139,E02004260
-0.18622100587816895,-0.1166988612158877,0.49939128461218346,E02004261
-1.5957534081720015,-1.667358109173613,-1.291058581454907,E02004262
-1.4947714211156937,-1.3957488874850614,-1.0970166467131548,E02004263
-0.7099196515108589,-1.3766177120729812,0.48920968094378187,E02004264
-0.663885747905863,-1.3147270500463772,-0.4411384032680895,E02004265
-1.1497288709364712,-1.5834843665506901,-1.1672134969183883,E02004266
-1.9647865370893332,-1.7192350853026148,-1.3296748146267132,E02004267
-0.43307601932689893,-0.828761955065466,0.28995555247085253,E02004268
-0.50720816789249,-0.22469886918093593,0.061885138500879254,E02004269
-1.9369857816405947,-1.629840444105714,-1.100447878034307,E02004270
-1.2202972084870387,-1.9096359349578764,-1.1877144622622662,E02004271
-2.0981772651388013,-1.4785012535403037,-1.3823880039859084,E02004272
-1.2834614724463547,-1.479059438988291,-0.9864156252920864,E02004273
0.009461209269007339,-0.685741206382991,0.3269201165150369,E02004274
-1.7308327908296854,-1.7184161007915897,-0.9103941061970703,E02004275
0.04672268802136971,-0.631848812837106,0.3306358809793117,E02004276
-0.2690486916813922,0.15998266618800977,0.06335783536598572,E02004277
-1.0149738108590425,0.21376769002809767,0.5928227082273108,E02004278
-1.7931903664080167,-1.5369590588203041,-0.9888378134268597,E02004279
-1.185532940318479,-1.7940242608675614,-0.717531702473241,E02004280
0.7113823973157227,-0.5157625864409875,-0.32605509599149896,E02004281
-1.447742872927361,-0.49486913092969914,0.5807398749092735,E02004282
0.009248443874417455,-0.5653453200066335,0.2260024562413015,E02004283
1.3008609637076103,-0.028319818624747105,0.8424695899870775,E02004284
0.9791369966935337,-0.2331237610227306,0.8083561084483749,E02004285
-0.010947967488332723,0.10077101218902323,0.7519206407946054,E02004286
-0.15994744494677182,-0.308529433959469,0.8878229570555695,E02004287
1.3886301905606453,-0.745415939229011,-0.20695736049781055,E02004288
-0.1447689375289653,-0.9532333825456565,0.7459088613828784,E02004289
-1.025930655882857,-0.8654214813505482,0.35021959841255434,E02004290
1.381312212041954,-0.9928605407669087,-0.10034799293840688,E02004291
-0.7408377435087584,-0.45836811445894465,0.3704688129487688,E02004292
2.3756833069959398,-0.3503926944513554,-0.464429861731306,E02004293
-1.6637019274602065,0.04912128721385376,0.9230061201686537,E02004294
-0.07142734253621816,-0.8930302381244365,-0.33947498833993905,E02004295
0.7576237425072667,-1.077918450002509,-0.5862466266858741,E02004296
-0.7000247932966736,-0.9211867309862241,-0.02649615432324304,E02004297
-0.9141866786105447,-0.5483812376826342,-0.22451553680411848,E02004298
0.8571492285273892,-0.9574827541798505,0.12412803708479858,E02004299
2.0089188046031183,-1.034918737747191,-0.5586283963570576,E02004300
3.231911255210995,-0.5875719776072875,-0.38952807638297526,E02004301
1.810814927699991,-1.3570026717248973,0.35991529674593464,E02004302
0.06758194298037634,-0.7052621247033609,0.7749347761637949,E02004303
0.77958264965255,-1.0250736166042989,0.24100789575993609,E02004304
0.6885402204639258,-1.7508178642135561,-1.1051062602641986,E02004305
-1.132026824190109,-1.1925795117913718,-1.1225117818456076,E02004306
-0.20799380201738124,-1.4990288742271138,-0.8817755178834774,E02004307
-1.6436759806297996,-0.5070736380604532,0.29913310281161876,E02004308
-0.34789979924102893,0.33139915849963514,-0.05652925991524642,E02004309
0.5999054370094062,-0.8353998351726912,-0.8061987715318554,E02004310
0.05203243252573679,-0.953931685526204,-0.9251437970571801,E02004311
-1.4513683411272966,-0.1679128175546587,0.48816595970748256,E02004312
1.8097373721873244,0.3230310315156366,-0.8762900001085264,E02004313
-0.6607065882899691,-0.45253170226513223,0.4715655389860744,E02004314
-2.5737488053644744,0.45282942721381203,-0.13807310192750144,E02004315
0.6515065528048132,-1.2005047943701346,-0.5568581123477239,E02004316
1.253559354946267,-0.9535543720491434,-1.1541206849884051,E02004317
-0.6990334499053132,-0.5581323384022746,-1.0188693613116357,E02004318
0.2799077560625673,-1.0821458642349784,-0.7056931146266673,E02004319
-0.2916196125651726,-0.8109217255247612,0.2035096489366968,E02004320
1.3715188979602224,-0.6371241977484314,0.7348681082794191,E02004321
3.9585088551508107,-0.535954147263268,-0.9493081524731856,E02004322
0.7923741505800002,-1.258506034960121,0.3240364166562882,E02004323
0.9993088749499658,-1.4967973934025731,-0.3411554784445838,E02004324
3.892807169146018,-0.5641501167529869,-0.5354038675707866,E02004325
1.8272774715794033,-1.404992964806931,-0.7087806251964214,E02004326
3.1246361914221428,-0.5252433945499768,0.20474131877715615,E02004327
2.041563166106331,-0.40581373101378604,0.40947974605754267,E02004328
0.49658482993339925,-0.2890303048068189,0.37318893335470843,E02004329
1.8267042529045772,-1.2687409616470875,0.024654849147942876,E02004330
2.169675966515517,-1.157633992094603,-0.4609866197846659,E02004331
0.47576508472278567,-1.5139039285133207,-0.667939250720672,E02004332
0.08256701444604192,-0.6887817477442373,0.19164316556057198,E02004333
0.9964247105665286,-1.388370805866564,-0.4344697247675277,E02004334
3.4363567134073456,-0.8531051460262601,-0.6742117805296547,E02004335
1.89147758972406,-1.1995481495854694,-0.5110862639660512,E02004336
0.7554020461943967,-1.2212035629149007,-0.3359697214409076,E02004337
1.3126406624345326,-1.6007233218060144,-0.27309101874820013,E02004338
-2.0546247228224104,-1.0622043154733958,-1.217463889059895,E02004339
2.683670957256365,-1.1254022889182345,-0.3699559863049555,E02004340
-0.9446882735958285,-0.41140689959363,0.44062437071454996,E02004341
3.8837994592155125,-0.12983604655028397,-0.4444402338433644,E02004342
1.469763508181337,-1.0064425309031972,-0.31116866995689446,E02004343
1.1471818547085815,-0.9555347315407505,-0.35971608336671357,E02004344
-0.5123326644591765,-2.1559764542352413,-0.99092705253469,E02004345
-1.9479774147271431,-2.691068187022254,-1.6140499608839478,E02004346
-0.09866257767931057,-0.9568634607871078,0.11758815242957553,E02004347
-1.093016213597565,-2.2781427599137483,-1.4868380743460918,E02004348
2.2828563945811413,-1.1950038813450976,-0.926736601418626,E02004349
-0.0042852907124399115,-1.4460904755987338,0.02700426219014559,E02004350
2.826197835479495,-1.0575281266822454,-1.0376269477760367,E02004351
1.3900476129325345,-1.0793861824687556,0.19407361992421693,E02004352
-0.24957766387567923,-0.3399152882611059,1.131985682319406,E02004353
0.6411321417250002,-1.2660074352318436,-0.2681211212632879,E02004354
3.5240320217750885,-0.18722202539403932,-0.2704741937766341,E02004355
1.3398007890558692,-0.07990771906429803,0.3980796087767893,E02004356
1.3373541499064427,0.24460050529769706,0.5575429908606152,E02004357
1.0781968982800205,-0.3073457417352148,0.5884714136296546,E02004358
0.49786773955996705,-0.05692077885205103,0.2099495191287261,E02004359
-1.1573114406318374,-0.06118949550043203,-0.2881422561359158,E02004361
-0.14134227260132434,0.07553723450178479,0.9845339800128368,E02004362
-0.8036512298705233,0.35633997685707014,0.5000540838752302,E02004363
-0.9717706066692952,0.8797148224716477,0.6451920129490102,E02004364
1.4427970379069992,0.3372373854514767,1.1406224276113675,E02004365
-0.3138341161414819,0.5608958644316427,1.037443751179239,E02004366
-1.7779459062823735,-0.1581554483437267,-0.1261655043629865,E02004367
-0.8355373698404766,-0.23590395215424828,0.6734811578953122,E02004368
-0.758586934133219,-0.37703401171298034,1.0040436125954932,E02004369
3.2075035958829203,0.35452289135570536,-0.8900069068119192,E02004370
0.8440398130003716,-0.604155358193972,0.22442545659132013,E02004371
3.35030434172881,0.4236412061778527,-0.45180594859497414,E02004372
0.4401177340524247,-0.03777444894576374,0.761574239756687,E02004373
0.2920506701476743,0.42002142630158407,0.7056815230815774,E02004374
0.7727843988680967,0.4768897997932969,0.727467324496439,E02004375
1.9293307813944345,0.7272246298208569,0.7051093375700548,E02004376
-0.13619682331645627,-0.3058865413422232,0.7976073227061653,E02004377
2.6973383957629244,0.9030983568118615,0.6807158660813255,E02004378
-2.317051300910049,-0.32166321673699344,-1.3374144640291865,E02004379
-2.7699972339873287,-0.5652651476151098,-1.2976676187566611,E02004380
-0.9714466346122976,0.8718609637054231,-0.5611619444609877,E02004381
-1.5282933332593647,-1.0259053961746036,-1.2522677839006775,E02004382
-1.985534366216985,1.2144772815172045,-0.5945468501821117,E02004383
-0.9813844997088331,-0.37643119826630334,0.7428692851393425,E02004384
-0.36150930467494424,-0.3015359604506631,1.2239760135040936,E02004385
-0.31963780542786124,-0.5978508926932778,0.6871546457155847,E02004386
0.7961420461772225,-0.24359689164531034,0.27721619295500854,E02004387
0.4628598786424994,-0.4860223132991271,0.5856327734349297,E02004388
-1.434875699154705,-0.45946970061914766,0.6537292008676261,E02004389
-0.6287049116215072,-0.45368019807292004,0.2889786015044379,E02004390
-0.5810138794758335,0.16389416158721404,0.6120875005654257,E02004391
-1.848305181196451,-0.9539974824162559,-0.9742028232984739,E02004392
-0.9697554861797535,-1.5802199232723637,-1.178110111481049,E02004393
-1.8178458506680792,-1.2959216926010153,-1.1711091877250759,E02004394
-0.0646272677250472,-1.1809974226925075,-0.5726354830854347,E02004395
-1.4893837163224826,-1.4093655732319643,-0.5700163974153295,E02004396
-1.562196794302814,-1.0515537903587746,-0.9068192477810465,E02004397
1.7054411573568065,-0.19406573844967834,-0.1684449341179227,E02004398
-0.13319794881062114,-0.6622828338044915,0.8883185324264249,E02004399
-1.3364410419259407,-0.8662384589096707,0.3256185494674699,E02004400
-0.6555615785980716,-0.21042893746455074,1.0213545061723843,E02004401
0.6744614832287197,0.0482261202952504,1.2568595219341558,E02004402
-2.680137801481569,-0.28269145603204826,-1.2231969641675284,E02004403
-3.087664606117756,-0.6535823673430119,-1.3416997288989811,E02004404
-1.7955869953842456,0.26781604692875727,0.5587971667093313,E02004405
-2.1715897976884575,0.010545406011741332,0.281293151878653,E02004406
-2.7277506174506567,-0.45672524925950947,-1.1917367929118965,E02004407
-0.9510819992127313,0.12098326748457741,0.40367411193525565,E02004408
-2.694740924421622,-0.8775737393644144,-1.0964601082753953,E02004409
-2.4968994754151894,-0.8498102485501046,-0.9912798259387923,E02004410
-0.8492130506542265,-0.1704710831996013,0.5545006074638683,E02004411
-1.3863776217693002,-0.42721158787285773,0.4817981983195081,E02004412
-1.9952158370387214,-1.1759304122565903,-0.5451328844269431,E02004413
-1.547183967295947,0.06660025527530479,0.5624149664811571,E02004414
-2.271025363331293,-0.970719871323208,-1.1900028569847305,E02004415
-2.080132099800325,-1.351125957663827,-0.8543145371743168,E02004416
-1.0088777994045084,-0.7635940877437949,0.699975086228338,E02004417
-0.08487779955909115,-0.5229607277026739,0.37493321129568835,E02004418
1.0208450129447333,-0.8512365556204153,-0.49384632581370885,E02004419
-2.024328438182244,-1.4271277283648844,-0.6094481960807347,E02004420
-0.5914770365336982,-0.8859488298076678,0.7143249203674387,E02004421
-1.4106542458149967,-1.2262661666408348,0.12563570285394884,E02004422
-1.446270725143906,-0.9527524920021394,0.6135449160710811,E02004423
-2.392908237202745,0.6229830116935559,0.6919762395125388,E02004424
-1.4419071916218225,0.24090532700866205,0.3463964689182412,E02004425
-1.5663211321015607,0.5328998903565174,0.3256838793440934,E02004426
-1.5401952157789758,0.013493012676571658,0.37743244169473594,E02004427
0.19200849071133363,-0.19782210075614265,0.6941115626304055,E02004428
-0.9028895685992242,-1.020636900496884,0.7651806647479393,E02004429
-1.3761104000976099,-0.4198968849613026,1.2544002074812581,E02004430
-0.6717668503076633,-0.33049425011376715,0.684228811140041,E02004431
-1.439797718586644,-1.0861003513753174,0.15319808077124683,E02004432
0.39585218059443067,-0.11006827467177194,0.07122772937765062,E02004433
0.6946553829458134,-0.9765469666190325,-0.06256857430027929,E02004434
1.5137261453396471,-0.4216828248475211,0.16794075285690635,E02004435
3.868603021448429,0.42647534501562173,-0.6436261363181415,E02004436
1.2597882357559658,-0.24460557660315588,-0.3519256674866614,E02004437
2.126541332358106,-0.12336681292729994,-0.2781770986796623,E02004438
3.5578135108091264,0.7166142672548509,-0.7353140505537024,E02004439
1.3860072598932134,-0.00030595913922107674,0.30364752580544896,E02004440
2.381940537232193,0.0681291087182237,-0.2577694216628435,E02004441
3.865585839833173,0.6220938756263773,-0.7386624375861616,E02004442
0.05439592833911555,-0.12979885295415566,0.2438598461201046,E02004443
-1.131940276108114,-0.07572544018378097,0.41190293867942257,E02004444
1.4796935709710968,-0.6294674002889084,-0.3956463601498637,E02004445
-1.3127826372001985,-1.4057366904755102,-1.0205652089161104,E02004446
-2.1975118200363086,-1.5199660198469547,-1.2589179863302244,E02004447
-1.1361246893198742,-1.5175091652857058,-0.46988605508414993,E02004448
0.8131212060829842,-0.15007435824855528,0.4741195794919539,E02004449
-1.9392604594029854,-1.2977348884941027,-1.1628070759087992,E02004450
-1.1779673244233422,-1.0889805329694386,-0.23750916644484407,E02004451
-1.1518678721246813,-1.2602626364249676,0.1108197760398589,E02004452
1.6376186179309864,-0.11300114602220468,-0.322656862114121,E02004453
-0.05073090615902135,0.14464751925894112,0.9550937810475943,E02004454
-1.6703370690174408,-0.6979084566579135,0.3385234594078871,E02004455
1.038916389712275,0.025870545979883336,0.4436505814709729,E02004456
0.019971219674064164,-1.034424543735968,-0.7810895848168067,E02004457
-1.5883157151805642,-0.31723707060206996,0.3608168549785112,E02004458
-1.5791270097971162,-0.6605440675046167,-0.7771154814974547,E02004459
0.17483125542477163,-0.8535488287839426,-0.2916245219647526,E02004460
1.395765767054276,-0.39257467331716817,-0.3813058189314874,E02004461
-0.34725034521344406,0.09703610354133385,0.2768722059980466,E02004462
-1.2431151431413183,-1.18096499789245,-0.7333828101499107,E02004463
-1.5363289858571172,-1.0990505704745044,-0.37387655599207115,E02004464
-1.7225109870423758,-0.7403466652027966,-0.6440026883804056,E02004465
-0.52214686665719,-0.09983179486835476,-0.030796067856376647,E02004466
-0.029261747234808018,0.6050391038404578,0.18595906546940458,E02004467
-2.7552708516467646,0.5029709238128207,0.12108620727457156,E02004468
-1.9927459867482131,-0.5833765909137655,-0.029967143029980898,E02004469
-1.4596160678891148,1.2058174695135435,0.23379617941602054,E02004470
-0.7903262732883016,-0.1745530498771853,-0.9159641785009249,E02004471
-2.2948927816785067,-0.6188900329843158,-0.14493657836579357,E02004472
-0.4131546782913056,-0.2927513391727487,1.691631019402594,E02004473
-0.7865522834409661,-0.9482246690239786,0.9892198452956582,E02004474
-0.8014561791926484,-0.4734639271330828,1.4844648262697195,E02004475
-1.2469713578701511,-0.6731948052659432,1.1239133819464002,E02004476
-1.2990506642542639,-0.6140769253846521,0.9937186682991898,E02004477
-0.4533784815601824,-0.6557961236814275,0.46600086988371586,E02004478
-0.784126628789152,-0.6112912433060793,1.2537357293470577,E02004479
-0.09264120597866657,-0.7369302896457445,1.3930501355279747,E02004480
0.43784688758573787,-0.9672896042093573,1.6180822912481823,E02004481
1.958363096063515,-0.9972852058020331,0.022361895185482233,E02004482
0.13979621541867335,-0.9955933719530156,1.3498259506311194,E02004483
0.7289545545956604,-0.7853321081450536,1.4795173720783399,E02004484
-1.5250424901535355,-0.8000377568034608,-1.1640179824511259,E02004485
-1.9047730257651614,0.13360544151594878,0.23485836989605852,E02004486
-0.4107363551089112,-0.8082082476457745,-1.1667336178031922,E02004487
-1.280074624931135,0.0708338136895546,0.8169661389507361,E02004488
-1.6404297956489944,-0.3462929038319371,-0.6857453116531186,E02004489
2.3407231326731357,0.813078327183832,-0.7974421889872818,E02004490
-1.7649791544051583,0.43663119451528887,1.006152820834339,E02004491
-1.3683742370102674,0.6464040344669674,0.35474931217399247,E02004492
-0.5955793713052948,0.9776239774293932,-0.14906127753882215,E02004493
-1.6122534600792198,1.2377699271655092,0.1404794665007779,E02004494
-1.3503119841393885,-0.8863478208825691,-0.6952880577607612,E02004495
-1.9469042131019827,0.8177760796353709,0.762062038292738,E02004496
-1.9271696372121236,-0.33158591556088735,-0.059545987692642514,E02004497
0.3287979386393441,0.5002389288272441,-0.12529834474225085,E02004498
-1.171707169347098,0.23767916840195516,1.4912764818230517,E02004499
-1.7761091388373689,-0.5248408722924919,-0.6154539190004616,E02004500
-0.8010589877209963,-0.44420453567369816,-0.2953173903002106,E02004501
-1.941191295146375,-1.0341038369886886,-0.760448113492,E02004502
-1.3498381998959919,-0.4807774360747792,0.9168650315736628,E02004503
-1.3157310204152233,0.1842744307139578,0.6724811056324345,E02004504
-0.8637107823669958,-1.6772566794439985,0.10669649900807071,E02004505
-1.9582563433201812,-0.8876408434312942,-0.7514577986026433,E02004506
-0.6261873612154202,0.4129431296279395,0.35799724103875574,E02004507
-1.8684581276687529,-0.8629451968184947,-0.6852976145297843,E02004508
-1.8373180480323987,0.5894549141502748,-0.05587679887530833,E02004509
-0.8008011585518715,0.7698491284454331,0.17590562050106842,E02004512
2.578816150800851,0.27143712834855827,-0.15454845705235365,E02004513
-1.6019221332390863,0.22335157821999488,0.05674988771633938,E02004514
-2.0523306228810605,-1.1544892834018987,-0.5500121618276269,E02004515
0.084939801552493,0.9652314842738782,0.35754427466118427,E02004516
-0.9882491997725101,-0.6031159960368025,0.2607219649285465,E02004517
-1.8623229524995484,1.0861413366924053,0.2169858889094979,E02004518
-1.0212783416978206,0.02176919849956698,1.075088227592006,E02004519
0.4410954294803708,-0.020614460188970785,-0.15384378753784428,E02004520
0.5142261696710382,-0.4614898667477837,-0.24852162068571299,E02004521
-1.7752371400406577,-0.15598825258521357,0.5594441999828736,E02004522
0.6873175393508034,-0.3244540663319594,0.15499733744824945,E02004523
-2.141201204328557,-1.4475236780554332,-0.6990468680979025,E02004524
-0.6255896809245286,-0.9850251972366139,0.5772699865148433,E02004525
-1.153033665941424,-0.7971322301018342,0.3394057940903832,E02004526
-1.233097222727307,-1.0359761051978322,-0.5028945517211676,E02004527
-1.4794607486414844,-1.279600526776344,-0.3396528804189343,E02004528
-1.5961953076699429,-1.802780590038695,-1.052109147120938,E02004529
-0.6228206606373745,-0.4993718936049562,-0.16902023751886688,E02004530
-1.0634709842142416,0.04473575537129573,-0.4915230323693895,E02004531
-1.3606363207844612,0.33928777776211677,-0.09310617395634084,E02004532
1.2797268021933719,-0.08268819380118644,0.10066297330514536,E02004533
0.38367172434694147,-0.0900227846136054,0.337683138024992,E02004534
-0.6565458295643634,-1.582983577390303,-0.43722731199969783,E02004535
-1.4433982726383814,-0.6140065838853555,-0.4469034488284371,E02004536
1.1803936934650339,0.07971474633584724,-0.20322948721245734,E02004537
-1.724227847698672,0.18627695604105216,0.2614856948397978,E02004538
0.08677626724761302,0.42211315288188395,0.413659365184627,E02004539
-1.6928690215022355,0.6475608288714128,0.17185439012844309,E02004540
-1.66407045604747,0.8428746931818528,0.3482983436974527,E02004541
-1.8780103066078477,-0.23412417038233038,-0.19987278841302572,E02004542
-0.26291974977138105,0.6486117471654895,0.29668359160249036,E02004543
-0.4217888238370812,-0.09144931833612062,-0.297386694881726,E02004544
1.7833545279936973,-0.037499698454292366,-0.6463672402298861,E02004545
1.7981529668983882,0.21322170281139824,-0.4691117261889937,E02004546
0.9165452055630388,0.08699110306629577,-0.7821352420761513,E02004547
-1.3818936590842097,0.33719446870777925,1.2759303485131879,E02004548
1.64263622398294,0.12194346356790314,-0.043254280211348285,E02004549
1.6182280606825572,0.3570710232502708,-0.19335190246136735,E02004550
1.7136633979521185,0.13310232871096236,-0.25366033126412496,E02004551
0.4250520055391045,0.14737500722444039,0.3948383739793692,E02004552
1.7601626022186578,0.36275462187556934,-0.11251709186736795,E02004553
1.0004769777181088,0.13140427253379344,0.026864305797509484,E02004554
-1.5794664142400878,-1.5046454422470823,-0.6259151704816189,E02004555
-2.2825132336724603,-1.0393922503588569,-0.7816114928964032,E02004556
-0.6619444060026418,-0.5181590092313076,0.3652281422375139,E02004557
0.06736704480710101,-0.47733922962510206,-0.2516510193717514,E02004558
-1.0234812872375503,-0.2083790228852074,0.542653827753772,E02004559
-0.8149999598717854,-1.8354056517143837,-0.681569098506021,E02004560
-1.3893107238089666,-1.5621712083771335,-0.41758807268785453,E02004561
-0.7166761283367219,-1.009070418777198,-0.18434513186929002,E02004562
-0.7318101473525713,-1.2328372202426487,0.8854349815016449,E02004563
-1.3334380201942815,-1.0665952362996634,0.6758573244657633,E02004564
-1.3045265574247984,-0.6178624255292517,0.8694988507115843,E02004565
0.5397114873950465,-1.2278510099299038,-1.5615537008130962,E02004566
-1.4538197182250718,-0.3714983587341893,1.1050048433093216,E02004567
-1.0222575971300643,-0.704153209089843,0.16502039229096438,E02004568
-0.6011991891122447,-1.0490552378699158,0.4586643469535165,E02004569
-0.6582888865772111,-0.09916016674537495,0.6962059220068275,E02004570
-1.3845184315505088,-0.3190052821784974,1.26482871908019,E02004571
-0.7764950363332304,-1.720549193289651,-0.44951274047902623,E02004572
2.4034158048562966,-0.1037998069969978,0.5465701681268398,E02004573
1.4248444434103558,-0.974653085284455,0.6592127902472568,E02004574
-1.073528635781674,-1.2758172533906436,-0.5120832036741959,E02004575
-0.6164324825750812,-1.5496716454985635,0.0593136002512832,E02004576
-1.4728126664369015,-1.6357304680134916,-0.5787760335727593,E02004577
0.6883394132101794,-0.7963270367304445,0.4473153454997946,E02004578
-0.6091855063055431,-1.8722308683835656,-0.15872397147392667,E02004579
-0.04559712823608864,-1.3901250310464928,0.6381601850928107,E02004580
-1.3384171470521646,-1.5084507296405674,-0.04450606824874796,E02004581
1.0161108901933913,-1.3544131673477378,0.8957573563264276,E02004582
-0.23609964292874058,-1.0270574267342785,0.5788638840091713,E02004583
0.47204575868551324,-1.2361144962406323,1.5499469364716003,E02004584
1.0271898345383816,-1.1550064193018394,0.9113728814593102,E02004585
1.4248358434270472,-0.5899033428035485,1.0715684326118795,E02004586
3.054912390189482,-0.2909335551533341,0.2316827058175965,E02004587
3.918307744070185,-0.051980064126267995,0.8890640567600231,E02004588
1.322859724697966,-0.6917412607279729,1.138295308683242,E02004589
2.5581614852041135,-1.6863496932971167,-0.19544798670126295,E02004590
-2.914687211219759,-0.4243466090479361,-1.169157399768496,E02004591
-0.8707148352893939,0.1740557345671072,-0.07313120090348339,E02004592
-2.5321160467818276,-0.7051837089023901,-1.4121222233066957,E02004593
-2.2291518934245858,-1.1208465564666772,-1.315383385328666,E02004594
-2.069569670523587,-0.7922476487846812,-0.6481459497019707,E02004595
-1.2488874591961567,-1.1979312749858717,-0.9649296817432459,E02004596
-1.195069625033459,-0.6434781913927518,-0.6060137378650922,E02004597
-2.214473150840696,-0.8850755570685263,-0.8780680227731217,E02004598
-2.015345315821624,-1.1716473262459175,-1.0162146149346367,E02004599
-0.5097875878958835,-0.6832395581008394,0.4363953996597686,E02004600
-2.2192404174163674,0.30975652259407754,0.20212009978000045,E02004601
1.2121438353747105,0.06613201950339295,-0.0036168634256621415,E02004602
0.38135534488141265,0.2505914973433745,0.6601511135483127,E02004603
3.0887208537923816,0.5726545688087977,-0.46211480881471645,E02004604
2.0856483853697374,0.3176598110128203,-0.20583082788630125,E02004605
-0.24335852526121227,0.44004147927341875,0.628943873258028,E02004606
-1.6808261618838165,1.548649876410039,0.40224532845711786,E02004607
-1.6939906104512792,1.40185683902046,0.34156792327921287,E02004608
-1.8587981352009286,0.36657699320099374,0.6264312167598145,E02004609
-2.3605633280390865,1.131206500560813,0.5239637802726266,E02004610
-2.3382307074032074,0.34298189331112516,-0.06862244118028742,E02004611
-1.4459611185525487,0.45506024688191204,1.0105779058215374,E02004612
-2.7931094881287306,0.962386631290662,0.012165071368943892,E02004613
-2.7938043809437496,1.2123571328398262,0.22454089454803727,E02004614
-1.7484456200231695,-1.2422597583012178,-1.1929867455775156,E02004615
-1.3619439752535158,-1.5433977596114068,-1.0520337404877507,E02004616
-1.8678285411832107,-1.5255520606118511,-1.2504019473877157,E02004617
-2.8286896553238794,-1.110365377449234,-1.718009755228898,E02004618
-2.308300174489282,-1.26251085381962,-1.7225066680976386,E02004619
-1.0852150426734364,-0.18308124260014,0.07039489501843366,E02004620
-0.4636910262500541,-0.29817895482793333,-0.8711873098075708,E02004621
-0.6281001321042406,-0.6851702839687724,-0.49036845595676637,E02004622
-1.8126034836069118,-0.9606359264085658,-1.0107816285820792,E02004623
-2.2696131807002633,-0.8505989916125233,-1.2795162061071694,E02004624
-1.7287160822232701,-1.32861648431888,-1.285808727124892,E02004625
-1.8648241293530883,-1.7080873540572354,-0.811162977257691,E02004626
-0.8504168584105685,-1.3010812392747646,-0.5155874508948786,E02004627
-0.4339534904518928,-1.3213986430137636,-0.1836431925219673,E02004628
0.664889910191288,-1.5114446933044139,-0.22002020692815996,E02004629
-1.3730781021914953,-1.6907026700156849,-0.6878463039388688,E02004630
-1.7454465413008913,-1.3742506544182616,-0.8479901795174338,E02004631
0.3903402429087416,-0.9612997524410709,0.19752817355119046,E02004632
-0.52031463823797,-1.4945750912180076,-0.3474637472202452,E02004633
0.09989076369319551,-1.4380984995701909,-0.27011587463109243,E02004634
-1.7221024592842342,-0.9701061982915717,-0.6480646162066578,E02004635
-1.4925540763875895,-0.009472860202832278,1.343303235352592,E02004636
0.1976106548907723,0.12484925399720656,0.4558908853650749,E02004637
-0.8423343817604013,0.01605879466088972,1.1261889783445493,E02004638
1.13338783850559,-0.31250273888399127,-0.25392093848865716,E02004639
2.227362927274011,0.050434299823949334,1.0491351211154762,E02004640
-0.9608945240591671,-0.11718476690943526,1.2565076716182155,E02004641
-0.11156778748241276,-0.09238246481825216,0.6833776107303547,E02004642
2.4003413698840332,0.02462785521973134,0.6201923781389335,E02004643
1.0473487579136187,-0.2550067681985676,0.533778829726965,E02004644
-1.6591241336710618,0.30487627206708023,1.2380348300482789,E02004645
2.208606601469229,-0.35959392188147393,-0.3725859452354259,E02004646
0.8870002436080894,-0.3424918456670413,0.42996141377629693,E02004647
0.06527483072677845,-0.8565400786371312,1.6789965433458909,E02004648
-1.3114335650344733,0.03194130894814743,1.0433582902735419,E02004649
-0.3037380341361366,-0.15705673408750753,0.8176890261274339,E02004650
-1.8961206466495888,-1.1840858250714918,-0.4936388525562984,E02004651
-2.7804512941516046,-0.550167466495369,-1.2598917479479343,E02004652
-1.8781996498843099,-1.3390856651040022,-0.8479091576729738,E02004653
-0.29276544717104697,-0.3077722209600966,0.3424859978422351,E02004654
-0.20793386485905002,-0.4124125332693516,0.25688565098583765,E02004655
-0.23241987801276162,0.07668740126081273,-0.0009191270634382957,E02004656
-1.9843565248425448,-0.08327819495422248,0.10666252735303684,E02004657
-2.2351047291756063,0.22997366373756728,0.3411126166743011,E02004658
-1.718669565054056,-0.9261504275467404,-0.9094421904634056,E02004659
-2.1591456109934875,-0.19500563027484788,-0.8309940889989826,E02004660
-0.7664168825544364,-0.6762512650779423,-0.07708333195137798,E02004661
-1.6675592080722397,-1.4576485661043934,-0.8483215655088855,E02004662
-1.4193516785614326,-0.360003108722984,-0.6785410282416117,E02004663
-0.26988192295613495,-0.040025887336989405,-0.09607659720117732,E02004664
-1.926623411360248,-0.7051071261296499,-1.0075691672091105,E02004665
-1.1808309749661445,-0.821622751238952,0.11305057944861242,E02004666
0.0003679657759616881,-0.7263605624368178,-0.5909952584659399,E02004667
-2.0705654370224797,-1.1919996981676075,-1.2938081746428842,E02004668
-2.5187895914725402,-1.166462825317519,-1.014913868462217,E02004669
-1.3682694180592714,-0.04753799628880133,0.2574859386852327,E02004670
-1.9782006661360252,-1.1665403046140264,-0.7285325534816975,E02004671
-1.3413619348334545,-0.27101355316400605,0.2852452848573859,E02004672
-1.0209710653543107,-1.3226684394706472,-0.8618293233024275,E02004673
-0.5093294044267492,-0.6970322753829183,-0.005279917152662001,E02004674
-1.1253778173133977,-0.12141766150198982,0.14236333542681848,E02004675
-2.4746349114870623,-0.2852248475866532,-0.5025458083637473,E02004676
-2.4698660940776542,-0.4246686883723113,-1.5894742432331301,E02004677
-2.4179889690628635,-0.639168512834593,-1.250526191865814,E02004678
-2.656090711771975,-0.10167777830216873,-1.4732776616375922,E02004679
-2.7764561311102125,1.5219796860062262,0.2955317697146272,E02004680
0.7399706545710261,0.35793055728886825,-0.1765019153934619,E02004681
-1.708478383967469,0.8236947364253706,-0.24384633990698182,E02004682
0.30948774219410563,0.3997295476549537,-0.2571052201314262,E02004683
-0.33441626597227603,0.49029956356882215,-0.08094649292954173,E02004684
-0.8797499813617098,0.9069813638965546,-0.16676447886894205,E02004685
-1.0380508832908315,0.9993107480212725,0.23164226107833252,E02004686
0.711948648998738,0.377375454378008,-0.3162283285752407,E02004687
1.4768428719673956,0.3293391203724188,-0.43158291553660777,E02004688
-2.290382096548238,-0.598501207183816,-0.7359570184884537,E02004689
-1.2575619233529995,0.2850260652788776,0.7068552285084929,E02004690
-2.734441073134873,-0.8162134825525038,-1.4032177452336623,E02004691
-1.9919806502953026,0.2601123794681418,0.7481232670957337,E02004692
0.22999244108468153,0.5978523679536318,0.004196169317157702,E02004693
-2.2045106712211284,-0.7603428109996044,-1.4849857239512185,E02004694
-2.47914702110941,1.2904517786908305,0.467967387825327,E02004695
-2.2909781806454967,-0.6182453726573327,-1.5386268613711203,E02004696
-3.1284188859046553,-0.5707701658104425,-1.253496891733833,E02004697
0.9234980546825406,0.53873646538899,-0.5406648824363736,E02004698
-2.061875860854908,0.32688976172419,0.33000772769230635,E02004699
-0.6613115086012619,-0.516296037778041,-0.8239924313140911,E02004700
-0.574345393030668,0.11001714315623672,0.8060178063397504,E02004702
-2.8844818562883594,-0.4851981264476553,-1.1602018752489667,E02004703
-2.0533914559612967,-0.9067291639255269,-1.069738757936198,E02004704
-1.9318753554281844,-0.23242218801354989,-0.668430093397148,E02004705
-2.0277483275221746,-0.3993744395135414,-0.7366050712175323,E02004706
-2.78038498720494,-0.4280292960450411,-1.3134531296170855,E02004707
-0.9178542096868356,0.3064285141838153,-0.12848809586941606,E02004708
-2.3106551274816782,-0.35603022430928005,-0.35190830192170514,E02004709
-1.8926563974860318,-0.0641101485016895,-0.3302584412207313,E02004710
-2.867859568205048,1.078777959529392,0.4162274049313704,E02004712
-1.605120403092764,0.19236069638452702,0.7971361884293424,E02004713
-2.0786902456660616,0.6260660588591478,0.6589159799098921,E02004714
-0.46350261749469196,0.12571190887585,0.45358767734994954,E02004715
-0.68610160559878,-0.12416048685636599,0.4190758578989505,E02004716
0.772386726735484,-0.10676995641103938,-0.5979491797380959,E02004717
-0.10757350460315117,0.38784538918639705,0.19115708581528765,E02004718
-1.9048985766587145,-0.29944285163814865,0.4981108353050018,E02004719
-1.486695935835068,-0.3670700040037826,0.2674868005062264,E02004720
-2.420256924671322,0.6691902161531638,0.04962756887535021,E02004721
-0.6916976202855245,-0.15162804006728411,0.22780286676034045,E02004722
-1.7796732958877888,-0.1398886704194272,0.9266339105264447,E02004723
-0.6172384467877063,0.04708566569653884,-0.31279326679417235,E02004724
-0.37730308519339484,0.30177732996735224,0.12321892889031945,E02004725
-2.0122416623052204,0.28676668336211036,-0.26185964015869295,E02004726
-2.5762430979607642,0.4551049033768731,0.04057557323835214,E02004727
-1.5696170747897087,0.5319579180181192,0.3911455694089549,E02004728
-0.04454810612177997,0.21021765297993653,0.4410730591753563,E02004729
-2.2788530645801672,-0.09698076945624653,0.09898855374634083,E02004730
-2.376423301686893,0.7208967035735566,0.6927209686177701,E02004731
-2.294849695887945,0.13588543505471995,0.10044172899985344,E02004732
-1.9372016961301937,0.056817897947849104,-0.23709620492469433,E02004733
-1.4466967179342753,0.24485739314547444,0.4444201718286732,E02004734
-1.84439467077971,0.2989258353444724,1.049340328613409,E02004735
-1.4753897507670897,-0.1197801587223133,1.0612205956663738,E02004736
0.4800803321529748,0.1738050635047706,0.35816703028474006,E02004737
-0.6501498325199417,0.07369218400545462,0.8962831016035381,E02004738
-1.6020166238881755,-0.20812460958234225,0.13087960098945667,E02004739
-2.309346743127135,0.4695148775511022,0.6335255900587639,E02004740
0.7567795385345569,-0.2082317729850337,0.5074641600444453,E02004741
0.8664687332823343,-0.2741484349032977,0.2663813538061107,E02004742
-0.8223894437158095,-0.19215952303858097,1.0807138519046682,E02004743
1.6491156472352233,0.23123223229539966,0.04711768929429371,E02004744
0.6309565432126834,0.441419943887216,0.7433798014365753,E02004745
-1.497505496218195,0.35165653380326645,0.5110105887623891,E02004746
0.12821416193817606,-0.20684862308654633,0.8407431713153051,E02004747
1.681064369643692,0.6431908893337843,-0.08701705444041424,E02004748
-1.917068947244588,0.45946041973890206,0.8432435214379246,E02004749
-1.1255516567019879,0.20959931684739191,0.661349619286088,E02004750
-1.5630476408813925,0.20827737121403064,0.20460095903552752,E02004751
-2.4997975515414574,-0.19875846808414604,0.006550140086109424,E02004752
-1.784059874807817,-0.3487048478120872,0.20934208056307216,E02004753
-2.5032053299154255,-0.17244126609526025,-1.509833731254173,E02004754
-3.012761629501202,1.21813068053985,-0.1992164337140507,E02004755
-2.767783953817257,0.45764177618363405,-0.6876099593125284,E02004756
-2.862835299183091,1.1519152212512067,0.39741578066005917,E02004757
-2.3021849720012235,-0.04088454055500605,-1.0088101339294782,E02004758
-2.2486824101769387,0.5065688795406014,0.5547119836415408,E02004759
-2.9367015348596746,0.2342229967040509,-0.9084931660706609,E02004760
-2.8496207221312364,0.1565158722403322,-1.2303182114016893,E02004761
-0.6707996984440622,-0.14620383251765456,0.9510665263995314,E02004764
-1.9918494398422986,0.37211427494282934,0.9165061081713775,E02004765
1.1517697610006814,0.29299302606921124,-0.09347687174758657,E02004766
2.7833520231247966,-0.19780783119704806,-0.6387702760886385,E02004767
0.3409113455483471,0.31369448492970486,0.2207578068142442,E02004768
3.0602248620185697,-0.024610645863612706,-0.9248056611438767,E02004769
2.673914744108647,0.11479493536761382,-0.297657249671628,E02004770
2.9302825087587285,0.19233014915793098,-0.14998677691788273,E02004771
-0.7903861931158562,0.013633472996728941,0.6170588782334508,E02004772
-1.7839574205386628,0.684128214978728,0.10394256664815654,E02004774
-1.3245162918126336,0.22840641979603518,-0.027834462056836737,E02004775
-1.6706949348748352,-0.34000529081567915,-0.09863304443828728,E02004776
-0.332048967189254,0.2613026304595871,0.4538043644350087,E02004777
-0.661241103109251,-0.22923711182540152,0.8727188620122323,E02004778
-1.9946450217934129,-1.1466849705262496,-1.0887581652885636,E02004779
0.15379061273863448,-0.0694555828199156,0.7932886951364382,E02004780
-1.3128495014730837,0.05694004217165585,0.8566824112329812,E02004781
-0.15107575685369354,-0.595876282888383,0.3998599978956888,E02004782
-1.19861836340403,0.11671543465327419,0.9520156243255312,E02004783
-2.240376820139464,-0.7130209455135129,-0.21729390908175242,E02004784
-2.4595700039543233,-1.1162071805079878,-1.308483905536312,E02004785
-1.3511389248804193,-0.3592012005203741,-0.08975169780024105,E02004786
-1.468573559326934,0.04230666424577292,0.6614899201391461,E02004787
-2.169374678145918,-1.0788578230622856,-0.6296623249460593,E02004788
-0.21562999497265975,0.15659979514326114,0.3866046392389526,E02004789
-0.7635769305189263,-0.7862285306912283,-0.14575881680627115,E02004790
1.0849799404601261,-0.19202648192577704,-0.005213167001586958,E02004791
-0.9121515880244262,-1.2163969590885433,0.019214859037213768,E02004792
-2.598748251874639,-0.534455730297417,-1.0673472872917276,E02004793
-2.4424350869568716,-0.977178887863607,-1.0499700721927963,E02004794
-2.217918544400774,-1.050533136905425,-1.3368344489748458,E02004795
-1.7305509736747877,-0.9175104655603762,0.35239818310811094,E02004796
-0.2828806646822525,-0.16083348139757003,-0.1433318242430922,E02004797
0.7115220253421308,-0.041248644119859595,-0.07042230755809248,E02004798
-0.08261769958654792,-0.5298702864490129,1.0280926616877424,E02004799
-1.5494407736591123,-0.7505328273103662,0.8310158575668654,E02004800
-2.260568473996625,-0.4054582556769783,-0.020843647195889048,E02004801
0.5787966053509871,0.19510141837813744,0.23419504244264314,E02004802
2.039715326691071,0.3933305688599666,-0.005827352151856787,E02004803
-1.394787186244082,0.21295558390853747,1.1943808073887108,E02004804
-2.3656572759415977,0.9137572879285039,0.3799501030932185,E02004805
-1.8276773833710809,0.7348276449419084,0.4195867334479415,E02004806
-0.6533862932722619,0.4900673985335768,0.4678992286416546,E02004807
-1.2103509406447739,0.1899690700082838,-0.26975398316456367,E02004808
-0.3232588778290166,-0.5415385027486963,-0.016641974665805925,E02004809
-0.036296845384169656,0.41713020536261,0.6317969062231437,E02004810
-0.4752312236233904,0.5091756367276352,0.810616112992346,E02004811
-1.3785328440026385,0.47019463646514464,1.2437256723738859,E02004812
1.2731666531195347,0.1882861640146158,-0.042462812118057726,E02004813
-2.3937675292906113,-0.9847755396342396,-0.9148410500315148,E02004814
2.0922398686586012,0.3571523271298487,-0.22347374073969364,E02004815
-0.002199606727899607,-0.6924343235910091,-0.8678287759877622,E02004816
-0.15572126814637188,0.07079781019857952,0.4649480188300782,E02004817
-1.8675395903906986,-0.5973600644929824,-0.40741545017319863,E02004818
-1.4226454093563095,0.1902737704687382,0.917954334753716,E02004819
-2.3923924889357324,-0.7544493004258688,-1.2730367665800473,E02004820
-2.892372378588034,-0.7570229234156497,-1.5932956850243836,E02004821
-2.529111153020401,-0.8454406005892471,-1.7790770562359606,E02004822
-1.925647704447553,0.7005940821242168,0.7585380074886184,E02004823
-0.8068729935825399,0.5698352650135078,0.0466931295836522,E02004824
-2.045064689525848,-0.3806664906472618,-0.4251364278086722,E02004825
-2.445195907904476,-0.6432673175856374,-1.12159356660384,E02004826
-3.001855002439215,1.4077955217817084,0.26328236345361444,E02004827
-2.4107027921353663,-0.4812241360449815,-0.34516743494070135,E02004828
-3.170857291165597,-0.2908945572364781,-1.5418817984584223,E02004829
-2.768069861903356,-0.18486145975019866,-1.7813156298749206,E02004830
-2.845657853576076,-0.01557928144326751,-1.0104792518351657,E02004831
-2.4926635082708577,-0.6305195206904851,-1.3243145328093662,E02004832
-1.9017780399820843,1.2379166819269831,-0.26944051275082415,E02004833
0.22068973594557764,0.9178611854420378,-1.289349856383273,E02004834
-2.225009826746252,1.7732353217408774,-0.7168744445228405,E02004835
1.0364533414739094,0.6712279620458104,-0.5558659653499901,E02004836
-3.1794028758607698,0.22118841583687943,-1.2449428466449506,E02004837
-2.848808014733546,-0.08331917671215008,-1.2140484181049638,E02004838
-2.9318052032601685,-0.39187798036998406,-1.583676222274547,E02004839
-2.0957349876981772,-0.12799679542677164,-0.5383589402082218,E02004840
-2.1616162316959344,-0.2984569942043559,-0.8599162346085978,E02004841
-2.3051308027893023,-0.6223700357887052,-0.7355033138867523,E02004842
-0.9546265850534054,-0.0930123469737333,1.2942842656248386,E02004843
0.21245182674607432,-0.38778010462927665,0.8402329105663188,E02004844
-0.21189102059124534,-0.6219559521790184,0.1178862526765231,E02004845
-1.9967659609803228,0.08229438372979964,0.5696099708771231,E02004846
0.36472220917389636,-0.1929723062141997,0.3978808124714153,E02004847
-0.5286442758367839,-0.7136149363784793,0.3136477830663589,E02004848
-1.6407856588335148,-0.4754613145600035,0.2695936811704341,E02004849
0.38179553893157103,-0.2132015059979107,0.7922914424862356,E02004850
0.4754051923539768,-0.20675725153145574,0.9555480859366622,E02004851
0.00166197512036557,-0.07323956925972608,1.1068850088633235,E02004852
0.8040510847100353,-0.5262824206219873,-0.08517398557441432,E02004853
-0.14968388435551575,-0.1868999917478375,1.0731049061994957,E02004854
1.5545372836460303,0.04395940235461768,0.1875922402666065,E02004855
-2.0047166305273705,-0.5674479223671565,-1.3733827184201897,E02004856
-2.42906102845933,-0.0608284170182637,-0.7774974803549525,E02004857
-1.0239416263937031,0.5087981051325633,-0.13565681340510802,E02004858
-2.954192450669711,0.02549993383823735,-1.0473506687564862,E02004859
-0.28668646269892833,0.9870836487785446,0.41927338769640166,E02004860
-2.7689180596318144,-0.12854946603010203,-1.1568821889526049,E02004861
1.3927029440879235,0.37706614056908294,-0.18733588929723347,E02004862
2.212153723539632,0.6750326729524384,-0.6181802643812765,E02004863
-3.4097938019888967,1.5088887903212538,-0.4688163478925342,E02004864
-0.24990160229874162,0.33292535126436656,-0.1452077688815789,E02004865
0.2650836726643697,0.19751800058809577,-0.31745006476487725,E02004866
-1.931858897410049,1.4554992510889613,-0.5598928037216274,E02004867
0.48367649090288656,-0.05567308850343616,-0.4883159025788571,E02004868
-2.345805264913981,1.2367673151111611,-0.8081895371502383,E02004869
0.17256137542992456,0.6992584707455993,-0.08319606078192342,E02004870
-0.15311710004507068,0.3132504153553921,-0.32005002635822966,E02004871
-0.6156790639854833,0.48923245271167193,0.37833250919240125,E02004872
-2.000691975516982,1.1236668674486467,0.1405947122983978,E02004873
0.042031650521416164,0.6357889752539625,0.21700045138013735,E02004874
0.41234238634294584,0.2447510592878579,-0.16919451940353833,E02004875
-2.083402527499334,-0.3981216086191944,-0.5174286426166931,E02004876
-1.9461099046570975,0.1854197826674335,-0.512709106557145,E02004877
-1.8237632042842216,-1.1745247621197987,-0.6877831778442596,E02004878
-1.9419317455570142,-0.9138747784557806,-1.3899121266059682,E02004879
-2.6889041907128046,-0.5275716999102373,-0.8393760023391754,E02004880
-2.0000189811638167,0.667687129715114,0.07081039347234297,E02004881
-1.651815429392052,0.6588859527887027,0.36958572950693863,E02004882
-1.9637188374861494,-0.9598308654950017,-0.8003408692868952,E02004883
-0.6804576845169233,0.8655893155982475,0.2992796381206657,E02004884
-2.2977082459913754,0.501774819184768,0.7391314256848406,E02004885
-1.562691679149694,-1.023413748831196,-1.3866561887932685,E02004886
-2.230012315995145,-0.6361676062378242,-1.2948052433379502,E02004887
-1.7694336985373968,-0.13046821755200536,0.08423792197291952,E02004888
-0.7299333977305826,0.6063773076100516,0.46315011463146705,E02004889
-1.7752435302737997,0.534657889606893,0.2570309475789718,E02004890
-2.3513244137669314,0.8876259817672402,-0.41881916980155076,E02004891
-0.047648541699601185,0.6403697690285051,-0.6086383720434331,E02004892
-1.9744463401160681,0.9290351710780057,0.21082731502524782,E02004893
-2.2306130693713517,1.0151292653088995,-0.48672115375751274,E02004894
-1.616874260422778,-0.7103062997897148,-0.6082948705771098,E02004895
-1.7966654824022592,-0.008231228417276805,0.33909928749188295,E02004896
-1.2557207823022456,0.0034683025371613665,0.19092573849910313,E02004897
-0.009866629875697058,0.1598802831826421,0.04256772673393216,E02004898
-1.603617850124952,-0.41515152681735074,-1.3308442756491046,E02004899
-2.7007491861719664,0.9201154810490164,-0.5167301405569542,E02004900
1.80526502554663,0.5392839860975996,-0.678792870194258,E02004901
0.1744170060074938,0.8141926096882752,-0.010578679326312504,E02004902
-0.9175886323805892,0.07399123140266868,-0.055843760257427454,E02004903
0.31817034603199673,0.40451595935516665,-0.13938237707119502,E02004904
-2.4060870335884257,-0.0027523097370183184,-0.498972639876575,E02004905
-0.30360244344881543,0.6372654185546458,0.3289420730574184,E02004906
-1.3040225792333742,0.4932963373327895,0.18009217213098552,E02004907
-1.9151443453368455,0.27075799575632165,0.35148754701616663,E02004908
-0.7472092061506426,0.4541076463347736,0.4920455602166144,E02004909
-1.7926770768573836,0.17554203579510608,0.2801557714643597,E02004910
0.8983436141618687,-0.09982774223696979,-0.7488019875091013,E02004911
-0.8798301875256808,0.6149740004956932,0.2363927321110502,E02004912
-2.384026442805031,-0.7054044748291353,-1.3579731385136717,E02004913
0.0439549851908783,0.6818318560226192,-0.6399303313635888,E02004914
0.6133590746672244,0.6278723524059439,-0.4817671504189405,E02004915
-1.329446538913297,0.8757417569869548,-0.5368179507940932,E02004916
0.18719217019609863,0.21872257610621332,-0.7742655056749422,E02004917
-1.7274989258374593,1.167734130456722,-0.19854604049152028,E02004918
-0.9300765369967339,0.7225901425461392,-0.21844986869915275,E02004919
-0.905112970152703,0.6982217923097171,-0.5100215624529297,E02004920
-2.1441252853075903,1.2980179274012735,0.37165923123579037,E02004921
-1.7322223530116931,-0.6543070945139229,-1.6906853914711284,E02004922
-2.2150606392493306,0.025104233550542712,-1.1025069285080848,E02004923
-3.109407891485018,1.6906966570164967,-0.27366703819514343,E02004924
-2.2150598934747263,1.5157978990853278,-0.2689951178527965,E02004925
-3.5965144679080714,2.173622593042251,-0.3868801305707254,E02004926
-2.3100758356803874,0.20604553301442763,-1.2368125686684488,E02004927
-3.1758551045862418,1.4316408746238025,-0.14367799117696917,E02004928
-2.382772510497727,-0.2776164393451591,-1.3829891043081743,E02004929
-2.465294223698791,0.36371440503911656,-0.6927558955265921,E02004930
-2.009144473990056,1.142125411134065,0.17501640490950005,E02004931
-1.1091200536396117,1.554657117422038,-0.6408585531104192,E02004932
-3.524226659143359,2.2944452125305834,-0.15598480984711482,E02004933
-2.8288229459392995,2.5005377233283377,-0.381718835652453,E02004934
-2.6223602344516928,2.7855549506199715,-0.5218925254201893,E02004935
-2.5971501269886725,1.7495743700537796,0.4566953095543899,E02004936
-3.521557360163606,1.683083793855708,-0.2285258801453661,E02004937
-1.8117588901416382,0.40044948115141865,-0.927902122720802,E02004938
-0.8930601908879439,1.1844361800191887,-0.4625296317141309,E02004939
-1.053620978665667,1.2924610161026857,-0.6919662727992714,E02004940
-1.2127382154389728,0.48399608090899626,-0.023560096251526764,E02004941
-1.6173264179613245,-0.04571526414870235,-0.30775888216200536,E02004942
-2.215427978780351,-0.2716584846251419,0.05756864779911111,E02004943
0.6606618738915778,0.522243161580687,0.2771239102129471,E02004944
-0.6564625278501688,0.6636812863453867,-0.2005261539183239,E02004945
0.736192969058048,0.6645120541863139,0.19764358405191834,E02004946
-1.3393870027801689,0.5550524456777449,0.9053620145960524,E02004947
0.24138615525902632,0.3152461490365805,-0.500182321115565,E02004948
1.0024429493663594,0.5806951674796359,-0.17662126496432218,E02004949
0.27684329645963124,0.25966175942420505,0.44698088325118235,E02004950
2.0527865190336616,0.3309189255779324,-0.7598043633691032,E02004951
0.32506687906078896,0.42560511637993925,0.32499235040264823,E02004952
1.343063705544073,0.17276433892729998,-0.1783491358447624,E02004953
0.6656137266799697,0.24221649204551718,-0.4859397626776484,E02004954
0.156557268586019,0.17256319872773068,0.0652633719018674,E02004955
-1.617451158856404,0.11743114536799845,-0.23052986348760843,E02004956
-0.8059609198559802,0.3017163073584365,-0.003917412754310115,E02004957
-2.1233805139030832,-0.4590219911697255,-0.5547370963342033,E02004958
-3.054381409726278,0.8570896305158465,-0.2559376965990761,E02004959
-3.0732922490680865,1.3102553735458478,-0.46608872549035535,E02004960
-2.135023342361339,0.5569812387001867,0.5165292794152854,E02004961
-1.9320241419709188,1.2347482400882777,0.09443123383557799,E02004962
0.017986097897223427,0.163872696786489,-0.16110094202226372,E02004963
-0.5241416713828189,-0.3481085153706045,-0.7957876246440583,E02004964
-0.42459902440684766,-0.10412853216512666,0.6639313661393742,E02004965
-3.617917361532168,1.003941924684387,-0.6252404957365035,E02004966
1.9600577901326262,0.26522351526951315,-0.45930117427561684,E02004967
0.18810346033384198,0.39833130960035973,0.22997083581445701,E02004968
-0.6223343185492655,0.4198410746569101,0.7344443815164009,E02004969
0.7579558910425506,0.42287511556453067,-0.13825169751846522,E02004970
0.1280945717064935,0.5445608459667941,0.44633817030170275,E02004971
-1.8074541332923457,0.7010836710474676,0.6864378369996398,E02004972
-1.0119508137650406,1.0359488908046794,1.0300891286907077,E02004973
-2.182958321205287,1.4792779674761833,0.29797816687445056,E02004974
-2.466709959639047,1.1775245010607558,-0.11725327940530862,E02004975
-0.22579057867519006,1.1540708106324078,-0.03746256221175351,E02004976
-0.7118010159180787,0.9760901112224373,0.9723601292812999,E02004977
0.4999106301357097,0.7838458517514167,-0.11900414775032422,E02004978
-1.35363686448719,1.3129579295908116,0.156549129042311,E02004979
-2.8571883179615316,0.5574496500533563,-0.3709375546673785,E02004980
-1.9201633420160589,-0.10793689984587618,-1.012503743609358,E02004981
-1.101008835467493,0.8263792907728978,-0.44817280501258544,E02004982
-0.12112233231949456,0.5056582400263357,-0.4456921751886695,E02004983
-0.49045260203582897,0.8714406743960852,-0.3389808476241108,E02004984
-1.5345562378371365,1.1555928500049895,-0.684917323122227,E02004985
1.9719242836505186,0.9212729590869544,-1.1800541110200862,E02004986
-0.06681095754528223,0.7280159531894959,-0.4859847655836367,E02004987
0.0676377173475951,0.91682683986526,-0.4799043698956355,E02004988
-0.2635850345831082,0.2570589719022506,-0.13487885280423095,E02004989
-1.0774212708728164,-0.025631142586632273,-1.4272820731982774,E02004990
0.7497157100657951,0.7234243080550327,-0.33950787509794245,E02004991
0.3958440130991105,0.22664723001228018,0.24022630620437177,E02004992
-0.4779612748617361,-0.6224218723345495,-0.6343898017452566,E02004993
-2.5695973954623628,-0.3704722270349311,-0.3682590025971851,E02004994
-2.3264137623347776,-0.4455062429378008,-0.21119579730872284,E02004995
-1.858737565736106,-0.6365141864907649,-1.405812252973749,E02004996
-1.5481408774777061,-1.107186002240825,-1.232703333861828,E02004997
-1.4610443244629518,-0.07528499756116704,0.48571000050824514,E02004998
-0.37927084117989834,-0.08235307203542823,0.3380434170472848,E02004999
0.7749122006422118,-0.020282827639258483,0.21389910336064077,E02005000
-0.820120590940745,-0.28621888984829724,0.6185924205977661,E02005001
0.9643014186672121,-0.01359583094232687,0.5160038599290745,E02005002
1.5754151896869197,0.06564818919688382,0.3170617346522967,E02005003
-0.6939149131370682,0.0753239217074982,0.5986857252343604,E02005004
-2.0511294716255897,-1.2934347406369004,-0.8771127275248634,E02005005
-1.7132437585267348,-1.2076176971619765,-1.052924455383421,E02005006
-1.705042183680984,-1.2280163239262507,-0.7100946774299534,E02005007
-1.3911342843120307,-1.056049570268232,-0.7966691541454969,E02005008
-1.2969744087534814,-1.381786986252602,-1.199157973068843,E02005009
0.98496974252811,0.19348759672691018,1.0465610329473813,E02005010
-1.0669455940246708,-0.847202469280252,0.5650062091234294,E02005011
0.4104216729853865,-0.2616688449391355,0.8153576322214243,E02005012
0.13645056670420694,-0.9484056746424903,0.4487867062200829,E02005013
-1.615383445925463,-0.6198310772394516,0.6280607087049402,E02005014
-1.2826075574577585,-0.7946050759519881,0.5663332062221179,E02005015
-0.2944768454999381,0.24754109637701688,0.37860588670343304,E02005016
-1.183305064320092,0.6546406478934201,0.8432259513410362,E02005017
-1.1305102019752442,-0.7385008777287467,0.09816892190587041,E02005018
-1.614665580891419,-0.842859572013668,-1.1745353341132128,E02005019
-0.44398322588470224,-0.8936612609962337,-0.17623486961122,E02005020
-2.1381528005690056,-0.9380115267457624,0.02357697689125404,E02005021
0.08820231276199024,0.33531699462912906,0.20018835610539273,E02005022
1.7301116054600314,0.15990993626356254,-0.6013229235364933,E02005023
-1.7357981048383018,0.5772859918713373,-0.15511505750860954,E02005025
-2.162263946186223,-0.5758977966986828,-1.1306274419585944,E02005026
-2.3554630488379593,-0.8196817318640955,-1.0619946523460693,E02005027
2.3453200004627184,0.012115145130347869,-1.2787926250969885,E02005028
-1.2631743640230344,0.26925313251848343,0.034707796280670784,E02005029
-0.6855983618516177,0.3724196724492292,0.7957965854949288,E02005030
1.245883836349253,0.36808562843767917,0.16793184754112211,E02005031
-0.36134648035532163,0.3042303367963764,1.1958974787486456,E02005032
0.5986364692932208,-0.3157271319296568,-0.09328115617547247,E02005033
-1.7403362973679375,0.06481119325369342,1.0719665813857324,E02005034
-1.0439076849275604,-0.3522483596861921,0.7196300907818282,E02005035
1.5209934845640003,0.29316187417973044,-0.1113623488068001,E02005036
-1.4099009019353141,-0.4324637113105422,0.7068324949705972,E02005037
-1.185580517196306,-0.6017373379128165,0.29257558047290594,E02005038
-0.004800846526797578,-0.7320585718291651,-0.4513756703742695,E02005039
-1.880830298033,-0.6412864836245339,0.14151080778809202,E02005040
-1.5291786720298572,-0.9736449649705365,-1.0822513705493784,E02005041
-0.9476322227042305,-0.7776165243333631,-0.7257991654832937,E02005042
-0.24075145154867575,-0.12341952360362651,0.8414122472398419,E02005043
-0.6076504610285075,0.519334725665339,1.0957302499627006,E02005044
-0.03466211513127959,-1.1924528526606464,-0.21122317513842212,E02005045
0.5213126452197946,-0.957143674037241,-0.8352128580728323,E02005046
0.5008088812181383,-0.027804684524684434,0.34685642619814294,E02005047
-1.745523426307967,-1.2275682288757013,-0.6690572005001892,E02005048
-1.9781561036622677,-0.5713009585276966,-0.5009569613149333,E02005049
-1.181884780171866,-0.9212678231274019,0.2764948893963137,E02005050
2.4672122496604905,-0.1679570821194695,-0.06917819309243167,E02005051
0.9696535357130083,-0.5860063315514192,-0.3594201134741276,E02005052
1.7895382696167634,-0.3615559566121755,0.2145021528386566,E02005053
-1.3216969196278125,-1.3840605868460214,-0.061512905950065616,E02005054
1.7534722826196916,0.05954683225800212,-0.10443528333064514,E02005055
1.894377758685062,0.6379515792108652,0.44953260850122695,E02005056
0.6560231824410218,-0.3028097277457695,0.34732976339764765,E02005057
0.927398167665252,0.24597757208817936,0.9547515756580113,E02005058
-0.8873897452427729,0.502912496597716,1.0808562057353932,E02005059
0.7558148306275074,-0.2335238732758151,0.3474479002605892,E02005060
2.211425847467336,0.4084755506801447,0.03177375053338791,E02005061
-0.17222565296852302,-0.46762960602167214,0.9288748113720976,E02005062
0.04073857931307343,0.08514732902837482,0.35531714811713866,E02005063
-1.2589704243912425,-1.1464667485701436,-0.4521485613928308,E02005064
2.238027629425123,0.24662772739850242,0.07267805184046736,E02005065
-1.8291570125639975,-0.7468333666850339,0.10883319673418887,E02005066
-2.0396436729897554,-0.8080334700596712,-0.16179700110399825,E02005067
-2.2014087945214067,-0.9078646751044491,-0.3707689430414133,E02005068
-1.5729340595737606,0.4726270585612416,1.0730222681407524,E02005069
-1.7291820194498784,-0.0313579909960624,1.1288127705841968,E02005070
0.40512062766690676,0.5213739706546178,0.2683822315441763,E02005071
-2.216274852284393,0.4068130938391329,0.6564239947815862,E02005072
-0.48844516558732076,0.7261378369248327,0.5488396992063646,E02005073
-1.9753093388940328,0.3872780249207286,0.9409384625226127,E02005074
-0.6936730041298399,0.45319531484836933,0.34843442009720654,E02005075
0.20205409360482954,0.18055592929653638,0.5033589841923524,E02005076
0.7603878253688191,-0.2332567875114681,0.08575248407584535,E02005077
-1.7128376856696004,-1.330726763447358,-0.8974819593439993,E02005078
-1.67548446377681,-0.16932992588200993,0.5754119001032926,E02005079
3.22404193567427,0.30804749008740656,-0.6022275459067635,E02005080
-1.6403754766176677,-0.8420748979044863,-0.49608466246426536,E02005081
-1.3849648622575461,-0.8991011227808101,-0.501092009240285,E02005082
-1.409879903112141,-0.41666185060945415,0.27191537249911346,E02005083
-1.8726652756532938,-0.9661409886544388,-0.9191662072095621,E02005084
-1.819311134690135,-0.9386741862051389,-1.0087992674867547,E02005085
-1.9600965278802973,-0.8430494230471658,-0.24854784114635936,E02005086
-1.121548121560206,-0.3950353160322349,0.4864727674845276,E02005087
1.9223434797721364,0.28480402915607256,-0.29353837167463126,E02005088
-1.2321073063610422,-0.7300607242187958,0.1401256186018985,E02005089
-1.5964015367071605,-0.5171291490691727,-0.1684219822643801,E02005090
-1.83324329568717,-0.8258360557361746,-0.6314356470245883,E02005091
-1.3539522668150188,-1.335226679426261,0.056587922780988564,E02005093
-2.1344404969351314,-0.42512786601293584,-0.701058556429753,E02005094
-2.1327011526955664,0.030301810702973997,-0.39941882962881253,E02005095
-1.4435711552463677,0.8213476506355648,-0.3330457020709156,E02005096
-3.370673688468475,0.8198838483824362,-0.806636303893671,E02005097
-2.9576874477440067,0.6268364084103991,-1.2564777799411047,E02005098
-2.14280016935519,-0.37954588628830477,-1.1918279142051837,E02005099
-0.7896362871076574,-0.5733505032485161,-0.5506124807160042,E02005100
-2.4068250822829182,-0.5375114163530557,-1.5231099094505893,E02005101
-2.1218146895311256,-1.2599210971691155,-0.8452896926384541,E02005102
-0.5651694876902439,-0.6007614194058778,0.05149405529854031,E02005103
1.4228807603833586,-0.2382917639645596,-0.12576208477262635,E02005104
1.829547770872432,0.3447657768699369,1.0335871317622474,E02005105
0.5173850742948433,-0.3674325502020947,0.5420623725129887,E02005106
-1.074595936210523,0.07409839914675027,0.8790656356232552,E02005107
-2.483219480627789,-0.6358385639464834,-0.4361905734168645,E02005109
-1.4217350698673905,-1.283167412580545,-0.03286382020652258,E02005110
0.21544502084458578,-0.07863015540869235,0.3922555073327163,E02005111
0.03224953857502372,-2.2294197948152976,-0.8639663700553378,E02005112
-0.20119914570429107,-0.7940660746897836,0.537862364217013,E02005113
0.22467448115658736,-1.9133413416261091,-0.31614389131139314,E02005114
2.9644165673479987,-0.23105911705506535,1.2107593786081787,E02005115
4.136113397324459,-0.2706457832286856,-0.8995529138336773,E02005116
0.16618955342782443,-0.6446125626346684,0.5658774149045183,E02005117
0.3730137076569998,-0.7768863392616723,0.812281575403797,E02005118
0.998369845429244,-1.7349620679333624,-0.4003042460783322,E02005119
1.3391433765195042,-1.7485036568496524,-0.3407946951236334,E02005120
-0.27649101207339144,-0.7383542157873823,0.05786360254810592,E02005121
-1.1511689096810989,-1.043789903388135,-0.39107787896267854,E02005122
-0.4050949621289032,-0.8016533448664536,0.24788952009037035,E02005123
2.5751384717160364,-0.09947849505974252,0.009287963328713272,E02005124
0.7193150286588791,-0.6129981639958145,0.44334165170616646,E02005125
-0.3086408474122003,-0.32321926332376016,1.2064749561584307,E02005126
-1.7543737242543294,-0.7937964435246274,-0.2559000688473506,E02005127
-0.3507947473023282,-0.14452625244193973,0.09154268554422636,E02005128
0.10689096791628144,0.16538497435874677,0.08390357217055784,E02005129
-0.7480397656385351,-1.3373622359824109,-1.248986924610667,E02005130
-1.876529062226824,-0.902283999905352,-1.2320484754214438,E02005131
4.74550617265983,0.5866629351558277,0.6195747610956581,E02005132
-0.7227634021299142,-0.3964626722403311,0.8865877762107631,E02005133
2.9901934794812095,0.13000640982486902,0.6832459888695736,E02005134
1.0748405455084973,-0.18595104443153707,0.4489225021783313,E02005135
0.25659986191005496,-0.36529035652414277,0.7117606926387722,E02005136
3.3661621435348614,0.3315473114746672,-0.553282641007501,E02005137
0.7736447889352999,-0.2756088442887156,0.5115993199433949,E02005138
-0.4928244190615444,-0.6469096227887777,0.8734409957410343,E02005139
-0.9199179896159,0.1308851402777442,0.9820298264995848,E02005140
-0.9327600709501832,0.3986064535701412,0.8758734683238729,E02005141
0.2786567500185517,-0.7904185081248842,0.5825223425088014,E02005142
0.7505292530703117,0.14164842935172817,0.8700536251208675,E02005143
3.3106961597794293,0.13497351748699837,-0.34642543471575465,E02005144
-1.133778216003444,-1.3703001933707952,-0.7133278479489924,E02005145
0.8467750250437597,0.19521485820301882,1.225816313057009,E02005146
2.2447192928600597,0.7084142939968042,0.40785035037948303,E02005147
-0.9287690944178663,-0.4024129588228854,0.8136276672845968,E02005148
-1.5268560493937682,-0.7442374146150608,-0.044639571029229635,E02005149
0.23307193360542494,-0.6374426174286295,0.07137989702414149,E02005150
-0.6817826176750914,-0.0759068149840989,0.6441557657886059,E02005151
-0.4411285507393066,-0.4008846181067718,-0.22861677497142038,E02005153
-2.0999531199927817,-0.37318995398012184,-0.8640864668894037,E02005154
-2.380772185560417,0.035861836230506275,-0.47598818747550903,E02005155
-1.2454213132621086,-0.75461535248062,-0.8364329297913715,E02005156
0.7756697488055552,0.03561949864663682,-0.11667362937288135,E02005157
-2.2216479539237914,-0.21874423251819117,-0.4583701424506538,E02005158
-0.8423122530960777,0.11975060247285112,-0.10102705993999979,E02005159
-1.100839006625813,0.4876150680336305,-0.02743371157066927,E02005160
-1.5608979660642204,0.5266145459253267,-0.06530682101320198,E02005161
-1.1532766462989215,-0.763330940142053,-0.4182037462785388,E02005162
-1.6128757056752774,0.2389072779145401,-0.018818970753344013,E02005163
-0.6657166246653716,0.2874017830458952,-0.22225966419147536,E02005164
-1.6464538261677952,-0.42611001858694864,-0.6804260998301642,E02005165
1.650162581499381,0.6195850530270998,-0.6678258508378058,E02005166
-2.678043318000698,0.08918831506205335,-0.6974410607966577,E02005167
-2.769674766999081,1.5849565776865375,0.3356489684246448,E02005168
-1.7213627450687452,1.667239980233035,0.3044470344139497,E02005169
-2.184594221245095,0.5909053567517182,-0.1686711487117554,E02005170
0.38601313227945855,0.28210369011903474,-0.7354620489073578,E02005171
-2.2418036154146543,-0.5538431229371008,-1.357113749748044,E02005172
-2.7463429347614565,1.605963669968913,0.04583385428126273,E02005173
-1.5113002510341116,-0.7272481829727027,-1.2410903466451182,E02005174
-1.6006285733125967,-0.9945352449551521,-0.9839731546224194,E02005175
0.1309243680537447,-0.3176903079783399,1.1236686343613758,E02005176
1.4773727939427201,-0.47388688648289135,1.2274779683509645,E02005177
4.119948836903821,-0.8639535961282319,0.8620549093112967,E02005178
1.5985951115849308,-0.6343302158569482,0.4933356133711511,E02005179
-0.6216275658054623,-0.6080453753085804,0.5499443319395518,E02005180
1.5364672318049812,-0.43058270502533696,1.10017535300962,E02005181
3.103477978267995,-0.3647373642841562,0.42204471698327145,E02005182
1.4904653239830354,-0.292257346397682,-0.0600520264631721,E02005183
-1.7800394509914055,-1.6753725887687123,-0.4760490154893622,E02005184
4.454720939198023,-0.3257924061788426,-0.16182143363054427,E02005185
-0.9423313322073539,-1.4276141082137177,-0.011276668721714445,E02005186
2.5499560234898833,0.41749098050954664,-0.8457022970664033,E02005189
-2.1379323984964995,-0.8600933137469859,-0.6710827373705354,E02005190
-1.5686703572967329,-0.06422631197042676,0.44429955728936715,E02005191
-2.278615700072662,-0.22819171412536204,-0.4954578212588334,E02005192
-1.624143361290087,-0.40638011534045904,0.42351434240065694,E02005193
0.3049859170923803,-0.39554487617320633,0.36069859693529094,E02005194
-1.4421376022632635,-1.3067959768913953,-0.14401100501404437,E02005195
-0.6496651633531588,-0.051592089107880025,-0.0038611264224921883,E02005196
1.5463057743036515,-0.5503513961535976,0.26193102413375724,E02005197
0.5762083345807271,-0.4771761701766824,0.5558450942834645,E02005198
-1.8329679221510549,-1.1280412173428371,-0.05698097189403733,E02005199
0.870082404222351,-0.0015207171324934025,0.23712849800536923,E02005200
0.04680896829064304,-1.0819101359397214,0.354034635149651,E02005201
-1.2236524272498177,-0.9838731120134635,-0.0958686467039334,E02005202
-1.4674809776154485,-1.566012796357172,-0.5114823382045698,E02005203
-0.7750713616162954,-0.7783290823141598,0.17723989821458613,E02005204
-1.0802577877128292,-1.319819043584965,-0.5271450761912089,E02005205
0.02180432812283237,-0.702122443777296,0.5132512915329425,E02005206
-1.0281836358190224,-0.41402451644257193,0.5213293082377267,E02005207
0.21441995871023245,0.07417932828777524,0.9161049108129368,E02005208
-0.9615169119857153,-1.2014195557125031,0.2110451742236672,E02005209
-1.2325627489608204,0.2437555502544537,0.5539288010849666,E02005210
-1.3403550276749652,-0.013594886181614765,0.33004306992333715,E02005211
0.4063985099295249,-1.089066859584039,0.45555246535416094,E02005212
0.04495015832008306,-0.9501929629066054,0.49110710306695066,E02005213
0.34878785897742964,-1.223264366043355,0.3146539827707513,E02005214
1.6466531425122257,-0.6553008380898371,0.7760421078202632,E02005215
2.143666076338855,-0.6265267087937587,0.1144900810461587,E02005216
4.064140227175065,-0.5312802760495432,0.6917527859833237,E02005217
1.048854155215429,-0.30158773920196547,0.9019290016270669,E02005218
0.09249980239489508,-0.7060093533989965,0.2876823651324012,E02005219
-0.6778259795979581,-1.3780878954244982,0.1729929014457127,E02005220
-1.255776839100776,-1.2988869357373423,-0.29168607351762577,E02005221
-2.5223031280669677,-1.7665643420570503,-1.417817500878708,E02005222
-1.7655486939894496,-0.8922366715088066,0.28286634910829,E02005223
-0.34984753030087423,-0.5702988469165604,1.3277678188106834,E02005224
-1.938790706983785,-1.1728014128329118,-0.7763831525481147,E02005225
2.7539667106254724,-0.4053013524141765,0.9907394591308613,E02005226
0.973178438799668,-0.7937961201728043,1.7274440844109402,E02005228
3.0843472725511494,-0.1915635198426798,1.3666476062878152,E02005229
1.8580044972947234,-0.8552946470795467,0.5424971870444792,E02005230
1.8775860684187047,-0.001598410357001236,0.3918109856714788,E02005231
-0.22561215468408635,-0.03566300399400104,-0.03416557425773362,E02005233
-0.1940684214128186,0.7268761212828428,0.4361236426157216,E02005234
-0.9020113601705195,0.4861083977313316,1.3384267724465555,E02005235
0.028711641067611916,-1.4622657667325536,0.29878132166519406,E02005236
-0.9700920012803351,0.11947279394192235,-0.10752149464190412,E02005237
-0.44214114401439253,0.27338926404258723,0.7734152933015138,E02005238
-1.7310341547319397,-2.09378671224618,-0.21118375713308266,E02005239
0.14907543199353243,-0.9634649780731674,0.7345605948931303,E02005240
-0.2746763805305734,-1.7553976375519433,0.3078393252307884,E02005241
-0.4414379345252833,-1.4768188176553854,-0.004904374952654451,E02005242
1.6360890353713557,-0.5243033968241062,0.6293341934947686,E02005243
1.682849126989128,-0.7209842604962917,0.07882058066066862,E02005244
-1.717838703693543,-1.3734590037573737,-0.37628483897813275,E02005245
1.84192987164152,-0.8283038937602472,0.26466961029670383,E02005246
-1.982512509225737,-0.8491079546339355,-0.37751949380696864,E02005247
3.7257608294501763,-0.6321065884833349,0.5955642477933492,E02005248
3.3616254134639068,-0.4372017648326937,1.0285644794603412,E02005249
2.544189245875408,-0.5349404203090573,1.2581418457235685,E02005250
0.6840779268517604,-1.0172275907145256,0.23557416341478715,E02005251
0.8379189956793515,-0.9094789286728601,0.6088320362761392,E02005252
-2.0758522862087756,-1.440213171176098,-0.48044696663126796,E02005253
-2.544198335246566,-0.7265014438447912,-0.5471429763227309,E02005254
-1.5133494736292779,0.21631442073363852,1.0795012804161583,E02005255
-1.8265198202601811,0.2320354916150593,0.34832804617361884,E02005256
2.7206358695657737,0.3059554127537291,-0.6225016681028652,E02005257
-0.9903193070054631,0.2412217556678438,0.5944006848407788,E02005258
1.9672244525678229,-0.31475935269115973,0.33578231308958556,E02005259
-0.5785190860372851,-0.3466821502413068,1.3617712433245501,E02005260
4.113323804782246,-0.4318784984001467,-0.9045663827675158,E02005261
-1.8504736917074607,-0.07161028512395515,-0.172138613782691,E02005262
1.8328636642146878,-0.43188215035046523,1.1046274781447838,E02005263
0.6245082027834624,-0.08990734042812332,1.1960702373143686,E02005264
0.9784873593385857,-0.049234318278394744,0.5061860527139255,E02005265
3.776365222801788,-0.0814157835120946,0.4262333146056386,E02005266
3.4234999165333946,-0.15580170806044466,0.3715686085316809,E02005267
2.479228666286844,-0.6853480799702658,0.3956995248520156,E02005268
1.9379218141493493,0.2975758663173358,0.058813656320331004,E02005269
-2.3094899164728253,-1.9297343083535237,-1.204852115018136,E02005270
-1.268271412470727,-0.336903689403482,0.2834830072523724,E02005271
0.26439899611489315,-0.28882835837032506,0.5124510808546703,E02005272
-2.1715136510981994,-1.8856548227869623,-0.9738821601522637,E02005273
-2.2364109423438383,-1.1476347353767182,-0.7189037531271891,E02005274
-1.092991852413303,-1.2786747214779886,0.19975137561664302,E02005275
-2.010588756159944,-0.6791432652790731,-0.352138432493682,E02005276
-2.5046369611275443,-0.6491482755898622,-0.34917359921306257,E02005277
-1.589816151238804,-0.7550935911956365,-0.25093552902490257,E02005278
0.6055763580884921,-0.8850193234131274,-0.15786913535101488,E02005279
1.0503439353991166,-0.9489646148227451,-0.07730517507839127,E02005280
0.6028806062521024,-0.36273610934607897,-0.03772179514974308,E02005281
-1.4083388782795,-0.8313248239623009,-0.3300661699211636,E02005284
-1.717256196979193,-0.8266584234344164,-0.28646000736625915,E02005285
0.15522888091431739,-1.103995778903593,-0.24166786090191628,E02005286
-2.0442591756132305,-0.07091692676549595,0.43857718852102,E02005287
-1.390256543931455,-1.3367167612240474,-0.0765039084444299,E02005288
-1.8084041193674196,0.05193354245786952,0.9686900963514465,E02005289
-1.623662817166755,-0.26973334572380336,0.7734322210008191,E02005290
-0.6806132530377508,-0.17426425933160897,0.9481650277330763,E02005291
0.8945528360849132,-0.05091964696241116,0.03949506289209158,E02005292
0.37551183882640915,-0.5511076251688276,1.0932288684295626,E02005293
-0.007783687171937399,-0.9271810181901462,0.6939293701273065,E02005294
-0.6854764820196896,-0.37322455239672697,1.1773324802795735,E02005295
-1.9132060069411048,-0.6109336244830549,0.21813408531619696,E02005296
-1.824150692318382,-1.1482008374782215,0.09919761128550776,E02005297
-0.7970577630448081,-0.9815176407380584,0.4728035992790051,E02005298
0.06443428387983917,-0.1849035245900031,1.0618534288083674,E02005299
-0.5385596324787221,-0.48622127402316373,0.0721482170476689,E02005300
0.8649265678307141,-0.3339632040568546,0.4253987906528455,E02005301
-1.3931781973042048,-0.07107226096356013,0.7209744726051008,E02005302
2.1463229971649427,-0.3144524553416462,-0.4555297400043397,E02005303
-1.4953434627518654,-1.2484925853264512,0.1511230027344552,E02005304
-1.0436752095142054,-1.687775809731933,-0.3449287780342449,E02005305
-1.3343478673260865,-1.8027735117375405,-0.642337248872424,E02005306
-0.723107562913847,-0.7195980411330366,0.16397379218174993,E02005307
-2.4661388643751785,-0.5516170582787249,-0.5238571074754969,E02005308
-1.0544614647502963,-0.2761753170395382,0.5158932691624694,E02005309
-0.43839900048645075,-0.3096396507752363,0.6413491875079896,E02005310
-1.9796476874823055,-1.3868351371765644,-0.7007644996325447,E02005311
-0.04608589912353285,-0.584921802747523,0.39959281048097695,E02005312
3.4866844062596276,-0.30135637989227787,-0.2925529266550212,E02005313
1.3162977036774228,-0.6886843190202714,0.20400783355689314,E02005314
-1.8827830224266666,-0.38140888697045144,-0.06814700838937497,E02005315
2.926132987865679,-0.2789154840397395,-0.21632119264157784,E02005316
4.273093327373497,-0.11736733376685272,-0.173384677356502,E02005317
-0.7348486086920887,-0.6877080674669142,-0.2303350221182701,E02005318
2.528725301846551,-0.5412130820677441,1.177176089914274,E02005319
0.8183455673678045,-0.7174234469840245,1.3173133982841225,E02005320
2.0913087200618854,-0.42194177526288995,0.2822440488735754,E02005321
-0.5916913958354081,-1.7431734961568095,0.41781175626376366,E02005322
1.5461325426900265,-0.8716212654927956,0.059370989055724396,E02005323
-2.134125952501781,-1.6168110183675508,-0.8665825369182399,E02005324
-1.3958590086270914,-1.2009868259442589,0.1355196741869155,E02005325
0.8172216655623727,-0.687132304439441,1.5129784483349684,E02005326
-1.7256306297248627,-1.8452936087981415,-0.620835114202004,E02005327
-0.8775897553849094,-0.47791775548689275,1.45656307886298,E02005328
0.0613902547124442,-0.8048658321407401,1.0566016691372597,E02005329
-1.372156869842566,-0.5697146745379709,0.9928682352816349,E02005330
-0.9586378756498247,-0.12486914381313481,0.5804195237778224,E02005331
-1.5266523534522087,-0.3551743257282065,0.9236678614708643,E02005332
-1.2697842964839687,-0.2881893802048203,1.421676232994289,E02005334
-1.7934419503934715,-0.8370822319532711,-0.1919488616729755,E02005335
-0.7152433839797466,-0.0740268658072864,0.8944900543363267,E02005336
-0.02379303500770034,-0.5411547225324197,1.4003214576091223,E02005337
-0.6860964585873354,-1.0092920968678694,0.287708251576377,E02005338
-1.48996753551632,-0.3059596221502942,0.6616116271056895,E02005339
-0.20531818356850787,-0.8491017502918831,0.7657496612932717,E02005340
-0.9896747989161412,-0.8658325482919944,0.3466845643115839,E02005341
-1.1145717233139536,-1.3199205780015528,-0.013608999425117098,E02005342
-1.4411706326685234,-1.1639583086252618,0.3143709733958816,E02005343
-1.2621830914568501,-0.952980278092063,-0.2851509349588208,E02005344
-0.9802264093561662,-0.704802015589374,0.15494958897889147,E02005345
1.8532644940897385,-0.20294507383063679,-0.4922039789789906,E02005346
0.6493611385080278,-0.06004830262107983,0.7776797411895107,E02005347
-0.853220475235471,-0.27524789095866053,0.42438812706682183,E02005348
-0.5363271206258275,-1.1929369943351102,0.5002769871627394,E02005349
-0.4998831149037257,-1.0582765650120853,0.33353149483240785,E02005350
0.322160728470985,-0.18156431107950444,0.7816956860307093,E02005351
-2.6453842516967065,-0.9391244155735816,-1.0039864364525548,E02005352
0.6202202123082354,0.06865984166670125,0.10020485648287389,E02005353
-2.3561957561757847,0.10575543360167772,0.23028246446328182,E02005354
-1.4352612599563217,-0.5122048971643052,-0.011170942122870061,E02005355
-1.9675562486974532,-0.10857689889471542,-0.20082273310966892,E02005356
-0.3762661395743099,-1.0022049642979438,0.5270831648515868,E02005357
-1.004184878751097,-0.23345351543576714,0.38205518978004505,E02005358
-1.44109884344559,-1.7035196756164288,0.017753418791347026,E02005359
-2.6031244712811463,-0.7584993358137904,-0.7595436474151412,E02005360
-0.6726995026010176,-0.6384094984542045,0.5800314559625742,E02005361
0.023823854152893113,-0.6749348063492416,1.2391646139389094,E02005362
-1.0682710966627809,-0.7278107315455415,0.7410239372478592,E02005363
-0.6313815401252341,-0.16833798003480266,1.3905574269976595,E02005364
0.36725115572030587,-0.9532130774702127,1.0348523617952414,E02005365
-0.4235759562697489,-0.7468551107538051,0.5515885424267789,E02005366
-2.5234005596460016,-1.5074212354934102,-1.496603708092096,E02005368
-1.9666831237140843,-0.8588277868623141,-0.5920088014760998,E02005369
-1.6026492069809797,-0.622164753976049,0.5160224505346876,E02005370
-1.8479051358413534,-1.4931445287593765,-0.5737720536180612,E02005371
-2.4319767206144927,-1.3038260910020498,-0.9760922568048808,E02005372
-1.8483337523966703,-0.8436056040909268,0.14500624205774226,E02005373
0.5484710677770535,-0.009295808090354699,0.29107825506065566,E02005374
-1.5121543241981774,-0.07002892691659432,0.6044015793600728,E02005375
-0.9598000752551964,-0.6210172222652384,0.15107907268505633,E02005376
-1.3268986190941017,-1.317045086427702,-0.12699492648938673,E02005377
-1.6680214473366508,-0.6583539178985485,0.325894333382886,E02005378
-1.1084549946461817,-0.9597952727345501,0.3424685482063372,E02005379
-1.794857934752121,-1.4517976753097164,-0.8257667398108927,E02005380
-1.3185911341627545,-1.3251418907268746,-0.4211067970846182,E02005381
0.5851976502329257,-0.9535350132843285,0.4241863255724081,E02005382
0.3026596307660964,-1.0986548154006262,0.496026461818652,E02005383
-1.7653192866088454,-1.5228106363982925,-0.5848967955186241,E02005384
-1.468812092809374,-0.593857187035984,0.9060720782282373,E02005385
0.47848850684286426,-0.30060989566826063,1.1981342309743688,E02005386
-0.23769336935821617,-0.6279775534292054,0.9219431777532515,E02005387
0.47485436893839506,-0.40551484096904766,0.9421259185993951,E02005388
0.2978020933570823,-0.39036691882196045,0.12560652429749974,E02005389
-1.7592656743523367,-0.5124383012109832,0.5793948854512905,E02005390
-2.1726054067042875,-1.3791590932614817,-1.0700087674889387,E02005391
-1.232022446929538,-0.9657948720068388,0.8706055817818086,E02005392
-1.4031063593341806,-1.7662198889605476,-0.7681981262218145,E02005393
0.732263780058541,-0.9264447502221,0.15335001105846055,E02005394
0.00027008020966795446,-0.8335905289717979,0.5012409810665464,E02005395
-2.273568113469303,-1.6852546306894731,-1.2464335614719093,E02005396
-1.2339553847187097,-1.1509045441453527,-0.5190881619042306,E02005397
-1.6161710582823314,-1.1380877670161031,-0.5843742253366667,E02005398
-1.2430006317991524,-0.24435581136226134,-0.3385783838047238,E02005399
-0.09378927332719825,-1.0664413984710805,0.3384528970851467,E02005400
-1.7383470045090645,-1.0978043931012864,-0.8632539617468321,E02005401
-1.1201931082667846,-0.22943791387955495,-0.40963629354207487,E02005402
-0.28240478991915435,-1.0025186628561702,0.7625181573179297,E02005403
-0.32767291209784477,-1.0934301226955307,-0.333028404093115,E02005404
2.1932154651623352,-0.783190422455439,-1.298264532541526,E02005405
0.8940386642467354,-0.7385415603376577,0.9083428942224657,E02005406
-0.9883364641525103,-1.0542057070186721,0.6535754578569519,E02005407
-0.6964543507053099,-1.4011961774758463,-0.6090632106698515,E02005408
-0.15566865106571187,-1.441245071949785,0.20900936775566853,E02005409
-0.5400577264724548,-0.20724107101051434,0.6213799854090416,E02005412
1.2733013086197131,-0.4750080954243495,0.7466446198317845,E02005414
0.7864672599154576,-0.9232310208050549,1.0156643673958352,E02005415
-1.1599276524559963,-0.9767158175023853,1.0695018712108835,E02005416
0.03975590556006064,-2.443596239174186,-0.6458813602717787,E02005417
2.9319080773833,-0.668962043546674,0.17694099134515398,E02005418
1.3001612641833127,-0.7679599388581969,0.8811623117679481,E02005419
1.6504483995958656,-0.7656366494525974,0.6410968923535497,E02005420
0.06346531109941941,-2.373473979362008,-0.9299996534726422,E02005422
0.5818854868727044,-1.9710340492021234,-0.9438996954641031,E02005423
-1.2591994668803888,-2.02578823582846,-0.5490367102969734,E02005424
-0.7886533816052531,-2.4024190710000135,-0.6047664209625742,E02005425
1.1194918246273242,-0.7298147117060451,0.05505061720606073,E02005426
0.006370359671196948,-0.5755974719511007,0.5919390399815257,E02005427
2.1474783169967604,-2.2103400322768856,-0.674576997520722,E02005428
1.7061041832975652,-1.8830687147045726,0.4542943307957191,E02005429
-1.0073279149321164,-2.582717969866027,-1.0154459115927048,E02005430
0.19137735776052994,-2.6134521463795966,-0.7768486310823711,E02005431
-1.408178408841989,-2.508071575437341,-1.1469780718551759,E02005432
1.950954296411397,-2.2408856835376487,-0.12738144861355602,E02005433
0.11580042469919638,-1.3473370240769453,0.30193586067396755,E02005434
1.8405083396048052,-1.5092430908978043,0.6600342794736725,E02005435
0.327373503954392,-2.2227596111229544,-0.39629830921754133,E02005436
2.9862892587995686,-0.8149214634746348,0.909680867276227,E02005437
2.397525049976436,-0.9566229330634308,-0.315682073981857,E02005438
-0.5789938707628636,-1.6566383728761152,-0.09396790873378323,E02005439
0.9484331882276402,-2.4635892356921443,-1.0907596464966645,E02005440
-0.6204127337384141,-2.5596711848917733,-0.7938815472196401,E02005441
4.042285732863326,0.23035550732035157,-0.6781929443141189,E02005442
0.8681165639967053,0.028525977821089947,0.42058728165939624,E02005443
-0.7256491538081848,0.11507721008629586,0.3024073015340943,E02005444
2.6947361368863003,-0.006902468249791322,-0.3858116238305462,E02005445
0.31722995100669205,-0.15194625685753674,0.8654216873944872,E02005446
1.9645280716550488,-0.5422606745494041,0.34045463571526646,E02005447
2.589797483002116,-0.14502507008920523,-0.042678708504730066,E02005448
0.02157983368241703,-0.9205158921712864,0.7818204882494831,E02005449
-0.7079753078374672,-0.5864366177839282,1.105809529863199,E02005450
3.7088136734411905,-0.07409526014340695,-0.29949365059560645,E02005451
0.12102493554410257,-0.5746150543159518,1.0425807722655125,E02005452
-1.8450796334288346,-0.8352357424300154,0.46390389183774006,E02005453
-1.7783955505158031,-1.69518677090051,-0.4540109470831234,E02005455
-0.7850015955612766,-1.1232512887868322,-0.1586098138939871,E02005456
-0.9381147819136124,-1.7877201353321306,-0.8713361959726537,E02005457
-1.9403030466511768,-1.5963409685219816,-1.0651095595909943,E02005458
0.12165039307018201,-2.1258581952904616,-1.1971237260221526,E02005459
-2.0054473115150637,-1.3369728000887033,-0.6206993735894838,E02005460
-1.466279812926422,-1.9561799587628155,-1.0168200756047605,E02005461
0.7449444151303312,-0.9124003810660368,0.114312823338628,E02005462
-1.1283660739912242,-0.7199781675177013,0.5351936946337398,E02005463
-0.8551642330682168,-2.0913635979573613,-0.8875874275874576,E02005464
-0.26866881643516705,-2.193293891913207,-0.4670666665387698,E02005465
-0.03294277577004311,-2.6578604537383885,-0.5758351979890729,E02005466
0.8859504505651061,-1.143364357463112,0.8898563740641559,E02005467
-0.25244465907958497,-2.329346046606694,-0.577795176756035,E02005468
-0.4139561562225327,-2.3836563937900634,-0.7067203353457929,E02005469
0.13215628624870887,-0.8836027784697935,1.047826002460358,E02005470
0.9023166122353674,-1.4051525154082924,-0.15678229098421675,E02005471
0.7944471139302837,-2.3924449273881923,-0.45192413022282674,E02005472
-0.2234808678015159,-1.408460225041609,0.8783616264001826,E02005473
-0.3069866629350254,-2.462614189184939,-0.45199062311573607,E02005474
-0.610184398527931,-1.9543400227634653,-0.6524183663991905,E02005475
-1.7777602419567884,-1.4904959418027364,-1.1077177166991117,E02005476
-1.5733656276050805,-1.6036904213721124,-0.7785705585346371,E02005477
0.9298741234639516,-0.2662355596157174,0.4350197607683827,E02005478
-0.7850996408496022,-0.4911341832338077,0.9481880967194706,E02005479
3.0131405965995475,-0.4697648054660075,-0.05258845957336668,E02005480
0.5265357121683062,-0.8430135125523949,0.6764705836038682,E02005481
-1.7426527134397576,-2.0765494997740883,-0.726549473108061,E02005482
-1.1727496009069065,-1.861149304082755,-0.9789040906844907,E02005483
-1.0770652659451052,-1.8393144056600161,-1.2731507043263386,E02005484
-0.8852092873080807,-1.1286170750279545,0.5954303374189053,E02005485
-0.627044401816834,-1.4098898644162774,-0.2776557098075466,E02005486
-2.276600071775754,-1.2469253158570412,-0.9865281447418468,E02005487
-0.6830249376596754,-0.8181234674616115,-0.13357566685418032,E02005488
-1.3334577906752465,-0.9675659915828879,0.1286618526050672,E02005489
0.193803277832751,-0.10300881881591022,0.4587410805919507,E02005490
-1.3052533128945096,0.1695385173406379,0.40553299878360777,E02005491
-1.2919713784822164,-2.0185369642346336,-1.0806107193393664,E02005492
-1.1167570760915924,-1.8056821910930283,-0.5751056363771417,E02005493
-0.506355116328653,-2.2500032418878226,-0.917555042788763,E02005494
2.244040019736,-0.926094317594702,0.5701738872300348,E02005495
-1.157770724070066,-2.1208119182481333,-1.0588267759184427,E02005496
3.6700872991611115,-0.23232598522718495,-0.6747908621231294,E02005497
-1.1408530679391862,-2.030096734350928,-0.5908309489718935,E02005498
-1.6543073382663236,-1.60013330742409,-0.6242623240456552,E02005499
-1.6396529045513304,-1.5226644810857501,-0.6762384098036652,E02005500
-2.1465419934637997,-0.9944748310376355,-0.31119471563952217,E02005501
-0.9516037698137196,-1.9627081917527822,-0.5828269931543667,E02005502
-1.3787480364310751,-1.7325369173201761,-0.85290571828512,E02005503
-1.038217117580192,-2.0108857403452367,-1.1337071596992838,E02005504
-0.05021434700969708,-1.0707872557704323,-0.12162849116236567,E02005505
-0.8924812713186755,-1.87600534515963,-0.4234680516649056,E02005506
0.6240085130798103,-0.7251929824286992,0.6253054405682662,E02005507
-1.4558832167258557,-1.6728795210582421,-0.8987466714241777,E02005508
0.6468637993259676,-1.560919353413751,-0.483871565754106,E02005509
-0.6912945551996204,-2.005282434168309,-0.6782415174023315,E02005510
0.17016657265942395,-1.3053708207642942,0.7379698964137473,E02005511
-0.8285360590832183,-1.8899152028257395,-0.9076775439163868,E02005512
-0.38713263375322937,-1.4088421099100417,0.1428985539125272,E02005513
-1.0081006029955852,-2.4525269259235776,-1.207632402804522,E02005514
-1.662423145753357,-1.6841103954402825,-0.652617801759099,E02005515
-1.4294503118708812,-1.9082739890836584,-0.9861702032570684,E02005516
2.32423982392904,-0.9956753085034032,-0.8123296482220783,E02005517
-0.35476186720415515,-0.5833988370114146,1.5039882474439596,E02005518
1.7075210127135212,-1.2240974876010593,-0.7826623621454419,E02005519
-0.8950590369257241,-1.4884126112172391,-0.5775470154868182,E02005520
-1.4397441484863809,-1.732709664202503,-1.0580693253025684,E02005521
-1.3227391011304612,-1.4535933227055862,-0.5818822386687944,E02005522
-1.2604020554536428,-1.7089682938193538,-0.15838863371143816,E02005523
-1.091212632285552,-1.545247958644689,0.3647951455801869,E02005524
-1.427815762226266,-0.5570314114390644,0.6614112475435382,E02005525
-1.2470516190648164,-0.6657227201186147,0.511659326574812,E02005526
-1.5040714442443601,-1.1392143945194346,-0.29609161041461635,E02005527
-0.8008562411068167,-0.3312693398578857,0.9298541223166285,E02005528
-0.3137377485896618,-1.0289413617882195,1.0375598507170203,E02005529
-0.7499865944980666,-0.8582228887547174,1.4691072936847969,E02005530
-0.3806404171069606,-0.6529976824689752,0.6733491152228159,E02005531
-0.9505584464921549,-1.2977586068952183,1.2822166276765614,E02005532
-1.5139424106777681,-1.2807826525390338,-0.6522743272934171,E02005533
-0.7074147315686229,-0.3946681757498238,0.9322740670675717,E02005534
-1.7046861443807992,0.3084994107273645,0.34364310419946226,E02005535
-1.6755806877741501,-1.1232844786963714,-0.5034624682183376,E02005536
-1.1118788112621947,-1.6836037825216743,-0.6916123722876856,E02005537
-0.07469773418532435,-1.6504073226765144,0.17304375372425693,E02005538
-0.6934325040062034,-1.8446601503264985,-0.49245131080895677,E02005539
0.30725211984044626,-1.4000534546089578,0.76885909222235,E02005540
2.46388157116153,-0.4560255183138436,0.32305808770865807,E02005541
3.6709456327617898,-0.7872832343546302,-0.39356928119770024,E02005542
5.700769880803459,0.2454186515776134,-0.6676388178460119,E02005543
2.915254090993997,-0.5474748536888151,0.24099395796558398,E02005544
-0.6473822335359946,-1.0996011347921277,1.0964552353494863,E02005545
2.7790758601034167,0.0013100920050851856,0.1994028557281645,E02005546
0.36865865254464514,-0.11650945644970681,0.9913637517193834,E02005547
2.5622662166938013,0.2439343235924623,-0.30088651694241303,E02005548
-0.5273088779514242,-1.6399649679365287,0.12842788404530808,E02005549
-0.2535968022381501,-1.1065683164691331,0.2980867974783171,E02005550
0.17363747701761745,-1.5976902321841835,-0.31961430615024566,E02005551
-0.8878107918220316,-2.0268082453344034,-1.5218809832430997,E02005552
-0.4779505939131514,-2.0373778830275784,-0.29481758921477014,E02005553
-0.8744902802283911,-2.0628804035078647,-0.7696764826289322,E02005554
-2.110490007486057,-1.0235533086385813,-0.27495674651522345,E02005555
-0.4444113429654146,-0.6905810841807976,1.3372317170571424,E02005556
3.530834084678572,-0.5739598615038406,-0.777772890833187,E02005557
-0.2740941596301756,-2.1034794503109064,-0.5041429944565394,E02005558
1.0660279358754396,-0.3558467606092405,0.595111323509176,E02005559
0.7923562934742556,0.044711843208349665,0.1387325759569949,E02005560
1.916565866499328,-0.8316933525299084,-0.6037892378358758,E02005561
-1.0450668501757432,-1.9761409221405541,-0.9722366905542453,E02005562
-0.18519864213166706,-2.163074587545084,-0.48363234527132754,E02005563
-1.4817956580749636,-1.5542778905911687,-0.5142699121618526,E02005564
-0.5212770182087889,-1.916281326175241,-0.509325065024293,E02005565
-0.08568629436612185,-2.138450708978485,-0.586792984717311,E02005566
0.19873975323021528,-0.6127705896545673,0.727565961915765,E02005567
-0.9435392766270648,-2.1069732034031303,-0.9531489988177654,E02005568
-0.690953919616456,-2.2993713285346455,-0.8227828171405909,E02005569
-0.4172660553193239,-0.5374640473406489,0.8143689540481481,E02005570
-0.7783426030593089,-1.860421030575042,-1.483866895698908,E02005571
0.8158979603995007,-0.6596996509683672,0.551153309692286,E02005572
-0.5682392474682796,-1.4482672614543877,-0.8355128404573943,E02005573
-0.9042166135020812,-1.6680149280640568,-0.42327024010339837,E02005574
-1.1796601843732253,-1.8198621960358305,-1.1216443650173902,E02005575
-0.0841028022606354,-1.7187492391078625,-0.4882788049494581,E02005576
-1.0348434631166468,-1.863919659449601,-0.9280500869613941,E02005577
-0.7126190644278244,-2.1685998631974064,-1.0786437127607291,E02005578
0.4865486339435024,-1.2191199351844428,0.22721235442159446,E02005579
0.14999104055189302,-1.0963951636236395,0.2674823520803788,E02005580
-0.8948175865144783,-1.9128387725395262,-0.6828729030313216,E02005581
-0.15860974482406598,-1.8674085013624915,-0.578166069461568,E02005582
-0.5382490497387139,-1.7374855766655168,-0.8274609066403116,E02005583
1.672456880318163,-0.09529885732721137,-0.43875658037478193,E02005584
3.2543817429888406,0.5073851367509878,-0.9651071021714217,E02005585
0.25290071520719504,0.809653218421162,0.6131612518889825,E02005586
2.4532255996525434,-0.010988636702298226,-0.08378218308121596,E02005587
1.8848051181095673,0.43080728132390933,-0.5548429449163503,E02005588
2.264854163643698,0.3983629219412202,-0.720457207760358,E02005589
2.4388175890392967,1.1971027118919868,-1.2216559212018303,E02005590
-2.2746136996182327,1.9891706238174247,0.44815037336648234,E02005592
1.428797446718407,0.2914498933740195,-0.5073630450460098,E02005593
-0.37427828257250556,1.4307398067150396,-0.2848826053066355,E02005594
-1.8608470646857318,0.8936292272963342,-0.1729677895656364,E02005595
2.1887573987422395,0.41591041944451385,-0.842826291117743,E02005596
-0.3390994668758326,-0.7273580584830863,0.24378574160869304,E02005597
-2.535875392664707,-0.4134889032340971,-0.9657361981622529,E02005598
-1.5301752026102422,-0.42396587620337634,-0.20080066752541528,E02005599
-1.6087427729680923,-1.370748762067097,-0.915415157395145,E02005600
-0.6332936364341658,-0.7211963950061693,-0.14639159540046118,E02005601
-1.9962399839613418,-0.9788789777189951,-0.726616675153499,E02005602
-1.5461982405689176,-0.9397223941174385,-0.3440836948688646,E02005603
-1.5086350943249591,-1.3294653606393854,-0.8306189760067658,E02005604
-2.0147705125511033,-1.0390921956121113,-0.7199586832366212,E02005605
-1.3877536021212642,-1.7262670943426512,-1.0101037099092935,E02005606
-1.3314447753407939,-1.5142476527056148,-0.5755166451911138,E02005607
-1.1431968698955333,-1.8043534892658561,-0.8690618483234432,E02005608
-0.5385454085359687,-1.6404658857835404,-0.566320006156102,E02005609
-1.2439123942109611,-1.888923110576417,-0.7736049783818585,E02005610
-0.0625415122328028,-0.9570228408624347,0.35661434319013396,E02005611
-0.26084540257984323,-1.5964008748119038,-0.6199139594718671,E02005612
1.553773331181501,-0.6811322377706481,0.8930241300525089,E02005613
0.3037794382051098,-1.4904217889513427,-0.448692716363093,E02005614
1.4136656169679622,-0.7263072773711388,0.9073059584244381,E02005615
2.533321086283678,-0.6099925539133927,0.18048158013831053,E02005616
3.3363645548200367,-0.36266538945300963,0.1488987520295349,E02005617
-2.263331405854876,-1.3747572574217266,-1.4142268247864755,E02005619
-2.054902351899288,-1.1300243894344484,-0.7916511437272116,E02005620
-1.4915556169639552,-1.2782894120873862,-0.891021670813397,E02005621
-2.4923774138850145,-1.0312582154288807,-0.9670584737273208,E02005622
-1.7721149272152426,-1.111183654666292,-0.6642751123626323,E02005623
-0.5360416679340368,-0.44066598019518866,0.4000333606690847,E02005624
0.8655262060777196,-0.38528258236603125,0.5749874867518469,E02005625
1.6694948608540925,-0.8771797258107189,-0.1446622804877852,E02005626
-1.099179756384525,-1.3386065714338584,-1.157220740541911,E02005627
-1.639309231716719,-1.5160005290237795,-1.006753038642779,E02005628
-1.900423743353521,-1.4156775363569607,-1.5951490217112978,E02005629
-2.1175104280144357,-1.0654041791985889,-1.2571968960329345,E02005630
-1.5405624927535284,-1.4961143286344747,-0.8221900197864187,E02005631
-1.310922858891432,-1.3302497468407934,-0.7548971994988773,E02005632
-0.2955405541525723,-1.4177112866628643,0.21323258474494794,E02005633
0.26234111097759955,-1.0384161071962992,0.05689204876217022,E02005634
-0.7957498999512979,-1.0866496825950775,-0.02015609513051061,E02005635
0.6732011230999165,-0.7553508981182668,0.5624411590687168,E02005636
1.4305131556413502,-0.6568204378763094,0.47429607322300144,E02005637
-1.0715887267819881,-0.8333353982148268,1.1974461320675944,E02005638
-2.1990120998778173,-1.527281949955052,-1.2667265668411278,E02005639
-0.48665184566208386,-0.8366253034130817,0.5652396344994615,E02005640
0.06921681672583375,-0.9826555333551046,-0.03552984078329596,E02005641
-0.8533468284060661,-0.1526038051407865,1.420429558842176,E02005642
3.306351550645559,-0.2214621278394398,-0.1711189733963194,E02005643
1.3492531012305136,-0.1090389612749078,1.4524998099771957,E02005644
0.28514966883183784,-0.03148750807326671,0.244026293410592,E02005645
-0.8553798650180611,-0.7562101667993629,1.3206877566848092,E02005646
1.0486299032336646,-0.31066545046951216,0.16262374372116883,E02005647
-1.4390237985859171,-0.37161966652658,1.0463263433151433,E02005648
-0.8753917821724406,-1.3609108121011875,-0.35215670282341444,E02005649
-0.20749380122111122,-0.6139056709357776,1.3944553793981085,E02005650
-0.948020913751204,-0.9225932096224362,1.3086860281570178,E02005651
0.22245353182203959,-0.6761317080035635,1.3202449612970393,E02005652
2.3794850082949566,-0.11434643504397185,0.18657320730032068,E02005653
1.7733823590603184,0.10306109765024846,0.2824511975140317,E02005654
-0.2936212615387858,-0.34646312854822087,1.0362735881699012,E02005655
2.9762358744234247,-0.010251944029257816,-0.21122577091293016,E02005656
-0.3748666679321881,-0.4452377335739579,1.0338773659558107,E02005657
2.659416071262726,-0.012360348637193017,0.14540186601175184,E02005658
0.35881057900805496,-0.18210558508527525,0.8675713669883256,E02005659
2.0017618503244385,-0.3837438090722032,-0.4942449675849651,E02005660
2.4146498105246734,0.3278245485125813,0.09726548490686424,E02005661
-0.14045703729048523,0.04426713175218072,1.1202775813734138,E02005662
-1.3039603638796533,-0.04113133095776814,1.5730686224667025,E02005663
0.31322184750255905,0.17195063948537426,0.6084962456652839,E02005664
-0.3189313721435022,-0.0964543518352865,0.8198369887387071,E02005665
4.018106802990967,-0.10676650135948064,-0.7178801567044354,E02005666
0.8021331902635433,-0.6872818178384867,0.33393379424950353,E02005667
-0.4261343927840426,-0.582792934615566,1.3690211164544035,E02005668
-1.9593471338353567,0.23475693394641373,0.7754971976197765,E02005669
3.523057213762884,0.24663487249883373,-0.5885007377651604,E02005670
-0.5334380406431021,0.6541303628893573,1.1132657529520016,E02005671
0.8590709350996062,0.5487084046552624,1.1284212280743693,E02005672
0.6520682336169744,-0.22083049450408243,0.6708111482013666,E02005673
0.9230572329521424,0.40165800290555126,-0.16829698411674435,E02005674
1.6134801854888008,-0.23558585561819545,0.06533883812286428,E02005675
1.040902392686822,-0.25093941783758195,0.3780197665310845,E02005676
-0.8679476806487211,-0.5490347544610431,0.024742284973686753,E02005677
-1.6548396837241242,-0.043380494486821866,0.15231456016026682,E02005678
-1.652072096032303,0.07755785595351178,1.0157077078552175,E02005679
-1.8871091371252837,0.43846625856240495,0.7210887386227744,E02005680
-1.355342227456271,-1.3631808806703776,-0.3704155916264182,E02005681
-2.0123479485790616,-1.2407946456420842,-1.0499190980319566,E02005682
-1.6880414988423589,-1.0195879898589926,-0.3610296858355741,E02005683
-2.476864888702285,-0.9644310290092902,-0.9972757390650554,E02005684
-1.1871982509127381,-0.7764141123890232,-0.6173824157401723,E02005685
-1.966074766662596,-1.4627152560641317,-0.7743293569410281,E02005686
-2.3189628618589544,-1.2001146891945063,-1.1897079485123576,E02005687
-1.7335426656284643,-1.2216549075301535,-0.44108558462296465,E02005688
-1.8283569413064007,-0.339131827981207,0.8869626719888618,E02005689
-0.6239365450893483,-0.19588027625640836,0.5396841370475239,E02005690
-1.917056267953767,-1.3561791474043414,-1.1072973259333412,E02005691
-0.4134452168431359,-1.506258847958221,-0.7226263111864407,E02005692
1.3920409032538927,-0.29957443878510137,0.14093004975189272,E02005693
-1.1488891362866158,-0.5086117843698887,1.1111397861008117,E02005694
1.0240889869324636,-1.0962369281924451,0.6252702981928915,E02005695
3.077597006549778,-0.694488046190078,-0.3459641937614651,E02005696
1.8354026286386722,-0.12779223201307705,0.1592267060306607,E02005697
1.6568429580427453,-0.19297206991993784,0.6521454491155054,E02005698
1.5931406817859914,-0.32307048105263486,0.10549107392674203,E02005699
-1.4264779120992266,-1.281828072785319,-0.31068233076681184,E02005700
-0.8879120302165451,-1.5012215687979396,-0.1971757066327598,E02005701
-1.905814310344755,-1.4950896650678323,-1.308296655255933,E02005702
0.7584104094116397,-0.9853328498196143,-0.8442369679507584,E02005703
-0.07885300496923144,-1.430075992431246,-0.9618936278633613,E02005704
-1.9188975063522378,-2.314386827358709,-1.9713473825120822,E02005705
1.4356917579523503,-0.8156220997313074,0.08027700001388023,E02005706
-0.9777685549655533,-2.4118473537872207,-1.0268781472127313,E02005707
-0.7573770594745495,-2.8151543121188856,-1.5535389411852463,E02005708
5.014527523107628,-0.09608262264632317,-0.9863596577924587,E02005709
1.861132717750687,-0.29604185434716723,0.6754870147320757,E02005710
3.144492938561297,-0.18496348512676464,-0.008466358876660116,E02005711
1.2104578690584928,-1.0535596890683108,-0.13466443038096487,E02005712
-1.35738411230616,-0.4656023007503539,1.2262172458090608,E02005713
-2.1657463066445106,0.48286255790763755,1.110582559075793,E02005714
2.277852098709162,-0.9459455103305503,-0.9762280538967276,E02005715
0.4300144817734204,-0.37864498709668964,0.6333773025532952,E02005716
-0.2848115297901076,-0.8723356848723786,-0.2877477229639875,E02005717
-0.5585546300220657,-0.6577818616011476,1.164183310456951,E02005718
0.6910646014643274,-0.8457224415154966,-0.5072543998415483,E02005719
0.879354409303095,-1.5468264973800576,-0.7903045138766318,E02005720
-0.33750001661587586,-0.802563512386621,-0.7863701989099655,E02005721
-2.624727053252323,-1.5876191817180927,-1.6953990054373604,E02005722
0.7903598506262547,0.14245600447250992,-0.241222457938991,E02005723
-2.4284626433069167,0.6665150398629257,0.23473011302136507,E02005724
-2.069380107178944,-0.9067983960118746,-0.7170829347065399,E02005725
-2.800978982324449,-0.7902989516681951,-1.1534386012282298,E02005726
-1.652204985327205,-2.8558702746405933,-2.029685212409973,E02005727
-0.6509429874049047,-2.7187105309618134,-1.4181676057819306,E02005728
-2.3186540083928016,-0.5526597074256401,-1.2647856448653423,E02005729
-0.8822039158982178,-0.5200953843889318,-0.6866581401446548,E02005730
0.032540906221991774,-0.48066577113878955,-0.04005559179042442,E02005731
-2.5542865075999512,-1.012940275476046,-1.4598319261469774,E02005732
-1.8635838095029236,-1.8574350588848574,-1.723367796110881,E02005733
2.6272247167356,-0.9415272174083811,-0.49461605859039376,E02005734
3.347361532410764,-0.2686965379947394,0.8681672649283302,E02005735
2.930312012626555,-0.35448658185250337,-0.9480494407452903,E02005736
0.7489934746971711,-0.8432496833451807,-0.5024451405165645,E02005737
0.047291228169356506,-0.6046610508672078,0.9792572745427374,E02005738
0.9711020145918032,-0.8688568146026068,0.03430183408354155,E02005739
2.1105572549822567,-0.9495017164252969,-0.3111681638418457,E02005740
-0.3828811731700816,-0.6868481977120675,-0.12987270862630398,E02005741
-1.805754082478614,-2.01663703915692,-1.1470023873548916,E02005742
-2.5481882350636225,-2.070305999190421,-1.710715736577549,E02005743
-1.7155456153227622,-1.9737134414886457,-1.1326594681198037,E02005744
-3.048012636987164,-1.2735179104229013,-1.4838318903015153,E02005745
-0.7515278726873288,-0.44610099026518496,0.22561377260088714,E02005746
0.32467162887821915,-0.7365230412074442,0.15189254304346458,E02005747
-2.1151355396556375,-1.1310516094463983,-0.9729744454716482,E02005748
-1.3011560373776252,-0.9900120028234893,-0.13973297911623586,E02005749
-1.2073970849604367,-0.8715444209661293,-1.536611468159983,E02005750
-2.758545957159005,-0.9440476327500524,-1.3421744796802602,E02005751
-1.9607390568691676,-1.5564818187018192,-1.5616400492764764,E02005752
0.2478029564833094,-0.6917030677481711,-0.32000793401809263,E02005753
-2.155418219646899,-1.4912267172664115,-0.7302532907803042,E02005754
-1.466340658390949,-1.5470805539444623,-0.9082472033092475,E02005755
-2.460545170490844,-1.4653350594109609,-1.0606823926696478,E02005756
-1.6150276840043165,-1.5673309748248534,-0.7014965867030374,E02005757
-1.2760738668487788,-1.6538838316697042,-1.2109416242750157,E02005758
-1.6789600653378653,-1.4212230942652753,-1.2388184782086056,E02005759
-2.6000733864608536,-1.1977184637417975,-1.2197664518750257,E02005760
-2.12435631570755,-1.9052138764515796,-1.4799963272053218,E02005761
-1.4993391576121085,-0.198378678542241,0.29928178729128374,E02005762
-2.2264421428092174,-1.4962505497388934,-1.1482483100732581,E02005763
-0.008574652756914623,-0.4929172900089084,0.6304189824099169,E02005764
-1.8590964410553756,-1.479680344606005,-0.697863371277941,E02005765
-2.278145021477322,-1.9244184335060008,-1.444934626111521,E02005766
-2.8401425076920925,-0.6866792076859605,-0.7604968736791327,E02005767
-2.556524522850255,-0.7200158850495865,-0.34697221226933195,E02005768
-0.05270227763421777,-0.04528358370324023,0.38288419115250416,E02005769
-1.035658225236952,-0.5583127568615552,1.0508626355473958,E02005770
-0.3839362452162077,0.03832653848949381,0.6052780739112604,E02005771
-2.588599637508549,-0.6838314004365915,-0.30654511131271495,E02005772
0.6457652327810629,0.3186277728869655,-0.028184974299705852,E02005773
-0.412467017195377,0.006166572048041668,0.9297190204463042,E02005774
-1.2828604961060452,0.9012839279255943,0.5291919057849822,E02005775
-2.4635779728367466,-1.2012077525671356,-1.2609559152844634,E02005776
-2.074820508425281,0.23541501809273788,0.38477631136622764,E02005777
-3.0189817207000282,-1.3335437147671463,-1.4001683905263664,E02005778
-2.2909358778737836,1.1657638396331864,0.49098069141217554,E02005779
-2.499983267722661,0.7085715133148347,0.1283019803302448,E02005780
-3.072298409759213,-0.25412667850756615,-1.306013608004817,E02005781
-2.37245663248682,-1.5102519642568835,-1.3825413442262275,E02005782
-0.8276258508042599,-0.3335226645830737,-0.09937574593143422,E02005783
-1.4893453004148165,-1.426002638069629,-0.5118229575194942,E02005784
-0.4241666606156108,-1.0802812539796307,0.16162802767222448,E02005785
-2.028763621589774,-2.5539467894125165,-1.8028631687180567,E02005786
-1.776289364352733,-2.020544964078296,-1.1187259207364757,E02005787
-1.775393358134666,-2.2678512142664915,-1.315941581285946,E02005788
-1.020571205576865,-2.178145997051984,-0.9566895597362041,E02005789
-1.8437749624751427,-2.1735234626834066,-1.480634824536454,E02005790
-0.879079129301425,-2.4390496479506583,-1.5012300411487407,E02005791
-2.1674911476154963,-1.6399863400269212,-1.3537848926458933,E02005794
0.9093905979623806,-0.6347913108469595,0.7321502852145073,E02005795
-1.1663930350914535,-2.2423472234432538,-1.4546721486775986,E02005796
0.8757368400485772,-1.1098841144222977,0.24989649612679965,E02005797
-1.576936896860423,-2.1063256762829616,-1.096318343729312,E02005798
-0.9927372096249888,-0.5420530917402534,0.6214248811614255,E02005799
2.6519038427526214,-0.127282275419685,0.5645294523647741,E02005800
3.0285430686012105,-0.12247796378546703,-0.021652913733541307,E02005801
0.9515770538469336,-0.14041382790273618,1.7499144695367281,E02005802
0.4664209458757108,-0.4560797225557776,0.2639982128435563,E02005803
0.911491031986315,-0.19210366435755263,0.8125226327022383,E02005804
-0.6723414975167096,-1.7619740167432303,0.3426923941567404,E02005805
2.2276667404437194,-0.9624571150700739,-0.42155094314991787,E02005806
-1.7227948152425627,-1.8377588083297076,-0.6867709713207477,E02005807
0.0992296036794642,-1.9949328290685056,-0.24884653636137324,E02005808
-1.0418567301727992,-1.1615122466625354,-0.3765158273556248,E02005809
-2.6136755860737972,-1.0506123377113765,-1.1802153429028495,E02005810
-1.9028620283730227,-1.3236347758623206,-0.6897340414536283,E02005811
-1.2837669535421354,-1.0052294573849077,-0.512806320373276,E02005812
2.0480409511504374,-0.6046050365252977,-0.23054300405886166,E02005813
-0.281834807573993,-1.2763194065775672,0.10559661170496486,E02005814
-1.6001824579349309,-1.2960603344894426,0.05919628086015541,E02005815
-1.5037050324647259,-1.5521346448461115,-0.4689637433628528,E02005816
-1.3599517348827102,-1.1454066341936788,-0.7222326558253997,E02005817
-1.4117689565877507,-1.7214970493843016,-0.7745517965903636,E02005818
1.0529716179140687,-1.6019693763437552,-0.010233479386447975,E02005819
0.19300765393533942,-0.7680749317415099,1.5699081014083627,E02005820
1.920538339470045,-0.9182507429448029,-0.03795966121082205,E02005821
1.621815321803,-0.7951394858075809,0.7951847567916153,E02005822
3.9920635343800943,-0.2929907846077326,-0.25773152879082,E02005823
0.09445445589570829,-0.637604578573775,1.1440923042310325,E02005824
0.9657565580914744,-1.2835080203218088,-0.01108923556354737,E02005825
3.0018018113069918,-0.32486523987917476,0.2156248361974686,E02005826
-0.18886975305950066,-1.2821766897362548,0.43368168920024047,E02005827
0.04715816683973349,-1.6703466177348734,0.31910256335394876,E02005828
0.49188493975724035,-1.1144321570337827,0.5495651636511275,E02005829
-0.07040487575611029,-1.4126090319760995,0.5564006538114302,E02005830
0.25596131448733683,-0.5480678693432371,0.5321829777277158,E02005831
1.2921920350361975,-0.2545656457886076,1.0410414670561536,E02005832
-0.42157596339226205,-1.1441944788763072,1.1181057378890356,E02005833
2.3071544776765602,-0.8144190858682524,0.06313023489682479,E02005834
0.7034404000028992,-1.6921880669967002,-0.18429922807340746,E02005835
-1.3626754440012412,-1.7557894117174258,-0.8237636447063637,E02005836
-1.3342977979862702,-1.6959613034095269,-0.9888567005632022,E02005837
0.6874501893312831,-1.4854158018736099,-0.5683035520930481,E02005838
0.6912608933660135,-0.7782743197756449,0.3319381110779684,E02005839
-0.44904667105888363,-0.42033331353396036,0.9237038920835593,E02005840
0.4426997702889275,-0.7199474798073376,0.021766888887734783,E02005842
-0.011416469479990235,-0.7693332159252879,0.005984831287507882,E02005843
0.687832281062841,-0.5585954498370944,0.16173388089455187,E02005844
3.9665981427155477,-0.24143620527056636,-0.04942946360744877,E02005846
-0.013472444412280415,-0.8002460902408466,0.7180428425769741,E02005847
-0.5152425567684806,-2.2065319851699305,-0.6736192158365112,E02005848
-0.8124807680888684,-1.9765781371813531,-0.9000259556631983,E02005849
-0.18138116564479875,-1.5144205118735334,0.6306406751217908,E02005850
2.8329925619895113,-0.33031782340948046,0.1062308150104448,E02005851
-0.574390452979876,-1.213097509498951,0.8255868640895933,E02005852
-0.519158590594403,-0.5100386810708278,0.1652709902070976,E02005853
-2.109021577573698,0.5810408707211986,0.17122535045361717,E02005856
0.9406831334856597,-0.362478011620013,0.7618001684750032,E02005857
-0.6504700709007373,1.1861056163075538,0.2253412422456875,E02005858
0.24872445676247523,-0.23947614435668255,0.8647237599157235,E02005859
-0.6523114051449824,1.1085305846765214,0.161645913118041,E02005860
-0.4223198097031966,0.1011616896459837,0.4004981607331871,E02005861
0.3754099685630503,0.1282874751846002,0.32055362496574796,E02005862
-1.4620229044420727,-0.03411602529938911,0.4063903290311569,E02005863
-2.0180804350329664,0.2441196257245098,0.71501976567141,E02005864
-2.0269924880555377,-0.6986009410412709,-0.45047575598606454,E02005865
-0.7634899000862801,-1.121214328436664,-0.11479031319873012,E02005866
0.10281497367784286,-0.4262568337571986,0.8729172050514022,E02005868
1.9724978786540277,-0.2978635653769686,0.22789276776109105,E02005869
1.287325473509904,-0.14804649815565665,0.8660000567537294,E02005870
-0.9192726000297508,-0.12079129631892237,1.1528418157927167,E02005871
-1.9815404921654312,-0.7577270712068331,-0.19452409808321894,E02005872
-1.7346011009569773,0.5092080817910872,1.0524776975601697,E02005873
-1.074036676853445,0.3707096401782733,0.8329663743163803,E02005874
0.11572806594638686,-0.7832185487015851,0.7298309545777024,E02005875
-0.06889584793036627,-0.28636771170393466,1.097722180419533,E02005876
0.13736976324369748,-0.19787761188509292,1.3656992083577535,E02005877
0.7804940155924082,-0.19215391484896838,0.9141656172284245,E02005878
0.5990747160467946,-0.29677672882480893,0.5169629645908778,E02005879
1.4176027955178294,-1.6079716064370178,-0.35819626921956904,E02005880
1.2939016902617895,-1.4706434190410234,-0.0065754635421853055,E02005881
-0.11019751826067078,-0.7430528560046662,0.8964845158712946,E02005882
1.9214475902250792,-0.7645790351323123,-0.10086522471583272,E02005883
-0.1607062137260889,-0.7716059554918753,1.1101511724007342,E02005884
1.7079182236274213,-0.9008647134438786,-0.021894641422719952,E02005885
0.030715045937988524,-0.7439484681333641,1.0101681784131915,E02005886
2.338427941956467,-0.6207006211183282,0.8085857734422334,E02005887
3.3746297514000068,-0.15686419984314212,-0.1520948663344419,E02005888
1.2981569328333191,-0.5198311284880521,0.7564290810843265,E02005889
-0.6540710273232029,-0.4792693123031239,1.605640588998059,E02005890
3.9289972478765383,-0.2998503532962282,-1.6953819916101922,E02005891
-1.7322172484759166,-0.1118985562489723,0.7555559737325982,E02005892
1.3431648788834907,-1.7949366017456143,-0.35646832780230436,E02005893
-0.05645452289137534,-1.4013448540110405,-0.33393169161986763,E02005894
-1.9049976124519103,-1.7164083155152878,-0.9690110637277055,E02005895
-1.774519473306565,-1.5623280548942107,-0.8681769503280323,E02005896
-1.125092666213157,-1.4106701369602401,-1.0554475894684732,E02005897
0.48137537739665975,-1.4149869528632177,-0.0005375620785289269,E02005898
1.357893419367893,-0.7922081436475398,0.16282309680889115,E02005899
-1.928922346036499,-0.426779599115624,-0.564534793491983,E02005900
-0.00016528781179010727,-0.3284374952394602,0.7142525742211224,E02005901
2.0539296655768116,-0.3639222713484811,0.2230206890197235,E02005902
0.00703537013610562,-1.0613316106535378,0.8537397705808287,E02005903
-2.0045074336678326,-1.251561400554223,-0.8531008784711415,E02005904
-2.1265708221391386,-0.9973018693565455,-0.6518826324251958,E02005905
-2.119956631996281,-1.2149975549531087,-0.908309521533312,E02005906
-1.2913212420163043,-0.4327915025446052,-0.07439881042079724,E02005907
-1.967447355250432,-0.2974791652670526,-0.3656238141601304,E02005908
-2.6591042371909177,1.7528667904680175,0.2946336968806254,E02005909
-1.7250974196368063,1.5109197126448077,0.31663556118148833,E02005910
-2.602027193614348,0.6810538392444994,-0.3074741811954773,E02005911
-1.9726128530678806,0.752877905960842,0.3048309110448474,E02005912
-1.8563921554613634,0.961921671971264,-0.34578532772678433,E02005913
-0.10466049232965748,-1.0527127740287525,-0.09781282130010861,E02005914
-2.3916055832618484,-1.1496020832375815,-1.0736734895308493,E02005915
-1.4444649050575062,-0.3177191814528537,-0.18006785083656876,E02005916
-2.900394353826822,-0.6745120355451758,-0.7880660066811098,E02005917
-1.0580251489291688,-0.43192472162120044,0.17662953578929666,E02005918
-1.5295019671948213,-1.2639288670956124,-0.6733230346648351,E02005919
-2.5033738539929544,-0.8409614630635701,-0.6261338701801358,E02005920
-2.8869861286767198,-0.7448145992181668,-1.2899792368942267,E02005921
-0.8461277808148022,0.16460120036516282,0.8712906838376646,E02005922
0.9115649164320586,-0.14185239824192272,0.4263016617352245,E02005923
-0.09264060115758231,-0.17817141936330627,0.07890729032806423,E02005924
2.1998128407632054,0.10559787243861572,-0.034464513876989206,E02005925
-1.2439075099748405,-0.4344028092930044,0.5600462493361021,E02005926
-1.2250370651677829,0.029964916663764024,0.8722894291121684,E02005927
-2.444335319499421,-0.29627294849685176,-0.39418333777260156,E02005928
-2.567508092575691,-0.6807367191353972,-1.2959305391787455,E02005929
-2.7382965660149345,-0.555901870771913,-1.183607443732682,E02005930
-2.592961489732553,-0.9529866071900102,-1.035127257959344,E02005931
-2.0103863948714817,1.030098856246751,0.7893176531289097,E02005932
-0.814515455236335,0.058718690781417796,0.7004952393480794,E02005933
-0.4034112255273029,0.09913016273504845,0.8544292646379155,E02005934
-1.9841705989267497,0.7460900786228474,0.2717042316775709,E02005935
-2.348934977328533,-0.9124546149794993,-1.2896261628986758,E02005936
-1.5613463315973508,0.37105484520310256,0.3003321739739862,E02005937
-1.0274760356409236,0.11026645870992081,0.7337190592462994,E02005938
-2.1102352118164114,-0.6940308920427948,-0.24615112019716967,E02005939
-2.736190823021277,1.8665442244617696,-0.8962979806086614,E02005940
-2.8427860892007453,2.639679550901005,-0.7440365729349507,E02005941
-3.6717292033890776,2.5595653319694964,-0.4437689051287147,E02005942
-2.2780214025056216,1.0836543835863512,-0.22173309220987045,E02005943
1.2376650202045296,1.111859959459236,-0.8070558432228964,E02005944
-2.2776830065215936,1.7457970134634362,-0.21923820895969293,E02005945
-1.9856883312236517,1.6354441931436843,0.15716992476948966,E02005946
-1.0421947167905399,1.2436572020703491,0.04331200413656797,E02005947
-2.6112434081816494,1.8108929894460895,-1.1901273249636686,E02005948
0.4957580395908817,1.2730688025507169,-0.8212400112221799,E02005949
-1.1592198648305947,1.7228911781998475,0.06657432901935877,E02005950
-2.0530855715773684,2.3202511789760414,-1.0512939361631888,E02005951
-0.847137540430172,0.9382805763671682,-0.05440376111066057,E02005952
-1.501735493331155,2.1107859374398075,-0.38755713141365483,E02005953
-0.8827383307265877,1.046497015984821,0.15680499010082002,E02005954
0.973868547200804,0.6691096769326087,-0.21798466854360743,E02005955
2.623147170354874,0.446751997567765,-0.6061491901764858,E02005956
2.648675799890696,1.0236954149724993,-0.8349506588647463,E02005957
-2.24095935171617,0.47813620897286135,0.3268567749515236,E02005958
-2.45007736391588,-0.6325169697989682,-1.2027297918849604,E02005959
-2.0905141008641754,0.23049756917480174,-0.4951216951751347,E02005960
-2.5471545125010264,-0.5108764071575087,-1.152600938637711,E02005961
-2.3869048625220968,-0.784664109480476,-0.6206233965334812,E02005962
-1.6540109227838689,-0.7975600917444643,-1.2126528843737951,E02005963
-2.6397366568731124,-0.46403930451241227,-0.901504698400791,E02005964
-2.715205686162264,-0.6431852896006439,-1.6314926585716918,E02005965
-2.4800887921298673,0.8435203040299581,0.3477208331220661,E02005966
-0.7216356533655953,0.19933498422138554,0.3032190348931353,E02005967
-2.858132670350214,-0.32881008911191345,-1.1134007233246104,E02005968
-1.6655270602181016,0.42932770447285407,-0.7943564275085633,E02005969
-0.3916606428672804,0.8059666472819937,0.3985364464317643,E02005970
-0.351897409067029,0.042254431342740935,0.7601586213261587,E02005971
-2.543337795701511,-0.15886380889902788,-1.3081146507179613,E02005972
-1.7426236094279601,0.8737334710195127,-0.2589622409676221,E02005973
-2.4911534693723607,1.6146381449976177,-0.27391883027864755,E02005974
-2.875709990289126,-0.020571469697136493,-1.1415977278184923,E02005975
-3.287060017046636,0.16855431595707057,-1.548478037491732,E02005976
-2.529942161499879,-0.11809681026922764,-0.9292092346049202,E02005977
-3.09868756268924,0.2301637755308812,-1.0254900974100782,E02005978
-2.493874592972236,0.19752342319566607,-0.4702614031293864,E02005979
-2.297328389514047,-0.322550210988694,-0.6936650139921687,E02005980
-2.499663488354768,1.2366862564288446,0.7904826035386677,E02005981
-2.100019571642612,1.025007284073127,0.5525219125630959,E02005982
-1.2258111144172779,1.3243273811168206,-0.4257932861890199,E02005983
-3.2368987793098034,-0.36601734157874954,-1.5252592222631745,E02005984
-0.35491115225961156,0.47184726810449995,-0.010191553771522303,E02005985
-1.5576883020040067,-0.30409325312346897,-1.069789237596837,E02005986
-1.7584434853961237,-0.5256634991168186,-0.9780822957348554,E02005987
-1.6390533742585274,-0.2612539574886923,-0.03664423702861819,E02005988
-1.478954936849085,0.6232782758978059,0.20521475797948363,E02005991
-2.5257164956591076,-0.22452889254240815,-1.6141587381145903,E02005992
-1.4376954220433156,-0.14472215122096208,-0.4129879996960563,E02005993
-2.757545357742928,-0.9789838495189265,-1.5410246677241857,E02005994
-2.7073440498406853,-0.8227608811836119,-1.5837689968112938,E02005995
-2.859741720204011,-0.30597631457226293,-1.3182301366535498,E02005996
-2.4262444269003227,-0.2854035456448021,-1.129969708411982,E02005997
-2.917691341491405,-0.09506859336242982,-0.7313925988918769,E02005998
-2.281843952889369,-1.0355096809810156,-0.8417463342067812,E02005999
-1.6187256681396653,0.7495020809531594,0.40409317626312974,E02006000
-0.9296470399045141,0.3121133926860873,0.04625772011954453,E02006001
-0.5427390206939777,0.21300490408408324,0.41977616455778477,E02006002
-1.89007665723548,-0.8716481077565111,-1.08535162717046,E02006003
-2.454883440798254,-0.9932210466184697,-1.6332201572407286,E02006004
-1.6502216216964996,0.5210317132890506,0.822045430548009,E02006005
-1.141821902873127,-0.04903482526359045,0.7122082357861983,E02006006
-2.385042846245004,-0.7348688926947701,-1.22992041736129,E02006007
-0.9809468954536821,-1.1896418349017712,-1.0391948137882723,E02006008
-1.4994495108652037,-1.1603351455484894,-0.7021564372084443,E02006009
-0.882871308127622,-1.614061083269113,-1.1327680666374647,E02006010
-0.6539879286122388,-0.5485604411785051,0.3828642138619356,E02006011
-0.7094288815526772,-0.48254944472294875,0.233730443908277,E02006012
-1.5713719531246677,-1.8349808085688712,-1.0237156962855565,E02006013
-0.8728804843374438,-2.1570449735050574,-0.9502947310387304,E02006014
0.2542692825421994,-1.305012489333619,-0.10412240235318285,E02006015
-1.3998611167331159,-1.8201344794940209,-1.0424876975300934,E02006016
-0.7986074892287948,-1.9263220925284543,-0.7928873817854274,E02006017
0.5182131961760196,-0.47270364407052284,0.6707476168634411,E02006018
0.10586015462290381,-0.7510221680855353,0.6027502298016391,E02006019
-0.9807714946603099,-1.8834447242107988,-0.8801940536007384,E02006020
-1.851028229575117,-1.6721930708233481,-1.0451591165624425,E02006021
-2.0160717814997966,-1.4359528839423403,-1.1779075137857034,E02006022
-0.20494658794847243,-1.54592798138689,-0.5624050378893454,E02006023
0.8925561850128549,-0.6332909601131197,0.549856108062975,E02006024
0.20113836290206843,-0.4452988616988912,0.21274628958767508,E02006025
-1.36964631555259,-1.7195106523064303,-0.9048338382081818,E02006026
-1.540536709619807,-1.7040079677081645,-0.8549326136869908,E02006027
-1.4193335181396136,-1.903192935270614,-0.9605101684262543,E02006028
1.846034620773116,-0.7758292161205474,0.07986422667842209,E02006029
0.6066760184356016,-0.8316648068028528,0.5114558804810405,E02006030
0.14823819896949864,0.23823872855797704,0.4251456230460347,E02006031
1.1244031696332382,-0.29344247346352764,0.1925671610821601,E02006032
-1.0465563198047885,0.5144837084885513,0.3338594439085366,E02006033
-1.2809144119549454,0.10680631979969558,0.33853606022483274,E02006034
-1.1396707011391636,-0.20264534901579973,0.4910727047926639,E02006035
-0.981160408396252,0.11913871010023384,0.37927787553247555,E02006036
-0.843111607370435,0.24838166978417708,0.3260445326520456,E02006037
-1.6006380735959904,-1.5457369887574126,-0.6148742985821727,E02006038
-1.180528354180757,-1.4495401128626295,-0.9028616955554712,E02006039
-1.96918055894548,-1.668276070717473,-1.3703562504125488,E02006040
-1.2265625141396426,-2.3098598296326234,-1.2728318801684184,E02006041
-1.6364461228090832,-1.244376277733335,-1.1806464157355558,E02006042
-1.014966669058591,-2.2931242034626393,-1.27567652405109,E02006043
-1.7315576217788173,-2.3154053180992933,-1.3843090800654134,E02006044
0.2723376314450214,-0.8825130033531844,0.033952928998752296,E02006045
-1.0594416600426517,-1.925541469538156,-0.7366505170964628,E02006046
-2.013276714255079,-1.2880360133886408,-1.1417961744058425,E02006047
-0.8428970316953596,-1.3359368669572802,-0.5105240599471631,E02006048
-1.19325475840698,-0.39581963341572957,1.4451179163826717,E02006049
0.8950744635036196,0.45454881897742544,0.19524087504491747,E02006050
-1.9770280601956016,-1.3939927785363682,-0.983513850254322,E02006051
-1.7937673077017873,-1.4560528721882382,-0.7351973730773269,E02006052
0.1912561475500347,-0.35399672381106206,0.6045997217093247,E02006053
-0.4306250685709365,-0.2136093449730457,0.4553614206045356,E02006054
-0.008162058307133938,-0.6037640753712398,0.5296923012530941,E02006055
-1.5219382280442069,-1.7100918593642318,-1.0026373443960068,E02006056
-0.11193530404004662,-0.8379343049517535,-0.37395197300142613,E02006057
-1.2433198973921524,-1.8188379459967752,-0.15871280513859792,E02006058
-2.3934703460991504,-1.391997069635411,-1.123171746132122,E02006059
0.31071906853341213,-0.8402460822448781,0.2950643701595076,E02006060
-1.761857391919349,-0.9217665940016526,-0.556925896641518,E02006061
-1.1360044333257384,-1.6992130745102978,-0.06607629156825322,E02006062
-2.437417723232224,-1.1890090628805587,-0.8808133009894009,E02006063
0.2798173892647721,-0.5509765775154423,1.2857687519323617,E02006064
1.0812608882233734,-0.6069138792199011,0.4295552231570595,E02006065
-0.7884644505477447,-1.7143012811824625,-0.33666583152395063,E02006066
-1.5958697525769836,-1.6823607666788738,-0.8843149887050277,E02006067
2.895899996738166,-0.5338514264513453,0.12750207463892466,E02006068
1.4512423294489571,-0.3940466065427263,0.9241972586102178,E02006069
-0.2944963314413011,-1.5839475855046508,0.9201918831605707,E02006070
-1.2187229210866635,-1.2216755185948593,0.39188234838375796,E02006071
-1.7052606795382765,-1.5569958994537536,-0.6990460891561818,E02006072
3.060572117450831,-0.17298810317942465,-0.07219109217948089,E02006073
-0.8052611732452141,-1.608103774434352,-0.3738311383288254,E02006074
-1.8247340431460919,-1.4992207927645504,-1.1365425810746688,E02006075
-1.8412319431053763,-1.307175139795309,-0.8900827143222267,E02006076
-1.1842036112038778,-1.454592191087922,-0.5973055900510125,E02006077
-1.3076865743265895,-1.561157182013937,-0.7952846270155961,E02006078
-1.0522986619351957,-1.640684097009056,-0.5654525021059723,E02006079
-1.886449445834369,-1.2439995647949504,-0.8777793560699163,E02006080
-1.4795394873009842,-1.5619284496268906,-0.9227218871558253,E02006081
-0.8745237783995952,-1.3994615728304665,-0.6956693310438754,E02006082
-0.9872373674733803,-1.2535211269211755,-0.531941000815455,E02006083
-1.3539153986792394,-1.2414621378155928,-0.802303304762689,E02006084
-0.1561347802096668,-0.6682805577551302,0.7609829897638083,E02006085
-0.9608497679488106,-0.9497389728465381,0.30139528784198055,E02006086
0.5806568840203278,-0.05307523282322853,0.7007025432610506,E02006087
1.8480247600127795,-0.13884517302354746,0.30458963315093124,E02006088
0.9317786466762564,-0.13676398970545398,0.6223734309460546,E02006089
-0.3330904132526084,-0.2172304963320154,0.8147695885131765,E02006090
-1.1519459502141303,-1.2734538357752074,-0.8547047623503156,E02006091
-1.5300113831360778,-0.4901221022545264,0.9169281087157007,E02006092
-0.9526249016869252,-1.373239533670076,-0.42906598367920257,E02006093
-1.379411351623993,-1.2533903972044402,-0.9326777067702112,E02006094
-0.1919106754075858,-1.120506456993421,0.27816687970760684,E02006095
0.03873430887218783,-1.0460122763282942,0.7370495000205958,E02006096
1.4377865636595664,-0.5597558261355683,0.5901600197502518,E02006097
-1.6408306312193515,-1.877966261733836,-0.8379446809627628,E02006098
-1.9645756488809567,-1.0295737081203464,-0.8938691339332255,E02006099
-1.4302488403326006,-0.7213777153864982,-0.36005626140244457,E02006100
-1.466109757669779,-1.3653899197277455,-1.2082573751929506,E02006101
2.1668628053040098,-0.20905433561229803,0.026900880265589653,E02006102
-1.823575145605898,-1.3577253902409117,-0.6276899252629835,E02006103
-1.0253528297968115,-0.8016090536525153,0.08073139902855074,E02006104
-0.6373222117711125,0.3046899830855361,0.9440912244489749,E02006105
-0.6122426970853191,-0.7373947113061537,-0.2476287779446157,E02006106
2.375159663922411,0.1102296943576385,-0.43631277085589826,E02006107
-0.461606131974669,0.2717086496245563,0.36121950460991115,E02006108
-2.1782587963219795,-0.39488943484090616,0.23972885635668542,E02006109
0.6282514316317804,-0.39538627860351316,0.029421832291232058,E02006110
-1.6232142118697748,-1.438806233272924,-0.39748146293531184,E02006111
-2.352553596185424,-1.206577378278537,-0.9623485157268694,E02006112
-0.03432684240119494,-0.8048603160489899,1.0625130753247685,E02006113
-0.29227158344530596,-2.052535801268082,-1.0885203450324257,E02006114
0.6340318068996894,-1.481286245164112,-0.9020704709830133,E02006115
-1.4723556180496415,-1.8485713521252372,-1.292102442488359,E02006116
-1.0455852028884878,-2.384840101472426,-1.7319850061826025,E02006117
-1.1248641658457872,-1.4845432666634453,0.5795013733260084,E02006118
1.623397781893645,-0.5450337983498924,0.6280771999211009,E02006119
0.6336559923847852,-0.9911609429192906,0.6451044080236457,E02006120
0.6616542803735639,-1.118065023438864,-0.18186915976516296,E02006121
0.47835296229512403,-0.6081857343896123,0.7964828478653536,E02006122
-0.29470259598162346,-0.780027233774992,0.01518545100281128,E02006123
3.0035179022060876,-0.184347018888065,0.18905128522868261,E02006124
1.9249453548980553,-0.3140060238998052,0.535841295251761,E02006125
-0.07961381421623642,-0.7324070632598945,0.9895155054745639,E02006126
-1.272409128120306,0.17838219733190597,1.1722297325127933,E02006127
-0.08347965007673627,-0.3248259764855033,0.7221448375755938,E02006128
2.3497063096304274,-0.49356477915618463,0.027767753473728514,E02006129
0.48074652451310435,-1.411481235566654,0.08887361186036356,E02006130
-1.494377370956211,-1.7968845465621595,-0.846170451210484,E02006131
0.26906246625238356,-1.037435471946973,0.5442012311221572,E02006132
-0.7485930817886192,-0.8444115419320903,0.2113785198670152,E02006133
-1.4408296864340648,-0.898249307013976,-0.29338146658417363,E02006134
-1.1886450727186566,-0.5329701923993131,1.0939760609034321,E02006135
-1.9597701014852413,-1.5726112927473992,-0.8676458201909375,E02006136
1.2405793505131277,-0.33101143058361904,0.8028915071855194,E02006137
2.1080419428230632,-0.5767424552288841,0.6712909409191178,E02006138
1.7010726544907524,-0.8122926730317008,0.665392105342736,E02006139
1.0758301836017916,0.026903596014102426,0.30583458737436897,E02006140
1.4108962531626446,-0.9702995640256464,0.5791725223242018,E02006141
-1.5159851248493097,-0.15865088735811672,1.12859310295053,E02006142
-1.0962405009163965,-0.8912739058054606,0.48011724536471473,E02006143
2.37616983461197,-0.3152759896600909,0.29064852353043413,E02006144
-2.1059338367625706,-1.0308037364151696,-0.6597084319010456,E02006145
-0.7724944279460443,-1.471718897165223,-0.29779212376778075,E02006146
-2.04252674693439,-0.9380519471136519,-0.7806300137592451,E02006147
-1.8983997600536247,-0.9941032903795024,-0.24108510230666214,E02006148
1.177629928807725,0.5771391069662715,-0.5973925685127967,E02006149
-1.4050813786256737,0.44424762592858974,0.5602058977294229,E02006150
0.1390137078326928,-0.9674605009378552,0.43981433002603204,E02006151
-1.60027757390683,0.4404451535732235,0.050339650459465465,E02006152
-2.0631015518992957,-1.1763880334936936,-0.9563653835444433,E02006153
-0.7358847893160616,-1.2822541829413046,0.94881720784664,E02006154
2.0030062648222065,-0.3044529205116954,0.6357165570436754,E02006155
-2.0390036228056942,-0.8509102553585973,-0.4026934273797276,E02006156
-0.043405815337244226,-1.6189434310626896,-0.716447683157044,E02006157
-1.10639436842053,-1.0361739260098202,0.9284524871381626,E02006158
1.2690162254893753,-0.6691619442715658,0.774501025475375,E02006159
1.4936746695663228,-0.697730636566969,0.20315265158408732,E02006160
-1.0216454436427804,-1.059800116128246,0.702226450555547,E02006161
-0.4618292279046426,-1.2877405811327498,-0.3181774310171008,E02006162
1.5265566827040955,-0.5048571316986605,0.43575446648371946,E02006163
2.7963034520523635,-0.6753076571342846,-0.3078368752747758,E02006164
0.04003286944428449,0.028979139646968553,0.8117901066439189,E02006165
-1.0563868736001993,0.11556957666407952,1.273004387102126,E02006166
2.731846158183857,-0.05916873070731339,-0.5625069101829141,E02006167
1.289545574414673,0.26521668834557827,-0.13911740112987583,E02006168
0.1776996441220729,-1.205372849683207,-0.093152365359489,E02006169
-1.5052937241914655,-0.9144726588711413,-0.7284126419907895,E02006170
0.16165073126536017,0.19309484006927896,0.230822978871333,E02006171
-1.9658559494230772,0.30403498783039534,0.3964628361452537,E02006172
-2.1035752031586976,-1.2156947996730896,-0.9202820647446388,E02006173
-1.3475023703129432,-1.363834174592355,-0.5826312940757247,E02006174
0.06587762677301115,-1.3475754208839141,-0.5075977103107946,E02006175
-1.6711289650442394,-1.289714222627688,-1.0348832102548127,E02006176
-0.1892251892895215,-0.5345302971501331,1.053815789115747,E02006177
0.6236848745567853,-0.6664712805189614,0.4321732980730985,E02006178
-0.780949080099422,-1.276827927242567,0.24187379089842542,E02006179
0.28913554554114523,-1.2373617890152369,-0.39574858758240417,E02006180
0.7114735820714103,-0.5501422486599096,-0.4258516946280246,E02006181
-1.9884575435937117,-0.3778367163524635,0.04728817274361157,E02006182
-2.0040472906007594,-0.9276724592945631,-0.2667634496343984,E02006183
-0.0030861331171829444,0.45230382528045815,0.4064619116551749,E02006184
0.3671542601948377,-0.4400974731619895,-0.32753713615032326,E02006185
-1.5146471714094607,-1.3512623167674047,-0.34265554828819433,E02006186
-1.6685853660544192,-0.9281563322355031,-0.6770889104724994,E02006187
-1.1504066876509438,-0.8266448858919523,-0.13506662624763396,E02006188
-1.6102523467826861,-1.203591164472598,-0.9383143232448018,E02006189
-0.41499941245401345,-0.07840955114698384,0.22890895054553284,E02006190
-2.4131478923985075,-0.9588560096218833,-0.5429455945981715,E02006191
-2.041881649655751,-1.3640306226872514,-1.088300836418988,E02006192
-1.4822808652970683,-1.3044386350850559,0.08933765694574085,E02006193
0.8490439529081945,-0.2906143680517812,0.03362077932269111,E02006194
-2.0977916671073116,-1.1142521398604341,-0.7543470754506596,E02006195
0.9248100872965889,0.09961898727312624,0.37460246817526577,E02006196
0.04115526452182379,0.20673424006020827,0.24223795213145718,E02006197
-2.0000262832368496,-1.1369518745523686,0.13455056578548583,E02006198
-1.9888670989230126,-0.6820411161220307,-0.564142245934195,E02006199
2.7539553157645997,0.08400351543412575,-0.2551617516940258,E02006200
-2.213376549032415,-0.25293741736792275,0.3665605829112163,E02006201
-2.1312734601189973,-1.3919484892975935,-0.9682462795527791,E02006202
1.1762050407340703,0.03600185843041246,-0.2076515073114702,E02006203
0.2791187737033682,-2.188825520542926,-0.9043900107258381,E02006204
-2.0017507221541253,-1.565777890439506,-0.194160495641074,E02006205
1.387910950229846,-0.2875684732125034,0.5719536674591442,E02006206
-0.910033261182088,-1.555907264135469,0.7033114327794394,E02006207
0.5238705409836297,-0.46561820105881147,0.5006252964235052,E02006208
-1.3808201528265962,-1.0223884149411413,0.21718403176268758,E02006209
-1.5331665157191015,-2.200112921910835,-1.0905218375326853,E02006210
-1.5003707757007327,-1.4491260070575915,0.15678951915641837,E02006211
-1.3827199291626564,-1.578773906316412,0.3222473296216566,E02006212
-0.4649537386540856,-1.8536385360147878,-0.5824667533984136,E02006213
0.06869803509517025,-1.1674208150769876,0.3846166818213399,E02006214
-1.2932929324711,-1.7208888249769692,0.017313250546920372,E02006215
-1.498275953145466,-1.4069420487938322,0.14167466654037814,E02006216
-0.33322058189176795,-0.7889802978613399,0.6753027963315307,E02006217
1.9839163231217742,-0.4106803775392404,-0.24888278920128085,E02006218
0.789659107025907,-0.5121254223269724,0.2399119096299146,E02006219
0.7011362952740051,-0.5553925058327034,1.1516034140625437,E02006220
-0.7146554875234725,-0.2692716293896832,0.7776405266252517,E02006221
1.711906165121409,-0.42571127541233844,0.8769996424051617,E02006222
4.2748997385082514,0.09425332199213408,-0.5140127444284736,E02006223
-0.2897613032382422,-0.3281795458974098,0.9622769824429264,E02006224
-1.0057969308741181,-0.5672786773767989,1.2162482960194314,E02006225
0.06902401569008403,-0.5416935300760247,0.8290745344145694,E02006226
-1.367959376302925,-1.4338855338052998,-1.3377265782077146,E02006227
-1.2038400151277253,-1.6249611607827217,-0.5723514783130927,E02006228
-0.8564508285145528,-1.2632698795443336,-0.5190638327627579,E02006229
-1.087118584897048,-1.199679147123761,-0.7105547521013317,E02006230
-1.5932225075693591,-1.0299336435812665,-0.6090228951437348,E02006231
-1.2916764100955387,-1.4942385103567937,-0.7483863395430748,E02006232
0.7703086985036119,-0.5551356166343755,0.2234260830640278,E02006233
0.3681560523172707,-0.8723974470653072,0.4479241963548917,E02006234
-2.157428408787543,-1.1277206808909739,-1.1408198005347885,E02006235
-1.9880410208204753,-1.0405730299793121,-0.44159158084555866,E02006236
-1.8161351169570439,-1.0760679650129108,-0.7372177435775724,E02006237
-0.004900023979412397,-2.1559850701960404,-0.32767754000054294,E02006238
-1.1800827416135455,-1.8592180714562336,-0.22537238265485016,E02006239
-1.5826830348099803,-1.7092960693741104,-0.5808734164775892,E02006240
0.23742507047810016,-0.9919605118607849,-0.029711909199518754,E02006241
-1.8093345362153725,-1.4863938699324006,-0.9405431218819141,E02006242
-0.21387188483631348,-0.7806085578531021,-0.3604508040814154,E02006243
1.8424762063006361,-0.3980427314039134,-0.10759626138326933,E02006245
-0.5606884692044354,-0.24086518534814796,1.3097784364749048,E02006246
1.4155415020258417,-0.23119773618506556,0.33603598214491553,E02006247
-0.09407152677633328,0.09310198010848438,0.4288677084255135,E02006248
-1.6768462146586636,0.9217075572492257,0.048460635356443765,E02006249
1.9877874341446438,0.7098900882076925,0.5623776187419011,E02006250
0.5904561797932164,0.6134569195314923,0.5063518790037697,E02006251
-0.43828686542842854,0.28697260115712486,1.0055112385430611,E02006252
-1.2381257766155693,-0.02935567431840339,1.019088998897095,E02006253
2.302345470668113,0.014903704671131715,-0.4369228541829728,E02006254
-0.6725839763992573,0.31330166554377364,0.9253063972556528,E02006255
1.8365274388452126,0.3187099810815738,0.07274698373494312,E02006256
1.8822687428749094,-0.14892179987866827,0.47002550799394777,E02006257
1.5987003811799103,0.03842570545358417,-0.3346920585978785,E02006258
2.3596165217584413,0.10660729943589287,-0.31748700835954763,E02006259
2.2376058859857917,-0.3689299233421582,-0.03762970539803802,E02006260
-1.4927921815923233,-1.4964101607303741,-1.0905274169947228,E02006261
-1.7093247892888535,-1.5254926392501151,-0.8569824883014464,E02006262
-1.5477675734064091,-1.8934207486935783,-1.0419071252500578,E02006263
-2.1493748009132525,-1.0493200561368432,-0.47914083679249037,E02006264
-1.2679556943978048,-1.6714094100805408,-0.6921729445683471,E02006265
-1.4314872574575588,-0.9889734291020011,-1.026061308385716,E02006266
-2.146915591202824,-1.263887206332015,-1.1766424786853233,E02006267
1.537751824205617,-0.318053650217554,0.12469930003391647,E02006268
-1.8811834376690542,-1.2879153922686246,-0.336915590304077,E02006269
-1.0949362936264395,-0.5802993731727287,0.6266472496267685,E02006270
-1.57682945698257,-1.2898438816803373,-0.4695247951631397,E02006271
-1.3664236092038313,-1.4759094685935064,-0.3369818046668013,E02006272
-1.4225781330018967,-1.584750668112821,-0.7595621804492295,E02006273
-1.811907851820566,-1.4274945069211187,-1.1591140485117954,E02006274
1.7426574224994584,-0.24131541540555324,-0.00721440418313627,E02006275
-1.8306765629333128,-1.3266867212329387,-0.8786524702504799,E02006276
-2.2413696121385427,0.5691726784625417,0.5689192720479757,E02006277
-0.8802429221487662,0.6001053644437391,0.21609894694614895,E02006278
-0.3644700440011295,-0.18733216144149428,0.7274192095475938,E02006279
-1.9647225229688097,-1.5252922826801703,-1.0763132449139028,E02006280
-0.8980155538301647,-0.14391916722853523,0.14371161650684405,E02006281
-1.7087027388878155,-1.4340955325730727,-1.1972713624317508,E02006282
-1.4014915758891355,-1.728366244263436,-0.756955292629277,E02006283
0.5992458635411304,-0.24215785885445815,0.5544707508900841,E02006284
-0.08162235765066889,-0.4241684522973583,0.3553973197881192,E02006285
0.6731869525435862,-0.4388578501661031,0.5109245171429143,E02006286
-1.774499484658453,-1.6600106363798623,-1.4221952994381077,E02006287
-1.9336113039217258,-1.2404703924416027,-1.3106271313173736,E02006288
-0.7080484892254256,-1.5103180409285264,-0.9506259018131247,E02006289
-0.3407149255847948,-1.4204213773521475,-0.47877777713010305,E02006290
-1.4354198178969004,-0.5003672660351693,-0.6719728925005054,E02006291
-2.257962766091412,-0.9059597321868429,-1.2522610559183824,E02006292
-1.8232419393300174,-1.6611339952717206,-1.016745224044919,E02006293
-1.1383858058495213,0.36315693115439573,-0.0722550972715463,E02006294
-1.3188534969725694,-0.29402330711999275,0.5642272963841145,E02006295
-2.28540907316747,-0.3815220074904788,-0.09077711456999824,E02006296
-2.5655672345691807,-0.7133735951181924,-0.11737065748974095,E02006297
-0.9685611758427118,-1.4418807103300622,0.012123591748745189,E02006298
-1.294742557168483,-0.5090595502482528,0.6923648367774619,E02006299
1.8985190384682005,-0.6294836363347291,-0.28085838890725817,E02006300
0.12823344328119654,-0.1618034645000421,0.5652838013811382,E02006301
-1.0739456397637306,-1.4463334798130492,-0.1785700560522133,E02006302
3.1371385611986,0.06725458291881604,-0.3836705326076534,E02006303
0.35173320297587823,-0.9063986788975109,1.0174797468559904,E02006304
2.673339330071748,-0.22459437641606153,1.1766606228484966,E02006305
1.1378355648724676,-0.6960335687179514,0.8088316036632743,E02006306
-0.7720789866858867,-0.6428534309651724,1.3306755137103958,E02006307
3.403478749450445,0.058237041501260974,0.11680981648192434,E02006308
2.1883961029398438,-0.306493924037729,0.30782390196875503,E02006309
-0.3488550055787497,-0.9943162097369462,0.6245065800754949,E02006310
0.3636156125384778,-0.7511696485927851,0.14627786555178066,E02006311
-1.0711123998539775,-1.6976219993293145,-0.4620465342149289,E02006312
0.14622281505266022,-1.2791206144852054,0.4990963002503389,E02006313
-0.7512607752709252,-1.702082408970504,-0.8717712112977248,E02006314
-0.9219229205533455,-1.6383881609691668,-1.0035007157968647,E02006315
-0.5112531571889896,-1.7102073709490622,-0.49440129982436637,E02006316
-1.583058332273982,0.8849290220287417,0.4883666761523927,E02006317
-3.106690363809546,1.644537681620105,-0.1266787208652279,E02006318
-0.5423169347557456,0.6503080712959088,0.5146341887703162,E02006319
-0.3760607596469086,0.31645347537408897,-0.40868725371092324,E02006320
-3.3382135164933193,2.094098964516602,-0.14358880924365341,E02006321
-2.606459898155737,1.7870909910111115,-0.27584472434840673,E02006322
-2.382367950991767,1.506665091211061,0.16690957678425647,E02006323
-1.732580569014132,1.1053811566414191,0.2215576497077543,E02006324
-3.301378361721847,1.5681236193268235,-0.14817387843594304,E02006325
-2.551461445226073,1.5830224603175067,0.021788682070120843,E02006326
-3.091363512478562,1.7712903230131893,0.008903462610369709,E02006327
-2.4351129016193998,1.4787419002785092,-0.32388804332853066,E02006328
-2.6656736348767,1.0917402816640032,-0.8378073830150882,E02006329
-1.396403291788281,0.34045540473420866,-0.4665842425608805,E02006330
-2.7698554542047082,1.3610268570909785,-0.4200470707823074,E02006331
-3.4490586784186137,1.15328337662079,-0.6114961697026735,E02006332
-1.8858875846619343,0.3946016827252111,-0.6927217102894441,E02006333
-3.409684739425903,1.1301382409385552,-0.8213209674753755,E02006334
-1.8009882100827947,0.6932017850520263,0.8341776782882645,E02006335
-0.2276198186100346,0.44123863820373005,0.6115498541289937,E02006336
-2.066220759521992,0.6593735945973729,1.0596830790051572,E02006337
-1.680625403161996,0.6217012232866282,0.996349130796201,E02006338
-1.2910021022774376,0.5726907569489202,-0.07863187289479175,E02006339
-1.4597832209736088,1.0338861319370318,0.3458887536302397,E02006341
-2.08751886710052,1.3629248510553627,0.2323046553756689,E02006342
-2.636655890580033,0.5186956869947971,-0.20454342123969493,E02006343
-2.562670207637775,-0.19325225205580637,-1.0742956641742918,E02006344
-2.5111355421644452,-0.33300618927980186,-0.8521650445090013,E02006345
-3.1770957412784884,0.41934047233436483,-0.7887896127984967,E02006346
-2.074457557354982,0.32775040495178265,0.2568392740233812,E02006347
-1.8657429997289177,-0.07257813246380009,-0.4640176660158639,E02006348
-1.8351399283224994,1.4432954668700677,0.5289951103322801,E02006349
0.4338931270764844,0.361485172377031,-0.5651955202296405,E02006350
-1.9477625469221527,1.2579233450079643,-0.06057356115382049,E02006351
-1.3754862396791134,0.9489782039963097,0.6274818313592772,E02006352
-0.10844651429014251,0.40725340153562223,0.00831433368988638,E02006353
-3.4290507782799753,1.6257341455544791,-0.27617617824496493,E02006354
0.5868682273966027,0.6696106418811902,-0.7394928692340976,E02006355
-2.2589137580517744,2.0922248812588586,-0.3576006235838854,E02006356
-1.5535482738601447,0.028002956457322484,0.09138541453186243,E02006357
-1.9132667580774263,1.1910657259468393,0.09929600691171388,E02006358
-3.5233838901544825,1.8153856868161582,-1.193214187034186,E02006359
-2.63447582045179,0.06693746706219215,-1.3524323953657424,E02006360
-2.9186164798442635,0.0182628383252508,-1.3825976444021122,E02006361
-2.6041609049661467,0.848956434892125,-0.2721460772374193,E02006362
-2.62361412715758,0.849884078683861,-0.2315217797995101,E02006363
-0.8152787950454364,0.4690015115078467,-0.6930146433317851,E02006364
-2.5607646482579183,0.5546864122887087,-0.2967748953758695,E02006365
-2.5864354824434956,0.2962937312155341,-0.02199118892307098,E02006366
-2.0116675727767186,0.873116588732302,-0.39992223996954357,E02006367
-2.139791439292272,0.3909068704092744,-0.3308504353971579,E02006368
-2.237443226361099,-0.6443672711210915,-0.6024617912104501,E02006369
-2.7270078708028573,0.4659834223322769,-0.7211646381633499,E02006370
-2.1164507584306613,1.2117842492933386,-0.4126223106480236,E02006371
-0.6578550143068728,-0.15026076142069306,-0.9754489736137426,E02006372
-2.514154757666522,-0.5709733473655663,-1.4523055565453777,E02006373
-1.8542911259188644,-0.9405394637434643,-0.9178324388998677,E02006374
-2.1775364971873317,0.6326434605286411,0.37702344117530445,E02006375
-1.5251738150975527,0.18737330060738513,0.501933358622341,E02006376
-2.0824681423759435,0.5964510298352227,0.5354497414011686,E02006377
-2.1294086577162985,-0.12264073679167631,-0.2736592757773172,E02006378
0.5191668681273325,0.5668800492005572,-0.1320422487389133,E02006379
-2.6811367465089777,0.14690422063483172,-0.2548404511582597,E02006380
-2.4960418129355557,-0.02550880921345029,-0.23392208856981248,E02006381
0.13632383338375673,0.5291571541395186,-0.2577502466300147,E02006382
-3.2259663543563875,0.738807418917779,-0.5970015777399412,E02006383
-0.9128018689426957,1.3303358043401783,0.004130723298339579,E02006384
-2.2217830707705977,1.1643275580776016,0.111985318525921,E02006385
-2.755016623332572,1.649293993087535,-0.3130803421439014,E02006386
-1.0209076775960635,0.9672479270394437,-0.22979880413380027,E02006387
-1.5783284019103,0.3926488989456337,-0.06504571580597678,E02006388
-1.1257861914240137,-0.5624537526567436,-0.6867789972209932,E02006389
-0.6074797436567236,0.11861375257172374,0.4079388465754008,E02006390
-2.175461543252642,-0.005136692224458634,0.3538297867979642,E02006391
-0.8288665291171006,0.23385862684344108,0.6898740962477174,E02006392
-1.685566564221385,0.6510713327282748,0.2364475826088401,E02006393
-1.1645592567881993,0.03873321279810254,-0.20738273830502044,E02006394
-0.7995950623513891,0.31307454358757525,0.11382893401167353,E02006395
-1.4677252547987045,-0.4566881470482038,-0.05780291491851111,E02006396
-3.1316692451680135,0.45737977665649077,-0.6026668970910131,E02006397
-0.784751495708042,0.5537892155959777,0.031228227328467216,E02006398
-1.1926848260080514,0.05122758273067076,0.316611625039908,E02006399
-2.162846364995857,-0.11054332536435155,-0.8083773475278659,E02006400
-1.036461631480259,0.24802405643236466,0.5243771771411356,E02006401
-1.596774858854575,0.11843896828547602,0.4895036355533701,E02006402
0.4284570902052699,-0.3391889829923572,-0.3432563605209275,E02006403
0.6166659105641414,0.15192670992886587,0.1301869119632136,E02006404
-1.3913117334807799,0.3266079077944015,1.077912451145742,E02006405
-1.8816112795920608,0.8762919914986429,-0.29261008032115926,E02006406
-0.9236505999707364,0.171038052528127,0.9664264821298102,E02006407
-0.740956372782215,0.08860066768173579,1.028843467244342,E02006408
0.03102452598508022,0.4240682208167961,0.19177809669855145,E02006409
0.06045926500558731,0.5250747557143508,0.3082747432814433,E02006410
-2.00774541607201,0.6225608730329754,0.9294941276521759,E02006411
-2.2585304148015295,0.7839844088931978,0.16320248705770454,E02006412
-1.1154630810095878,0.08928500172778103,0.27785142358820725,E02006413
-1.2259606027918024,-0.21915752880755515,0.01831735150986627,E02006414
-1.9869813357261357,0.02337759569960023,0.45236139250806257,E02006415
-2.724377613553851,0.006838439211945482,-0.7938867101351431,E02006416
-1.9892063172678813,0.15818776247822536,-0.3736794824396879,E02006417
-2.5399847236930073,0.6426880621835249,0.2569812880072295,E02006418
0.010802523741996438,0.4980315883115321,-0.5602467028037693,E02006419
-2.906934656507695,1.170656086886942,0.1961936856884729,E02006420
-2.583374465735134,-0.20790143657207805,-0.0427662660130779,E02006421
-2.7360425321300257,1.1640068662967982,0.5551249241066267,E02006422
-0.9105525104508452,0.5995572682507476,0.0734768409513402,E02006423
-2.628253356782946,0.8516600974392003,0.41785387841974614,E02006424
-1.28820263773688,0.7744697740857154,0.13959972300443454,E02006425
-2.173161201616115,0.6069050353556991,0.5271672461868224,E02006426
-2.053136394560838,-0.13519704883168446,0.031265301117443065,E02006427
-1.995418587727786,0.40611300247581866,0.2549919314773203,E02006429
-0.8989249160618639,0.5365126972076713,0.620469295036828,E02006430
-2.02093712722291,0.24086228075123992,-0.3501072120343516,E02006431
-1.764754119893097,-0.10400613380973792,0.11184065066261617,E02006432
-2.7430319202694964,0.06522185397923619,-0.8410334781642215,E02006433
-1.2782164860146414,0.1908492181148302,-0.6781688541156861,E02006434
-1.7834405712198884,-0.2986750153372733,-1.3210771829472046,E02006435
-1.3203039059033055,-0.4472941705653392,-0.7203847096249136,E02006436
-2.0777411542193462,-0.5995084322978188,-0.8478269262486327,E02006437
-1.8587387745508752,-0.7273152223404483,-0.6147682012781877,E02006438
-1.7656686120761533,0.28238151449982557,0.03336313659489415,E02006439
-1.7258887496020596,0.5789050110913282,0.03522814649261083,E02006440
-1.5599222351640032,0.43979207521060726,-0.6995453483609374,E02006441
-3.3531574479264346,1.056078500159045,-0.7403316327145644,E02006442
-0.5782225441003283,0.6005027701896546,-0.04455897170536469,E02006443
-1.8797132364414253,1.237752051926176,-0.13412223963704029,E02006444
-3.00624883582603,1.4084816542345613,-0.05292713335603845,E02006445
-2.8203676415752246,0.31244570338742345,-1.236405133870977,E02006446
-2.4359821483149755,0.813333925823089,-0.23400681671106266,E02006447
-2.259654874189907,1.2978209948179222,-0.3724985251104068,E02006448
-1.988018617074696,-0.188791954697235,-0.9109669973760781,E02006449
-2.922154078604585,-0.40404272462552615,-1.33749690161021,E02006450
-1.910209146185123,-0.1301620751296763,-0.2936620808357661,E02006451
-2.4220750705694334,-0.8004081365682473,-1.2242133326994016,E02006453
-2.4998260705239446,0.8189481966025105,-0.8623464444553285,E02006454
-1.945627469512716,0.5723205150677865,-0.4716790735749737,E02006455
-1.165883126737618,0.26415914516520717,0.5268394226332191,E02006456
-2.9391067114242113,1.2636250881442983,-0.08246898806872952,E02006457
-2.8988862336485495,1.0230317946267637,-0.5484571757539135,E02006458
0.9710868076156653,0.6553800655446114,0.15698668557354264,E02006459
-0.6966329306261932,0.8809781938592508,0.42356366617415403,E02006460
-2.8792826353765473,1.0522121727855016,-0.47454652981862616,E02006461
-1.6039074576990124,0.6302168654173267,0.23998738080458304,E02006462
-2.3458528790147484,1.873174577242397,0.146758656655191,E02006463
-1.4585596346019487,0.7569778031225747,0.01899305260340574,E02006464
-2.994643577855846,1.6589134824472482,-0.11209108276469162,E02006465
-0.6257884074251681,0.4103826650964387,-0.16768581914977027,E02006466
-3.0376918956820846,0.3383822839162711,-0.6240511449983924,E02006467
-0.6900313868507474,-1.597511417452077,-0.02367523869485077,E02006468
0.4016190125610447,-1.6622303140270942,-0.3915069244773765,E02006469
0.9576527206943041,-1.000489096478641,-0.023433819856460085,E02006470
-1.0571954337914562,-1.7826618510091896,-0.25584452209688596,E02006471
0.008897592128789844,-1.6572516317350876,-0.4188302322389802,E02006472
-0.8646238591071637,-1.0306457099481365,0.26151415405936296,E02006473
-1.1794704790878425,-1.7141441865508125,-0.8211834505708668,E02006474
-1.0481938407884053,-0.5410307468858818,0.513656845094789,E02006475
2.6698097678233395,-0.6081220622609904,0.2539711618240456,E02006476
-1.725463839914069,-0.21235482313086362,0.7496124007059036,E02006477
-0.5269248008767652,-0.7042078011286144,1.0086978061992857,E02006478
2.149828325840053,-0.1782304798292804,0.6338930767230514,E02006479
2.0123269508020716,-0.4125580371833856,0.5894952590719125,E02006480
1.7661279666600564,-0.6292913765327233,0.8382233859050835,E02006481
-0.4342676741534646,-1.276173226865049,0.4448841082585785,E02006482
2.703174486315658,-0.543021236858061,-0.11413701467734629,E02006483
0.6958703228043128,-0.13184924063434578,0.6980534465659275,E02006484
-1.868787005377873,-0.2498618713030528,0.6884016687749777,E02006485
0.11026234987159278,-0.8969751833947202,0.7979456598469031,E02006486
2.287735747444544,-0.3670243463161857,0.4259815925998803,E02006487
-0.5497743545618191,-1.323748541531945,0.2497735816760273,E02006488
0.6878611741758843,-0.5271836458825557,0.73086238428285,E02006489
0.38106288111682934,-0.6539826580825812,0.8437457043412266,E02006490
-2.1879789618041934,-1.253553453485247,-1.0368566346669679,E02006492
0.1804961260124485,-0.010999062129115682,0.32044662943344904,E02006493
1.7150953586246052,-0.25817815930427007,-0.3365360083495554,E02006494
-1.2561291304143423,-1.1913550434397266,-0.2735164359919499,E02006495
0.331314894687612,-0.11507037725448323,0.8414192296600762,E02006496
0.44555373121003916,-0.43071965136600227,0.5989813153384588,E02006497
-0.9152385882833383,-0.6241830213679487,-0.3004913144039608,E02006498
-1.5412234502283235,0.00297203835871007,1.143904392743445,E02006499
-0.6675537343475324,-0.23663415627384563,-0.11229952490191311,E02006500
-0.4837696283791963,-0.6312498938710619,0.5691459725641208,E02006501
-0.2709555519810024,-0.023200183344209077,0.7231906732818176,E02006502
-2.3010319749040304,-1.0731548931582817,-1.135744586648805,E02006503
-2.3014855298717585,-1.2832503785199447,-0.9700111922048333,E02006504
-1.7281708431940097,-0.9875799518755555,-0.9175948082265871,E02006505
-0.30201882094012533,-0.8410200736316822,0.02987125378672106,E02006506
-1.1630181444793015,-1.1663588339784505,-0.5583610335383707,E02006507
-1.9042504164566767,-1.2821354522764818,-1.1644712884378672,E02006508
-0.4122836512956493,-1.0893793919997397,-0.6303886409556803,E02006509
-2.206222442953563,-1.2834424216209663,-0.8744252302927537,E02006510
-1.7537730191010195,-1.0413561547399648,-1.0173060245232044,E02006511
-0.329405652726788,-0.19760412824409967,0.0965211925616964,E02006512
-2.350799829374251,-0.06861581778222385,-0.3835517249304095,E02006513
-1.3218315671642726,0.23099883541771568,0.4460894142908203,E02006514
-1.3267908821666172,-1.3066993259984743,-0.5966798495288763,E02006515
-1.8910650068197723,-1.1221611301633831,-1.4080804534504792,E02006516
-1.999518892262617,-1.2480275147262412,-1.261303666262285,E02006517
-1.5740578797743163,-1.4265475326553436,-1.1198206838852907,E02006518
-2.4744561167371395,0.17569744312422086,-0.5878944259389599,E02006519
-2.434106376149237,0.7656364676713924,0.10702814641148684,E02006520
-1.8543917197755557,0.31147988906444835,0.1557596928108876,E02006521
-2.734886048834905,-0.8421843564364497,-1.2439557631540763,E02006522
-2.0600808665009205,-1.016810155801579,-0.6766487223232487,E02006523
1.6524419469217693,0.6001928518312752,-0.1897657427388639,E02006524
-1.722224801902774,1.3443809584392528,0.2701840507481022,E02006525
-0.316223990218657,-0.07835991490931307,0.3078827476436224,E02006526
-1.8725202580638436,1.4074786912425281,0.04111843935597494,E02006527
-0.3148359603002222,0.3033810195443005,0.08942415063438197,E02006528
-0.8473749149896789,0.36128461995826805,-0.33110537094666354,E02006529
-1.9202694736132837,0.6436856489065855,-0.25210500073225306,E02006530
1.4220750843475458,0.16493481359072226,0.29599636540432206,E02006531
-2.511602494942841,-0.4829818419779382,-0.8542884547441159,E02006532
-0.8921185500689395,-0.24409037495755653,0.6387873327483151,E02006533
-0.4497488958816617,-0.6142849661719896,0.5164746577709655,E02006534
-2.021228804891915,-0.08813441136315256,0.46068556166670943,E02006535
-1.1626514366649927,-0.8829627021815393,0.44920131425704224,E02006536
1.005214780270155,0.262253059946889,-0.05044947210189676,E02006537
-1.4466349760901835,0.9530233233059471,0.5712717320216905,E02006538
0.203007193331142,-0.9556103114684777,0.2029188088927528,E02006539
0.3528549392556709,-0.6731606840331353,0.3506498083444904,E02006540
0.2186007318394256,-0.1992856014245338,1.1179908574472326,E02006541
-2.2072197575132666,-0.9371692477317077,-1.1651474610300503,E02006542
-1.397802133974138,-1.205707915419341,-0.7439801547893169,E02006543
-1.621140850349934,-0.6311274606111706,-0.1355236309050576,E02006544
1.019777174046739,-0.6341072755936686,0.23576865704758837,E02006545
-0.5966195162671284,-0.3151749880483304,0.36440754410291015,E02006546
-0.7825190730232875,-0.8054191857464361,-0.3505568332952308,E02006547
-0.6894947632339286,-0.064459404488791,1.2659969197248893,E02006548
-1.6275771395160166,-0.3741102600823864,0.572419336069702,E02006549
-0.03874313646330684,-0.28972373735843376,1.2022150818973278,E02006550
-1.3130172072265096,0.03475365245776169,0.9147644678994153,E02006551
0.8033154339659493,-0.14062471056621526,0.8848927543635526,E02006552
-0.48048065689356967,-1.0225377918784035,0.7972045209262153,E02006553
-0.9757634725929376,-0.5687286782054439,0.6281330330895342,E02006554
1.0722598081523085,-0.0595904252584134,0.7273705656526489,E02006555
-1.3268206272887393,-0.230426876540988,1.0568870791292728,E02006556
1.3377454209467783,0.1785763193562129,0.4524596743072029,E02006557
0.6660561265834922,-0.11032401678409627,1.2762606159760443,E02006558
-1.3794255532419735,-0.14159233431879917,1.140445319353506,E02006559
-0.43788717651833997,-1.2212014598205163,0.695844754918203,E02006560
-2.2622584216085424,-0.5827076944612869,-1.3731130457148988,E02006561
-2.387063322327475,-0.8471582082669988,-1.2477695973138536,E02006562
-2.4763073264424427,-0.8821161720974424,-1.7463913710561043,E02006563
-1.1723972052486693,-0.6649236704053968,-0.9593494664858372,E02006564
-1.8943769759582303,-1.1938029685044718,-1.4791869019565815,E02006565
-2.0915340380931395,-0.7138910245063704,-1.582964929066293,E02006566
-2.1540568640741578,-0.7808561112223814,-1.253962086590195,E02006567
0.16703053694493672,0.5819612750231311,-0.2801936168257009,E02006568
-2.3914872872393023,-0.14416968099708535,-0.5998171377466786,E02006569
-0.8654459271457087,0.8612173352291147,0.09380677922539753,E02006570
-2.219850933312917,-0.0022499109598787385,-0.4652058542630047,E02006571
-0.7848210884918388,-0.48507362202651727,-1.1473768908288093,E02006572
-1.3944019290551843,-0.906856119124793,-0.3929689017720495,E02006573
-0.20490366061426304,-0.9836780231747961,0.6931264601120564,E02006574
0.8359694765403464,-0.5978349894080998,-0.6351697000676516,E02006575
-1.9413843168255387,0.14893585810400128,0.19033339380602407,E02006576
0.9261350711814145,0.3580598165120852,-0.07371078311387298,E02006577
-0.012359629104298659,0.011549875099860774,-0.06817531906617123,E02006578
-0.5067916767616705,0.42613279262512815,0.28545697501535205,E02006579
-0.1310790888018348,0.22461185695655858,0.4886358565328512,E02006580
0.2190347330005806,0.5857468843044055,0.2546955274101153,E02006581
-2.530044751777381,1.1413886558021393,0.6495214145360872,E02006582
-0.9201626100911179,0.31972050479527236,0.39506568914618984,E02006583
1.6970694935272106,0.3892472334178166,-0.13750610250875536,E02006584
0.5368401645138711,-0.08131658280318488,0.02949127130279405,E02006585
1.2564877321795545,0.29534642192735594,0.47569375633581684,E02006586
1.6522654186822534,0.49851722988146535,-0.3239424225353006,E02006587
-1.4176986341750082,-0.7142664428542989,-1.1095798778939052,E02006588
-2.3158059432812306,0.33874478759936183,0.25223095571770243,E02006589
-1.757898168875343,-0.1229441028819769,-0.676657402517001,E02006590
-1.4151255724038105,0.8159553287241021,0.5542747110670544,E02006591
-2.2923291771525256,-0.6047909027333789,-1.0794450603996892,E02006592
-0.5404431852485464,0.832156412013689,-0.06433403088164417,E02006593
-1.4921510558915987,0.22963088351510477,0.2931958687515384,E02006594
-2.8635943170597407,-0.35259013139784895,-0.7675943215464844,E02006595
-1.8183940252827318,0.30795141697501854,0.5559681518496927,E02006596
-1.8065956940556047,-0.7454765267012998,-0.9500932561639267,E02006597
-2.378210904288109,-0.8339881015993466,-0.913952876060877,E02006598
-2.8177194571246402,-0.41885313573458277,-0.619752999679746,E02006599
-1.1057768969567172,-0.7221437296017239,-1.0632762128916828,E02006600
-1.5544230696435934,-0.6675696911173682,-1.0282439086877977,E02006601
-2.2782015446256283,-0.7781442029235361,-0.7958053697787025,E02006602
-2.287931097841231,-0.46295467335845414,-0.375816102483577,E02006603
-0.7333507504462468,0.5644836570113405,0.38766212443390397,E02006604
-2.0655904588512115,-0.6700648890971158,-0.2732918466959748,E02006605
-2.26447032086093,0.03202194726362902,0.34540197124468897,E02006606
-2.5447042949188625,-0.2513606625621337,-0.05858921916190328,E02006607
-2.226436059444772,-0.34876053099551296,-0.011233809875135099,E02006608
-2.455196760135026,-0.6048817315194998,-1.2323149211678763,E02006609
-2.577928485425845,-0.521649443743059,-1.3256478863881294,E02006610
-2.6808507003273263,1.017760519061718,0.12369463520605196,E02006611
-2.2789169973294685,1.2041164813915006,0.20091885017392777,E02006612
-0.5422569750078826,0.8187531220493767,0.0414693666170544,E02006613
-2.2884249720189374,0.28566655698778554,-0.8414059314165694,E02006614
-1.5868186551633525,0.4802027229292228,0.9349473242313497,E02006615
-1.3622428191927944,0.13964844347148403,0.8262641126525531,E02006616
-0.3929467731372111,0.2972172172812189,0.46705139273903845,E02006617
-2.2517825384022094,0.261513306914363,0.7757851244722402,E02006618
-2.161335687267685,-0.5112164883112662,-1.3061638764874213,E02006619
-2.288531639196635,0.17866152335360738,-0.16458849999877345,E02006620
-1.7386844710311746,-0.23636764396839863,0.7223976186849356,E02006621
-0.7728221702840737,0.18790544536212164,0.9952414163134081,E02006622
0.4513599356905866,0.07610140374315666,0.8211024882413095,E02006623
-2.1868630187104205,-0.021268418593330105,0.533133557156574,E02006624
-0.8823424113350694,0.11633773528501813,1.2346856938283108,E02006625
0.9161293803938845,-0.118931133001784,-0.22612882165056533,E02006626
-0.5239648043228812,0.11102351136790352,0.9286713631945371,E02006627
-0.10912440631128706,0.7818526164803749,0.867346745819298,E02006628
0.338629529901314,0.26535677355658416,0.5329837590652563,E02006629
0.01433406900943369,0.8923479094576275,0.7703192303154586,E02006630
0.1407252098647552,0.7815295122094208,0.7528679734844488,E02006631
-1.5904056290267599,0.7212079234204424,1.002931396577385,E02006632
-1.293776554218348,-0.00258560421140967,0.8848257485044333,E02006633
-2.220271466462761,-1.2597895106186707,-1.666354208040656,E02006634
-0.8850639014442019,0.2391233286131238,-0.3041184511373448,E02006635
-1.5368023222473395,-1.2498252159370602,-1.5697580187647078,E02006636
-0.502278183760303,-0.40025298029425255,-0.00960004132587231,E02006637
0.5054713482542863,-0.034771721871122756,-0.4685601134765308,E02006638
-1.2956866361591497,-1.2694591033940805,-1.1291633039013884,E02006639
-2.0990260491043884,-1.3443740550265406,-1.6588929564715784,E02006640
-1.6594916768017824,-1.3473700643446573,-1.2729181824651152,E02006641
-2.046851085391493,-1.373684124098131,-1.6462624932988086,E02006642
-0.6097503306062664,-0.7865848823252256,-0.42210905087025774,E02006643
-1.823648360936252,-0.9935791350197616,-0.9414538362591643,E02006644
-1.8005983344315355,-0.5755138063781563,-0.9974109734669254,E02006645
-1.6480878300409636,-1.155656547551348,-0.6217961216549834,E02006646
-2.7384633006683385,-1.1120401129413016,-1.174630717678493,E02006647
-2.5105218526604625,-0.9398335297891272,-1.2847374203248643,E02006648
-0.013356351601311617,0.1822031007225335,0.5174185034311326,E02006649
-2.0800192217179414,-1.0679103639647212,-0.5174268045093968,E02006650
-2.596988358373025,-0.8770431536868221,-1.30643499883939,E02006651
-0.9575335985217412,0.3829978626740848,0.5120611953914912,E02006652
-0.7522936625907587,0.21896439708615492,0.7710833525963374,E02006653
0.5977399122581839,0.142987706854272,-0.043496899572839906,E02006654
-2.3996501472141625,-1.250895636186927,-1.2603015629965222,E02006655
-1.3898459488086596,-0.06822038477446747,0.5006009572419043,E02006656
0.08212409398361079,0.07207746820952653,0.4966781693800521,E02006657
-0.7010213083377868,-0.04848217446556192,0.6569368132380337,E02006658
-2.091281851497566,-0.546710509336401,-0.7350269382907323,E02006659
-1.147433062335353,-0.5893728662957642,-0.6846654707376726,E02006660
-2.1257395227387694,-1.2197169285523999,-1.0905713050129249,E02006661
-0.6946945877407599,-0.551736145931351,0.11723736324628604,E02006662
-0.52942914836856,-0.8284307328888391,-0.4245115021116517,E02006663
-2.2711901502763268,-1.3493145183803068,-1.1554037185923456,E02006664
-1.2898535781077385,-1.7859311039972519,-1.238434192393343,E02006665
-1.214374751935171,0.35705597183942417,0.1687357581002265,E02006666
1.8140763087983998,-0.1473785469771582,-0.7496938006444482,E02006667
-1.0429341084861312,-0.0399401725341865,-0.10808465588114706,E02006668
-1.594266174672531,-1.4817452977705148,-1.540261250514465,E02006669
-0.9980102721399039,0.33061283327390323,0.5837156127742426,E02006670
-1.1633798824736823,0.591157757273492,0.41810444004011105,E02006671
-1.839974252765245,-1.1282855585860738,-1.00454651145274,E02006672
-0.8144799547315001,0.6316131920295058,-0.11539979889767135,E02006673
-0.6789367307906589,0.7331142664213978,-0.21933653089972402,E02006674
-2.7411773499371077,-0.8343231409342581,-1.0411913377292388,E02006675
-1.5910764188713553,-1.3503955951170887,-1.5127081727980107,E02006676
-2.2311921615399184,-0.9861594442900119,-0.7971754311348788,E02006677
0.5159103791645269,-0.5918978541199182,1.017913055440752,E02006678
-1.4470497589936513,-1.147195905429354,-0.423026052495757,E02006679
0.3437440099686507,-0.3768308906758906,0.7187038920502682,E02006680
-2.4957108927852483,-0.35930609293568716,-1.0852968590284768,E02006681
-1.6455704393762463,0.5476629945802828,-0.4073669430042144,E02006682
-1.3732951674395864,-0.4714624983304354,-0.12872012935517296,E02006683
0.6544484858995565,-0.2553969110335684,0.5391183275753746,E02006684
-0.7571506648939714,-0.05658950090425381,0.8436648537904732,E02006685
0.9851343129704941,-0.24307695860615938,0.3240101687394213,E02006686
0.6220086782983594,-0.08928709538915756,0.7382171283258239,E02006687
-0.07271786360577041,-0.243010878785481,1.2376292867136158,E02006688
-1.8686140417762787,-1.2708069753879618,-0.5720920455638094,E02006689
-1.5825621909308294,-1.4718276853089987,-0.8113181453235752,E02006690
0.11506762330008952,-0.4807956223534566,0.668883362093536,E02006691
-0.6358561143375651,-0.9310408413198953,-0.08405867223108734,E02006692
-0.5359971448261134,-1.0522322739202492,0.2136347403655245,E02006693
-0.3285707922382046,-0.3326166238811596,0.6919021671870417,E02006694
-2.2104474563525045,-1.632363665782087,-1.4888166665777363,E02006695
-2.6578663087655285,0.15232558570768281,-0.04710535210944838,E02006696
-1.958013681639511,-1.1355677665426098,-0.73154059984318,E02006697
-0.6316396123951006,-0.8024783966931446,0.7905191467278141,E02006698
-0.5852568309811951,-0.19494480764240182,0.7240263687491553,E02006699
-1.6113250467114588,-1.1793966018637652,0.24052132484497535,E02006700
-2.806491334137574,0.142088240553073,-0.18036529813239516,E02006701
0.11500717065772637,-0.23446014984875532,0.37902568426416755,E02006702
-2.0259002278313236,-0.3168203249989062,0.2299334900454933,E02006703
-1.6572615174513194,-1.0219361965128564,-0.5686288842942081,E02006704
-0.20327254686869212,0.019225554511701076,0.6118815162845965,E02006705
0.046703067547364224,-0.20655214619713197,0.43672249012142933,E02006706
-2.2843081495618325,0.5889710530435669,0.6262057351261333,E02006707
1.0559023687338325,0.2825664182927304,0.0228755753412535,E02006708
-1.643915631812802,-1.1127954504158761,-0.4100057111591014,E02006709
-1.2583736173451472,-1.7796659073676064,-1.1323612965046346,E02006710
-1.8365513449566881,-1.3563283935837613,-1.0642081202838185,E02006711
-1.9501943694014432,-1.1296792567385745,-0.8725578271997324,E02006712
-0.2891272189389824,-0.1274041599942204,0.025882510424442007,E02006713
-1.7791661983306466,-1.1807915836869396,-0.9359826122737092,E02006714
-1.0025258153663417,-0.08109910925630497,-0.1351574298805207,E02006715
2.570155205901094,0.19297451379023173,-0.9221812888786681,E02006716
-1.6050772116411234,-1.3309814529766815,-0.7211339994433128,E02006717
-0.3591255722007611,-0.03522502501846842,-0.0315118453567496,E02006718
-1.944764457281477,0.05794240426462592,-0.27612416550679886,E02006719
-1.325523770470051,-1.4540466318047993,-1.1664960648936424,E02006720
-1.1833778330498335,-0.3188154640146037,0.5791686310289458,E02006721
2.6512200645713553,-0.1320776403134982,-0.10337623058923238,E02006722
1.803812938699798,0.1220446118916862,-0.30375702621882317,E02006723
2.494353203784051,-0.2869795777114822,0.040292673731310825,E02006724
1.3538987862325056,-0.013461174284903878,0.1278741931326559,E02006725
0.48456174225634174,-0.4245663598959046,0.6435462716593293,E02006726
-0.35558902508949525,-0.7912231179158845,0.9230991908257016,E02006727
-1.2315206686292988,-0.21332633977950347,0.6428249179127001,E02006728
0.2387368412993629,-0.6277349894290412,0.6760095182821598,E02006729
2.8672700800347255,-0.29129517052973086,0.03207619342284862,E02006730
0.585750673399478,-0.0445659212779258,0.1568112926407935,E02006731
-0.9923834601010624,-0.13347831269538832,1.1691315299086689,E02006732
-1.5723841376658045,-0.8745193426744714,-0.43666925670070617,E02006733
-1.670185472536067,0.04359637442776524,0.6271849899203139,E02006734
4.65597630667956,0.3017450588642972,-0.7762284958052966,E02006735
-1.6718849424932554,0.1705689364744676,0.5453710191246013,E02006736
-0.32288626610420745,0.051129433088785405,0.8672053625347707,E02006737
2.990126987949097,-0.1315836470313039,0.08653865958583529,E02006738
-0.7805915577436409,-0.36059540150975566,1.3129837830025752,E02006739
-0.38908421804198867,0.8319844029664067,0.2512204074687897,E02006740
-2.029209059840396,0.5316263063752239,0.570736249413746,E02006741
1.2997791406614996,-0.0882919516602903,0.5008431392210673,E02006742
1.203204389456399,-0.28680484274051987,0.3881843706491626,E02006743
0.5879582869469163,0.6489714282982084,0.2637677849109078,E02006744
-0.9887477746850298,-0.3924166486168058,0.8273098497641036,E02006745
-1.0347105147648552,0.29695215253748586,0.5524902853385836,E02006746
-1.8773651499971353,0.2443654931783912,0.965131971248188,E02006747
-1.4465093888815035,-1.5126507577528139,-0.863409467002467,E02006748
1.988288892360168,-0.2287150557113893,-0.33718523041490894,E02006749
-0.05315585745552508,-0.037407275686410765,0.28873762574738193,E02006750
0.5856077703283092,0.05475829369158773,0.3523625287306687,E02006751
-1.814632686314346,0.44500977883247456,0.7248489855774307,E02006752
-1.6803951446901362,-1.0221404853624398,-0.7515008718338526,E02006753
-2.5275845408355435,-1.0368734152870065,-1.2704143559226106,E02006754
-2.497377287258569,-1.2567848137511362,-0.9467829301200914,E02006755
-2.0087150581430295,-1.004720285291195,-0.6779435208616054,E02006756
-1.705495733326776,-1.2630056135752459,-0.9246055714826839,E02006757
-0.8737676537934392,-1.3757416797688213,-0.8190652285667449,E02006758
0.10190459554707104,-0.7852756622397277,-0.2805444835996466,E02006759
-0.6944672164610872,-1.3403202759753756,-0.4775998538536122,E02006760
1.4921663431426038,-0.4199436740273348,0.23200395604592663,E02006761
-0.6964632923079899,-0.9460298932635961,0.37065546856667037,E02006762
-0.6167172271494586,-0.687697638098155,0.7082420843901277,E02006763
0.7120630821316035,-0.34074943140195796,0.4930213606820225,E02006764
-1.1876040977226803,-1.362866219627163,-0.7848605360653694,E02006765
-2.2463230096607947,-1.0178308801718434,-1.0117796622885764,E02006766
-1.0706695923042144,-1.29855628868706,-0.9010154405670331,E02006767
0.1423955559830762,-0.7799058492076358,1.4016739121162816,E02006768
-0.770291061177264,-0.3307529359210385,1.4043336152087835,E02006769
2.624550693182421,-0.19689970069509247,0.04518547431420498,E02006770
-0.7275921889381544,-1.30820602542215,-0.5800951563951595,E02006771
0.48442053434241233,-0.25870015168485727,0.6781793421728645,E02006772
0.9628396438932968,-0.26837700355463434,0.43339875165721814,E02006773
0.666616984092516,-0.3293811295688064,0.9624891155085917,E02006774
4.049142750771271,-0.4551405750986309,-0.8318927344425181,E02006775
-0.5448141932157684,-0.17601714503241933,0.618279923837823,E02006776
-1.2779135504701584,-1.2374898888892385,-0.5181717993586955,E02006777
-0.1731538248775194,-1.0510441251722018,0.903991597250336,E02006778
-0.22771816526647393,-0.6647792829023761,0.6479752953871053,E02006779
1.123873433644148,-0.6012426873927627,0.39844732336562727,E02006780
-1.711185871756236,-1.0341854505872607,-1.0423891895105462,E02006781
-0.12753156481468625,0.7020790492880179,-0.059683130672592996,E02006782
2.502256130314772,1.103444366231145,-0.4982451790625738,E02006783
2.177277879824165,0.9962316599983683,-0.6398407893048975,E02006784
0.17804621865396061,0.2128284465704622,0.7733842709100648,E02006785
1.2425260673304759,0.9740982194263171,-0.1475458753099503,E02006786
-1.5710779816563278,1.2772662889683144,0.440513360392829,E02006787
1.2387482023554128,0.9909637876409535,-0.313932188735702,E02006788
-1.6673791473901314,-0.830297315229789,-0.14815042063678516,E02006789
-1.5128174023600103,-0.7748269762244138,-0.5493733937416551,E02006790
-2.1808985535814065,2.9278629541538046,-0.2623523471410119,E02006791
-2.6841850956984503,2.7953379412236607,-0.4475220723858709,E02006792
3.0046187431590496,1.222411926644059,-0.5599777118482561,E02006793
3.7777705598981766,1.497441930829055,-0.8409348291621135,E02006794
-1.3983205012037276,1.195888806273611,1.05616905670947,E02006795
-0.886432630323104,0.2482981687961576,0.336609388291677,E02006796
2.3100044035772695,1.9505356187966119,-1.1015980782006305,E02006798
2.216034210514787,1.0044090645539854,-0.10006614898362631,E02006799
0.27244488599099403,1.0410890621081517,0.7700827145796776,E02006800
-0.5582929691189894,2.7975294747896293,-1.2991222066636934,E02006801
1.2324963323739144,2.5660860572815247,-1.269128198817998,E02006802
-1.1585980830625005,-0.3822496211321924,0.6637711422237444,E02006803
1.1102566941057792,-0.7269993319740401,-0.6576481523844276,E02006804
2.294244450553231,-0.16272747323384132,0.8114911045521777,E02006805
0.7245710679464673,-1.0560755402359445,0.7740361632253546,E02006806
-0.5116956250709889,0.16096035900130307,1.323786295931353,E02006807
-0.7374555798472203,-0.012713142870332721,1.2528421620112202,E02006808
-0.3503956458950745,0.09178388078579434,0.7944221109201307,E02006809
1.2163793132930258,-0.28445110335468565,0.39242706403157956,E02006810
-1.5232458903736454,-0.17532225085508116,0.3729280496916035,E02006811
1.7990998700614036,-0.4612524057207883,0.15497903140784836,E02006812
2.5435442266847152,-0.30355755924309974,-0.07688941992941949,E02006813
-0.12042752147960813,-0.4293863329353411,1.210538515998103,E02006814
2.92144020281932,-0.22714021929725542,0.06876921516291018,E02006815
-1.84750312404575,-0.8614364710497129,-0.12049697616313211,E02006816
0.17948502500449035,0.20685855661110644,0.598759709114539,E02006817
-0.7530387619301303,-0.3278214138044112,1.5796418049430012,E02006818
4.236645053699639,-0.014427350405534336,-0.6261482147158434,E02006819
-0.7229309553908598,-0.5804297405744792,0.9377857466810239,E02006820
-1.8077888137508866,0.09453310659984976,0.5535072548840122,E02006821
-0.5850084201685586,-0.21012572847808592,0.6158485345347268,E02006822
-2.829455212640164,0.10780190265702304,-0.7592889787790643,E02006823
-2.1197425404953134,0.4127579289319583,0.5632014622725284,E02006824
-2.09484209579823,-1.0964772439896497,-1.0935798875014255,E02006825
-0.3292129010965553,-0.42493664534327086,-0.024994810938593057,E02006826
1.9702145789723866,-1.3029210518675682,-0.4664603936549399,E02006827
-0.46970610360407755,-0.3706060872475033,1.2952593396644185,E02006828
-2.4094293670874287,-0.23415367531664405,-0.279695714940707,E02006829
1.6640986195185228,0.4192945170444807,-0.022301533640930002,E02006830
-1.4229748189014528,0.13576356473912346,1.0403634015012537,E02006831
-1.3853007065442888,-0.254141277149195,0.2276394531212077,E02006832
-1.4294346176809953,-0.5424404665394456,-0.9898025995926163,E02006833
4.134290902632944,0.18075521287054588,-0.37990254647045113,E02006834
-0.05403944902483499,-0.8402871306686361,-0.04558127436303312,E02006835
-2.8013060855918037,1.199728689517103,0.294655164171176,E02006836
-2.5587411638778454,0.7761475034558539,0.01623228379735805,E02006837
-2.5976667223413856,0.22713938987442217,-0.28666970127446617,E02006838
-2.7902156459427436,0.018476176430190547,-1.0196908484206317,E02006839
-0.3486640442964159,-0.541399797118843,0.687967190288468,E02006840
1.6413630174878626,0.9708875264297839,-1.1052055191137033,E02006841
1.256207816587315,0.5192397717657187,0.6179318261474855,E02006842
0.5600663363602669,-0.24302017677876406,1.3589677646029195,E02006843
2.2707244532774107,-0.10698363507962087,0.8505235365730364,E02006844
-0.8739851978833926,-0.9955266568393445,0.3317363848686692,E02006845
-0.5237777758743097,-0.3298390733350249,0.6597786236179742,E02006846
-1.8613408011442614,0.5164808654739741,0.8567957725883812,E02006847
-1.552961497127025,0.9057464521424715,0.8855389294871235,E02006848
-1.812717025278803,0.3754775163097192,0.868976140126778,E02006849
2.8012374549794696,0.5174395711351015,0.019759575518162778,E02006850
1.2573044515238472,0.5732389299448714,0.1494643025710578,E02006851
-2.416425094311368,1.2516432285940378,0.20745389600619718,E02006852
0.05648686527477217,2.8451621045309214,-0.7076986961600953,E02006853
-2.253238599988723,2.84052313087305,-0.5652908384175706,E02006854
-0.2508601251435365,0.8137500250220786,-0.4271881487737565,E02006855
-0.84684812660649,1.0418530950766025,0.3291483995712362,E02006856
-0.014249606735516085,-0.2998970595141243,0.7219414021788416,E02006857
-0.8112104603231284,0.580141364832316,0.8540718118619293,E02006858
-2.140073698571214,1.09472247431536,0.9099118827566295,E02006859
3.086514996984685,-0.22651657277939088,0.9977673161577577,E02006860
0.1829951162418804,0.5538431420804947,0.9217681993767324,E02006861
0.3437495835774968,-0.5818001469028223,0.6223407924994345,E02006862
-0.49158299580647674,-0.21605597724310635,1.1505283046029569,E02006863
-0.8357071201001963,-1.838681530361756,0.22212781857911384,E02006864
-0.6450444766611702,-1.6714673955049095,1.0360636144584883,E02006865
-0.32089134184388446,-0.6771194391831827,0.703987417039452,E02006866
-0.7134574982968792,-1.2094080996906134,1.1303387850822744,E02006867
2.7518831039744005,0.2944277393208286,-0.5994272153401248,E02006868
1.5589063669606777,-0.5555439578729049,0.44381251431389346,E02006869
0.049759719483806066,-1.2235275032959732,-0.19684778486427065,E02006870
0.37001538812106,-0.4321520687264949,0.9222069254839089,E02006871
-1.3703105606711075,-1.8857937691404991,-0.9593272810779269,E02006872
-2.407464583967272,1.3315372135734664,-0.8929405487559151,E02006873
-2.442992573910181,-0.19641193683663846,-1.7859652452903927,E02006874
-2.244287157006401,1.8556046593282536,-0.19720195121941503,E02006875
0.5808241590211393,0.45961803999047257,-0.7408521538897441,E02006876
-0.8275243532317981,0.04981476957054966,-0.15775575080633952,E02006877
-0.8144832141663053,0.1283012253528356,-0.5133779944883814,E02006878
3.3053121585783116,0.7721591645859317,0.44908548075704025,E02006879
0.4803478420686429,0.494263121315161,0.8141743332416727,E02006880
1.4393304209820543,-0.4151130957041617,0.7312276410356243,E02006881
-1.1662263328969722,0.9301339777189929,0.9991835680550635,E02006882
-0.34575842073563096,0.8206022216956155,0.6862111022421458,E02006883
1.0324262622368927,-0.7935729646065594,-0.18796505491464138,E02006884
-1.0972487950231038,0.7794633898093988,0.7506208011652208,E02006885
-2.8161128405484304,-0.4061679158483521,-1.80928667671581,E02006886
1.8775064123339311,1.2802548702535845,-1.192830935370995,E02006887
3.8143707115703767,1.1975214608822966,-0.40216680550831035,E02006888
5.264670672074627,0.7416862385395266,-1.5915756377408399,E02006889
1.3223064273175107,1.1089930265191852,0.3965834775468444,E02006890
-1.472284874592535,-1.6576373053355637,-0.35538553238677417,E02006891
0.5168592449648137,-0.2956335520252329,0.9189407615952719,E02006892
-0.11744780158790605,-0.4597950499824676,1.1516567962223832,E02006893
3.699143538032752,-0.06202529798128793,0.019765700008229727,E02006894
2.5366624004086513,1.3324571046951235,-0.7375221897590858,E02006895
1.4856117644855151,1.332214996950744,-0.7272772091370816,E02006896
3.9868114216400823,1.7413582326035146,-1.380730285069141,E02006897
0.33441298520039275,2.0501473264306624,-0.7818836220918579,E02006898
-1.6347350832284928,2.295333973080237,-0.44339025199260834,E02006899
4.602677763877646,-0.0009224710276493665,0.47974147552996316,E02006900
2.8768606647384285,-0.45080395628653896,1.266880347826046,E02006901
-0.2358376156758806,1.7860563571501265,-0.7893823217900028,E02006902
0.9438728774414082,-0.3137410739954455,0.6695803009098396,E02006903
0.3459736017169723,1.056943325460274,-0.3562936071379154,E02006904
2.697185856427709,0.46218918223608385,-0.7782841944979431,E02006905
-1.1205017728894764,-0.8485811407287095,0.31545175711292656,E02006906
-0.4302686827471662,1.4297760627922063,-0.7209583951960962,E02006907
0.6059388010506093,1.2510283451430062,-0.6244842955378312,E02006908
-1.4444397551622605,-1.2350526818697096,-0.201467157089323,E02006909
2.5590052739890705,-0.7173703524343985,0.027764513778206542,E02006910
-1.407227437481012,0.08360975879756892,0.9412123003302376,E02006911
-1.1390294354080037,1.2486247663611996,0.42836029897864913,E02006912
2.0341792971490156,0.7105862184159953,-0.48268551829418893,E02006913
0.6788940667586337,0.8109867819114879,0.5712463880436478,E02006914
3.807292345096216,0.5313240359445001,-0.8814798566195376,E02006915
0.6231821201336875,2.334547806791546,-0.9190370739119018,E02006916
-2.8762985370014236,2.4317904239206376,-0.05881584212436646,E02006917
2.4787320366500847,2.259430402473422,-0.9232171306134982,E02006918
-0.03161642504512945,-0.73996299361419,0.9265654228945427,E02006919
0.17090443795936344,-0.8020072092119599,0.5130088669841774,E02006920
3.1078793146605785,1.8497076328976938,-0.7777887752214272,E02006921
-0.15612007441498893,-0.11308037380374757,0.6940684159244391,E02006922
-0.7352795374160249,1.1230980739778436,0.6025210925403454,E02006924
-1.291253036914842,1.0613840322865309,0.7336760774621303,E02006925
-1.5739596046600648,0.49296712726295966,0.8972880974911307,E02006926
-0.12056392950748636,1.4917321932138456,-0.7299110244787196,E02006927
0.5153802224077518,2.5865022146689682,-0.8900258327037449,E02006928
-0.3859529263930173,2.2462787672399003,-1.6566418745048996,E02006929
-1.6538709481491822,2.7327124777900176,-0.5913357655990845,E02006930
-1.2326766253999346,2.6430701392542635,-1.2828656771564946,E02006931
0.6226171843730396,0.12064781890517888,0.8638578265229251,E02006932
-0.2295945583665874,1.1909271627987932,-0.30791804836760206,E02006933
-1.2156162168449496,1.2046896481537306,0.2874191335715922,E02006934
